block_group,buildings,mean_surge_ft,share_surge_exposed,lon,lat,policies,policies_sfha,claims,claims_sfha,mean_damage_ratio,damage_claims,mean_payout_usd,claim_rate,claim_rate_sfha,claim_rate_non_sfha,take_up,block
120710003031,386,0.5129533678756477,0.27461139896373055,-81.82965520514395,26.672529544131468,42.0,35.0,29.0,28.0,0.49015950538582603,24.0,149334.7982758621,0.6904761904761905,0.8,0.14285714285714285,0.10880829015544041,"267,-818"
120710003032,295,0.0,0.0,-81.83378137541717,26.667147529262685,8.0,0.0,0.0,0.0,,0.0,,0.0,,0.0,0.02711864406779661,"267,-818"
120710003033,564,0.9397163120567376,0.29432624113475175,-81.82081394346137,26.67685708124821,60.0,52.0,46.0,46.0,0.5525119158369861,41.0,126008.20543478262,0.7666666666666667,0.8846153846153846,0.0,0.10638297872340426,"267,-818"
120710003041,322,0.6925465838509317,0.4906832298136646,-81.84653223522096,26.660346632767258,495.0,483.0,44.0,39.0,0.22486963804040627,37.0,68142.91818181818,0.08888888888888889,0.08074534161490683,0.4166666666666667,1.5372670807453417,"267,-818"
120710003051,369,0.5772357723577236,0.24390243902439024,-81.84244679558599,26.656894023731862,25.0,24.0,11.0,11.0,0.4168444999505443,10.0,148479.0390909091,0.44,0.4583333333333333,0.0,0.06775067750677506,"267,-818"
120710003052,475,0.08105263157894736,0.09052631578947369,-81.83266738522006,26.660894893490276,55.0,53.0,0.0,0.0,,0.0,,0.0,0.0,0.0,0.11578947368421053,"267,-818"
120710003061,606,0.0,0.0,-81.82318234039465,26.66618634365668,58.0,58.0,1.0,1.0,0.0,1.0,0.0,0.017241379310344827,0.017241379310344827,,0.09570957095709572,"267,-818"
120710003062,408,0.0,0.0,-81.81680665023316,26.668743210227397,12.0,12.0,1.0,1.0,0.2707229942154484,1.0,62982.46,0.08333333333333333,0.08333333333333333,,0.029411764705882353,"267,-818"
120710004011,501,1.1187624750499001,0.37325349301397204,-81.81173317291771,26.68103504083261,52.0,50.0,44.0,44.0,0.6995830565545897,37.0,106540.83886363637,0.8461538461538461,0.88,0.0,0.10379241516966067,"267,-818"
120710004012,456,1.0646929824561404,0.38377192982456143,-81.80413602969999,26.68640664869027,75.0,66.0,62.0,60.0,0.5840629750422491,54.0,148114.04499999998,0.8266666666666667,0.9090909090909091,0.2222222222222222,0.16447368421052633,"267,-818"
120710004013,309,0.0,0.0,-81.80744288385125,26.676509880687636,1.0,0.0,0.0,0.0,,0.0,,0.0,,0.0,0.003236245954692557,"267,-818"
120710004021,489,1.270961145194274,0.4560327198364008,-81.79065625523137,26.68495647641236,48.0,36.0,30.0,30.0,0.4425317168617032,27.0,112588.95099999999,0.625,0.8333333333333334,0.0,0.09815950920245399,"267,-818"
120710004022,815,0.0,0.0,-81.79464576744019,26.674825168907173,52.0,0.0,0.0,0.0,,0.0,,0.0,,0.0,0.0638036809815951,"267,-818"
120710005021,214,0.0,0.0,-81.85529348151913,26.642199171639543,2.0,0.0,0.0,0.0,,0.0,,0.0,,0.0,0.009345794392523364,"266,-819"
120710005022,339,0.0,0.0,-81.84976663173542,26.643527316064024,7.0,2.0,0.0,0.0,,0.0,,0.0,0.0,0.0,0.02064896755162242,"266,-818"
120710005023,338,0.0,0.0,-81.84360517825957,26.64373425176416,3.0,0.0,0.0,0.0,,0.0,,0.0,,0.0,0.008875739644970414,"266,-818"
120710005024,251,0.0,0.0,-81.83450811138762,26.64483620818544,1.0,0.0,0.0,0.0,,0.0,,0.0,,0.0,0.00398406374501992,"266,-818"
120710005031,246,0.5873983739837398,0.5,-81.84400352016314,26.65057809832403,29.0,24.0,18.0,18.0,0.31666657847483853,16.0,39008.73055555556,0.6206896551724138,0.75,0.0,0.11788617886178862,"267,-818"
120710005032,489,0.08793456032719836,0.08997955010224949,-81.83388962418088,26.652395986834197,46.0,44.0,3.0,3.0,0.2568017881360211,3.0,38402.12333333334,0.06521739130434782,0.06818181818181818,0.0,0.09406952965235174,"267,-818"
120710005033,781,0.0006402048655569782,0.0012804097311139564,-81.81923118839529,26.657677113749255,82.0,70.0,7.0,7.0,0.21101238550258725,3.0,13778.27,0.08536585365853659,0.1,0.0,0.10499359795134443,"267,-818"
120710005041,509,0.0,0.0,-81.80843761349063,26.663905764722564,25.0,21.0,0.0,0.0,,0.0,,0.0,0.0,0.0,0.04911591355599214,"267,-818"
120710005042,1211,0.0,0.0,-81.81253705895016,26.651508425658815,3.0,0.0,0.0,0.0,,0.0,,0.0,,0.0,0.002477291494632535,"267,-818"
120710006001,304,0.0,0.0,-81.85437322664775,26.633302974401147,13.0,9.0,0.0,0.0,,0.0,,0.0,0.0,0.0,0.04276315789473684,"266,-819"
120710006002,371,0.0,0.0,-81.85179485390204,26.636137606879146,4.0,0.0,1.0,0.0,,0.0,0.0,0.25,,0.25,0.01078167115902965,"266,-819"
120710006003,554,0.0,0.0,-81.84504758041315,26.632409488148735,31.0,30.0,4.0,4.0,0.08538557721057925,1.0,1891.39,0.12903225806451613,0.13333333333333333,0.0,0.05595667870036101,"266,-818"
120710006004,618,0.0,0.0,-81.83581764460565,26.635016080067818,3.0,0.0,0.0,0.0,,0.0,,0.0,,0.0,0.0048543689320388345,"266,-818"
120710007001,275,0.0,0.0,-81.86800474178166,26.62797543422398,4.0,0.0,1.0,0.0,,0.0,0.0,0.25,,0.25,0.014545454545454545,"266,-819"
120710007002,324,0.0,0.0,-81.86839636119068,26.633411386606152,4.0,0.0,0.0,0.0,,0.0,,0.0,,0.0,0.012345679012345678,"266,-819"
120710007003,289,0.0,0.0,-81.86263426147868,26.632615896191815,1.0,0.0,0.0,0.0,,0.0,,0.0,,0.0,0.0034602076124567475,"266,-819"
120710008001,267,0.1760299625468165,0.12734082397003746,-81.87786411163238,26.631182234988337,55.0,28.0,21.0,19.0,0.2743006720529466,18.0,86827.5580952381,0.38181818181818183,0.6785714285714286,0.07407407407407407,0.20599250936329588,"266,-819"
120710008002,293,0.7559726962457338,0.3720136518771331,-81.87574408099886,26.637430215735055,632.0,628.0,23.0,23.0,0.09183727470239818,17.0,208411.702173913,0.03639240506329114,0.03662420382165605,0.0,2.156996587030717,"266,-819"
120710009001,466,0.6384120171673819,0.37553648068669526,-81.88640332866999,26.619227485232205,194.0,142.0,96.0,93.0,0.3143884469307425,89.0,127629.6025,0.4948453608247423,0.6549295774647887,0.057692307692307696,0.41630901287553645,"266,-819"
120710009002,613,0.3931484502446982,0.25774877650897227,-81.89026495879071,26.604635944013847,235.0,146.0,78.0,76.0,0.29100406774503734,59.0,117739.67064102564,0.33191489361702126,0.5205479452054794,0.02247191011235955,0.3833605220228385,"266,-819"
120710009003,407,0.6351351351351351,0.4004914004914005,-81.89617053232291,26.587662437247133,224.0,184.0,111.0,110.0,0.3762539716420572,100.0,135068.59846846847,0.4955357142857143,0.5978260869565217,0.025,0.5503685503685504,"266,-819"
120710010011,682,0.0,0.0,-81.88057719427407,26.60041435461628,83.0,0.0,1.0,0.0,0.07024825147951733,1.0,9808.88,0.012048192771084338,,0.012048192771084338,0.1217008797653959,"266,-819"
120710010012,713,0.0,0.0,-81.87874249275252,26.606999879205258,68.0,0.0,0.0,0.0,,0.0,,0.0,,0.0,0.09537166900420757,"266,-819"
120710010021,538,0.0027881040892193307,0.0055762081784386614,-81.88206243190301,26.62076369465456,88.0,11.0,3.0,1.0,0.31960803268429433,2.0,41462.35666666667,0.03409090909090909,0.09090909090909091,0.025974025974025976,0.16356877323420074,"266,-819"
120710010022,521,0.0,0.0,-81.87618367191938,26.6231860808992,30.0,0.0,1.0,0.0,,0.0,0.0,0.03333333333333333,,0.03333333333333333,0.05758157389635317,"266,-819"
120710010023,296,0.0,0.0,-81.87638862245734,26.617376880732024,9.0,0.0,0.0,0.0,,0.0,,0.0,,0.0,0.030405405405405407,"266,-819"
120710011011,476,0.0,0.0,-81.86801056218322,26.616225317822085,5.0,0.0,0.0,0.0,,0.0,,0.0,,0.0,0.01050420168067227,"266,-819"
120710011012,355,0.0,0.0,-81.86555554887711,26.624222254554894,6.0,0.0,2.0,0.0,,0.0,0.0,0.3333333333333333,,0.3333333333333333,0.016901408450704224,"266,-819"
120710011013,429,0.0,0.0,-81.86100495022332,26.61668499696724,2.0,0.0,0.0,0.0,,0.0,,0.0,,0.0,0.004662004662004662,"266,-819"
120710011031,77,0.0,0.0,-81.86549402315435,26.601711570533634,4.0,1.0,0.0,0.0,,0.0,,0.0,0.0,0.0,0.05194805194805195,"266,-819"
120710011032,78,0.0,0.0,-81.85870203226519,26.600873632179564,2.0,0.0,0.0,0.0,,0.0,,0.0,,0.0,0.02564102564102564,"266,-819"
120710011041,169,0.0,0.0,-81.86724424399566,26.608085524206444,10.0,0.0,2.0,0.0,,0.0,0.0,0.2,,0.2,0.05917159763313609,"266,-819"
120710011042,105,0.0,0.0,-81.86069169008806,26.608846056930723,10.0,0.0,0.0,0.0,,0.0,,0.0,,0.0,0.09523809523809523,"266,-819"
120710012031,66,0.0,0.0,-81.84877137678355,26.60883881950065,18.0,7.0,1.0,1.0,0.0,1.0,0.0,0.05555555555555555,0.14285714285714285,0.0,0.2727272727272727,"266,-818"
120710012032,336,0.0,0.0,-81.84782161040475,26.61894686130096,115.0,84.0,3.0,3.0,0.0,1.0,0.0,0.02608695652173913,0.03571428571428571,0.0,0.34226190476190477,"266,-818"
120710012033,186,0.0,0.0,-81.84505151808793,26.603196646616617,135.0,6.0,9.0,0.0,,0.0,0.0,0.06666666666666667,0.0,0.06976744186046512,0.7258064516129032,"266,-818"
120710012041,196,0.0,0.0,-81.8133837928182,26.627226334991246,2.0,2.0,0.0,0.0,,0.0,,0.0,0.0,,0.01020408163265306,"266,-818"
120710012042,800,0.0,0.0,-81.8303569590408,26.617590735440896,168.0,46.0,1.0,1.0,,0.0,22496.19,0.005952380952380952,0.021739130434782608,0.0,0.21,"266,-818"
120710012051,129,0.0,0.0,-81.833017588271,26.6088810449863,42.0,3.0,0.0,0.0,,0.0,,0.0,0.0,0.0,0.32558139534883723,"266,-818"
120710012052,292,0.0,0.0,-81.83517913133015,26.60301151518958,13.0,5.0,0.0,0.0,,0.0,,0.0,0.0,0.0,0.04452054794520548,"266,-818"
120710012061,209,0.0,0.0,-81.84769682003702,26.539144330208508,110.0,51.0,0.0,0.0,,0.0,,0.0,0.0,0.0,0.5263157894736842,"265,-818"
120710012062,433,0.0,0.0,-81.84303649535043,26.5512626150855,90.0,24.0,1.0,1.0,0.5644895915301523,1.0,95102.6,0.011111111111111112,0.041666666666666664,0.0,0.20785219399538107,"266,-818"
120710012063,285,0.0,0.0,-81.85043835832379,26.55577641047827,387.0,195.0,4.0,3.0,0.005914208055230304,2.0,0.0,0.0103359173126615,0.015384615384615385,0.005208333333333333,1.3578947368421053,"266,-819"
120710012071,515,0.0,0.0,-81.84728408264878,26.575428971474718,89.0,56.0,1.0,1.0,,0.0,0.0,0.011235955056179775,0.017857142857142856,0.0,0.17281553398058253,"266,-818"
120710012072,688,0.0,0.0,-81.84077390427615,26.563032089366374,248.0,124.0,2.0,2.0,0.01335902833967814,2.0,2112.575,0.008064516129032258,0.016129032258064516,0.0,0.36046511627906974,"266,-818"
120710012081,983,0.0,0.0,-81.83915480978271,26.587604519615464,355.0,191.0,7.0,4.0,0.14023658543244763,4.0,19959.41285714286,0.01971830985915493,0.020942408376963352,0.018292682926829267,0.3611393692777213,"266,-818"
120710012082,581,0.0,0.0,-81.82864618071706,26.57875441530304,108.0,34.0,0.0,0.0,,0.0,,0.0,0.0,0.0,0.18588640275387264,"266,-818"
120710012083,182,0.0,0.0,-81.82136476879323,26.593732248081924,16.0,0.0,0.0,0.0,,0.0,,0.0,,0.0,0.08791208791208792,"266,-818"
120710012091,254,0.0,0.0,-81.82280774002781,26.60006558945362,85.0,68.0,0.0,0.0,,0.0,,0.0,0.0,0.0,0.3346456692913386,"266,-818"
120710012092,125,0.0,0.0,-81.81402942765834,26.598812231328782,56.0,20.0,0.0,0.0,,0.0,,0.0,0.0,0.0,0.448,"266,-818"
120710012093,105,0.0,0.0,-81.81820657137926,26.606816328794576,6.0,4.0,0.0,0.0,,0.0,,0.0,0.0,0.0,0.05714285714285714,"266,-818"
120710013001,398,0.0,0.0,-81.86279845243105,26.582846850130707,6.0,0.0,1.0,0.0,,0.0,0.0,0.16666666666666666,,0.16666666666666666,0.01507537688442211,"266,-819"
120710013002,289,0.0,0.0,-81.8647666859253,26.567065750660444,37.0,0.0,0.0,0.0,,0.0,,0.0,,0.0,0.12802768166089964,"266,-819"
120710013003,439,0.0,0.0,-81.8654076515598,26.572194461087165,8.0,0.0,0.0,0.0,,0.0,,0.0,,0.0,0.018223234624145785,"266,-819"
120710014011,296,0.0,0.0,-81.87844666280805,26.59285076870474,54.0,50.0,3.0,3.0,0.0,1.0,0.0,0.05555555555555555,0.06,0.0,0.18243243243243243,"266,-819"
120710014012,121,0.0,0.0,-81.87977141026892,26.586413679181856,4.0,0.0,0.0,0.0,,0.0,,0.0,,0.0,0.03305785123966942,"266,-819"
120710014013,261,0.0,0.0,-81.87817819330485,26.579203746865627,42.0,25.0,0.0,0.0,,0.0,,0.0,0.0,0.0,0.16091954022988506,"266,-819"
120710014014,98,0.0,0.0,-81.87410760417539,26.588689754829634,9.0,0.0,0.0,0.0,,0.0,,0.0,,0.0,0.09183673469387756,"266,-819"
120710014021,442,0.0,0.0,-81.89058474798776,26.578617316089318,173.0,53.0,9.0,8.0,0.06799030039828671,4.0,9632.67,0.05202312138728324,0.1509433962264151,0.008333333333333333,0.3914027149321267,"266,-819"
120710014022,911,0.0,0.0,-81.88923819546515,26.587775372678625,184.0,0.0,5.0,0.0,0.04167856855607203,3.0,4541.896,0.02717391304347826,,0.02717391304347826,0.20197585071350166,"266,-819"
120710015011,454,0.012114537444933921,0.019823788546255508,-81.8920871954983,26.56557906788592,730.0,526.0,10.0,2.0,0.01838612728850472,3.0,1377.426,0.0136986301369863,0.0038022813688212928,0.0392156862745098,1.6079295154185023,"266,-819"
120710015012,557,0.01615798922800718,0.025134649910233394,-81.88770285762024,26.567407578474114,353.0,55.0,5.0,2.0,,0.0,0.0,0.014164305949008499,0.03636363636363636,0.010067114093959731,0.6337522441651705,"266,-819"
120710015021,256,0.0,0.0,-81.88157855681256,26.571845438089905,1.0,0.0,0.0,0.0,,0.0,,0.0,,0.0,0.00390625,"266,-819"
120710015022,510,0.0,0.0,-81.87639819648349,26.57195906826565,2.0,0.0,0.0,0.0,,0.0,,0.0,,0.0,0.00392156862745098,"266,-819"
120710015023,194,0.0,0.0,-81.87961244167707,26.5662438158263,15.0,2.0,1.0,1.0,,0.0,0.0,0.06666666666666667,0.5,0.0,0.07731958762886598,"266,-819"
120710015024,137,0.0,0.0,-81.87853734092076,26.56285320749995,46.0,3.0,1.0,0.0,0.0006557230046685236,1.0,0.0,0.021739130434782608,0.0,0.023255813953488372,0.3357664233576642,"266,-819"
120710016011,373,0.0,0.0,-81.86853716177424,26.558474444467226,37.0,0.0,0.0,0.0,,0.0,,0.0,,0.0,0.09919571045576407,"266,-819"
120710016012,351,0.0,0.0,-81.86407656168072,26.561113512468346,45.0,0.0,0.0,0.0,,0.0,,0.0,,0.0,0.1282051282051282,"266,-819"
120710016013,705,0.0,0.0,-81.85930956007546,26.557217309989245,87.0,0.0,2.0,0.0,,0.0,0.0,0.022988505747126436,,0.022988505747126436,0.12340425531914893,"266,-819"
120710016014,249,0.0,0.0,-81.8644336419076,26.550045695335378,93.0,1.0,1.0,0.0,,0.0,0.0,0.010752688172043012,0.0,0.010869565217391304,0.37349397590361444,"266,-819"
120710016021,544,0.046875,0.07904411764705882,-81.86214434171166,26.537517874742157,141.0,42.0,5.0,3.0,0.04090347493433316,2.0,12675.588,0.03546099290780142,0.07142857142857142,0.020202020202020204,0.25919117647058826,"265,-819"
120710016022,751,1.5199733688415447,0.9866844207723036,-81.86063753244228,26.519750845898788,56.0,54.0,2.0,2.0,0.1510721778698128,1.0,3544.415,0.03571428571428571,0.037037037037037035,0.0,0.07456724367509987,"265,-819"
120710016023,728,1.1092032967032968,0.8035714285714286,-81.86124064610242,26.523005325063608,57.0,54.0,13.0,12.0,0.10553968864703447,2.0,264.8,0.22807017543859648,0.2222222222222222,0.3333333333333333,0.0782967032967033,"265,-819"
120710017011,350,0.02142857142857143,0.037142857142857144,-81.90947666525663,26.549280804592392,431.0,26.0,1.0,0.0,,0.0,0.0,0.002320185614849188,0.0,0.0024691358024691358,1.2314285714285715,"265,-819"
120710017012,237,0.3206751054852321,0.31223628691983124,-81.89231706013187,26.551065743794055,384.0,308.0,22.0,17.0,0.08162357663313982,5.0,4066.502727272727,0.057291666666666664,0.05519480519480519,0.06578947368421052,1.620253164556962,"266,-819"
120710017013,455,0.44285714285714284,0.6087912087912087,-81.90136166892616,26.550415588457124,348.0,209.0,36.0,8.0,0.01750192213117708,18.0,1914.4483333333333,0.10344827586206896,0.03827751196172249,0.2014388489208633,0.7648351648351648,"266,-819"
120710017051,366,2.3360655737704916,1.0,-81.89427441476309,26.527309302419066,1443.0,1443.0,18.0,18.0,0.10127970500603833,11.0,11808.79,0.012474012474012475,0.012474012474012475,,3.942622950819672,"265,-819"
120710017052,162,2.493827160493827,1.0,-81.88946982657008,26.526883425524996,604.0,604.0,10.0,10.0,0.36137276666833357,7.0,89458.35,0.016556291390728478,0.016556291390728478,,3.728395061728395,"265,-819"
120710017053,568,2.2174295774647885,0.9911971830985915,-81.89140925701109,26.539715336909683,780.0,778.0,48.0,48.0,0.1583022431236809,42.0,26800.670833333334,0.06153846153846154,0.061696658097686374,0.0,1.3732394366197183,"265,-819"
120710017061,141,0.9361702127659575,0.8085106382978723,-81.91368806659095,26.542123634854068,670.0,634.0,27.0,27.0,0.3245154629043687,18.0,67132.68111111112,0.04029850746268657,0.04258675078864353,0.0,4.75177304964539,"265,-819"
120710017062,631,1.2242472266244058,0.9841521394611727,-81.91695543614385,26.526241706404292,584.0,559.0,45.0,45.0,0.13520582222038047,4.0,5495.084222222223,0.07705479452054795,0.08050089445438283,0.0,0.9255150554675119,"265,-819"
120710017063,318,1.1666666666666667,0.9433962264150944,-81.91674081856424,26.534213383024834,350.0,350.0,44.0,44.0,0.247890852123455,34.0,43990.41272727273,0.12571428571428572,0.12571428571428572,,1.10062893081761,"265,-819"
120710017081,176,0.11647727272727272,0.1534090909090909,-81.87925004218837,26.55008008114713,1104.0,797.0,2.0,1.0,,0.0,0.0,0.0018115942028985507,0.0012547051442910915,0.003257328990228013,6.2727272727272725,"266,-819"
120710017082,159,0.0,0.0,-81.88016394284398,26.554994530958812,32.0,22.0,1.0,1.0,,0.0,0.0,0.03125,0.045454545454545456,0.0,0.20125786163522014,"266,-819"
120710017083,163,0.0,0.0,-81.8783048005161,26.55893169991548,372.0,338.0,0.0,0.0,,0.0,,0.0,0.0,0.0,2.2822085889570554,"266,-819"
120710017091,396,1.4128787878787878,0.8863636363636364,-81.87914410679822,26.5354430474942,778.0,777.0,35.0,35.0,0.18175518275591315,9.0,6969.926571428571,0.04498714652956298,0.04504504504504504,0.0,1.9646464646464648,"265,-819"
120710017092,292,1.4931506849315068,0.9315068493150684,-81.8841642275617,26.537814846966647,375.0,374.0,1.0,1.0,,0.0,0.0,0.0026666666666666666,0.00267379679144385,0.0,1.2842465753424657,"265,-819"
120710017101,606,1.382013201320132,0.995049504950495,-81.90726194293835,26.525881787097465,900.0,894.0,10.0,10.0,0.022335945509726597,4.0,899.585,0.011111111111111112,0.011185682326621925,0.0,1.4851485148514851,"265,-819"
120710017102,366,2.180327868852459,1.0,-81.90133003932178,26.52691714790689,406.0,406.0,10.0,10.0,0.2630456357429765,6.0,15962.142000000002,0.024630541871921183,0.024630541871921183,,1.1092896174863387,"265,-819"
120710017111,200,1.605,0.95,-81.90061635061342,26.538380805525453,627.0,627.0,25.0,25.0,0.2044262613644223,23.0,190648.1348,0.03987240829346093,0.03987240829346093,,3.135,"265,-819"
120710017112,448,0.9799107142857143,0.9107142857142857,-81.90755051176139,26.53952640843809,1334.0,1332.0,8.0,8.0,0.03300011434995907,4.0,4321.53875,0.005997001499250375,0.006006006006006006,0.0,2.9776785714285716,"265,-819"
120710018011,366,0.49863387978142076,0.43989071038251365,-81.90669161993344,26.567362990713658,198.0,165.0,98.0,95.0,0.40755531818179425,82.0,141949.1225510204,0.494949494949495,0.5757575757575758,0.09090909090909091,0.5409836065573771,"266,-819"
120710018012,273,1.2417582417582418,0.8644688644688645,-81.89750747368858,26.56725435435466,256.0,204.0,138.0,137.0,0.5362001217610233,123.0,176117.9286231884,0.5390625,0.6715686274509803,0.019230769230769232,0.9377289377289377,"266,-819"
120710018013,440,0.2988636363636364,0.3431818181818182,-81.91492978991621,26.56099372368393,395.0,380.0,103.0,102.0,0.3318653528863537,76.0,91890.43621359223,0.2607594936708861,0.26842105263157895,0.06666666666666667,0.8977272727272727,"266,-819"
120710018014,155,0.0,0.0,-81.90415629399578,26.559879586188682,141.0,116.0,19.0,18.0,0.408456509079504,11.0,75758.2152631579,0.1347517730496454,0.15517241379310345,0.04,0.9096774193548387,"266,-819"
120710018015,390,0.09743589743589744,0.1794871794871795,-81.90241558576535,26.566308031283906,141.0,96.0,27.0,26.0,0.3054240240126,21.0,57792.73259259259,0.19148936170212766,0.2708333333333333,0.022222222222222223,0.36153846153846153,"266,-819"
120710018021,419,0.28042959427207637,0.4033412887828162,-81.91866210172499,26.55275243923706,986.0,825.0,71.0,64.0,0.16467827461261633,27.0,67030.23295774648,0.0720081135902637,0.07757575757575758,0.043478260869565216,2.3532219570405726,"266,-819"
120710018022,613,1.1313213703099512,0.8890701468189234,-81.92070403451486,26.544018388800495,500.0,500.0,241.0,241.0,0.35233670464096173,194.0,115964.31975103734,0.482,0.482,,0.8156606851549756,"265,-819"
120710019031,454,0.6894273127753304,0.5506607929515418,-81.95543305714325,26.522171093337327,1274.0,1048.0,232.0,191.0,0.21092358092257707,92.0,30329.80456896552,0.18210361067503925,0.18225190839694658,0.18141592920353983,2.806167400881057,"265,-820"
120710019032,314,0.9060509554140127,0.7165605095541401,-81.9334680042521,26.533580986874234,508.0,437.0,103.0,99.0,0.14464372294302702,64.0,40679.79533980582,0.20275590551181102,0.22654462242562928,0.056338028169014086,1.6178343949044587,"265,-819"
120710019033,492,0.8475609756097561,0.8861788617886179,-81.9442637383327,26.525385612241664,717.0,715.0,59.0,59.0,0.08571726635005285,43.0,15755.232542372882,0.08228730822873083,0.08251748251748252,0.0,1.4573170731707317,"265,-819"
120710019081,989,5.371587462082912,0.9838220424671386,-81.93988320006939,26.485144241913613,209.0,209.0,205.0,205.0,0.5081682349543808,165.0,128106.31492682926,0.9808612440191388,0.9808612440191388,,0.21132457027300303,"265,-819"
120710019101,1480,6.148648648648648,1.0,-81.95862924335722,26.49209376475986,25.0,25.0,25.0,25.0,0.8568971544077568,20.0,69278.7616,1.0,1.0,,0.016891891891891893,"265,-820"
120710019102,815,5.544171779141104,0.9975460122699387,-81.94787957852873,26.49036414474952,53.0,53.0,49.0,49.0,0.7164066416377756,41.0,108199.6624489796,0.9245283018867925,0.9245283018867925,,0.06503067484662577,"265,-819"
120710019111,555,6.282882882882883,0.9837837837837838,-81.95071051828198,26.485398168281662,322.0,322.0,54.0,54.0,0.5035738603904644,35.0,147193.98666666666,0.16770186335403728,0.16770186335403728,,0.5801801801801801,"265,-820"
120710019112,274,5.310218978102189,0.9927007299270073,-81.95361415097392,26.475639015633995,450.0,450.0,188.0,188.0,0.45379425120763844,140.0,227192.07234042554,0.4177777777777778,0.4177777777777778,,1.6423357664233578,"265,-820"
120710019121,1040,3.4552884615384616,0.9548076923076924,-81.96243887292482,26.500451963331574,214.0,176.0,119.0,114.0,0.5609571418365809,92.0,193523.7638655462,0.5560747663551402,0.6477272727272727,0.13157894736842105,0.20576923076923076,"265,-820"
120710019122,395,1.8151898734177214,0.9873417721518988,-81.95769347993476,26.500290902541277,833.0,798.0,239.0,206.0,0.48827731326832363,187.0,295625.3417573222,0.28691476590636256,0.2581453634085213,0.9428571428571428,2.108860759493671,"265,-820"
120710019131,314,0.7929936305732485,0.7961783439490446,-81.94827833563164,26.49822081531038,653.0,426.0,288.0,184.0,0.4120728397934277,196.0,124212.9898611111,0.44104134762633995,0.431924882629108,0.4581497797356828,2.0796178343949046,"265,-819"
120710019132,738,1.8062330623306233,0.8970189701897019,-81.94712425722294,26.50490153126223,616.0,581.0,198.0,187.0,0.38709033333646636,143.0,174693.0064141414,0.32142857142857145,0.3218588640275387,0.3142857142857143,0.8346883468834688,"265,-819"
120710019151,268,2.591417910447761,0.8544776119402985,-81.98837615492813,26.499835049338877,682.0,671.0,228.0,217.0,0.17736221075502015,173.0,118733.35328947369,0.3343108504398827,0.323397913561848,1.0,2.544776119402985,"265,-820"
120710019152,213,2.244131455399061,0.9577464788732394,-81.99663776826036,26.515435100728013,226.0,225.0,191.0,190.0,0.25255622486235607,154.0,139596.58041884817,0.8451327433628318,0.8444444444444444,1.0,1.0610328638497653,"265,-820"
120710019161,541,2.9205175600739373,0.9944547134935305,-81.93999347247761,26.50069877582615,218.0,218.0,130.0,130.0,0.5929207620393916,115.0,132237.3,0.5963302752293578,0.5963302752293578,,0.4029574861367837,"265,-819"
120710019162,748,2.4398395721925135,0.9973262032085561,-81.9369052024036,26.505095332852378,54.0,54.0,46.0,46.0,0.4739702316385815,39.0,39502.9047826087,0.8518518518518519,0.8518518518518519,,0.07219251336898395,"265,-819"
120710019163,56,2.3392857142857144,1.0,-81.93277770388906,26.498181809637686,18.0,18.0,18.0,18.0,0.0,7.0,23424.01,1.0,1.0,,0.32142857142857145,"265,-819"
120710019171,470,1.0127659574468084,0.4851063829787234,-81.93560807817909,26.51820834095587,951.0,928.0,55.0,55.0,0.3697144757703534,43.0,55840.85472727272,0.05783385909568875,0.059267241379310345,0.0,2.023404255319149,"265,-819"
120710019172,426,3.35093896713615,0.9882629107981221,-81.92894534371675,26.516175402422196,849.0,837.0,193.0,193.0,0.2795447648802352,136.0,132561.5443523316,0.22732626619552415,0.23058542413381122,0.0,1.9929577464788732,"265,-819"
120710019181,533,2.050656660412758,0.99812382739212,-81.90690275603097,26.515554989858508,643.0,640.0,35.0,35.0,0.05975044435765984,17.0,26042.420285714285,0.05443234836702955,0.0546875,0.0,1.2063789868667918,"265,-819"
120710019191,542,1.8560885608856088,1.0,-81.91589021919802,26.514636933997917,385.0,384.0,188.0,187.0,0.2076693888146683,148.0,52601.61457446808,0.4883116883116883,0.4869791666666667,1.0,0.7103321033210332,"265,-819"
120710019192,137,2.4306569343065694,0.9927007299270073,-81.91611689387108,26.50614106038872,90.0,90.0,70.0,70.0,0.20420288828095295,49.0,53894.633714285716,0.7777777777777778,0.7777777777777778,,0.656934306569343,"265,-819"
120710019201,751,3.1537949400798935,1.0,-81.89373303653271,26.494344227410885,560.0,560.0,341.0,341.0,0.12428631133608371,262.0,57754.1284457478,0.6089285714285714,0.6089285714285714,,0.7456724367509987,"265,-819"
120710019202,706,3.1118980169971673,1.0,-81.89169875783936,26.512460390609075,559.0,545.0,284.0,284.0,0.24520149914840997,217.0,80909.66735915493,0.5080500894454383,0.5211009174311927,0.0,0.7917847025495751,"265,-819"
120710019211,810,2.4944444444444445,0.9962962962962963,-81.90254200152751,26.49945433622679,623.0,623.0,365.0,365.0,0.20750444498179016,299.0,85243.04863013698,0.5858747993579454,0.5858747993579454,,0.7691358024691358,"265,-819"
120710019212,413,3.543583535108959,1.0,-81.89875839714324,26.484211375489593,873.0,873.0,347.0,347.0,0.305074570600918,247.0,169101.61706051874,0.3974799541809851,0.3974799541809851,,2.1138014527845037,"265,-819"
120710019213,232,2.4913793103448274,1.0,-81.90749422975267,26.491761266591258,594.0,594.0,115.0,115.0,0.3418742257342063,77.0,404042.8055652174,0.1936026936026936,0.1936026936026936,,2.560344827586207,"265,-819"
120710019221,957,2.110240334378265,0.93521421107628,-81.96419068787232,26.50758685388116,360.0,350.0,284.0,277.0,0.3787888482455943,242.0,116920.72246478873,0.7888888888888889,0.7914285714285715,0.7,0.3761755485893417,"265,-820"
120710019222,623,0.5642054574638844,0.7528089887640449,-81.95273309851716,26.5163011169622,262.0,247.0,73.0,65.0,0.31932105314355796,57.0,128259.22972602739,0.2786259541984733,0.2631578947368421,0.5333333333333333,0.420545746388443,"265,-820"
120710019231,647,1.6027820710973726,0.955177743431221,-81.97071768714639,26.512337176801108,818.0,815.0,430.0,430.0,0.27447808757156333,335.0,92045.44941860465,0.5256723716381418,0.5276073619631901,0.0,1.2642967542503865,"265,-820"
120710019232,754,4.304376657824934,0.9827586206896551,-81.97566376566448,26.500885782459523,278.0,277.0,163.0,162.0,0.46310461708337636,122.0,180151.99319018406,0.5863309352517986,0.5848375451263538,1.0,0.3687002652519894,"265,-820"
120710101041,499,0.16933867735470942,0.18637274549098196,-82.05201559904613,26.761474543197714,1263.0,994.0,46.0,38.0,0.00025695350344553475,22.0,0.0,0.03642121931908155,0.03822937625754527,0.02973977695167286,2.531062124248497,"268,-821"
120710101042,534,0.047752808988764044,0.08052434456928839,-82.04637361232236,26.765609021696942,256.0,116.0,2.0,2.0,,0.0,0.0,0.0078125,0.017241379310344827,0.0,0.4794007490636704,"268,-820"
120710101061,980,0.0,0.0,-82.01536361436517,26.66009423650885,37.0,1.0,1.0,0.0,0.03467373531729223,1.0,6363.7,0.02702702702702703,0.0,0.027777777777777776,0.03775510204081633,"267,-820"
120710101062,1466,0.02660300136425648,0.0504774897680764,-82.03067772429439,26.66461668110272,653.0,605.0,24.0,23.0,0.014541331695345995,8.0,951.1483333333334,0.036753445635528334,0.03801652892561983,0.020833333333333332,0.44542974079126874,"267,-820"
120710101071,782,0.0,0.0,-82.01478849204753,26.674190707675873,166.0,128.0,5.0,3.0,0.0,2.0,0.0,0.030120481927710843,0.0234375,0.05263157894736842,0.21227621483375958,"267,-820"
120710101072,937,0.0,0.0,-81.998681698171,26.674953895164816,46.0,1.0,1.0,0.0,,0.0,0.0,0.021739130434782608,0.0,0.022222222222222223,0.04909284951974386,"267,-820"
120710101081,2791,0.06718022214260122,0.09136510211393765,-82.01219504262001,26.65000633734069,402.0,300.0,13.0,10.0,0.0,1.0,1873.486153846154,0.03233830845771144,0.03333333333333333,0.029411764705882353,0.14403439627373701,"267,-820"
120710101091,952,0.2547268907563025,0.32037815126050423,-82.05073700517919,26.67508707741415,626.0,598.0,26.0,26.0,0.0022479519171387996,7.0,177.70423076923078,0.04153354632587859,0.043478260869565216,0.0,0.657563025210084,"267,-821"
120710101092,783,0.929757343550447,0.5951468710089399,-82.04900576580361,26.643066714677445,325.0,319.0,53.0,53.0,0.26413841198841814,28.0,36690.38264150944,0.16307692307692306,0.16614420062695925,0.0,0.41507024265644954,"266,-820"
120710101093,1167,0.31748071979434445,0.3607540702656384,-82.0487386259193,26.65707527330805,848.0,832.0,65.0,63.0,0.3299994285990237,23.0,34643.511846153844,0.07665094339622641,0.07572115384615384,0.125,0.726649528706084,"267,-820"
120710101101,520,0.5326923076923077,0.4307692307692308,-82.05179958053651,26.737758975172685,209.0,189.0,6.0,6.0,,0.0,0.0,0.028708133971291867,0.031746031746031744,0.0,0.40192307692307694,"267,-821"
120710101102,950,0.6768421052631579,0.5136842105263157,-82.05971424743043,26.71077447307521,513.0,504.0,25.0,24.0,0.027287168666618275,9.0,3544.6856,0.04873294346978557,0.047619047619047616,0.1111111111111111,0.54,"267,-821"
120710101103,843,0.3582443653618031,0.3962040332147094,-82.05127745132529,26.68986601976541,552.0,544.0,22.0,22.0,0.015736424714821257,5.0,995.9636363636364,0.03985507246376811,0.04044117647058824,0.0,0.6548042704626335,"267,-821"
120710101111,1274,0.0,0.0,-82.01465956116667,26.691648059593014,47.0,10.0,2.0,0.0,0.38813916255764086,1.0,62276.795000000006,0.0425531914893617,0.0,0.05405405405405406,0.036891679748822605,"267,-820"
120710101112,669,0.01046337817638266,0.02092675635276532,-82.02946626992319,26.687819238354646,297.0,240.0,10.0,10.0,0.15491366421223804,2.0,8182.334,0.03367003367003367,0.041666666666666664,0.0,0.4439461883408072,"267,-820"
120710101113,1039,0.0,0.0,-81.99746396750571,26.69164903123614,26.0,4.0,1.0,0.0,,0.0,0.0,0.038461538461538464,0.0,0.045454545454545456,0.025024061597690085,"267,-820"
120710101121,899,0.0,0.0,-81.93306425017634,26.74946802778917,2.0,0.0,0.0,0.0,,0.0,,0.0,,0.0,0.002224694104560623,"267,-819"
120710101122,1211,0.0,0.0,-81.92793320819051,26.7447107584809,3.0,0.0,0.0,0.0,,0.0,,0.0,,0.0,0.002477291494632535,"267,-819"
120710101131,826,0.0,0.0,-81.94691573306426,26.735775171505637,27.0,10.0,2.0,0.0,,0.0,0.0,0.07407407407407407,0.0,0.11764705882352941,0.03268765133171913,"267,-819"
120710101132,957,0.0,0.0,-82.01996351040022,26.706455998203214,64.0,11.0,2.0,0.0,0.0,1.0,0.0,0.03125,0.0,0.03773584905660377,0.06687565308254964,"267,-820"
120710102031,831,0.0,0.0,-81.93226807953326,26.689579271324263,34.0,15.0,4.0,0.0,,0.0,0.0,0.11764705882352941,0.0,0.21052631578947367,0.04091456077015644,"267,-819"
120710102032,1056,0.0,0.0,-81.94981406363708,26.67383546694454,21.0,0.0,1.0,0.0,,0.0,0.0,0.047619047619047616,,0.047619047619047616,0.019886363636363636,"267,-819"
120710102033,492,0.0,0.0,-81.93467655432622,26.67797015632948,11.0,1.0,0.0,0.0,,0.0,,0.0,0.0,0.0,0.022357723577235773,"267,-819"
120710102034,654,0.0,0.0,-81.94952432002172,26.688933761492535,14.0,1.0,1.0,0.0,,0.0,0.0,0.07142857142857142,0.0,0.07692307692307693,0.021406727828746176,"267,-819"
120710102051,1854,0.0,0.0,-81.97843091725645,26.66029149945128,39.0,0.0,2.0,0.0,0.08067947129285419,1.0,7509.79,0.05128205128205128,,0.05128205128205128,0.021035598705501618,"267,-820"
120710102052,1153,0.0,0.0,-81.96514406660258,26.67384273537742,26.0,0.0,1.0,0.0,,0.0,0.0,0.038461538461538464,,0.038461538461538464,0.022549869904596703,"267,-820"
120710102061,1125,0.0,0.0,-81.98124992977834,26.70547984917892,36.0,11.0,1.0,0.0,,0.0,0.0,0.027777777777777776,0.0,0.04,0.032,"267,-820"
120710102062,842,0.0,0.0,-81.98253377797971,26.689772639420195,18.0,1.0,1.0,1.0,,0.0,203011.9,0.05555555555555555,1.0,0.0,0.021377672209026127,"267,-820"
120710102063,975,0.0,0.0,-81.9652238664174,26.68963859854461,17.0,0.0,1.0,0.0,,0.0,0.0,0.058823529411764705,,0.058823529411764705,0.017435897435897435,"267,-820"
120710102064,1058,0.0,0.0,-81.98230593446193,26.674173603502265,38.0,0.0,4.0,0.0,,0.0,0.0,0.10526315789473684,,0.10526315789473684,0.035916824196597356,"267,-820"
120710102071,1055,0.0,0.0,-81.93747444086142,26.72754053828116,28.0,11.0,2.0,1.0,0.0,1.0,0.0,0.07142857142857142,0.09090909090909091,0.058823529411764705,0.026540284360189573,"267,-819"
120710102072,882,0.0,0.0,-81.95284184146131,26.717922895795784,30.0,4.0,1.0,1.0,,0.0,0.0,0.03333333333333333,0.25,0.0,0.034013605442176874,"267,-820"
120710102073,1044,0.0,0.0,-81.96505147194266,26.703767462557106,53.0,28.0,0.0,0.0,,0.0,,0.0,0.0,0.0,0.05076628352490421,"267,-820"
120710102081,386,0.0,0.0,-81.931224894333,26.719535130994473,4.0,2.0,0.0,0.0,,0.0,,0.0,0.0,0.0,0.010362694300518135,"267,-819"
120710102082,713,0.0,0.0,-81.94997830684541,26.707757931065952,18.0,0.0,0.0,0.0,,0.0,,0.0,,0.0,0.025245441795231416,"267,-819"
120710102083,412,0.0,0.0,-81.93267942358541,26.700108411558574,20.0,6.0,1.0,1.0,0.06262938899986138,1.0,27802.25,0.05,0.16666666666666666,0.0,0.04854368932038835,"267,-819"
120710102091,935,0.0,0.0,-81.91768333486323,26.729939920414864,38.0,0.0,2.0,0.0,0.0,1.0,0.0,0.05263157894736842,,0.05263157894736842,0.040641711229946524,"267,-819"
120710102092,769,0.0,0.0,-81.92009936588548,26.737814984234127,14.0,0.0,1.0,0.0,0.7962561041779707,1.0,7805.34,0.07142857142857142,,0.07142857142857142,0.018205461638491547,"267,-819"
120710102101,1076,0.0,0.0,-81.91213168597736,26.70196447080848,10.0,1.0,0.0,0.0,,0.0,,0.0,0.0,0.0,0.00929368029739777,"267,-819"
120710102102,1260,0.0,0.0,-81.9172639732398,26.71798713340601,166.0,25.0,1.0,0.0,,0.0,0.0,0.006024096385542169,0.0,0.0070921985815602835,0.13174603174603175,"267,-819"
120710103021,621,0.023349436392914653,0.033816425120772944,-81.92487093264795,26.66832549973649,34.0,7.0,4.0,4.0,0.3875124918371746,3.0,77495.545,0.11764705882352941,0.5714285714285714,0.0,0.05475040257648953,"267,-819"
120710103022,1064,0.0,0.0,-81.93246257351471,26.658223032309067,95.0,8.0,1.0,0.0,,0.0,0.0,0.010526315789473684,0.0,0.011494252873563218,0.08928571428571429,"267,-819"
120710103023,705,0.0,0.0,-81.92019220968803,26.658434239240695,37.0,2.0,0.0,0.0,,0.0,,0.0,0.0,0.0,0.0524822695035461,"267,-819"
120710103031,606,0.014026402640264026,0.01155115511551155,-81.94746748049769,26.610788503401665,108.0,17.0,5.0,3.0,0.0,1.0,0.0,0.046296296296296294,0.17647058823529413,0.02197802197802198,0.1782178217821782,"266,-819"
120710103032,1005,0.0029850746268656717,0.001990049751243781,-81.9508303731157,26.625984981831433,91.0,5.0,3.0,0.0,,0.0,0.0,0.03296703296703297,0.0,0.03488372093023256,0.09054726368159204,"266,-820"
120710103033,873,0.004581901489117984,0.004581901489117984,-81.94742526721049,26.61794461976554,121.0,16.0,3.0,0.0,,0.0,0.0,0.024793388429752067,0.0,0.02857142857142857,0.13860252004581902,"266,-819"
120710103034,609,0.0,0.0,-81.94735166655919,26.625570414882837,98.0,15.0,4.0,1.0,,0.0,0.0,0.04081632653061224,0.06666666666666667,0.03614457831325301,0.16091954022988506,"266,-819"
120710103051,800,0.41375,0.39,-81.92022735017328,26.644066992634556,455.0,407.0,83.0,81.0,0.38197351794630563,72.0,96239.44626506024,0.1824175824175824,0.19901719901719903,0.041666666666666664,0.56875,"266,-819"
120710103052,726,1.265840220385675,0.9228650137741047,-81.91212426279534,26.64263257125921,504.0,503.0,264.0,264.0,0.40262859773495047,225.0,102430.05734848486,0.5238095238095238,0.5248508946322068,0.0,0.6942148760330579,"266,-819"
120710103061,524,0.0,0.0,-81.96641063003925,26.63482039086281,55.0,0.0,1.0,0.0,,0.0,0.0,0.01818181818181818,,0.01818181818181818,0.1049618320610687,"266,-820"
120710103062,602,0.0,0.0,-81.97313955934372,26.644573435696582,46.0,0.0,2.0,0.0,,0.0,0.0,0.043478260869565216,,0.043478260869565216,0.07641196013289037,"266,-820"
120710103063,630,0.0,0.0,-81.96974130465927,26.646718880462892,55.0,0.0,1.0,0.0,,0.0,0.0,0.01818181818181818,,0.01818181818181818,0.0873015873015873,"266,-820"
120710103064,770,0.0,0.0,-81.96413405818696,26.64358467594481,23.0,0.0,0.0,0.0,,0.0,,0.0,,0.0,0.02987012987012987,"266,-820"
120710103071,748,0.0,0.0,-81.94905776792338,26.647468617209583,116.0,0.0,7.0,0.0,0.1101450518174503,4.0,21969.52,0.0603448275862069,,0.0603448275862069,0.15508021390374332,"266,-819"
120710103072,791,0.0,0.0,-81.95233841150149,26.639727336235122,69.0,0.0,6.0,0.0,,0.0,0.0,0.08695652173913043,,0.08695652173913043,0.08723135271807839,"266,-820"
120710103073,627,0.0,0.0,-81.95280397966272,26.65674205099424,54.0,2.0,1.0,1.0,0.28524583182505375,1.0,12395.93,0.018518518518518517,0.5,0.0,0.0861244019138756,"267,-820"
120710103074,587,0.0,0.0,-81.94500278826325,26.65805788375263,20.0,0.0,0.0,0.0,,0.0,,0.0,,0.0,0.034071550255536626,"267,-819"
120710103081,1156,0.0,0.0,-81.93562756367706,26.64417321814623,125.0,1.0,2.0,0.0,0.07147504257160799,1.0,14000.375,0.016,0.0,0.016129032258064516,0.10813148788927336,"266,-819"
120710103082,674,0.0,0.0,-81.9275568612433,26.644199438493303,71.0,9.0,0.0,0.0,,0.0,,0.0,0.0,0.0,0.10534124629080119,"266,-819"
120710103083,672,0.3325892857142857,0.5252976190476191,-81.92716423765496,26.62978090262713,395.0,383.0,33.0,33.0,0.1983857521785361,14.0,15149.736363636363,0.08354430379746836,0.08616187989556136,0.0,0.5877976190476191,"266,-819"
120710103091,1308,0.1551987767584098,0.19571865443425077,-81.93407432163986,26.627888988527964,326.0,262.0,21.0,21.0,0.33948468993897596,13.0,46607.96523809524,0.06441717791411043,0.08015267175572519,0.0,0.2492354740061162,"266,-819"
120710103092,760,0.3401315789473684,0.4776315789473684,-81.93399678347984,26.614005533795936,1086.0,1049.0,64.0,64.0,0.11476885096039635,35.0,18751.69078125,0.058931860036832415,0.061010486177311724,0.0,1.4289473684210525,"266,-819"
120710104041,1460,0.0,0.0,-81.9841883645072,26.63167388301591,132.0,0.0,1.0,0.0,0.04264974030279589,1.0,5668.25,0.007575757575757576,,0.007575757575757576,0.09041095890410959,"266,-820"
120710104042,1526,0.0,0.0,-81.98255797088366,26.614591227210692,120.0,3.0,6.0,0.0,0.010775090568037,3.0,419.1333333333334,0.05,0.0,0.05128205128205128,0.07863695937090433,"266,-820"
120710104043,1184,0.0,0.0,-81.9823931162272,26.598374755621897,132.0,25.0,3.0,0.0,,0.0,0.0,0.022727272727272728,0.0,0.028037383177570093,0.11148648648648649,"266,-820"
120710104111,823,0.201093560145808,0.2976913730255164,-81.98681845687128,26.57064884888809,583.0,564.0,41.0,41.0,0.13768756901886958,15.0,10973.403414634146,0.07032590051457976,0.0726950354609929,0.0,0.7083839611178615,"266,-820"
120710104112,397,0.6473551637279596,0.801007556675063,-81.98643336007703,26.55598903198194,283.0,283.0,205.0,205.0,0.3268739737462659,173.0,102092.97780487804,0.7243816254416962,0.7243816254416962,,0.7128463476070529,"266,-820"
120710104113,857,0.0,0.0,-81.98679884841282,26.585536475827617,153.0,14.0,2.0,0.0,,0.0,0.0,0.013071895424836602,0.0,0.014388489208633094,0.17852975495915985,"266,-820"
120710104121,624,0.45592948717948717,0.4599358974358974,-81.97261586831624,26.578626336930256,362.0,346.0,123.0,121.0,0.38992671648933047,100.0,85785.40178861789,0.3397790055248619,0.34971098265895956,0.125,0.5801282051282052,"266,-820"
120710104122,405,0.4506172839506173,0.4222222222222222,-81.97635312095215,26.571315654086177,429.0,392.0,40.0,40.0,0.37024135755450693,20.0,73572.51275,0.09324009324009325,0.10204081632653061,0.0,1.0592592592592593,"266,-820"
120710104123,620,0.00564516129032258,0.008064516129032258,-81.97783449684161,26.587141708810133,262.0,201.0,20.0,18.0,0.21563290912912067,12.0,28434.743,0.07633587786259542,0.08955223880597014,0.03278688524590164,0.42258064516129035,"266,-820"
120710104124,637,0.14521193092621665,0.2401883830455259,-81.98004075815805,26.573740955124933,274.0,261.0,15.0,15.0,0.18393235673729058,10.0,21871.872,0.05474452554744526,0.05747126436781609,0.0,0.4301412872841444,"266,-820"
120710104131,1044,0.0,0.0,-81.95929505161966,26.617960932810934,115.0,3.0,0.0,0.0,,0.0,,0.0,0.0,0.0,0.11015325670498084,"266,-820"
120710104132,701,0.0,0.0,-81.96793951983582,26.61766728402496,44.0,0.0,1.0,0.0,,0.0,0.0,0.022727272727272728,,0.022727272727272728,0.06276747503566334,"266,-820"
120710104133,619,0.0,0.0,-81.9682310038085,26.626258741369103,66.0,2.0,0.0,0.0,,0.0,,0.0,0.0,0.0,0.10662358642972536,"266,-820"
120710104141,826,0.0,0.0,-81.96853781735572,26.608932758988853,173.0,45.0,9.0,1.0,,0.0,0.0,0.05202312138728324,0.022222222222222223,0.0625,0.20944309927360774,"266,-820"
120710104142,707,0.0,0.0,-81.9684567106277,26.59760444803574,126.0,57.0,5.0,1.0,,0.0,0.0,0.03968253968253968,0.017543859649122806,0.057971014492753624,0.1782178217821782,"266,-820"
120710104151,296,0.6925675675675675,0.8378378378378378,-82.01660144312787,26.546661282605225,543.0,538.0,145.0,143.0,0.18291266273623033,115.0,115729.00703448275,0.26703499079189685,0.26579925650557623,0.4,1.8344594594594594,"265,-820"
120710104152,685,0.20437956204379562,0.20437956204379562,-82.01224190144055,26.56816423472654,351.0,346.0,76.0,74.0,0.14432080524976174,47.0,23901.690131578947,0.21652421652421652,0.2138728323699422,0.4,0.5124087591240876,"266,-820"
120710104153,1169,0.4007698887938409,0.43370402053036783,-82.02665555907903,26.566927080104826,975.0,931.0,234.0,231.0,0.11565453692851717,162.0,28864.985085470085,0.24,0.24812030075187969,0.06818181818181818,0.8340461933276304,"266,-820"
120710104161,1254,0.594896331738437,0.6985645933014354,-82.02495167109214,26.555855613220892,1045.0,1016.0,312.0,309.0,0.15614890084049177,209.0,37513.67467948718,0.2985645933014354,0.30413385826771655,0.10344827586206896,0.8333333333333334,"266,-820"
120710104162,784,0.46364795918367346,0.5038265306122449,-82.01244224232423,26.555739233286168,470.0,466.0,112.0,112.0,0.11390740858957561,87.0,34363.98616071429,0.23829787234042554,0.24034334763948498,0.0,0.5994897959183674,"266,-820"
120710104171,681,0.9236417033773862,0.8751835535976505,-81.9975611426359,26.545921064675202,899.0,801.0,349.0,346.0,0.3368049290810399,284.0,125767.25899713468,0.3882091212458287,0.43196004993757803,0.030612244897959183,1.3201174743024964,"265,-820"
120710104172,454,0.4944933920704846,0.6013215859030837,-82.0040599356588,26.555883975784827,454.0,452.0,165.0,165.0,0.25459165960506286,114.0,60015.91503030303,0.3634361233480176,0.36504424778761063,0.0,1.0,"266,-820"
120710104181,975,0.578974358974359,0.6984615384615385,-81.99585848503095,26.555647683170214,841.0,839.0,502.0,502.0,0.3817079103258986,424.0,117637.09464143426,0.5969084423305588,0.5983313468414779,0.0,0.8625641025641025,"266,-820"
120710104182,745,0.030201342281879196,0.052348993288590606,-82.00260851383099,26.571786757465446,443.0,389.0,49.0,47.0,0.1356966890253402,20.0,46734.585102040815,0.11060948081264109,0.12082262210796915,0.037037037037037035,0.5946308724832214,"266,-820"
120710104183,761,0.06373193166885677,0.1116951379763469,-81.99544980816802,26.569156259367876,787.0,744.0,63.0,63.0,0.17768724028195756,23.0,17702.1226984127,0.08005082592121983,0.0846774193548387,0.0,1.0341655716162943,"266,-820"
120710104191,1101,0.0,0.0,-81.99924185254741,26.614988767391893,234.0,88.0,10.0,3.0,0.0032810728186962617,2.0,500.0,0.042735042735042736,0.03409090909090909,0.04794520547945205,0.2125340599455041,"266,-820"
120710104192,1559,0.0,0.0,-81.99917109578601,26.631351321445038,121.0,1.0,2.0,0.0,,0.0,0.0,0.01652892561983471,0.0,0.016666666666666666,0.07761385503527903,"266,-820"
120710104201,656,0.0022865853658536584,0.004573170731707317,-82.01163213333432,26.61512571363884,347.0,270.0,7.0,7.0,0.03928240831279905,1.0,1005.6814285714287,0.020172910662824207,0.025925925925925925,0.0,0.5289634146341463,"266,-820"
120710104202,1779,0.10764474423833614,0.11973018549747048,-82.0244640991955,26.62713956503968,1195.0,946.0,32.0,24.0,0.05963740434776297,11.0,8383.2475,0.026778242677824266,0.02536997885835095,0.0321285140562249,0.671725688589095,"266,-820"
120710104203,1192,0.008808724832214765,0.01761744966442953,-82.02391854972885,26.615422771736366,591.0,508.0,16.0,14.0,0.1285254353542904,6.0,16714.87125,0.02707275803722504,0.027559055118110236,0.024096385542168676,0.49580536912751677,"266,-820"
120710104211,644,0.0015527950310559005,0.003105590062111801,-82.01145151312072,26.599641411773717,359.0,303.0,19.0,18.0,0.04663201706521872,8.0,4659.222631578948,0.052924791086350974,0.0594059405940594,0.017857142857142856,0.5574534161490683,"266,-820"
120710104212,1291,0.0,0.0,-81.99915191159019,26.599518719865134,126.0,8.0,4.0,1.0,0.07436908096845507,1.0,4660.3324999999995,0.031746031746031744,0.125,0.025423728813559324,0.09759876065065841,"266,-820"
120710104213,1392,0.0,0.0,-81.99908203644272,26.58549958667143,443.0,284.0,17.0,9.0,0.08305368241513522,5.0,5967.5552941176475,0.03837471783295711,0.03169014084507042,0.050314465408805034,0.3182471264367816,"266,-820"
120710104221,1244,0.10289389067524116,0.14308681672025725,-82.01496171612142,26.58107233673571,1113.0,1026.0,123.0,118.0,0.12006225506752533,54.0,15081.59325203252,0.1105121293800539,0.11500974658869395,0.05747126436781609,0.8946945337620579,"266,-820"
120710104222,1388,0.31195965417867433,0.33285302593659943,-82.03026234949031,26.583240330707408,725.0,689.0,149.0,146.0,0.10300919818748049,87.0,17031.040268456374,0.20551724137931035,0.21190130624092887,0.08333333333333333,0.5223342939481268,"266,-820"
120710104231,1148,0.1763937282229965,0.18902439024390244,-82.02340345133628,26.598178234959107,567.0,519.0,64.0,63.0,0.11861468280892833,40.0,22283.86078125,0.1128747795414462,0.12138728323699421,0.020833333333333332,0.49390243902439024,"266,-820"
120710104232,699,0.5264663805436338,0.3290414878397711,-82.03254908861858,26.60395287692483,669.0,652.0,136.0,134.0,0.1972282907858467,81.0,43156.23448529412,0.20328849028400597,0.20552147239263804,0.11764705882352941,0.9570815450643777,"266,-820"
120710105011,408,0.0,0.0,-81.9610333787865,26.587532265061714,260.0,247.0,9.0,9.0,0.025696803945078044,3.0,637.1955555555555,0.03461538461538462,0.03643724696356275,0.0,0.6372549019607843,"266,-820"
120710105012,567,0.0,0.0,-81.9609023590236,26.594321510778023,124.0,33.0,5.0,2.0,0.0,2.0,0.0,0.04032258064516129,0.06060606060606061,0.03296703296703297,0.21869488536155202,"266,-820"
120710105013,279,0.0,0.0,-81.96083018600228,26.602833583583227,41.0,10.0,0.0,0.0,,0.0,,0.0,0.0,0.0,0.14695340501792115,"266,-820"
120710105014,526,0.0,0.0,-81.95447347313424,26.59762532612057,77.0,18.0,4.0,3.0,0.0,1.0,0.0,0.05194805194805195,0.16666666666666666,0.01694915254237288,0.14638783269961977,"266,-820"
120710105031,509,0.021611001964636542,0.03929273084479371,-81.95887203102477,26.579354640902423,359.0,329.0,9.0,9.0,0.3923612811461211,7.0,77798.93666666668,0.025069637883008356,0.02735562310030395,0.0,0.7053045186640472,"266,-820"
120710105032,343,0.8935860058309038,0.8600583090379009,-81.96858502461802,26.57356800486446,277.0,277.0,124.0,124.0,0.4379393594755503,113.0,104440.69516129032,0.44765342960288806,0.44765342960288806,,0.8075801749271136,"266,-820"
120710105033,570,0.06491228070175438,0.12631578947368421,-81.96827123443462,26.583930904089698,400.0,397.0,21.0,21.0,0.16665003598154723,11.0,17429.054285714283,0.0525,0.05289672544080604,0.0,0.7017543859649122,"266,-820"
120710105041,314,0.1926751592356688,0.2515923566878981,-81.95871791588574,26.571955637832627,323.0,304.0,14.0,11.0,0.053766999910043106,6.0,4647.736428571428,0.043343653250773995,0.03618421052631579,0.15789473684210525,1.0286624203821657,"266,-820"
120710105042,154,0.0,0.0,-81.95308187977143,26.581172300722884,257.0,90.0,2.0,2.0,0.0029812038518768074,2.0,0.0,0.007782101167315175,0.022222222222222223,0.0,1.6688311688311688,"266,-820"
120710105043,325,1.426153846153846,0.9384615384615385,-81.96851628036696,26.56645331732817,174.0,174.0,123.0,123.0,0.5131679651361718,109.0,93983.45040650407,0.7068965517241379,0.7068965517241379,,0.5353846153846153,"266,-820"
120710106011,441,0.0,0.0,-81.94649047158367,26.603486201708147,77.0,13.0,2.0,1.0,0.0,1.0,4489.82,0.025974025974025976,0.07692307692307693,0.015625,0.1746031746031746,"266,-819"
120710106012,596,0.0,0.0,-81.9476116924226,26.59651907480246,104.0,7.0,4.0,0.0,,0.0,0.0,0.038461538461538464,0.0,0.041237113402061855,0.174496644295302,"266,-819"
120710106013,532,0.0,0.0,-81.94772108288689,26.588958072780994,94.0,4.0,1.0,0.0,0.0,1.0,0.0,0.010638297872340425,0.0,0.011111111111111112,0.17669172932330826,"266,-819"
120710106014,606,0.0,0.0,-81.94756565781313,26.584069718667322,226.0,38.0,7.0,0.0,0.0,1.0,0.0,0.030973451327433628,0.0,0.03723404255319149,0.37293729372937295,"266,-819"
120710106021,294,0.003401360544217687,0.006802721088435374,-81.95115922240261,26.572796573250386,151.0,92.0,5.0,1.0,0.021753500390601525,1.0,468.73199999999997,0.033112582781456956,0.010869565217391304,0.06779661016949153,0.5136054421768708,"266,-820"
120710106022,658,0.4148936170212766,0.3951367781155015,-81.9494405897209,26.56782660573806,522.0,500.0,23.0,22.0,0.12014201790214715,10.0,24914.808260869562,0.044061302681992334,0.044,0.045454545454545456,0.7933130699088146,"266,-819"
120710106023,247,0.5040485829959515,0.6518218623481782,-81.96004409945523,26.567138623800346,360.0,355.0,6.0,6.0,0.0,3.0,0.0,0.016666666666666666,0.016901408450704224,0.0,1.45748987854251,"266,-820"
120710107011,576,0.06510416666666667,0.10590277777777778,-81.92265836273164,26.604466019462123,406.0,403.0,41.0,41.0,0.12035203411239431,13.0,15825.592195121952,0.10098522167487685,0.10173697270471464,0.0,0.7048611111111112,"266,-819"
120710107012,879,0.21046643913538113,0.3594994311717861,-81.93451586978057,26.590829445058464,474.0,409.0,72.0,67.0,0.19078313778722555,43.0,31836.191805555558,0.1518987341772152,0.16381418092909536,0.07692307692307693,0.5392491467576792,"266,-819"
120710107013,447,0.10067114093959731,0.18791946308724833,-81.93493772093889,26.603023754350545,263.0,252.0,18.0,18.0,0.05405712733619103,6.0,5496.368333333334,0.06844106463878327,0.07142857142857142,0.0,0.5883668903803132,"266,-819"
120710107014,366,0.13797814207650272,0.1994535519125683,-81.93349600649415,26.597931590308566,161.0,133.0,15.0,15.0,0.0884637326934319,9.0,11330.080666666667,0.09316770186335403,0.11278195488721804,0.0,0.43989071038251365,"266,-819"
120710107021,269,0.7565055762081785,0.8587360594795539,-81.93644260984041,26.572604744561676,802.0,802.0,79.0,79.0,0.09781366635003903,50.0,34583.98316455696,0.09850374064837905,0.09850374064837905,,2.9814126394052045,"266,-819"
120710107022,759,0.5461133069828722,0.5520421607378129,-81.93639037177975,26.580498225515857,604.0,565.0,179.0,176.0,0.32443568476597984,133.0,82670.88581005587,0.29635761589403975,0.31150442477876106,0.07692307692307693,0.7957839262187089,"266,-819"
120710107023,323,0.7910216718266254,0.8513931888544891,-81.93896391599073,26.567085934118825,314.0,313.0,38.0,38.0,0.1752011501008723,25.0,38356.51342105263,0.12101910828025478,0.12140575079872204,0.0,0.9721362229102167,"266,-819"
120710108011,674,1.824925816023739,0.9910979228486647,-81.977996277114,26.550479244350292,430.0,430.0,312.0,312.0,0.4440658493206461,257.0,120535.6342948718,0.7255813953488373,0.7255813953488373,,0.6379821958456974,"266,-820"
120710108012,568,1.6830985915492958,0.9647887323943662,-81.97411143748673,26.559900442633378,444.0,444.0,188.0,188.0,0.4443888109842906,158.0,129799.2699468085,0.42342342342342343,0.42342342342342343,,0.7816901408450704,"266,-820"
120710108021,73,1.8356164383561644,0.9863013698630136,-81.9601046768376,26.56117460853131,109.0,109.0,41.0,41.0,0.2908261938350119,33.0,120051.68146341464,0.3761467889908257,0.3761467889908257,,1.4931506849315068,"266,-820"
120710108022,607,2.0510708401976934,0.9950576606260296,-81.9651791532706,26.555134915630013,370.0,370.0,210.0,210.0,0.45598228274664176,169.0,116174.9319047619,0.5675675675675675,0.5675675675675675,,0.6095551894563427,"266,-820"
120710108023,338,1.6316568047337279,0.9378698224852071,-81.94336559618611,26.559643385165774,225.0,225.0,81.0,81.0,0.3794727714861594,70.0,94666.96851851852,0.36,0.36,,0.665680473372781,"266,-819"
120710108024,418,1.7523923444976077,0.8588516746411483,-81.95265307570385,26.555226399041512,237.0,237.0,138.0,138.0,0.49096698158365293,112.0,110983.73869565217,0.5822784810126582,0.5822784810126582,,0.5669856459330144,"266,-820"
120710108025,458,1.9148471615720524,0.9868995633187773,-81.95238321479056,26.559722651320033,380.0,380.0,108.0,108.0,0.4291499295548028,91.0,126472.75814814816,0.28421052631578947,0.28421052631578947,,0.8296943231441049,"266,-820"
120710108031,706,2.2655807365439093,0.9844192634560907,-81.96526506626063,26.54907716720559,287.0,286.0,245.0,245.0,0.4276810286740753,212.0,125163.30779591837,0.8536585365853658,0.8566433566433567,0.0,0.4065155807365439,"265,-820"
120710108032,716,2.0621508379888267,0.9622905027932961,-81.95153104204032,26.548699011623594,462.0,462.0,315.0,315.0,0.4395240959562702,263.0,107562.03933333333,0.6818181818181818,0.6818181818181818,,0.6452513966480447,"265,-820"
120710201021,1183,0.0,0.0,-81.89340288804725,26.72234313997944,78.0,4.0,2.0,0.0,,0.0,0.0,0.02564102564102564,0.0,0.02702702702702703,0.06593406593406594,"267,-819"
120710201022,590,0.0,0.0,-81.89450369269294,26.71522039244422,22.0,21.0,2.0,2.0,0.41962381116473,2.0,14409.904999999999,0.09090909090909091,0.09523809523809523,0.0,0.03728813559322034,"267,-819"
120710201023,626,0.0,0.0,-81.89374857607649,26.708464950314767,73.0,0.0,2.0,0.0,0.06498269620907753,1.0,8154.99,0.0273972602739726,,0.0273972602739726,0.11661341853035144,"267,-819"
120710201024,848,0.0,0.0,-81.88628516320442,26.701870553708716,26.0,19.0,3.0,3.0,0.2200027470464624,2.0,14031.326666666668,0.11538461538461539,0.15789473684210525,0.0,0.030660377358490566,"267,-819"
120710201031,955,0.0,0.0,-81.90023595031218,26.73081765869505,49.0,1.0,0.0,0.0,,0.0,,0.0,0.0,0.0,0.05130890052356021,"267,-819"
120710201032,1000,0.0,0.0,-81.91068260077678,26.74698292674953,28.0,17.0,0.0,0.0,,0.0,,0.0,0.0,0.0,0.028,"267,-819"
120710201041,1183,0.0,0.0,-81.91157511516514,26.760419508641835,282.0,109.0,2.0,0.0,0.002526423239691215,2.0,0.0,0.0070921985815602835,0.0,0.011560693641618497,0.23837700760777683,"268,-819"
120710201042,1086,0.0,0.0,-81.90543603903647,26.765281653701894,150.0,28.0,0.0,0.0,,0.0,,0.0,0.0,0.0,0.13812154696132597,"268,-819"
120710202011,1033,0.0,0.0,-81.84592312307149,26.716704116177702,105.0,70.0,5.0,5.0,0.098375760467288,3.0,13265.514,0.047619047619047616,0.07142857142857142,0.0,0.10164569215876089,"267,-818"
120710202021,958,0.021920668058455117,0.020876826722338204,-81.81233677539332,26.73089513666364,228.0,213.0,4.0,4.0,0.29525816237008445,3.0,77036.42249999999,0.017543859649122806,0.018779342723004695,0.0,0.23799582463465555,"267,-818"
120710202022,1030,0.0,0.0,-81.82927764114011,26.75420737306438,210.0,192.0,8.0,8.0,0.34179598874671024,1.0,3578.7625,0.0380952380952381,0.041666666666666664,0.0,0.20388349514563106,"268,-818"
120710203011,374,0.0,0.0,-81.87159778653721,26.70177539031292,28.0,28.0,0.0,0.0,,0.0,,0.0,0.0,,0.0748663101604278,"267,-819"
120710203012,607,0.0,0.0,-81.86171052946385,26.707496184068624,22.0,13.0,0.0,0.0,,0.0,,0.0,0.0,0.0,0.036243822075782535,"267,-819"
120710203013,844,0.0,0.0,-81.86130515417148,26.6947491214817,40.0,24.0,3.0,3.0,0.23750655250742617,1.0,2147.04,0.075,0.125,0.0,0.04739336492890995,"267,-819"
120710203021,518,0.0,0.0,-81.87423882719946,26.715618342030986,9.0,7.0,0.0,0.0,,0.0,,0.0,0.0,0.0,0.017374517374517374,"267,-819"
120710203022,642,0.0,0.0,-81.86729376856472,26.717147331239378,21.0,21.0,0.0,0.0,,0.0,,0.0,0.0,,0.03271028037383177,"267,-819"
120710204001,583,0.8902229845626072,0.5317324185248714,-81.85292709456614,26.689881157418572,543.0,508.0,208.0,206.0,0.34838241212862947,145.0,142336.71846153846,0.3830570902394107,0.40551181102362205,0.05714285714285714,0.9313893653516295,"267,-819"
120710204002,488,1.6557377049180328,0.8688524590163934,-81.82031952277103,26.711477451497814,114.0,100.0,72.0,72.0,0.5643120857193533,64.0,142832.86013888888,0.631578947368421,0.72,0.0,0.2336065573770492,"267,-818"
120710204003,895,1.3251396648044693,0.6547486033519553,-81.83975472987385,26.699795179700413,245.0,229.0,170.0,169.0,0.48949994957398274,148.0,143264.44076470588,0.6938775510204082,0.7379912663755459,0.0625,0.2737430167597765,"267,-818"
120710205011,1304,0.0,0.0,-81.88275717185572,26.692262840594193,52.0,47.0,1.0,1.0,0.1411350703803534,1.0,25159.78,0.019230769230769232,0.02127659574468085,0.0,0.03987730061349693,"267,-819"
120710205012,894,0.0,0.0,-81.87144569472619,26.6912760727328,68.0,65.0,0.0,0.0,,0.0,,0.0,0.0,0.0,0.07606263982102908,"267,-819"
120710205021,389,2.588688946015424,0.8637532133676092,-81.87886319524081,26.67147818810024,120.0,118.0,93.0,93.0,0.5024433381378853,83.0,98137.01397849464,0.775,0.788135593220339,0.0,0.30848329048843187,"267,-819"
120710205022,442,1.4762443438914028,0.6855203619909502,-81.87471803874283,26.675087356611282,153.0,145.0,124.0,124.0,0.4999876101586688,103.0,94746.20693548387,0.8104575163398693,0.8551724137931035,0.0,0.34615384615384615,"267,-819"
120710205023,682,0.8834310850439883,0.4178885630498534,-81.86770584928247,26.680616749286862,70.0,45.0,29.0,27.0,0.5198053446950849,27.0,44104.89068965518,0.4142857142857143,0.6,0.08,0.10263929618768329,"267,-819"
120710205024,788,2.21002538071066,0.9860406091370558,-81.86236291747355,26.682416562736602,623.0,606.0,341.0,339.0,0.6241816151215638,244.0,121353.53665689149,0.5473515248796148,0.5594059405940595,0.11764705882352941,0.7906091370558376,"267,-819"
120710206001,275,1.4727272727272727,0.7563636363636363,-81.89570051160295,26.66929666728941,172.0,171.0,73.0,73.0,0.5164710395405816,63.0,119333.84328767125,0.42441860465116277,0.4269005847953216,0.0,0.6254545454545455,"267,-819"
120710206002,127,1.2598425196850394,0.8976377952755905,-81.88810959486602,26.65895057811808,535.0,534.0,64.0,64.0,0.2614189353981783,39.0,227378.421875,0.11962616822429907,0.1198501872659176,0.0,4.21259842519685,"267,-819"
120710206003,490,0.15,0.19387755102040816,-81.88985865413498,26.677551593849945,154.0,153.0,4.0,4.0,0.38387906058574606,3.0,18558.8275,0.025974025974025976,0.026143790849673203,0.0,0.3142857142857143,"267,-819"
120710206004,773,2.2904269081500646,0.9586028460543338,-81.88334950174934,26.667744174555644,92.0,92.0,61.0,61.0,0.5652269261941116,49.0,94235.07213114755,0.6630434782608695,0.6630434782608695,,0.11901681759379043,"267,-819"
120710207001,379,1.420844327176781,0.6781002638522428,-81.90733727118429,26.673178133750458,58.0,55.0,33.0,33.0,0.5051428755822572,31.0,103590.00333333333,0.5689655172413793,0.6,0.0,0.15303430079155672,"267,-819"
120710207002,1039,0.31520692974013476,0.18575553416746873,-81.90844276320833,26.661632097255143,423.0,332.0,116.0,115.0,0.43924431982780626,96.0,107386.51870689655,0.27423167848699764,0.3463855421686747,0.01098901098901099,0.40712223291626565,"267,-819"
120710207003,625,0.816,0.5312,-81.90326466563326,26.652294223388612,515.0,515.0,111.0,111.0,0.2206023325289576,63.0,59838.38126126127,0.21553398058252426,0.21553398058252426,,0.824,"267,-819"
120710208011,845,0.0,0.0,-81.9046936966331,26.69731757969991,35.0,33.0,1.0,1.0,,0.0,0.0,0.02857142857142857,0.030303030303030304,0.0,0.04142011834319527,"267,-819"
120710208012,657,0.0,0.0,-81.91107884898352,26.692276334353597,9.0,2.0,1.0,0.0,0.3354397416756363,1.0,36643.71,0.1111111111111111,0.0,0.14285714285714285,0.0136986301369863,"267,-819"
120710208021,366,0.0,0.0,-81.89639379609523,26.685664261261106,46.0,46.0,3.0,3.0,0.21980444927325102,2.0,5423.833333333333,0.06521739130434782,0.06521739130434782,,0.12568306010928962,"267,-819"
120710208022,589,0.0,0.0,-81.90481169002105,26.703832187525286,32.0,27.0,5.0,4.0,0.1417236351144342,3.0,8221.23,0.15625,0.14814814814814814,0.2,0.05432937181663837,"267,-819"
120710208023,655,0.0,0.0,-81.89210255774937,26.690096452047698,54.0,53.0,13.0,13.0,0.030013562218474236,8.0,3272.691538461538,0.24074074074074073,0.24528301886792453,0.0,0.08244274809160305,"267,-819"
120710301001,611,0.030278232405891982,0.027823240589198037,-81.78126464654555,26.725379974239956,71.0,55.0,5.0,5.0,0.4386868506026811,4.0,87697.346,0.07042253521126761,0.09090909090909091,0.0,0.11620294599018004,"267,-818"
120710301002,359,1.722841225626741,0.7938718662952646,-81.78396942756723,26.711611579481577,271.0,260.0,75.0,74.0,0.43165412622805777,51.0,154706.99293333336,0.2767527675276753,0.2846153846153846,0.09090909090909091,0.754874651810585,"267,-818"
120710301003,841,0.6319857312722948,0.25326991676575505,-81.7572760045138,26.74080184526491,147.0,135.0,58.0,56.0,0.42470305119328833,48.0,117889.87465517242,0.3945578231292517,0.4148148148148148,0.16666666666666666,0.17479191438763378,"267,-818"
120710302011,501,0.10079840319361277,0.18562874251497005,-81.74545015812834,26.699133093502773,592.0,494.0,4.0,4.0,0.031167497773185573,4.0,12705.050000000001,0.006756756756756757,0.008097165991902834,0.0,1.181636726546906,"267,-817"
120710302012,990,0.1797979797979798,0.11717171717171718,-81.73966671137056,26.694193018712525,237.0,170.0,9.0,7.0,0.06222665491196164,6.0,18227.144444444442,0.0379746835443038,0.041176470588235294,0.029850746268656716,0.23939393939393938,"267,-817"
120710302021,461,2.6691973969631237,0.8611713665943601,-81.79008431301484,26.694035882138973,26.0,26.0,19.0,19.0,0.6778844283179251,14.0,54449.27789473684,0.7307692307692307,0.7307692307692307,,0.05639913232104121,"267,-818"
120710302022,351,1.5,0.6467236467236467,-81.73056490355243,26.71652949605539,129.0,124.0,102.0,102.0,0.5240769365504613,94.0,146472.72156862746,0.7906976744186046,0.8225806451612904,0.0,0.36752136752136755,"267,-817"
120710302023,453,0.06512141280353201,0.09050772626931568,-81.72959766987917,26.71058489248368,26.0,13.0,1.0,0.0,,0.0,0.0,0.038461538461538464,0.0,0.07692307692307693,0.05739514348785872,"267,-817"
120710302024,1028,1.3365758754863812,0.669260700389105,-81.7470423818733,26.71129341120669,336.0,326.0,226.0,226.0,0.5202414224215144,202.0,115123.18809734513,0.6726190476190477,0.6932515337423313,0.0,0.32684824902723736,"267,-817"
120710302025,480,0.015625,0.022916666666666665,-81.74426371316027,26.707453459438703,17.0,7.0,1.0,0.0,,0.0,0.0,0.058823529411764705,0.0,0.1,0.035416666666666666,"267,-817"
120710302051,885,0.031073446327683617,0.03954802259887006,-81.70819211201163,26.706571638916,126.0,75.0,17.0,17.0,0.20817041752092627,13.0,44752.59705882353,0.1349206349206349,0.22666666666666666,0.0,0.1423728813559322,"267,-817"
120710302052,550,1.528181818181818,0.6345454545454545,-81.70883592707621,26.719975948042382,166.0,154.0,107.0,105.0,0.5133152018379242,89.0,121117.37757009346,0.6445783132530121,0.6818181818181818,0.16666666666666666,0.3018181818181818,"267,-817"
120710303001,292,0.0,0.0,-81.59079959070489,26.70558640745325,18.0,12.0,2.0,2.0,0.3432697635625181,2.0,49615.995,0.1111111111111111,0.16666666666666666,0.0,0.06164383561643835,"267,-816"
120710303002,536,0.0,0.0,-81.60201490371534,26.71859744675563,15.0,7.0,2.0,0.0,0.10829005530588,2.0,54068.729999999996,0.13333333333333333,0.0,0.25,0.027985074626865673,"267,-816"
120710303003,683,0.1295754026354319,0.08931185944363104,-81.64974588965478,26.729923733880533,116.0,103.0,16.0,16.0,0.2466374630360126,12.0,71695.155625,0.13793103448275862,0.1553398058252427,0.0,0.1698389458272328,"267,-816"
120710303004,607,0.09472817133443164,0.09719934102141681,-81.63856043885201,26.711352181563715,79.0,74.0,29.0,29.0,0.21724224830287653,24.0,75026.1851724138,0.3670886075949367,0.3918918918918919,0.0,0.1301482701812191,"267,-816"
120710401081,601,0.0,0.0,-81.83041441836775,26.53102485190086,146.0,3.0,0.0,0.0,,0.0,,0.0,0.0,0.0,0.24292845257903495,"265,-818"
120710401082,620,0.0,0.0,-81.8194656239219,26.542568395871264,56.0,0.0,1.0,0.0,,0.0,0.0,0.017857142857142856,,0.017857142857142856,0.09032258064516129,"265,-818"
120710401091,455,0.0,0.0,-81.7277452761693,26.60459869437115,114.0,1.0,1.0,0.0,0.05036867671010746,1.0,19811.11,0.008771929824561403,0.0,0.008849557522123894,0.25054945054945055,"266,-817"
120710401092,498,0.0,0.0,-81.71827800090865,26.606099767618158,1.0,0.0,0.0,0.0,,0.0,,0.0,,0.0,0.002008032128514056,"266,-817"
120710401093,487,0.0,0.0,-81.73418652203486,26.60892100775046,42.0,0.0,0.0,0.0,,0.0,,0.0,,0.0,0.08624229979466119,"266,-817"
120710401101,947,0.0,0.0,-81.79608325783751,26.625268823134395,303.0,269.0,7.0,7.0,0.0,2.0,0.0,0.0231023102310231,0.026022304832713755,0.0,0.3199577613516367,"266,-818"
120710401111,838,0.0,0.0,-81.81007773587257,26.524032066041592,88.0,0.0,0.0,0.0,,0.0,,0.0,,0.0,0.10501193317422435,"265,-818"
120710401112,220,0.0,0.0,-81.81338927394178,26.52784934239837,59.0,0.0,0.0,0.0,,0.0,,0.0,,0.0,0.2681818181818182,"265,-818"
120710401113,356,0.0,0.0,-81.81717743638879,26.53670463771123,22.0,0.0,0.0,0.0,,0.0,,0.0,,0.0,0.06179775280898876,"265,-818"
120710401131,1002,0.031936127744510975,0.041916167664670656,-81.83377653682807,26.5120250453451,269.0,171.0,7.0,7.0,0.014726294904412528,4.0,925.6328571428572,0.026022304832713755,0.04093567251461988,0.0,0.2684630738522954,"265,-818"
120710401171,214,0.0,0.0,-81.82587666227147,26.553363367595814,63.0,14.0,3.0,0.0,,0.0,0.0,0.047619047619047616,0.0,0.061224489795918366,0.29439252336448596,"266,-818"
120710401172,312,0.0,0.0,-81.80013290111872,26.55918409551248,88.0,3.0,1.0,0.0,,0.0,0.0,0.011363636363636364,0.0,0.011764705882352941,0.28205128205128205,"266,-818"
120710401173,503,0.0,0.0,-81.81705325966324,26.55762790614481,78.0,1.0,0.0,0.0,,0.0,,0.0,0.0,0.0,0.1550695825049702,"266,-818"
120710401174,563,0.0,0.0,-81.81051817615602,26.558658924521744,38.0,19.0,1.0,1.0,,0.0,0.0,0.02631578947368421,0.05263157894736842,0.0,0.0674955595026643,"266,-818"
120710401181,471,0.0,0.0,-81.77760889851673,26.444568262294784,176.0,26.0,1.0,0.0,,0.0,0.0,0.005681818181818182,0.0,0.006666666666666667,0.37367303609341823,"264,-818"
120710401182,664,0.0,0.0,-81.76235985790906,26.44585983129659,115.0,0.0,0.0,0.0,,0.0,,0.0,,0.0,0.17319277108433734,"264,-818"
120710401201,1049,0.0,0.0,-81.65435493487944,26.548232531716273,14.0,0.0,0.0,0.0,,0.0,,0.0,,0.0,0.01334604385128694,"265,-817"
120710401211,586,0.0,0.0,-81.7559386430829,26.61303480900231,18.0,0.0,0.0,0.0,,0.0,,0.0,,0.0,0.030716723549488054,"266,-818"
120710401212,629,0.0,0.0,-81.7342237074907,26.616552610666513,14.0,0.0,0.0,0.0,,0.0,,0.0,,0.0,0.022257551669316374,"266,-817"
120710401221,420,0.0,0.0,-81.73913015988563,26.600367336420966,3.0,0.0,0.0,0.0,,0.0,,0.0,,0.0,0.007142857142857143,"266,-817"
120710401222,293,0.0,0.0,-81.71950043781797,26.59559172382845,1.0,0.0,0.0,0.0,,0.0,,0.0,,0.0,0.0034129692832764505,"266,-817"
120710401223,273,0.0,0.0,-81.71776039780775,26.588142318746957,2.0,0.0,0.0,0.0,,0.0,,0.0,,0.0,0.007326007326007326,"266,-817"
120710401224,284,0.0,0.0,-81.72716372362099,26.592295203250497,1.0,0.0,0.0,0.0,,0.0,,0.0,,0.0,0.0035211267605633804,"266,-817"
120710401231,527,0.49335863377609107,0.2998102466793169,-81.75655926896866,26.68298788350724,188.0,169.0,39.0,39.0,0.3087566428066846,34.0,69375.77282051282,0.2074468085106383,0.23076923076923078,0.0,0.3567362428842505,"267,-818"
120710401232,284,0.0,0.0,-81.76361605394656,26.624527800662516,13.0,0.0,0.0,0.0,,0.0,,0.0,,0.0,0.045774647887323945,"266,-818"
120710401233,900,0.03722222222222222,0.03666666666666667,-81.74030908743852,26.65144359997566,77.0,41.0,14.0,13.0,0.31038925792799704,10.0,77644.73642857143,0.18181818181818182,0.3170731707317073,0.027777777777777776,0.08555555555555555,"267,-817"
120710401234,1179,0.0,0.0,-81.78342285880247,26.661548751873568,12.0,0.0,0.0,0.0,,0.0,,0.0,,0.0,0.010178117048346057,"267,-818"
120710401241,875,0.0,0.0,-81.7222741137215,26.626969797156303,34.0,0.0,0.0,0.0,,0.0,,0.0,,0.0,0.038857142857142854,"266,-817"
120710401242,874,0.0,0.0,-81.73981854169432,26.632136829169447,19.0,0.0,0.0,0.0,,0.0,,0.0,,0.0,0.021739130434782608,"266,-817"
120710401243,837,0.0,0.0,-81.73766184571649,26.624356594968315,10.0,0.0,0.0,0.0,,0.0,,0.0,,0.0,0.011947431302270013,"266,-817"
120710401251,1023,0.0,0.0,-81.67263998241323,26.62164103212696,20.0,1.0,0.0,0.0,,0.0,,0.0,0.0,0.0,0.019550342130987292,"266,-817"
120710401261,577,0.0,0.0,-81.70941764244552,26.622624721574496,4.0,0.0,0.0,0.0,,0.0,,0.0,,0.0,0.006932409012131715,"266,-817"
120710401262,742,0.0,0.0,-81.69634534236026,26.623232087987134,2.0,0.0,0.0,0.0,,0.0,,0.0,,0.0,0.0026954177897574125,"266,-817"
120710401271,1065,0.010328638497652582,0.009389671361502348,-81.70736037855794,26.63933865339644,47.0,39.0,8.0,8.0,0.41600747843113883,7.0,39247.926250000004,0.1702127659574468,0.20512820512820512,0.0,0.044131455399061034,"266,-817"
120710401272,544,0.0,0.0,-81.68481280186836,26.633158624579984,9.0,0.0,0.0,0.0,,0.0,,0.0,,0.0,0.016544117647058824,"266,-817"
120710401281,513,0.0,0.0,-81.77687150562231,26.591776864362366,86.0,2.0,0.0,0.0,,0.0,,0.0,0.0,0.0,0.16764132553606237,"266,-818"
120710401282,869,0.0,0.0,-81.7694056253143,26.598046098567632,489.0,58.0,1.0,1.0,,0.0,0.0,0.002044989775051125,0.017241379310344827,0.0,0.5627157652474108,"266,-818"
120710401291,799,0.0,0.0,-81.77154486294543,26.580471838409483,85.0,0.0,1.0,0.0,,0.0,0.0,0.011764705882352941,,0.011764705882352941,0.10638297872340426,"266,-818"
120710401292,448,0.0,0.0,-81.77658857799508,26.572920982735724,39.0,0.0,0.0,0.0,,0.0,,0.0,,0.0,0.08705357142857142,"266,-818"
120710401301,1062,0.0,0.0,-81.75796343794207,26.568779284460145,49.0,0.0,0.0,0.0,,0.0,,0.0,,0.0,0.046139359698681735,"266,-818"
120710401302,667,0.0,0.0,-81.75851612946805,26.58265984629973,35.0,0.0,1.0,0.0,,0.0,0.0,0.02857142857142857,,0.02857142857142857,0.05247376311844078,"266,-818"
120710401311,337,0.0,0.0,-81.78083812991268,26.55579546240235,27.0,0.0,0.0,0.0,,0.0,,0.0,,0.0,0.08011869436201781,"266,-818"
120710401312,606,0.0,0.0,-81.76735681306819,26.560196423838583,57.0,0.0,1.0,0.0,,0.0,0.0,0.017543859649122806,,0.017543859649122806,0.09405940594059406,"266,-818"
120710401321,255,0.0,0.0,-81.78798045340612,26.58990988645157,28.0,21.0,0.0,0.0,,0.0,,0.0,0.0,0.0,0.10980392156862745,"266,-818"
120710401322,787,0.0,0.0,-81.79050595786993,26.603378555186648,81.0,52.0,0.0,0.0,,0.0,,0.0,0.0,0.0,0.10292249047013977,"266,-818"
120710401331,401,0.0,0.0,-81.7877932980961,26.56922866342685,221.0,28.0,2.0,0.0,0.030156089231375468,1.0,2163.56,0.00904977375565611,0.0,0.010362694300518135,0.5511221945137157,"266,-818"
120710401332,1016,0.0,0.0,-81.78549029788576,26.578065652748485,90.0,0.0,0.0,0.0,,0.0,,0.0,,0.0,0.08858267716535433,"266,-818"
120710401341,208,0.0,0.0,-81.8088620996533,26.59988337865149,128.0,123.0,3.0,2.0,,0.0,0.0,0.0234375,0.016260162601626018,0.2,0.6153846153846154,"266,-818"
120710401351,519,0.0,0.0,-81.81295359245213,26.57571355831835,270.0,175.0,2.0,1.0,,0.0,0.0,0.007407407407407408,0.005714285714285714,0.010526315789473684,0.5202312138728323,"266,-818"
120710401352,504,0.0,0.0,-81.80214770474593,26.58229509919618,241.0,223.0,1.0,0.0,,0.0,0.0,0.004149377593360996,0.0,0.05555555555555555,0.4781746031746032,"266,-818"
120710401361,762,0.0,0.0,-81.75333845023397,26.600028199711858,64.0,0.0,1.0,0.0,,0.0,0.0,0.015625,,0.015625,0.08398950131233596,"266,-818"
120710401362,1358,0.0,0.0,-81.74479168931995,26.584368237858683,185.0,0.0,3.0,0.0,,0.0,0.0,0.016216216216216217,,0.016216216216216217,0.13622974963181148,"266,-817"
120710401371,433,0.0,0.0,-81.74505408286147,26.567752246128045,32.0,0.0,0.0,0.0,,0.0,,0.0,,0.0,0.07390300230946882,"266,-817"
120710401372,1444,0.0,0.0,-81.72981465420749,26.580234075104052,51.0,0.0,0.0,0.0,,0.0,,0.0,,0.0,0.035318559556786706,"266,-817"
120710401381,1344,0.0,0.0,-81.66626543430095,26.457985486428033,56.0,0.0,0.0,0.0,,0.0,,0.0,,0.0,0.041666666666666664,"265,-817"
120710401382,853,0.0,0.0,-81.77935580225423,26.475649887859785,133.0,51.0,2.0,0.0,,0.0,0.0,0.015037593984962405,0.0,0.024390243902439025,0.1559202813599062,"265,-818"
120710401383,1831,0.0,0.0,-81.74553757735379,26.473073813239502,172.0,47.0,2.0,1.0,,0.0,0.0,0.011627906976744186,0.02127659574468085,0.008,0.0939377389404697,"265,-817"
120710401384,1047,0.0,0.0,-81.66361204262971,26.51755414129542,64.0,0.0,1.0,0.0,0.044584545894791154,1.0,12869.05,0.015625,,0.015625,0.061127029608404965,"265,-817"
120710401391,141,0.0,0.0,-81.7711220746908,26.464313951960502,4.0,0.0,0.0,0.0,,0.0,,0.0,,0.0,0.028368794326241134,"265,-818"
120710402051,611,0.0,0.0,-81.70363410360498,26.679261808550905,10.0,0.0,0.0,0.0,,0.0,,0.0,,0.0,0.016366612111292964,"267,-817"
120710402052,616,0.0,0.0,-81.68659934916073,26.672943659467517,2.0,0.0,0.0,0.0,,0.0,,0.0,,0.0,0.003246753246753247,"267,-817"
120710402053,698,0.0,0.0,-81.67415027963533,26.650754479362583,6.0,0.0,0.0,0.0,,0.0,,0.0,,0.0,0.008595988538681949,"267,-817"
120710402054,444,0.0,0.0,-81.67172102798926,26.678108223712655,3.0,1.0,0.0,0.0,,0.0,,0.0,0.0,0.0,0.006756756756756757,"267,-817"
120710402055,428,0.0,0.0,-81.67158076998643,26.663950226601546,2.0,0.0,0.0,0.0,,0.0,,0.0,,0.0,0.004672897196261682,"267,-817"
120710402061,3603,0.0015265056897030252,0.002497918401332223,-81.70225230592446,26.690550105056733,252.0,92.0,5.0,3.0,0.0007447296058661778,2.0,14930.319999999998,0.01984126984126984,0.03260869565217391,0.0125,0.06994171523730225,"267,-817"
120710402071,513,0.0,0.0,-81.60184038231117,26.60627734575123,14.0,0.0,0.0,0.0,,0.0,,0.0,,0.0,0.02729044834307992,"266,-816"
120710402072,623,0.0,0.0,-81.59023353049078,26.607544168337114,11.0,0.0,0.0,0.0,,0.0,,0.0,,0.0,0.01765650080256822,"266,-816"
120710402073,354,0.0,0.0,-81.59024090650375,26.635433735115768,92.0,75.0,1.0,0.0,0.12501778178197165,1.0,14069.39,0.010869565217391304,0.0,0.058823529411764705,0.2598870056497175,"266,-816"
120710402074,746,0.0,0.0,-81.59107726093369,26.6215736057193,203.0,185.0,2.0,2.0,,0.0,0.0,0.009852216748768473,0.010810810810810811,0.0,0.27211796246648795,"266,-816"
120710402081,1249,0.0,0.0,-81.62959796654903,26.675736285227337,44.0,34.0,0.0,0.0,,0.0,,0.0,0.0,0.0,0.03522818254603683,"267,-816"
120710402091,433,0.0,0.0,-81.57371309878694,26.62065077926325,64.0,53.0,0.0,0.0,,0.0,,0.0,0.0,0.0,0.14780600461893764,"266,-816"
120710402092,482,0.0,0.0,-81.58390337479644,26.68212029651931,23.0,17.0,1.0,1.0,0.024662454080721385,1.0,3997.33,0.043478260869565216,0.058823529411764705,0.0,0.04771784232365145,"267,-816"
120710402093,599,0.0,0.0,-81.58339954279039,26.65803580716682,139.0,127.0,0.0,0.0,,0.0,,0.0,0.0,0.0,0.23205342237061768,"267,-816"
120710402101,388,0.0,0.0,-81.6121161505757,26.65065216393758,5.0,0.0,0.0,0.0,,0.0,,0.0,,0.0,0.01288659793814433,"267,-816"
120710402102,752,0.0,0.0,-81.64200669674767,26.65411238681234,9.0,2.0,0.0,0.0,,0.0,,0.0,0.0,0.0,0.011968085106382979,"267,-816"
120710402111,636,0.0,0.0,-81.61467446594445,26.610863331532563,4.0,0.0,0.0,0.0,,0.0,,0.0,,0.0,0.006289308176100629,"266,-816"
120710402112,653,0.0,0.0,-81.60923499353201,26.636026747203683,12.0,0.0,0.0,0.0,,0.0,,0.0,,0.0,0.018376722817764167,"266,-816"
120710402113,828,0.0,0.0,-81.61033660626545,26.621087216476553,8.0,0.0,0.0,0.0,,0.0,,0.0,,0.0,0.00966183574879227,"266,-816"
120710402121,615,0.0,0.0,-81.67040210286183,26.635450838475297,10.0,0.0,0.0,0.0,,0.0,,0.0,,0.0,0.016260162601626018,"266,-817"
120710402122,815,0.0,0.0,-81.65381925569649,26.62897272978941,19.0,0.0,0.0,0.0,,0.0,,0.0,,0.0,0.023312883435582823,"266,-817"
120710402123,469,0.0,0.0,-81.6356345972698,26.635113315710917,5.0,0.0,0.0,0.0,,0.0,,0.0,,0.0,0.010660980810234541,"266,-816"
120710402124,870,0.0,0.0,-81.63352098077709,26.61775942661249,11.0,0.0,0.0,0.0,,0.0,,0.0,,0.0,0.01264367816091954,"266,-816"
120710403011,418,0.0,0.0,-81.68714010613637,26.60930058554773,1.0,0.0,0.0,0.0,,0.0,,0.0,,0.0,0.0023923444976076554,"266,-817"
120710403012,545,0.0,0.0,-81.70439770301356,26.609201421488446,2.0,0.0,0.0,0.0,,0.0,,0.0,,0.0,0.003669724770642202,"266,-817"
120710403013,375,0.0,0.0,-81.68681155707166,26.60266416624475,2.0,0.0,0.0,0.0,,0.0,,0.0,,0.0,0.005333333333333333,"266,-817"
120710403014,471,0.0,0.0,-81.698759201164,26.6151446917353,3.0,0.0,0.0,0.0,,0.0,,0.0,,0.0,0.006369426751592357,"266,-817"
120710403015,439,0.0,0.0,-81.7038744331016,26.602458400945316,2.0,0.0,0.0,0.0,,0.0,,0.0,,0.0,0.004555808656036446,"266,-817"
120710403016,987,0.0,0.0,-81.69586054831082,26.595220731591663,6.0,0.0,0.0,0.0,,0.0,,0.0,,0.0,0.0060790273556231,"266,-817"
120710403021,448,0.0,0.0,-81.70305954443346,26.588139816908388,4.0,0.0,1.0,0.0,0.19549640215367584,1.0,41250.01,0.25,,0.25,0.008928571428571428,"266,-817"
120710403022,823,0.0,0.0,-81.68596408607779,26.584204521182073,8.0,0.0,0.0,0.0,,0.0,,0.0,,0.0,0.009720534629404616,"266,-817"
120710403023,612,0.0,0.0,-81.6944870711704,26.578373374152086,1.0,0.0,0.0,0.0,,0.0,,0.0,,0.0,0.0016339869281045752,"266,-817"
120710403031,807,0.0,0.0,-81.66836497436364,26.578580924159162,4.0,0.0,0.0,0.0,,0.0,,0.0,,0.0,0.004956629491945477,"266,-817"
120710403032,781,0.0,0.0,-81.67064612395495,26.591886422052312,3.0,0.0,0.0,0.0,,0.0,,0.0,,0.0,0.0038412291933418692,"266,-817"
120710403033,393,0.0,0.0,-81.6686037762639,26.567917986748835,1.0,0.0,0.0,0.0,,0.0,,0.0,,0.0,0.002544529262086514,"266,-817"
120710403034,771,0.0,0.0,-81.67086927199207,26.606008158875227,3.0,0.0,0.0,0.0,,0.0,,0.0,,0.0,0.0038910505836575876,"266,-817"
120710403041,618,0.0,0.0,-81.66197016681974,26.611470963832193,5.0,0.0,0.0,0.0,,0.0,,0.0,,0.0,0.008090614886731391,"266,-817"
120710403042,985,0.0,0.0,-81.65615254441617,26.597518488927477,23.0,0.0,0.0,0.0,,0.0,,0.0,,0.0,0.023350253807106598,"266,-817"
120710403043,361,0.0,0.0,-81.64921603598333,26.601755898357606,0.0,0.0,0.0,0.0,,0.0,,,,,0.0,"266,-816"
120710403044,511,0.0,0.0,-81.64781700151488,26.59194804213739,1.0,0.0,0.0,0.0,,0.0,,0.0,,0.0,0.0019569471624266144,"266,-816"
120710403051,887,0.0,0.0,-81.62966177145199,26.605880946165385,7.0,0.0,0.0,0.0,,0.0,,0.0,,0.0,0.007891770011273957,"266,-816"
120710403052,550,0.0,0.0,-81.64649414461803,26.609505419239554,5.0,0.0,0.0,0.0,,0.0,,0.0,,0.0,0.00909090909090909,"266,-816"
120710403081,463,0.0,0.0,-81.57669151286568,26.551689055485987,3.0,0.0,0.0,0.0,,0.0,,0.0,,0.0,0.0064794816414686825,"266,-816"
120710403082,517,0.0,0.0,-81.57452807990275,26.53227072156363,1.0,0.0,0.0,0.0,,0.0,,0.0,,0.0,0.0019342359767891683,"265,-816"
120710403083,593,0.0,0.0,-81.59616941341625,26.54540214086532,4.0,0.0,0.0,0.0,,0.0,,0.0,,0.0,0.006745362563237774,"265,-816"
120710403101,465,0.0,0.0,-81.62512349331995,26.555904831666954,12.0,0.0,0.0,0.0,,0.0,,0.0,,0.0,0.025806451612903226,"266,-816"
120710403102,510,0.0,0.0,-81.65377688121926,26.56809288205927,0.0,0.0,0.0,0.0,,0.0,,,,,0.0,"266,-817"
120710403111,1189,0.0,0.0,-81.63559397439997,26.57880296963062,19.0,0.0,0.0,0.0,,0.0,,0.0,,0.0,0.0159798149705635,"266,-816"
120710403112,360,0.0,0.0,-81.64384189560229,26.590533022579404,7.0,0.0,0.0,0.0,,0.0,,0.0,,0.0,0.019444444444444445,"266,-816"
120710403113,734,0.0,0.0,-81.64179438651436,26.593755719173025,4.0,0.0,0.0,0.0,,0.0,,0.0,,0.0,0.005449591280653951,"266,-816"
120710403121,346,0.0,0.0,-81.60982352366669,26.543022042540674,0.0,0.0,0.0,0.0,,0.0,,,,,0.0,"265,-816"
120710403122,390,0.0,0.0,-81.62214190532856,26.5472943856918,1.0,0.0,0.0,0.0,,0.0,,0.0,,0.0,0.002564102564102564,"265,-816"
120710403131,722,0.0,0.0,-81.60194133430811,26.584505840731165,10.0,0.0,0.0,0.0,,0.0,,0.0,,0.0,0.013850415512465374,"266,-816"
120710403141,588,0.0,0.0,-81.58566506753563,26.587222578159945,5.0,0.0,0.0,0.0,,0.0,,0.0,,0.0,0.008503401360544218,"266,-816"
120710403142,569,0.0,0.0,-81.57755983986976,26.57169074951156,0.0,0.0,0.0,0.0,,0.0,,,,,0.0,"266,-816"
120710403151,474,0.0,0.0,-81.60894381023927,26.57712705989458,0.0,0.0,0.0,0.0,,0.0,,,,,0.0,"266,-816"
120710403152,743,0.0,0.0,-81.61693160914184,26.582060805582753,17.0,0.0,0.0,0.0,,0.0,,0.0,,0.0,0.02288021534320323,"266,-816"
120710403161,794,0.0,0.0,-81.63028495292957,26.597086067451524,7.0,0.0,0.0,0.0,,0.0,,0.0,,0.0,0.008816120906801008,"266,-816"
120710403162,768,0.0,0.0,-81.61876140508359,26.597101966691955,11.0,0.0,0.0,0.0,,0.0,,0.0,,0.0,0.014322916666666666,"266,-816"
120710501031,1081,2.404255319148936,0.6901017576318224,-81.83355860703251,26.458870757322845,411.0,347.0,224.0,221.0,0.2981565457182089,172.0,198454.39700892856,0.5450121654501217,0.6368876080691642,0.046875,0.38020351526364476,"265,-818"
120710501041,1027,1.3037974683544304,0.8529698149951315,-81.83125216981385,26.44474583930466,127.0,101.0,91.0,87.0,0.5232079490358932,82.0,148024.16296703296,0.7165354330708661,0.8613861386138614,0.15384615384615385,0.12366114897760468,"264,-818"
120710501042,801,2.0667915106117354,0.8551810237203495,-81.82145547318545,26.439340024435552,41.0,40.0,27.0,27.0,0.38211492283768494,23.0,97889.65925925925,0.6585365853658537,0.675,0.0,0.05118601747815231,"264,-818"
120710501043,302,0.0,0.0,-81.81990225165693,26.444952289180858,173.0,0.0,1.0,0.0,,0.0,0.0,0.005780346820809248,,0.005780346820809248,0.5728476821192053,"264,-818"
120710501051,370,5.014864864864865,0.9972972972972973,-81.87431833170301,26.520357841324266,285.0,283.0,160.0,156.0,0.21473834599464775,132.0,54784.5145625,0.5614035087719298,0.5512367491166078,2.0,0.7702702702702703,"265,-819"
120710501052,840,2.9107142857142856,0.9214285714285714,-81.86343836058099,26.506185404614367,964.0,958.0,284.0,284.0,0.2795528933259943,231.0,123611.16373239437,0.2946058091286307,0.2964509394572025,0.0,1.1476190476190475,"265,-819"
120710501061,647,6.380216383307573,0.9984544049459042,-81.85898423366707,26.482628167394285,563.0,563.0,414.0,414.0,0.5302722464488678,339.0,166019.5778743961,0.7353463587921847,0.7353463587921847,,0.8701700154559505,"265,-819"
120710501062,556,4.460431654676259,1.0,-81.86040984123922,26.492177576608462,548.0,536.0,273.0,271.0,0.2305032536073639,224.0,65027.77076923076,0.4981751824817518,0.5055970149253731,0.16666666666666666,0.9856115107913669,"265,-819"
120710501063,598,5.25,0.9983277591973244,-81.84614755098187,26.4801331285402,501.0,500.0,385.0,385.0,0.41078004927393846,326.0,111904.56083116884,0.7684630738522954,0.77,0.0,0.8377926421404682,"265,-818"
120710501064,393,4.470737913486005,0.9974554707379135,-81.85145235542159,26.492732318753724,179.0,172.0,54.0,51.0,0.22112281649262558,38.0,103127.1912962963,0.3016759776536313,0.29651162790697677,0.42857142857142855,0.455470737913486,"265,-819"
120710502041,1156,0.0,0.0,-81.80014235085459,26.482526325387465,97.0,0.0,1.0,0.0,0.0,1.0,0.0,0.010309278350515464,,0.010309278350515464,0.08391003460207612,"265,-818"
120710502051,1055,0.45829383886255926,0.2663507109004739,-81.83115862113247,26.476578330573627,216.0,193.0,19.0,18.0,0.14863373345617747,10.0,57649.84263157895,0.08796296296296297,0.09326424870466321,0.043478260869565216,0.204739336492891,"265,-818"
120710502061,414,0.0,0.0,-81.8024278286925,26.474289469839885,10.0,0.0,0.0,0.0,,0.0,,0.0,,0.0,0.024154589371980676,"265,-818"
120710502062,534,0.0,0.0,-81.81499865353565,26.475588114165948,324.0,320.0,1.0,1.0,,0.0,0.0,0.0030864197530864196,0.003125,0.0,0.6067415730337079,"265,-818"
120710502063,257,0.0,0.0,-81.82359881169442,26.472506854978793,132.0,128.0,1.0,1.0,,0.0,0.0,0.007575757575757576,0.0078125,0.0,0.5136186770428015,"265,-818"
120710502071,948,0.0,0.0,-81.80463707058053,26.454049955100917,353.0,3.0,2.0,0.0,0.022817993581445352,1.0,2962.135,0.0056657223796034,0.0,0.005714285714285714,0.37236286919831224,"265,-818"
120710502072,333,0.0,0.0,-81.81645563989606,26.458500179772905,49.0,0.0,0.0,0.0,,0.0,,0.0,,0.0,0.14714714714714713,"265,-818"
120710502081,892,0.0,0.0,-81.81344815249109,26.488720326289613,141.0,105.0,4.0,2.0,0.046913173808327414,1.0,2612.6925,0.028368794326241134,0.01904761904761905,0.05555555555555555,0.15807174887892378,"265,-818"
120710502082,555,0.010810810810810811,0.018018018018018018,-81.82797946519258,26.481190656699546,348.0,327.0,6.0,6.0,0.021252611236908813,3.0,2851.6716666666666,0.017241379310344827,0.01834862385321101,0.0,0.6270270270270271,"265,-818"
120710502083,881,0.0,0.0,-81.81331207453024,26.481544657997745,355.0,351.0,3.0,3.0,0.0,1.0,0.0,0.008450704225352112,0.008547008547008548,0.0,0.4029511918274688,"265,-818"
120710502101,738,0.06978319783197832,0.06910569105691057,-81.79769463631345,26.438097781087105,369.0,324.0,0.0,0.0,,0.0,,0.0,0.0,0.0,0.5,"264,-818"
120710502102,256,0.0,0.0,-81.78505027151992,26.438930795738788,641.0,632.0,1.0,1.0,,0.0,0.0,0.0015600624024961,0.0015822784810126582,0.0,2.50390625,"264,-818"
120710502111,412,0.0,0.0,-81.81131197430086,26.446997372234243,4.0,1.0,1.0,1.0,0.011461282595950162,1.0,17451.49,0.25,1.0,0.0,0.009708737864077669,"264,-818"
120710502112,889,0.0,0.0,-81.79947279552356,26.44582607326303,541.0,339.0,2.0,2.0,,0.0,2004.215,0.0036968576709796672,0.0058997050147492625,0.0,0.608548931383577,"264,-818"
120710502121,714,0.0,0.0,-81.82398682922401,26.46074019543313,43.0,26.0,1.0,1.0,,0.0,0.0,0.023255813953488372,0.038461538461538464,0.0,0.06022408963585434,"265,-818"
120710502122,1267,0.0,0.0,-81.8128271399642,26.468428960128158,636.0,629.0,10.0,9.0,0.03249081241692079,4.0,1462.145,0.015723270440251572,0.014308426073131956,0.14285714285714285,0.5019731649565904,"265,-818"
120710502131,636,0.0,0.0,-81.7932075598522,26.459140459638416,155.0,82.0,2.0,0.0,,0.0,189.97,0.012903225806451613,0.0,0.0273972602739726,0.24371069182389937,"265,-818"
120710502132,994,0.0,0.0,-81.80153305693968,26.463436513556548,46.0,0.0,1.0,0.0,,0.0,0.0,0.021739130434782608,,0.021739130434782608,0.04627766599597585,"265,-818"
120710503051,532,2.4473684210526314,0.9172932330827067,-81.81355469983494,26.343575425601493,1255.0,1065.0,254.0,252.0,0.05440299838879357,218.0,45290.191496062995,0.20239043824701194,0.23661971830985915,0.010526315789473684,2.3590225563909772,"263,-818"
120710503052,596,3.778523489932886,1.0,-81.82760649762898,26.346608153585283,1292.0,1292.0,333.0,333.0,0.14385970971577833,249.0,130633.09495495494,0.25773993808049533,0.25773993808049533,,2.1677852348993287,"263,-818"
120710503053,555,1.7297297297297298,0.9297297297297298,-81.8181040599738,26.35876862609179,337.0,264.0,120.0,119.0,0.18741282862833902,106.0,122524.01066666668,0.3560830860534125,0.45075757575757575,0.0136986301369863,0.6072072072072072,"264,-818"
120710503061,749,0.029372496662216287,0.03204272363150868,-81.79577338700277,26.428162228841696,296.0,157.0,3.0,2.0,0.09080171039804408,1.0,4396.433333333333,0.010135135135135136,0.012738853503184714,0.007194244604316547,0.3951935914552737,"264,-818"
120710503062,1065,0.0,0.0,-81.77997899776881,26.42428676084715,84.0,45.0,0.0,0.0,,0.0,,0.0,0.0,0.0,0.07887323943661972,"264,-818"
120710503111,838,0.0,0.0,-81.7669470474264,26.429348331554976,251.0,1.0,3.0,0.0,,0.0,0.0,0.01195219123505976,0.0,0.012,0.29952267303102625,"264,-818"
120710503112,214,0.0,0.0,-81.72876231779577,26.44763900891019,22.0,0.0,1.0,0.0,,0.0,0.0,0.045454545454545456,,0.045454545454545456,0.102803738317757,"264,-817"
120710503113,398,0.0,0.0,-81.74928051887446,26.437228627249183,37.0,0.0,0.0,0.0,,0.0,,0.0,,0.0,0.09296482412060302,"264,-817"
120710503114,771,0.0,0.0,-81.73826654572404,26.442719656565814,54.0,0.0,1.0,0.0,0.0,1.0,0.0,0.018518518518518517,,0.018518518518518517,0.07003891050583658,"264,-817"
120710503115,1269,0.0,0.0,-81.73037917959701,26.432148628650502,104.0,0.0,0.0,0.0,,0.0,,0.0,,0.0,0.08195429472025216,"264,-817"
120710503121,2537,0.0,0.0,-81.69197139301728,26.416324973201462,234.0,149.0,5.0,5.0,0.0,1.0,0.0,0.021367521367521368,0.03355704697986577,0.0,0.09223492313756405,"264,-817"
120710503122,675,0.0,0.0,-81.74958538445075,26.36615986923543,212.0,127.0,1.0,1.0,0.009149266175956391,1.0,0.0,0.0047169811320754715,0.007874015748031496,0.0,0.31407407407407406,"264,-817"
120710503123,1587,0.0,0.0,-81.75037578278292,26.37150514954561,22.0,0.0,2.0,0.0,0.10544442607593542,1.0,1288.35,0.09090909090909091,,0.09090909090909091,0.013862633900441084,"264,-818"
120710503151,275,0.0,0.0,-81.77731274676147,26.393159168232813,53.0,7.0,0.0,0.0,,0.0,,0.0,0.0,0.0,0.19272727272727272,"264,-818"
120710503152,725,0.0,0.0,-81.77929675699434,26.406543868446626,216.0,12.0,1.0,0.0,,0.0,0.0,0.004629629629629629,0.0,0.004901960784313725,0.2979310344827586,"264,-818"
120710503161,619,0.0,0.0,-81.80039596195142,26.411147561801084,1025.0,68.0,3.0,0.0,0.06841516805845084,1.0,6788.88,0.002926829268292683,0.0,0.003134796238244514,1.6558966074313408,"264,-818"
120710503162,269,0.0,0.0,-81.79433419085613,26.39324784381838,64.0,8.0,0.0,0.0,,0.0,,0.0,0.0,0.0,0.2379182156133829,"264,-818"
120710503163,397,0.0,0.0,-81.78954404060246,26.40331325975627,110.0,10.0,1.0,0.0,,0.0,0.0,0.00909090909090909,0.0,0.01,0.2770780856423174,"264,-818"
120710503171,408,0.5575980392156863,0.6593137254901961,-81.8019533469408,26.366579555676253,131.0,124.0,2.0,2.0,,0.0,0.0,0.015267175572519083,0.016129032258064516,0.0,0.32107843137254904,"264,-818"
120710503172,753,0.49800796812749004,0.7065073041168659,-81.80331845106295,26.357328662316778,368.0,186.0,2.0,1.0,,0.0,882.57,0.005434782608695652,0.005376344086021506,0.005494505494505495,0.48871181938911024,"264,-818"
120710503173,464,0.7564655172413793,0.8836206896551724,-81.79437706915637,26.357473428817052,99.0,99.0,7.0,7.0,0.4071818463635212,7.0,16331.857142857143,0.0707070707070707,0.0707070707070707,,0.21336206896551724,"264,-818"
120710503181,904,0.0,0.0,-81.79665543842601,26.38653720027788,73.0,7.0,1.0,0.0,,0.0,0.0,0.0136986301369863,0.0,0.015151515151515152,0.08075221238938053,"264,-818"
120710503182,745,0.0,0.0,-81.79339799988726,26.371159877642782,134.0,78.0,0.0,0.0,,0.0,,0.0,0.0,0.0,0.17986577181208055,"264,-818"
120710503183,1490,0.0,0.0,-81.78045448256387,26.373446042717465,575.0,270.0,1.0,0.0,,0.0,0.0,0.0017391304347826088,0.0,0.003278688524590164,0.3859060402684564,"264,-818"
120710503191,633,1.0758293838862558,0.5181674565560821,-81.8327196556913,26.413862831587625,557.0,410.0,163.0,134.0,0.2916350063781492,109.0,177613.20705521473,0.2926391382405745,0.32682926829268294,0.19727891156462585,0.8799368088467614,"264,-818"
120710503192,393,0.06743002544529263,0.05343511450381679,-81.8219753945869,26.40258382297829,102.0,6.0,0.0,0.0,,0.0,,0.0,0.0,0.0,0.2595419847328244,"264,-818"
120710503201,492,0.20223577235772358,0.1483739837398374,-81.81852391223283,26.43063080382856,318.0,135.0,23.0,20.0,0.28897002114883924,14.0,198557.7904347826,0.07232704402515723,0.14814814814814814,0.01639344262295082,0.6463414634146342,"264,-818"
120710503202,238,0.0,0.0,-81.81579759421243,26.406277766774824,153.0,124.0,2.0,1.0,0.0,1.0,0.0,0.013071895424836602,0.008064516129032258,0.034482758620689655,0.6428571428571429,"264,-818"
120710503203,475,0.0,0.0,-81.81773988935463,26.416057195470383,173.0,56.0,10.0,9.0,,0.0,0.0,0.057803468208092484,0.16071428571428573,0.008547008547008548,0.3642105263157895,"264,-818"
120710503204,314,0.44904458598726116,0.2484076433121019,-81.8245285275741,26.425338228526144,229.0,149.0,39.0,34.0,0.21584088165040977,23.0,260123.77974358975,0.1703056768558952,0.22818791946308725,0.0625,0.7292993630573248,"264,-818"
120710503211,204,0.0,0.0,-81.81944454958405,26.393917851029634,57.0,0.0,0.0,0.0,,0.0,,0.0,,0.0,0.27941176470588236,"264,-818"
120710503212,674,3.807121661721068,0.798219584569733,-81.83084688991669,26.383689119194365,1123.0,818.0,202.0,184.0,0.36553143587638226,167.0,107968.07465346534,0.1798753339269813,0.22493887530562348,0.05901639344262295,1.6661721068249258,"264,-818"
120710503221,559,0.0,0.0,-81.81364242989201,26.385757173124013,209.0,0.0,2.0,0.0,,0.0,0.0,0.009569377990430622,,0.009569377990430622,0.3738819320214669,"264,-818"
120710503222,530,0.4386792452830189,0.18679245283018867,-81.81433516218515,26.373622626341543,573.0,341.0,25.0,24.0,0.06388687766141923,18.0,81212.396,0.04363001745200698,0.07038123167155426,0.004310344827586207,1.0811320754716982,"264,-818"
120710503223,308,0.25811688311688313,0.1266233766233766,-81.8253751830751,26.378524525283375,94.0,14.0,9.0,8.0,0.15441298447502683,7.0,55740.342222222214,0.09574468085106383,0.5714285714285714,0.0125,0.3051948051948052,"264,-818"
120710503231,351,0.0,0.0,-81.66808152353377,26.32937171074459,43.0,0.0,0.0,0.0,,0.0,,0.0,,0.0,0.1225071225071225,"263,-817"
120710503232,306,0.0,0.0,-81.66487369027374,26.3214402450277,37.0,0.0,0.0,0.0,,0.0,,0.0,,0.0,0.12091503267973856,"263,-817"
120710503233,356,0.0,0.0,-81.66058368286899,26.327014123474022,25.0,0.0,0.0,0.0,,0.0,,0.0,,0.0,0.0702247191011236,"263,-817"
120710503241,412,0.0,0.0,-81.7424425664375,26.322222215818204,67.0,1.0,0.0,0.0,,0.0,,0.0,0.0,0.0,0.16262135922330098,"263,-817"
120710503242,686,0.0,0.0,-81.73005655604484,26.3251941565484,542.0,0.0,0.0,0.0,,0.0,,0.0,,0.0,0.7900874635568513,"263,-817"
120710503243,207,0.0,0.0,-81.70878420356166,26.327984071169226,28.0,0.0,0.0,0.0,,0.0,,0.0,,0.0,0.13526570048309178,"263,-817"
120710503244,339,0.0,0.0,-81.71097474127652,26.322444691402264,43.0,0.0,0.0,0.0,,0.0,,0.0,,0.0,0.12684365781710916,"263,-817"
120710503245,358,0.0,0.0,-81.71858048037434,26.324233778144595,64.0,0.0,0.0,0.0,,0.0,,0.0,,0.0,0.1787709497206704,"263,-817"
120710503251,450,0.0,0.0,-81.70126583223158,26.32791093618742,68.0,0.0,0.0,0.0,,0.0,,0.0,,0.0,0.1511111111111111,"263,-817"
120710503252,1170,0.0,0.0,-81.6791323244088,26.32505675932618,60.0,0.0,0.0,0.0,,0.0,,0.0,,0.0,0.05128205128205128,"263,-817"
120710503253,475,0.0,0.0,-81.68661795094859,26.32702527188483,40.0,0.0,0.0,0.0,,0.0,,0.0,,0.0,0.08421052631578947,"263,-817"
120710503254,845,0.0,0.0,-81.69938763599185,26.320897615432123,102.0,0.0,0.0,0.0,,0.0,,0.0,,0.0,0.12071005917159763,"263,-817"
120710503255,266,0.0,0.0,-81.69392988008057,26.32727889422478,41.0,0.0,0.0,0.0,,0.0,,0.0,,0.0,0.15413533834586465,"263,-817"
120710504011,908,0.5842511013215859,0.5319383259911894,-81.7884165188432,26.351828698101226,405.0,281.0,7.0,7.0,0.16837694176479293,3.0,12587.665714285715,0.01728395061728395,0.02491103202846975,0.0,0.4460352422907489,"264,-818"
120710504012,728,3.165521978021978,0.9793956043956044,-81.79181325264172,26.34407413547949,590.0,582.0,203.0,202.0,0.2755881020365284,169.0,91101.97349753695,0.3440677966101695,0.3470790378006873,0.125,0.8104395604395604,"263,-818"
120710504013,577,0.2920277296360485,0.1854419410745234,-81.77264704138521,26.347672380867568,93.0,64.0,12.0,12.0,0.38158406363514036,9.0,48487.33916666667,0.12903225806451613,0.1875,0.0,0.1611785095320624,"263,-818"
120710504021,357,0.0014005602240896359,0.0028011204481792717,-81.76614480790575,26.347194241236668,50.0,42.0,0.0,0.0,,0.0,,0.0,0.0,0.0,0.1400560224089636,"263,-818"
120710504022,993,0.004028197381671702,0.008056394763343404,-81.77714343072356,26.35564952836886,113.0,17.0,1.0,0.0,0.0,1.0,0.0,0.008849557522123894,0.0,0.010416666666666666,0.11379657603222558,"264,-818"
120710504023,919,0.0,0.0,-81.76246564265863,26.354029358747013,236.0,142.0,1.0,1.0,,0.0,0.0,0.00423728813559322,0.007042253521126761,0.0,0.25680087051142547,"264,-818"
120710505011,953,0.0015739769150052466,0.0031479538300104933,-81.75819919456053,26.33985149178524,177.0,154.0,0.0,0.0,,0.0,,0.0,0.0,0.0,0.18572927597061908,"263,-818"
120710505012,658,0.05927051671732523,0.08206686930091185,-81.76292807709248,26.334705416404482,216.0,193.0,2.0,2.0,0.32117296916767124,2.0,1281.08,0.009259259259259259,0.010362694300518135,0.0,0.3282674772036474,"263,-818"
120710505021,701,0.21754636233951496,0.1383737517831669,-81.77405553071031,26.336684720071187,116.0,83.0,15.0,15.0,0.2941086206099495,12.0,33205.822,0.12931034482758622,0.18072289156626506,0.0,0.16547788873038516,"263,-818"
120710505022,608,0.0,0.0,-81.7567007454021,26.323490065768738,65.0,6.0,1.0,1.0,0.0,1.0,0.0,0.015384615384615385,0.16666666666666666,0.0,0.1069078947368421,"263,-818"
120710505023,617,0.0,0.0,-81.77049829160285,26.325406234766145,150.0,23.0,1.0,0.0,0.05588431753188469,1.0,10103.67,0.006666666666666667,0.0,0.007874015748031496,0.24311183144246354,"263,-818"
120710506011,560,4.700892857142857,0.8625,-81.82711290511645,26.33408733901435,278.0,242.0,169.0,167.0,0.41768759021432483,142.0,109086.28159763313,0.6079136690647482,0.6900826446280992,0.05555555555555555,0.49642857142857144,"263,-818"
120710506012,443,2.7483069977426635,0.6749435665914221,-81.81610247973705,26.333726957338587,575.0,308.0,51.0,47.0,0.34196853415634043,40.0,65133.367843137254,0.08869565217391304,0.1525974025974026,0.0149812734082397,1.2979683972911964,"263,-818"
120710506013,457,0.0,0.0,-81.8134964777579,26.32012005558515,387.0,97.0,22.0,21.0,0.2771144407284826,12.0,59055.10590909091,0.056847545219638244,0.21649484536082475,0.0034482758620689655,0.8468271334792122,"263,-818"
120710506014,412,0.0,0.0,-81.81379718172224,26.326927063348464,81.0,16.0,3.0,1.0,,0.0,0.0,0.037037037037037035,0.0625,0.03076923076923077,0.1966019417475728,"263,-818"
120710506031,960,1.821875,0.8166666666666667,-81.7854968648294,26.335829063116776,236.0,222.0,80.0,80.0,0.4315781598660134,69.0,84282.91287500001,0.3389830508474576,0.36036036036036034,0.0,0.24583333333333332,"263,-818"
120710506032,1103,1.42883046237534,0.3300090661831369,-81.79699562278628,26.336478264817703,314.0,215.0,122.0,122.0,0.3718235849680504,96.0,88779.50131147541,0.3885350318471338,0.5674418604651162,0.0,0.2846781504986401,"263,-818"
120710506041,760,0.0,0.0,-81.79481645826691,26.321343013403435,275.0,17.0,0.0,0.0,,0.0,,0.0,0.0,0.0,0.3618421052631579,"263,-818"
120710506042,283,0.0,0.0,-81.79519128338445,26.326915005936318,51.0,2.0,0.0,0.0,,0.0,,0.0,0.0,0.0,0.18021201413427562,"263,-818"
120710601011,684,7.309941520467836,0.9736842105263158,-81.94772841757398,26.461485097893423,215.0,215.0,177.0,177.0,0.7302812156657847,141.0,131775.39762711863,0.8232558139534883,0.8232558139534883,,0.31432748538011696,"265,-819"
120710601021,507,7.013806706114399,0.9861932938856016,-81.94808490440519,26.45274501629888,399.0,399.0,222.0,222.0,0.615159790994976,172.0,176628.163018018,0.556390977443609,0.556390977443609,,0.7869822485207101,"265,-819"
120710601022,379,6.030343007915567,0.9261213720316622,-81.93285199267169,26.446159318664176,297.0,297.0,254.0,254.0,0.5917090260098612,205.0,171450.14503937008,0.8552188552188552,0.8552188552188552,,0.783641160949868,"264,-819"
120710601023,255,6.713725490196079,0.9647058823529412,-81.95940613981168,26.456864409671592,786.0,786.0,277.0,277.0,0.6607469733947001,185.0,253194.93635379063,0.3524173027989822,0.3524173027989822,,3.0823529411764707,"265,-820"
120710601024,452,6.365044247787611,0.995575221238938,-81.93101879673212,26.44348298308209,552.0,552.0,214.0,214.0,0.5019206438025254,161.0,222088.98696261682,0.38768115942028986,0.38768115942028986,,1.2212389380530972,"264,-819"
120710602011,122,6.040983606557377,1.0,-81.91350507102095,26.429943661675583,389.0,389.0,85.0,85.0,0.6907580311077028,59.0,424345.90694117645,0.2185089974293059,0.2185089974293059,,3.1885245901639343,"264,-819"
120710602012,59,6.1440677966101696,1.0,-81.90415584539096,26.420510841860093,577.0,577.0,43.0,43.0,0.33437022986596127,27.0,682051.8458139536,0.07452339688041594,0.07452339688041594,,9.779661016949152,"264,-819"
120710602013,82,5.414634146341464,1.0,-81.89588718259239,26.408057269877585,1198.0,1198.0,74.0,74.0,0.4292434257407187,41.0,960495.2264864866,0.06176961602671119,0.06176961602671119,,14.609756097560975,"264,-819"
120710602021,293,5.293515358361775,0.9078498293515358,-81.89049880152848,26.407219192965965,1477.0,1477.0,177.0,177.0,0.39346487221545506,139.0,208929.29333333333,0.11983750846310089,0.11983750846310089,,5.040955631399317,"264,-819"
120710602022,106,6.132075471698113,0.9811320754716981,-81.89832918999889,26.41626255269262,862.0,862.0,104.0,104.0,0.2587441749901158,77.0,166935.11634615387,0.12064965197215777,0.12064965197215777,,8.132075471698114,"264,-819"
120710602031,931,6.842642320085929,0.9828141783029001,-81.90832071807547,26.428835149109656,843.0,843.0,539.0,539.0,0.5134736416307613,416.0,158197.93597402595,0.6393831553973903,0.6393831553973903,,0.9054779806659506,"264,-819"
120710603001,113,6.530973451327434,0.9911504424778761,-81.86582511819448,26.379877877829834,1070.0,1070.0,84.0,84.0,0.323225246103489,41.0,619239.3766666667,0.07850467289719626,0.07850467289719626,,9.469026548672566,"264,-819"
120710603002,436,6.2442660550458715,0.9701834862385321,-81.84963114315104,26.343598365890703,793.0,793.0,194.0,194.0,0.31308067334899936,170.0,277219.62788659794,0.244640605296343,0.244640605296343,,1.8188073394495412,"263,-818"
120710701011,866,2.587759815242494,0.9330254041570438,-82.1502247072088,26.673927799844524,206.0,189.0,31.0,30.0,0.12423451378071079,15.0,16709.771935483874,0.15048543689320387,0.15873015873015872,0.058823529411764705,0.23787528868360278,"267,-822"
120710701012,899,2.4833147942157954,0.8553948832035595,-82.13714182137151,26.652560632887592,354.0,333.0,84.0,84.0,0.1202020496879735,62.0,18749.263452380954,0.23728813559322035,0.25225225225225223,0.0,0.39377085650723026,"267,-821"
120710701021,640,3.16171875,0.9171875,-82.07259142742325,26.631809420337493,231.0,231.0,206.0,206.0,0.48040278485466836,174.0,77710.34509708738,0.8917748917748918,0.8917748917748918,,0.3609375,"266,-821"
120710701022,649,1.6856702619414483,0.8166409861325116,-82.11639292993509,26.625970866245826,230.0,220.0,42.0,42.0,0.299796291424406,17.0,24121.48904761905,0.1826086956521739,0.19090909090909092,0.0,0.3543913713405239,"266,-821"
120710701023,1336,1.278068862275449,0.5845808383233533,-82.1351393442292,26.67115341505823,446.0,412.0,59.0,55.0,0.05050393214199186,36.0,8758.063389830508,0.13228699551569506,0.13349514563106796,0.11764705882352941,0.3338323353293413,"267,-821"
120710702011,939,3.446751863684771,0.9829605963791267,-82.0765763495982,26.499748554933895,440.0,440.0,363.0,363.0,0.3078852129963681,263.0,61508.90570247934,0.825,0.825,,0.4685835995740149,"265,-821"
120710702012,1234,3.0295786061588332,0.8452188006482982,-82.0862135977333,26.49991884894602,420.0,420.0,372.0,372.0,0.4424269285280737,280.0,50569.80744623656,0.8857142857142857,0.8857142857142857,,0.34035656401944897,"265,-821"
120710702021,1045,2.1875598086124404,0.8650717703349282,-82.10671764275175,26.56604220801724,255.0,247.0,166.0,166.0,0.5469789751962985,121.0,58289.235783132535,0.6509803921568628,0.6720647773279352,0.0,0.24401913875598086,"266,-821"
120710702022,879,1.5369738339021615,0.7394766780432309,-82.09462260948192,26.563369640401326,204.0,199.0,141.0,139.0,0.3098216337076309,100.0,58764.834042553186,0.6911764705882353,0.6984924623115578,0.4,0.23208191126279865,"266,-821"
120710801001,1471,3.9466349422161793,0.9075458871515976,-82.20369707919438,26.56209365761548,902.0,843.0,543.0,495.0,0.13414412313423715,342.0,27459.16449355433,0.6019955654101996,0.5871886120996441,0.8135593220338984,0.6131883072739633,"266,-822"
120710802021,606,4.534653465346534,1.0,-82.0317684949634,26.44564487594503,1130.0,1130.0,564.0,564.0,0.4173543186122655,409.0,196946.42773049645,0.49911504424778763,0.49911504424778763,,1.8646864686468647,"264,-820"
120710802022,269,4.401486988847584,0.9962825278810409,-82.02756589836594,26.45107996916012,746.0,746.0,349.0,349.0,0.3221063885160619,209.0,154109.6970773639,0.467828418230563,0.467828418230563,,2.7732342007434942,"265,-820"
120710802023,653,4.652373660030628,0.9739663093415007,-82.05339390870598,26.434506071686634,2041.0,2014.0,676.0,667.0,0.34860503591747705,436.0,293612.56578402367,0.33121019108280253,0.3311817279046673,0.3333333333333333,3.125574272588055,"264,-821"
120710802024,571,5.438704028021016,1.0,-82.05434676180171,26.43973069833828,357.0,357.0,338.0,338.0,0.33075523872886825,272.0,90926.78863905325,0.9467787114845938,0.9467787114845938,,0.6252189141856392,"264,-821"
120710802031,535,3.1261682242990654,0.9925233644859813,-82.09463396378895,26.428880474660744,793.0,791.0,425.0,423.0,0.2942573409085673,329.0,162249.27531764706,0.5359394703656999,0.5347661188369153,1.0,1.4822429906542056,"264,-821"
120710802032,774,3.450904392764858,0.9715762273901809,-82.12183204623331,26.439677021954765,864.0,862.0,687.0,685.0,0.331371812080014,565.0,105525.32426491994,0.7951388888888888,0.7946635730858469,1.0,1.1162790697674418,"264,-821"
120710802041,485,4.150515463917526,0.9814432989690721,-82.08116111395435,26.447555896984102,359.0,358.0,333.0,332.0,0.23057415265029116,290.0,85893.3770870871,0.9275766016713092,0.9273743016759777,1.0,0.7402061855670103,"264,-821"
120710802042,589,4.687606112054329,0.99830220713073,-82.04910497640708,26.45352396957366,394.0,394.0,382.0,382.0,0.18650070437396124,328.0,68483.86863874346,0.9695431472081218,0.9695431472081218,,0.6689303904923599,"265,-820"
120710802043,791,4.359671302149178,0.9949431099873578,-82.16151668901246,26.470836881462183,766.0,766.0,557.0,557.0,0.20550774160455684,439.0,81550.07497307002,0.7271540469973891,0.7271540469973891,,0.9683944374209861,"265,-822"
120710803001,413,1.8171912832929782,0.5254237288135594,-81.85989718050956,26.646761650367687,116.0,111.0,47.0,47.0,0.4432970457058175,37.0,158506.07957446808,0.4051724137931034,0.42342342342342343,0.0,0.28087167070217917,"266,-819"
120710803002,217,1.0599078341013826,0.5069124423963134,-81.86884397313472,26.64382760866581,47.0,40.0,30.0,29.0,0.22785378258615507,18.0,126836.95800000001,0.6382978723404256,0.725,0.14285714285714285,0.21658986175115208,"266,-819"
120710803003,32,2.859375,0.78125,-81.8620293162432,26.64961698006757,493.0,493.0,16.0,16.0,0.24862537539669158,15.0,131265.170625,0.032454361054766734,0.032454361054766734,,15.40625,"266,-819"
120710901001,485,2.877319587628866,0.9463917525773196,-82.25872687424453,26.75176828651919,278.0,277.0,18.0,18.0,0.03356752635751673,11.0,8744.91111111111,0.06474820143884892,0.06498194945848375,0.0,0.5731958762886598,"268,-823"
120710901002,917,2.688113413304253,0.9400218102508179,-82.26311052835594,26.748120143123643,687.0,682.0,40.0,39.0,0.020723577856256996,10.0,4887.650500000001,0.05822416302765648,0.05718475073313783,0.2,0.7491821155943293,"267,-823"
120719800001,112,0.0,0.0,-81.75751845579943,26.53550639954876,0.0,0.0,0.0,0.0,,0.0,,,,,0.0,"265,-818"
