latitude,longitude,eventName,hwmTypeName,hwmQualityName,verticalDatumName,verticalMethodName,approvalMember,markerName,horizontalMethodName,horizontalDatumName,flagMemberName,surveyMemberName,site_no,siteDescription,sitePriorityName,networkNames,stateName,countyName,siteZone,sitePermHousing,site_latitude,site_longitude,hwm_id,waterbody,site_id,event_id,hwm_type_id,hwm_quality_id,hwm_locationdescription,latitude_dd,longitude_dd,survey_date,elev_ft,vdatum_id,vcollect_method_id,bank,approval_id,height_above_gnd,hcollect_method_id,hwm_environment,flag_date,stillwater,hdatum_id,hwm_label,files,marker_id,peak_summary_id,flag_member_id,survey_member_id,hwm_notes,uncertainty,hwm_uncertainty,surge_class,surge_ft,survey_ground_ft,dem_ground_ft,loo_depth_2000,loo_depth_5000
26.473505,-81.851446,2022 Ian,Seed line,Good: +/- 0.10 ft,NAVD88,Level Gun,Kevin Grimsley,,Phone/Car GPS,WGS84 (from Digital Map),Corin Downs,Corin Downs,FLLEE03287,Mullock Creek at Mullock Creek Marina.,,Gulf of America,FL,Lee County,,Yes,26.47333,-81.85167,44180,Mullock Creek,3287,325,5,2,Seed line on old shed on upstream side of U shaped concrete boat slip. Transferred to permanent pavilion support post on NW corner.,26.473505,-81.851446,2022-10-05T04:00:00,9.8,2.0,2.0,N/A,27028.0,7.75,3,Coastal,2022-10-05T04:00:00,1.0,4,HWM-1,[],,,101.0,101.0,,,,10,9.5,2.0500000000000007,-0.6054015707938377,11.493835543028618,11.493835543028618
26.549813,-82.196372,2022 Ian,Debris,Excellent: +/- 0.05 ft,NAVD88,Level Gun,Kevin Grimsley,Marker,Phone/Car GPS,NAD83,Patrick Ryan,Patrick Ryan,FLLEE03365,Pine Island Sound at South Seas Resort (northern tip of Captiva Island).,,Gulf of America,FL,Lee County,,Yes,26.5503,-82.19559,44248,Pine Island Sound,3365,325,2,1,Debris line in building nearest storm surge sensor.,26.549813,-82.196372,2022-10-14T05:00:00,4.59,2.0,2.0,N/A,27046.0,2.07,3,Coastal,2022-10-06T05:00:00,1.0,2,HWM-1,[],4.0,,85.0,85.0,,0.001,,6,5.5,2.52,1.9332234627931448,,
26.631472,-82.06856,2022 Ian,Seed line,Excellent: +/- 0.05 ft,NAVD88,Level Gun,Kevin Grimsley,Nail,Phone/Car GPS,WGS84 (from Digital Map),Corin Downs,Corin Downs,FLLEE03381,Matlacha Pass at Pine Island Rd bridge. Bat house Park,,Gulf of America,FL,Lee County,,No,26.631045,-82.068538,43880,Matlacha Pass,3381,325,5,1,"Seed/debris line foind in bathroom of building directly west of bat island park, building adress 4451 Pine Island Road, used hwm on ocean side/south side wall, highest hwm in bathroom, transfered hwm to lag in wooden pole outside using string level",26.631472,-82.06856,2022-10-06T04:00:00,7.17,2.0,2.0,N/A,27047.0,3.6,3,Coastal,2022-10-06T04:00:00,0.0,4,HWM-1,[],5.0,,101.0,101.0,,,,4,3.5,3.57,-3.577517321103514,,
26.48725,-81.94233,2022 Ian,Seed line,Excellent: +/- 0.05 ft,NAVD88,Level Gun,John Storm,Marker,Phone/Car GPS,NAD83,John Storm,John Storm,FLLEE32669,HWM at 17989 Pine Ridge Rd  Fort Myers,,,FL,Lee County,,No,26.48725,-81.94233,43775,Gulf of America,32669,325,5,1,at the Beach Outlet at the corner of Pine Ridge Rd and San Carlos.  Excellent line running around inside of building and surveyed at NE corner.,26.48725,-81.94233,2022-10-07T05:00:00,10.5,2.0,2.0,N/A,27172.0,0.65,3,Coastal,2022-10-07T05:00:00,0.0,2,TEAM6_001E,[],4.0,,1990.0,1990.0,Mark is 0.65 ft above sidewalk at survey point but 1.45 ft above parking lot elevation.,0.06,0.05,4,3.5,9.85,8.609828360750294,2.9113581010226,2.9506601052543644
26.48673,-81.935522,2022 Ian,Seed line,Good: +/- 0.10 ft,NAVD88,RT-GNSS,John Storm,Marker,Phone/Car GPS,NAD83,John Storm,John Storm,FLLEE32670,good seed line inside house,,,FL,Lee County,,No,26.48673,-81.935522,43778,Gulf of America,32670,325,5,2,on door seal,26.48673,-81.935522,2022-10-07T05:00:00,11.1,2.0,6.0,N/A,27300.0,1.59,3,Coastal,2022-10-07T05:00:00,0.0,2,HWM1,[],4.0,,1990.0,1990.0,"seed line
1.59 ft to floor
4.3 ft to driveway pad outside",0.036,0.1,6,5.5,9.51,6.434180214023339,4.714481680027882,4.772585400755252
26.481,-81.936205,2022 Ian,Seed line,Good: +/- 0.10 ft,NAVD88,Level Gun,John Storm,Marker,Phone/Car GPS,NAD83,John Storm,John Storm,FLLEE32671,Seed line left side of SW entrance from carport,,,FL,Lee County,,No,26.481,-81.936205,43780,Gulf of America,32671,325,5,2,"Seed line left side of SW entrance from carport. Left side as
you walk through the door on a green wall 2.96 ft above floor.
Mark is 4.96 ft above the carport concrete.",26.481,-81.936205,2022-10-07T05:00:00,11.4,2.0,2.0,N/A,27175.0,2.96,3,Coastal,2022-10-07T05:00:00,0.0,2,hwm1,[],4.0,,1990.0,1990.0,Inside of house and the line is visible on multiple walls. Well defined. Line with HWM written under in black.,0.036,0.1,5,4.5,8.440000000000001,6.225186148340621,4.971016488191882,5.088614239077556
26.4803,-81.94887,2022 Ian,Seed line,Excellent: +/- 0.05 ft,NAVD88,RT-GNSS,John Storm,Marker,Phone/Car GPS,NAD83,John Storm,John Storm,FLLEE32672,excellent seed line,,,FL,Lee County,,No,26.4803,-81.94887,43784,Gulf of America,32672,325,5,1,"Seed line on south wall of house on concrete block wall in
between two sliding bay doors",26.4803,-81.94887,2022-10-07T05:00:00,12.1,2.0,6.0,N/A,27174.0,6.06,3,Coastal,2022-10-07T05:00:00,0.0,2,hwm1,[],4.0,,1990.0,1990.0,In doors and very well defined seed line on back side of wall from flow direction.  Black line with HWM written above,0.036,0.05,7,6.5,6.04,4.826293686243493,7.296774831152828,7.302857958945936
26.47892,-81.95111,2022 Ian,Seed line,Excellent: +/- 0.05 ft,NAVD88,Level Gun,John Storm,Marker,Phone/Car GPS,NAD83,John Storm,John Storm,FLLEE32673,Lattitude 26 waterfront boutique resort,,,FL,Lee County,,No,26.47892,-81.95111,43785,Gulf of America,32673,325,5,1,"excellent seed line inside room 109. Windows were not busted
out of this room or room 110 but were on all others so marks are
stillwater",26.47892,-81.95111,2022-10-07T05:00:00,12.3,2.0,2.0,N/A,27164.0,6.75,3,Coastal,2022-10-07T05:00:00,0.0,2,hwm1,[],4.0,,1990.0,1990.0,transposed line to door seal on both,0.004,0.05,8,7.5,5.550000000000001,1.2049264716976895,10.806197553909731,10.81522218593953
26.468225,-81.95072,2022 Ian,Seed line,Good: +/- 0.10 ft,NAVD88,Level Gun,John Storm,Marker,Phone/Car GPS,NAD83,John Storm,John Storm,FLLEE32674,hwm 2nd floor stairwell,,,FL,Lee County,,No,26.468225,-81.95072,43787,Gulf of America,32674,325,5,2,good seed line in stairwell above level of second floor,26.468225,-81.95072,2022-10-07T05:00:00,12.5,2.0,2.0,N/A,27330.0,0.23,3,Coastal,2022-10-07T05:00:00,0.0,2,hwm1,[],4.0,,1990.0,1990.0,"upstairs of house and most of structure is sound with little missing window and stairwell
acts as a good stilling well
distance to ground is to the second floor of the home, could not get to ground level",0.036,0.1,9,8.5,12.27,3.0431020369367023,9.455545855261798,9.377384758498366
26.489892,-81.964365,2022 Ian,Seed line,Excellent: +/- 0.05 ft,NAVD88,Other (Note in Description box),John Storm,Marker,Phone/Car GPS,NAD83,Ferrell Killion,Ferrell Killion,FLLEE32757,Seed line in inner room.,,,FL,Lee County,,No,26.489892,-81.964365,43877,Gulf of America,32757,325,5,1,"At Mastique Bay in cabanas and clubhouse between the two large towers
12663 Mastique Beach Blvd, Ft Myers",26.489892,-81.964365,2022-10-08T05:00:00,11.9,2.0,4.0,N/A,27391.0,2.07,3,Coastal,2022-10-08T05:00:00,1.0,2,HMW 2,[],4.0,,868.0,868.0,3rd Order Differential Levels ran from TBM with RTN derived elev.,0.017,,3,2.5,9.83,9.722888782581318,2.1771091152945363,2.1771091152945363
26.489892,-81.964365,2022 Ian,Seed line,Excellent: +/- 0.05 ft,NAVD88,Other (Note in Description box),John Storm,Marker,Phone/Car GPS,NAD83,,Ferrell Killion,FLLEE32757,Seed line in inner room.,,,FL,Lee County,,No,26.489892,-81.964365,43922,Gulf of America,32757,325,5,1,in clubhouse back door to womens room,26.489892,-81.964365,2022-10-08T05:00:00,11.9,2.0,4.0,N/A,27301.0,2.05,3,Coastal,2022-10-08T05:00:00,0.0,2,HWM 1,[],4.0,,,868.0,3rd Order Differential Levels ran from TBM with RTN derived elev.,0.017,,3,2.5,9.850000000000001,9.722888782581318,2.1771091152945363,2.1771091152945363
26.495629,-81.977315,2022 Ian,Seed line,Excellent: +/- 0.05 ft,NAVD88,Other (Note in Description box),John Storm,Marker,Phone/Car GPS,NAD83,Ferrell Killion,Ferrell Killion,FLLEE32759,Seed line interior wall,,,FL,Lee County,,No,26.495629,-81.977315,43879,Gulf Of Mexico,32759,325,5,1,At Davis Woods Condominiums. Signage was building 1 apartments 111 and 113. Bldng 111 had doors blown out and inside wall collapsed. 113 was in tact and assumed stillwater,26.495629,-81.977315,2022-10-08T05:00:00,11.2,2.0,4.0,N/A,27386.0,6.29,3,Coastal,2022-10-08T05:00:00,1.0,2,HWM 1,[],4.0,,868.0,868.0,3rd Order Differential Levels ran from TBM with RTN derived elev.,0.017,,5,4.5,4.909999999999999,4.32056470180121,6.8794341107202275,6.87943346304311
26.495629,-81.977315,2022 Ian,Seed line,Excellent: +/- 0.05 ft,NAVD88,Other (Note in Description box),John Storm,Marker,Phone/Car GPS,NAD83,Ferrell Killion,Ferrell Killion,FLLEE32759,Seed line interior wall,,,FL,Lee County,,No,26.495629,-81.977315,43926,Gulf Of Mexico,32759,325,5,1,"line on wall, stillwater as no glass was busted out and trasferred well around bldng",26.495629,-81.977315,2022-10-08T05:00:00,11.2,2.0,4.0,N/A,27191.0,6.29,3,Coastal,2022-10-08T05:00:00,1.0,2,HWM 2,[],4.0,,868.0,868.0,3rd Order differential levels were ran from a TBM with RTN derived elevation,0.017,,5,4.5,4.909999999999999,4.32056470180121,6.8794341107202275,6.87943346304311
26.508522,-81.980038,2022 Ian,Seed line,Excellent: +/- 0.05 ft,NAVD88,Other (Note in Description box),John Storm,Marker,Phone/Car GPS,NAD83,Ferrell Killion,Ferrell Killion,FLLEE32761,Excellent Mark,,,FL,Lee County,,No,26.508522,-81.980038,43882,Gulf of America,32761,325,5,1,"In the guard gate to the St Charles Harbor, St Charles Harbor and Yacht Club security gate building",26.508522,-81.980038,2022-10-08T05:00:00,8.1,2.0,4.0,N/A,27302.0,2.49,3,Coastal,2022-10-08T05:00:00,1.0,2,HWM 1,[],4.0,,868.0,868.0,#rd Order Differential Levels ran from TBM with RTN derived elevation,0.017,,2,1.5,5.609999999999999,6.043576192980988,4.441972314363466,4.620637091766736
26.518766,-81.965689,2022 Ian,Seed line,Excellent: +/- 0.05 ft,NAVD88,Other (Note in Description box),John Storm,Marker,Phone/Car GPS,NAD83,Ferrell Killion,Ferrell Killion,FLLEE32763,Seed Line inside structure,,,FL,Lee County,,No,26.518766,-81.965689,43886,Gulf of America,32763,325,5,1,"15290 Tahitian Dr, Ft Myers, garage door was closed and in tact per home owner. Property owner name is Jeff.",26.518766,-81.965689,2022-10-08T05:00:00,6.9,2.0,4.0,N/A,27189.0,1.02,3,Coastal,2022-10-08T05:00:00,1.0,2,HWM 1,[],4.0,,868.0,868.0,3rd Order Differential Levels were ran from a TBM with a RTN derived elevation,0.017,,4,3.5,5.880000000000001,4.6605137702361175,3.9643207917559016,5.035513659298501
26.511354,-82.081096,2022 Ian,Seed line,Excellent: +/- 0.05 ft,NAVD88,RT-GNSS,John Storm,,Phone/Car GPS,NAD83,Ferrell Killion,John Storm,FLLEE32765,Seed Line Garage Door,,,FL,Lee County,,No,26.511354,-82.081096,43887,Gulf of America,32765,325,5,1,"Well defined seed line on inside of garage door frame. Seed line on lower left side of garage door frame at front of
house facing NW.   3471 Stabile Road, Saint James City FL, 33956. Private property. Front left corner of house/garage.Marked with red paint marker as USGS HWM1.",26.511354,-82.081096,2022-10-13T05:00:00,7.5,2.0,6.0,N/A,27328.0,0.66,3,Coastal,2022-10-08T05:00:00,0.0,2,HWM 1,[],,,868.0,1990.0,,0.087,,3,2.5,6.84,4.887267204094433,2.6495749480828,2.647929150949543
26.525614,-81.952762,2022 Ian,Seed line,Good: +/- 0.10 ft,NAVD88,Other (Note in Description box),John Storm,Marker,Phone/Car GPS,NAD83,Ferrell Killion,Ferrell Killion,FLLEE32766,Mud and debris,,,FL,Lee County,,No,26.525614,-81.952762,43935,Gulf of America,32766,325,5,2,"Seed line in entrance way to the right of the front door.  14860 Laguna Dr, Fort Myers",26.525614,-81.952762,2022-10-08T05:00:00,7.2,2.0,4.0,N/A,27190.0,0.38,3,Coastal,2022-10-08T05:00:00,0.0,2,HWM 1,[],4.0,,868.0,868.0,3rd Order Differential Levels were ran from TBM with RTN derived elevation,0.017,,3,2.5,6.82,6.06975413057122,0.8302458694287802,3.08752590092294
26.347299,-81.7801,2022 Ian,Seed line,Excellent: +/- 0.05 ft,NAVD88,RT-GNSS,John Storm,Marker,Phone/Car GPS,NAD83,John Storm,John Storm,FLLEE32768,NW backside of Vikingos resteraunt,,,FL,Lee County,,No,26.347299,-81.7801,43891,Gulf of America,32768,325,5,1,Excellent seedline on wooden dumpster fence NW backside of Vikingos resteraunt,26.347299,-81.7801,2022-10-14T05:00:00,9.0,2.0,6.0,N/A,27183.0,2.1,3,Coastal,2022-10-08T05:00:00,0.0,2,HWM 1,[],4.0,,1990.0,1990.0,Black sqaure on concrete 2.07 ft below hwm. Gps can setup on sqaure,0.176,,3,2.5,6.9,7.4050166788376535,1.407212578178334,1.4179104718913473
26.439,-82.063,2022 Ian,Seed line,Good: +/- 0.10 ft,NAVD88,RT-GNSS,John Storm,Marker,Phone/Car GPS,NAD83,Ferrell Killion,John Storm,FLLEE32769,Seed Line in Closet,,,FL,Lee County,,No,26.439,-82.063,43896,Gulf of America,32769,325,5,2,"747 Marthas Lane, seed line in storage closet under steps up to the house.",26.439,-82.063,2022-10-12T05:00:00,10.1,2.0,6.0,N/A,27331.0,6.11,3,Coastal,2022-10-08T05:00:00,0.0,2,HWM 1,[],4.0,,868.0,1990.0,3rd Order Differential Levels were ran from a TBM with a RTN derived elevation,0.088,,6,5.5,3.9899999999999993,3.6470736731381552,8.117565883936692,8.117565883936692
26.505736,-81.958406,2022 Ian,Seed line,Excellent: +/- 0.05 ft,NAVD88,Other (Note in Description box),John Storm,Marker,Phone/Car GPS,NAD83,Ferrell Killion,Ferrell Killion,FLLEE32770,Well defined seed line outside of structure,,,FL,Lee County,,No,26.505736,-81.958406,43893,Gulf of America,32770,325,5,1,,26.505736,-81.958406,2022-10-08T05:00:00,10.7,2.0,4.0,N/A,27192.0,1.6,3,Coastal,2022-10-08T05:00:00,0.0,2,HWM 1,[],4.0,,868.0,868.0,3rd Order Differential levels were ran from a TBM with a RTN derived elevation,0.017,,1,0.5,9.1,8.377451596297616,2.2045325408410186,2.124864122893875
26.504282,-82.08269,2022 Ian,Seed line,Excellent: +/- 0.05 ft,NAVD88,RT-GNSS,John Storm,Marker,Phone/Car GPS,NAD83,Ferrell Killion,John Storm,FLLEE32771,Seed line on Glass window inside structure,,,FL,Lee County,,No,26.504282,-82.08269,43895,Gulf of America,32771,325,5,1,"3051 Stringfellow Rd (Phuzzy's Boat Shack) Seed line on inside of glass window, water was stable",26.504282,-82.08269,2022-10-16T05:00:00,7.4,2.0,6.0,N/A,27385.0,1.85,3,Coastal,2022-10-08T05:00:00,1.0,2,HWM 1,[],4.0,,868.0,1990.0,3rd Order Differential Levels were ran from a TBM with a RTN derived elevation,0.087,,3,2.5,5.550000000000001,5.842075338513832,1.55792587259785,1.55792587259785
26.504282,-82.08269,2022 Ian,Seed line,Excellent: +/- 0.05 ft,NAVD88,RT-GNSS,John Storm,Marker,Phone/Car GPS,NAD83,Ferrell Killion,John Storm,FLLEE32771,Seed line on Glass window inside structure,,,FL,Lee County,,No,26.504282,-82.08269,43917,Gulf of America,32771,325,5,1,"Seed line on left glass adjacent to double doors, facing west.  seed line on inside of glass window, water was stable",26.504282,-82.08269,2022-10-16T05:00:00,7.4,2.0,6.0,N/A,27180.0,1.76,3,Coastal,2022-10-08T05:00:00,0.0,2,HWM 2,[],4.0,,868.0,1990.0,3rd Order Differential Levels were ran from a TBM with a RTN derived elevation,0.087,,3,2.5,5.640000000000001,5.842075338513832,1.55792587259785,1.55792587259785
26.500623,-81.967515,2022 Ian,Seed line,Excellent: +/- 0.05 ft,NAVD88,Other (Note in Description box),John Storm,Marker,Phone/Car GPS,NAD83,Ferrell Killion,Ferrell Killion,FLLEE32773,Seed line located inside Restaurant,,,FL,Lee County,,No,26.500623,-81.967515,43898,Gulf of America,32773,325,5,1,"excellent seed line behind paneling in back room of Citrolas Italian Resturant on McGregor. One mark is inside and was stillwater and the other was
outside",26.500623,-81.967515,2022-10-08T05:00:00,11.1,2.0,4.0,N/A,27387.0,4.22,3,Coastal,2022-10-08T05:00:00,1.0,2,HWM 1,[],4.0,,868.0,868.0,3rd Order Differential Levels were ran to a TBM with a RTN derived elevation.,0.017,,3,2.5,6.88,6.5014603256866375,4.298540515297291,4.298539557443536
26.500623,-81.967515,2022 Ian,Seed line,Fair: +/- 0.20 ft,NAVD88,Other (Note in Description box),John Storm,Marker,Phone/Car GPS,NAD83,Ferrell Killion,Ferrell Killion,FLLEE32773,Seed line located inside Restaurant,,,FL,Lee County,,No,26.500623,-81.967515,43973,Gulf of America,32773,325,5,3,"On outside of building around side and back, a continuous line, it was outside dring the event and in a more open area of parking lot around building",26.500623,-81.967515,2022-10-08T05:00:00,10.8,2.0,4.0,N/A,27199.0,4.48,3,Coastal,2022-10-08T05:00:00,0.0,2,HWM 2,[],4.0,,868.0,868.0,3rd Order Differential Levels were ran from TBM with RTN derived elevation,0.017,,3,2.5,6.32,6.5014603256866375,4.298540515297291,4.298539557443536
26.339381,-81.78339,2022 Ian,Seed line,Excellent: +/- 0.05 ft,NAVD88,RT-GNSS,John Storm,Not marked,Phone/Car GPS,NAD83,John Storm,John Storm,FLLEE32774,Excellent seed line on side of storage unit behind residence.,,,FL,Lee County,,No,26.339381,-81.78339,43900,Gulf of America,32774,325,5,1,Excellent seed line on side of storage unit behind residence.,26.339381,-81.78339,2022-10-14T05:00:00,8.8,2.0,6.0,N/A,27177.0,0.93,3,Coastal,2022-10-08T05:00:00,0.0,2,HWM2,[],8.0,,1990.0,1990.0,3rd Order Differential Levels were ran from TBM with RTN derived elevation,0.176,,3,2.5,7.870000000000001,8.06803621957934,0.749521932360933,0.752628205317512
26.498427,-82.076022,2022 Ian,Seed line,Good: +/- 0.10 ft,NAVD88,RT-GNSS,John Storm,Marker,Phone/Car GPS,NAD83,Ferrell Killion,John Storm,FLLEE32775,Mudline on Window,,,FL,Lee County,,No,26.498427,-82.076022,43899,Gulf of America,32775,325,5,2,"2596 Baybreeze St, St James City, FL. Private property. Sharpie marker on right edge of right most window frame on front of house,",26.498427,-82.076022,2022-10-12T05:00:00,7.6,2.0,6.0,N/A,27181.0,3.43,3,Coastal,2022-10-08T05:00:00,0.0,2,HWM 1,[],4.0,,868.0,1990.0,3rd Order Differential Levels were ran from TBM with RTN derived elevation,0.08,,5,4.5,4.17,3.8165143468561444,3.8156826787312497,3.8156826787312497
26.338738,-81.790901,2022 Ian,Seed line,Excellent: +/- 0.05 ft,NAVD88,RT-GNSS,John Storm,Not marked,Phone/Car GPS,NAD83,John Storm,John Storm,FLLEE32777,fence of home on 9750 Tonya Court.,,,FL,Lee County,,No,26.338738,-81.790901,43902,Gulf of America,32777,325,5,1,Excellent seed line on brand new fence of home on 9750 Tonya Court.,26.338738,-81.790901,2022-10-14T05:00:00,8.9,2.0,6.0,N/A,27182.0,3.8,3,Coastal,2022-10-08T05:00:00,0.0,2,HWM3,[],8.0,,1990.0,1990.0,3rd Order Differential Levels were ran from TBM with RTN derived elevation,0.176,,6,5.5,5.1000000000000005,5.108342161328774,3.7071212107455507,3.708712465459791
26.501279,-82.067384,2022 Ian,Seed line,Excellent: +/- 0.05 ft,NAVD88,RT-GNSS,John Storm,Marker,Phone/Car GPS,NAD83,Ferrell Killion,John Storm,FLLEE32778,Well defined Seed line,,,FL,Lee County,,No,26.501279,-82.067384,43903,Gulf of America,32778,325,5,1,"Well defined seed line on glass window on rear of house, left side, facing NE.  2600 Eighth Ave, St James City, FL. Private property. Got permission from neighbor across the street.",26.501279,-82.067384,2022-10-11T05:00:00,8.2,2.0,6.0,N/A,27332.0,4.11,3,Coastal,2022-10-08T05:00:00,0.0,2,HWM 1,[],4.0,,868.0,1990.0,3rd Order Differential Levels were ran from TBM with RTN derived elevation,0.14,,7,6.5,4.089999999999999,4.974521911676161,2.6567910883704764,2.643237885338653
26.342565,-81.786912,2022 Ian,Seed line,Excellent: +/- 0.05 ft,NAVD88,RT-GNSS,John Storm,Marker,Phone/Car GPS,NAD83,John Storm,John Storm,FLLEE32779,NW corner of last house on street. At junction of house & wood fence.,,,FL,Lee County,,No,26.342565,-81.786912,43904,Gulf of America,32779,325,5,1,NW corner of last house on street. At junction of house & wood fence.,26.342565,-81.786912,2022-10-14T05:00:00,8.7,2.0,6.0,N/A,27382.0,1.7,3,Coastal,2022-10-08T05:00:00,0.0,2,HWM2,[],4.0,,1990.0,1990.0,3rd Order Differential Levels were ran from TBM with RTN derived elevation,0.176,,3,2.5,6.999999999999999,7.186187846766995,1.6851027853347844,1.687414911918589
26.344094,-81.796394,2022 Ian,Seed line,Excellent: +/- 0.05 ft,NAVD88,RT-GNSS,John Storm,Marker,Phone/Car GPS,NAD83,John Storm,John Storm,FLLEE32780,House #27142,,,FL,Lee County,,No,26.344094,-81.796394,43905,Gulf of America,32780,325,5,1,Mark on white plastic fence at gate with owners permision. House #27142,26.344094,-81.796394,2022-10-14T05:00:00,8.9,2.0,6.0,N/A,27179.0,3.25,3,Coastal,2022-10-08T05:00:00,0.0,2,HWM3,[],4.0,,1990.0,1990.0,3rd Order Differential Levels were ran from TBM with RTN derived elevation,0.176,,6,5.5,5.65,5.35652862759087,3.5112360853512135,3.5112360853512135
26.496476,-82.08572,2022 Ian,Seed line,Good: +/- 0.10 ft,NAVD88,RT-GNSS,John Storm,Marker,Phone/Car GPS,NAD83,Ferrell Killion,John Storm,FLLEE32782,Well Defined Seed Line,,,FL,Lee County,,No,26.496476,-82.08572,43906,Gulf of America,32782,325,5,2,"Well defined seed line, facing east, on left side of main entrance way stucco wall, behind bush to the right of window at ground level. 3727 Bayview Ave, St. James City, FL. Private residence.",26.496476,-82.08572,2022-10-13T05:00:00,7.5,2.0,6.0,N/A,27188.0,2.23,3,Coastal,2022-10-08T05:00:00,0.0,2,HWM 1,[],4.0,,868.0,1990.0,3rd Order Differential Levels were ran from TBM with RTN derived elevation,0.087,,3,2.5,5.27,6.619574516776978,0.8335747192762462,0.8335747192762462
26.338712,-81.796599,2022 Ian,Seed line,Excellent: +/- 0.05 ft,NAVD88,RT-GNSS,John Storm,Not marked,Phone/Car GPS,NAD83,John Storm,John Storm,FLLEE32783,first floor of condo complex at 9395 Pennsylvania Ave.,,,FL,Lee County,,No,26.338712,-81.796599,43908,Gulf of America,32783,325,5,1,Excellent seed line on door to utility space on first floor of condo complex at 9395 Pennsylvania Ave. Water flooded the first floor units and was about 2 to 3 feet from getting to the second floor,26.338712,-81.796599,2022-10-14T05:00:00,8.8,2.0,6.0,N/A,27384.0,5.98,3,Coastal,2022-10-08T05:00:00,0.0,2,hwm4,[],8.0,,1990.0,1990.0,"RM is asphalt spike circled by orange paint in parking lot just south of condo complex.
3rd Order Differential Levels were ran from TBM with RTN derived elevation",0.176,,6,5.5,2.8200000000000003,3.482064628225612,5.444505565358902,5.444505565358902
26.340671,-81.809076,2022 Ian,Seed line,Excellent: +/- 0.05 ft,NAVD88,RT-GNSS,John Storm,Marker,Phone/Car GPS,NAD83,John Storm,John Storm,FLLEE32784,Concrete garbage dumpster fence,,,FL,Lee County,,No,26.340671,-81.809076,43909,Gulf of America,32784,325,5,1,"Concrete garbage dumpster fence. North/ backside, left, about halfway up fence. Sharpie mark, open parking Lot for survey",26.340671,-81.809076,2022-10-12T05:00:00,9.0,2.0,6.0,N/A,27186.0,3.32,3,Coastal,2022-10-08T05:00:00,0.0,2,HWM4,[],4.0,,1990.0,1990.0,"At dead end of parking lot at garbage dumpsters hwm #4
3rd Order Differential Levels were ran from TBM with RTN derived elevation",0.067,,7,6.5,5.68,4.8046009590619505,4.3789762764992375,4.3789762764992375
26.33874,-81.802319,2022 Ian,Seed line,Excellent: +/- 0.05 ft,NAVD88,RT-GNSS,John Storm,Not marked,Phone/Car GPS,NAD83,John Storm,John Storm,FLLEE32786,exterior wall of garage door at 27297 Buccaneer Drive,,,FL,Lee County,,No,26.33874,-81.802319,43911,Gulf of America,32786,325,5,1,Excellent seed line on exterior wall of garage door at 27297 Buccaneer Drive,26.33874,-81.802319,2022-10-14T05:00:00,9.0,2.0,6.0,N/A,27334.0,4.14,3,Coastal,2022-10-08T05:00:00,0.0,2,HWM5,[],8.0,,1990.0,1990.0,"RM is black sharpie square on edge of driveway in front of house.
3rd Order Differential Levels were ran from TBM with RTN derived elevation",0.176,,7,6.5,4.86,4.2327499295782856,4.683463594939092,4.683463594939092
26.341525,-81.813296,2022 Ian,Seed line,Excellent: +/- 0.05 ft,NAVD88,RT-GNSS,John Storm,Marker,Phone/Car GPS,NAD83,John Storm,John Storm,FLLEE32787,Concrete flower bed. Left front corner of house,,,FL,Lee County,,No,26.341525,-81.813296,43912,Gulf of America,32787,325,5,1,Sharpie mark @ seedline 1.36 ft above ground. Concrete flower bed. Left front corner of house #,26.341525,-81.813296,2022-10-12T05:00:00,9.0,2.0,6.0,N/A,27184.0,1.36,3,Coastal,2022-10-09T05:00:00,0.0,2,HWM5,[],4.0,,1990.0,1990.0,"Should be able to use driveway for GNSS
#5
3rd Order Differential Levels were ran from TBM with RTN derived elevation",0.067,,3,2.5,7.64,8.630215965230946,0.6947261755562231,0.6947261755562231
26.334931,-81.814852,2022 Ian,Seed line,Excellent: +/- 0.05 ft,NAVD88,RT-GNSS,John Storm,Not marked,Phone/Car GPS,NAD83,John Storm,John Storm,FLLEE32788,door of apartment one at 3699 Margina Circle,,,FL,Lee County,,No,26.334931,-81.814852,43913,Gulf of America,32788,325,5,1,Excellent seed line on the door of apartment one at 3699 Margina Circle,26.334931,-81.814852,2022-10-14T05:00:00,9.4,2.0,6.0,N/A,27187.0,3.83,3,Coastal,2022-10-08T05:00:00,0.0,2,no_label,[],8.0,,1990.0,1990.0,3rd Order Differential Levels were ran from TBM with RTN derived elevation,0.176,,6,5.5,5.57,4.845989423161104,4.734091379409534,4.734091379409534
26.348546,-81.819254,2022 Ian,Seed line,Excellent: +/- 0.05 ft,NAVD88,RT-GNSS,John Storm,Stake,Phone/Car GPS,NAD83,John Storm,John Storm,FLLEE32790,front right corner of garage #201 behind Glasgow sign,,,FL,Lee County,,No,26.348546,-81.819254,43915,Gulf of America,32790,325,5,1,2.18 ft above top of stake.. Seedline on front right corner of garage #201 behind Glasgow sign,26.348546,-81.819254,2022-10-12T05:00:00,10.4,2.0,6.0,N/A,27176.0,2.05,3,Coastal,2022-10-08T05:00:00,0.0,2,no_label,[],7.0,,1990.0,1990.0,3rd Order Differential Levels were ran from TBM with RTN derived elevation,0.067,,3,2.5,8.350000000000001,7.6200689856461645,1.9927490997292283,1.9927490997292283
26.333809,-81.823596,2022 Ian,Seed line,Excellent: +/- 0.05 ft,NAVD88,RT-GNSS,John Storm,Not marked,Phone/Car GPS,NAD83,John Storm,John Storm,FLLEE32791,front door of unit 27631 Reahard Court.,,,FL,Lee County,,No,26.333809,-81.823596,43916,Gulf of America,32791,325,5,1,Excellent seed line on front door of unit 27631 Reahard Court.,26.333809,-81.823596,2022-10-15T05:00:00,10.7,2.0,6.0,N/A,27185.0,1.6,3,Coastal,2022-10-08T05:00:00,0.0,2,HWM7,[],8.0,,1990.0,1990.0,3rd Order Differential Levels were ran from TBM with RTN derived elevation,0.176,,3,2.5,9.1,8.631026338091672,1.2921554054534745,1.259186046009118
26.705406,-82.161784,2022 Ian,Seed line,Excellent: +/- 0.05 ft,NAVD88,Other (Note in Description box),John Storm,Marker,Phone/Car GPS,NAD83,John Storm,John Storm,FLLEE32793,south side of outdoor shed in front of parking at house number 8291 main street,,,FL,Lee County,,No,26.705406,-82.161784,43919,Gulf of America,32793,325,5,1,Seedline on south side of outdoor shed in front of parking at house number 8291 main street,26.705406,-82.161784,2022-10-12T05:00:00,2.5,2.0,4.0,N/A,27178.0,0.56,3,Coastal,2022-10-08T05:00:00,0.0,2,Team2_002E,[],4.0,,1990.0,1990.0,STATIC (4HR observation) base with RTN Rover and radio,0.19,,6,5.5,1.94,2.145235306947563,0.28321590374167505,0.29555715984116926
26.702815,-82.160073,2022 Ian,Seed line,Excellent: +/- 0.05 ft,NAVD88,Other (Note in Description box),John Storm,Marker,Phone/Car GPS,NAD83,John Storm,John Storm,FLLEE32794,foot high stone barrier wall house number 8160 moyer street,,,FL,Lee County,,No,26.702815,-82.160073,43920,Gulf of America,32794,325,5,1,Seedline on foot high stone barrier wall house number 8160 moyer street,26.702815,-82.160073,2022-10-12T05:00:00,2.5,2.0,4.0,N/A,27374.0,0.79,3,Coastal,2022-10-08T05:00:00,0.0,2,Team2_003E,[],4.0,,1990.0,1990.0,STATIC (4 hr observation) base with RTN Rover and radio,0.19,,5,4.5,1.71,2.0512369439357845,0.5092760159930032,0.5259047462887074
26.660932,-81.898228,2022 Ian,Seed line,Good: +/- 0.10 ft,NAVD88,RT-GNSS,John Storm,Marker,Phone/Car GPS,NAD83,Ferrell Killion,John Storm,FLLEE32797,Seed Line on Structure,,,FL,Lee County,,No,26.660932,-81.898228,43925,Gulf of America,32797,325,5,2,"Seed line on 393 Ancor way. North side of building. Marked with Black sharpie.Mark is 1.56 ft
above ground. Seed line on 355 Ancor way is on south side of building 1.12 ft. above ground. Marked with black sharpie Site Notes Seed line on 393 Ancor way. North side of building. Marked with Black sharpie. Seed line on house.",26.660932,-81.898228,2022-10-15T05:00:00,6.9,2.0,6.0,N/A,27335.0,1.56,3,Coastal,2022-10-09T05:00:00,0.0,2,HWM 1,[],4.0,,868.0,1990.0,3rd Order Differential Levels were ran from TBM with RTN derived elevation,0.176,,2,1.5,5.34,5.464134957846694,1.5578942282763713,1.5578942282763713
26.653205,-81.895727,2022 Ian,Seed line,Good: +/- 0.10 ft,NAVD88,Level Gun,John Storm,Marker,Phone/Car GPS,NAD83,Ferrell Killion,John Storm,FLLEE32798,Seed Line on Structure,,,FL,Lee County,,No,26.653205,-81.895727,43927,Gulf Of Mexico,32798,325,5,2,Corner of Beige house in Cul-De-Sac at 20 Skyline Drive. Marked with black sharpie 2.91 ft. above ground seedline across entire front of house.,26.653205,-81.895727,2022-10-12T05:00:00,7.2,2.0,2.0,N/A,27162.0,2.91,3,Coastal,2022-10-09T05:00:00,0.0,2,HWM 1,[],4.0,,868.0,1990.0,,0.025,,4,3.5,4.29,3.5044797292844514,3.4575922738087206,3.4575922738087206
26.44742,-82.03677,2022 Ian,Seed line,Excellent: +/- 0.05 ft,NAVD88,RT-GNSS,John Storm,Marker,Phone/Car GPS,NAD83,Ferrell Killion,John Storm,FLLEE32799,Seed Line on Structure,,,FL,Lee County,,No,26.44742,-82.03677,43928,Gulf of America,32799,325,5,1,Good mark on front porch of 829 Tulip Lane. Left of front door.  Flagging on handrail left of front door,26.44742,-82.03677,2022-10-19T05:00:00,10.4,2.0,6.0,N/A,27337.0,4.19,3,Coastal,2022-10-09T05:00:00,0.0,2,HWM 1,[],4.0,,868.0,1990.0,3rd Order Differential Levels were ran from TBM with RTN derived elevation,0.084,,4,3.5,6.21,6.064782383560821,4.698616260291995,4.698616260291995
26.650426,-81.903229,2022 Ian,Seed line,Fair: +/- 0.20 ft,NAVD88,RT-GNSS,John Storm,Marker,Phone/Car GPS,NAD83,Ferrell Killion,John Storm,FLLEE32800,Seed Line on Structure,,,FL,Lee County,,No,26.650426,-81.903229,43929,Gulf of America,32800,325,5,3,Hancock creek elementary school. Main school fire hydrant line in front of car pool lane. Inside brick fence. Marked 0.98 ft. above the ground with black sharpie. Seed line inside brick gate that houses schools main water line.,26.650426,-81.903229,2022-10-15T05:00:00,6.9,2.0,6.0,N/A,27219.0,0.98,3,Coastal,2022-10-09T05:00:00,0.0,2,HWM 1,[],4.0,,868.0,1990.0,3rd Order Differential Levels were ran from TBM with RTN derived elevation,0.176,,2,1.5,5.92,7.1512369971888585,0.0,0.0
26.44676,-82.03653,2022 Ian,Seed line,Good: +/- 0.10 ft,NAVD88,RT-GNSS,John Storm,Marker,Phone/Car GPS,NAD83,Ferrell Killion,John Storm,FLLEE32801,Seeds and debris on structure,,,FL,Lee County,,No,26.44676,-82.03653,43930,Gulf of America,32801,325,5,2,Mark is located in still area around front porch on the front door frame of 820 Angel Wing Drive.  There is flagging above front door,26.44676,-82.03653,2022-10-19T05:00:00,10.7,2.0,6.0,N/A,27195.0,4.69,3,Coastal,2022-10-09T05:00:00,0.0,2,HWM 1,[],4.0,,868.0,1990.0,3rd Order Differential Levels were ran from TBM with RTN derived elevation,0.084,,4,3.5,6.009999999999999,4.978308605709726,5.556576692264736,5.556576692264736
26.44412,-82.03632,2022 Ian,Seed line,Good: +/- 0.10 ft,NAVD88,RT-GNSS,John Storm,Marker,Phone/Car GPS,NAD83,Ferrell Killion,John Storm,FLLEE32802,Seeds and mud on structure,,,FL,Lee County,,No,26.44412,-82.03632,43932,Gulf of America,32802,325,5,2,"925 Whelk Drive, Seed line on right side of left garage.  Sharpie mark on right side of left garage door.",26.44412,-82.03632,2022-10-19T05:00:00,11.2,2.0,6.0,N/A,27336.0,5.65,3,Coastal,2022-10-09T05:00:00,0.0,2,HWM 1,[],4.0,,868.0,1990.0,3rd Order Differential Levels were ran from TBM with RTN derived elevation,0.084,,5,4.5,5.549999999999999,4.453783038407173,6.909402885867119,6.909402885867119
26.505513,-82.090442,2022 Ian,Seed line,Excellent: +/- 0.05 ft,NAVD88,RT-GNSS,John Storm,Marker,Phone/Car GPS,NAD83,Ferrell Killion,John Storm,FLLEE32804,Seed line inside garage,,,FL,Lee County,,No,26.505513,-82.090442,43933,Gulf of America,32804,325,5,1,"3115 Trawler Ln, St James City, FL. Private Property. Got owner permission to mark garage door frame with sharpie line. Black sharpie marker line, labeled USGS HWM 1.",26.505513,-82.090442,2022-10-12T05:00:00,7.7,2.0,6.0,N/A,27200.0,1.62,3,Coastal,2022-10-09T05:00:00,1.0,2,HWM 1,[],4.0,,868.0,1990.0,3rd Order Differential Levels were ran from TBM with RTN derived elevation,0.08,,3,2.5,6.08,5.930066108703613,1.5085015632629704,1.5216490337549482
26.44113,-82.03635,2022 Ian,Seed line,Good: +/- 0.10 ft,NAVD88,RT-GNSS,John Storm,Marker,Phone/Car GPS,NAD83,Ferrell Killion,John Storm,FLLEE32805,Mud line on Window,,,FL,Lee County,,No,26.44113,-82.03635,43934,Gulf of America,32805,325,5,2,"845 East Gulf Dr Sanibel Moorings Building 2, on NW corner.  Mark is on window form",26.44113,-82.03635,2022-10-19T05:00:00,12.4,2.0,6.0,N/A,27201.0,5.1,3,Coastal,2022-10-09T05:00:00,1.0,2,HWM 1,[],4.0,,868.0,1990.0,3rd Order Differential Levels were ran from TBM with RTN derived elevation,0.084,,3,2.5,7.300000000000001,7.468918020643899,4.037256987411817,4.037256987411817
26.645715,-81.903771,2022 Ian,Seed line,Good: +/- 0.10 ft,NAVD88,RT-GNSS,John Storm,Marker,Phone/Car GPS,NAD83,Ferrell Killion,John Storm,FLLEE32806,Seed and Mud line outside of structure,,,FL,Lee County,,No,26.64575,-81.90371,43936,Gulf of America,32806,325,5,2,"House on Apopka Dr. under construction. Seed line on right side of garage. Looking at the house from the street, seed line is lower right hand corner.  House under construction. Looking at the house form the road. HWM is on the lower right hand corner
of garage.",26.645715,-81.903771,2022-10-15T05:00:00,6.9,2.0,6.0,N/A,27339.0,1.08,3,Coastal,2022-10-09T05:00:00,0.0,2,HWM 1,[],4.0,,868.0,1990.0,3rd Order Differential Levels were ran from TBM with RTN derived elevation,0.176,,5,4.5,5.82,2.452947805559854,4.357987988977481,4.365080796028877
26.491378,-82.08507,2022 Ian,Seed line,Excellent: +/- 0.05 ft,NAVD88,RT-GNSS,John Storm,Marker,Phone/Car GPS,NAD83,Ferrell Killion,John Storm,FLLEE32807,Seed Line on Structure,,,FL,Lee County,,No,26.491378,-82.08507,43937,Gulf of America,32807,325,5,1,"3695 San Carlos Dr, Saint James City, FL. Private residence. 2.33 ft off ground.  Well defined seed line to the right of main entrance and bottom left of window, mark faces NE.  Black sharpie line labeled USGS HWM 1.",26.491378,-82.08507,2022-10-16T05:00:00,7.3,2.0,6.0,N/A,27165.0,2.33,3,Coastal,2022-10-09T05:00:00,0.0,2,HWM 1,[],4.0,,868.0,1990.0,3rd Order Differential Levels were ran from TBM with RTN derived elevation,0.138,,2,1.5,4.97,5.778378154349139,1.747918037248505,1.769100977215948
26.44465,-82.03209,2022 Ian,Seed line,Good: +/- 0.10 ft,NAVD88,RT-GNSS,John Storm,Marker,Phone/Car GPS,NAD83,Ferrell Killion,John Storm,FLLEE32808,Seeds and debris on structure,,,FL,Lee County,,No,26.44465,-82.03209,43938,Gulf of America,32808,325,5,2,"950 Spoonbill Ct, seed line on inside corner of house near front left corner of left
garage, sharpie marker on left corner of left garage",26.44465,-82.03209,2022-10-19T05:00:00,11.8,2.0,6.0,N/A,27388.0,7.41,3,Coastal,2022-10-09T05:00:00,0.0,2,HWM 1,[],4.0,,868.0,1990.0,3rd Order Differential Levels were ran from TBM with RTN derived elevation,0.084,,6,5.5,4.390000000000001,4.300488027062003,7.499496378303637,7.499496378303637
26.44465,-82.03209,2022 Ian,Seed line,Good: +/- 0.10 ft,NAVD88,RT-GNSS,John Storm,Marker,Phone/Car GPS,NAD83,Ferrell Killion,John Storm,FLLEE32808,Seeds and debris on structure,,,FL,Lee County,,No,26.44465,-82.03209,43976,Gulf of America,32808,325,5,2,"Same home, seed line on screen on lower screen room, sharpie mark on corner of lower screen room next pool.",26.44465,-82.03209,2022-10-19T05:00:00,11.8,2.0,6.0,N/A,27203.0,7.67,3,Coastal,2022-10-09T05:00:00,0.0,2,HWM 2,[],4.0,,868.0,1990.0,3rd Order Differential Levels were ran from TBM with RTN derived elevation,0.084,,6,5.5,4.130000000000001,4.300488027062003,7.499496378303637,7.499496378303637
26.44655,-82.02686,2022 Ian,Seed line,Good: +/- 0.10 ft,NAVD88,RT-GNSS,John Storm,Marker,Phone/Car GPS,NAD83,Ferrell Killion,John Storm,FLLEE32827,Seeds on Stucture,,,FL,Lee County,,No,26.44655,-82.02686,43956,Gulf of America,32827,325,5,2,"538 Kinzie Island Ct, seed line transferred to exterior of house, transferred from lower interior window.  Sharpie line above lower window right of stairs.",26.44655,-82.02686,2022-10-15T05:00:00,12.2,2.0,6.0,N/A,27166.0,7.68,3,Coastal,2022-10-09T05:00:00,0.0,2,HWM 1,[],4.0,,868.0,1990.0,3rd Order Differential Levels were ran from TBM with RTN derived elevation,0.024,,6,5.5,4.52,4.258503907621689,7.498096394666529,7.498096394666529
26.44807,-82.02472,2022 Ian,Seed line,Good: +/- 0.10 ft,NAVD88,RT-GNSS,John Storm,Marker,Phone/Car GPS,NAD83,Ferrell Killion,John Storm,FLLEE32828,Seed Line on Structure,,,FL,Lee County,,No,26.44807,-82.02472,43958,Gulf of America,32828,325,5,2,"Colony Inn Room C44, 429 East Gulf Drive. Evident around entire building,  Flagged by light left of C44",26.44807,-82.02472,2022-10-15T05:00:00,12.3,2.0,6.0,N/A,27196.0,9.17,3,Coastal,2022-10-09T05:00:00,0.0,2,HWM 1,[],4.0,,868.0,1990.0,3rd Order Differential Levels were ran from TBM with RTN derived elevation,0.024,,7,6.5,3.130000000000001,3.4335474642555854,8.24497806598442,8.24497806598442
26.647015,-81.912819,2022 Ian,Seed line,Good: +/- 0.10 ft,NAVD88,RT-GNSS,John Storm,Marker,Phone/Car GPS,NAD83,Ferrell Killion,John Storm,FLLEE32829,Seed Line on Structure,,,FL,Lee County,,No,26.647015,-81.912819,43959,Gulf of America,32829,325,5,2,"Seed line on 1719 west coral terrace marked with black sharpie.  Seed line across entire house, Seed line on back corner of house.",26.647015,-81.912819,2022-10-15T05:00:00,6.8,2.0,6.0,N/A,27224.0,0.92,3,Coastal,2022-10-09T05:00:00,0.0,2,HWM 1,[],4.0,,868.0,1990.0,3rd Order Differential Levels were ran from TBM with RTN derived elevation,0.176,,2,1.5,5.88,5.931017671044417,0.6862926085334431,0.6862926085334431
26.44919,-82.02364,2022 Ian,Seed line,Good: +/- 0.10 ft,NAVD88,RT-GNSS,John Storm,Marker,Phone/Car GPS,NAD83,Ferrell Killion,John Storm,FLLEE32830,Seeds and debris under stucture,,,FL,Lee County,,No,26.44919,-82.02364,43960,Gulf of America,32830,325,5,2,"355 East Gulf Dr, line above left garage door beneath house.   There is flagging on mailbox, house and garage",26.44919,-82.02364,2022-10-15T05:00:00,11.6,2.0,6.0,N/A,27168.0,7.68,3,Coastal,2022-10-09T05:00:00,0.0,2,HWM 1,[],4.0,,868.0,1990.0,3rd Order Differential Levels were ran from TBM with RTN derived elevation,0.024,,7,6.5,3.92,3.312668540659226,8.830218728763256,8.830218728763256
26.493499,-82.077404,2022 Ian,Seed line,Good: +/- 0.10 ft,NAVD88,RT-GNSS,John Storm,Marker,Phone/Car GPS,NAD83,Ferrell Killion,John Storm,FLLEE32831,Seed Line on Structure,,,FL,Lee County,,No,26.493499,-82.077404,43961,Gulf of America,32831,325,5,2,"2247 Cactus Point Ln, Saint James City, FL. Private residence. Facing east. 3.00ft off ground.  Seed line on the right side of main entrance door frame. Line faces east. Between front door and right window beside door on frame.  Remark Black sharpie line, labeled USGS HWM 1",26.493499,-82.077404,2022-10-12T05:00:00,7.5,2.0,6.0,N/A,27194.0,3.0,3,Coastal,2022-10-09T05:00:00,0.0,2,HWM 1,[],4.0,,868.0,1990.0,3rd Order Differential Levels were ran from TBM with RTN derived elevation,0.08,,4,3.5,4.5,4.055399125016581,3.5428971115923416,3.5428971115923416
26.643183,-81.913392,2022 Ian,Seed line,Good: +/- 0.10 ft,NAVD88,RT-GNSS,Missing Approval,Marker,Phone/Car GPS,NAD83,Ferrell Killion,John Storm,FLLEE32832,Seed Line on Structure,,,FL,Lee County,,No,26.640396,-81.912798,43962,Gulf of America,32832,325,5,2,"Seed line on SW corner of garage at 4430 N. Bay Circle. Marked with black sharpie 0.73 ft.
above ground. Home owner is nice. Seed line on SW corner of garage at 4430 N. Bay Circle.  Good seed line inside garage transferred to outside corner.",26.643183,-81.913392,2022-10-15T05:00:00,6.5,2.0,6.0,N/A,27341.0,0.73,3,Coastal,2022-10-09T05:00:00,0.0,2,HWM 1,[],4.0,,868.0,1990.0,3rd Order Differential Levels were ran from TBM with RTN derived elevation,0.176,,1,0.5,5.77,6.141122479451297,0.5670047952515782,0.5670047952515782
26.640998,-81.908775,2022 Ian,Seed line,Good: +/- 0.10 ft,NAVD88,RT-GNSS,Missing Approval,Marker,Phone/Car GPS,NAD83,Ferrell Killion,John Storm,FLLEE32833,Seed line on Structure,,,FL,Lee County,,No,26.640998,-81.908775,43963,Gulf of America,32833,325,5,2,Seed line on south side of 4327 Harbour Lane. Marked with black sharpie. 1.91 ft. above ground. There was a confirmation mark seed line across side of garage.,26.640998,-81.908775,2022-10-15T05:00:00,6.7,2.0,6.0,N/A,27171.0,1.91,3,Coastal,2022-10-09T05:00:00,0.0,2,HWM 1,[],4.0,,868.0,1990.0,3rd Order Differential Levels were ran from TBM with RTN derived elevation,0.176,,3,2.5,4.79,4.642078960974385,1.9967476502879862,1.9967476502879862
26.4966,-82.071572,2022 Ian,Seed line,Fair: +/- 0.20 ft,NAVD88,RT-GNSS,John Storm,Marker,Phone/Car GPS,NAD83,Ferrell Killion,John Storm,FLLEE32834,Seed Line,,,FL,Lee County,,No,26.4966,-82.071572,43964,Gulf of America,32834,325,5,3,"2469 Cherimoya Ln, Saint James City, FL. Private residence. 2.47ft off ground, facing east.  Sparse seed line on front of house, facing east, to the left of the blue front door main entrance below porch light.  Black sharpie marker line, labeled USGS HWM 1.",26.4966,-82.071572,2022-10-12T05:00:00,7.8,2.0,6.0,N/A,27170.0,2.47,3,Coastal,2022-10-09T05:00:00,0.0,2,HWM 1,[],4.0,,868.0,1990.0,3rd Order Differential Levels were ran from TBM with RTN derived elevation,0.08,,4,3.5,5.33,4.7141438706966206,2.9510176398542534,2.9510176398542534
26.627865,-81.917829,2022 Ian,Seed line,Good: +/- 0.10 ft,NAVD88,RT-GNSS,Missing Approval,Marker,Phone/Car GPS,NAD83,Ferrell Killion,John Storm,FLLEE32835,Seed Line on Structure,,,FL,Lee County,,No,26.627865,-81.917829,43965,Gulf of America,32835,325,5,2,"Seed line that was transferred from behind palm trees. At paradise marina bathroom, backside of
building. Marina is on Orange Grove Blvd. Mark is marked with black sharpie and is 3.49 ft. above ground.",26.627865,-81.917829,2022-10-15T05:00:00,6.9,2.0,6.0,N/A,27173.0,3.49,3,Coastal,2022-10-09T05:00:00,0.0,2,HWM 1,[],4.0,,868.0,1990.0,3rd Order Differential Levels were ran from TBM with RTN derived elevation,0.176,,3,2.5,3.41,2.3224206734204227,4.260276735544583,4.262687185268727
26.629271,-81.917302,2022 Ian,Seed line,Fair: +/- 0.20 ft,NAVD88,RT-GNSS,Missing Approval,Marker,Phone/Car GPS,NAD83,Ferrell Killion,John Storm,FLLEE32836,Seed Line in and on telephone co. utility box,,,FL,Lee County,,No,26.629271,-81.917302,43966,Gulf of America,32836,325,5,3,"Paradise marina sign on Orange Grove Blvd. Seed line inside green telephone box behind sign.
Mark was transferred to outside of box. Mark is 2.81 ft above ground, marked with black sharpie. Mark inside box is good. Difficult transfer downgraded to fair. Survey inside mark if possible.",26.629271,-81.917302,2022-10-15T05:00:00,6.6,2.0,6.0,N/A,27340.0,2.81,3,Coastal,2022-10-09T05:00:00,0.0,2,HWM 1,[],4.0,,868.0,1990.0,3rd Order Differential Levels were ran from TBM with RTN derived elevation,0.176,,3,2.5,3.7899999999999996,3.011543254839779,3.8291176622807415,3.829153999318229
26.635365,-81.911993,2022 Ian,Seed line,Good: +/- 0.10 ft,NAVD88,RT-GNSS,John Storm,Marker,Phone/Car GPS,NAD83,Ferrell Killion,John Storm,FLLEE32837,Seed line on structure,,,FL,Lee County,,No,26.635365,-81.911993,43967,Gulf of America,32837,325,5,2,"Seed line in front, south side, of 1797 white cap circle. Marked with black sharpie 0.53 ft. above the ground.",26.635365,-81.911993,2022-10-15T05:00:00,6.6,2.0,6.0,N/A,27221.0,0.53,3,Coastal,2022-10-09T05:00:00,0.0,2,HWM 1,[],4.0,,868.0,1990.0,3rd Order Differential Levels were ran from TBM with RTN derived elevation,0.176,,2,1.5,6.069999999999999,3.025950643959946,3.56963237665618,3.56963237665618
26.701315,-82.159844,2022 Ian,Seed line,Excellent: +/- 0.05 ft,NAVD88,Other (Note in Description box),John Storm,Marker,Phone/Car GPS,NAD83,John Storm,John Storm,FLLEE32838,behind house number 8147 Moyer Lane,,,FL,Lee County,,No,26.701315,-82.159844,43968,Gulf of America,32838,325,5,1,Exc seedline in boat/jet power control behind house number 8147 Moyer Lane,26.701315,-82.159844,2022-10-12T05:00:00,2.6,2.0,4.0,N/A,27376.0,0.85,3,Coastal,2022-10-08T05:00:00,0.0,2,Team2_005E,[],4.0,,1990.0,1990.0,"Diff level not able to shoot will need total station.
STATIC (4 hr observation) base with RTN Rover and radio",0.19,,0,0.0,1.75,-2.9839886220421374,5.476835881662604,5.498640718799111
26.671847,-82.156667,2022 Ian,Seed line,Excellent: +/- 0.05 ft,NAVD88,Other (Note in Description box),John Storm,Marker,Phone/Car GPS,NAD83,John Storm,John Storm,FLLEE32839,golf course maintanence building,,,FL,Lee County,,No,26.671847,-82.156667,43969,Gulf of America,32839,325,5,1,Exc seedline on wall of office in golf maintanence building,26.671847,-82.156667,2022-10-13T05:00:00,4.4,2.0,4.0,N/A,27378.0,0.92,3,Coastal,2022-10-08T05:00:00,1.0,2,Team2_006E,[],4.0,,1990.0,1990.0,"Diff level will work site will require offset
RTK rover with Base station tied to BM elev",0.05,,6,5.5,3.4800000000000004,2.8422388817694553,1.8932462636982463,1.8932462636982463
26.635486,-81.921457,2022 Ian,Seed line,Good: +/- 0.10 ft,NAVD88,RT-GNSS,John Storm,Marker,Phone/Car GPS,NAD83,Ferrell Killion,John Storm,FLLEE32840,Seed Line on Structure,,,FL,Lee County,,No,26.635486,-81.921457,43970,Gulf of America,32840,325,5,2,"Two seed lines on pool house just South of 5917 Littlestone Ct. Mark on south side of building is
marked with black sharpie and is 0.65 feet above ground. Mark on east side of building is in fenced in pool area on door frame, marked with black sharpie and is 0.49 ft. above ground.",26.635486,-81.921457,2022-10-15T05:00:00,6.2,2.0,6.0,N/A,27222.0,0.65,3,Coastal,2022-10-09T05:00:00,0.0,2,HWM 1,[],4.0,,868.0,1990.0,3rd Order Differential Levels were ran from TBM with RTN derived elevation,0.176,,2,1.5,5.55,6.547341431219746,0.0,0.0
26.635486,-81.921457,2022 Ian,Seed line,Good: +/- 0.10 ft,NAVD88,RT-GNSS,John Storm,Marker,Phone/Car GPS,NAD83,Ferrell Killion,John Storm,FLLEE32840,Seed Line on Structure,,,FL,Lee County,,No,26.635486,-81.921457,44059,Gulf of America,32840,325,5,2,"Mark on south side of building is marked with black sharpie and is 0.65 feet above
ground. Mark on east side of building is in fenced in pool area on door frame, marked
with black sharpie and is 0.49 ft. above ground.
Description of HWM Two seed lines on pool house just South of 5917 Littlestone Ct.",26.635486,-81.921457,2022-10-15T05:00:00,6.4,2.0,6.0,N/A,27390.0,0.49,3,Coastal,2022-10-10T05:00:00,0.0,2,HWM 2,[],4.0,,868.0,1990.0,3rd Order Differential Levels were ran from TBM with RTN derived elevation,0.176,,2,1.5,5.91,6.547341431219746,0.0,0.0
26.670535,-82.155847,2022 Ian,Seed line,Excellent: +/- 0.05 ft,NAVD88,Other (Note in Description box),John Storm,Nail,Phone/Car GPS,NAD83,John Storm,John Storm,FLLEE32841,behind house number 14399 Tamarac Dr,,,FL,Lee County,,No,26.670535,-82.155847,43971,Gulf of America,32841,325,5,1,Exc s3edline on wooden retaining wall closest to water body behind house number 14399 Tamarac Dr,26.670535,-82.155847,2022-10-13T05:00:00,4.6,2.0,4.0,N/A,27197.0,3.33,3,Coastal,2022-10-08T05:00:00,0.0,2,Team2_007E,[],5.0,,1990.0,1990.0,"Behind house go through green chainlink fence with gate on north side of house walk to back of house and walk south to end of back yard mark on wooden retaining wall

RTK rover with Base station tied to BM elev",0.05,,5,4.5,1.2699999999999996,4.415362682242406,0.20649845846000492,0.20649845846000492
26.668221,-82.151763,2022 Ian,Seed line,Excellent: +/- 0.05 ft,NAVD88,Other (Note in Description box),Missing Approval,Marker,Phone/Car GPS,NAD83,John Storm,John Storm,FLLEE32842,at house number 14310 Sandarac Dr,,,FL,Lee County,,No,26.668221,-82.151763,43972,Gulf of America,32842,325,5,1,Exc seedline line on house side/east side of metal green electrical box number T20765 at house number 14310 Sandarac Dr,26.668221,-82.151763,2022-10-13T05:00:00,4.9,2.0,4.0,N/A,27205.0,0.46,3,Coastal,2022-10-08T05:00:00,0.0,2,Team2_008E_1008HWM,[],4.0,,1990.0,1990.0,RTK rover with Base station tied to BM elev,0.05,,5,4.5,4.44,4.2735752001834975,1.0044674767800723,1.0044674767800723
26.664466,-82.15321,2022 Ian,Seed line,Excellent: +/- 0.05 ft,NAVD88,Other (Note in Description box),John Storm,Marker,Phone/Car GPS,NAD83,John Storm,John Storm,FLLEE32843,under front porch of of house northwest corner of Clubhouse Dr and Caloosa Dr,,,FL,Lee County,,No,26.664466,-82.15321,43974,Gulf of America,32843,325,5,1,Exc seedline under front porch of of house northwest corner of Clubhouse Dr and Caloosa Dr,26.664466,-82.15321,2022-10-13T05:00:00,5.3,2.0,4.0,N/A,27209.0,1.74,3,Coastal,2022-10-08T05:00:00,0.0,2,Team2_009E,[],4.0,,1990.0,1990.0,RTK rover with Base station tied to BM elev,0.05,,4,3.5,3.5599999999999996,4.043028032372942,1.3707199098113216,1.3707199098113216
26.661816,-82.154604,2022 Ian,Seed line,Excellent: +/- 0.05 ft,NAVD88,Other (Note in Description box),John Storm,Marker,Phone/Car GPS,NAD83,John Storm,John Storm,FLLEE32844,cottage porch located behind the Tarpon Lodge,,,FL,Lee County,,No,26.661816,-82.154604,43975,Gulf of America,32844,325,5,1,Exc seedline on cottage porch located behind the Tarpon Lodge,26.661816,-82.154604,2022-10-13T05:00:00,5.5,2.0,4.0,N/A,27208.0,0.96,3,Coastal,2022-10-08T05:00:00,0.0,2,Team2_010E,[],4.0,,1990.0,1990.0,RTK rover with Base station tied to BM elev,0.05,,7,6.5,4.54,3.62037360824625,1.8182008813899828,1.8182008813899828
26.705481,-82.163241,2022 Ian,Seed line,Excellent: +/- 0.05 ft,NAVD88,Other (Note in Description box),Missing Approval,Marker,Phone/Car GPS,NAD83,John Storm,John Storm,FLLEE32845,block foundation of Mobil home.,,,FL,Lee County,,No,26.705481,-82.163241,43977,Gulf of America,32845,325,5,1,Excellent seed line on block foundation of Mobil home. Second row of blocks from southern face of home. West most blocks.,26.705481,-82.163241,2022-10-12T05:00:00,2.4,2.0,4.0,N/A,27206.0,0.41,3,Coastal,2022-10-08T05:00:00,0.0,2,TEAM2_001E,[],4.0,,1990.0,1990.0,"Difficult to survey with differentials level. Will need offset.
STATIC (4 hr observation) base with RTN Rover and radio",0.19,,6,5.5,1.99,1.6755833635180015,0.8298888126836377,0.8425676931244692
26.35943,-81.8232,2022 Ian,Seed line,Excellent: +/- 0.05 ft,NAVD88,RT-GNSS,John Storm,Marker,Phone/Car GPS,NAD83,John Storm,John Storm,FLLEE32847,"26300 Augusta cr ct. North end back corner of house,",,,FL,Lee County,,No,26.35943,-81.8232,43979,Gulf of America,32847,325,5,1,"26300 Augusta cr ct. North end back corner of house, sharpie mark with yellow flag idintifiers",26.35943,-81.8232,2022-10-12T05:00:00,9.8,2.0,6.0,N/A,27204.0,0.95,3,Coastal,2022-10-08T05:00:00,0.0,2,HWM7,[],4.0,,1990.0,1990.0,"20 ft away from house should be Clear,",0.067,,3,2.5,8.850000000000001,8.380722811841588,2.168758768529008,2.0656395714483615
26.334181,-81.830933,2022 Ian,Seed line,Excellent: +/- 0.05 ft,NAVD88,RT-GNSS,John Storm,Not marked,Phone/Car GPS,NAD83,John Storm,John Storm,FLLEE32848,garage of house at 4872 Esplanade St.,,,FL,Lee County,,No,26.334181,-81.830933,43980,Gulf of America,32848,325,5,1,Excellent line in garage of house at 4872 Esplanade St.,26.334181,-81.830933,2022-10-15T05:00:00,10.8,2.0,6.0,N/A,27202.0,5.18,3,Coastal,2022-10-08T05:00:00,1.0,2,HWM8,[],8.0,,1990.0,1990.0,"RM is orange spot inside orange circle in road in front of house with watermark
3rd Order Differential Levels were ran from TBM with RTN derived elevation",0.176,,7,6.5,5.620000000000001,5.379442389555803,4.726293195217347,4.729172762649633
26.343061,-81.827137,2022 Ian,Seed line,Excellent: +/- 0.05 ft,NAVD88,RT-GNSS,John Storm,Marker,Phone/Car GPS,NAD27,John Storm,John Storm,FLLEE32850,Back left of house #27281 Ibis cv,,,FL,Lee County,,No,26.343061,-81.827137,43982,Gulf of America,32850,325,5,1,"Back left of house #27281 Ibis cv ct ,above AC unit",26.343061,-81.827137,2022-10-12T05:00:00,9.9,2.0,6.0,N/A,27342.0,4.25,3,Coastal,2022-10-08T05:00:00,0.0,3,HWM8,[],4.0,,1990.0,1990.0,"Clearing in backyard
3rd Order Differential Levels were ran from TBM with RTN derived elevation",0.067,,4,3.5,5.65,6.8989098854265185,2.9849692340817606,2.9849692340817606
26.347256,-81.832331,2022 Ian,Seed line,Excellent: +/- 0.05 ft,NAVD88,RT-GNSS,John Storm,Marker,Phone/Car GPS,NAD83,John Storm,John Storm,FLLEE32852,House #101 front left corner,,,FL,Lee County,,No,26.347256,-81.832331,43984,Gulf of America,32852,325,5,1,"Sharpie line @ seedline, gutter flagged for visibility. House #101 front left corner",26.347256,-81.832331,2022-10-12T05:00:00,9.2,2.0,6.0,N/A,27344.0,2.35,3,Coastal,2022-10-08T05:00:00,0.0,2,HWM9,[],4.0,,1990.0,1990.0,3rd Order Differential Levels were ran from TBM with RTN derived elevation,0.067,,4,3.5,6.85,8.11703640019174,2.2504443833473715,2.2504443833473715
26.681978,-81.86577,2022 Ian,Seed line,Good: +/- 0.10 ft,NAVD88,RT-GNSS,John Storm,Marker,Phone/Car GPS,NAD83,Ferrell Killion,John Storm,FLLEE32853,Seed Line on Structure,,,FL,Lee County,,No,26.681978,-81.86577,43985,Gulf of America,32853,325,5,2,Seed line inside guard shack at Old Bridge Village Guard Shack at the end of New Post Road. Mark transferred outside guard shack with black sharpie. Mark is 2.65 ft. above ground.  Seed line inside guard shack at Old Bridge Village Guard Shack at the end of New Post Road.,26.681978,-81.86577,2022-10-17T05:00:00,7.8,2.0,6.0,N/A,27349.0,2.65,3,Coastal,2022-10-10T05:00:00,0.0,2,HWM 1,[],4.0,,868.0,1990.0,3rd Order Differential Levels were ran from TBM with RTN derived elevation,0.184,,4,3.5,5.15,4.386121988922279,3.382366509328258,3.382366509328258
26.359673,-81.834342,2022 Ian,Seed line,Good: +/- 0.10 ft,NAVD88,RT-GNSS,Missing Approval,Marker,Phone/Car GPS,NAD83,John Storm,John Storm,FLLEE32856,back right corner of community clubhouse,,,FL,Lee County,,No,26.359673,-81.834342,43988,Gulf of America,32856,325,5,2,Eye level sharpie mark above water fountain 1ft left on back right corner of community clubhouse,26.359673,-81.834342,2022-10-12T05:00:00,11.1,2.0,6.0,N/A,27151.0,5.44,3,Coastal,2022-10-08T05:00:00,0.0,2,HWM10,[],4.0,,1990.0,1990.0,3rd Order Differential Levels were ran from TBM with RTN derived elevation,0.067,,7,6.5,5.659999999999999,4.807752887095053,5.597722043077586,5.670998101040099
26.678307,-81.8607,2022 Ian,Mud,Excellent: +/- 0.05 ft,NAVD88,RT-GNSS,John Storm,Marker,Phone/Car GPS,NAD83,Ferrell Killion,John Storm,FLLEE32857,Seed Line,,,FL,Lee County,,No,26.678307,-81.8607,43989,Gulf of America,32857,325,1,1,Mud line on Carpool wall at 5547 Sir Walter Way.  Remark Sharpie line in middle of Carport wall 27 ft from end of driveway. Mud line across entire Carport.   Ran small loop to HWM off PK nail in raod BC trailers are getting cleaned out and torn down fast it seems.,26.678307,-81.8607,2022-10-17T05:00:00,7.9,2.0,6.0,N/A,27152.0,3.15,3,Coastal,2022-10-10T05:00:00,0.0,2,HWM 1,[],4.0,,868.0,1990.0,3rd Order Differential Levels were ran from TBM with RTN derived elevation,0.184,,4,3.5,4.75,3.9274071458130684,3.827727040246463,3.827727040246463
26.357757,-81.829543,2022 Ian,Seed line,Excellent: +/- 0.05 ft,NAVD88,RT-GNSS,John Storm,Marker,Phone/Car GPS,NAD83,John Storm,John Storm,FLLEE32859,right front corner of carport at house 26220,,,FL,Lee County,,No,26.357757,-81.829543,43992,Gulf of America,32859,325,5,1,3.24 ft above stake in ground right front corner of carport at house 26220,26.357757,-81.829543,2022-10-14T05:00:00,10.7,2.0,6.0,N/A,27207.0,3.37,3,Coastal,2022-10-08T05:00:00,0.0,2,HWM11,[],4.0,,1990.0,1990.0,3rd Order Differential Levels were ran from TBM with RTN derived elevation,0.176,,5,4.5,7.329999999999999,6.655338085855399,3.7644606655876443,3.769230848820082
26.637245,-81.879707,2022 Ian,Seed line,Excellent: +/- 0.05 ft,NAVD88,RT-GNSS,John Storm,Marker,Phone/Car GPS,NAD83,John Storm,John Storm,FLLEE32861,2286 W first st. Ft Myers Fl 33901. North east outer wall of white brick building.,,,FL,Lee County,,No,26.637245,-81.879707,43993,Gulf of America,32861,325,5,1,Footling sharpie line with USGS E (quality grade) and date.  2286 W first st. Ft Myers Fl 33901. North east outer wall of white brick building.,26.637245,-81.879707,2022-10-16T05:00:00,7.9,2.0,6.0,N/A,27211.0,2.69,3,Coastal,2022-10-09T05:00:00,0.0,2,USGS E 10/09,[],4.0,,1990.0,1990.0,3rd Order Differential Levels were ran from TBM with RTN derived elevation,0.031,,3,2.5,5.210000000000001,4.875595801145699,3.10111757958253,3.100803976090768
26.637591,-81.879398,2022 Ian,Seed line,Excellent: +/- 0.05 ft,NAVD88,RT-GNSS,John Storm,Marker,Phone/Car GPS,NAD83,John Storm,John Storm,FLLEE32863,Creighton construction & development 2240 w first st ft Myers fl 33901,,,FL,Lee County,,No,26.637591,-81.879398,43996,Gulf of America,32863,325,5,1,Creighton construction & development 2240 w first st ft Myers fl 33901 sharpie line on right side of front door.,26.637591,-81.879398,2022-10-16T05:00:00,8.0,2.0,6.0,N/A,27212.0,2.79,3,Coastal,2022-10-09T05:00:00,0.0,2,USGS E 10/09,[],4.0,,1990.0,1990.0,3rd Order Differential Levels were ran from TBM with RTN derived elevation,0.031,,2,1.5,5.21,5.340032924817303,2.5368779903743137,2.5368056752160566
26.7330487,-82.2596588,2022 Ian,Seed line,Fair: +/- 0.20 ft,NAVD88,Level Gun,John Storm,Marker,Phone/Car GPS,NAD83,Ferrell Killion,John Storm,FLLEE32864,Seed line on Structure,,,FL,Lee County,,No,26.7330487,-82.2596588,43995,Gulf of America,32864,325,5,3,"Seed Line on exterior of concrete pool foundation located on opposite side of road than water body. 505 Boca Bay Drive. Levels were ran from known elevation established by RTK GPS survey. Concrete foundation on pool on House 505 Buttonwood Bay Drive, Boca Grande Located on the outside with varying thickness of seed line.  Marked with Sharpie line and ""HWM"".",26.7330487,-82.2596588,2022-10-15T05:00:00,3.1,2.0,2.0,N/A,27381.0,0.99,3,Coastal,2022-10-09T05:00:00,0.0,2,HWM 1,[],4.0,,868.0,1990.0,,0.19,,4,3.5,2.1100000000000003,1.4160758280378627,1.6839241719621374,1.6839241719621374
26.675965,-81.863089,2022 Ian,Seed line,Good: +/- 0.10 ft,NAVD88,RT-GNSS,John Storm,Marker,Phone/Car GPS,NAD83,Ferrell Killion,John Storm,FLLEE32866,Seed Line on Structure,,,FL,Lee County,,No,26.675965,-81.863089,43998,Gulf of America,32866,325,5,2,Seed line inside electrical box transferred to outside of electrical box on 5505 Adam dr. Marked with black sharpie 2.84 ft. above the ground. Line preserved inside electrical box. Good transfer.,26.675965,-81.863089,2022-10-17T05:00:00,7.6,2.0,6.0,N/A,27283.0,2.84,3,Coastal,2022-10-10T05:00:00,0.0,2,HWM 1,[],4.0,,868.0,1990.0,3rd Order Differential Levels were ran from TBM with RTN derived elevation,0.184,,4,3.5,4.76,4.227423057781429,3.7304912859109614,3.7304912859109614
26.657107,-82.146795,2022 Ian,Seed line,Excellent: +/- 0.05 ft,NAVD88,RT-GNSS,John Storm,Marker,Phone/Car GPS,NAD83,John Storm,John Storm,FLLEE32868,east side of building that east of the post office university of florida randell research center,,,FL,Lee County,,No,26.657107,-82.146795,44000,Gulf of America,32868,325,5,1,Exc seedline on east side of building that east of the post office university of florida randell research center,26.657107,-82.146795,2022-10-10T05:00:00,6.0,2.0,6.0,N/A,27216.0,2.73,3,Coastal,2022-10-09T05:00:00,0.0,2,Team2_011E,[],4.0,,1990.0,1990.0,3rd Order Differential Levels were ran from TBM with RTN derived elevation,0.05,,7,6.5,3.27,2.189522457560842,4.0176849140181154,4.0176849140181154
26.659399,-82.151631,2022 Ian,Seed line,Excellent: +/- 0.05 ft,NAVD88,Other (Note in Description box),John Storm,Marker,Phone/Car GPS,NAD83,John Storm,John Storm,FLLEE32869,small closet on porch 7700 pineland rd,,,FL,Lee County,,No,26.659399,-82.151631,44001,Gulf of America,32869,325,5,1,Exc seedline on small closet on porch 7700 pineland rd,26.659399,-82.151631,2022-10-10T05:00:00,5.7,2.0,4.0,N/A,27217.0,0.25,3,Coastal,2022-10-09T05:00:00,0.0,2,Team2_012E,[],4.0,,1990.0,1990.0,STATIC (4 hr observation) base with RTN Rover and radio,0.05,,4,3.5,5.45,1.8613724883772882,3.9096769364675037,3.9096769364675037
26.640107,-81.878033,2022 Ian,Seed line,Fair: +/- 0.20 ft,NAVD88,RT-GNSS,John Storm,Marker,Phone/Car GPS,NAD83,John Storm,John Storm,FLLEE32870,Sunset ft myers condo 1925 Clifford st #102,,,FL,Lee County,,No,26.640107,-81.878033,44003,Gulf of America,32870,325,5,3,Sunset ft myers condo 1925 Clifford st #102 ft myers fl 33901 covered parking recycling garage. Sharpie line transferred by 4 ft. Level outside,26.640107,-81.878033,2022-10-16T05:00:00,7.5,2.0,6.0,N/A,27213.0,2.2,3,Coastal,2022-10-09T05:00:00,0.0,2,F 10/9 USGS4,[],4.0,,1990.0,1990.0,3rd Order Differential Levels were ran from TBM with RTN derived elevation,7.5,,0,0.0,5.3,5.403203288401206,2.1990796779340895,2.199088710498442
26.673728,-81.864559,2022 Ian,Seed line,Excellent: +/- 0.05 ft,NAVD88,RT-GNSS,John Storm,Marker,Phone/Car GPS,NAD83,Ferrell Killion,John Storm,FLLEE32871,Seed Line on Structure,,,FL,Lee County,,No,26.673728,-81.864559,44002,Gulf of America,32871,325,5,1,"Seed line inside house 4.01 ft above ground surveyed to outside PK nail at 1044 Old Bridge Road.
Marked inside the house with black sharpie. PK nail is in the road directly in front of the house. Nail has pink flagging.",26.673728,-81.864559,2022-10-17T05:00:00,8.2,2.0,6.0,N/A,27215.0,4.01,3,Coastal,2022-10-10T05:00:00,0.0,2,HWM 1,[],4.0,,868.0,1990.0,3rd Order Differential Levels were ran from TBM with RTN derived elevation,0.031,,5,4.5,4.1899999999999995,3.159068466171505,4.486792550800061,4.486792550800061
26.639925,-81.878064,2022 Ian,Seed line,Excellent: +/- 0.05 ft,NAVD88,RT-GNSS,John Storm,Marker,Phone/Car GPS,NAD83,John Storm,John Storm,FLLEE32872,"1925 Clifford st #102 ft Myers fl, 33901",,,FL,Lee County,,No,26.639925,-81.878064,44004,Gulf of America,32872,325,5,1,"1925 Clifford st #102 ft Myers fl, 33901. Guard shack at entrance to parking lot. Mark transfered outside by 4 ft. Level.",26.639925,-81.878064,2022-10-16T05:00:00,7.6,2.0,6.0,N/A,27210.0,2.91,3,Coastal,2022-10-09T05:00:00,0.0,2,E 10/9 2.91 ft USGS,[],4.0,,1990.0,1990.0,3rd Order Differential Levels were ran from TBM with RTN derived elevation,0.031,,3,2.5,4.6899999999999995,3.650634307560958,3.853629547016803,3.8536474423597484
26.640168,-81.874648,2022 Ian,Seed line,Excellent: +/- 0.05 ft,NAVD88,RT-GNSS,John Storm,Marker,Phone/Car GPS,NAD83,John Storm,John Storm,FLLEE32875,2058 bayside pkwy ft Myers fl 33901,,,FL,Lee County,,No,26.640168,-81.874648,44007,Gulf of America,32875,325,5,1,2058 bayside pkwy ft Myers fl 33901 pension consultants inc. mark on slab of screened in porch,26.640168,-81.874648,2022-10-16T05:00:00,7.5,2.0,6.0,N/A,27214.0,1.21,3,Coastal,2022-10-09T05:00:00,0.0,2,USGS 10/9 E 1.21 ft,[],4.0,,1990.0,1990.0,3rd Order Differential Levels were ran from TBM with RTN derived elevation,0.031,,2,1.5,6.29,6.85351414317534,0.7487286336539807,0.7487286336539807
26.4632332,-81.9661929,2022 Ian,Seed line,Excellent: +/- 0.05 ft,NAVD88,RT-GNSS,John Storm,Marker,Phone/Car GPS,NAD83,Ferrell Killion,John Storm,FLLEE32877,Seed Line on Structure,,,FL,Lee County,,No,26.4632332,-81.9661929,44011,Gulf of America,32877,325,5,1,"Female bathroom stall of public restrooms very north tip of island. As of 10/10/2022, it is a first responder staging area, Seed line on inside stall marked with 'HWM' and ink marker.  Thick level seed line wrapping around inner stall, Pink flagging secured second stall in female bathroom.",26.4632332,-81.9661929,2022-10-17T05:00:00,12.8,2.0,6.0,N/A,27241.0,2.91,3,Coastal,2022-10-10T05:00:00,0.0,2,HWM 1,[],4.0,,868.0,1990.0,3rd Order Differential Levels were ran from TBM with RTN derived elevation,0.041,,6,5.5,9.89,5.115330062826161,7.383966183193057,7.371002058687739
26.67855,-81.866825,2022 Ian,Seed line,Excellent: +/- 0.05 ft,NAVD88,RT-GNSS,John Storm,Marker,Phone/Car GPS,NAD83,Ferrell Killion,John Storm,FLLEE32878,Seed Line on Structure,,,FL,Lee County,,No,26.67855,-81.866825,44008,Gulf of America,32878,325,5,1,Seed line on the back side of 300 poe ave. Line was transferred to left side of house. Marked with black sharpie 1.25 ft. above ground Line across backside of house. Good transfer,26.67855,-81.866825,2022-10-17T05:00:00,7.7,2.0,6.0,N/A,27281.0,1.25,3,Coastal,2022-10-10T05:00:00,0.0,2,HWM 1,[],4.0,,868.0,1990.0,3rd Order Differential Levels were ran from TBM with RTN derived elevation,0.184,,2,1.5,6.45,5.468634248092731,2.32517075887057,2.32517075887057
26.640487,-81.874906,2022 Ian,Seed line,Excellent: +/- 0.05 ft,NAVD88,RT-GNSS,Missing Approval,Marker,Phone/Car GPS,NAD83,John Storm,John Storm,FLLEE32880,2055 bayside pkwy ft myer fl 33901,,,FL,Lee County,,No,26.640487,-81.874906,44012,Gulf of America,32880,325,5,1,2055 bayside pkwy ft myer fl 33901. Along driveway side of house.,26.640487,-81.874906,2022-10-16T05:00:00,7.6,2.0,6.0,N/A,27159.0,2.61,3,Coastal,2022-10-09T05:00:00,0.0,2,10/9 USGS E,[],4.0,,1990.0,1990.0,3rd Order Differential Levels were ran from TBM with RTN derived elevation,0.031,,3,2.5,4.99,5.0880488135370365,2.41897764087049,2.41897764087049
26.667263,-82.147551,2022 Ian,Seed line,Excellent: +/- 0.05 ft,NAVD88,Other (Note in Description box),John Storm,Marker,Phone/Car GPS,NAD83,John Storm,John Storm,FLLEE32882,front of house 7402 Pomegranate Dr,,,FL,Lee County,,No,26.667263,-82.147551,44014,Gulf of America,32882,325,5,1,Exc seedline on front of house 7402 Pomegranate Dr,26.667263,-82.147551,2022-10-10T05:00:00,5.2,2.0,4.0,N/A,27379.0,0.29,3,Coastal,2022-10-09T05:00:00,0.0,2,HWM 1,[],4.0,,1990.0,1990.0,"RM-1 Mag nail painted red in Pomegranate Dr 15 ft west of driveway to house number 7402
STATIC (4 hr observation) base with RTK Rover and radios",0.05,,4,3.5,4.91,4.915958392651375,0.883416300589265,0.883416300589265
26.360613,-81.859625,2022 Ian,Seed line,Excellent: +/- 0.05 ft,NAVD88,RT-GNSS,John Storm,Marker,Phone/Car GPS,NAD83,John Storm,John Storm,FLLEE32883,"inside unit at 25901 Hickory Blvd,. unit 107",,,FL,Lee County,,No,26.360613,-81.859625,44015,Gulf of America,32883,325,5,1,"Excellent seed line inside unit at 25901 Hickory Blvd,. unit 107",26.360613,-81.859625,2022-10-13T05:00:00,11.3,2.0,6.0,N/A,27158.0,2.53,3,Coastal,2022-10-09T05:00:00,0.0,2,HWM11,[],4.0,,1990.0,1990.0,3rd Order Differential Levels were ran from TBM with RTN derived elevation,0.053,,5,4.5,8.770000000000001,7.438628379441308,4.2818848935050795,4.2818848935050795
26.667083,-82.145077,2022 Ian,Seed line,Excellent: +/- 0.05 ft,NAVD88,Other (Note in Description box),John Storm,Marker,Phone/Car GPS,NAD83,John Storm,John Storm,FLLEE32885,house 7257 Robert Rd,,,FL,Lee County,,No,26.667083,-82.145077,44017,Gulf of America,32885,325,5,1,Exc seedline under porch on side of house under sliding door by leaning tree on room of house 7257 Robert Rd,26.667083,-82.145077,2022-10-10T05:00:00,6.4,2.0,4.0,N/A,27218.0,0.35,3,Coastal,2022-10-09T05:00:00,0.0,2,Team2_014E,[],4.0,,1990.0,1990.0,RTK Rover with base station tied to BM elevation.,0.05,,2,1.5,6.050000000000001,5.8052358351980295,0.0,0.0
26.458466,-81.960669,2022 Ian,Seed line,Excellent: +/- 0.05 ft,NAVD88,RT-GNSS,John Storm,Marker,Phone/Car GPS,NAD83,Ferrell Killion,John Storm,FLLEE32886,Seed line on Structure,,,FL,Lee County,,No,26.458466,-81.960669,44018,Gulf of America,32886,325,5,1,"HWM is seed line located inside of garage on concrete ceiling support. TD made to concrete slab floor.  Bottom floor, ceiling. Left side of home concrete long beams.  Good level seed line located inside large garage.",26.458466,-81.960669,2022-10-17T05:00:00,12.7,2.0,6.0,N/A,27239.0,8.7,3,Coastal,2022-10-10T05:00:00,0.0,2,HWM 1,[],4.0,,868.0,1990.0,3rd Order Differential Levels were ran from TBM with RTN derived elevation,0.041,,7,6.5,4.0,3.937472273984293,8.763375705550896,8.752414226284593
26.67,-82.146761,2022 Ian,Seed line,Excellent: +/- 0.05 ft,NAVD88,Other (Note in Description box),John Storm,Marker,Phone/Car GPS,NAD83,John Storm,John Storm,FLLEE32889,west side of a green gate just off Stringfellow Rd,,,FL,Lee County,,No,26.67,-82.146761,44021,Gulf of America,32889,325,5,1,Exc seedline on large rock west side of a green gate just off Stringfellow Rd,26.67,-82.146761,2022-10-10T05:00:00,5.8,2.0,4.0,N/A,27231.0,0.16,3,Coastal,2022-10-09T05:00:00,0.0,2,Team2_015E,[],4.0,,1990.0,1990.0,RTK Rover with Static base surveyed to BM Elev,0.05,,3,2.5,5.64,5.0886679352737785,0.4558965349338937,0.4558965349338937
26.687896,-81.862092,2022 Ian,Seed line,Good: +/- 0.10 ft,NAVD88,RT-GNSS,John Storm,Marker,Phone/Car GPS,NAD83,Ferrell Killion,John Storm,FLLEE32891,Seed line on Structure,,,FL,Lee County,,No,26.687896,-81.862092,44022,Gulf of America,32891,325,5,2,"5711 Long leaf drive. Seed line Inside fence on S. side of house. Mark transferred to outside of
fence. New mark is on frame for gate door on S. Side of house. Marked with black sharpie 1.41 ft above ground",26.687896,-81.862092,2022-10-16T05:00:00,7.8,2.0,6.0,N/A,27284.0,1.41,3,Coastal,2022-10-10T05:00:00,0.0,2,HWM 1,[],4.0,,868.0,1990.0,3rd Order Differential Levels were ran from TBM with RTN derived elevation,0.124,,3,2.5,6.39,5.869234562545937,1.785800268069683,1.785800268069683
26.686979,-81.859838,2022 Ian,Seed line,Good: +/- 0.10 ft,NAVD88,RT-GNSS,John Storm,Marker,Phone/Car GPS,NAD83,Ferrell Killion,John Storm,FLLEE32894,Seed line on Structure,,,FL,Lee County,,No,26.686979,-81.859838,44026,Gulf of America,32894,325,5,2,"Seed line across wall insid of bathroom. Good transfer, Seed line inside bathroom at pool house at 155590 Crystal Lake Dr. Line was transferred to the
ouside door frame of mens bathroom. Marked with black sharpie. 0.70 ft. above ground. Marked with black sharpie. 0.70 ft. above ground.",26.686979,-81.859838,2022-10-16T05:00:00,7.6,2.0,6.0,N/A,27348.0,0.7,3,Coastal,2022-10-10T05:00:00,0.0,2,HWM 1,[],4.0,,868.0,1990.0,3rd Order Differential Levels were ran from TBM with RTN derived elevation,0.124,,1,0.5,6.8999999999999995,4.336304786637073,3.441060453169312,3.441060453169312
26.647071,-81.865519,2022 Ian,Seed line,Excellent: +/- 0.05 ft,NAVD88,RT-GNSS,John Storm,Marker,Phone/Car GPS,NAD83,John Storm,John Storm,FLLEE32896,2515 first st. Ft Myers fl 33901RIverwalk apt homes.,,,FL,Lee County,,No,26.647071,-81.865519,44028,Gulf of America,32896,325,5,1,2515 first st. Ft Myers fl 33901RIverwalk apt homes. Mark on building 1 south wall facing 1st street.,26.647071,-81.865519,2022-10-16T05:00:00,7.6,2.0,6.0,N/A,27153.0,3.69,3,Coastal,2022-10-09T05:00:00,0.0,2,USGS 10/9 E 3.69,[],4.0,,1990.0,1990.0,3rd Order Differential Levels were ran from TBM with RTN derived elevation,0.031,,4,3.5,3.9099999999999997,3.9467422824519196,3.560273091037027,3.560273091037027
26.358424,-81.857939,2022 Ian,Seed line,Excellent: +/- 0.05 ft,NAVD88,RT-GNSS,John Storm,Not marked,Phone/Car GPS,NAD83,John Storm,John Storm,FLLEE32897,wall inside Hickory Island center,,,FL,Lee County,,No,26.358424,-81.857939,44029,Gulf of America,32897,325,5,1,Excellent seed line on wall inside Hickory Island center near intersection of Hickory Boulevard and Estero Blvd.,26.358424,-81.857939,2022-10-13T05:00:00,11.7,2.0,6.0,N/A,27225.0,5.23,3,Coastal,2022-10-09T05:00:00,1.0,2,HWM12,[],8.0,,1990.0,1990.0,"RM 12 is at intersection across street from building    , black sharpie Square circled with orange paint.
3rd Order Differential Levels were ran from TBM with RTN derived elevation",0.053,,7,6.5,6.469999999999999,4.985201468305012,6.670749521207944,6.670749521207944
26.646659,-81.864723,2022 Ian,Seed line,Excellent: +/- 0.05 ft,NAVD88,RT-GNSS,John Storm,Marker,Phone/Car GPS,NAD83,John Storm,John Storm,FLLEE32898,1515 Hough st ft Myers fl 33901,,,FL,Lee County,,No,26.646659,-81.864723,44030,Gulf of America,32898,325,5,1,"1515 Hough st ft Myers fl 33901. Sharpie line on backside of yellow 
 apt uilding behind A/C units.",26.646659,-81.864723,2022-10-16T05:00:00,7.5,2.0,6.0,N/A,27223.0,1.08,3,Coastal,2022-10-09T05:00:00,0.0,2,USGS 10/9 E 1.08’,[],4.0,,1990.0,1990.0,3rd Order Differential Levels were ran from TBM with RTN derived elevation,0.031,,3,2.5,6.42,6.646469352752205,0.9562651160887778,0.9562651160887778
26.68437,-81.855174,2022 Ian,Seed line,Good: +/- 0.10 ft,NAVD88,RT-GNSS,John Storm,Marker,Phone/Car GPS,NAD83,Ferrell Killion,John Storm,FLLEE32900,Seed Line on Structure,,,FL,Lee County,,No,26.68437,-81.855174,44034,Gulf of America,32900,325,5,2,"Seed line on back of stairwell at 505 riverbend Blvd. Stairwell on right side of building. Marked
with black sharpie 1.53 ft. above ground",26.68437,-81.855174,2022-10-15T05:00:00,7.9,2.0,6.0,N/A,27280.0,1.53,3,Coastal,2022-10-10T05:00:00,0.0,2,HWM 1,[],4.0,,868.0,1990.0,3rd Order Differential Levels were ran from TBM with RTN derived elevation,0.102,,3,2.5,6.37,6.119006574936113,1.6512306246582398,1.6512306246582398
26.4565631,-81.9591994,2022 Ian,Mud,Excellent: +/- 0.05 ft,NAVD88,RT-GNSS,John Storm,Marker,Phone/Car GPS,NAD83,Ferrell Killion,John Storm,FLLEE32902,Seed Line on Structure,,,FL,Lee County,,No,26.4565631,-81.9591994,44035,Gulf of America,32902,325,1,1,"147 Matanzas Street, Fort Myers Beach. Distinct Mud Line HWM wrapping all the way around the
interior of the second story house. Marked HWM with sharpie on exterior glass door facing canal and docks.  Sharpie line level with Mud line on glass door on the second
story of house. Porch is no longer in front of door.  HWM line on interior walls and glass door. Line marked with sharpie on outside of glass with level.  HWM taped down to concrete slab of house. Second story porch is no longer attached to house.",26.4565631,-81.9591994,2022-10-16T05:00:00,12.8,2.0,6.0,N/A,27244.0,9.43,3,Coastal,2022-10-10T05:00:00,0.0,2,HWM 1,[],4.0,,868.0,1990.0,3rd Order Differential Levels were ran from TBM with RTN derived elevation,0.02,,9,8.5,3.370000000000001,2.912969726902919,9.75262721869848,9.751473658466429
26.4485,-82.03085,2022 Ian,Seed line,Good: +/- 0.10 ft,NAVD88,RT-GNSS,John Storm,Marker,Phone/Car GPS,NAD83,Ferrell Killion,John Storm,FLLEE32904,Seed Line on Structure,,,FL,Lee County,,No,26.4485,-82.03085,44045,Gulf of America,32904,325,5,2,"The mark is across from 1072 S. Yachtsman. Mark is left of the garage door on right side of house seed line on inner corner of house left of garage door, flagging on gutter and tree in front of house.",26.4485,-82.03085,2022-10-15T05:00:00,11.1,2.0,6.0,N/A,27245.0,5.03,3,Coastal,2022-10-10T05:00:00,0.0,2,HWM 1,[],4.0,,868.0,1990.0,3rd Order Differential Levels were ran from TBM with RTN derived elevation,0.02,,4,3.5,6.069999999999999,5.26489587280694,6.146101790643711,6.146101790643711
26.649344,-81.856899,2022 Ian,Seed line,Fair: +/- 0.20 ft,NAVD88,RT-GNSS,John Storm,Marker,Phone/Car GPS,NAD83,John Storm,John Storm,FLLEE32905,2763 providence st. Ft Myers fl 33901front of house,,,FL,Lee County,,No,26.649344,-81.856899,44036,Gulf of America,32905,325,5,3,2763 providence st. Ft Myers fl 33901front of house next to window spoke with property owner.,26.649344,-81.856899,2022-10-16T05:00:00,7.7,2.0,6.0,N/A,27350.0,4.43,3,Coastal,2022-10-09T05:00:00,0.0,2,USGS 10/9 F 4.43’,[],4.0,,1990.0,1990.0,3rd Order Differential Levels were ran from TBM with RTN derived elevation,0.031,,5,4.5,3.2700000000000005,2.3827566875247506,5.320431749561354,5.3152383265186804
26.682064,-81.856548,2022 Ian,Seed line,Excellent: +/- 0.05 ft,NAVD88,RT-GNSS,Missing Approval,Marker,Phone/Car GPS,NAD83,Ferrell Killion,John Storm,FLLEE32906,Seeds on Structure,,,FL,Lee County,,No,26.682064,-81.856548,44039,Gulf of America,32906,325,5,1,Seed line on the side of 6073 Marsh Pointe Lane. Mark was transferred to the street side of building. Marked with black sharpie 2.49 ft. above the ground,26.682064,-81.856548,2022-10-16T05:00:00,7.8,2.0,6.0,N/A,27286.0,2.49,3,Coastal,2022-10-10T05:00:00,0.0,2,HWM 1,[],4.0,,868.0,1990.0,3rd Order Differential Levels were ran from TBM with RTN derived elevation,0.124,,3,2.5,5.31,5.2168777608495995,2.619968413390267,2.619968413390267
26.658978,-82.142953,2022 Ian,Seed line,Excellent: +/- 0.05 ft,NAVD88,Other (Note in Description box),Missing Approval,Marker,Phone/Car GPS,NAD83,John Storm,John Storm,FLLEE32907,fence board 7121 Capri Lane,,,FL,Lee County,,No,26.658978,-82.142953,44038,Gulf of America,32907,325,5,1,Exc seedline on fence board 7121 Capri Lane,26.658978,-82.142953,2022-10-10T05:00:00,6.6,2.0,4.0,N/A,27160.0,0.45,3,Coastal,2022-10-09T05:00:00,0.0,2,Team2_018E,[],4.0,,1990.0,1990.0,RTK rover with base station tied to BM,0.05,,3,2.5,6.1499999999999995,6.208939971573396,0.038150927316550565,0.038150927316550565
26.45094,-82.03457,2022 Ian,Seed line,Good: +/- 0.10 ft,NAVD88,RT-GNSS,John Storm,Marker,Phone/Car GPS,NAD83,Ferrell Killion,John Storm,FLLEE32908,Seed Line on Structure,,,FL,Lee County,,No,26.45094,-82.03457,44037,Gulf of America,32908,325,5,2,"825 Limpet Dr. Mark is on lower garage on bottom left of house, seed line on left side of garage on lower left of house flagging on mailbox and guide wire.",26.45094,-82.03457,2022-10-14T05:00:00,10.2,2.0,6.0,N/A,27246.0,5.43,3,Coastal,2022-10-10T05:00:00,0.0,2,HWM 1,[],4.0,,868.0,1990.0,3rd Order Differential Levels were ran from TBM with RTN derived elevation,0.144,,4,3.5,4.77,4.935600939072335,6.1692156195700765,6.1692156195700765
26.647591,-81.858599,2022 Ian,Seed line,Excellent: +/- 0.05 ft,NAVD88,RT-GNSS,John Storm,Marker,Phone/Car GPS,NAD83,John Storm,John Storm,FLLEE32910,Ft Myers Penial church 2663 second st,,,FL,Lee County,,No,26.647591,-81.858599,44042,Gulf of America,32910,325,5,1,Ft Myers Penial church 2663 second st ft Myers fl 33916. Mark on eastern wall next to ac unit,26.647591,-81.858599,2022-10-16T05:00:00,7.7,2.0,6.0,N/A,27226.0,4.06,3,Coastal,2022-10-09T05:00:00,0.0,2,USGS 10/9 E 4.06,[],4.0,,1990.0,1990.0,3rd Order Differential Levels were ran from TBM with RTN derived elevation,0.031,,5,4.5,3.6400000000000006,3.6868789377487863,3.9908319214047463,3.9890283751626567
26.664227,-82.145074,2022 Ian,Seed line,Excellent: +/- 0.05 ft,NAVD88,Other (Note in Description box),John Storm,Marker,Phone/Car GPS,NAD83,John Storm,John Storm,FLLEE32914,white fence in across street from 7250 Caloosa D,,,FL,Lee County,,No,26.664227,-82.145074,44046,Gulf of America,32914,325,5,1,"Exc seedline on white fence in across street from 7250 Caloosa Dr

HWM1 environment",26.664227,-82.145074,2022-10-10T05:00:00,6.6,2.0,4.0,N/A,27230.0,0.48,3,Coastal,2022-10-09T05:00:00,0.0,2,Team2_019E,[],4.0,,1990.0,1990.0,RTK rover with base station tied to BM elev,,,2,1.5,6.119999999999999,6.388320228246253,0.0,0.0
26.357474,-81.855946,2022 Ian,Seed line,Excellent: +/- 0.05 ft,NAVD88,RT-GNSS,John Storm,Marker,Phone/Car GPS,NAD83,John Storm,John Storm,FLLEE32915,26235 Hickory Blvd (Bay Harbour II).,,,FL,Lee County,,No,26.357474,-81.855946,44047,Gulf of America,32915,325,5,1,Excellent seed line inside stairwell of building at 26235 Hickory Blvd (Bay Harbour II).,26.357474,-81.855946,2022-10-13T05:00:00,11.3,2.0,6.0,N/A,27389.0,5.0,3,Coastal,2022-10-09T05:00:00,1.0,2,HWM 13a,[],4.0,,1990.0,1990.0,3rd Order Differential Levels were ran from TBM with RTN derived elevation,0.053,,6,5.5,6.300000000000001,5.045567597617001,7.154414858533507,7.154414858533507
26.357474,-81.855946,2022 Ian,Seed line,Fair: +/- 0.20 ft,NAVD88,RT-GNSS,John Storm,Marker,Phone/Car GPS,NAD83,John Storm,John Storm,FLLEE32915,26235 Hickory Blvd (Bay Harbour II).,,,FL,Lee County,,No,26.357474,-81.855946,44048,Gulf of America,32915,325,5,3,Fair seed line on exterior wall adjacent to stairway of same building.,26.357474,-81.855946,2022-10-13T05:00:00,12.2,2.0,6.0,N/A,27229.0,5.95,3,Coastal,2022-10-09T05:00:00,0.0,2,HWM 13b,[],4.0,,1990.0,1990.0,3rd Order Differential Levels were ran from TBM with RTN derived elevation,0.053,,6,5.5,6.249999999999999,5.045567597617001,7.154414858533507,7.154414858533507
26.689065,-81.853777,2022 Ian,Seed line,Good: +/- 0.10 ft,NAVD88,RT-GNSS,John Storm,Marker,Phone/Car GPS,NAD83,Ferrell Killion,John Storm,FLLEE32918,Seed Line on Structure,,,FL,Lee County,,No,26.689065,-81.853777,44052,Gulf of America,32918,325,5,2,Seed line on the front of 15331Sam Sneed Lane. Marked with black sharpie 1.71 ft. above ground. Mark across entire house,26.689065,-81.853777,2022-10-15T05:00:00,7.8,2.0,6.0,N/A,27288.0,1.71,3,Coastal,2022-10-10T05:00:00,0.0,2,HWM 1,[],4.0,,868.0,1990.0,3rd Order Differential Levels were ran from TBM with RTN derived elevation,0.102,,3,2.5,6.09,5.194136476892186,2.648450321199957,2.648450321199957
26.353566,-81.854782,2022 Ian,Seed line,Excellent: +/- 0.05 ft,NAVD88,RT-GNSS,John Storm,Not marked,Phone/Car GPS,NAD83,John Storm,John Storm,FLLEE32920,right (south) garage of house at 26429 Bay Rd.,,,FL,Lee County,,No,26.353566,-81.854782,44054,Gulf of America,32920,325,5,1,Excellent seed line in right (south) garage of house at 26429 Bay Rd.,26.353566,-81.854782,2022-10-12T05:00:00,11.6,2.0,6.0,N/A,27228.0,7.96,3,Coastal,2022-10-09T05:00:00,0.0,2,HWM14,[],8.0,,1990.0,1990.0,"RM 14 is orange paint spot at end of driveway in front of residence.
3rd Order Differential Levels were ran from TBM with RTN derived elevation",0.088,,9,8.5,3.6399999999999997,2.3896552211656346,9.534220375199675,9.534220375199675
26.665687,-82.149003,2022 Ian,Seed line,Excellent: +/- 0.05 ft,NAVD88,Other (Note in Description box),John Storm,Marker,Phone/Car GPS,NAD83,John Storm,John Storm,FLLEE32921,wooden fence 14120 Bokeelia Rd,,,FL,Lee County,,No,26.665687,-82.149003,44055,Gulf of America,32921,325,5,1,Exc seedline on wooden fence 14120 Bokeelia Rd,26.665687,-82.149003,2022-10-10T05:00:00,5.4,2.0,4.0,N/A,27161.0,0.69,3,Coastal,2022-10-09T05:00:00,0.0,2,Team2_019E,[],4.0,,1990.0,1990.0,RTK rover with base station tied to BM,0.05,,4,3.5,4.710000000000001,4.931450515907267,0.6070304700439593,0.6070304700439593
26.659937,-82.144752,2022 Ian,Seed line,Excellent: +/- 0.05 ft,NAVD88,Other (Note in Description box),John Storm,Marker,Phone/Car GPS,NAD83,John Storm,John Storm,FLLEE32922,13670 Robert Rd,,,FL,Lee County,,No,26.659937,-82.144752,44056,Gulf of America,32922,325,5,1,Exc seedline on wooden pallets used as fence around garbage can in front by drvieway 13670 Robert Rd,26.659937,-82.144752,2022-10-10T05:00:00,6.4,2.0,4.0,N/A,27227.0,0.25,3,Coastal,2022-10-09T05:00:00,0.0,2,Team2_021E,[],4.0,,1990.0,1990.0,RTK rover with Base station tied to BM elev,0.05,,3,2.5,6.15,6.243380818154242,0.07803027502115256,0.07803027502115256
26.669449,-81.873291,2022 Ian,Seed line,Excellent: +/- 0.05 ft,NAVD88,RT-GNSS,John Storm,Not marked,Phone/Car GPS,NAD83,John Storm,John Storm,FLLEE32923,house at 320 E. North Shore Dr.,,,FL,Lee County,,No,26.669449,-81.873291,44058,Gulf of America,32923,325,5,1,Excellent seed line on house at 320 E. North Shore Dr.,26.669449,-81.873291,2022-10-11T05:00:00,7.5,2.0,6.0,N/A,27351.0,3.26,3,Coastal,2022-10-10T05:00:00,0.0,2,HWM 19,[],8.0,,1990.0,1990.0,"RM 19 is orange spot on top of concrete head wall of culvert across street from residence.
3rd Order Differential Levels were ran from TBM with RTN derived elevation",0.318,,3,2.5,4.24,3.739088930170054,3.7779415592083017,3.7779415592083017
26.691643,-81.852221,2022 Ian,Seed line,Good: +/- 0.10 ft,NAVD88,RT-GNSS,John Storm,Marker,Phone/Car GPS,NAD83,Ferrell Killion,John Storm,FLLEE32924,Seed line of Privacy fence,,,FL,Lee County,,No,26.691643,-81.852221,44057,Gulf of America,32924,325,5,2,"Seed line on front right fence at 6420 Pine View Road. Marked with black sharpie 2.15 ft. above
the ground",26.691643,-81.852221,2022-10-14T05:00:00,7.9,2.0,6.0,N/A,27287.0,2.15,3,Coastal,2022-10-10T05:00:00,0.0,2,HWM 1,[],4.0,,868.0,1990.0,3rd Order Differential Levels were ran from TBM with RTN derived elevation,0.099,,2,1.5,5.75,6.197608049147398,1.6323013256790206,1.6323013256790206
26.407048,-81.893588,2022 Ian,Seed line,Fair: +/- 0.20 ft,NAVD88,RT-GNSS,John Storm,Marker,Phone/Car GPS,NAD83,John Storm,John Storm,FLLEE32925,"1 Lagoon vista st, ft Myers beach fl 33931",,,FL,Lee County,,No,26.407048,-81.893588,44060,Gulf of America,32925,325,5,3,"1 Lagoon vista st, ft Myers beach fl 33931. Mark on wall next to door frame on back porch of house. Spoke with property owner",26.407048,-81.893588,2022-10-14T05:00:00,11.9,2.0,6.0,N/A,27163.0,6.13,3,Coastal,2022-10-10T05:00:00,0.0,2,Team11 #6,[],4.0,,1990.0,1990.0,3rd Order Differential Levels were ran from TBM with RTN derived elevation,0.032,,0,0.0,5.7700000000000005,3.9080622315093914,8.392083246231014,8.392083246231014
26.690599,-81.855155,2022 Ian,Seed line,Good: +/- 0.10 ft,NAVD88,RT-GNSS,John Storm,Marker,Phone/Car GPS,NAD83,Ferrell Killion,John Storm,FLLEE32927,Seed Line on Structure,,,FL,Lee County,,No,26.690599,-81.855155,44061,Gulf of America,32927,325,5,2,1933 Flamingo Dr. Seed line on fence post on right side of house marked with black sharpie 2.05 ft. above the ground,26.690599,-81.855155,2022-10-16T05:00:00,7.9,2.0,6.0,N/A,27289.0,2.05,3,Coastal,2022-10-10T05:00:00,0.0,2,HWM 1,[],4.0,,868.0,1990.0,3rd Order Differential Levels were ran from TBM with RTN derived elevation,0.124,,3,2.5,5.8500000000000005,4.942878650555147,2.7850444335136695,2.7850444335136695
26.40632,-81.892262,2022 Ian,Seed line,Fair: +/- 0.20 ft,NAVD88,RT-GNSS,John Storm,Marker,Phone/Car GPS,NAD83,John Storm,John Storm,FLLEE32928,8020 lagoon rd ft Myers beach,,,FL,Lee County,,No,26.40632,-81.892262,44063,Gulf of America,32928,325,5,3,8020 lagoon rd ft Myers beach fl 33931 ft.mark transfered outside. Front of house left of screened in front porch,26.40632,-81.892262,2022-10-14T05:00:00,12.7,2.0,6.0,N/A,27193.0,6.78,3,Coastal,2022-10-10T05:00:00,0.0,2,Team 11  #7,[],4.0,,1990.0,1990.0,3rd Order Differential Levels were ran from TBM with RTN derived elevation,0.032,,6,5.5,5.919999999999999,5.790408202043668,6.2043317629325845,6.2043317629325845
26.406677,-81.892147,2022 Ian,Seed line,Good: +/- 0.10 ft,NAVD88,RT-GNSS,John Storm,Marker,Phone/Car GPS,NAD83,John Storm,John Storm,FLLEE32929,8047 Lagoon rd ft Myers beach,,,FL,Lee County,,No,26.406677,-81.892147,44064,Gulf of America,32929,325,5,2,8047 Lagoon rd ft Myers beach fl 33931. Mark located left of front door on porch.,26.406677,-81.892147,2022-10-14T05:00:00,12.0,2.0,6.0,N/A,27155.0,5.93,3,Coastal,2022-10-10T05:00:00,0.0,2,Team 11  #8,[],4.0,,1990.0,1990.0,3rd Order Differential Levels were ran from TBM with RTN derived elevation,0.032,,6,5.5,6.07,5.518124485266177,7.109098532198883,7.109098532198883
26.672186,-81.872221,2022 Ian,Seed line,Excellent: +/- 0.05 ft,NAVD88,RT-GNSS,John Storm,Marker,Phone/Car GPS,NAD83,John Storm,John Storm,FLLEE32930,outside of house at 420 Bamboo Dr.,,,FL,Lee County,,No,26.672186,-81.872221,44065,Gulf of America,32930,325,5,1,Excellent seed line on outside of house at 420 Bamboo Dr.,26.672186,-81.872221,2022-10-11T05:00:00,7.5,2.0,6.0,N/A,27232.0,1.92,3,Coastal,2022-10-10T05:00:00,0.0,2,HWM 20,[],4.0,,1990.0,1990.0,"RM 20 is a asphalt spike in edge of Bamboo drive adjacent to residence. Asphalt spike is circled in orange paint
3rd Order Differential Levels were ran from TBM with RTN derived elevation",0.318,,4,3.5,5.58,4.289968041923102,3.2603858211829158,3.2603858211829158
26.691323,-81.857873,2022 Ian,Vegetation line,Fair: +/- 0.20 ft,NAVD88,RT-GNSS,John Storm,Marker,Phone/Car GPS,NAD83,Ferrell Killion,John Storm,FLLEE32932,Debris Washline,,,FL,Lee County,,No,26.691323,-81.857873,44066,Gulf of America,32932,325,4,3,"Wash Line NW side of Riverbend road in front of 719 Riverbend road. Marked with wooden stake
and flagged with pink tape.",26.691323,-81.857873,2022-10-16T05:00:00,7.4,2.0,6.0,N/A,27380.0,0.0,3,Coastal,2022-10-10T05:00:00,0.0,2,HWM 1,[],4.0,,868.0,1990.0,3rd Order Differential Levels were ran from TBM with RTN derived elevation,0.124,,2,1.5,7.4,5.62114665514528,2.2215847152693877,2.2215847152693877
26.40988,-81.897454,2022 Ian,Seed line,Fair: +/- 0.20 ft,NAVD88,RT-GNSS,John Storm,Marker,Phone/Car GPS,NAD83,John Storm,John Storm,FLLEE32933,7503 Lake Valencia ct ft Myers Beach,,,FL,Lee County,,No,26.40988,-81.897454,44068,Gulf of America,32933,325,5,3,"7503 Lake Valencia ct ft Myers Beach fl 33931.  Mark on left side of garage door for right side of duplex looking from road (address # shows 750, 3 was knocked off)",26.40988,-81.897454,2022-10-14T05:00:00,12.3,2.0,6.0,N/A,27233.0,2.67,3,Coastal,2022-10-10T05:00:00,0.0,2,Team 11  #9,[],4.0,,1990.0,1990.0,3rd Order Differential Levels were ran from TBM with RTN derived elevation,0.032,,6,5.5,9.63,5.301259399399044,6.693277452414911,6.693277452414911
26.694335,-81.84149,2022 Ian,Seed line,Excellent: +/- 0.05 ft,NAVD88,RT-GNSS,John Storm,Marker,Phone/Car GPS,NAD83,John Storm,John Storm,FLLEE32934,inside garage of house #15830,,,FL,Lee County,,No,26.694335,-81.84149,44069,Gulf of America,32934,325,5,1,Seedline inside garage of house #15830,26.694335,-81.84149,2022-10-14T05:00:00,8.0,2.0,6.0,N/A,27234.0,3.82,3,Coastal,2022-10-10T05:00:00,1.0,2,HWM15,[],4.0,,1990.0,1990.0,"Rm1 is stake in ground on right side of driveway to 15380
3rd Order Differential Levels were ran from TBM with RTN derived elevation",0.065,,2,1.5,4.18,3.793749205396557,4.4060535294047725,4.4060535294047725
26.673305,-81.875099,2022 Ian,Seed line,Excellent: +/- 0.05 ft,NAVD88,RT-GNSS,John Storm,Marker,Phone/Car GPS,NAD83,John Storm,John Storm,FLLEE32935,front patio of house at 5 Victoria Dr.,,,FL,Lee County,,No,26.673305,-81.875099,44070,Gulf of America,32935,325,5,1,Excellent seed line on front patio of house at 5 Victoria Dr,26.673305,-81.875099,2022-10-11T05:00:00,7.5,2.0,6.0,N/A,27236.0,1.9,3,Coastal,2022-10-10T05:00:00,0.0,2,HWM 21,[],4.0,,1990.0,1990.0,"RM 21 is asphalt spike in edge of Victoria Drive in front of house 11. The RM is circled with orange paint.
3rd Order Differential Levels were ran from TBM with RTN derived elevation",0.318,,4,3.5,5.6,4.726715601022475,2.7386551547412274,2.7386551547412274
26.413212,-81.897079,2022 Ian,Seed line,Fair: +/- 0.20 ft,NAVD88,RT-GNSS,John Storm,Marker,Phone/Car GPS,NAD83,John Storm,John Storm,FLLEE32936,4509 Bay Beach ln ft myers,,,FL,Lee County,,No,26.413212,-81.897079,44071,Gulf of America,32936,325,5,3,4509 Bay Beach ln ft myers fl 33931. Mark transfered to above door to communal rec area of condo,26.413212,-81.897079,2022-10-15T05:00:00,11.9,2.0,6.0,N/A,27235.0,7.02,3,Coastal,2022-10-10T05:00:00,0.0,2,Team 11 #10,[],4.0,,1990.0,1990.0,3rd Order Differential Levels were ran from TBM with RTN derived elevation,0.025,,7,6.5,4.880000000000001,4.266720274927735,7.746197099314383,7.746197099314383
26.700733,-81.835661,2022 Ian,Seed line,Excellent: +/- 0.05 ft,NAVD88,RT-GNSS,John Storm,Marker,Phone/Car GPS,NAD83,John Storm,John Storm,FLLEE32937,left side of house #1630,,,FL,Lee County,,No,26.700733,-81.835661,44072,Gulf of America,32937,325,5,1,Seedline on left side of house #1630,26.700733,-81.835661,2022-10-13T05:00:00,8.3,2.0,6.0,N/A,27237.0,2.45,3,Coastal,2022-10-10T05:00:00,0.0,2,HWM16,[],4.0,,1990.0,1990.0,"RM1 set in edge of road opposite of house#1630 & 1650
3rd Order Differential Levels were ran from TBM with RTN derived elevation",0.065,,3,2.5,5.8500000000000005,5.565330268829826,2.5607103720651443,2.5607103720651443
26.415702,-81.894414,2022 Ian,Seed line,Excellent: +/- 0.05 ft,NAVD88,RT-GNSS,John Storm,Marker,Phone/Car GPS,NAD83,John Storm,John Storm,FLLEE32938,301-4 Lenell rd ft myers beach,,,FL,Lee County,,No,26.415702,-81.894414,44073,Gulf of America,32938,325,5,1,301-4 Lenell rd ft myers beach fl 33931.  Mark is in screened in porch backside of building,26.415702,-81.894414,2022-10-15T05:00:00,11.6,2.0,6.0,N/A,27240.0,6.82,3,Coastal,2022-10-10T05:00:00,0.0,2,Team 11 #11,[],4.0,,1990.0,1990.0,3rd Order Differential Levels were ran from TBM with RTN derived elevation,0.025,,7,6.5,4.779999999999999,3.6092055594827244,8.398213116060212,8.398213116060212
26.7023,-81.832997,2022 Ian,Seed line,Excellent: +/- 0.05 ft,NAVD88,RT-GNSS,John Storm,Marker,Phone/Car GPS,NAD83,John Storm,John Storm,FLLEE32939,right side of house,,,FL,Lee County,,No,26.7023,-81.832997,44074,Gulf of America,32939,325,5,1,Seedline on right side of house,26.7023,-81.832997,2022-10-13T05:00:00,8.2,2.0,6.0,N/A,27238.0,3.33,3,Coastal,2022-10-10T05:00:00,0.0,2,HWM17,[],4.0,,1990.0,1990.0,3rd Order Differential Levels were ran from TBM with RTN derived elevation,0.065,,4,3.5,4.869999999999999,4.042342031408795,4.110282214814733,4.1082654334889845
26.419894,-81.902107,2022 Ian,Seed line,Good: +/- 0.10 ft,NAVD88,RT-GNSS,John Storm,Marker,Phone/Car GPS,NAD83,John Storm,John Storm,FLLEE32940,6645 Estero  st.  Ft myers Beach,,,FL,Lee County,,No,26.419894,-81.902107,44075,Gulf of America,32940,325,5,2,6645 Estero  st.  Ft myers Beach fl 33931 building on corner of albatross/Estero. Mark above door next to mailboxes.,26.419894,-81.902107,2022-10-15T05:00:00,12.3,2.0,6.0,N/A,27353.0,7.24,3,Coastal,2022-10-10T05:00:00,0.0,2,Team 11  #12,[],4.0,,1990.0,1990.0,3rd Order Differential Levels were ran from TBM with RTN derived elevation,0.025,,9,8.5,5.0600000000000005,3.619496356158119,8.172398033723049,8.172398033723049
26.421553,-81.899649,2022 Ian,Seed line,Good: +/- 0.10 ft,NAVD88,RT-GNSS,John Storm,Marker,Phone/Car GPS,NAD83,John Storm,John Storm,FLLEE32941,230 Albatross st ft myers beach fl,,,FL,Lee County,,No,26.421553,-81.899649,44076,Gulf of America,32941,325,5,2,230 Albatross st ft myers beach fl 33931. Mark above back door in screened in porch.,26.421553,-81.899649,2022-10-15T05:00:00,11.7,2.0,6.0,N/A,27242.0,7.15,3,Coastal,2022-10-10T05:00:00,0.0,2,Team 11 #13,[],4.0,,1990.0,1990.0,3rd Order Differential Levels were ran from TBM with RTN derived elevation,0.025,,8,7.5,4.549999999999999,3.7723533281191126,8.245448411624391,8.245448411624391
26.459917,-81.964736,2022 Ian,Mud,Excellent: +/- 0.05 ft,NAVD88,RT-GNSS,John Storm,Marker,Phone/Car GPS,NAD83,Ferrell Killion,John Storm,FLLEE32942,Mud line on Structure,,,FL,Lee County,,No,26.459917,-81.964736,44077,Gulf of America,32942,325,1,1,"Thick sand line inside of beach villas hotel/condos stair well on the south side of building near pool.  Inside west stairwell near pool of Beach Villas Hotel (250 Estero Blvd #601)  Thick Sand/Mud line inside of stairwell.  HWM marked with sharpie inside of stair well and a line level was used to project
HWM elevation to outside door frame of stair well and marked as well.",26.459917,-81.964736,2022-10-17T05:00:00,12.4,2.0,6.0,N/A,27356.0,1.81,3,Coastal,2022-10-10T05:00:00,1.0,2,HWM 1,[],4.0,,868.0,1990.0,3rd Order Differential Levels were ran from TBM with RTN derived elevation,0.041,,6,5.5,10.59,5.861915784870858,6.893775142715324,6.877023250987417
26.654569,-81.853726,2022 Ian,Seed line,Good: +/- 0.10 ft,NAVD88,RT-GNSS,John Storm,Marker,Phone/Car GPS,NAD83,John Storm,John Storm,FLLEE32945,"3000 Oasis grand blvd, ft Myers fl",,,FL,Lee County,,No,26.654569,-81.853726,44080,Gulf of America,32945,325,5,2,"3000 Oasis grand blvd, ft Myers fl 33916. On wall behind flowerbed across road from guard shack at entrance.",26.654569,-81.853726,2022-10-16T05:00:00,7.7,2.0,6.0,N/A,27248.0,1.11,3,Coastal,2022-10-09T05:00:00,0.0,2,USGS 10/9 G 1.11’,[],4.0,,1990.0,1990.0,3rd Order Differential Levels were ran from TBM with RTN derived elevation,0.031,,1,0.5,6.59,7.6461393689233175,0.3173764198533586,0.30794819532116247
26.350976,-81.853885,2022 Ian,Seed line,Good: +/- 0.10 ft,NAVD88,RT-GNSS,John Storm,Not marked,Phone/Car GPS,NAD83,John Storm,John Storm,FLLEE32946,garage at 26589 Harmony Ln,,,FL,Lee County,,No,26.350976,-81.853885,44082,Gulf of America,32946,325,5,2,Good seed line in garage at 26589 Harmony Ln.,26.350976,-81.853885,2022-10-12T05:00:00,12.4,2.0,6.0,N/A,27251.0,6.94,3,Coastal,2022-10-09T05:00:00,0.0,2,HWM15,[],8.0,,1990.0,1990.0,"Stake with orange flagging in front yard at residence with high watermark
3rd Order Differential Levels were ran from TBM with RTN derived elevation",0.088,,9,8.5,5.46,3.7283338899687517,7.829671777270994,7.829671777270994
26.501184,-81.868844,2022 Ian,Seed line,Good: +/- 0.10 ft,NAVD88,RT-GNSS,John Storm,Marker,Phone/Car GPS,NAD83,Ferrell Killion,John Storm,FLLEE32947,Seed Line on Structure,,,FL,Lee County,,No,26.501184,-81.868844,44081,Gulf of America,32947,325,5,2,"Seed line on left wall of building quarters 16580 near garage parking on left side, on Waters Edge Ct on townhome condo shared wall near garage parking. Thick seed line wall surrounding inner walls.   Pink flagging tape along wall lighting seen from parking lot.",26.501184,-81.868844,2022-10-12T05:00:00,9.5,2.0,6.0,N/A,27291.0,2.89,3,Coastal,2022-10-11T05:00:00,0.0,2,HWM 1,[],4.0,,868.0,1990.0,3rd Order Differential Levels were ran from TBM with RTN derived elevation,0.081,,5,4.5,6.609999999999999,5.550486991411744,4.291960901047665,4.366829885283058
26.659396,-81.850301,2022 Ian,Seed line,Good: +/- 0.10 ft,NAVD88,RT-GNSS,Missing Approval,Marker,Phone/Car GPS,NAD83,John Storm,John Storm,FLLEE32948,3225 E riverside dr fr myers fl,,,FL,Lee County,,No,26.659396,-81.850301,44083,Gulf of America,32948,325,5,2,3225 E riverside dr fr myers fl 33916 river garden condos mark is on building D visible from entrance,26.659396,-81.850301,2022-10-16T05:00:00,8.5,2.0,6.0,N/A,27252.0,2.0,3,Coastal,2022-10-09T05:00:00,0.0,2,USGS 10/9 G 2.0’,[],4.0,,1990.0,1990.0,3rd Order Differential Levels were ran from TBM with RTN derived elevation,0.031,,2,1.5,6.5,5.532926696491992,2.1670733035080074,2.178706111996604
26.346373,-81.849788,2022 Ian,Seed line,Excellent: +/- 0.05 ft,NAVD88,RT-GNSS,John Storm,Marker,Phone/Car GPS,NAD83,John Storm,John Storm,FLLEE32949,Last house on left on Carol st,,,FL,Lee County,,No,26.346373,-81.849788,44092,Gulf of America,32949,325,5,1,Top left of garage door seedline marked with sharpie. Last house on left on Carol st.,26.346373,-81.849788,2022-10-12T05:00:00,11.3,2.0,6.0,N/A,27257.0,6.75,3,Coastal,2022-10-09T05:00:00,0.0,2,Team4HWM12,[],4.0,,1990.0,1990.0,3rd Order Differential Levels were ran from TBM with RTN derived elevation,0.088,,7,6.5,4.550000000000001,3.5250969133352044,8.075894057275018,8.075894057275018
26.496821,-81.855283,2022 Ian,Seed line,Good: +/- 0.10 ft,NAVD88,RT-GNSS,John Storm,Marker,Phone/Car GPS,NAD83,Ferrell Killion,John Storm,FLLEE32950,Seed Line on Structure,,,FL,Lee County,,No,26.496821,-81.855283,44091,Gulf of America,32950,325,5,2,"Water line in garage House 6093 on Forest Villas Cir, Thick seed line on garage wall.",26.496821,-81.855283,2022-10-12T05:00:00,9.7,2.0,6.0,N/A,27297.0,2.91,3,Coastal,2022-10-11T05:00:00,0.0,2,HWM 1,[],4.0,,868.0,1990.0,3rd Order Differential Levels were ran from TBM with RTN derived elevation,0.081,,6,5.5,6.789999999999999,5.545896573329535,4.356723295300852,4.356723295300852
26.477484,-81.858863,2022 Ian,Seed line,Good: +/- 0.10 ft,NAVD88,RT-GNSS,Missing Approval,Marker,Phone/Car GPS,NAD83,Ferrell Killion,John Storm,FLLEE32951,Seed Line on Structure,,,FL,Lee County,,No,26.477484,-81.858863,44089,Gulf of America,32951,325,5,2,"House 6050 Tidewater Island Cir, inside garage parking on left wall between two panel windows, Thick seed line on garage wall, defined.",26.477484,-81.858863,2022-10-12T05:00:00,10.7,2.0,6.0,N/A,27249.0,4.03,3,Coastal,2022-10-11T05:00:00,1.0,2,HWM 1,[],4.0,,868.0,1990.0,3rd Order Differential Levels were ran from TBM with RTN derived elevation,0.081,,6,5.5,6.669999999999999,6.4792513378023155,4.001573986592067,4.001573986592067
26.438598,-82.083878,2022 Ian,Seed line,Good: +/- 0.10 ft,NAVD88,RT-GNSS,John Storm,Marker,Phone/Car GPS,NAD83,Ferrell Killion,John Storm,FLLEE32952,Seed Line on Structure,,,FL,Lee County,,No,26.438598,-82.083878,44088,Gulf of America,32952,325,5,2,"Mark inside building transferred from inside to out, High water mark on rear doorframe of house",26.438598,-82.083878,2022-10-16T05:00:00,9.1,2.0,6.0,N/A,27157.0,5.63,3,Coastal,2022-10-11T05:00:00,0.0,2,HWM 1,[],4.0,,868.0,1990.0,3rd Order Differential Levels were ran from TBM with RTN derived elevation,0.075,,6,5.5,3.4699999999999998,4.053736530889676,6.0530463019982665,6.0530463019982665
26.44505,-82.04273,2022 Ian,Seed line,Good: +/- 0.10 ft,NAVD88,RT-GNSS,John Storm,Marker,Phone/Car GPS,NAD83,Ferrell Killion,John Storm,FLLEE32953,Seed Line on Stairwell,,,FL,Lee County,,No,26.44505,-82.04273,44090,Gulf of America,32953,325,5,2,seed line on glass window transferred to corner of house First house on left in entrance on Elinor Way. On back left corner of homeflagging on post and trees at rear of house,26.44505,-82.04273,2022-10-19T05:00:00,10.5,2.0,6.0,N/A,27325.0,7.5,3,Coastal,2022-10-11T05:00:00,0.0,2,HWM 1,[],4.0,,868.0,1990.0,3rd Order Differential Levels were ran from TBM with RTN derived elevation,0.084,,7,6.5,3.0,2.8165887425264975,8.137711210540385,8.137711210540385
26.44369,-82.04277,2022 Ian,Seed line,Excellent: +/- 0.05 ft,NAVD88,RT-GNSS,John Storm,Marker,Phone/Car GPS,NAD83,Ferrell Killion,John Storm,FLLEE32954,Seed Line on Structure,,,FL,Lee County,,No,26.44369,-82.04277,44095,Gulf of America,32954,325,5,1,"seed line in side screen building Activity building at the corner of 4E in Periwinkle Park and Campground, two post flagged at entrace of building",26.44369,-82.04277,2022-10-19T05:00:00,10.8,2.0,6.0,N/A,27169.0,7.56,3,Coastal,2022-10-11T05:00:00,0.0,2,HWM 1,[],4.0,,868.0,1990.0,3rd Order Differential Levels were ran from TBM with RTN derived elevation,0.084,,7,6.5,3.240000000000001,3.1423474860003613,7.813137538089219,7.813137538089219
26.438392,-82.092756,2022 Ian,Seed line,Good: +/- 0.10 ft,NAVD88,RT-GNSS,John Storm,Marker,Phone/Car GPS,NAD83,Ferrell Killion,John Storm,FLLEE32955,Seed Line on Structure,,,FL,Lee County,,No,26.438392,-82.092756,44093,Gulf of America,32955,325,5,2,"3075 Sanibel Captiva Rd. Seed line on inside of glass transferred to outside. Left of main entrance to National Shell museum on
stucco wall  Flagging at stop sign by entrance. Flagging on palm tree left of walkway. Flagging on post right of mark.",26.438392,-82.092756,2022-10-15T05:00:00,8.9,2.0,6.0,N/A,27303.0,5.62,3,Coastal,2022-10-11T05:00:00,0.0,2,HWM 1,[],4.0,,868.0,1990.0,3rd Order Differential Levels were ran from TBM with RTN derived elevation,0.024,,3,2.5,3.2800000000000002,4.016435912900709,6.016398829265388,6.016398829265388
26.490744,-81.851223,2022 Ian,Debris,Excellent: +/- 0.05 ft,NAVD88,RT-GNSS,John Storm,Stake,Phone/Car GPS,NAD83,John Storm,John Storm,FLLEE32957,outside of pool enclosure in back of house on the left side,,,FL,Lee County,,No,26.490744,-81.851223,44097,Gulf of America,32957,325,2,1,Debris line just outside of pool enclosure in back of house on the left side.,26.490744,-81.851223,2022-10-14T05:00:00,10.3,2.0,6.0,N/A,27167.0,0.3,3,Coastal,2022-10-11T05:00:00,0.0,2,Team11 (12),[],7.0,,1990.0,1990.0,3rd Order Differential Levels were ran from TBM with RTN derived elevation,0.172,,1,0.5,10.0,9.27594233685591,0.5353276566983212,0.5353276566983212
26.44061,-82.04423,2022 Ian,Seed line,Good: +/- 0.10 ft,NAVD88,RT-GNSS,John Storm,Marker,Phone/Car GPS,NAD83,Ferrell Killion,John Storm,FLLEE32958,Seed Line on Structure,,,FL,Lee County,,No,26.44061,-82.04423,44096,Gulf of America,32958,325,5,2,"seed line inside storage room under house, 771B Nerita St flagging down driveway to rear storage door under house.",26.44061,-82.04423,2022-10-17T05:00:00,11.6,2.0,6.0,N/A,27258.0,7.2,3,Coastal,2022-10-11T05:00:00,1.0,2,HWM 1,[],4.0,,868.0,1990.0,3rd Order Differential Levels were ran from TBM with RTN derived elevation,0.055,,5,4.5,4.3999999999999995,4.255607372193825,7.4156038395931665,7.4156038395931665
26.485786,-81.848253,2022 Ian,Seed line,Good: +/- 0.10 ft,NAVD88,RT-GNSS,John Storm,Marker,Phone/Car GPS,NAD83,John Storm,John Storm,FLLEE32959,backside of gutter downspout on left front of house. 55717 Calmar Breeze Ln,,,FL,Lee County,,No,26.485786,-81.848253,44098,Gulf of America,32959,325,5,2,Grass debris line on backside of gutter downspout on left front of house. 55717 Calmar Breeze Ln,26.485786,-81.848253,2022-10-14T05:00:00,10.1,2.0,6.0,N/A,27255.0,2.17,3,Coastal,2022-10-11T05:00:00,0.0,2,Team11 (11),[],4.0,,1990.0,1990.0,3rd Order Differential Levels were ran from TBM with RTN derived elevation,0.172,,6,5.5,7.93,7.941534356495214,2.3188394097968645,2.3188394097968645
26.439752,-82.098898,2022 Ian,Seed line,Good: +/- 0.10 ft,NAVD88,RT-GNSS,John Storm,Marker,Phone/Car GPS,NAD83,Ferrell Killion,John Storm,FLLEE32960,Seed Line on Structure,,,FL,Lee County,,No,26.439752,-82.098898,44099,Gulf of America,32960,325,5,2,"Seed line on outside of 3341 Sanibel Captiva Rd. On roadisde.  Underneath second stairwell, Mark on wooden wall on roadside of 3341 Sanibel Captive Rd",26.439752,-82.098898,2022-10-15T05:00:00,8.6,2.0,6.0,N/A,27254.0,6.5,3,Coastal,2022-10-11T05:00:00,0.0,2,HWM 1,[],4.0,,868.0,1990.0,3rd Order Differential Levels were ran from TBM with RTN derived elevation,0.024,,5,4.5,2.0999999999999996,3.8837170194140254,5.847962524932338,5.847962524932338
26.484347,-81.842633,2022 Ian,Seed line,Excellent: +/- 0.05 ft,NAVD88,RT-GNSS,John Storm,Marker,Phone/Car GPS,NAD83,John Storm,John Storm,FLLEE32961,left side of the house. 5538 Whispering Willow Way.,,,FL,Lee County,,No,26.484347,-81.842633,44100,Gulf of America,32961,325,5,1,Grass debris line on conduit below electric meter on left side of the house. 5538 Whispering Willow Way.,26.484347,-81.842633,2022-10-14T05:00:00,10.7,2.0,6.0,N/A,27354.0,1.96,3,Coastal,2022-10-11T05:00:00,0.0,2,Team11 (10),[],4.0,,1990.0,1990.0,3rd Order Differential Levels were ran from TBM with RTN derived elevation,0.172,,4,3.5,8.739999999999998,6.671107503685739,3.7016232512554668,3.7016232512554668
26.482021,-81.853908,2022 Ian,Seed line,Fair: +/- 0.20 ft,NAVD88,RT-GNSS,John Storm,Marker,Phone/Car GPS,NAD83,John Storm,John Storm,FLLEE32962,left side of house. 5621 Harbrage Dr,,,FL,Lee County,,No,26.482021,-81.853908,44101,Gulf of America,32962,325,5,3,Debris line on side of house just left of bathroom window on left side of house. 5621 Harbrage DR,26.482021,-81.853908,2022-10-14T05:00:00,10.2,2.0,6.0,N/A,27259.0,3.08,3,Coastal,2022-10-11T05:00:00,0.0,2,Team11 (9),[],4.0,,1990.0,1990.0,3rd Order Differential Levels were ran from TBM with RTN derived elevation,0.172,,5,4.5,7.119999999999999,8.314969971424013,2.109170466883395,2.109170466883395
26.43741,-82.04373,2022 Ian,Seed line,Good: +/- 0.10 ft,NAVD88,RT-GNSS,John Storm,Marker,Phone/Car GPS,NAD83,Ferrell Killion,John Storm,FLLEE32963,Seed Line inside Structure,,,FL,Lee County,,No,26.43741,-82.04373,44102,Gulf of America,32963,325,5,2,"seed line transferred from inside unit 21153 
 Nerita St flagging on unit 2 porch and outdoor shower",26.43741,-82.04373,2022-10-17T05:00:00,12.5,2.0,6.0,N/A,27324.0,9.23,3,Coastal,2022-10-11T05:00:00,0.0,2,HWM 1,[],4.0,,868.0,1990.0,3rd Order Differential Levels were ran from TBM with RTN derived elevation,0.055,,5,4.5,3.2699999999999996,3.529640398626252,8.389415505897826,8.389415505897826
26.474822,-81.850956,2022 Ian,Seed line,Good: +/- 0.10 ft,NAVD88,RT-GNSS,John Storm,Marker,Phone/Car GPS,NAD83,John Storm,John Storm,FLLEE32964,ront upper door jam 18460 mullock ln.,,,FL,Lee County,,No,26.474822,-81.850956,44103,Gulf of America,32964,325,5,2,Debris line just outside of front upper door jam 18460 mullock ln.,26.474822,-81.850956,2022-10-14T05:00:00,10.9,2.0,6.0,N/A,27260.0,6.51,3,Coastal,2022-10-11T05:00:00,0.0,2,Team 11 (8),[],4.0,,1990.0,1990.0,3rd Order Differential Levels were ran from TBM with RTN derived elevation,0.172,,10,9.5,4.390000000000001,2.9571121680767827,7.125056459644375,7.125056459644375
26.4418,-82.106784,2022 Ian,Seed line,Good: +/- 0.10 ft,NAVD88,RT-GNSS,John Storm,Marker,Phone/Car GPS,NAD83,Ferrell Killion,John Storm,FLLEE32967,Seed Line on Structure,,,FL,Lee County,,No,26.4418,-82.106784,44104,Gulf of America,32967,325,5,2,"Left of first entrance from Sanibel-Captiva of St. Isabel Catholic Church Flagging on entrarance, on railing of stairs, on door handle right of mark",26.4418,-82.106784,2022-10-15T05:00:00,8.4,2.0,6.0,N/A,27355.0,5.01,3,Coastal,2022-10-11T05:00:00,0.0,2,HWM 1,[],4.0,,868.0,1990.0,3rd Order Differential Levels were ran from TBM with RTN derived elevation,0.024,,4,3.5,3.3900000000000006,4.901934092439065,4.684387300697329,4.684387300697329
26.478179,-81.845026,2022 Ian,Seed line,Fair: +/- 0.20 ft,NAVD88,RT-GNSS,John Storm,Marker,Phone/Car GPS,NAD83,John Storm,John Storm,FLLEE32968,left front side of condo unit 4; 5430 Park rd.,,,FL,Lee County,,No,26.478179,-81.845026,44105,Gulf of America,32968,325,5,3,Grass debis on backside of gutter downspout on left front side of condo unit 4; 5430 Park rd.,26.478179,-81.845026,2022-10-14T05:00:00,10.9,2.0,6.0,N/A,27253.0,4.33,3,Coastal,2022-10-11T05:00:00,0.0,2,Team 11 (7),[],4.0,,1990.0,1990.0,3rd Order Differential Levels were ran from TBM with RTN derived elevation,0.172,,6,5.5,6.57,5.089222915529266,5.592068393881785,5.592068393881785
26.472243,-81.840482,2022 Ian,Seed line,Excellent: +/- 0.05 ft,NAVD88,RT-GNSS,John Storm,Marker,Phone/Car GPS,NAD83,John Storm,John Storm,FLLEE32969,front of Condo 202 at 18239 Creekside Preserve Loop,,,FL,Lee County,,No,26.472243,-81.840482,44106,Gulf of America,32969,325,5,1,Grass line on backside of downspout on front of Condo 202 at 18239 Creekside Preserve Loop.,26.472243,-81.840482,2022-10-14T05:00:00,10.9,2.0,6.0,N/A,27261.0,1.36,3,Coastal,2022-10-11T05:00:00,0.0,2,Team 11(6),[],4.0,,1990.0,1990.0,3rd Order Differential Levels were ran from TBM with RTN derived elevation,0.172,,4,3.5,9.540000000000001,7.832425003602435,3.0418625177701033,3.0418625177701033
26.659184,-81.886679,2022 Ian,Seed line,Excellent: +/- 0.05 ft,NAVD88,RT-GNSS,John Storm,Marker,Phone/Car GPS,NAD83,John Storm,John Storm,FLLEE32970,dumpster storage area in front of apartment complex. 3345 N Key Drive,,,FL,Lee County,,No,26.659184,-81.886679,44107,Gulf of America,32970,325,5,1,Excellent seed line on the wall inside of dumpster storage area in front of apartment complex. 3345 N Key Drive,26.659184,-81.886679,2022-10-11T05:00:00,7.2,2.0,6.0,N/A,27347.0,0.97,3,Coastal,2022-10-11T05:00:00,0.0,2,HWM29,[],4.0,,1990.0,1990.0,3rd Order Differential Levels were ran from TBM with RTN derived elevation,0.176,,2,1.5,6.23,6.373105399564808,0.7086289059381663,0.7086289059381663
26.43942,-82.0401,2022 Ian,Seed line,Good: +/- 0.10 ft,NAVD88,RT-GNSS,John Storm,Marker,Phone/Car GPS,NAD83,Ferrell Killion,John Storm,FLLEE32973,Seed Line on Structure,,,FL,Lee County,,No,26.43942,-82.0401,44109,Gulf of America,32973,325,5,2,seedline transferred from window to outside window frame Laggerhead condominiums between 979 E. Gulf Beach Drive Flagging on outside of building on handrail and near mark,26.43942,-82.0401,2022-10-19T05:00:00,13.0,2.0,6.0,N/A,27250.0,7.55,3,Coastal,2022-10-11T05:00:00,1.0,2,HWM 1,[],4.0,,868.0,1990.0,3rd Order Differential Levels were ran from TBM with RTN derived elevation,0.084,,5,4.5,5.45,4.9614026321200875,6.797209444940963,6.797209444940963
26.435785,-82.108246,2022 Ian,Seed line,Good: +/- 0.10 ft,NAVD88,RT-GNSS,John Storm,Marker,Phone/Car GPS,NAD83,Ferrell Killion,John Storm,FLLEE32975,Seed Line on Structure,,,FL,Lee County,,No,26.435785,-82.108246,44110,Gulf of America,32975,325,5,2,"Seed line on front right corner of house (if facing house with back to road) 611 (approx) Rabbit Rd  Seed line on inside of door transferred to front right corner of
611 (approx) rabbit rd. Flagging on tree at entrance, on post on left side, on post on right side, and door left of corner mark",26.435785,-82.108246,2022-10-16T05:00:00,9.3,2.0,6.0,N/A,27307.0,4.62,3,Coastal,2022-10-11T05:00:00,0.0,2,HWM 1,[],4.0,,868.0,1990.0,3rd Order Differential Levels were ran from TBM with RTN derived elevation,0.075,,4,3.5,4.680000000000001,4.797764806922652,5.276222546767274,5.276222546767274
26.660131,-81.890634,2022 Ian,Seed line,Excellent: +/- 0.05 ft,NAVD88,RT-GNSS,John Storm,Marker,Phone/Car GPS,NAD83,John Storm,John Storm,FLLEE32976,exterior wall at the Cactus restaurant at 3446 Marinatown Ln.,,,FL,Lee County,,No,26.660131,-81.890634,44113,Gulf of America,32976,325,5,1,Excellent seed line on exterior wall at the Cactus restaurant at 3446 Marinatown Ln.,26.660131,-81.890634,2022-10-11T05:00:00,7.1,2.0,6.0,N/A,27243.0,1.77,3,Coastal,2022-10-11T05:00:00,0.0,2,HWM28,[],4.0,,1990.0,1990.0,"RM 28 is orange spot circled with orange paint in parking lot in front of Cactus restaurant.
3rd Order Differential Levels were ran from TBM with RTN derived elevation",0.176,,1,0.5,5.33,5.95791211591305,1.1448610787744373,1.1448610787744373
26.664859,-81.884866,2022 Ian,Seed line,Good: +/- 0.10 ft,NAVD88,RT-GNSS,John Storm,Marker,Phone/Car GPS,NAD83,John Storm,John Storm,FLLEE32977,store at Hancock Bridge Square.,,,FL,Lee County,,No,26.664859,-81.884866,44114,Gulf of America,32977,325,5,2,Seed line inside an Abandoned shopping center store at Hancock Bridge Square.,26.664859,-81.884866,2022-10-11T05:00:00,6.8,2.0,6.0,N/A,27346.0,0.1,3,Coastal,2022-10-11T05:00:00,0.0,2,HWM27,[],4.0,,1990.0,1990.0,3rd Order Differential Levels were ran from TBM with RTN derived elevation,0.176,,1,0.5,6.7,6.587148651363343,0.7024634144656696,0.7024634144656696
26.436,-82.046,2022 Ian,Seed line,Good: +/- 0.10 ft,NAVD88,RT-GNSS,John Storm,Marker,Phone/Car GPS,NAD83,Ferrell Killion,John Storm,FLLEE32978,Seeds on Structure,,,FL,Lee County,,No,26.436,-82.046,44254,Gulf of America,32978,325,5,2,"Trasferred line from bathroom to outside of house
605 Donax St. Pelican Roost Condos. Mark is at pool house. Transferred from restroom",26.436,-82.046,2022-10-19T05:00:00,12.3,2.0,6.0,N/A,27327.0,7.47,3,Coastal,2022-10-18T05:00:00,0.0,2,HWM 1,[],4.0,,868.0,1990.0,3rd Order Differential Levels were ran from TBM with RTN derived elevation,0.084,,5,4.5,4.830000000000001,3.610801274382223,8.387462473392738,8.387462473392738
26.43058,-82.10743,2022 Ian,Seed line,Good: +/- 0.10 ft,NAVD88,RT-GNSS,John Storm,Marker,Phone/Car GPS,NAD83,Ferrell Killion,John Storm,FLLEE32979,Seed Line on Structure,,,FL,Lee County,,No,26.43058,-82.10743,44119,Gulf of America,32979,325,5,2,"Mark on brick just right of main entrance to home, seed line on inside of door transferred to outside of brick house. Mark is just left of front door of 3526 West Gulf Dr. Mark is on the brick Flagging by both entrances of 3526 West Gulf Dr, on tree by walkway, on outside light above mark.",26.43058,-82.10743,2022-10-16T05:00:00,11.2,2.0,6.0,N/A,27357.0,6.76,3,Coastal,2022-10-11T05:00:00,1.0,2,HWM 1,[],4.0,,868.0,1990.0,3rd Order Differential Levels were ran from TBM with RTN derived elevation,0.075,,4,3.5,4.4399999999999995,5.33920221441374,4.805768699341632,4.805768699341632
26.472921,-81.838131,2022 Ian,Seed line,Good: +/- 0.10 ft,NAVD88,RT-GNSS,John Storm,Marker,Phone/Car GPS,NAD83,John Storm,John Storm,FLLEE32980,left front side Condo. 18280 unit 201 Creekside Preserve.,,,FL,Lee County,,No,26.472921,-81.838131,44118,Gulf of America,32980,325,5,2,Grass line on gutter downspout on left front side Condo. 18280 unit 201 Creekside Preserve.,26.472921,-81.838131,2022-10-14T05:00:00,10.8,2.0,6.0,N/A,27263.0,2.36,3,Coastal,2022-10-11T05:00:00,0.0,2,Team11 (5),[],4.0,,1990.0,1990.0,3rd Order Differential Levels were ran from TBM with RTN derived elevation,0.172,,5,4.5,8.440000000000001,6.578891608971623,4.33901145927432,4.33901145927432
26.470094,-81.849024,2022 Ian,Seed line,Good: +/- 0.10 ft,NAVD88,RT-GNSS,John Storm,Marker,Phone/Car GPS,NAD83,John Storm,John Storm,FLLEE32981,left front side of house. 6740 Mossy Glen.,,,FL,Lee County,,No,26.470094,-81.849024,44121,Gulf of America,32981,325,5,2,On box below electric panel left front side of house. 6740 Mossy Glen.,26.470094,-81.849024,2022-10-13T05:00:00,11.0,2.0,6.0,N/A,27262.0,3.28,3,Coastal,2022-10-11T05:00:00,0.0,2,Team 11 (4),[],4.0,,1990.0,1990.0,3rd Order Differential Levels were ran from TBM with RTN derived elevation,,,4,3.5,7.720000000000001,7.801883489753943,2.8207615025220525,2.8207615025220525
26.43961,-82.04639,2022 Ian,Seed line,Good: +/- 0.10 ft,NAVD88,RT-GNSS,John Storm,Marker,Phone/Car GPS,NAD83,Ferrell Killion,John Storm,FLLEE32982,Seed lIne on Structure,,,FL,Lee County,,No,26.43961,-82.04639,44120,Gulf of America,32982,325,5,2,good consistent line across building sharpie line on pilar between garage doors near light.   flagging on mailbox and garage light 735 Donax St.,26.43961,-82.04639,2022-10-19T05:00:00,11.5,2.0,6.0,N/A,27358.0,6.3,3,Coastal,2022-10-11T05:00:00,0.0,2,HWM 1,[],4.0,,868.0,1990.0,3rd Order Differential Levels were ran from TBM with RTN derived elevation,0.084,,5,4.5,5.2,5.4578518304299175,6.284256770538183,6.284256770538183
26.469288,-81.841183,2022 Ian,Seed line,Excellent: +/- 0.05 ft,NAVD88,RT-GNSS,John Storm,Marker,Phone/Car GPS,NAD83,John Storm,John Storm,FLLEE32984,left front side of house. 6881 Misty Lake Ct,,,FL,Lee County,,No,26.469288,-81.841183,44124,Gulf of America,32984,325,5,1,Grass line on AC enclosure left front side of house. 6881 Misty Lake Ct,26.469288,-81.841183,2022-10-14T05:00:00,10.9,2.0,6.0,N/A,27265.0,3.31,3,Coastal,2022-10-11T05:00:00,0.0,2,Team 11 (3),[],4.0,,1990.0,1990.0,3rd Order Differential Levels were ran from TBM with RTN derived elevation,0.172,,4,3.5,7.59,1.0276517373683258,9.911247157402297,9.911247157402297
26.44248,-82.04831,2022 Ian,Seed line,Good: +/- 0.10 ft,NAVD88,RT-GNSS,John Storm,Marker,Phone/Car GPS,NAD83,Ferrell Killion,John Storm,FLLEE32985,Seed Line on Structure,,,FL,Lee County,,No,26.44248,-82.04831,44123,Gulf of America,32985,325,5,2,seed line above right garage correlates well with lines on house flagging on trees and mailbox,26.44248,-82.04831,2022-10-12T05:00:00,11.0,2.0,6.0,N/A,27264.0,7.07,3,Coastal,2022-10-11T05:00:00,0.0,2,HWM 1,[],4.0,,868.0,1990.0,3rd Order Differential Levels were ran from TBM with RTN derived elevation,0.088,,6,5.5,3.9299999999999997,3.7116958243953273,7.856976142120207,7.856976142120207
26.427513,-82.100713,2022 Ian,Seed line,Good: +/- 0.10 ft,NAVD88,RT-GNSS,John Storm,Marker,Phone/Car GPS,NAD83,Ferrell Killion,John Storm,FLLEE32986,Seed line on Structure,,,FL,Lee County,,No,26.427513,-82.100713,44125,Gulf of America,32986,325,5,2,"Mark on brick wall right of main entrance to Sanibel Sunset Beach Inn 3287 West Gulf Dr Seed line transferred from inside glass door to brick wall right of main office door of Sanibel Sunset beach Inn Flagging by entrance, on tree near stairs, top of stairs, and on light directly above mark",26.427513,-82.100713,2022-10-19T05:00:00,12.6,2.0,6.0,N/A,27359.0,1.06,3,Coastal,2022-10-11T05:00:00,0.0,2,HWM 1,[],4.0,,868.0,1990.0,3rd Order Differential Levels were ran from TBM with RTN derived elevation,0.066,,3,2.5,11.54,6.303639784259746,4.660473054123312,4.660473054123312
26.464888,-81.841808,2022 Ian,Seed line,Excellent: +/- 0.05 ft,NAVD88,RT-GNSS,John Storm,Marker,Phone/Car GPS,NAD83,John Storm,John Storm,FLLEE32987,on right front of house.  6900 Lakewood Isle.,,,FL,Lee County,,No,26.464888,-81.841808,44126,Gulf of America,32987,325,5,1,Grass debris line on backside of gutter downspout on right front of house.  6900 Lakewood Isle.,26.464888,-81.841808,2022-10-14T05:00:00,11.0,2.0,6.0,N/A,27360.0,2.25,3,Coastal,2022-10-11T05:00:00,0.0,2,Team 11 (2),[],4.0,,1990.0,1990.0,3rd Order Differential Levels were ran from TBM with RTN derived elevation,0.172,,5,4.5,8.75,7.947818657231768,3.025412767988983,3.025412767988983
26.488913,-81.859341,2022 Ian,Seed line,Good: +/- 0.10 ft,NAVD88,RT-GNSS,John Storm,Marker,Phone/Car GPS,NAD83,Ferrell Killion,John Storm,FLLEE32988,Seed Line on Structure,,,FL,Lee County,,No,26.488913,-81.859341,44132,Gulf of America,32988,325,5,2,"17422 Birchwood Ln, Fort Myers on left corner of building (southeast direction),  Seed line of left side porch cornerPink flagging on left side porch corner APT 1256",26.488913,-81.859341,2022-10-12T05:00:00,10.1,2.0,6.0,N/A,27306.0,4.51,3,Coastal,2022-10-11T05:00:00,0.0,2,HWM 1,[],4.0,,868.0,1990.0,3rd Order Differential Levels were ran from TBM with RTN derived elevation,0.081,,6,5.5,5.59,4.460013757540485,5.468627924835764,5.468627924835764
26.452768,-81.945607,2022 Ian,Seed line,Excellent: +/- 0.05 ft,NAVD88,RT-GNSS,John Storm,Marker,Phone/Car GPS,NAD83,John Storm,John Storm,FLLEE32990,243 delmar ft myers beach Florida,,,FL,Lee County,,No,26.452768,-81.945607,44128,Gulf of America,32990,325,5,1,243 delmar ft myers beach Florida 33931. Mark on front wall next to/above elevator,26.452768,-81.945607,2022-10-16T05:00:00,12.7,2.0,6.0,N/A,27256.0,9.15,3,Coastal,2022-10-10T05:00:00,0.0,2,Team 11 10/10 #23,[],4.0,,1990.0,1990.0,3rd Order Differential Levels were ran from TBM with RTN derived elevation,0.023,,8,7.5,3.549999999999999,2.7742985821771495,10.11696437010933,10.010126960218338
26.443139,-81.929285,2022 Ian,Seed line,Excellent: +/- 0.05 ft,NAVD88,RT-GNSS,John Storm,Marker,Phone/Car GPS,NAD83,John Storm,John Storm,FLLEE32992,134 Connecticut st ft myers beach fl,,,FL,Lee County,,No,26.443139,-81.929285,44130,Gulf of America,32992,325,5,1,134 Connecticut st ft myers beach fl 33931.  Next to door on back porch of church annex.,26.443139,-81.929285,2022-10-16T05:00:00,13.8,2.0,6.0,N/A,27268.0,9.8,3,Coastal,2022-10-10T05:00:00,0.0,2,Team 11 10/10 #21,[],4.0,,1990.0,1990.0,3rd Order Differential Levels were ran from TBM with RTN derived elevation,0.023,,8,7.5,4.0,4.198822605954067,8.32897750040426,8.29677441553268
26.440587,-81.923277,2022 Ian,Seed line,Excellent: +/- 0.05 ft,NAVD88,RT-GNSS,John Storm,Marker,Phone/Car GPS,NAD83,John Storm,John Storm,FLLEE32993,159 coconut dr ft myers beach fl,,,FL,Lee County,,No,26.440587,-81.923277,44133,Gulf of America,32993,325,5,1,159 coconut dr ft myers beach fl 33931. Mark in carport next to closet door.,26.440587,-81.923277,2022-10-16T05:00:00,12.4,2.0,6.0,N/A,27266.0,7.15,3,Coastal,2022-10-10T05:00:00,0.0,2,Team 11 10/10 # 20,[],4.0,,1990.0,1990.0,3rd Order Differential Levels were ran from TBM with RTN derived elevation,0.023,,8,7.5,5.25,3.8386310335845146,8.922758162695253,8.915293188804112
26.44009,-81.921604,2022 Ian,Seed line,Excellent: +/- 0.05 ft,NAVD88,RT-GNSS,John Storm,Marker,Phone/Car GPS,NAD83,John Storm,John Storm,FLLEE32994,205 Bayview ft myers beach fl,,,FL,Lee County,,No,26.44009,-81.921604,44134,Gulf of America,32994,325,5,1,205 Bayview ft myers beach fl 33931.  Mark above window on front of house.,26.44009,-81.921604,2022-10-16T05:00:00,12.7,2.0,6.0,N/A,27361.0,7.25,3,Coastal,2022-10-10T05:00:00,0.0,2,Team 11 10/10 #19,[],4.0,,1990.0,1990.0,3rd Order Differential Levels were ran from TBM with RTN derived elevation,0.023,,8,7.5,5.449999999999999,3.5693013449040607,8.881389272399693,8.87945025400289
26.672127,-81.898793,2022 Ian,Seed line,Excellent: +/- 0.05 ft,NAVD88,RT-GNSS,John Storm,Not marked,Phone/Car GPS,NAD83,John Storm,John Storm,FLLEE33000,front door of house at 1378 Driftwood Dr.,,,FL,Lee County,,No,26.672127,-81.898793,44140,Gulf of America,33000,325,5,1,Excellent seed line on front door of house at 1378 Driftwood Dr.,26.672127,-81.898793,2022-10-12T05:00:00,7.0,2.0,6.0,N/A,27267.0,1.33,3,Coastal,2022-10-10T05:00:00,0.0,2,HWM26,[],8.0,,1990.0,1990.0,3rd Order Differential Levels were ran from TBM with RTN derived elevation,0.067,,2,1.5,5.67,5.395609953897831,1.5752582913670459,1.5752582913670459
26.666579,-81.895005,2022 Ian,Seed line,Excellent: +/- 0.05 ft,NAVD88,RT-GNSS,John Storm,Marker,Phone/Car GPS,NAD83,John Storm,John Storm,FLLEE33001,garage at 1230 Bettmar Blvd. House has sign with Dockside Hair on front,,,FL,Lee County,,No,26.666579,-81.895005,44141,Gulf of America,33001,325,5,1,Excellent seed line in garage at 1230 Bettmar Blvd. House has sign with Dockside Hair on front,26.666579,-81.895005,2022-10-12T05:00:00,6.9,2.0,6.0,N/A,27269.0,3.52,3,Coastal,2022-10-10T05:00:00,0.0,2,HWM25,[],4.0,,1990.0,1990.0,3rd Order Differential Levels were ran from TBM with RTN derived elevation,0.067,,5,4.5,3.3800000000000003,4.054508184197694,2.956271173709305,2.956271173709305
26.70541,-81.838485,2022 Ian,Seed line,Excellent: +/- 0.05 ft,NAVD88,RT-GNSS,John Storm,Marker,Phone/Car GPS,NAD83,John Storm,John Storm,FLLEE33002,garage of 7293 pelas circle,,,FL,Lee County,,No,26.70541,-81.838485,44142,Gulf of America,33002,325,5,1,Seedline in garage of 7293 pelas circle,26.70541,-81.838485,2022-10-13T05:00:00,8.0,2.0,6.0,N/A,27364.0,2.49,3,Coastal,2022-10-10T05:00:00,0.0,2,HWM21,[],4.0,,1990.0,1990.0,3rd Order Differential Levels were ran from TBM with RTN derived elevation,0.065,,2,1.5,5.51,4.7813743118226055,3.424373670239315,3.4159113660630647
26.67434,-81.88408,2022 Ian,Seed line,Excellent: +/- 0.05 ft,NAVD88,RT-GNSS,John Storm,Not marked,Phone/Car GPS,NAD83,John Storm,John Storm,FLLEE33004,back of unit 22 of trailer Park,,,FL,Lee County,,No,26.67434,-81.88408,44144,Gulf of America,33004,325,5,1,Excellent seed line on back of unit 22 of trailer Park about 1 foot above the ground.,26.67434,-81.88408,2022-10-12T05:00:00,6.8,2.0,6.0,N/A,27271.0,0.6,3,Coastal,2022-10-10T05:00:00,0.0,2,HWM24,[],8.0,,1990.0,1990.0,3rd Order Differential Levels were ran from TBM with RTN derived elevation,0.067,,1,0.5,6.2,6.534827975776252,0.735076364028636,0.735076364028636
26.678268,-81.882639,2022 Ian,Seed line,Excellent: +/- 0.05 ft,NAVD88,RT-GNSS,John Storm,Not marked,Phone/Car GPS,NAD83,John Storm,John Storm,FLLEE33005,side door of the building at intersection of E. Marietta Ave. and North Tamiami Trail.,,,FL,Lee County,,No,26.678268,-81.882639,44145,Gulf of America,33005,325,5,1,Excellent seed line inside side door of the building at intersection of E. Marietta Ave. and North Tamiami Trail.       1652 N Tamiami Trail,26.678268,-81.882639,2022-10-12T05:00:00,7.2,2.0,6.0,N/A,27270.0,0.85,3,Coastal,2022-10-10T05:00:00,0.0,2,HWM23,[],8.0,,1990.0,1990.0,3rd Order Differential Levels were ran from TBM with RTN derived elevation,0.067,,2,1.5,6.3500000000000005,5.815104627859561,1.3589151216404787,1.3589151216404787
26.678713,-81.878556,2022 Ian,Seed line,Excellent: +/- 0.05 ft,NAVD88,RT-GNSS,John Storm,Not marked,Phone/Car GPS,NAD83,John Storm,John Storm,FLLEE33006,side of house at 110 E. Marianna Ave.,,,FL,Lee County,,No,26.678713,-81.878556,44146,Gulf of America,33006,325,5,1,Excellent seed line on side of house at 110 E. Marianna Ave.,26.678713,-81.878556,2022-10-11T05:00:00,7.3,2.0,6.0,N/A,27275.0,1.04,3,Coastal,2022-10-10T05:00:00,0.0,2,HWM22,[],8.0,,1990.0,1990.0,3rd Order Differential Levels were ran from TBM with RTN derived elevation,0.318,,2,1.5,6.26,5.550096667031916,1.747544802017531,1.747544802017531
26.429477,-81.907546,2022 Ian,Seed line,Good: +/- 0.10 ft,NAVD88,RT-GNSS,John Storm,Marker,Phone/Car GPS,NAD83,Ferrell Killion,John Storm,FLLEE33007,21480 bay village blvd ft myers beach f,,,FL,Lee County,,No,26.429477,-81.907546,44260,Gulf of America,33007,325,5,2,21480 bay village blvd ft myers beach fl 33931. Next to door to library on backside of 258.,26.429477,-81.907546,2022-10-16T05:00:00,11.7,2.0,6.0,N/A,27365.0,5.5,3,Coastal,2022-10-19T05:00:00,0.0,2,HWM 1,[],4.0,,868.0,1990.0,3rd Order Differential Levels were ran from TBM with RTN derived elevation,0.023,,5,4.5,6.199999999999999,6.107274159358868,6.212270369075181,6.210585381686817
26.428568,-81.906992,2022 Ian,Seed line,Good: +/- 0.10 ft,NAVD88,RT-GNSS,John Storm,Marker,Phone/Car GPS,NAD83,John Storm,John Storm,FLLEE33008,Maintenance shed next to pool and 21470 bay village,,,FL,Lee County,,No,26.428568,-81.906992,44147,Gulf of America,33008,325,5,2,Maintenance shed next to pool and 21470 bay village ft myers beach fl 33931,26.428568,-81.906992,2022-10-16T05:00:00,12.3,2.0,6.0,N/A,27272.0,5.95,3,Coastal,2022-10-10T05:00:00,0.0,2,Team 11 10/10 #16,[],4.0,,1990.0,1990.0,3rd Order Differential Levels were ran from TBM with RTN derived elevation,0.023,,5,4.5,6.3500000000000005,6.46410651720102,5.33549285425939,5.33549285425939
26.430196,-81.909307,2022 Ian,Seed line,Excellent: +/- 0.05 ft,NAVD88,RT-GNSS,John Storm,Marker,Phone/Car GPS,NAD83,John Storm,John Storm,FLLEE33009,290 Dundee rd ft myers beach fl 3393,,,FL,Lee County,,No,26.430196,-81.909307,44148,Gulf of America,33009,325,5,1,290 Dundee rd ft myers beach fl 3393. Mark on back porch above door next to pool.,26.430196,-81.909307,2022-10-16T05:00:00,12.4,2.0,6.0,N/A,27363.0,12.46,3,Coastal,2022-10-10T05:00:00,0.0,2,Team 11 10/10 #15,[],4.0,,1990.0,1990.0,3rd Order Differential Levels were ran from TBM with RTN derived elevation,0.023,,8,7.5,-0.0600000000000005,3.2348572973191265,8.660040230618812,8.658537925854173
26.42332,-81.89756,2022 Ian,Seed line,Good: +/- 0.10 ft,NAVD88,RT-GNSS,John Storm,Marker,Phone/Car GPS,NAD83,John Storm,John Storm,FLLEE33010,1 bayview blvd ft myers beach,,,FL,Lee County,,No,26.42332,-81.89756,44149,Gulf of America,33010,325,5,2,1 bayview blvd ft myers beach fl 33931 Mark above back door on back porch,26.42332,-81.89756,2022-10-15T05:00:00,11.8,2.0,6.0,N/A,27273.0,7.26,3,Coastal,2022-10-10T05:00:00,0.0,2,Team 11 10/10 #14,[],4.0,,1990.0,1990.0,3rd Order Differential Levels were ran from TBM with RTN derived elevation,0.025,,8,7.5,4.540000000000001,3.7870702781076506,8.059482226736202,8.059482226736202
26.667526,-81.879386,2022 Ian,Seed line,Excellent: +/- 0.05 ft,NAVD88,RT-GNSS,John Storm,Not marked,Phone/Car GPS,NAD83,John Storm,John Storm,FLLEE33012,glass door to Gulf Coast auto repair building.,,,FL,Lee County,,No,26.667526,-81.879386,44151,Gulf of America,33012,325,5,1,Excellent seed line on glass door to Gulf Coast auto repair building,26.667526,-81.879386,2022-10-11T05:00:00,7.5,2.0,6.0,N/A,27274.0,2.55,3,Coastal,2022-10-10T05:00:00,0.0,2,HWM18,[],8.0,,1990.0,1990.0,3rd Order Differential Levels were ran from TBM with RTN derived elevation,0.318,,4,3.5,4.95,4.273068326038951,3.0303686826364418,3.0303686826364418
26.662973,-81.877538,2022 Ian,Seed line,Excellent: +/- 0.05 ft,NAVD88,RT-GNSS,John Storm,Not marked,Phone/Car GPS,NAD83,John Storm,John Storm,FLLEE33013,inside building at brown bag sandwich shop on N Tamiami Trail,,,FL,Lee County,,No,26.662973,-81.877538,44152,Gulf of America,33013,325,5,1,Excellent seed line on curtain inside building at brown bag sandwich shop on N Tamiami Trail,26.662973,-81.877538,2022-10-11T05:00:00,7.6,2.0,6.0,N/A,27276.0,2.02,3,Coastal,2022-10-10T05:00:00,0.0,2,HWM17,[],8.0,,1990.0,1990.0,3rd Order Differential Levels were ran from TBM with RTN derived elevation,0.318,,3,2.5,5.58,4.57252339115293,2.722716673431022,2.722716673431022
26.406491,-81.889167,2022 Ian,Seed line,Fair: +/- 0.20 ft,NAVD88,RT-GNSS,John Storm,Marker,Phone/Car GPS,NAD83,John Storm,John Storm,FLLEE33014,8367 lagoon rd ft Myers beach,,,FL,Lee County,,No,26.406491,-81.889167,44153,Gulf of America,33014,325,5,3,8367 lagoon rd ft Myers beach 33931.  Mark transfered from screened in pool outside.  Located on back left side of house above pool pump system.  DISREGARD MARK BY GARAGE DOOR.,26.406491,-81.889167,2022-10-14T05:00:00,12.1,2.0,6.0,N/A,27362.0,6.11,3,Coastal,2022-10-10T05:00:00,0.0,2,USGS 10/10 F 6.11’,[],4.0,,1990.0,1990.0,3rd Order Differential Levels were ran from TBM with RTN derived elevation,0.032,,0,0.0,5.989999999999999,6.23576440836188,5.919948702555145,5.919948702555145
26.40637,-81.884151,2022 Ian,Seed line,Excellent: +/- 0.05 ft,NAVD88,RT-GNSS,John Storm,Marker,Phone/Car GPS,NAD83,John Storm,John Storm,FLLEE33017,"160 little Carlos ln, ft Myers beach",,,FL,Lee County,,No,26.40637,-81.884151,44156,Gulf of America,33017,325,5,1,"160 little Carlos ln, ft Myers beach fl 33931. Sharpie line transfered out of garage with 4ft level left side of garage door opening",26.40637,-81.884151,2022-10-14T05:00:00,11.6,2.0,6.0,N/A,27278.0,5.58,3,Coastal,2022-10-10T05:00:00,0.0,2,USGS 10/10 E 5.58,[],4.0,,1990.0,1990.0,3rd Order Differential Levels were ran from TBM with RTN derived elevation,0.032,,7,6.5,6.02,5.3242193119419525,6.808347742932947,6.799926521322822
26.346504,-81.852182,2022 Ian,Seed line,Good: +/- 0.10 ft,NAVD88,RT-GNSS,John Storm,Marker,Phone/Car GPS,NAD83,John Storm,John Storm,FLLEE33018,garage of residence at 26858 Hickory Blvd.,,,FL,Lee County,,No,26.346504,-81.852182,44157,Gulf of America,33018,325,5,2,Good seed line in garage of residence at 26858 Hickory Blvd.,26.346504,-81.852182,2022-10-12T05:00:00,11.9,2.0,6.0,N/A,27279.0,5.95,3,Coastal,2022-10-09T05:00:00,0.0,2,HWM16,[],4.0,,1990.0,1990.0,3rd Order Differential Levels were ran from TBM with RTN derived elevation,0.088,,6,5.5,5.95,5.329815656181395,6.091738792331075,6.091738792331075
26.714355,-81.756963,2022 Ian,Seed line,Excellent: +/- 0.05 ft,NAVD88,Other (Note in Description box),John Storm,Marker,Phone/Car GPS,NAD83,John Storm,John Storm,FLLEE33020,front of house #2207,,,FL,Lee County,,No,26.714355,-81.756963,44159,Gulf of America,33020,325,5,1,Seedline on front of house #2207,26.714355,-81.756963,2022-10-14T05:00:00,7.6,2.0,4.0,N/A,27371.0,2.24,3,Coastal,2022-10-11T05:00:00,0.0,2,HWM23,[],4.0,,1990.0,1990.0,Static base (4hrs) and RTN Rover solution,0.177,,4,3.5,5.359999999999999,4.858630379353921,2.9413696206460775,2.9516737597672824
26.713967,-81.749927,2022 Ian,Seed line,Good: +/- 0.10 ft,NAVD88,Other (Note in Description box),John Storm,Marker,Phone/Car GPS,NAD83,John Storm,John Storm,FLLEE33021,ront of house #12419 river rd,,,FL,Lee County,,No,26.713967,-81.749927,44160,Gulf of America,33021,325,5,2,Seedline on front of house #12419 river rd,26.713967,-81.749927,2022-10-14T05:00:00,7.8,2.0,4.0,N/A,27375.0,2.11,3,Coastal,2022-10-11T05:00:00,0.0,2,HWM24,[],4.0,,1990.0,1990.0,Static base (4hrs) and RTN Rover solution,0.177,,3,2.5,5.6899999999999995,5.116751735291769,2.5932299713943205,2.6045514596828934
26.712029,-81.735832,2022 Ian,Seed line,Good: +/- 0.10 ft,NAVD88,Other (Note in Description box),John Storm,Marker,Phone/Car GPS,NAD83,John Storm,John Storm,FLLEE33022,door of 13439 caribean blvd,,,FL,Lee County,,No,26.712029,-81.735832,44161,Gulf of America,33022,325,5,2,Seedline on door of 13439 caribean blvd,26.712029,-81.735832,2022-10-14T05:00:00,7.8,2.0,4.0,N/A,27377.0,2.35,3,Coastal,2022-10-11T05:00:00,0.0,2,HWM25,[],4.0,,1990.0,1990.0,Static base (4hrs) and RTN Rover solution,0.177,,3,2.5,5.449999999999999,5.489549455367361,2.3483650082205507,2.3381564443186624
26.715439,-81.741384,2022 Ian,Seed line,Good: +/- 0.10 ft,NAVD88,Other (Note in Description box),John Storm,Marker,Phone/Car GPS,NAD83,John Storm,John Storm,FLLEE33023,right of doorway to 13301 marquette,,,FL,Lee County,,No,26.715439,-81.741384,44162,Gulf of America,33023,325,5,2,Seedline to right of doorway to 13301 marquette,26.715439,-81.741384,2022-10-14T05:00:00,7.8,2.0,4.0,N/A,27372.0,1.13,3,Coastal,2022-10-11T05:00:00,0.0,2,HWM26,[],4.0,,1990.0,1990.0,Static base (4hrs) and RTN Rover solution,0.177,,2,1.5,6.67,5.809065159850233,2.0015489419088954,2.003281494515802
26.4881,-81.854154,2022 Ian,Debris,Excellent: +/- 0.05 ft,NAVD88,RT-GNSS,John Storm,Stake,Phone/Car GPS,NAD83,John Storm,John Storm,FLLEE33024,bank at end of Hidden Estates Circle,,,FL,Lee County,,No,26.4881,-81.854154,44163,Gulf of America,33024,325,2,1,Debris line on bank at end of Hidden Estates Circle,26.4881,-81.854154,2022-10-14T05:00:00,9.7,2.0,6.0,N/A,27367.0,0.0,3,Coastal,2022-10-11T05:00:00,0.0,2,Team11 (14),[],7.0,,1990.0,1990.0,3rd Order Differential Levels were ran from TBM with RTN derived elevation,0.172,,4,3.5,9.7,7.5115173507550255,2.5727343762196844,2.5727343762196844
26.492548,-81.852295,2022 Ian,Stain line,Good: +/- 0.10 ft,NAVD88,RT-GNSS,John Storm,Marker,Phone/Car GPS,NAD83,John Storm,John Storm,FLLEE33025,next to window in the back of trailer. 6900 S Tamiama Trail.,,,FL,Lee County,,No,26.492548,-81.852295,44164,Gulf of America,33025,325,6,2,Stain line on vinyl siding next to window in the back of trailer. 6900 S Tamiama Trail.,26.492548,-81.852295,2022-10-14T05:00:00,9.7,2.0,6.0,N/A,27292.0,4.89,3,Coastal,2022-10-11T05:00:00,0.0,2,Team11 (14),[],4.0,,1990.0,1990.0,3rd Order Differential Levels were ran from TBM with RTN derived elevation,0.172,,7,6.5,4.81,7.398916198199815,2.652120094369283,2.652120094369283
26.493829,-81.850589,2022 Ian,Seed line,Excellent: +/- 0.05 ft,NAVD88,RT-GNSS,John Storm,Marker,Phone/Car GPS,NAD83,John Storm,John Storm,FLLEE33026,left front of trailer park office,,,FL,Lee County,,No,26.493829,-81.850589,44167,Gulf of America,33026,325,5,1,Grass debris line on left front of trailer park office,26.493829,-81.850589,2022-10-14T05:00:00,9.9,2.0,6.0,N/A,27290.0,3.13,3,Coastal,2022-10-11T05:00:00,0.0,2,Team11 (15),[],4.0,,1990.0,1990.0,3rd Order Differential Levels were ran from TBM with RTN derived elevation,0.172,,6,5.5,6.7700000000000005,5.100929518071372,4.780067953788843,4.780067953788843
26.474706,-81.841812,2022 Ian,Seed line,Good: +/- 0.10 ft,NAVD88,RT-GNSS,John Storm,Marker,Phone/Car GPS,NAD83,John Storm,John Storm,FLLEE33027,back of trailer park next to pavilion. 18050 S Tamiami.,,,FL,Lee County,,No,26.474706,-81.841812,44168,Gulf of America,33027,325,5,2,Transfered mark from debris line on laddies bathroom door at back of trailer park next to pavilion. 18050 S Tamiami.,26.474706,-81.841812,2022-10-14T05:00:00,10.9,2.0,6.0,N/A,27366.0,4.58,3,Coastal,2022-10-11T05:00:00,0.0,2,Team11 (15),[],4.0,,1990.0,1990.0,3rd Order Differential Levels were ran from TBM with RTN derived elevation,0.172,,7,6.5,6.32,4.910247845286772,5.925273887697749,5.925273887697749
26.477632,-81.85341,2022 Ian,Seed line,Excellent: +/- 0.05 ft,NAVD88,RT-GNSS,John Storm,Marker,Phone/Car GPS,NAD83,John Storm,John Storm,FLLEE33028,back of house just below electric meter on conduit. 18296 Pioneer Rd.,,,FL,Lee County,,No,26.477632,-81.85341,44169,Gulf of America,33028,325,5,1,On back of house just below electric meter on conduit. 18296 Pioneer Rd.,26.477632,-81.85341,2022-10-14T05:00:00,10.8,2.0,6.0,N/A,27293.0,8.31,3,Coastal,2022-10-11T05:00:00,0.0,2,Team11 (16),[],4.0,,1990.0,1990.0,3rd Order Differential Levels were ran from TBM with RTN derived elevation,0.172,,10,9.5,2.49,3.1289082812512015,7.340085444212198,7.340085444212198
26.720279,-81.733262,2022 Ian,Seed line,Good: +/- 0.10 ft,NAVD88,Other (Note in Description box),John Storm,Marker,Phone/Car GPS,NAD83,John Storm,John Storm,FLLEE33029,nr front door of 13808,,,FL,Lee County,,No,26.720279,-81.733262,44170,Gulf of America,33029,325,5,2,Seedline nr front door of 13808,26.720279,-81.733262,2022-10-14T05:00:00,7.9,2.0,4.0,N/A,27368.0,3.43,3,Coastal,2022-10-11T05:00:00,0.0,2,HWM27,[],4.0,,1990.0,1990.0,Static base (4hrs) and RTN Rover solution,,,2,1.5,4.470000000000001,5.224982271670044,2.6089476863620176,2.600310812988007
26.464749,-81.846517,2022 Ian,Seed line,Excellent: +/- 0.05 ft,NAVD88,RT-GNSS,John Storm,Marker,Phone/Car GPS,NAD83,John Storm,John Storm,FLLEE33030,second window back on left side of house. 18680 Cypress Haven Dr,,,FL,Lee County,,No,26.464749,-81.846517,44171,Gulf of America,33030,325,5,1,Grass debris line next to second window back on left side of house. 18680 Cypress Haven Dr.,26.464749,-81.846517,2022-10-13T05:00:00,11.2,2.0,6.0,N/A,27295.0,2.5,3,Coastal,2022-10-11T05:00:00,0.0,2,Team11 (17),[],4.0,,1990.0,1990.0,3rd Order Differential Levels were ran from TBM with RTN derived elevation,,,3,2.5,8.7,9.182891820672303,1.7097560414222865,1.7097560414222865
26.463553,-81.834673,2022 Ian,Seed line,Excellent: +/- 0.05 ft,NAVD88,RT-GNSS,John Storm,Marker,Phone/Car GPS,NAD83,John Storm,John Storm,FLLEE33031,just right of door jam of green storage unit in back of facility. 7225 Sanibel Blvd,,,FL,Lee County,,No,26.463553,-81.834673,44172,Gulf of America,33031,325,5,1,Debris line just right of door jam of green storage unit in back of facility. 7225 Sanibel Blvd,26.463553,-81.834673,2022-10-14T05:00:00,11.1,2.0,6.0,N/A,27370.0,1.44,3,Coastal,2022-10-11T05:00:00,0.0,2,Team11 (18),[],4.0,,1990.0,1990.0,3rd Order Differential Levels were ran from TBM with RTN derived elevation,0.172,,6,5.5,9.66,8.68002886534363,2.274122656661909,2.274122656661909
26.718314,-81.724323,2022 Ian,Seed line,Good: +/- 0.10 ft,NAVD88,Other (Note in Description box),John Storm,Marker,Phone/Car GPS,NAD83,John Storm,John Storm,FLLEE33032,front of house #14301,,,FL,Lee County,,No,26.718314,-81.724323,44175,Gulf of America,33032,325,5,2,Seedline on front of house #14301,26.718314,-81.724323,2022-10-15T05:00:00,7.9,2.0,4.0,N/A,27198.0,0.85,3,Coastal,2022-10-11T05:00:00,0.0,2,HWM28,[],4.0,,1990.0,1990.0,STATIC (4hr) base with RTN rover and radio,,,4,3.5,7.050000000000001,6.309321780843058,1.5331319667459766,1.5274898903178284
26.430258,-82.095966,2022 Ian,Seed line,Good: +/- 0.10 ft,NAVD88,RT-GNSS,Missing Approval,Marker,Phone/Car GPS,NAD83,Ferrell Killion,John Storm,FLLEE33033,Seed Line on Structure,,,FL,Lee County,,No,26.430258,-82.095966,44181,Gulf of America,33033,325,5,2,"Seed line transferred from inside to outside of window to corner
of house. If facing house on let side. Not first front corner of house. Marker is on front corner of shed attached to house
around the left side Flagging by road on bush, on limb near corner, and on limb immediately by mark",26.430258,-82.095966,2022-10-19T05:00:00,11.2,2.0,6.0,N/A,27285.0,4.81,3,Coastal,2022-10-12T05:00:00,1.0,2,HWM 1,[],4.0,,868.0,1990.0,3rd Order Differential Levels were ran from TBM with RTN derived elevation,0.066,,6,5.5,6.39,3.3378190412296083,7.973197216544692,7.973197216544692
26.434498,-82.102503,2022 Ian,Seed line,Excellent: +/- 0.05 ft,NAVD88,RT-GNSS,John Storm,Marker,Phone/Car GPS,NAD83,Ferrell Killion,John Storm,FLLEE33034,Seed Line on Structure,,,FL,Lee County,,No,26.434498,-82.102503,44182,Gulf of America,33034,325,5,1,Flagging at palm tree at entrance to drive and by gutter left of mark.  Mark on right side of right garage at 580 Murex Lake Cir Mark is pulled from inside structure to outside.,26.434498,-82.102503,2022-10-19T05:00:00,9.7,2.0,6.0,N/A,27282.0,3.45,3,Coastal,2022-10-12T05:00:00,0.0,2,HWM 1,[],4.0,,868.0,1990.0,3rd Order Differential Levels were ran from TBM with RTN derived elevation,0.066,,2,1.5,6.249999999999999,6.900089462911049,3.235117132676111,3.235117132676111
26.426416,-82.092652,2022 Ian,Seed line,Good: +/- 0.10 ft,NAVD88,RT-GNSS,John Storm,Marker,Phone/Car GPS,NAD83,Ferrell Killion,John Storm,FLLEE33035,Sanibel Island,,,FL,Lee County,,No,26.426416,-82.092652,44251,Gulf of America,33035,325,5,2,"Seed line on top right side of house by garage,Right Corner of house at 223 Palm Lake Dr. Top right corner by garage,  Flagging on tree by road and by box right of mark.",26.426416,-82.092652,2022-10-19T05:00:00,12.5,2.0,6.0,N/A,27383.0,7.5,3,Coastal,2022-10-18T05:00:00,0.0,2,HWM 1,[],4.0,,868.0,1990.0,3rd Order Differential Levels were ran from TBM with RTN derived elevation,0.066,,4,3.5,5.0,4.759506368887393,6.675043531206847,6.675043531206847
26.424614,-82.087648,2022 Ian,Seed line,Good: +/- 0.10 ft,NAVD88,RT-GNSS,John Storm,Marker,Phone/Car GPS,NAD83,Ferrell Killion,John Storm,FLLEE33036,Seed Line on Structure,,,FL,Lee County,,No,26.424614,-82.087648,44186,Gulf of America,33036,325,5,2,"Mark underneath 255 Daniel Dr. Go straight into garage from driveway. Mark on top corner of
right storage room. If standing at back of house looking to road, the mark is on top right corner of keft storage shed, Seed line transferred from inside of storage room to outside. Underneath home. Approx 7.5 feet above floor flaging on mailbox of 255 Daniel Dr, on left side of staircase, on pillar just left of mark",26.424614,-82.087648,2022-10-19T05:00:00,12.4,2.0,6.0,N/A,27305.0,8.3,3,Coastal,2022-10-12T05:00:00,0.0,2,HWM 1,[],4.0,,868.0,1990.0,3rd Order Differential Levels were ran from TBM with RTN derived elevation,0.066,,5,4.5,4.1,4.37024619009864,7.269146986333149,7.269146986333149
26.425462,-82.079975,2022 Ian,Seed line,Excellent: +/- 0.05 ft,NAVD88,RT-GNSS,John Storm,Marker,Phone/Car GPS,NAD83,Ferrell Killion,John Storm,FLLEE33037,Seed Line on Structure,,,FL,Lee County,,No,26.425462,-82.079975,44185,Gulf of America,33037,325,5,1,"Seedline located inside of left bathrroom of Tarpon Bay Beach Public Parking. Mark was transferred to outside of bathroom with sharpie. Above Family/handicap restroom at Trost Parking Lot locted at 205 Tarpon Bay Rd. Above left
most bathroom door if facing building. Closest to tarpon bay RD flagging at entrance, throughout parking lot, at tree by walkway to bathroom, and on post by mark, and on doorMark transferred from inside structure to outside",26.425462,-82.079975,2022-10-14T05:00:00,12.2,2.0,6.0,N/A,27309.0,7.58,3,Coastal,2022-10-12T05:00:00,0.0,2,HWM 1,[],4.0,,868.0,1990.0,3rd Order Differential Levels were ran from TBM with RTN derived elevation,0.144,,6,5.5,4.619999999999999,4.618925059561342,7.0759753158661365,7.0759753158661365
26.348955,-81.848752,2022 Ian,Seed line,Excellent: +/- 0.05 ft,NAVD88,RT-GNSS,John Storm,Marker,Phone/Car GPS,NAD83,John Storm,John Storm,FLLEE33038,"inside garage at house # 26870, rightside garage wall",,,FL,Lee County,,No,26.348955,-81.848752,44187,Gulf of America,33038,325,5,1,"Seedline inside garage at house # 26870, rightside garage wall",26.348955,-81.848752,2022-10-13T05:00:00,11.0,2.0,6.0,N/A,27294.0,5.3,3,Coastal,2022-10-09T05:00:00,0.0,2,HWM13,[],4.0,,1990.0,1990.0,3rd Order Differential Levels were ran from TBM with RTN derived elevation,0.053,,6,5.5,5.7,5.658515716788024,5.953171731817907,5.953171731817907
26.689471,-81.84658,2022 Ian,Seed line,Excellent: +/- 0.05 ft,NAVD88,RT-GNSS,Missing Approval,Marker,Phone/Car GPS,NAD83,John Storm,John Storm,FLLEE33039,on house #1897,,,FL,Lee County,,No,26.689471,-81.84658,44188,Gulf of America,33039,325,5,1,Seedline on house #1897,26.689471,-81.84658,2022-10-14T05:00:00,8.2,2.0,6.0,N/A,27154.0,2.05,3,Coastal,2022-10-10T05:00:00,0.0,2,HWM14,[],4.0,,1990.0,1990.0,3rd Order Differential Levels were ran from TBM with RTN derived elevation,0.065,,4,3.5,6.1499999999999995,3.975043146629033,3.8668418760465926,3.8668418760465926
26.430617,-82.092438,2022 Ian,Seed line,Excellent: +/- 0.05 ft,NAVD88,RT-GNSS,John Storm,Marker,Phone/Car GPS,NAD83,Ferrell Killion,John Storm,FLLEE33040,Seed line on Structure,,,FL,Lee County,,No,26.430617,-82.092438,44189,Gulf of America,33040,325,5,1,"Mark above entrance to screened in porch of last house on the left on Raintree Place Seed line transferred from inside of structure to outside Flagging at etrance to Raintree Place and along the road. Flagging on palm tree right of mark, and on door.",26.430617,-82.092438,2022-10-19T05:00:00,11.1,2.0,6.0,N/A,27308.0,7.68,3,Coastal,2022-10-12T05:00:00,0.0,2,HWM 1,[],4.0,,868.0,1990.0,3rd Order Differential Levels were ran from TBM with RTN derived elevation,0.066,,6,5.5,3.42,3.9464364370961826,7.3585104897178235,7.3585104897178235
26.699433,-81.831928,2022 Ian,Seed line,Excellent: +/- 0.05 ft,NAVD88,RT-GNSS,John Storm,Marker,Phone/Car GPS,NAD83,John Storm,John Storm,FLLEE33041,right side of 1737 cascade way,,,FL,Lee County,,No,26.699433,-81.831928,44190,Gulf of America,33041,325,5,1,Seedline on right side of 1737 cascade way,26.699433,-81.831928,2022-10-13T05:00:00,8.0,2.0,6.0,N/A,27299.0,3.44,3,Coastal,2022-10-10T05:00:00,0.0,2,HWM18,[],4.0,,1990.0,1990.0,3rd Order Differential Levels were ran from TBM with RTN derived elevation,0.065,,4,3.5,4.5600000000000005,4.2315261570487435,3.999245768334741,3.9962868681896646
26.694043,-81.83382,2022 Ian,Seed line,Excellent: +/- 0.05 ft,NAVD88,RT-GNSS,John Storm,Marker,Phone/Car GPS,NAD83,John Storm,John Storm,FLLEE33042,on front of 2109 clubhouse dr.,,,FL,Lee County,,No,26.694043,-81.83382,44192,Gulf of America,33042,325,5,1,Seedline on front of 2109 clubhouse dr.,26.694043,-81.83382,2022-10-13T05:00:00,8.5,2.0,6.0,N/A,27296.0,2.45,3,Coastal,2022-10-10T05:00:00,0.0,2,HWM19,[],4.0,,1990.0,1990.0,3rd Order Differential Levels were ran from TBM with RTN derived elevation,0.065,,3,2.5,6.05,5.301121729878303,2.7979807617832853,2.7979807617832853
26.694176,-81.83155,2022 Ian,Seed line,Excellent: +/- 0.05 ft,NAVD88,RT-GNSS,Missing Approval,Marker,Phone/Car GPS,NAD83,John Storm,John Storm,FLLEE33043,garage of 2044 clubhouse rd,,,FL,Lee County,,No,26.694176,-81.83155,44193,Gulf of America,33043,325,5,1,Seedline inside garage of 2044 clubhouse rd,26.694176,-81.83155,2022-10-13T05:00:00,8.1,2.0,6.0,N/A,27156.0,2.93,3,Coastal,2022-10-10T05:00:00,0.0,2,HWM20,[],4.0,,1990.0,1990.0,3rd Order Differential Levels were ran from TBM with RTN derived elevation,0.065,,3,2.5,5.17,4.782628590666403,3.606506054383309,3.6023397654365885
26.722267,-81.714545,2022 Ian,Seed line,Excellent: +/- 0.05 ft,NAVD88,Other (Note in Description box),John Storm,Marker,Phone/Car GPS,NAD83,John Storm,John Storm,FLLEE33044,front door of 14926,,,FL,Lee County,,No,26.722267,-81.714545,44194,Gulf of America,33044,325,5,1,Seedline at front door of 14926,26.722267,-81.714545,2022-10-15T05:00:00,7.9,2.0,4.0,N/A,27298.0,3.87,3,Coastal,2022-10-12T05:00:00,0.0,2,HWM30,[],4.0,,1990.0,1990.0,STATIC (4hr) base with RTN rover and radio,0.177,,4,3.5,4.03,3.6423502788143205,4.172100153527473,4.170093975725511
26.434608,-82.080599,2022 Ian,Seed line,Good: +/- 0.10 ft,NAVD88,RT-GNSS,John Storm,Marker,Phone/Car GPS,NAD83,Ferrell Killion,John Storm,FLLEE33045,Seed Line on Structure,,,FL,Lee County,,No,26.434608,-82.080599,44195,Gulf of America,33045,325,5,2,"Seed line transferred from inside to outside of door siding. Approx 3"" above deck Mark by side door to Doc Fords Rum Bar and Grill. Enter from Island Inn Rd. Walk up stairs facing Island Inn Rd. Turn right and follow deck around to mark Flagging at entrance to Doc Fords from Island Inn Rd, on stair railing, on gate and on post by mark",26.434608,-82.080599,2022-10-12T05:00:00,9.6,2.0,6.0,N/A,27310.0,2.98,3,Coastal,2022-10-12T05:00:00,1.0,2,HWM 1,[],4.0,,868.0,1990.0,3rd Order Differential Levels were ran from TBM with RTN derived elevation,0.088,,3,2.5,6.619999999999999,5.8563284360830545,4.694890979956857,4.694890979956857
26.719844,-81.717264,2022 Ian,Seed line,Excellent: +/- 0.05 ft,NAVD88,Other (Note in Description box),John Storm,Marker,Phone/Car GPS,NAD83,John Storm,John Storm,FLLEE33046,front door of 2233 riverside,,,FL,Lee County,,No,26.719844,-81.717264,44196,Gulf of America,33046,325,5,1,Seedline front door of 2233 riverside,26.719844,-81.717264,2022-10-15T05:00:00,7.8,2.0,4.0,N/A,27373.0,1.24,3,Coastal,2022-10-12T05:00:00,0.0,2,HWM29,[],4.0,,1990.0,1990.0,STATIC (4hr) base with RTN rover and radio,0.177,,2,1.5,6.56,6.220132660052282,1.6798673399477186,1.6728372107609326
26.423905,-82.07151,2022 Ian,Seed line,Excellent: +/- 0.05 ft,NAVD88,RT-GNSS,John Storm,Marker,Phone/Car GPS,NAD83,Ferrell Killion,John Storm,FLLEE33049,Seed line on Structure,,,FL,Lee County,,No,26.423905,-82.07151,44200,Gulf of America,33049,325,5,1,"Line transferred from inside laundry room to outside above laundry room door of Casa Ybel Resort West Lodge Mark above door to laundry room of West Lodge of Casa Ybel Resort. Building is adjacent to playground Flagging by door, by stairs outside lodge, ad by trees leading from entrance to lodge",26.423905,-82.07151,2022-10-14T05:00:00,12.5,2.0,6.0,N/A,27311.0,7.2,3,Coastal,2022-10-12T05:00:00,1.0,2,HWM,[],4.0,,868.0,1990.0,3rd Order Differential Levels were ran from TBM with RTN derived elevation,0.144,,4,3.5,5.3,5.860428797604218,6.508050394779193,6.508050394779193
26.43253,-82.064921,2022 Ian,Seed line,Good: +/- 0.10 ft,NAVD88,RT-GNSS,John Storm,Marker,Phone/Car GPS,NAD83,Ferrell Killion,John Storm,FLLEE33050,Seed Line on Structure,,,FL,Lee County,,No,26.43253,-82.064921,44205,Gulf of America,33050,325,5,2,"Seed line transferred from inside house to outside. Multiple transfers call for the
downgrae to fairMark on corner of top framing side door of 460 Ponce de Leon Rd lagging on mailbox, on gutter on left side of house, on railing beside mark",26.43253,-82.064921,2022-10-17T05:00:00,11.3,2.0,6.0,N/A,27369.0,7.13,3,Coastal,2022-10-12T05:00:00,0.0,2,HWM 1,[],4.0,,868.0,1990.0,3rd Order Differential Levels were ran from TBM with RTN derived elevation,0.055,,6,5.5,4.170000000000001,3.079589739872089,9.016990917500113,9.016990917500113
26.42669,-82.06845,2022 Ian,Seed line,Good: +/- 0.10 ft,NAVD88,RT-GNSS,John Storm,Marker,Phone/Car GPS,NAD83,Ferrell Killion,Ferrell Killion,FLLEE33052,Seed line on Structure,,,FL,Lee County,,No,26.42669,-82.06845,44206,Gulf of America,33052,325,5,2,"solid seed line, 240 Southwinds Dr in front door alcove top left corner",26.42669,-82.06845,2022-10-14T05:00:00,12.9,2.0,6.0,N/A,27326.0,7.44,3,Coastal,2022-10-13T05:00:00,0.0,2,HWM 1,[],4.0,,868.0,868.0,,0.144,,4,3.5,5.46,4.239370581984833,7.833945237805949,7.833945237805949
26.48208,-82.176957,2022 Ian,Seed line,Good: +/- 0.10 ft,NAVD88,RT-GNSS,John Storm,Marker,Phone/Car GPS,NAD83,Ferrell Killion,Ferrell Killion,FLLEE33054,Seed Line on Structure,,,FL,Lee County,,No,26.48208,-82.176957,44212,Gulf of America,33054,325,5,2,"Mark on back sde of house at 2596 Roosevelt Drive, Seed line transferred from inside screened in porchto outside, Mark transferred from inside screened in porch to out. Flagging on mailbox, on gutter by driveway, and by door right of mark",26.48208,-82.176957,2022-10-17T05:00:00,6.6,2.0,6.0,N/A,27352.0,2.64,3,Coastal,2022-10-13T05:00:00,0.0,2,HWM 1,[],4.0,,868.0,868.0,,0.1,,5,4.5,3.9599999999999995,2.363678116810916,5.139218666615562,5.177478333095101
26.42983,-82.06266,2022 Ian,Seed line,Good: +/- 0.10 ft,NAVD88,RT-GNSS,John Storm,Marker,Phone/Car GPS,NAD83,Ferrell Killion,Ferrell Killion,FLLEE33055,Seed Line on Structure,,,FL,Lee County,,No,26.42983,-82.06266,44207,Gulf of America,33055,325,5,2,"seed line right of front door, 340 Cowry Ct to the right of the front door.  Flagging on mailbox and handrail",26.42983,-82.06266,2022-10-16T05:00:00,12.4,2.0,6.0,N/A,27323.0,8.06,3,Coastal,2022-10-13T05:00:00,0.0,2,HWM 1,[],4.0,,868.0,868.0,,0.069,,5,4.5,4.34,4.263216742067512,7.50340685780924,7.50340685780924
26.4307,-82.0569,2022 Ian,Seed line,Good: +/- 0.10 ft,NAVD88,RT-GNSS,John Storm,Marker,Phone/Car GPS,NAD83,John Storm,Ferrell Killion,FLLEE33056,Sanibel Island,,,FL,Lee County,,No,26.4307,-82.0569,44211,Gulf of America,33056,325,5,2,"Mark is seed line that matches with line inside 1610 Middle Gulf by window of building B1, flagging by door and front of condo",26.4307,-82.0569,2022-10-16T05:00:00,12.5,2.0,6.0,N/A,27322.0,6.41,3,Coastal,2022-10-13T05:00:00,0.0,2,HWM 1,[],4.0,,1990.0,868.0,,0.069,,0,0.0,6.09,5.850057041864069,6.015798421901765,6.015798421901765
26.476765,-82.171808,2022 Ian,Seed line,Fair: +/- 0.20 ft,NAVD88,RT-GNSS,John Storm,Marker,Phone/Car GPS,NAD83,John Storm,Ferrell Killion,FLLEE33057,Sanibel Island,,,FL,Lee County,,No,26.476765,-82.171808,44210,Gulf of America,33057,325,5,3,"Debris line on screened in porch transferred to outside, Mark on right side of house. Flaggin on mailbox, on tree by walkway, and on tree by mark.",26.476765,-82.171808,2022-10-18T05:00:00,7.5,2.0,6.0,N/A,27312.0,4.27,3,Coastal,2022-10-13T05:00:00,0.0,2,HWM 1,[],4.0,,1990.0,868.0,,0.114,,6,5.5,3.2300000000000004,1.9967389779453828,5.405000160642788,5.60310222552295
26.4818,-82.18107,2022 Ian,Seed line,Good: +/- 0.10 ft,NAVD88,RT-GNSS,John Storm,Marker,Phone/Car GPS,NAD83,John Storm,Ferrell Killion,FLLEE33060,Sanibel Island,,,FL,Lee County,,No,26.4818,-82.18107,44223,Gulf of America,33060,325,5,2,HWM located transferred to outside of home on outside of side door frame.6487 Sanibel-Cptiva Rd Sanibel FL light blue house on Gulf side of road.    flagging located on outside railing and on tree visible from road.,26.4818,-82.18107,2022-10-17T05:00:00,7.0,2.0,6.0,N/A,27314.0,4.11,3,Coastal,2022-10-14T05:00:00,0.0,2,HWM 1,[],4.0,,1990.0,868.0,,0.1,,5,4.5,2.8899999999999997,3.5984035864902606,3.5778214763474465,3.6251570506212656
26.47843,-82.17754,2022 Ian,Seed line,Fair: +/- 0.20 ft,NAVD88,RT-GNSS,John Storm,Marker,Phone/Car GPS,NAD83,John Storm,Ferrell Killion,FLLEE33061,Sanibel Island,,,FL,Lee County,,No,26.47843,-82.17754,44224,Gulf of America,33061,325,5,3,"seedline located on outside glass window behind windo screen. Tranfered to frame of door.6447 Pine Ave Sanibel FL Peach house on right (gulf side) of Pine Ave, Flagging located on wood column by mark and on mailbox by the rd",26.47843,-82.17754,2022-10-18T05:00:00,8.0,2.0,6.0,N/A,27345.0,4.47,3,Coastal,2022-10-14T05:00:00,0.0,2,HWM 1,[],4.0,,1990.0,868.0,,0.114,,7,6.5,3.5300000000000002,2.3418578888800514,4.577730846309452,4.650442744571421
26.46598,-82.15337,2022 Ian,Seed line,Good: +/- 0.10 ft,NAVD88,RT-GNSS,John Storm,Marker,Phone/Car GPS,NAD83,John Storm,Ferrell Killion,FLLEE33062,Sanibel Island,,,FL,Lee County,,No,26.46598,-82.15337,44252,Gulf of America,33062,325,5,2,seed line located in outdoor foyer by front door. 4516 Bowen Bayou Rd Sanibel FL.  Flagging in front of house and in front of stairwell by front door,26.46598,-82.15337,2022-10-19T05:00:00,9.4,2.0,6.0,N/A,27319.0,5.39,3,Coastal,2022-10-14T05:00:00,0.0,2,HWM 1,[],4.0,,1990.0,868.0,,0.66,,4,3.5,4.010000000000001,3.5901289443018554,6.659857854083417,6.207968288519548
26.45991,-82.15049,2022 Ian,Seed line,Fair: +/- 0.20 ft,NAVD88,RT-GNSS,John Storm,Marker,Phone/Car GPS,NAD83,John Storm,Ferrell Killion,FLLEE33063,Sanibel Island,,,FL,Lee County,,No,26.45991,-82.15049,44225,Gulf of America,33063,325,5,3,Seedline located in door Jamb of the front house door. Transferred to outside stucco to the left of the porch light.  5126 Joewood Dr Sanibel FL  Flagging on porch light next to mark and flagging on Mailbox.,26.45991,-82.15049,2022-10-16T05:00:00,10.4,2.0,6.0,N/A,27320.0,6.6,3,Coastal,2022-10-14T05:00:00,0.0,2,HWM 1,[],4.0,,1990.0,868.0,,0.075,,5,4.5,3.8000000000000007,3.8352690813109627,5.835503169998865,5.713586680917957
26.45477,-82.14114,2022 Ian,Seed line,Good: +/- 0.10 ft,NAVD88,RT-GNSS,John Storm,Marker,Phone/Car GPS,NAD83,John Storm,Ferrell Killion,FLLEE33064,Sanibel Island,,,FL,Lee County,,No,26.45477,-82.14114,44229,Gulf of America,33064,325,5,2,Seedline on isnide of Garage. Tansfered to outside left of garage on stucco.  1451 Tahiti Drive Sanibel FL Flagging on mailbox post and on tree in front of HWM.,26.45477,-82.14114,2022-10-16T05:00:00,9.4,2.0,6.0,N/A,27315.0,4.42,3,Coastal,2022-10-14T05:00:00,0.0,2,HWM 1,[],4.0,,1990.0,868.0,,0.075,,5,4.5,4.98,3.881806072600557,6.905620138713111,6.893335774574467
26.44944,-82.13912,2022 Ian,Seed line,Good: +/- 0.10 ft,NAVD88,RT-GNSS,John Storm,Marker,Phone/Car GPS,NAD83,John Storm,Ferrell Killion,FLLEE33065,Sanibel Island,,,FL,Lee County,,No,26.44944,-82.13912,44230,Gulf of America,33065,325,5,2,located on left side of house left of door.  4714 Rue Belle Mer Sanibel FL  Flagging on Light and Mailbox,26.44944,-82.13912,2022-10-16T05:00:00,11.6,2.0,6.0,N/A,27318.0,7.19,3,Coastal,2022-10-14T05:00:00,0.0,2,HWM 1,[],4.0,,1990.0,868.0,,0.075,,5,4.5,4.409999999999999,3.779428837493336,5.814312551671984,5.841421974122856
26.44542,-82.13191,2022 Ian,Seed line,Fair: +/- 0.20 ft,NAVD88,RT-GNSS,John Storm,Marker,Phone/Car GPS,NAD83,John Storm,Ferrell Killion,FLLEE33066,Sanibel Island,,,FL,Lee County,,No,26.44542,-82.13191,44233,Gulf of America,33066,325,5,3,"seed line on outside of front of house. Mark is next to staircase, 4427 Gulf Pines Dr Sanibel FL.  flagging next to mark on light fixture next to stairs and on small palm tree on opposite
side of road",26.44542,-82.13191,2022-10-16T05:00:00,9.9,2.0,6.0,N/A,27316.0,6.54,3,Coastal,2022-10-14T05:00:00,0.0,2,HWM 1,[],4.0,,1990.0,868.0,,0.075,,6,5.5,3.3600000000000003,3.250185155805953,6.896777035535765,6.850699268731054
26.4498,-82.12446,2022 Ian,Seed line,Good: +/- 0.10 ft,NAVD88,RT-GNSS,John Storm,Marker,Phone/Car GPS,NAD83,John Storm,Ferrell Killion,FLLEE33067,Sanibel Island,,,FL,Lee County,,No,26.4498,-82.12446,44234,Gulf of America,33067,325,5,2,"Mark located on outside of front door screened area frame on left 9225 Belding Dr Sanibel FL first house on right, flagging on front screen door handle and on stop sign for Belding Rd.",26.4498,-82.12446,2022-10-16T05:00:00,8.2,2.0,6.0,N/A,27317.0,4.39,3,Coastal,2022-10-15T05:00:00,0.0,2,HWM 1,[],4.0,,1990.0,868.0,,0.075,,6,5.5,3.8099999999999996,3.2496381932356226,6.939429815312359,6.89260558122862
26.43743,-82.12544,2022 Ian,Seed line,Fair: +/- 0.20 ft,NAVD88,RT-GNSS,John Storm,Marker,Phone/Car GPS,NAD83,John Storm,Ferrell Killion,FLLEE33068,Sanibel Island,,,FL,Lee County,,No,26.43743,-82.12544,44235,Gulf of America,33068,325,5,3,"Seedline located in breezeway nside corner. Breezeway left of garage under second story screened porch.  4204 Dingman Dr Sanibel FL (Seagte Neighborhood. Street sign is knocked down but Seagate sign
is still visible.  Flagging to left of mark, on piling at start of driveway and on Sea Gate neighborhood
enterance sign",26.43743,-82.12544,2022-10-17T05:00:00,11.1,2.0,6.0,N/A,27333.0,5.13,3,Coastal,2022-10-15T05:00:00,0.0,2,HWM 1,[],4.0,,1990.0,868.0,,0.1,,3,2.5,5.97,6.52085139056829,3.454001887364549,3.454001887364549
26.43367,-82.11804,2022 Ian,Seed line,Good: +/- 0.10 ft,NAVD88,RT-GNSS,John Storm,Marker,Phone/Car GPS,NAD27,John Storm,Ferrell Killion,FLLEE33069,Sanibel Island,,,FL,Lee County,,No,26.43367,-82.11804,44236,Gulf of America,33069,325,5,2,"Seedline located in garage transferred to outside cornerto the right of the right most garage.  3921 W Gulf Dr Sanibel FL, Flaging on railing leading to mark on outside corner",26.43367,-82.11804,2022-10-18T05:00:00,11.1,2.0,6.0,N/A,27329.0,3.01,3,Coastal,2022-10-15T05:00:00,0.0,3,HWM 1,[],4.0,,1990.0,868.0,,0.114,,1,0.5,8.09,8.418416883063129,1.4864430581395016,1.4864430581395016
26.43812,-82.1171,2022 Ian,Seed line,Good: +/- 0.10 ft,NAVD88,RT-GNSS,John Storm,Marker,Phone/Car GPS,NAD83,John Storm,Ferrell Killion,FLLEE33071,Sanibel Island,,,FL,Lee County,,No,26.43812,-82.1171,44238,Gulf of America,33071,325,5,2,"seedline located on inside of door frame of shed. 3473 Coquina Dr Sanibel FL Located on inside door frame of shed on left side of property, flagging on shed door handle and spray paint marker arrow on street pointing to
property",26.43812,-82.1171,2022-10-17T05:00:00,9.5,2.0,6.0,N/A,27343.0,5.52,3,Coastal,2022-10-15T05:00:00,0.0,2,HWM 1,[],4.0,,1990.0,868.0,,0.1,,7,6.5,3.9800000000000004,4.297909070187666,6.087490945949279,6.087490945949279
26.719036,-82.261515,2022 Ian,Stain line,Excellent: +/- 0.05 ft,NAVD88,Level Gun,John Storm,Not marked,Phone/Car GPS,NAD83,John Storm,Ferrell Killion,FLLEE33072,fence at state park at DL7436 benchmark,,,FL,Lee County,,No,26.719036,-82.261515,44239,Gulf of America,33072,325,6,1,Exc stain on fence post of fence at state park at DL7436 benchmark,26.719036,-82.261515,2022-10-15T05:00:00,3.1,2.0,2.0,N/A,27304.0,0.6,3,Coastal,2022-10-15T05:00:00,0.0,2,Team2_022E,[],8.0,,1990.0,868.0,"DL7436
Benchmark case distubed rod still good not able to gps directly sent TBM and surveyed with total station. Elevation to NAVD88 is 3.14 ft",0.01,,6,5.5,2.5,2.761270039350655,0.33872996064934524,0.33872996064934524
26.3461117,-81.770575,2022 Ian,Seed line,Excellent: +/- 0.05 ft,NAVD88,RT-GNSS,John Storm,Marker,Phone/Car GPS,NAD83,John Storm,Ferrell Killion,FLLEE33073,abutment at NE corner of bridge,,,FL,Lee County,,No,26.3461117,-81.770575,44257,Gulf of America,33073,325,5,1,"Exc seed line on abutment at NE corner of bridge, 2.35 ft below NE bridge seat. Bridge seat is 4.58 ft below top of wing wall, wing wall is 2.86 ft below top of Handrail. There is a benchmark 2.72 ft below top of handrail.",26.3461117,-81.770575,2022-10-14T05:00:00,8.9,2.0,6.0,N/A,27321.0,2.28,3,Coastal,2022-10-08T05:00:00,0.0,2,HWM 1,[],4.0,,1990.0,868.0,,0.176,,0,0.0,6.620000000000001,7.179449080169357,1.7162581940330117,1.7183259918228018
