{"type": "FeatureCollection", "features": [{"id": "0", "type": "Feature", "properties": {"id": "2fc75d15-7e74-499e-9360-d8fb3b8463ef", "name": null, "subtype": "residential", "class": "detached", "height": 12.0, "num_floors": 3, "surge_class": 5, "surge_ft": 4.5, "flood_active": false, "exposure_score": 0.135, "exposure_category": "low"}, "geometry": {"type": "Polygon", "coordinates": [[[-79.9353054, 32.7701245], [-79.9353228, 32.7699528], [-79.9352912, 32.7699505], [-79.9352878, 32.7699428], [-79.9352817, 32.7699364], [-79.9352734, 32.769932], [-79.9352639, 32.76993], [-79.9352541, 32.7699308], [-79.9352452, 32.7699342], [-79.935238, 32.7699398], [-79.9352334, 32.7699471], [-79.9351825, 32.7699434], [-79.935178, 32.7699881], [-79.9351598, 32.7699868], [-79.9351475, 32.7701086], [-79.935163, 32.7701097], [-79.9351606, 32.770134], [-79.9352835, 32.7701427], [-79.9352855, 32.7701231], [-79.9353054, 32.7701245]]]}}, {"id": "1", "type": "Feature", "properties": {"id": "0e859362-05bd-4e5f-9d09-68464fc4eb72", "name": null, "subtype": "outbuilding", "class": "outbuilding", "height": 7.0, "num_floors": null, "surge_class": 4, "surge_ft": 3.5, "flood_active": false, "exposure_score": 0.105, "exposure_category": "low"}, "geometry": {"type": "Polygon", "coordinates": [[[-79.9350442, 32.7701821], [-79.9350405, 32.7702253], [-79.9350898, 32.7702282], [-79.9350934, 32.770185], [-79.9350442, 32.7701821]]]}}, {"id": "2", "type": "Feature", "properties": {"id": "4df2099e-4754-4491-9d85-26c7551ed268", "name": null, "subtype": "outbuilding", "class": "outbuilding", "height": 5.0, "num_floors": null, "surge_class": 4, "surge_ft": 3.5, "flood_active": false, "exposure_score": 0.105, "exposure_category": "low"}, "geometry": {"type": "Polygon", "coordinates": [[[-79.9350264, 32.7702568], [-79.9350194, 32.7703584], [-79.9350941, 32.770362], [-79.9351011, 32.7702604], [-79.9350264, 32.7702568]]]}}, {"id": "3", "type": "Feature", "properties": {"id": "7bca0f8c-cba9-4d91-bd92-a70e3827bf17", "name": null, "subtype": "residential", "class": "detached", "height": 10.0, "num_floors": 2, "surge_class": 5, "surge_ft": 4.5, "flood_active": false, "exposure_score": 0.135, "exposure_category": "low"}, "geometry": {"type": "Polygon", "coordinates": [[[-79.9352157, 32.7704254], [-79.9352916, 32.7704303], [-79.935295, 32.7703934], [-79.9353021, 32.7703938], [-79.9353066, 32.770345], [-79.9353016, 32.7703435], [-79.9353041, 32.7703164], [-79.9351991, 32.7703096], [-79.9351987, 32.7703139], [-79.9351758, 32.7703124], [-79.935174, 32.7703327], [-79.9351595, 32.7703318], [-79.9351547, 32.7703839], [-79.9352192, 32.7703881], [-79.9352157, 32.7704254]]]}}, {"id": "4", "type": "Feature", "properties": {"id": "9bc514d3-437a-4e6a-ab20-49602b4e64f0", "name": null, "subtype": "residential", "class": "detached", "height": 12.0, "num_floors": 2, "surge_class": 5, "surge_ft": 4.5, "flood_active": false, "exposure_score": 0.135, "exposure_category": "low"}, "geometry": {"type": "Polygon", "coordinates": [[[-79.9356684, 32.7702111], [-79.9356806, 32.7700724], [-79.9356673, 32.7700716], [-79.93567, 32.7700404], [-79.9356817, 32.7700412], [-79.9356909, 32.7699376], [-79.9355553, 32.7699291], [-79.9355465, 32.7700289], [-79.9355959, 32.770032], [-79.9355854, 32.7701519], [-79.9355658, 32.7701506], [-79.935561, 32.7702044], [-79.9356684, 32.7702111]]]}}, {"id": "5", "type": "Feature", "properties": {"id": "70a365b2-5963-4568-aa69-58d2b7aa43a1", "name": null, "subtype": "residential", "class": "detached", "height": 12.0, "num_floors": 2, "surge_class": 5, "surge_ft": 4.5, "flood_active": false, "exposure_score": 0.135, "exposure_category": "low"}, "geometry": {"type": "Polygon", "coordinates": [[[-79.9358681, 32.7700112], [-79.9358713, 32.7699822], [-79.9358471, 32.7699803], [-79.9358495, 32.7699579], [-79.9357626, 32.7699512], [-79.93576, 32.7699754], [-79.9357327, 32.7699733], [-79.9357188, 32.7701], [-79.935782, 32.7701049], [-79.9357833, 32.7700933], [-79.9358021, 32.7700947], [-79.9358009, 32.770106], [-79.9358548, 32.7701102], [-79.9358589, 32.7700727], [-79.9358922, 32.7700752], [-79.9358989, 32.7700136], [-79.9358681, 32.7700112]]]}}, {"id": "6", "type": "Feature", "properties": {"id": "4ff8dae7-79c4-474c-8849-26085f0686ac", "name": null, "subtype": "outbuilding", "class": "outbuilding", "height": 5.0, "num_floors": null, "surge_class": 6, "surge_ft": 5.5, "flood_active": false, "exposure_score": 0.165, "exposure_category": "low"}, "geometry": {"type": "Polygon", "coordinates": [[[-79.9360472, 32.7704161], [-79.9361355, 32.7704276], [-79.9361472, 32.7703642], [-79.9360589, 32.7703527], [-79.9360472, 32.7704161]]]}}, {"id": "7", "type": "Feature", "properties": {"id": "80e1e2c7-7050-429b-a878-8a1b85531802", "name": null, "subtype": "outbuilding", "class": "outbuilding", "height": 4.0, "num_floors": null, "surge_class": 4, "surge_ft": 3.5, "flood_active": false, "exposure_score": 0.105, "exposure_category": "low"}, "geometry": {"type": "Polygon", "coordinates": [[[-79.9362795, 32.7703751], [-79.9363142, 32.7703795], [-79.9363192, 32.7703517], [-79.9362846, 32.7703472], [-79.9362795, 32.7703751]]]}}, {"id": "8", "type": "Feature", "properties": {"id": "858e1f3e-3519-4e75-98b1-8aabb3fd6d41", "name": "Archibald Baker Jr. House", "subtype": "residential", "class": "detached", "height": 12.0, "num_floors": 2, "surge_class": 6, "surge_ft": 5.5, "flood_active": false, "exposure_score": 0.165, "exposure_category": "low"}, "geometry": {"type": "Polygon", "coordinates": [[[-79.9362593, 32.7701759], [-79.9362819, 32.7700472], [-79.936256, 32.770044], [-79.936261, 32.7700159], [-79.9361668, 32.7700042], [-79.9361617, 32.7700332], [-79.9361306, 32.7700293], [-79.9361168, 32.7701075], [-79.9360915, 32.7701044], [-79.9360804, 32.7701675], [-79.9360927, 32.7701691], [-79.9360801, 32.7702405], [-79.9361574, 32.7702501], [-79.9361699, 32.7701792], [-79.9361995, 32.7701829], [-79.936202, 32.7701688], [-79.9362593, 32.7701759]]]}}, {"id": "9", "type": "Feature", "properties": {"id": "3424378e-5fa0-4c2d-899e-64e796468ca6", "name": null, "subtype": "residential", "class": "detached", "height": 12.0, "num_floors": 2, "surge_class": 6, "surge_ft": 5.5, "flood_active": false, "exposure_score": 0.165, "exposure_category": "low"}, "geometry": {"type": "Polygon", "coordinates": [[[-79.936434, 32.7700883], [-79.936445, 32.7700316], [-79.9363233, 32.7700149], [-79.9363119, 32.7700736], [-79.9363447, 32.7700781], [-79.9363296, 32.7701558], [-79.9362996, 32.7701517], [-79.9362888, 32.7702074], [-79.9363143, 32.7702109], [-79.936305, 32.7702592], [-79.9363266, 32.7702622], [-79.936319, 32.7703018], [-79.9363435, 32.7703051], [-79.9363413, 32.7703164], [-79.9363855, 32.7703224], [-79.9363872, 32.7703137], [-79.9364132, 32.7703172], [-79.9364214, 32.7702742], [-79.9364455, 32.7702774], [-79.9364545, 32.7702303], [-79.9364111, 32.7702244], [-79.9364212, 32.7701709], [-79.9364321, 32.7701724], [-79.9364419, 32.7701207], [-79.9364305, 32.7701192], [-79.9364333, 32.7701043], [-79.9364403, 32.7701038], [-79.9364431, 32.7700895], [-79.936434, 32.7700883]]]}}, {"id": "10", "type": "Feature", "properties": {"id": "8ec949fe-55f0-4529-96e8-f5045f7c885c", "name": null, "subtype": "outbuilding", "class": "outbuilding", "height": 4.0, "num_floors": null, "surge_class": 4, "surge_ft": 3.5, "flood_active": false, "exposure_score": 0.105, "exposure_category": "low"}, "geometry": {"type": "Polygon", "coordinates": [[[-79.9363763, 32.7703891], [-79.9364115, 32.7703935], [-79.9364167, 32.7703645], [-79.9363815, 32.77036], [-79.9363763, 32.7703891]]]}}, {"id": "11", "type": "Feature", "properties": {"id": "44e9588b-fbd3-49e1-8b3c-090dc6199815", "name": null, "subtype": "outbuilding", "class": "outbuilding", "height": 7.0, "num_floors": null, "surge_class": 4, "surge_ft": 3.5, "flood_active": false, "exposure_score": 0.105, "exposure_category": "low"}, "geometry": {"type": "Polygon", "coordinates": [[[-79.936435, 32.7703326], [-79.9364203, 32.7703933], [-79.9365091, 32.7704086], [-79.9365165, 32.7703782], [-79.9364919, 32.770374], [-79.9364993, 32.7703436], [-79.936435, 32.7703326]]]}}, {"id": "12", "type": "Feature", "properties": {"id": "7dad7e75-a4b8-4c3b-af79-7221fb2d2613", "name": null, "subtype": "residential", "class": "detached", "height": 11.0, "num_floors": 2, "surge_class": 5, "surge_ft": 4.5, "flood_active": false, "exposure_score": 0.135, "exposure_category": "low"}, "geometry": {"type": "Polygon", "coordinates": [[[-79.9366384, 32.7702099], [-79.9366616, 32.7702139], [-79.9366829, 32.7701266], [-79.9366551, 32.7701218], [-79.9366602, 32.7701008], [-79.9365599, 32.7700834], [-79.936555, 32.7701035], [-79.936526, 32.7700985], [-79.9364887, 32.7702514], [-79.9365602, 32.7702637], [-79.9365637, 32.7702494], [-79.9366262, 32.7702602], [-79.9366384, 32.7702099]]]}}, {"id": "13", "type": "Feature", "properties": {"id": "4f5d0247-cd49-4b87-9ed6-e8a67ab9158d", "name": "Dr. Robert Barnwell Rhett House", "subtype": "residential", "class": "detached", "height": 13.0, "num_floors": 2, "surge_class": 5, "surge_ft": 4.5, "flood_active": false, "exposure_score": 0.135, "exposure_category": "low"}, "geometry": {"type": "Polygon", "coordinates": [[[-79.9369956, 32.7703698], [-79.9370519, 32.7702422], [-79.9370204, 32.7702323], [-79.9370194, 32.7702244], [-79.9370158, 32.770216], [-79.9370108, 32.770211], [-79.9369999, 32.7702047], [-79.9369896, 32.7702031], [-79.9369792, 32.7702045], [-79.9369699, 32.7702089], [-79.9369632, 32.7702145], [-79.9368919, 32.7701922], [-79.9368649, 32.7702532], [-79.9368969, 32.7702631], [-79.9368675, 32.7703298], [-79.9369956, 32.7703698]]]}}, {"id": "14", "type": "Feature", "properties": {"id": "5a798345-e94a-43c6-ba85-b28e859ffd94", "name": "G. Abbott Middleton House", "subtype": "residential", "class": "detached", "height": 12.0, "num_floors": 2, "surge_class": 5, "surge_ft": 4.5, "flood_active": false, "exposure_score": 0.135, "exposure_category": "low"}, "geometry": {"type": "Polygon", "coordinates": [[[-79.9371695, 32.7704255], [-79.9372271, 32.7702887], [-79.9372092, 32.7702834], [-79.9372178, 32.7702631], [-79.9371345, 32.7702383], [-79.9371255, 32.7702595], [-79.9371026, 32.7702527], [-79.9370453, 32.7703885], [-79.9371695, 32.7704255]]]}}, {"id": "15", "type": "Feature", "properties": {"id": "d85a7fef-fb83-4dbc-a76f-eea42cdc232c", "name": null, "subtype": "residential", "class": "detached", "height": 11.0, "num_floors": 2, "surge_class": 6, "surge_ft": 5.5, "flood_active": false, "exposure_score": 0.165, "exposure_category": "low"}, "geometry": {"type": "Polygon", "coordinates": [[[-79.9390019, 32.7712121], [-79.9390889, 32.7712532], [-79.9391527, 32.7711574], [-79.9390253, 32.7710975], [-79.9389771, 32.7711699], [-79.9390174, 32.7711888], [-79.9390019, 32.7712121]]]}}, {"id": "16", "type": "Feature", "properties": {"id": "2fd6578a-212f-4847-9c65-8e4c44e9dce2", "name": null, "subtype": "residential", "class": "detached", "height": 12.0, "num_floors": 2, "surge_class": 6, "surge_ft": 5.5, "flood_active": false, "exposure_score": 0.165, "exposure_category": "low"}, "geometry": {"type": "Polygon", "coordinates": [[[-79.9388744, 32.7711672], [-79.9389326, 32.771194], [-79.9389718, 32.771134], [-79.9389538, 32.7711257], [-79.9389839, 32.7710797], [-79.938975, 32.7710756], [-79.9389876, 32.7710564], [-79.9388748, 32.7710044], [-79.9388605, 32.7710264], [-79.9388445, 32.771019], [-79.9387771, 32.7711223], [-79.9388216, 32.7711428], [-79.938813, 32.771156], [-79.9388658, 32.7711803], [-79.9388744, 32.7711672]]]}}, {"id": "17", "type": "Feature", "properties": {"id": "f663ee78-3d9a-4e79-b04c-342e8d731af3", "name": "Alfred Huger House", "subtype": "residential", "class": "detached", "height": 12.0, "num_floors": 2, "surge_class": 5, "surge_ft": 4.5, "flood_active": false, "exposure_score": 0.135, "exposure_category": "low"}, "geometry": {"type": "Polygon", "coordinates": [[[-79.9386039, 32.7710897], [-79.93869, 32.7709515], [-79.9386639, 32.77094], [-79.9386795, 32.7709149], [-79.9385878, 32.7708745], [-79.9385723, 32.7708994], [-79.9385455, 32.7708876], [-79.9384813, 32.7709907], [-79.9384921, 32.7709954], [-79.9384729, 32.7710261], [-79.9384812, 32.7710298], [-79.9384642, 32.771057], [-79.9385097, 32.7710771], [-79.9385709, 32.7711041], [-79.938585, 32.7710814], [-79.9386039, 32.7710897]]]}}, {"id": "18", "type": "Feature", "properties": {"id": "19459b04-57f8-4cfe-b924-412361fd3e24", "name": null, "subtype": "residential", "class": "garage", "height": 4.0, "num_floors": null, "surge_class": 6, "surge_ft": 5.5, "flood_active": false, "exposure_score": 0.165, "exposure_category": "low"}, "geometry": {"type": "Polygon", "coordinates": [[[-79.9387622, 32.7713329], [-79.9388417, 32.7713689], [-79.9388778, 32.7713127], [-79.9387984, 32.7712766], [-79.9387622, 32.7713329]]]}}, {"id": "19", "type": "Feature", "properties": {"id": "6883e559-376a-4ec8-a371-0cb0b9090569", "name": null, "subtype": "residential", "class": "garage", "height": 4.0, "num_floors": null, "surge_class": 6, "surge_ft": 5.5, "flood_active": false, "exposure_score": 0.165, "exposure_category": "low"}, "geometry": {"type": "Polygon", "coordinates": [[[-79.9388065, 32.7714239], [-79.9388398, 32.7713705], [-79.9387422, 32.7713275], [-79.9387089, 32.7713809], [-79.9388065, 32.7714239]]]}}, {"id": "20", "type": "Feature", "properties": {"id": "88175bcd-7d13-41bc-9de6-3f6e3fba65f6", "name": null, "subtype": "residential", "class": "detached", "height": 10.0, "num_floors": 2, "surge_class": 6, "surge_ft": 5.5, "flood_active": false, "exposure_score": 0.165, "exposure_category": "low"}, "geometry": {"type": "Polygon", "coordinates": [[[-79.9385622, 32.7715171], [-79.938643, 32.7715529], [-79.9386466, 32.7715472], [-79.9386771, 32.7715608], [-79.9386939, 32.771534], [-79.9386833, 32.7715293], [-79.9387068, 32.7714919], [-79.9386989, 32.7714884], [-79.9387213, 32.7714527], [-79.9387092, 32.7714473], [-79.9387131, 32.7714411], [-79.9386325, 32.7714053], [-79.9385622, 32.7715171]]]}}, {"id": "21", "type": "Feature", "properties": {"id": "7b314ea0-b081-447d-834b-7cf352960fa3", "name": null, "subtype": "outbuilding", "class": "outbuilding", "height": 8.0, "num_floors": null, "surge_class": 6, "surge_ft": 5.5, "flood_active": false, "exposure_score": 0.165, "exposure_category": "low"}, "geometry": {"type": "Polygon", "coordinates": [[[-79.9390487, 32.7713909], [-79.9390084, 32.7714476], [-79.9390972, 32.7714923], [-79.9391376, 32.7714356], [-79.9390487, 32.7713909]]]}}, {"id": "22", "type": "Feature", "properties": {"id": "a08b35ba-daec-48ec-9b6e-3ca87c04f675", "name": null, "subtype": "residential", "class": "garage", "height": 4.0, "num_floors": null, "surge_class": 6, "surge_ft": 5.5, "flood_active": false, "exposure_score": 0.165, "exposure_category": "low"}, "geometry": {"type": "Polygon", "coordinates": [[[-79.9389509, 32.7714837], [-79.9389847, 32.7714987], [-79.9390126, 32.7714544], [-79.9389788, 32.7714394], [-79.9389509, 32.7714837]]]}}, {"id": "23", "type": "Feature", "properties": {"id": "60fcf8ad-0026-4ec2-ac4a-853f50b07224", "name": "Archibald Baker Sr. House", "subtype": "residential", "class": "detached", "height": 12.0, "num_floors": 2, "surge_class": 6, "surge_ft": 5.5, "flood_active": false, "exposure_score": 0.165, "exposure_category": "low"}, "geometry": {"type": "Polygon", "coordinates": [[[-79.9392192, 32.7713227], [-79.9392963, 32.7713562], [-79.9393729, 32.7712318], [-79.9392405, 32.7711742], [-79.939226, 32.7711977], [-79.9392104, 32.7711909], [-79.939195, 32.7712159], [-79.9391741, 32.7712068], [-79.9391479, 32.7712494], [-79.9391666, 32.7712576], [-79.9391453, 32.7712923], [-79.9391509, 32.7712947], [-79.9391414, 32.7713102], [-79.9392088, 32.7713395], [-79.9392192, 32.7713227]]]}}, {"id": "24", "type": "Feature", "properties": {"id": "38b09fcd-7946-4154-88c1-1e8b8ac2b154", "name": null, "subtype": "residential", "class": "detached", "height": 10.0, "num_floors": 2, "surge_class": 5, "surge_ft": 4.5, "flood_active": false, "exposure_score": 0.135, "exposure_category": "low"}, "geometry": {"type": "Polygon", "coordinates": [[[-79.939468, 32.771486], [-79.9395158, 32.7715062], [-79.9395423, 32.7714618], [-79.9395022, 32.7714449], [-79.9395068, 32.7714371], [-79.9394985, 32.7713971], [-79.9394902, 32.7713936], [-79.9395205, 32.7713429], [-79.9395132, 32.7713398], [-79.9395126, 32.7713276], [-79.9394837, 32.7713146], [-79.9394688, 32.7713213], [-79.9394571, 32.7713163], [-79.9393979, 32.7714146], [-79.9393662, 32.7714011], [-79.9393388, 32.7714466], [-79.9393446, 32.7714491], [-79.93932, 32.7714901], [-79.9393447, 32.7715005], [-79.93934, 32.7715085], [-79.9393928, 32.7715309], [-79.9394224, 32.7714815], [-79.9394609, 32.7714979], [-79.939468, 32.771486]]]}}, {"id": "25", "type": "Feature", "properties": {"id": "3eafbbb4-48b7-447b-ac6f-f618d7b7b611", "name": null, "subtype": "residential", "class": "garage", "height": 4.0, "num_floors": null, "surge_class": 6, "surge_ft": 5.5, "flood_active": false, "exposure_score": 0.165, "exposure_category": "low"}, "geometry": {"type": "Polygon", "coordinates": [[[-79.9395271, 32.7716841], [-79.9395878, 32.7717123], [-79.9396253, 32.7716553], [-79.9395646, 32.7716271], [-79.9395271, 32.7716841]]]}}, {"id": "26", "type": "Feature", "properties": {"id": "ae00e43a-21d9-4a74-becb-76e7057bfe7f", "name": null, "subtype": "residential", "class": "garage", "height": 5.0, "num_floors": 1, "surge_class": 6, "surge_ft": 5.5, "flood_active": false, "exposure_score": 0.165, "exposure_category": "low"}, "geometry": {"type": "Polygon", "coordinates": [[[-79.9394031, 32.771699], [-79.9394769, 32.7717324], [-79.9394914, 32.7717097], [-79.9395079, 32.7716841], [-79.9394341, 32.7716507], [-79.9394031, 32.771699]]]}}, {"id": "27", "type": "Feature", "properties": {"id": "c935b436-04aa-4ecf-9a8b-3616682b0079", "name": null, "subtype": "residential", "class": "detached", "height": 10.0, "num_floors": 2, "surge_class": 6, "surge_ft": 5.5, "flood_active": false, "exposure_score": 0.165, "exposure_category": "low"}, "geometry": {"type": "Polygon", "coordinates": [[[-79.9392369, 32.7718114], [-79.9393202, 32.7716815], [-79.9392424, 32.7716463], [-79.9392256, 32.7716726], [-79.9392107, 32.7716659], [-79.9391408, 32.7717749], [-79.9391846, 32.7717947], [-79.9391881, 32.7717893], [-79.9392369, 32.7718114]]]}}, {"id": "28", "type": "Feature", "properties": {"id": "b08f632a-e8a4-47d9-891e-4a20ffd3c055", "name": null, "subtype": "residential", "class": "detached", "height": 13.0, "num_floors": 2, "surge_class": 6, "surge_ft": 5.5, "flood_active": false, "exposure_score": 0.165, "exposure_category": "low"}, "geometry": {"type": "Polygon", "coordinates": [[[-79.9393667, 32.7719752], [-79.9394835, 32.7720283], [-79.9394867, 32.7720234], [-79.939492, 32.7720258], [-79.9395214, 32.7719803], [-79.9395133, 32.7719766], [-79.9395485, 32.7719221], [-79.9395433, 32.7719198], [-79.9395683, 32.7718812], [-79.9394651, 32.771834], [-79.9394372, 32.7718771], [-79.9394325, 32.7718749], [-79.9393993, 32.7719264], [-79.9393758, 32.7719157], [-79.9393484, 32.7719582], [-79.939371, 32.7719685], [-79.9393667, 32.7719752]]]}}, {"id": "29", "type": "Feature", "properties": {"id": "6b7ee502-abbc-455f-a6ba-97ccfb953b78", "name": null, "subtype": "residential", "class": "detached", "height": 5.590425491333008, "num_floors": 2, "surge_class": 6, "surge_ft": 5.5, "flood_active": false, "exposure_score": 0.165, "exposure_category": "low"}, "geometry": {"type": "Polygon", "coordinates": [[[-79.9396126, 32.7724355], [-79.9396747, 32.7723368], [-79.9395759, 32.7722929], [-79.939552, 32.7723307], [-79.9395295, 32.7723207], [-79.9394762, 32.7724056], [-79.9394934, 32.7724132], [-79.939473, 32.7724457], [-79.9395267, 32.7724695], [-79.9395474, 32.7724366], [-79.9395744, 32.7724486], [-79.9395892, 32.772425], [-79.9396126, 32.7724355]]]}}, {"id": "30", "type": "Feature", "properties": {"id": "6e2ed819-76f9-4ec1-99ca-2a0ef3ccef55", "name": null, "subtype": "residential", "class": "detached", "height": 7.4464569091796875, "num_floors": 2, "surge_class": 7, "surge_ft": 6.5, "flood_active": false, "exposure_score": 0.195, "exposure_category": "low"}, "geometry": {"type": "Polygon", "coordinates": [[[-79.9397025, 32.7725565], [-79.939742, 32.7724947], [-79.9397332, 32.7724907], [-79.9398074, 32.7723745], [-79.9397773, 32.7723609], [-79.9397627, 32.7723837], [-79.9397032, 32.7723568], [-79.9396041, 32.772512], [-79.9397025, 32.7725565]]]}}, {"id": "31", "type": "Feature", "properties": {"id": "70531639-46e6-42ab-a20e-60d95bb7939f", "name": null, "subtype": "residential", "class": "garage", "height": null, "num_floors": null, "surge_class": 7, "surge_ft": 6.5, "flood_active": false, "exposure_score": 0.195, "exposure_category": "low"}, "geometry": {"type": "Polygon", "coordinates": [[[-79.9394935, 32.7725322], [-79.9395578, 32.7725611], [-79.9395927, 32.7725063], [-79.9395285, 32.7724773], [-79.9394935, 32.7725322]]]}}, {"id": "32", "type": "Feature", "properties": {"id": "23b37a1c-04e1-4cd5-8da0-65a6c60f0025", "name": null, "subtype": "outbuilding", "class": "outbuilding", "height": null, "num_floors": null, "surge_class": 7, "surge_ft": 6.5, "flood_active": false, "exposure_score": 0.195, "exposure_category": "low"}, "geometry": {"type": "Polygon", "coordinates": [[[-79.9390958, 32.7724107], [-79.9391644, 32.7724412], [-79.9391877, 32.7724043], [-79.9391191, 32.7723738], [-79.9390958, 32.7724107]]]}}, {"id": "33", "type": "Feature", "properties": {"id": "3b12ed3a-6cc0-403f-b0c8-bfa8ba8f5c6e", "name": null, "subtype": "residential", "class": "garage", "height": 5.913764476776123, "num_floors": null, "surge_class": 7, "surge_ft": 6.5, "flood_active": false, "exposure_score": 0.195, "exposure_category": "low"}, "geometry": {"type": "Polygon", "coordinates": [[[-79.9391317, 32.772373], [-79.9392216, 32.7724145], [-79.9392686, 32.7723424], [-79.9391787, 32.7723009], [-79.9391317, 32.772373]]]}}, {"id": "34", "type": "Feature", "properties": {"id": "b3ae5dc9-ce2f-4c92-a271-1d7d92415ea7", "name": null, "subtype": "residential", "class": "detached", "height": 6.028343677520752, "num_floors": 2, "surge_class": 6, "surge_ft": 5.5, "flood_active": false, "exposure_score": 0.165, "exposure_category": "low"}, "geometry": {"type": "Polygon", "coordinates": [[[-79.9393055, 32.7723285], [-79.9393287, 32.7723392], [-79.9393926, 32.7722408], [-79.9393306, 32.7722124], [-79.9393342, 32.7722069], [-79.9393346, 32.7722003], [-79.9393311, 32.7721937], [-79.9393159, 32.7721858], [-79.9392997, 32.7721886], [-79.9392953, 32.7721954], [-79.9392428, 32.7721713], [-79.9391781, 32.7722706], [-79.9391954, 32.7722786], [-79.9391822, 32.7722987], [-79.9392921, 32.7723492], [-79.9393055, 32.7723285]]]}}, {"id": "35", "type": "Feature", "properties": {"id": "949903b2-8ff2-4dbb-a18d-e787cd3ac33f", "name": null, "subtype": "residential", "class": "detached", "height": 8.605183601379395, "num_floors": 2, "surge_class": 6, "surge_ft": 5.5, "flood_active": false, "exposure_score": 0.165, "exposure_category": "low"}, "geometry": {"type": "Polygon", "coordinates": [[[-79.9390192, 32.7721917], [-79.9390298, 32.772196], [-79.9390863, 32.7720979], [-79.9389768, 32.7720533], [-79.938892, 32.7722005], [-79.9389627, 32.7722293], [-79.9389648, 32.7722255], [-79.938993, 32.772237], [-79.9390192, 32.7721917]]]}}, {"id": "36", "type": "Feature", "properties": {"id": "fcfeb285-1edf-4a06-8aec-5503ac3239e5", "name": null, "subtype": "residential", "class": "detached", "height": 7.269124507904053, "num_floors": 2, "surge_class": 7, "surge_ft": 6.5, "flood_active": false, "exposure_score": 0.195, "exposure_category": "low"}, "geometry": {"type": "Polygon", "coordinates": [[[-79.9391141, 32.7726443], [-79.9391859, 32.7725313], [-79.9391253, 32.772504], [-79.9391519, 32.7724621], [-79.9390779, 32.7724288], [-79.9389797, 32.7725832], [-79.9390292, 32.7726054], [-79.9390244, 32.7726129], [-79.9390853, 32.7726403], [-79.9390897, 32.7726334], [-79.9391141, 32.7726443]]]}}, {"id": "37", "type": "Feature", "properties": {"id": "e90f6e7a-215f-4113-9edb-c7fde1eac76e", "name": null, "subtype": "residential", "class": "detached", "height": 6.409090995788574, "num_floors": 2, "surge_class": 5, "surge_ft": 4.5, "flood_active": false, "exposure_score": 0.135, "exposure_category": "low"}, "geometry": {"type": "Polygon", "coordinates": [[[-79.9387595, 32.772482], [-79.9388086, 32.7725046], [-79.9388359, 32.7724626], [-79.9388597, 32.7724736], [-79.9389214, 32.7723786], [-79.9389138, 32.7723751], [-79.9389302, 32.7723498], [-79.9388752, 32.7723245], [-79.9388588, 32.7723498], [-79.9388486, 32.7723451], [-79.9387595, 32.772482]]]}}, {"id": "38", "type": "Feature", "properties": {"id": "5b20323b-f8a2-4562-9d9d-3305cfb06dee", "name": null, "subtype": "residential", "class": "detached", "height": 8.064420700073242, "num_floors": 2, "surge_class": 6, "surge_ft": 5.5, "flood_active": false, "exposure_score": 0.165, "exposure_category": "low"}, "geometry": {"type": "Polygon", "coordinates": [[[-79.9386723, 32.7724458], [-79.9387142, 32.7724657], [-79.9387817, 32.772365], [-79.9386797, 32.7723167], [-79.9386119, 32.7724178], [-79.9386236, 32.7724234], [-79.938614, 32.7724377], [-79.9386624, 32.7724606], [-79.9386723, 32.7724458]]]}}, {"id": "39", "type": "Feature", "properties": {"id": "a11cf42e-4f2d-4e51-8be6-5f8a2d0d6164", "name": null, "subtype": "residential", "class": "detached", "height": 7.53586483001709, "num_floors": 2, "surge_class": 5, "surge_ft": 4.5, "flood_active": false, "exposure_score": 0.135, "exposure_category": "low"}, "geometry": {"type": "Polygon", "coordinates": [[[-79.9384858, 32.7723625], [-79.9385942, 32.7724071], [-79.9386346, 32.7723377], [-79.9386038, 32.7723251], [-79.9386009, 32.7723126], [-79.9385915, 32.7723009], [-79.9385785, 32.7722982], [-79.9385641, 32.7722994], [-79.9385752, 32.7722803], [-79.938595, 32.7722884], [-79.9386307, 32.7722272], [-79.9385873, 32.7722093], [-79.9385347, 32.7722995], [-79.9385249, 32.7722955], [-79.9384858, 32.7723625]]]}}, {"id": "40", "type": "Feature", "properties": {"id": "1b80152c-7a1f-41db-8a5a-686a0195fe68", "name": null, "subtype": "residential", "class": "detached", "height": 8.098264694213867, "num_floors": 2, "surge_class": 6, "surge_ft": 5.5, "flood_active": false, "exposure_score": 0.165, "exposure_category": "low"}, "geometry": {"type": "Polygon", "coordinates": [[[-79.9386983, 32.7720764], [-79.938765, 32.772107], [-79.9388411, 32.7719896], [-79.938726, 32.7719369], [-79.9386754, 32.772015], [-79.9386793, 32.7720168], [-79.9386592, 32.7720478], [-79.9387037, 32.7720682], [-79.9386983, 32.7720764]]]}}, {"id": "41", "type": "Feature", "properties": {"id": "8bc49e3c-219c-40ac-98d2-e68171215b40", "name": null, "subtype": "residential", "class": "detached", "height": 10.0, "num_floors": 2, "surge_class": 6, "surge_ft": 5.5, "flood_active": false, "exposure_score": 0.165, "exposure_category": "low"}, "geometry": {"type": "Polygon", "coordinates": [[[-79.9390169, 32.7717131], [-79.9391117, 32.771756], [-79.9391687, 32.7716669], [-79.9390739, 32.771624], [-79.9390169, 32.7717131]]]}}, {"id": "42", "type": "Feature", "properties": {"id": "1e846a5d-75d8-469e-9822-fbf0e81cf36b", "name": null, "subtype": "residential", "class": "detached", "height": 11.0, "num_floors": 3, "surge_class": 6, "surge_ft": 5.5, "flood_active": false, "exposure_score": 0.165, "exposure_category": "low"}, "geometry": {"type": "Polygon", "coordinates": [[[-79.9388848, 32.7716665], [-79.9389605, 32.771701], [-79.9390644, 32.7715398], [-79.9389887, 32.7715054], [-79.9388848, 32.7716665]]]}}, {"id": "43", "type": "Feature", "properties": {"id": "539fd854-ee34-404b-a212-d5dd187da115", "name": null, "subtype": "residential", "class": "detached", "height": 9.0, "num_floors": 1, "surge_class": 6, "surge_ft": 5.5, "flood_active": false, "exposure_score": 0.165, "exposure_category": "low"}, "geometry": {"type": "Polygon", "coordinates": [[[-79.9388274, 32.771639], [-79.9388247, 32.771643], [-79.9388573, 32.7716581], [-79.9388921, 32.7716053], [-79.9388654, 32.7715929], [-79.9389371, 32.7714839], [-79.9388116, 32.7714254], [-79.9387077, 32.7715833], [-79.9388274, 32.771639]]]}}, {"id": "44", "type": "Feature", "properties": {"id": "753222a2-556f-42a9-a086-2e7fb92c4edc", "name": null, "subtype": "residential", "class": "detached", "height": 6.431067943572998, "num_floors": 2, "surge_class": 5, "surge_ft": 4.5, "flood_active": false, "exposure_score": 0.135, "exposure_category": "low"}, "geometry": {"type": "Polygon", "coordinates": [[[-79.9379888, 32.7716629], [-79.9380173, 32.7716759], [-79.9380445, 32.7716336], [-79.9380164, 32.7716208], [-79.9380255, 32.7716068], [-79.9379487, 32.7715717], [-79.9379402, 32.7715849], [-79.9379349, 32.7715825], [-79.9378597, 32.7716988], [-79.9379085, 32.7717211], [-79.9379254, 32.7716948], [-79.9379585, 32.7717099], [-79.9379888, 32.7716629]]]}}, {"id": "45", "type": "Feature", "properties": {"id": "b5b75bbb-1116-431d-a5a9-72e6c244a921", "name": null, "subtype": "residential", "class": "detached", "height": 7.308096408843994, "num_floors": 2, "surge_class": 4, "surge_ft": 3.5, "flood_active": false, "exposure_score": 0.105, "exposure_category": "low"}, "geometry": {"type": "Polygon", "coordinates": [[[-79.9381509, 32.7718055], [-79.9382347, 32.7716763], [-79.9381071, 32.7716179], [-79.9380909, 32.7716429], [-79.9380788, 32.7716373], [-79.9379823, 32.7717863], [-79.9380421, 32.7718137], [-79.9380711, 32.7717689], [-79.9381509, 32.7718055]]]}}, {"id": "46", "type": "Feature", "properties": {"id": "b29c06d7-1299-4e13-a5bd-4b37db8a4f2f", "name": null, "subtype": "residential", "class": "garage", "height": null, "num_floors": null, "surge_class": 5, "surge_ft": 4.5, "flood_active": false, "exposure_score": 0.135, "exposure_category": "low"}, "geometry": {"type": "Polygon", "coordinates": [[[-79.9381425, 32.771825], [-79.938076, 32.7717957], [-79.9380258, 32.7718761], [-79.9380923, 32.7719054], [-79.9381425, 32.771825]]]}}, {"id": "47", "type": "Feature", "properties": {"id": "ba1b2901-a3e8-4f63-be40-b3f65ca563a7", "name": null, "subtype": "residential", "class": "garage", "height": null, "num_floors": null, "surge_class": 6, "surge_ft": 5.5, "flood_active": false, "exposure_score": 0.165, "exposure_category": "low"}, "geometry": {"type": "Polygon", "coordinates": [[[-79.9382729, 32.7720233], [-79.9383552, 32.7720597], [-79.9383732, 32.7720309], [-79.9383566, 32.7720236], [-79.9382908, 32.7719945], [-79.9382729, 32.7720233]]]}}, {"id": "48", "type": "Feature", "properties": {"id": "75f2048c-97ad-4290-af15-107524f5700a", "name": null, "subtype": "residential", "class": "garage", "height": null, "num_floors": null, "surge_class": 6, "surge_ft": 5.5, "flood_active": false, "exposure_score": 0.165, "exposure_category": "low"}, "geometry": {"type": "Polygon", "coordinates": [[[-79.9382908, 32.7719945], [-79.9383566, 32.7720236], [-79.938389, 32.771971], [-79.9383236, 32.7719425], [-79.9382908, 32.7719945]]]}}, {"id": "49", "type": "Feature", "properties": {"id": "91659506-7488-4d23-9e14-43aed759fdc4", "name": null, "subtype": "residential", "class": "detached", "height": 7.032440185546875, "num_floors": 2, "surge_class": 6, "surge_ft": 5.5, "flood_active": false, "exposure_score": 0.165, "exposure_category": "low"}, "geometry": {"type": "Polygon", "coordinates": [[[-79.9384533, 32.7718327], [-79.9384685, 32.7718086], [-79.9383782, 32.7717686], [-79.9383063, 32.7718835], [-79.9383171, 32.7718883], [-79.9382995, 32.7719165], [-79.9383792, 32.7719518], [-79.9384241, 32.7718801], [-79.9384528, 32.7718928], [-79.9384824, 32.7718456], [-79.9384533, 32.7718327]]]}}, {"id": "50", "type": "Feature", "properties": {"id": "0120316f-2e61-45f0-b3c8-ab78d766a8a3", "name": null, "subtype": "residential", "class": "detached", "height": 8.427016258239746, "num_floors": 2, "surge_class": 5, "surge_ft": 4.5, "flood_active": false, "exposure_score": 0.135, "exposure_category": "low"}, "geometry": {"type": "Polygon", "coordinates": [[[-79.9384005, 32.7722306], [-79.9384268, 32.7722421], [-79.9384834, 32.7721502], [-79.9384105, 32.7721185], [-79.9384443, 32.7720636], [-79.9383788, 32.7720351], [-79.9383454, 32.7720895], [-79.9383675, 32.7720991], [-79.9383377, 32.7721475], [-79.9383287, 32.7721436], [-79.9382787, 32.7722248], [-79.9382899, 32.7722297], [-79.9382695, 32.7722627], [-79.9383572, 32.7723008], [-79.9384005, 32.7722306]]]}}, {"id": "51", "type": "Feature", "properties": {"id": "014d0911-af13-40ce-bd8d-c81ad3387bda", "name": null, "subtype": "residential", "class": "detached", "height": 5.602200031280518, "num_floors": 2, "surge_class": 6, "surge_ft": 5.5, "flood_active": false, "exposure_score": 0.165, "exposure_category": "low"}, "geometry": {"type": "Polygon", "coordinates": [[[-79.9382996, 32.7726598], [-79.9383914, 32.7726799], [-79.9384285, 32.7725603], [-79.9384194, 32.7725583], [-79.9384268, 32.7725344], [-79.9383594, 32.7725196], [-79.9383526, 32.7725414], [-79.9383373, 32.7725381], [-79.9382996, 32.7726598]]]}}, {"id": "52", "type": "Feature", "properties": {"id": "ac030d7d-291c-4e77-8163-76499a6cd3e2", "name": null, "subtype": "residential", "class": "detached", "height": 5.306565284729004, "num_floors": 2, "surge_class": 5, "surge_ft": 4.5, "flood_active": false, "exposure_score": 0.135, "exposure_category": "low"}, "geometry": {"type": "Polygon", "coordinates": [[[-79.9382362, 32.77264], [-79.9382713, 32.7726475], [-79.9382812, 32.7726146], [-79.9382865, 32.7726158], [-79.9383124, 32.77253], [-79.9382625, 32.7725194], [-79.9382671, 32.7725042], [-79.938237, 32.7724977], [-79.9382321, 32.7725138], [-79.9382159, 32.7725103], [-79.9381853, 32.7726117], [-79.9382412, 32.7726236], [-79.9382362, 32.77264]]]}}, {"id": "53", "type": "Feature", "properties": {"id": "1df3e45b-db32-4ff7-854d-5c0840b8e260", "name": null, "subtype": "residential", "class": "detached", "height": 6.725225448608398, "num_floors": 2, "surge_class": 6, "surge_ft": 5.5, "flood_active": false, "exposure_score": 0.165, "exposure_category": "low"}, "geometry": {"type": "Polygon", "coordinates": [[[-79.9381012, 32.7725473], [-79.9381633, 32.7725601], [-79.9381995, 32.7724362], [-79.938069, 32.7724093], [-79.9380548, 32.7724581], [-79.938079, 32.7724631], [-79.9380667, 32.772505], [-79.9381109, 32.7725141], [-79.9381012, 32.7725473]]]}}, {"id": "54", "type": "Feature", "properties": {"id": "e9fc2416-f486-41d3-ac60-df88c1afcd68", "name": null, "subtype": "outbuilding", "class": "outbuilding", "height": null, "num_floors": null, "surge_class": 6, "surge_ft": 5.5, "flood_active": false, "exposure_score": 0.165, "exposure_category": "low"}, "geometry": {"type": "Polygon", "coordinates": [[[-79.9381749, 32.7726436], [-79.9381913, 32.7726473], [-79.9381997, 32.7726212], [-79.9381833, 32.7726175], [-79.9381749, 32.7726436]]]}}, {"id": "55", "type": "Feature", "properties": {"id": "5fca9710-b2fc-4770-9ef1-f2edc80ca754", "name": null, "subtype": "residential", "class": "garage", "height": null, "num_floors": null, "surge_class": 6, "surge_ft": 5.5, "flood_active": false, "exposure_score": 0.165, "exposure_category": "low"}, "geometry": {"type": "Polygon", "coordinates": [[[-79.9380441, 32.7725806], [-79.9380964, 32.7725758], [-79.9380915, 32.7725374], [-79.9380392, 32.7725421], [-79.9380441, 32.7725806]]]}}, {"id": "56", "type": "Feature", "properties": {"id": "ef02fcb5-ae32-4864-b15f-efcc19fee5aa", "name": null, "subtype": "residential", "class": "detached", "height": 6.457974433898926, "num_floors": 2, "surge_class": 6, "surge_ft": 5.5, "flood_active": false, "exposure_score": 0.165, "exposure_category": "low"}, "geometry": {"type": "Polygon", "coordinates": [[[-79.9380907, 32.7722172], [-79.9381974, 32.7722639], [-79.9382381, 32.7721982], [-79.938213, 32.7721873], [-79.9382576, 32.7721152], [-79.938176, 32.7720795], [-79.9380907, 32.7722172]]]}}, {"id": "57", "type": "Feature", "properties": {"id": "989ed0a5-0577-4102-bc6f-fe96d89e2343", "name": null, "subtype": "residential", "class": "detached", "height": 5.576271057128906, "num_floors": 2, "surge_class": 6, "surge_ft": 5.5, "flood_active": false, "exposure_score": 0.165, "exposure_category": "low"}, "geometry": {"type": "Polygon", "coordinates": [[[-79.9377139, 32.7723174], [-79.9377546, 32.772252], [-79.9377357, 32.7722437], [-79.9377506, 32.7722197], [-79.9376722, 32.7721853], [-79.9376592, 32.7722063], [-79.9376398, 32.7721978], [-79.9375975, 32.7722659], [-79.9376624, 32.7722944], [-79.9376579, 32.7723017], [-79.9376947, 32.7723178], [-79.937699, 32.7723109], [-79.9377139, 32.7723174]]]}}, {"id": "58", "type": "Feature", "properties": {"id": "0e2c7801-92fb-49a0-9ac9-4afdab25049a", "name": null, "subtype": "residential", "class": "detached", "height": 6.4858551025390625, "num_floors": 2, "surge_class": 6, "surge_ft": 5.5, "flood_active": false, "exposure_score": 0.165, "exposure_category": "low"}, "geometry": {"type": "Polygon", "coordinates": [[[-79.9377406, 32.7726136], [-79.9378453, 32.772603], [-79.9378309, 32.7725018], [-79.9378262, 32.7725022], [-79.9378222, 32.7724742], [-79.9377203, 32.7724844], [-79.9377213, 32.772491], [-79.9376867, 32.7724944], [-79.9376991, 32.7725815], [-79.9377138, 32.7725801], [-79.9377178, 32.772608], [-79.9377395, 32.7726058], [-79.9377406, 32.7726136]]]}}, {"id": "59", "type": "Feature", "properties": {"id": "49e6bdf8-c1e6-4276-a123-2f71bc11e11c", "name": null, "subtype": "residential", "class": "detached", "height": 7.243025302886963, "num_floors": 2, "surge_class": 6, "surge_ft": 5.5, "flood_active": false, "exposure_score": 0.165, "exposure_category": "low"}, "geometry": {"type": "Polygon", "coordinates": [[[-79.9376541, 32.7724282], [-79.9377857, 32.7724161], [-79.9377829, 32.7723945], [-79.9377942, 32.7723934], [-79.9377861, 32.7723311], [-79.9376573, 32.7723429], [-79.9376615, 32.7723748], [-79.937645, 32.7723764], [-79.9376435, 32.7723648], [-79.9375427, 32.772374], [-79.9375503, 32.7724321], [-79.9376534, 32.7724226], [-79.9376541, 32.7724282]]]}}, {"id": "60", "type": "Feature", "properties": {"id": "d07885a6-45c8-4394-8f0f-fd10ff166f5a", "name": null, "subtype": "outbuilding", "class": "outbuilding", "height": null, "num_floors": null, "surge_class": 6, "surge_ft": 5.5, "flood_active": false, "exposure_score": 0.165, "exposure_category": "low"}, "geometry": {"type": "Polygon", "coordinates": [[[-79.9373703, 32.7724163], [-79.9373764, 32.77246], [-79.9374276, 32.7724549], [-79.9374216, 32.7724113], [-79.9373703, 32.7724163]]]}}, {"id": "61", "type": "Feature", "properties": {"id": "8d6adb1a-a241-47e5-8c4c-f9e8bb5bca50", "name": null, "subtype": "residential", "class": "detached", "height": 5.645605564117432, "num_floors": 2, "surge_class": 6, "surge_ft": 5.5, "flood_active": false, "exposure_score": 0.165, "exposure_category": "low"}, "geometry": {"type": "Polygon", "coordinates": [[[-79.9375637, 32.7722075], [-79.9375938, 32.7721588], [-79.9375138, 32.7721238], [-79.9374147, 32.772284], [-79.9374973, 32.7723201], [-79.9375479, 32.7722382], [-79.937556, 32.7722418], [-79.9375744, 32.7722121], [-79.9375637, 32.7722075]]]}}, {"id": "62", "type": "Feature", "properties": {"id": "7bd1a90b-e7db-45c3-84a0-2d70e4509646", "name": null, "subtype": "residential", "class": "detached", "height": 6.403835773468018, "num_floors": 2, "surge_class": 6, "surge_ft": 5.5, "flood_active": false, "exposure_score": 0.165, "exposure_category": "low"}, "geometry": {"type": "Polygon", "coordinates": [[[-79.9373517, 32.7718394], [-79.9374326, 32.7718759], [-79.9374821, 32.7717986], [-79.9374885, 32.7718015], [-79.9375088, 32.7717697], [-79.9374576, 32.7717466], [-79.9374471, 32.7717629], [-79.9374111, 32.7717466], [-79.9373517, 32.7718394]]]}}, {"id": "63", "type": "Feature", "properties": {"id": "1580a750-f121-4cf2-ad05-c2c1cfa810e8", "name": null, "subtype": "residential", "class": "detached", "height": 5.635770320892334, "num_floors": 2, "surge_class": 5, "surge_ft": 4.5, "flood_active": false, "exposure_score": 0.135, "exposure_category": "low"}, "geometry": {"type": "Polygon", "coordinates": [[[-79.9375515, 32.7719553], [-79.9376517, 32.7717937], [-79.9375617, 32.7717543], [-79.937554, 32.7717668], [-79.9375484, 32.7717643], [-79.937456, 32.7719134], [-79.9375515, 32.7719553]]]}}, {"id": "64", "type": "Feature", "properties": {"id": "833d85b7-3b5b-46f3-a0cc-8e3258b5bb72", "name": null, "subtype": "residential", "class": "detached", "height": 6.030556678771973, "num_floors": 2, "surge_class": 6, "surge_ft": 5.5, "flood_active": false, "exposure_score": 0.165, "exposure_category": "low"}, "geometry": {"type": "Polygon", "coordinates": [[[-79.9377876, 32.7720423], [-79.9377935, 32.7720449], [-79.9378671, 32.77193], [-79.9378175, 32.7719076], [-79.9378138, 32.7719134], [-79.9377755, 32.7718961], [-79.9377056, 32.7720053], [-79.9377135, 32.7720089], [-79.9377025, 32.772026], [-79.9377766, 32.7720595], [-79.9377876, 32.7720423]]]}}, {"id": "65", "type": "Feature", "properties": {"id": "373a164d-4b97-44fc-a1c8-c27c01ab6644", "name": null, "subtype": "residential", "class": "detached", "height": 5.631053924560547, "num_floors": 3, "surge_class": 5, "surge_ft": 4.5, "flood_active": false, "exposure_score": 0.135, "exposure_category": "low"}, "geometry": {"type": "Polygon", "coordinates": [[[-79.9379287, 32.7721014], [-79.9379941, 32.7719994], [-79.937908, 32.7719604], [-79.9378214, 32.7720952], [-79.9378921, 32.7721273], [-79.9379132, 32.7720944], [-79.9379287, 32.7721014]]]}}, {"id": "66", "type": "Feature", "properties": {"id": "b8ce58a0-6ea6-40e9-9461-2ca0c129e23e", "name": null, "subtype": "residential", "class": "detached", "height": 6.17001485824585, "num_floors": 2, "surge_class": 6, "surge_ft": 5.5, "flood_active": false, "exposure_score": 0.165, "exposure_category": "low"}, "geometry": {"type": "Polygon", "coordinates": [[[-79.9376848, 32.7719853], [-79.9376965, 32.7719666], [-79.9377093, 32.7719723], [-79.9377961, 32.7718338], [-79.9377058, 32.7717938], [-79.9376891, 32.7718204], [-79.9376743, 32.7718139], [-79.9376051, 32.7719242], [-79.9376152, 32.7719287], [-79.9376026, 32.7719488], [-79.9376848, 32.7719853]]]}}, {"id": "67", "type": "Feature", "properties": {"id": "bc1e10f8-cbc5-4331-ac2d-e85448cc6736", "name": null, "subtype": "residential", "class": "detached", "height": 5.577701091766357, "num_floors": 2, "surge_class": 5, "surge_ft": 4.5, "flood_active": false, "exposure_score": 0.135, "exposure_category": "low"}, "geometry": {"type": "Polygon", "coordinates": [[[-79.9377816, 32.7716314], [-79.9378456, 32.7716606], [-79.9378811, 32.7716057], [-79.937885, 32.7716075], [-79.9379175, 32.7715572], [-79.937916, 32.7715466], [-79.9379107, 32.7715361], [-79.9379036, 32.7715293], [-79.9378094, 32.7714864], [-79.9377961, 32.7715071], [-79.9377869, 32.7715029], [-79.9376974, 32.7716417], [-79.9377097, 32.7716473], [-79.9376972, 32.7716666], [-79.9377449, 32.7716883], [-79.9377816, 32.7716314]]]}}, {"id": "68", "type": "Feature", "properties": {"id": "82a0bc13-6fbf-4389-8f74-4737e65a39ad", "name": null, "subtype": "outbuilding", "class": "outbuilding", "height": null, "num_floors": null, "surge_class": 5, "surge_ft": 4.5, "flood_active": false, "exposure_score": 0.135, "exposure_category": "low"}, "geometry": {"type": "Polygon", "coordinates": [[[-79.9375985, 32.7716651], [-79.9376582, 32.7716921], [-79.9376939, 32.7716365], [-79.9376341, 32.7716094], [-79.9375985, 32.7716651]]]}}, {"id": "69", "type": "Feature", "properties": {"id": "7a3fa8c9-a2f8-4238-93e1-88bd5fd545ec", "name": null, "subtype": "outbuilding", "class": "outbuilding", "height": null, "num_floors": null, "surge_class": 5, "surge_ft": 4.5, "flood_active": false, "exposure_score": 0.135, "exposure_category": "low"}, "geometry": {"type": "Polygon", "coordinates": [[[-79.9375903, 32.7717069], [-79.937608, 32.7716802], [-79.9375631, 32.7716591], [-79.9375283, 32.7717115], [-79.9375733, 32.7717326], [-79.9375903, 32.7717069]]]}}, {"id": "70", "type": "Feature", "properties": {"id": "b7bda0ba-e51a-4540-ae07-dbc215ebed5a", "name": null, "subtype": "outbuilding", "class": "outbuilding", "height": null, "num_floors": null, "surge_class": 5, "surge_ft": 4.5, "flood_active": false, "exposure_score": 0.135, "exposure_category": "low"}, "geometry": {"type": "Polygon", "coordinates": [[[-79.9375903, 32.7717069], [-79.9376311, 32.7717257], [-79.9376486, 32.771699], [-79.937608, 32.7716802], [-79.9375903, 32.7717069]]]}}, {"id": "71", "type": "Feature", "properties": {"id": "b4c27f5a-9b41-4977-be26-1dd653082758", "name": null, "subtype": "residential", "class": "detached", "height": 6.579187870025635, "num_floors": 2, "surge_class": 5, "surge_ft": 4.5, "flood_active": false, "exposure_score": 0.135, "exposure_category": "low"}, "geometry": {"type": "Polygon", "coordinates": [[[-79.9374165, 32.7714837], [-79.9374912, 32.7713678], [-79.9374781, 32.7713618], [-79.9374898, 32.7713436], [-79.9373824, 32.7712947], [-79.9373688, 32.7713158], [-79.9373552, 32.7713096], [-79.9372824, 32.7714226], [-79.9374165, 32.7714837]]]}}, {"id": "72", "type": "Feature", "properties": {"id": "4e512170-374b-4ddb-b33d-be83ce80f8b4", "name": null, "subtype": "residential", "class": "detached", "height": 7.13138484954834, "num_floors": 2, "surge_class": 4, "surge_ft": 3.5, "flood_active": false, "exposure_score": 0.105, "exposure_category": "low"}, "geometry": {"type": "Polygon", "coordinates": [[[-79.9375102, 32.771589], [-79.9375714, 32.7714894], [-79.9375633, 32.7714859], [-79.9376032, 32.771421], [-79.9375615, 32.7714029], [-79.9375753, 32.7713804], [-79.9375364, 32.7713635], [-79.9375245, 32.7713828], [-79.9375098, 32.7713765], [-79.9374175, 32.7715267], [-79.9374779, 32.771553], [-79.9374672, 32.7715703], [-79.9375102, 32.771589]]]}}, {"id": "73", "type": "Feature", "properties": {"id": "e9f926a0-7c94-4f5a-99d6-5da558ca8214", "name": null, "subtype": "residential", "class": "detached", "height": 11.0, "num_floors": 2, "surge_class": 5, "surge_ft": 4.5, "flood_active": false, "exposure_score": 0.135, "exposure_category": "low"}, "geometry": {"type": "Polygon", "coordinates": [[[-79.9377792, 32.770963], [-79.9378136, 32.7709101], [-79.9377477, 32.7708797], [-79.9377129, 32.7709331], [-79.937735, 32.7709433], [-79.9376777, 32.7710311], [-79.9376034, 32.7709968], [-79.9375538, 32.7710728], [-79.9376718, 32.7711272], [-79.9377202, 32.7710531], [-79.9377162, 32.7710513], [-79.937775, 32.7709611], [-79.9377792, 32.770963]]]}}, {"id": "74", "type": "Feature", "properties": {"id": "bc8c7c05-0411-4b0b-82db-e4305271f659", "name": null, "subtype": "residential", "class": "detached", "height": 13.0, "num_floors": 2, "surge_class": 5, "surge_ft": 4.5, "flood_active": false, "exposure_score": 0.135, "exposure_category": "low"}, "geometry": {"type": "Polygon", "coordinates": [[[-79.937726, 32.771124], [-79.9378558, 32.7711806], [-79.9378736, 32.7711519], [-79.9379045, 32.7711653], [-79.9379436, 32.7711019], [-79.9379362, 32.7710987], [-79.93797, 32.7710437], [-79.9378883, 32.7710081], [-79.9378651, 32.7710459], [-79.9377934, 32.7710147], [-79.937726, 32.771124]]]}}, {"id": "75", "type": "Feature", "properties": {"id": "7c84798b-1ddc-4f31-a291-98980f0eb360", "name": null, "subtype": "residential", "class": "detached", "height": 6.376493453979492, "num_floors": 2, "surge_class": 5, "surge_ft": 4.5, "flood_active": false, "exposure_score": 0.135, "exposure_category": "low"}, "geometry": {"type": "Polygon", "coordinates": [[[-79.9375873, 32.7715528], [-79.9376851, 32.7715971], [-79.937755, 32.771488], [-79.9377459, 32.7714839], [-79.9377594, 32.7714628], [-79.9376671, 32.7714209], [-79.937654, 32.7714414], [-79.9376423, 32.7714361], [-79.9375847, 32.7715258], [-79.9376001, 32.7715328], [-79.9375873, 32.7715528]]]}}, {"id": "76", "type": "Feature", "properties": {"id": "06e1d9b1-53d4-4d80-abd9-fcbb6f5510b2", "name": null, "subtype": "residential", "class": "detached", "height": 10.0, "num_floors": 2, "surge_class": 6, "surge_ft": 5.5, "flood_active": false, "exposure_score": 0.165, "exposure_category": "low"}, "geometry": {"type": "Polygon", "coordinates": [[[-79.9383515, 32.7713937], [-79.938388, 32.7714095], [-79.9384177, 32.7713611], [-79.9383816, 32.7713455], [-79.9383876, 32.7713357], [-79.9383532, 32.7713207], [-79.9383651, 32.7713013], [-79.9383621, 32.7712999], [-79.9383965, 32.771244], [-79.9384241, 32.771256], [-79.9384607, 32.7711965], [-79.9383608, 32.7711531], [-79.9382906, 32.7712673], [-79.9382845, 32.7712646], [-79.9382729, 32.7712834], [-79.9382671, 32.7712809], [-79.938223, 32.7713528], [-79.9383444, 32.7714054], [-79.9383515, 32.7713937]]]}}, {"id": "77", "type": "Feature", "properties": {"id": "01f08424-af8f-4d4c-a04a-b5e28ef34b3c", "name": null, "subtype": "residential", "class": "garage", "height": 7.0, "num_floors": 1, "surge_class": 6, "surge_ft": 5.5, "flood_active": false, "exposure_score": 0.165, "exposure_category": "low"}, "geometry": {"type": "Polygon", "coordinates": [[[-79.9383848, 32.7711592], [-79.9384872, 32.7712036], [-79.9385057, 32.7711734], [-79.9385235, 32.7711444], [-79.9384211, 32.7711], [-79.9383848, 32.7711592]]]}}, {"id": "78", "type": "Feature", "properties": {"id": "75fad87b-836c-4e8e-a679-d0f5da42563e", "name": null, "subtype": "residential", "class": "detached", "height": 10.0, "num_floors": 2, "surge_class": 6, "surge_ft": 5.5, "flood_active": false, "exposure_score": 0.165, "exposure_category": "low"}, "geometry": {"type": "Polygon", "coordinates": [[[-79.9380633, 32.7712789], [-79.9381909, 32.771338], [-79.9382594, 32.7712333], [-79.938252, 32.7712299], [-79.9382719, 32.7711995], [-79.9382123, 32.7711719], [-79.9382454, 32.7711213], [-79.93817, 32.7710864], [-79.9381283, 32.7711501], [-79.9381594, 32.7711645], [-79.9381513, 32.7711769], [-79.9381389, 32.7711712], [-79.9381101, 32.7712152], [-79.9381062, 32.7712134], [-79.9380633, 32.7712789]]]}}, {"id": "79", "type": "Feature", "properties": {"id": "44b36e2c-cb3f-4334-9f80-3da9f1f090ff", "name": null, "subtype": "residential", "class": "detached", "height": 13.0, "num_floors": 2, "surge_class": 6, "surge_ft": 5.5, "flood_active": false, "exposure_score": 0.165, "exposure_category": "low"}, "geometry": {"type": "Polygon", "coordinates": [[[-79.9380951, 32.7711564], [-79.9381198, 32.7711164], [-79.9380012, 32.7710645], [-79.9379962, 32.7710726], [-79.937988, 32.7710689], [-79.9379456, 32.7711375], [-79.937954, 32.7711412], [-79.9379065, 32.771218], [-79.937999, 32.7712584], [-79.938069, 32.7711451], [-79.9380951, 32.7711564]]]}}, {"id": "80", "type": "Feature", "properties": {"id": "c48e42fc-9d35-4337-9d5d-673599d0d116", "name": null, "subtype": "residential", "class": "detached", "height": 13.0, "num_floors": 2, "surge_class": 4, "surge_ft": 3.5, "flood_active": false, "exposure_score": 0.105, "exposure_category": "low"}, "geometry": {"type": "Polygon", "coordinates": [[[-79.9380598, 32.770814], [-79.9381433, 32.7706786], [-79.9381199, 32.7706684], [-79.9380823, 32.770652], [-79.9380718, 32.770669], [-79.9380189, 32.7706459], [-79.9379481, 32.7707609], [-79.9379592, 32.7707657], [-79.9379458, 32.7707874], [-79.9379897, 32.7708065], [-79.9379793, 32.7708232], [-79.9380344, 32.7708472], [-79.9380559, 32.7708123], [-79.9380598, 32.770814]]]}}, {"id": "81", "type": "Feature", "properties": {"id": "d35118e4-b68c-4e93-bd42-0bac301e9600", "name": null, "subtype": "residential", "class": "detached", "height": 12.0, "num_floors": 2, "surge_class": 6, "surge_ft": 5.5, "flood_active": false, "exposure_score": 0.165, "exposure_category": "low"}, "geometry": {"type": "Polygon", "coordinates": [[[-79.938109, 32.770808], [-79.9380111, 32.7709562], [-79.9380433, 32.7709713], [-79.9380706, 32.77093], [-79.9381205, 32.7709534], [-79.9381239, 32.7709482], [-79.9381544, 32.7709625], [-79.9381955, 32.7709002], [-79.9382143, 32.770909], [-79.9382451, 32.7708625], [-79.9382395, 32.7708599], [-79.9383143, 32.7707471], [-79.9381996, 32.7706933], [-79.9381854, 32.7707147], [-79.9381749, 32.7707098], [-79.9381377, 32.7707659], [-79.9381198, 32.7707688], [-79.9381038, 32.7707947], [-79.938109, 32.770808]]]}}, {"id": "82", "type": "Feature", "properties": {"id": "29cbd618-a51b-49e1-9715-c7748b20727a", "name": null, "subtype": "residential", "class": "detached", "height": 14.0, "num_floors": 2, "surge_class": 5, "surge_ft": 4.5, "flood_active": false, "exposure_score": 0.135, "exposure_category": "low"}, "geometry": {"type": "Polygon", "coordinates": [[[-79.9373368, 32.7709698], [-79.9373767, 32.7709879], [-79.9374674, 32.7708468], [-79.9373424, 32.77079], [-79.9373499, 32.7707783], [-79.937325, 32.770767], [-79.9373071, 32.7707949], [-79.9373184, 32.7708], [-79.9373129, 32.7708085], [-79.937304, 32.7708045], [-79.937289, 32.7708278], [-79.9372745, 32.7708212], [-79.9372397, 32.7708752], [-79.9372533, 32.7708814], [-79.9372279, 32.7709208], [-79.9372868, 32.7709476], [-79.9372862, 32.7709557], [-79.9372887, 32.7709636], [-79.9372941, 32.7709702], [-79.9373017, 32.770975], [-79.9373108, 32.7709775], [-79.9373203, 32.7709774], [-79.9373293, 32.7709747], [-79.9373368, 32.7709698]]]}}, {"id": "83", "type": "Feature", "properties": {"id": "8fa0152e-9de7-47ee-857b-7fe8b488f63f", "name": null, "subtype": "outbuilding", "class": "outbuilding", "height": 5.0, "num_floors": null, "surge_class": 5, "surge_ft": 4.5, "flood_active": false, "exposure_score": 0.135, "exposure_category": "low"}, "geometry": {"type": "Polygon", "coordinates": [[[-79.9374554, 32.7706623], [-79.937437, 32.7706917], [-79.9375038, 32.7707213], [-79.9375223, 32.7706919], [-79.9374554, 32.7706623]]]}}, {"id": "84", "type": "Feature", "properties": {"id": "06b12b04-4eac-4d5d-bb99-56a4822fd31d", "name": "C. Bissell Jenkins House", "subtype": "residential", "class": "detached", "height": 15.0, "num_floors": 2, "surge_class": 4, "surge_ft": 3.5, "flood_active": false, "exposure_score": 0.105, "exposure_category": "low"}, "geometry": {"type": "Polygon", "coordinates": [[[-79.9375754, 32.7705881], [-79.9376499, 32.7704697], [-79.9376031, 32.7704489], [-79.9376175, 32.770426], [-79.9374964, 32.7703721], [-79.9374757, 32.770405], [-79.9374495, 32.7703933], [-79.9373736, 32.7705139], [-79.9373781, 32.7705159], [-79.9373389, 32.7705778], [-79.9373508, 32.7705831], [-79.9373385, 32.7706025], [-79.9374044, 32.770632], [-79.9374232, 32.7706023], [-79.9374366, 32.7706083], [-79.9374573, 32.7706023], [-79.9374837, 32.7705602], [-79.9375346, 32.7705828], [-79.937541, 32.7705727], [-79.9375754, 32.7705881]]]}}, {"id": "85", "type": "Feature", "properties": {"id": "fad6019e-eaed-49e4-bfbb-5101bca242b0", "name": null, "subtype": "residential", "class": "detached", "height": 8.0, "num_floors": 2, "surge_class": 5, "surge_ft": 4.5, "flood_active": false, "exposure_score": 0.135, "exposure_category": "low"}, "geometry": {"type": "Polygon", "coordinates": [[[-79.93712, 32.7706065], [-79.9371895, 32.7706346], [-79.9372333, 32.7705578], [-79.9372188, 32.7705519], [-79.9372247, 32.7705416], [-79.9372287, 32.7705432], [-79.9372579, 32.7704922], [-79.9372031, 32.7704701], [-79.9371759, 32.7705179], [-79.9371812, 32.77052], [-79.937173, 32.7705344], [-79.9371634, 32.7705306], [-79.93712, 32.7706065]]]}}, {"id": "86", "type": "Feature", "properties": {"id": "75e52290-dfa5-4d3e-b28d-1b1a665b6646", "name": null, "subtype": "outbuilding", "class": "outbuilding", "height": 4.0, "num_floors": null, "surge_class": 5, "surge_ft": 4.5, "flood_active": false, "exposure_score": 0.135, "exposure_category": "low"}, "geometry": {"type": "Polygon", "coordinates": [[[-79.9369449, 32.7705479], [-79.9369935, 32.7705599], [-79.9370358, 32.7704386], [-79.9369872, 32.7704266], [-79.9369449, 32.7705479]]]}}, {"id": "87", "type": "Feature", "properties": {"id": "26e01ac8-c904-4fcf-ad93-a90f9f5d6e48", "name": null, "subtype": "outbuilding", "class": "outbuilding", "height": 5.0, "num_floors": null, "surge_class": 5, "surge_ft": 4.5, "flood_active": false, "exposure_score": 0.135, "exposure_category": "low"}, "geometry": {"type": "Polygon", "coordinates": [[[-79.9368909, 32.7704597], [-79.9368789, 32.7705011], [-79.936951, 32.7705159], [-79.9369629, 32.7704744], [-79.9368909, 32.7704597]]]}}, {"id": "88", "type": "Feature", "properties": {"id": "7f58b1dd-eca1-4710-987e-3b277a89e601", "name": null, "subtype": "outbuilding", "class": "outbuilding", "height": 3.0, "num_floors": null, "surge_class": 5, "surge_ft": 4.5, "flood_active": false, "exposure_score": 0.135, "exposure_category": "low"}, "geometry": {"type": "Polygon", "coordinates": [[[-79.9368982, 32.7705194], [-79.9368871, 32.7705533], [-79.936934, 32.7705642], [-79.9369451, 32.7705302], [-79.9368982, 32.7705194]]]}}, {"id": "89", "type": "Feature", "properties": {"id": "ea49c2e0-dd64-4020-bbe6-aa382aefad93", "name": null, "subtype": "residential", "class": "detached", "height": 9.0, "num_floors": 1, "surge_class": 5, "surge_ft": 4.5, "flood_active": false, "exposure_score": 0.135, "exposure_category": "low"}, "geometry": {"type": "Polygon", "coordinates": [[[-79.9368139, 32.7707808], [-79.9368474, 32.7707876], [-79.9368707, 32.7707073], [-79.9368848, 32.7707102], [-79.936899, 32.7706613], [-79.9368862, 32.7706587], [-79.9368973, 32.7706202], [-79.9368823, 32.7706171], [-79.9368919, 32.7705838], [-79.9368174, 32.7705686], [-79.9368088, 32.7705983], [-79.9367861, 32.7705936], [-79.9367565, 32.7706961], [-79.9367225, 32.7706891], [-79.936699, 32.7707704], [-79.9367511, 32.7707811], [-79.9367543, 32.77077], [-79.9367747, 32.7707742], [-79.9367707, 32.7707883], [-79.9368095, 32.7707962], [-79.9368139, 32.7707808]]]}}, {"id": "90", "type": "Feature", "properties": {"id": "c391d125-9875-4795-a519-743d917d087b", "name": null, "subtype": "residential", "class": "detached", "height": 11.0, "num_floors": 2, "surge_class": 4, "surge_ft": 3.5, "flood_active": false, "exposure_score": 0.105, "exposure_category": "low"}, "geometry": {"type": "Polygon", "coordinates": [[[-79.9369466, 32.7708177], [-79.9370955, 32.7708658], [-79.9371444, 32.7707589], [-79.9369604, 32.7706994], [-79.9369419, 32.77074], [-79.936977, 32.7707514], [-79.9369466, 32.7708177]]]}}, {"id": "91", "type": "Feature", "properties": {"id": "272b3d12-c6bb-4097-82da-78849cc1da4a", "name": null, "subtype": "outbuilding", "class": "outbuilding", "height": 4.0, "num_floors": null, "surge_class": 6, "surge_ft": 5.5, "flood_active": false, "exposure_score": 0.165, "exposure_category": "low"}, "geometry": {"type": "Polygon", "coordinates": [[[-79.9372653, 32.7707267], [-79.9373626, 32.7707686], [-79.9373951, 32.7707152], [-79.9372978, 32.7706733], [-79.9372653, 32.7707267]]]}}, {"id": "92", "type": "Feature", "properties": {"id": "51b54477-2beb-46e3-b237-e6c8317306df", "name": null, "subtype": "residential", "class": "garage", "height": null, "num_floors": null, "surge_class": 5, "surge_ft": 4.5, "flood_active": false, "exposure_score": 0.135, "exposure_category": "low"}, "geometry": {"type": "Polygon", "coordinates": [[[-79.9371102, 32.7713949], [-79.9371204, 32.7713776], [-79.9370437, 32.7713457], [-79.9370138, 32.7713965], [-79.9370905, 32.7714284], [-79.9371102, 32.7713949]]]}}, {"id": "93", "type": "Feature", "properties": {"id": "9513654d-fda4-4b0f-96be-157e0b312697", "name": null, "subtype": "residential", "class": "detached", "height": 6.21487283706665, "num_floors": 2, "surge_class": 6, "surge_ft": 5.5, "flood_active": false, "exposure_score": 0.165, "exposure_category": "low"}, "geometry": {"type": "Polygon", "coordinates": [[[-79.937237, 32.7712805], [-79.9372546, 32.7712407], [-79.9372212, 32.7712303], [-79.937225, 32.7712218], [-79.9370766, 32.7711754], [-79.9370408, 32.7712563], [-79.9370513, 32.7712596], [-79.9370346, 32.7712973], [-79.9370936, 32.7713158], [-79.9371099, 32.771279], [-79.9371893, 32.7713039], [-79.9372043, 32.7712702], [-79.937237, 32.7712805]]]}}, {"id": "94", "type": "Feature", "properties": {"id": "ec5fe82a-63db-4768-ad55-cd16727d143b", "name": null, "subtype": "residential", "class": "garage", "height": null, "num_floors": null, "surge_class": 5, "surge_ft": 4.5, "flood_active": false, "exposure_score": 0.135, "exposure_category": "low"}, "geometry": {"type": "Polygon", "coordinates": [[[-79.9369659, 32.771437], [-79.937032, 32.7714651], [-79.9370516, 32.7714325], [-79.9369856, 32.7714043], [-79.9369659, 32.771437]]]}}, {"id": "95", "type": "Feature", "properties": {"id": "72402b0f-7193-4704-94a9-a025e87892fb", "name": null, "subtype": "outbuilding", "class": "outbuilding", "height": null, "num_floors": null, "surge_class": 5, "surge_ft": 4.5, "flood_active": false, "exposure_score": 0.135, "exposure_category": "low"}, "geometry": {"type": "Polygon", "coordinates": [[[-79.9368371, 32.771397], [-79.9368682, 32.7714047], [-79.9368842, 32.771359], [-79.9368531, 32.7713513], [-79.9368371, 32.771397]]]}}, {"id": "96", "type": "Feature", "properties": {"id": "a42ae59c-7a20-4530-ae2c-f5a90f9377af", "name": null, "subtype": "outbuilding", "class": "outbuilding", "height": null, "num_floors": null, "surge_class": 5, "surge_ft": 4.5, "flood_active": false, "exposure_score": 0.135, "exposure_category": "low"}, "geometry": {"type": "Polygon", "coordinates": [[[-79.9367277, 32.771298], [-79.9367638, 32.771309], [-79.9367829, 32.7712644], [-79.9367468, 32.7712534], [-79.9367277, 32.771298]]]}}, {"id": "97", "type": "Feature", "properties": {"id": "9f34ae4a-1d20-4ad6-a358-7d8c3538f749", "name": null, "subtype": "residential", "class": "detached", "height": 6.518155574798584, "num_floors": 2, "surge_class": 5, "surge_ft": 4.5, "flood_active": false, "exposure_score": 0.135, "exposure_category": "low"}, "geometry": {"type": "Polygon", "coordinates": [[[-79.9368119, 32.7712828], [-79.9369422, 32.7713245], [-79.9369622, 32.7712805], [-79.9369729, 32.7712839], [-79.9369992, 32.7712256], [-79.9369911, 32.771223], [-79.9370228, 32.7711528], [-79.93689, 32.7711103], [-79.9368119, 32.7712828]]]}}, {"id": "98", "type": "Feature", "properties": {"id": "89c00fd8-8527-4afa-8f3d-1d075189a0a5", "name": null, "subtype": "residential", "class": "detached", "height": 5.116499900817871, "num_floors": 2, "surge_class": 4, "surge_ft": 3.5, "flood_active": false, "exposure_score": 0.105, "exposure_category": "low"}, "geometry": {"type": "Polygon", "coordinates": [[[-79.9365462, 32.7711346], [-79.9365876, 32.771143], [-79.9366198, 32.7710319], [-79.9365052, 32.7710085], [-79.9364996, 32.771028], [-79.9364687, 32.7710217], [-79.9364551, 32.7710689], [-79.9364852, 32.771075], [-79.9364707, 32.7711249], [-79.9365446, 32.77114], [-79.9365462, 32.7711346]]]}}, {"id": "99", "type": "Feature", "properties": {"id": "280095d9-ab71-4526-a626-e353aafb4e36", "name": null, "subtype": "residential", "class": "garage", "height": null, "num_floors": null, "surge_class": 4, "surge_ft": 3.5, "flood_active": false, "exposure_score": 0.105, "exposure_category": "low"}, "geometry": {"type": "Polygon", "coordinates": [[[-79.9364285, 32.7711485], [-79.9364169, 32.7712226], [-79.9364896, 32.7712307], [-79.9365013, 32.7711566], [-79.9364285, 32.7711485]]]}}, {"id": "100", "type": "Feature", "properties": {"id": "a14783b7-05b0-4f25-bc7a-68469f65c5b1", "name": null, "subtype": "residential", "class": "garage", "height": null, "num_floors": null, "surge_class": 5, "surge_ft": 4.5, "flood_active": false, "exposure_score": 0.135, "exposure_category": "low"}, "geometry": {"type": "Polygon", "coordinates": [[[-79.9365655, 32.7712584], [-79.9366366, 32.7712719], [-79.9366521, 32.7712146], [-79.9365809, 32.771201], [-79.9365655, 32.7712584]]]}}, {"id": "101", "type": "Feature", "properties": {"id": "4eed307c-8a6b-40e6-84a9-a85a501bdd32", "name": null, "subtype": "residential", "class": "detached", "height": 5.749110221862793, "num_floors": 2, "surge_class": 5, "surge_ft": 4.5, "flood_active": false, "exposure_score": 0.135, "exposure_category": "low"}, "geometry": {"type": "Polygon", "coordinates": [[[-79.9366579, 32.7711989], [-79.9367115, 32.7712085], [-79.9367489, 32.7710611], [-79.9366491, 32.7710432], [-79.9366198, 32.7711585], [-79.9366661, 32.7711667], [-79.9366579, 32.7711989]]]}}, {"id": "102", "type": "Feature", "properties": {"id": "99881102-7dc5-4a2e-b2fe-e62b86c3d13f", "name": null, "subtype": "residential", "class": "detached", "height": 6.181540012359619, "num_floors": 2, "surge_class": 5, "surge_ft": 4.5, "flood_active": false, "exposure_score": 0.135, "exposure_category": "low"}, "geometry": {"type": "Polygon", "coordinates": [[[-79.9367344, 32.771581], [-79.9367752, 32.7714664], [-79.9367375, 32.7714569], [-79.9367487, 32.7714255], [-79.9366898, 32.7714107], [-79.9366379, 32.7715567], [-79.9367344, 32.771581]]]}}, {"id": "103", "type": "Feature", "properties": {"id": "61cff897-18a1-4bdf-8f1c-eee03d629f8a", "name": null, "subtype": "residential", "class": "detached", "height": 5.6810760498046875, "num_floors": 2, "surge_class": 5, "surge_ft": 4.5, "flood_active": false, "exposure_score": 0.135, "exposure_category": "low"}, "geometry": {"type": "Polygon", "coordinates": [[[-79.9364942, 32.7715148], [-79.9366029, 32.7715346], [-79.9366319, 32.7714221], [-79.9366009, 32.7714165], [-79.9366036, 32.7714061], [-79.9366281, 32.7714106], [-79.9366404, 32.771363], [-79.9365945, 32.7713546], [-79.936597, 32.7713449], [-79.9365453, 32.7713355], [-79.9365321, 32.7713869], [-79.9365216, 32.771385], [-79.9364931, 32.7714958], [-79.9364989, 32.7714968], [-79.9364942, 32.7715148]]]}}, {"id": "104", "type": "Feature", "properties": {"id": "cda04586-497e-4bc4-8d79-0bfb042317f0", "name": null, "subtype": "residential", "class": "garage", "height": null, "num_floors": null, "surge_class": 5, "surge_ft": 4.5, "flood_active": false, "exposure_score": 0.135, "exposure_category": "low"}, "geometry": {"type": "Polygon", "coordinates": [[[-79.9365172, 32.7712543], [-79.9365003, 32.7713194], [-79.9365464, 32.7713278], [-79.9365632, 32.7712627], [-79.9365172, 32.7712543]]]}}, {"id": "105", "type": "Feature", "properties": {"id": "64a93062-fbe4-40f4-8267-d14d458bf28d", "name": null, "subtype": "outbuilding", "class": "outbuilding", "height": null, "num_floors": null, "surge_class": 5, "surge_ft": 4.5, "flood_active": false, "exposure_score": 0.135, "exposure_category": "low"}, "geometry": {"type": "Polygon", "coordinates": [[[-79.9366043, 32.7713225], [-79.9366138, 32.7712847], [-79.936563, 32.7712758], [-79.9365536, 32.7713136], [-79.9366043, 32.7713225]]]}}, {"id": "106", "type": "Feature", "properties": {"id": "e9e0f6fa-ef1e-4e47-a1bf-c2a5730a166f", "name": null, "subtype": "outbuilding", "class": "outbuilding", "height": null, "num_floors": null, "surge_class": 5, "surge_ft": 4.5, "flood_active": false, "exposure_score": 0.135, "exposure_category": "low"}, "geometry": {"type": "Polygon", "coordinates": [[[-79.936348, 32.7712136], [-79.9363274, 32.7712887], [-79.9363594, 32.7712949], [-79.936365, 32.7712745], [-79.9364071, 32.7712827], [-79.9364221, 32.7712279], [-79.936348, 32.7712136]]]}}, {"id": "107", "type": "Feature", "properties": {"id": "bc832698-1ebd-4090-92c0-9aa4808201e5", "name": null, "subtype": "residential", "class": "detached", "height": 5.52116060256958, "num_floors": 2, "surge_class": 5, "surge_ft": 4.5, "flood_active": false, "exposure_score": 0.135, "exposure_category": "low"}, "geometry": {"type": "Polygon", "coordinates": [[[-79.9363641, 32.7714613], [-79.9364648, 32.771479], [-79.9364864, 32.7713922], [-79.9364661, 32.7713886], [-79.9364775, 32.7713429], [-79.9363971, 32.7713287], [-79.9363641, 32.7714613]]]}}, {"id": "108", "type": "Feature", "properties": {"id": "c11ce714-e027-47f5-974d-8f4799ad5435", "name": null, "subtype": "outbuilding", "class": "outbuilding", "height": null, "num_floors": null, "surge_class": 4, "surge_ft": 3.5, "flood_active": false, "exposure_score": 0.105, "exposure_category": "low"}, "geometry": {"type": "Polygon", "coordinates": [[[-79.9362297, 32.7711448], [-79.9362647, 32.77115], [-79.9362737, 32.7711069], [-79.9362387, 32.7711017], [-79.9362297, 32.7711448]]]}}, {"id": "109", "type": "Feature", "properties": {"id": "8446e2e4-b699-47a8-bf4c-03400055c84d", "name": null, "subtype": "outbuilding", "class": "outbuilding", "height": null, "num_floors": null, "surge_class": 4, "surge_ft": 3.5, "flood_active": false, "exposure_score": 0.105, "exposure_category": "low"}, "geometry": {"type": "Polygon", "coordinates": [[[-79.9362779, 32.7711846], [-79.9363321, 32.7711915], [-79.9363382, 32.7711576], [-79.936284, 32.7711507], [-79.9362779, 32.7711846]]]}}, {"id": "110", "type": "Feature", "properties": {"id": "78033a2f-1377-4d70-a309-7f5957a8e49c", "name": null, "subtype": "residential", "class": "detached", "height": 6.5225605964660645, "num_floors": 2, "surge_class": 4, "surge_ft": 3.5, "flood_active": false, "exposure_score": 0.105, "exposure_category": "low"}, "geometry": {"type": "Polygon", "coordinates": [[[-79.9363903, 32.7710297], [-79.9364254, 32.771037], [-79.9364463, 32.7709662], [-79.9364093, 32.7709585], [-79.9364191, 32.7709252], [-79.9363326, 32.7709071], [-79.9363022, 32.7710102], [-79.9363065, 32.7710111], [-79.9362938, 32.7710543], [-79.936344, 32.7710648], [-79.9363492, 32.7710472], [-79.936383, 32.7710543], [-79.9363903, 32.7710297]]]}}, {"id": "111", "type": "Feature", "properties": {"id": "643f9f6d-15c2-4c5a-bf7a-312ff1ced3a8", "name": null, "subtype": "residential", "class": "detached", "height": 11.0, "num_floors": 2, "surge_class": 5, "surge_ft": 4.5, "flood_active": false, "exposure_score": 0.135, "exposure_category": "low"}, "geometry": {"type": "Polygon", "coordinates": [[[-79.936378, 32.7706582], [-79.9365145, 32.7706918], [-79.9365594, 32.7705631], [-79.9365152, 32.7705522], [-79.9365182, 32.7705436], [-79.9364942, 32.7705377], [-79.9364912, 32.7705462], [-79.9364229, 32.7705294], [-79.936378, 32.7706582]]]}}, {"id": "112", "type": "Feature", "properties": {"id": "02f51257-c8cb-4897-b3ef-401b58cb0221", "name": null, "subtype": "residential", "class": "detached", "height": 9.0, "num_floors": 2, "surge_class": 5, "surge_ft": 4.5, "flood_active": false, "exposure_score": 0.135, "exposure_category": "low"}, "geometry": {"type": "Polygon", "coordinates": [[[-79.9366266, 32.7707324], [-79.9366595, 32.7707393], [-79.9367038, 32.77059], [-79.9366328, 32.7705751], [-79.9366276, 32.7705928], [-79.9365888, 32.7705846], [-79.936552, 32.7707082], [-79.936629, 32.7707244], [-79.9366266, 32.7707324]]]}}, {"id": "113", "type": "Feature", "properties": {"id": "5aa213ef-4363-43c6-a21c-4db9ac185bc1", "name": null, "subtype": "outbuilding", "class": "outbuilding", "height": 4.0, "num_floors": null, "surge_class": 5, "surge_ft": 4.5, "flood_active": false, "exposure_score": 0.135, "exposure_category": "low"}, "geometry": {"type": "Polygon", "coordinates": [[[-79.9365773, 32.7705702], [-79.9366139, 32.7705761], [-79.936632, 32.7704973], [-79.9365953, 32.7704914], [-79.9365773, 32.7705702]]]}}, {"id": "114", "type": "Feature", "properties": {"id": "7f5aca9a-443c-4fa3-893b-00d750a9f592", "name": null, "subtype": "outbuilding", "class": "outbuilding", "height": 4.0, "num_floors": null, "surge_class": 5, "surge_ft": 4.5, "flood_active": false, "exposure_score": 0.135, "exposure_category": "low"}, "geometry": {"type": "Polygon", "coordinates": [[[-79.9364696, 32.7704116], [-79.9364248, 32.770404], [-79.9364119, 32.770458], [-79.9364567, 32.7704655], [-79.9364696, 32.7704116]]]}}, {"id": "115", "type": "Feature", "properties": {"id": "7f5aed17-975d-4150-b052-5644afe2823c", "name": null, "subtype": "residential", "class": "detached", "height": 12.0, "num_floors": 2, "surge_class": 4, "surge_ft": 3.5, "flood_active": false, "exposure_score": 0.105, "exposure_category": "low"}, "geometry": {"type": "Polygon", "coordinates": [[[-79.936089, 32.7706126], [-79.9362341, 32.770632], [-79.9362357, 32.7706235], [-79.9362702, 32.7706281], [-79.9362754, 32.7706005], [-79.936355, 32.7706111], [-79.9363746, 32.770507], [-79.9362782, 32.7704941], [-79.9362698, 32.7705382], [-79.9362768, 32.7705391], [-79.9362723, 32.7705626], [-79.9362427, 32.7705587], [-79.9362455, 32.7705441], [-79.9361065, 32.7705255], [-79.9361041, 32.7705381], [-79.9360896, 32.7705361], [-79.9360868, 32.7705507], [-79.9360727, 32.7705488], [-79.9360632, 32.7705992], [-79.9360909, 32.7706029], [-79.936089, 32.7706126]]]}}, {"id": "116", "type": "Feature", "properties": {"id": "b9b2d8ae-babb-4ef8-8123-fa843eaf6c03", "name": null, "subtype": "residential", "class": "detached", "height": 11.0, "num_floors": 2, "surge_class": 4, "surge_ft": 3.5, "flood_active": false, "exposure_score": 0.105, "exposure_category": "low"}, "geometry": {"type": "Polygon", "coordinates": [[[-79.9359384, 32.7706196], [-79.9359814, 32.7706234], [-79.9359968, 32.7704997], [-79.9359566, 32.7704962], [-79.9359588, 32.7704789], [-79.9359936, 32.770482], [-79.9359996, 32.7704333], [-79.9359804, 32.7704316], [-79.9359847, 32.7703964], [-79.9358943, 32.7703885], [-79.9358903, 32.7704203], [-79.9358698, 32.7704185], [-79.9358626, 32.7704767], [-79.9358716, 32.7704775], [-79.935871, 32.7704824], [-79.9358601, 32.7704814], [-79.9358433, 32.7706165], [-79.9359378, 32.7706247], [-79.9359384, 32.7706196]]]}}, {"id": "117", "type": "Feature", "properties": {"id": "382867db-9111-491c-8c00-2fbdebdfb37a", "name": null, "subtype": "residential", "class": "detached", "height": 13.0, "num_floors": 2, "surge_class": 5, "surge_ft": 4.5, "flood_active": false, "exposure_score": 0.135, "exposure_category": "low"}, "geometry": {"type": "Polygon", "coordinates": [[[-79.9354825, 32.7706571], [-79.9356048, 32.7706646], [-79.9356057, 32.7706536], [-79.9356391, 32.7706556], [-79.9356443, 32.7705966], [-79.9356128, 32.7705946], [-79.9356133, 32.7705889], [-79.9355987, 32.770588], [-79.935601, 32.7705608], [-79.935646, 32.7705636], [-79.9356509, 32.7705076], [-79.9355323, 32.7705002], [-79.9355291, 32.7705368], [-79.9354932, 32.7705346], [-79.9354825, 32.7706571]]]}}, {"id": "118", "type": "Feature", "properties": {"id": "8f545488-5ce2-4909-a86e-e926e835631f", "name": null, "subtype": "residential", "class": "detached", "height": 12.0, "num_floors": 2, "surge_class": 4, "surge_ft": 3.5, "flood_active": false, "exposure_score": 0.105, "exposure_category": "low"}, "geometry": {"type": "Polygon", "coordinates": [[[-79.9357554, 32.7706134], [-79.9358061, 32.7706174], [-79.9358151, 32.7705355], [-79.9357688, 32.7705318], [-79.9357724, 32.7704994], [-79.9357443, 32.7704972], [-79.9357463, 32.7704791], [-79.9356921, 32.7704748], [-79.9356775, 32.7706065], [-79.9357308, 32.7706107], [-79.9357288, 32.7706282], [-79.9357535, 32.7706302], [-79.9357554, 32.7706134]]]}}, {"id": "119", "type": "Feature", "properties": {"id": "b5087826-69c9-4db0-b473-a815f8c2eb69", "name": null, "subtype": "outbuilding", "class": "outbuilding", "height": 5.0, "num_floors": null, "surge_class": 5, "surge_ft": 4.5, "flood_active": false, "exposure_score": 0.135, "exposure_category": "low"}, "geometry": {"type": "Polygon", "coordinates": [[[-79.9358157, 32.7704329], [-79.9358062, 32.7704906], [-79.9358507, 32.7704957], [-79.9358753, 32.7703461], [-79.9358287, 32.7703407], [-79.9358187, 32.7704017], [-79.9358131, 32.770401], [-79.935808, 32.770432], [-79.9358157, 32.7704329]]]}}, {"id": "120", "type": "Feature", "properties": {"id": "71e11325-6c39-4292-b802-72af51fb11eb", "name": null, "subtype": "outbuilding", "class": "outbuilding", "height": 4.0, "num_floors": null, "surge_class": 5, "surge_ft": 4.5, "flood_active": false, "exposure_score": 0.135, "exposure_category": "low"}, "geometry": {"type": "Polygon", "coordinates": [[[-79.935089, 32.7704271], [-79.9350857, 32.7704609], [-79.9351717, 32.7704668], [-79.935175, 32.770433], [-79.935089, 32.7704271]]]}}, {"id": "121", "type": "Feature", "properties": {"id": "dac68198-451a-4b97-af73-2db2603842b1", "name": null, "subtype": "residential", "class": "garage", "height": 6.0, "num_floors": null, "surge_class": 5, "surge_ft": 4.5, "flood_active": false, "exposure_score": 0.135, "exposure_category": "low"}, "geometry": {"type": "Polygon", "coordinates": [[[-79.9351048, 32.7705356], [-79.9351237, 32.7705358], [-79.935125, 32.770473], [-79.9350839, 32.7704723], [-79.9350826, 32.7705352], [-79.9351048, 32.7705356]]]}}, {"id": "122", "type": "Feature", "properties": {"id": "cea174ee-717a-449f-a366-6dbb50a80259", "name": null, "subtype": "residential", "class": "detached", "height": 10.0, "num_floors": 2, "surge_class": 4, "surge_ft": 3.5, "flood_active": false, "exposure_score": 0.105, "exposure_category": "low"}, "geometry": {"type": "Polygon", "coordinates": [[[-79.9352636, 32.770524], [-79.9352669, 32.7704844], [-79.9351626, 32.7704782], [-79.9351521, 32.7706033], [-79.9351871, 32.7706054], [-79.9351867, 32.7706106], [-79.9352386, 32.7706137], [-79.9352389, 32.7706098], [-79.9352771, 32.7706121], [-79.9352844, 32.7705252], [-79.9352636, 32.770524]]]}}, {"id": "123", "type": "Feature", "properties": {"id": "b0cc2024-bcf7-49e8-9757-6d12ad96016d", "name": null, "subtype": "residential", "class": "detached", "height": null, "num_floors": 2, "surge_class": 5, "surge_ft": 4.5, "flood_active": false, "exposure_score": 0.135, "exposure_category": "low"}, "geometry": {"type": "Polygon", "coordinates": [[[-79.9350821, 32.7714256], [-79.9351378, 32.7714226], [-79.9351316, 32.7713423], [-79.9350778, 32.7713452], [-79.935075, 32.7713099], [-79.9350664, 32.7713103], [-79.9350639, 32.7712778], [-79.9350141, 32.7712805], [-79.9350166, 32.7713127], [-79.9350096, 32.7713131], [-79.9350197, 32.7714433], [-79.9350334, 32.7714426], [-79.9350373, 32.7714934], [-79.9351443, 32.7714875], [-79.935144, 32.7714844], [-79.9351502, 32.7714841], [-79.935147, 32.7714425], [-79.9351407, 32.7714429], [-79.9351404, 32.7714392], [-79.9350834, 32.7714423], [-79.9350821, 32.7714256]]]}}, {"id": "124", "type": "Feature", "properties": {"id": "d6ec5b05-a437-48a7-a71d-219a2c5c1e00", "name": null, "subtype": "residential", "class": "garage", "height": null, "num_floors": null, "surge_class": 5, "surge_ft": 4.5, "flood_active": false, "exposure_score": 0.135, "exposure_category": "low"}, "geometry": {"type": "Polygon", "coordinates": [[[-79.9352442, 32.7714726], [-79.9352558, 32.7715513], [-79.9353416, 32.7715424], [-79.93533, 32.7714636], [-79.9352442, 32.7714726]]]}}, {"id": "125", "type": "Feature", "properties": {"id": "9a49c529-7e0c-4eba-8553-ef52b39f216d", "name": "Sears Roebuck House", "subtype": "residential", "class": "detached", "height": 9.0, "num_floors": 2, "surge_class": 5, "surge_ft": 4.5, "flood_active": false, "exposure_score": 0.135, "exposure_category": "low"}, "geometry": {"type": "Polygon", "coordinates": [[[-79.9352647, 32.7713698], [-79.9353654, 32.7713628], [-79.9353611, 32.7713197], [-79.9353695, 32.7713191], [-79.9353667, 32.7712899], [-79.9353589, 32.7712904], [-79.935355, 32.7712507], [-79.9353475, 32.7712512], [-79.9353454, 32.7712292], [-79.9352646, 32.7712348], [-79.9352666, 32.771255], [-79.9352543, 32.7712559], [-79.935259, 32.7713036], [-79.9352405, 32.7713049], [-79.9352445, 32.7713448], [-79.9352621, 32.7713436], [-79.9352647, 32.7713698]]]}}, {"id": "126", "type": "Feature", "properties": {"id": "94e2d1ae-502c-4405-9b0b-1e88679d99bb", "name": null, "subtype": "outbuilding", "class": "outbuilding", "height": null, "num_floors": null, "surge_class": 4, "surge_ft": 3.5, "flood_active": false, "exposure_score": 0.105, "exposure_category": "low"}, "geometry": {"type": "Polygon", "coordinates": [[[-79.9355215, 32.7713298], [-79.9355453, 32.7713289], [-79.9355433, 32.7712909], [-79.9355195, 32.7712918], [-79.9355215, 32.7713298]]]}}, {"id": "127", "type": "Feature", "properties": {"id": "57a60243-df0b-4ec4-9ce5-ff33d756fe1d", "name": null, "subtype": "outbuilding", "class": "outbuilding", "height": null, "num_floors": null, "surge_class": 4, "surge_ft": 3.5, "flood_active": false, "exposure_score": 0.105, "exposure_category": "low"}, "geometry": {"type": "Polygon", "coordinates": [[[-79.9355479, 32.771336], [-79.9355202, 32.7713367], [-79.9355217, 32.7713788], [-79.9355494, 32.7713781], [-79.9355479, 32.771336]]]}}, {"id": "128", "type": "Feature", "properties": {"id": "75ca426e-48b6-49c9-8e84-23fbb28a0570", "name": null, "subtype": "residential", "class": "detached", "height": 5.851888656616211, "num_floors": 2, "surge_class": 4, "surge_ft": 3.5, "flood_active": false, "exposure_score": 0.105, "exposure_category": "low"}, "geometry": {"type": "Polygon", "coordinates": [[[-79.9356816, 32.7713748], [-79.9357731, 32.7713743], [-79.9357718, 32.7712238], [-79.9356803, 32.7712243], [-79.9356816, 32.7713748]]]}}, {"id": "129", "type": "Feature", "properties": {"id": "b8111147-e9ef-4814-be30-1c6a39868006", "name": null, "subtype": "outbuilding", "class": "outbuilding", "height": 6.379576206207275, "num_floors": null, "surge_class": 4, "surge_ft": 3.5, "flood_active": false, "exposure_score": 0.105, "exposure_category": "low"}, "geometry": {"type": "Polygon", "coordinates": [[[-79.9356053, 32.7713145], [-79.9356063, 32.7713781], [-79.9356639, 32.7713775], [-79.935663, 32.7713139], [-79.9356053, 32.7713145]]]}}, {"id": "130", "type": "Feature", "properties": {"id": "8b7f7e11-6e31-4f96-8164-61ca233f7ad1", "name": null, "subtype": "outbuilding", "class": "outbuilding", "height": 6.041825294494629, "num_floors": null, "surge_class": 4, "surge_ft": 3.5, "flood_active": false, "exposure_score": 0.105, "exposure_category": "low"}, "geometry": {"type": "Polygon", "coordinates": [[[-79.9355911, 32.7712802], [-79.9356563, 32.7712797], [-79.9356549, 32.7711523], [-79.9355843, 32.7711528], [-79.9355847, 32.7711842], [-79.935577, 32.7711843], [-79.9355777, 32.7712452], [-79.9355907, 32.7712451], [-79.9355911, 32.7712802]]]}}, {"id": "131", "type": "Feature", "properties": {"id": "a6416600-64b8-4dfc-b9c8-f7ee2e346da0", "name": null, "subtype": "residential", "class": "detached", "height": 8.115870475769043, "num_floors": 2, "surge_class": 4, "surge_ft": 3.5, "flood_active": false, "exposure_score": 0.105, "exposure_category": "low"}, "geometry": {"type": "Polygon", "coordinates": [[[-79.9355512, 32.7710972], [-79.9356297, 32.7711015], [-79.9356355, 32.7710268], [-79.9356689, 32.7710287], [-79.9356699, 32.7710167], [-79.9357268, 32.7710198], [-79.9357279, 32.7710062], [-79.9357756, 32.7710088], [-79.9357813, 32.7709341], [-79.9357341, 32.7709315], [-79.9357351, 32.7709189], [-79.9355657, 32.7709096], [-79.9355512, 32.7710972]]]}}, {"id": "132", "type": "Feature", "properties": {"id": "98896649-7395-4296-972e-dc4d09f81704", "name": null, "subtype": "residential", "class": "garage", "height": null, "num_floors": null, "surge_class": 4, "surge_ft": 3.5, "flood_active": false, "exposure_score": 0.105, "exposure_category": "low"}, "geometry": {"type": "Polygon", "coordinates": [[[-79.9359626, 32.7711229], [-79.9360535, 32.7711361], [-79.9360696, 32.7710574], [-79.9359787, 32.7710443], [-79.9359626, 32.7711229]]]}}, {"id": "133", "type": "Feature", "properties": {"id": "8176c8b4-222b-4454-b7d5-96068eacfccd", "name": null, "subtype": "residential", "class": "detached", "height": 6.77150821685791, "num_floors": 2, "surge_class": 4, "surge_ft": 3.5, "flood_active": false, "exposure_score": 0.105, "exposure_category": "low"}, "geometry": {"type": "Polygon", "coordinates": [[[-79.9362119, 32.771034], [-79.9362546, 32.7710402], [-79.936273, 32.7709502], [-79.9361247, 32.7709287], [-79.9361238, 32.7709331], [-79.9360814, 32.770927], [-79.9360792, 32.7709378], [-79.9360519, 32.7709339], [-79.9360507, 32.7709395], [-79.9360034, 32.7709327], [-79.9359902, 32.7709972], [-79.9360613, 32.7710074], [-79.9360597, 32.7710153], [-79.9361085, 32.7710223], [-79.9361011, 32.7710583], [-79.9362039, 32.7710731], [-79.9362119, 32.771034]]]}}, {"id": "134", "type": "Feature", "properties": {"id": "396b843d-2f8b-4d8b-aa4f-829eac59b65a", "name": null, "subtype": "residential", "class": "detached", "height": 5.934699058532715, "num_floors": 2, "surge_class": 4, "surge_ft": 3.5, "flood_active": false, "exposure_score": 0.105, "exposure_category": "low"}, "geometry": {"type": "Polygon", "coordinates": [[[-79.9360309, 32.7714257], [-79.9361753, 32.7714345], [-79.9361821, 32.7713559], [-79.9361569, 32.7713543], [-79.9361601, 32.7713175], [-79.9360693, 32.771312], [-79.9360664, 32.7713454], [-79.9360394, 32.7713438], [-79.936038, 32.7713607], [-79.9360215, 32.7713597], [-79.9360172, 32.7714105], [-79.9360322, 32.7714114], [-79.9360309, 32.7714257]]]}}, {"id": "135", "type": "Feature", "properties": {"id": "148f4b2e-32f1-40e6-a2fb-79672c3d6106", "name": null, "subtype": "residential", "class": "detached", "height": 7.435684680938721, "num_floors": 2, "surge_class": 4, "surge_ft": 3.5, "flood_active": false, "exposure_score": 0.105, "exposure_category": "low"}, "geometry": {"type": "Polygon", "coordinates": [[[-79.9358388, 32.7713787], [-79.9359777, 32.771383], [-79.935981, 32.7713056], [-79.9359311, 32.7713041], [-79.9359324, 32.7712744], [-79.9358434, 32.7712717], [-79.9358388, 32.7713787]]]}}, {"id": "136", "type": "Feature", "properties": {"id": "8d8d49d5-5c0e-49ab-a88f-0859e289741b", "name": null, "subtype": "residential", "class": "detached", "height": null, "num_floors": 2, "surge_class": 5, "surge_ft": 4.5, "flood_active": false, "exposure_score": 0.135, "exposure_category": "low"}, "geometry": {"type": "Polygon", "coordinates": [[[-79.935983, 32.7716824], [-79.9360078, 32.7716801], [-79.9360004, 32.771623], [-79.9360562, 32.7716179], [-79.9360494, 32.7715656], [-79.9360208, 32.7715619], [-79.9359872, 32.7715576], [-79.9358961, 32.7715659], [-79.935902, 32.7716116], [-79.935892, 32.7716125], [-79.9358957, 32.7716417], [-79.9359068, 32.7716407], [-79.9359125, 32.7716852], [-79.935852, 32.7716907], [-79.9358594, 32.7717481], [-79.9358972, 32.7717446], [-79.9359355, 32.7717411], [-79.9359315, 32.7717108], [-79.935986, 32.7717058], [-79.935983, 32.7716824]]]}}, {"id": "137", "type": "Feature", "properties": {"id": "155b9ed9-962e-427e-ab5d-105c2a638a36", "name": null, "subtype": "residential", "class": "detached", "height": null, "num_floors": 2, "surge_class": 5, "surge_ft": 4.5, "flood_active": false, "exposure_score": 0.135, "exposure_category": "low"}, "geometry": {"type": "Polygon", "coordinates": [[[-79.9361246, 32.7720634], [-79.9361019, 32.7718833], [-79.9360009, 32.7718923], [-79.9360242, 32.7720768], [-79.9360757, 32.7720722], [-79.9360772, 32.7720841], [-79.9361043, 32.7720817], [-79.9361023, 32.7720654], [-79.9361246, 32.7720634]]]}}, {"id": "138", "type": "Feature", "properties": {"id": "ed4f4b4b-86d6-494a-a70b-102bf822db6c", "name": null, "subtype": "residential", "class": "detached", "height": null, "num_floors": 2, "surge_class": 5, "surge_ft": 4.5, "flood_active": false, "exposure_score": 0.135, "exposure_category": "low"}, "geometry": {"type": "Polygon", "coordinates": [[[-79.9358827, 32.7720265], [-79.9359374, 32.7720217], [-79.9359363, 32.772013], [-79.9359738, 32.7720097], [-79.93597, 32.7719795], [-79.9359888, 32.7719778], [-79.9359808, 32.7719136], [-79.935963, 32.7719151], [-79.9359625, 32.7719112], [-79.9358693, 32.7719194], [-79.9358827, 32.7720265]]]}}, {"id": "139", "type": "Feature", "properties": {"id": "2539ed17-1581-4ddf-960b-46ecb95ed8e7", "name": null, "subtype": "residential", "class": "detached", "height": 6.251987934112549, "num_floors": 2, "surge_class": 4, "surge_ft": 3.5, "flood_active": false, "exposure_score": 0.105, "exposure_category": "low"}, "geometry": {"type": "Polygon", "coordinates": [[[-79.9357116, 32.7721525], [-79.9357848, 32.7721456], [-79.9357705, 32.7720382], [-79.9357829, 32.772037], [-79.9357792, 32.7720091], [-79.9357683, 32.7720102], [-79.9357581, 32.7719331], [-79.9356572, 32.7719426], [-79.9356774, 32.7720942], [-79.9356981, 32.7720922], [-79.9357016, 32.7721186], [-79.9357071, 32.7721181], [-79.9357116, 32.7721525]]]}}, {"id": "140", "type": "Feature", "properties": {"id": "48fb5068-bbf4-4218-9710-13fd3828f0a2", "name": null, "subtype": "residential", "class": "detached", "height": 6.118249893188477, "num_floors": 2, "surge_class": 4, "surge_ft": 3.5, "flood_active": false, "exposure_score": 0.105, "exposure_category": "low"}, "geometry": {"type": "Polygon", "coordinates": [[[-79.9358013, 32.7717425], [-79.9358553, 32.7717375], [-79.9358417, 32.7716344], [-79.9357909, 32.7716391], [-79.9357939, 32.7716623], [-79.9356934, 32.7716717], [-79.9357019, 32.7717354], [-79.9357992, 32.7717263], [-79.9358013, 32.7717425]]]}}, {"id": "141", "type": "Feature", "properties": {"id": "e9c83674-fc79-4f24-b7cf-95c0e590ab8e", "name": null, "subtype": "residential", "class": "detached", "height": null, "num_floors": 2, "surge_class": 4, "surge_ft": 3.5, "flood_active": false, "exposure_score": 0.105, "exposure_category": "low"}, "geometry": {"type": "Polygon", "coordinates": [[[-79.9356572, 32.7716114], [-79.9356821, 32.7716105], [-79.9356788, 32.771547], [-79.9356476, 32.7715481], [-79.9356472, 32.7715399], [-79.9355192, 32.7715445], [-79.9355239, 32.7716367], [-79.9355362, 32.7716363], [-79.9355375, 32.7716607], [-79.9355505, 32.7716603], [-79.935552, 32.7716892], [-79.9356316, 32.7716864], [-79.9356303, 32.7716595], [-79.9356596, 32.7716584], [-79.9356572, 32.7716114]]]}}, {"id": "142", "type": "Feature", "properties": {"id": "66f57328-f188-495b-9133-5207b5de0221", "name": null, "subtype": "residential", "class": "detached", "height": 6.074933052062988, "num_floors": 2, "surge_class": 5, "surge_ft": 4.5, "flood_active": false, "exposure_score": 0.135, "exposure_category": "low"}, "geometry": {"type": "Polygon", "coordinates": [[[-79.9352947, 32.7716746], [-79.9352606, 32.7716767], [-79.9352713, 32.7718006], [-79.9353657, 32.7717948], [-79.9353639, 32.7717737], [-79.9353773, 32.7717728], [-79.9353743, 32.7717375], [-79.9353803, 32.7717371], [-79.935378, 32.7717112], [-79.9353723, 32.7717116], [-79.9353687, 32.7716707], [-79.9353627, 32.7716711], [-79.9353599, 32.7716385], [-79.9352919, 32.7716426], [-79.9352947, 32.7716746]]]}}, {"id": "143", "type": "Feature", "properties": {"id": "37b0998c-02f8-42f3-9279-5e5e6c186530", "name": "Henry Middleton House", "subtype": "residential", "class": "detached", "height": 11.0, "num_floors": 2, "surge_class": 6, "surge_ft": 5.5, "flood_active": false, "exposure_score": 0.165, "exposure_category": "low"}, "geometry": {"type": "Polygon", "coordinates": [[[-79.93512, 32.7717365], [-79.9352167, 32.7717274], [-79.9352124, 32.7716947], [-79.9351989, 32.7716959], [-79.9351934, 32.7716545], [-79.9351876, 32.7716551], [-79.9351841, 32.7716289], [-79.9350614, 32.7716405], [-79.9350646, 32.7716647], [-79.9350599, 32.7716651], [-79.9350658, 32.7717095], [-79.9350539, 32.7717106], [-79.9350612, 32.7717655], [-79.9350759, 32.7717641], [-79.9350768, 32.7717712], [-79.935124, 32.7717668], [-79.93512, 32.7717365]]]}}, {"id": "144", "type": "Feature", "properties": {"id": "bd53676d-6010-427a-bb4c-a5ee7e303473", "name": null, "subtype": "residential", "class": "detached", "height": 7.327868938446045, "num_floors": 2, "surge_class": 5, "surge_ft": 4.5, "flood_active": false, "exposure_score": 0.135, "exposure_category": "low"}, "geometry": {"type": "Polygon", "coordinates": [[[-79.9353121, 32.7720716], [-79.9353894, 32.772064], [-79.9353877, 32.7720515], [-79.935432, 32.7720471], [-79.9354179, 32.7719456], [-79.9354042, 32.7719469], [-79.9354, 32.7719167], [-79.93534, 32.7719226], [-79.935344, 32.771951], [-79.9352959, 32.7719558], [-79.9353121, 32.7720716]]]}}, {"id": "145", "type": "Feature", "properties": {"id": "9a8d92f2-5623-43ff-8658-5c0746a46323", "name": "Parker-Drayton House", "subtype": "residential", "class": "detached", "height": 15.0, "num_floors": 3, "surge_class": 6, "surge_ft": 5.5, "flood_active": false, "exposure_score": 0.165, "exposure_category": "low"}, "geometry": {"type": "Polygon", "coordinates": [[[-79.9350993, 32.7722586], [-79.935158, 32.7722534], [-79.9351456, 32.7721543], [-79.9351103, 32.7721574], [-79.9350822, 32.7721459], [-79.9350597, 32.7721428], [-79.9350341, 32.7721468], [-79.9350162, 32.7721548], [-79.9350021, 32.7721663], [-79.9349676, 32.7721697], [-79.9349718, 32.7721996], [-79.9349233, 32.7722044], [-79.9348995, 32.7722261], [-79.9349037, 32.7722589], [-79.9349292, 32.772272], [-79.934933, 32.772302], [-79.9349386, 32.7723015], [-79.934942, 32.7723291], [-79.9351063, 32.7723145], [-79.9350993, 32.7722586]]]}}, {"id": "146", "type": "Feature", "properties": {"id": "4d397cd3-3b4f-44eb-a878-4d3b564f6adb", "name": null, "subtype": "residential", "class": "detached", "height": 5.662405967712402, "num_floors": 1, "surge_class": 6, "surge_ft": 5.5, "flood_active": false, "exposure_score": 0.165, "exposure_category": "low"}, "geometry": {"type": "Polygon", "coordinates": [[[-79.9351812, 32.7723085], [-79.9353162, 32.7722942], [-79.9353066, 32.7722303], [-79.9352435, 32.772237], [-79.9352388, 32.7722057], [-79.935167, 32.7722133], [-79.9351812, 32.7723085]]]}}, {"id": "147", "type": "Feature", "properties": {"id": "f972334c-032e-4749-83a8-b65d33d497bd", "name": null, "subtype": "residential", "class": "detached", "height": 5.461750030517578, "num_floors": 2, "surge_class": 5, "surge_ft": 4.5, "flood_active": false, "exposure_score": 0.135, "exposure_category": "low"}, "geometry": {"type": "Polygon", "coordinates": [[[-79.9354343, 32.7726048], [-79.9354756, 32.7726012], [-79.9354731, 32.7725813], [-79.9355052, 32.7725785], [-79.9354981, 32.7725209], [-79.9354648, 32.7725238], [-79.9354623, 32.7725028], [-79.9352977, 32.7725171], [-79.9352985, 32.7725239], [-79.9352523, 32.7725279], [-79.9352541, 32.7725418], [-79.935229, 32.772544], [-79.9352344, 32.7725877], [-79.9352648, 32.7725851], [-79.9352679, 32.7726104], [-79.9352833, 32.772609], [-79.9352839, 32.7726136], [-79.9353088, 32.7726114], [-79.9353095, 32.7726168], [-79.9353762, 32.772611], [-79.9353768, 32.7726155], [-79.935435, 32.7726105], [-79.9354343, 32.7726048]]]}}, {"id": "148", "type": "Feature", "properties": {"id": "fdb96007-dc5e-4a76-9777-b315aadba2fb", "name": null, "subtype": "residential", "class": "detached", "height": 7.091076850891113, "num_floors": 2, "surge_class": 5, "surge_ft": 4.5, "flood_active": false, "exposure_score": 0.135, "exposure_category": "low"}, "geometry": {"type": "Polygon", "coordinates": [[[-79.9352726, 32.7724581], [-79.935508, 32.7724342], [-79.9355009, 32.7723847], [-79.9354782, 32.772387], [-79.9354678, 32.7723145], [-79.9352374, 32.7723379], [-79.9352541, 32.7724542], [-79.9352718, 32.7724524], [-79.9352726, 32.7724581]]]}}, {"id": "149", "type": "Feature", "properties": {"id": "fd1550d7-9cb6-4808-a073-d9ffb6cd5fcf", "name": null, "subtype": "residential", "class": "detached", "height": 7.848501682281494, "num_floors": 2, "surge_class": 5, "surge_ft": 4.5, "flood_active": false, "exposure_score": 0.135, "exposure_category": "low"}, "geometry": {"type": "Polygon", "coordinates": [[[-79.9357179, 32.7725729], [-79.9358796, 32.7725615], [-79.9358692, 32.7724575], [-79.935811, 32.7724616], [-79.9358086, 32.7724378], [-79.9358186, 32.7724371], [-79.9358163, 32.772415], [-79.9357512, 32.7724196], [-79.9357571, 32.7724788], [-79.9357096, 32.7724822], [-79.935714, 32.7725257], [-79.9357006, 32.7725267], [-79.9357037, 32.7725579], [-79.9357163, 32.772557], [-79.9357179, 32.7725729]]]}}, {"id": "150", "type": "Feature", "properties": {"id": "529744bb-1aeb-47fd-9066-43bec5fb8526", "name": null, "subtype": "residential", "class": "detached", "height": 6.594743728637695, "num_floors": 2, "surge_class": 5, "surge_ft": 4.5, "flood_active": false, "exposure_score": 0.135, "exposure_category": "low"}, "geometry": {"type": "Polygon", "coordinates": [[[-79.9357807, 32.7723706], [-79.9358657, 32.7723627], [-79.9358548, 32.77228], [-79.9357707, 32.7722878], [-79.9357692, 32.7722766], [-79.93575, 32.7722784], [-79.9357462, 32.7722494], [-79.9357403, 32.77225], [-79.9357371, 32.7722259], [-79.9356798, 32.7722312], [-79.9356829, 32.7722551], [-79.9356764, 32.7722557], [-79.9356828, 32.7723044], [-79.9356699, 32.7723056], [-79.9356733, 32.7723314], [-79.9356863, 32.7723302], [-79.935691, 32.772366], [-79.9357791, 32.7723578], [-79.9357807, 32.7723706]]]}}, {"id": "151", "type": "Feature", "properties": {"id": "1178f2bf-aa77-468c-8eb6-5a13f49bf485", "name": null, "subtype": "residential", "class": "detached", "height": null, "num_floors": 2, "surge_class": 5, "surge_ft": 4.5, "flood_active": false, "exposure_score": 0.135, "exposure_category": "low"}, "geometry": {"type": "Polygon", "coordinates": [[[-79.9361061, 32.7722212], [-79.9362168, 32.7722089], [-79.936205, 32.7721337], [-79.936052, 32.7721507], [-79.9360529, 32.7721568], [-79.9360062, 32.772162], [-79.9360155, 32.7722211], [-79.936063, 32.7722158], [-79.9360639, 32.7722215], [-79.9361054, 32.7722169], [-79.9361061, 32.7722212]]]}}, {"id": "152", "type": "Feature", "properties": {"id": "1d6932f8-1afb-4de9-9db5-eaf0d6e65781", "name": null, "subtype": "outbuilding", "class": "outbuilding", "height": null, "num_floors": null, "surge_class": 5, "surge_ft": 4.5, "flood_active": false, "exposure_score": 0.135, "exposure_category": "low"}, "geometry": {"type": "Polygon", "coordinates": [[[-79.9358972, 32.772569], [-79.9359042, 32.7726176], [-79.9359309, 32.7726149], [-79.9359238, 32.7725662], [-79.9358972, 32.772569]]]}}, {"id": "153", "type": "Feature", "properties": {"id": "42ba55e2-f50f-4362-b09a-286f546b4c51", "name": null, "subtype": "residential", "class": "detached", "height": null, "num_floors": 2, "surge_class": 5, "surge_ft": 4.5, "flood_active": false, "exposure_score": 0.135, "exposure_category": "low"}, "geometry": {"type": "Polygon", "coordinates": [[[-79.9362878, 32.7725366], [-79.9362773, 32.7724601], [-79.9361481, 32.7724727], [-79.936149, 32.7724795], [-79.9361184, 32.7724824], [-79.9361173, 32.7724747], [-79.9360548, 32.7724807], [-79.9360654, 32.7725583], [-79.9361279, 32.7725523], [-79.9361271, 32.7725466], [-79.9361548, 32.7725439], [-79.9361556, 32.7725494], [-79.9362878, 32.7725366]]]}}, {"id": "154", "type": "Feature", "properties": {"id": "ca0a2853-ec51-40d6-967e-71d9a464f0bf", "name": null, "subtype": "residential", "class": "detached", "height": null, "num_floors": 2, "surge_class": 5, "surge_ft": 4.5, "flood_active": false, "exposure_score": 0.135, "exposure_category": "low"}, "geometry": {"type": "Polygon", "coordinates": [[[-79.9360703, 32.7724461], [-79.936276, 32.772422], [-79.9362677, 32.7723714], [-79.9362597, 32.7723724], [-79.9362549, 32.7723438], [-79.9361808, 32.7723525], [-79.9361785, 32.7723384], [-79.9361379, 32.7723432], [-79.9361399, 32.7723552], [-79.9360371, 32.7723672], [-79.9360447, 32.7724129], [-79.9360645, 32.7724106], [-79.9360703, 32.7724461]]]}}, {"id": "155", "type": "Feature", "properties": {"id": "615e47a1-6058-4530-9cf8-832fa7c209d7", "name": null, "subtype": "residential", "class": "detached", "height": null, "num_floors": 2, "surge_class": 6, "surge_ft": 5.5, "flood_active": false, "exposure_score": 0.165, "exposure_category": "low"}, "geometry": {"type": "Polygon", "coordinates": [[[-79.9364444, 32.7725673], [-79.9365711, 32.7725584], [-79.9365577, 32.7724225], [-79.936501, 32.7724265], [-79.9365096, 32.7725132], [-79.9364395, 32.7725181], [-79.9364444, 32.7725673]]]}}, {"id": "156", "type": "Feature", "properties": {"id": "50b183eb-4024-4172-b69a-05546752d052", "name": null, "subtype": "residential", "class": "detached", "height": 6.240225791931152, "num_floors": 2, "surge_class": 6, "surge_ft": 5.5, "flood_active": false, "exposure_score": 0.165, "exposure_category": "low"}, "geometry": {"type": "Polygon", "coordinates": [[[-79.936565, 32.7724006], [-79.9365958, 32.7723975], [-79.9365869, 32.7723366], [-79.9365306, 32.7723424], [-79.9365222, 32.7722844], [-79.936431, 32.7722938], [-79.9364484, 32.7724136], [-79.9364972, 32.7724086], [-79.9364993, 32.772423], [-79.9365672, 32.772416], [-79.936565, 32.7724006]]]}}, {"id": "157", "type": "Feature", "properties": {"id": "a89c8d03-171b-4b6c-b24a-030f8518e8ef", "name": null, "subtype": "outbuilding", "class": "outbuilding", "height": 3.3769123554229736, "num_floors": null, "surge_class": 6, "surge_ft": 5.5, "flood_active": false, "exposure_score": 0.165, "exposure_category": "low"}, "geometry": {"type": "Polygon", "coordinates": [[[-79.9365888, 32.7723063], [-79.9366604, 32.7722997], [-79.9366519, 32.7722347], [-79.9365803, 32.7722413], [-79.9365888, 32.7723063]]]}}, {"id": "158", "type": "Feature", "properties": {"id": "145311fe-444b-415b-b55b-20d256321c26", "name": null, "subtype": "residential", "class": "detached", "height": null, "num_floors": 2, "surge_class": 6, "surge_ft": 5.5, "flood_active": false, "exposure_score": 0.165, "exposure_category": "low"}, "geometry": {"type": "Polygon", "coordinates": [[[-79.9366779, 32.7722225], [-79.9368453, 32.7722067], [-79.9368332, 32.7721165], [-79.9366774, 32.7721312], [-79.9366716, 32.7720881], [-79.936616, 32.7720934], [-79.9366312, 32.7722066], [-79.9366752, 32.7722025], [-79.9366779, 32.7722225]]]}}, {"id": "159", "type": "Feature", "properties": {"id": "0e42033b-0c62-43b9-b534-42ee572db153", "name": null, "subtype": "residential", "class": "detached", "height": 5.889330863952637, "num_floors": 2, "surge_class": 5, "surge_ft": 4.5, "flood_active": false, "exposure_score": 0.135, "exposure_category": "low"}, "geometry": {"type": "Polygon", "coordinates": [[[-79.93656, 32.7722365], [-79.9365869, 32.7722338], [-79.9365748, 32.772146], [-79.9364251, 32.7721606], [-79.9364259, 32.772166], [-79.9364072, 32.7721678], [-79.9364187, 32.772251], [-79.9364369, 32.7722492], [-79.9364373, 32.7722525], [-79.9365605, 32.7722404], [-79.93656, 32.7722365]]]}}, {"id": "160", "type": "Feature", "properties": {"id": "06a0c14a-8cd3-4cfa-85f6-6f4d1da95c65", "name": null, "subtype": "residential", "class": "garage", "height": null, "num_floors": null, "surge_class": 6, "surge_ft": 5.5, "flood_active": false, "exposure_score": 0.165, "exposure_category": "low"}, "geometry": {"type": "Polygon", "coordinates": [[[-79.9364663, 32.7721272], [-79.9365441, 32.7721192], [-79.9365354, 32.7720601], [-79.9364577, 32.7720682], [-79.9364663, 32.7721272]]]}}, {"id": "161", "type": "Feature", "properties": {"id": "6beada76-f447-404f-aedd-ed0051acf23c", "name": null, "subtype": "residential", "class": "detached", "height": null, "num_floors": 2, "surge_class": 5, "surge_ft": 4.5, "flood_active": false, "exposure_score": 0.135, "exposure_category": "low"}, "geometry": {"type": "Polygon", "coordinates": [[[-79.9362627, 32.7723127], [-79.9362525, 32.7722382], [-79.9360819, 32.7722547], [-79.9360832, 32.7722642], [-79.9360656, 32.7722659], [-79.9360737, 32.7723252], [-79.9360928, 32.7723234], [-79.9360936, 32.7723291], [-79.9362627, 32.7723127]]]}}, {"id": "162", "type": "Feature", "properties": {"id": "dd650b00-c172-4d7f-9476-65092c1078bd", "name": null, "subtype": "residential", "class": "garage", "height": null, "num_floors": null, "surge_class": 6, "surge_ft": 5.5, "flood_active": false, "exposure_score": 0.165, "exposure_category": "low"}, "geometry": {"type": "Polygon", "coordinates": [[[-79.9361751, 32.7721073], [-79.9362371, 32.7721036], [-79.9362344, 32.7720724], [-79.9362287, 32.7720727], [-79.9362265, 32.7720471], [-79.9361703, 32.7720504], [-79.9361751, 32.7721073]]]}}, {"id": "163", "type": "Feature", "properties": {"id": "b504f4c2-4dff-47da-93a1-1a4b341d44f7", "name": null, "subtype": "residential", "class": "detached", "height": 5.616886138916016, "num_floors": 2, "surge_class": 6, "surge_ft": 5.5, "flood_active": false, "exposure_score": 0.165, "exposure_category": "low"}, "geometry": {"type": "Polygon", "coordinates": [[[-79.9362289, 32.7719794], [-79.9362752, 32.7719754], [-79.9362744, 32.7719687], [-79.9362973, 32.7719666], [-79.9362892, 32.7719015], [-79.9362648, 32.7719036], [-79.9362639, 32.7718965], [-79.9362257, 32.7718998], [-79.9362248, 32.7718925], [-79.936199, 32.7718947], [-79.9362, 32.7719035], [-79.9361462, 32.7719082], [-79.9361589, 32.77201], [-79.9362319, 32.7720036], [-79.9362289, 32.7719794]]]}}, {"id": "164", "type": "Feature", "properties": {"id": "49c4e9e8-62cf-411d-9edc-f95336047d00", "name": null, "subtype": "residential", "class": "detached", "height": 6.526663780212402, "num_floors": 2, "surge_class": 5, "surge_ft": 4.5, "flood_active": false, "exposure_score": 0.135, "exposure_category": "low"}, "geometry": {"type": "Polygon", "coordinates": [[[-79.9364267, 32.7720017], [-79.93648, 32.7719951], [-79.936451, 32.7718275], [-79.9363604, 32.7718386], [-79.936388, 32.7719982], [-79.9364253, 32.7719936], [-79.9364267, 32.7720017]]]}}, {"id": "165", "type": "Feature", "properties": {"id": "099e2d12-44ea-4903-958b-2185d0e32acb", "name": null, "subtype": "residential", "class": "detached", "height": 8.451255798339844, "num_floors": 2, "surge_class": 6, "surge_ft": 5.5, "flood_active": false, "exposure_score": 0.165, "exposure_category": "low"}, "geometry": {"type": "Polygon", "coordinates": [[[-79.9361095, 32.7717186], [-79.9362402, 32.771706], [-79.9362388, 32.7716959], [-79.9362703, 32.7716928], [-79.9362588, 32.7716082], [-79.9362272, 32.7716112], [-79.9362254, 32.7715979], [-79.936156, 32.7716046], [-79.9361539, 32.771589], [-79.9361037, 32.7715939], [-79.9361058, 32.7716091], [-79.9360947, 32.7716102], [-79.9361095, 32.7717186]]]}}, {"id": "166", "type": "Feature", "properties": {"id": "0f7cda4d-ef06-4016-9bba-d9d917343a23", "name": null, "subtype": "residential", "class": "detached", "height": 5.719115734100342, "num_floors": 2, "surge_class": 5, "surge_ft": 4.5, "flood_active": false, "exposure_score": 0.135, "exposure_category": "low"}, "geometry": {"type": "Polygon", "coordinates": [[[-79.9366693, 32.7719551], [-79.9367738, 32.7719454], [-79.9367604, 32.771844], [-79.9367547, 32.7718445], [-79.9367526, 32.7718294], [-79.9366845, 32.7718357], [-79.9366864, 32.7718503], [-79.9366751, 32.7718514], [-79.9366821, 32.7719047], [-79.9366628, 32.7719065], [-79.9366693, 32.7719551]]]}}, {"id": "167", "type": "Feature", "properties": {"id": "dce4fddb-3859-4a47-9382-18cef14db693", "name": null, "subtype": "outbuilding", "class": "outbuilding", "height": 5.532658576965332, "num_floors": null, "surge_class": 6, "surge_ft": 5.5, "flood_active": false, "exposure_score": 0.165, "exposure_category": "low"}, "geometry": {"type": "Polygon", "coordinates": [[[-79.9365321, 32.7719818], [-79.9365465, 32.7720687], [-79.9366256, 32.7720595], [-79.9366113, 32.7719726], [-79.9365321, 32.7719818]]]}}, {"id": "168", "type": "Feature", "properties": {"id": "0a1f7866-a55f-4a35-bf7d-6e24e47a54e4", "name": null, "subtype": "residential", "class": "detached", "height": 6.25730562210083, "num_floors": 2, "surge_class": 5, "surge_ft": 4.5, "flood_active": false, "exposure_score": 0.135, "exposure_category": "low"}, "geometry": {"type": "Polygon", "coordinates": [[[-79.9367508, 32.7715939], [-79.9368621, 32.7716238], [-79.936906, 32.7715082], [-79.9368973, 32.7715058], [-79.9369112, 32.7714692], [-79.936863, 32.7714563], [-79.9368656, 32.7714495], [-79.9368266, 32.771439], [-79.9368237, 32.7714465], [-79.9368148, 32.7714441], [-79.9368006, 32.7714814], [-79.9367942, 32.7714797], [-79.9367508, 32.7715939]]]}}, {"id": "169", "type": "Feature", "properties": {"id": "a99420f4-ccbd-4156-b921-7cc390dbb2c1", "name": null, "subtype": "residential", "class": "detached", "height": 5.807858467102051, "num_floors": 2, "surge_class": 5, "surge_ft": 4.5, "flood_active": false, "exposure_score": 0.135, "exposure_category": "low"}, "geometry": {"type": "Polygon", "coordinates": [[[-79.9369189, 32.7715862], [-79.9368994, 32.7716171], [-79.9369792, 32.7716526], [-79.9370644, 32.7715174], [-79.9369963, 32.771487], [-79.9369714, 32.7715264], [-79.9369621, 32.7715223], [-79.9369354, 32.7715645], [-79.9369226, 32.7715588], [-79.9369083, 32.7715815], [-79.9369189, 32.7715862]]]}}, {"id": "170", "type": "Feature", "properties": {"id": "1e2edf8f-9994-4ff2-a682-df16577227ab", "name": "Williams House", "subtype": "residential", "class": "detached", "height": 12.0, "num_floors": 2, "surge_class": 5, "surge_ft": 4.5, "flood_active": false, "exposure_score": 0.135, "exposure_category": "low"}, "geometry": {"type": "Polygon", "coordinates": [[[-79.9372323, 32.7717413], [-79.9372774, 32.7716684], [-79.9371714, 32.7716222], [-79.9371547, 32.7716493], [-79.937146, 32.7716455], [-79.937114, 32.7716974], [-79.9371239, 32.7717017], [-79.9370855, 32.771764], [-79.9370981, 32.7717695], [-79.9370954, 32.7717739], [-79.9371848, 32.771813], [-79.9371888, 32.7718065], [-79.93722, 32.7718202], [-79.937261, 32.7717539], [-79.9372323, 32.7717413]]]}}, {"id": "171", "type": "Feature", "properties": {"id": "80ccded2-8417-461c-8c2c-09800c678d6c", "name": null, "subtype": "residential", "class": "garage", "height": null, "num_floors": null, "surge_class": 5, "surge_ft": 4.5, "flood_active": false, "exposure_score": 0.135, "exposure_category": "low"}, "geometry": {"type": "Polygon", "coordinates": [[[-79.9372775, 32.7715758], [-79.937334, 32.7716007], [-79.9373573, 32.7715634], [-79.9373008, 32.7715384], [-79.9372775, 32.7715758]]]}}, {"id": "172", "type": "Feature", "properties": {"id": "472dbda8-2126-4b56-85ba-e5740cb8871f", "name": null, "subtype": "residential", "class": "detached", "height": 6.986093521118164, "num_floors": 2, "surge_class": 6, "surge_ft": 5.5, "flood_active": false, "exposure_score": 0.165, "exposure_category": "low"}, "geometry": {"type": "Polygon", "coordinates": [[[-79.9370915, 32.7720593], [-79.9371425, 32.7719744], [-79.9371372, 32.7719721], [-79.9371518, 32.7719477], [-79.9370265, 32.7718945], [-79.9370136, 32.7719159], [-79.9369957, 32.7719083], [-79.9369659, 32.7719579], [-79.9369942, 32.7719699], [-79.9369792, 32.7719948], [-79.9369884, 32.7719987], [-79.9369764, 32.7720186], [-79.9370444, 32.7720475], [-79.9370483, 32.7720409], [-79.9370915, 32.7720593]]]}}, {"id": "173", "type": "Feature", "properties": {"id": "92409b77-f432-4059-b6a1-4efe0a4bb5d2", "name": null, "subtype": "residential", "class": "detached", "height": 6.460962772369385, "num_floors": 2, "surge_class": 6, "surge_ft": 5.5, "flood_active": false, "exposure_score": 0.165, "exposure_category": "low"}, "geometry": {"type": "Polygon", "coordinates": [[[-79.9371619, 32.7721768], [-79.9372517, 32.7720318], [-79.937149, 32.7719869], [-79.9370592, 32.7721318], [-79.9371619, 32.7721768]]]}}, {"id": "174", "type": "Feature", "properties": {"id": "715df2bb-1c15-497f-aea2-fd80e93cad0d", "name": null, "subtype": "residential", "class": "detached", "height": null, "num_floors": 2, "surge_class": 6, "surge_ft": 5.5, "flood_active": false, "exposure_score": 0.165, "exposure_category": "low"}, "geometry": {"type": "Polygon", "coordinates": [[[-79.9373233, 32.7722579], [-79.9374203, 32.772098], [-79.9373324, 32.7720603], [-79.9372354, 32.7722201], [-79.9373233, 32.7722579]]]}}, {"id": "175", "type": "Feature", "properties": {"id": "9bd04563-a683-41f2-93ab-ab533141f8d5", "name": null, "subtype": "residential", "class": "garage", "height": null, "num_floors": null, "surge_class": 7, "surge_ft": 6.5, "flood_active": false, "exposure_score": 0.195, "exposure_category": "low"}, "geometry": {"type": "Polygon", "coordinates": [[[-79.9371337, 32.7722478], [-79.9371927, 32.7722761], [-79.9372376, 32.7722099], [-79.9371786, 32.7721816], [-79.9371337, 32.7722478]]]}}, {"id": "176", "type": "Feature", "properties": {"id": "2164b962-71e1-4540-a9e8-e1a12770a4f3", "name": null, "subtype": "residential", "class": "detached", "height": 6.290056228637695, "num_floors": 2, "surge_class": 6, "surge_ft": 5.5, "flood_active": false, "exposure_score": 0.165, "exposure_category": "low"}, "geometry": {"type": "Polygon", "coordinates": [[[-79.9370789, 32.7723862], [-79.9372127, 32.7723747], [-79.937206, 32.7723196], [-79.9372033, 32.7723199], [-79.9372004, 32.7722963], [-79.9371907, 32.7722889], [-79.9371792, 32.7722899], [-79.9371784, 32.7722828], [-79.9370678, 32.7722923], [-79.9370684, 32.7722977], [-79.9370451, 32.7722997], [-79.9370554, 32.7723846], [-79.9370785, 32.7723827], [-79.9370789, 32.7723862]]]}}, {"id": "177", "type": "Feature", "properties": {"id": "23db0346-6138-4929-840d-a71686358af4", "name": null, "subtype": "residential", "class": "detached", "height": null, "num_floors": 2, "surge_class": 6, "surge_ft": 5.5, "flood_active": false, "exposure_score": 0.165, "exposure_category": "low"}, "geometry": {"type": "Polygon", "coordinates": [[[-79.9367878, 32.7723371], [-79.9368708, 32.7723285], [-79.9368589, 32.7722477], [-79.9368292, 32.7722508], [-79.9368236, 32.7722121], [-79.9367541, 32.7722193], [-79.9367579, 32.7722454], [-79.9367092, 32.7722504], [-79.9367151, 32.7722902], [-79.9366955, 32.7722923], [-79.936697, 32.7723027], [-79.9366497, 32.7723076], [-79.9366616, 32.7723881], [-79.9367933, 32.7723744], [-79.9367878, 32.7723371]]]}}, {"id": "178", "type": "Feature", "properties": {"id": "43d056cf-1112-4988-8e46-0f82ae52ea9d", "name": "Harriet Crouch House", "subtype": "residential", "class": "detached", "height": 12.0, "num_floors": 3, "surge_class": 6, "surge_ft": 5.5, "flood_active": false, "exposure_score": 0.165, "exposure_category": "low"}, "geometry": {"type": "Polygon", "coordinates": [[[-79.9366861, 32.7725474], [-79.9369201, 32.7725216], [-79.9369108, 32.772462], [-79.9369034, 32.7724628], [-79.9368994, 32.7724369], [-79.9368077, 32.772447], [-79.9368053, 32.7724312], [-79.9367675, 32.7724354], [-79.93677, 32.7724512], [-79.9366858, 32.7724605], [-79.9366824, 32.7724389], [-79.9366204, 32.7724458], [-79.9366303, 32.7725092], [-79.9366793, 32.7725038], [-79.9366861, 32.7725474]]]}}, {"id": "179", "type": "Feature", "properties": {"id": "6f4b854e-77f8-4fb4-8b23-7f92645a8472", "name": null, "subtype": "residential", "class": "detached", "height": 5.67415714263916, "num_floors": 2, "surge_class": 6, "surge_ft": 5.5, "flood_active": false, "exposure_score": 0.165, "exposure_category": "low"}, "geometry": {"type": "Polygon", "coordinates": [[[-79.9370476, 32.7725061], [-79.937268, 32.7724819], [-79.9372668, 32.7724739], [-79.9372866, 32.7724718], [-79.9372835, 32.7724515], [-79.9372628, 32.7724538], [-79.9372582, 32.7724236], [-79.937114, 32.7724394], [-79.9371117, 32.7724245], [-79.9370719, 32.7724289], [-79.9370742, 32.7724433], [-79.9370384, 32.7724473], [-79.9370476, 32.7725061]]]}}, {"id": "180", "type": "Feature", "properties": {"id": "8d81b813-b6a7-44e4-bd03-f6099dc57991", "name": null, "subtype": "residential", "class": "detached", "height": 6.863347053527832, "num_floors": 2, "surge_class": 6, "surge_ft": 5.5, "flood_active": false, "exposure_score": 0.165, "exposure_category": "low"}, "geometry": {"type": "Polygon", "coordinates": [[[-79.9370652, 32.7726037], [-79.9373645, 32.7725725], [-79.9373583, 32.7725309], [-79.9372078, 32.7725466], [-79.9372041, 32.7725209], [-79.9370552, 32.7725364], [-79.9370652, 32.7726037]]]}}, {"id": "181", "type": "Feature", "properties": {"id": "61f207ef-3b23-4564-9a40-6792b97dcd0c", "name": "Andrew Cunningham House", "subtype": "residential", "class": "detached", "height": 11.0, "num_floors": 2, "surge_class": 6, "surge_ft": 5.5, "flood_active": false, "exposure_score": 0.165, "exposure_category": "low"}, "geometry": {"type": "Polygon", "coordinates": [[[-79.9372068, 32.7727043], [-79.9372504, 32.7727003], [-79.9372491, 32.7726906], [-79.9373338, 32.7726829], [-79.9373265, 32.7726265], [-79.937285, 32.7726303], [-79.9372861, 32.7726382], [-79.9372401, 32.7726424], [-79.9372384, 32.7726289], [-79.9372339, 32.7726293], [-79.9372314, 32.7726106], [-79.9370722, 32.7726252], [-79.9370831, 32.7727091], [-79.937206, 32.7726978], [-79.9372068, 32.7727043]]]}}, {"id": "182", "type": "Feature", "properties": {"id": "3bcc56a4-f4fd-478d-9996-63992c6edaae", "name": "Optimus E. Hughes House", "subtype": "residential", "class": "detached", "height": 10.0, "num_floors": 2, "surge_class": 6, "surge_ft": 5.5, "flood_active": false, "exposure_score": 0.165, "exposure_category": "low"}, "geometry": {"type": "Polygon", "coordinates": [[[-79.9367377, 32.7727457], [-79.9369489, 32.7727231], [-79.9369349, 32.7726305], [-79.9367237, 32.772653], [-79.9367377, 32.7727457]]]}}, {"id": "183", "type": "Feature", "properties": {"id": "2cc30323-bf0f-4f50-a6ca-f5cf157c0a59", "name": null, "subtype": "residential", "class": "detached", "height": 7.377798080444336, "num_floors": 2, "surge_class": 5, "surge_ft": 4.5, "flood_active": false, "exposure_score": 0.135, "exposure_category": "low"}, "geometry": {"type": "Polygon", "coordinates": [[[-79.9366781, 32.7728876], [-79.9368962, 32.7728667], [-79.9368958, 32.7728633], [-79.9369318, 32.7728598], [-79.9369202, 32.7727746], [-79.9368863, 32.7727779], [-79.9368859, 32.7727749], [-79.9367524, 32.7727878], [-79.9367535, 32.7727957], [-79.9367239, 32.7727985], [-79.9367275, 32.7728251], [-79.9366703, 32.7728306], [-79.9366781, 32.7728876]]]}}, {"id": "184", "type": "Feature", "properties": {"id": "740204ba-701a-4c51-aaee-4fcf1146a6d7", "name": null, "subtype": "residential", "class": "detached", "height": 6.4190354347229, "num_floors": 2, "surge_class": 6, "surge_ft": 5.5, "flood_active": false, "exposure_score": 0.165, "exposure_category": "low"}, "geometry": {"type": "Polygon", "coordinates": [[[-79.9367863, 32.7730523], [-79.9369839, 32.7730314], [-79.9369724, 32.7729542], [-79.9368199, 32.7729703], [-79.9368238, 32.7729961], [-79.9367786, 32.7730008], [-79.9367863, 32.7730523]]]}}, {"id": "185", "type": "Feature", "properties": {"id": "d52d9e99-07b2-4a3f-b753-88596418ac0e", "name": "The William Pinckney Shingler House", "subtype": "residential", "class": "detached", "height": 14.0, "num_floors": 3, "surge_class": 5, "surge_ft": 4.5, "flood_active": false, "exposure_score": 0.135, "exposure_category": "low"}, "geometry": {"type": "Polygon", "coordinates": [[[-79.9371509, 32.773194], [-79.9373608, 32.7731672], [-79.93736, 32.7731629], [-79.9374334, 32.7731535], [-79.9374245, 32.7731041], [-79.9373807, 32.7731097], [-79.9373851, 32.7731343], [-79.9373558, 32.773138], [-79.9373513, 32.7731133], [-79.9373223, 32.773117], [-79.9373111, 32.7730548], [-79.937136, 32.7730771], [-79.9371403, 32.7731007], [-79.9371345, 32.7731029], [-79.9371509, 32.773194]]]}}, {"id": "186", "type": "Feature", "properties": {"id": "9f3cdc36-2d76-424b-b34e-215cea07764e", "name": "The Robert Limehouse House", "subtype": "residential", "class": "detached", "height": 10.0, "num_floors": 2, "surge_class": 5, "surge_ft": 4.5, "flood_active": false, "exposure_score": 0.135, "exposure_category": "low"}, "geometry": {"type": "Polygon", "coordinates": [[[-79.9371813, 32.7733137], [-79.9374297, 32.7732831], [-79.9374249, 32.7732553], [-79.9373804, 32.7732608], [-79.9373764, 32.7732374], [-79.9373294, 32.7732432], [-79.9373257, 32.7732222], [-79.9371687, 32.7732416], [-79.9371813, 32.7733137]]]}}, {"id": "187", "type": "Feature", "properties": {"id": "9d339dc8-ffde-406d-9712-56ad2aaadc5a", "name": null, "subtype": "residential", "class": "detached", "height": 6.6737518310546875, "num_floors": 2, "surge_class": 4, "surge_ft": 3.5, "flood_active": false, "exposure_score": 0.105, "exposure_category": "low"}, "geometry": {"type": "Polygon", "coordinates": [[[-79.9371812, 32.7734193], [-79.9374426, 32.7733909], [-79.9374345, 32.773338], [-79.9373381, 32.7733484], [-79.9373339, 32.773321], [-79.9371689, 32.7733389], [-79.9371812, 32.7734193]]]}}, {"id": "188", "type": "Feature", "properties": {"id": "d9cbb953-26fb-4f82-ace9-074adc695dc6", "name": null, "subtype": "residential", "class": "detached", "height": 5.826744079589844, "num_floors": 2, "surge_class": 5, "surge_ft": 4.5, "flood_active": false, "exposure_score": 0.135, "exposure_category": "low"}, "geometry": {"type": "Polygon", "coordinates": [[[-79.9371937, 32.7735203], [-79.9374187, 32.7734972], [-79.9374069, 32.7734162], [-79.937182, 32.7734394], [-79.9371937, 32.7735203]]]}}, {"id": "189", "type": "Feature", "properties": {"id": "1398473b-87a8-4cfc-a4e6-b43d5c2d6ecd", "name": null, "subtype": "residential", "class": "detached", "height": 6.446307182312012, "num_floors": 2, "surge_class": 6, "surge_ft": 5.5, "flood_active": false, "exposure_score": 0.165, "exposure_category": "low"}, "geometry": {"type": "Polygon", "coordinates": [[[-79.9368231, 32.7735604], [-79.9370357, 32.7735429], [-79.9370275, 32.7734723], [-79.9368149, 32.7734898], [-79.9368231, 32.7735604]]]}}, {"id": "190", "type": "Feature", "properties": {"id": "f98bd9e7-427e-44e6-9106-55247784be21", "name": null, "subtype": "residential", "class": "detached", "height": 6.270962238311768, "num_floors": 2, "surge_class": 5, "surge_ft": 4.5, "flood_active": false, "exposure_score": 0.135, "exposure_category": "low"}, "geometry": {"type": "Polygon", "coordinates": [[[-79.9367602, 32.773672], [-79.9370518, 32.773643], [-79.9370408, 32.7735652], [-79.9368442, 32.7735847], [-79.9368469, 32.7736038], [-79.9368095, 32.7736075], [-79.9368145, 32.773643], [-79.9367569, 32.7736487], [-79.9367602, 32.773672]]]}}, {"id": "191", "type": "Feature", "properties": {"id": "2c0d6716-ebd5-49e3-8ec5-16e4dfdfac2e", "name": null, "subtype": "residential", "class": "detached", "height": 5.998906135559082, "num_floors": 2, "surge_class": 6, "surge_ft": 5.5, "flood_active": false, "exposure_score": 0.165, "exposure_category": "low"}, "geometry": {"type": "Polygon", "coordinates": [[[-79.936929, 32.7737902], [-79.9371006, 32.7737713], [-79.9370925, 32.773719], [-79.9370868, 32.7737196], [-79.9370842, 32.7737031], [-79.9369735, 32.7737152], [-79.936972, 32.7737058], [-79.9369177, 32.7737117], [-79.9369185, 32.7737171], [-79.9368733, 32.7737221], [-79.9368763, 32.773741], [-79.9368625, 32.7737426], [-79.9368698, 32.7737899], [-79.9369279, 32.7737835], [-79.936929, 32.7737902]]]}}, {"id": "192", "type": "Feature", "properties": {"id": "d10eff11-ca72-4e73-ab5b-efbdc00fc994", "name": null, "subtype": "outbuilding", "class": "outbuilding", "height": null, "num_floors": null, "surge_class": 5, "surge_ft": 4.5, "flood_active": false, "exposure_score": 0.135, "exposure_category": "low"}, "geometry": {"type": "Polygon", "coordinates": [[[-79.9368834, 32.7737005], [-79.9368785, 32.7736644], [-79.9368446, 32.7736676], [-79.9368518, 32.7737207], [-79.9368665, 32.7737193], [-79.9368642, 32.7737023], [-79.9368834, 32.7737005]]]}}, {"id": "193", "type": "Feature", "properties": {"id": "b2f4e4e7-e2c4-49a1-bda6-4cac9765d779", "name": null, "subtype": "residential", "class": "detached", "height": 6.409123420715332, "num_floors": 2, "surge_class": 5, "surge_ft": 4.5, "flood_active": false, "exposure_score": 0.135, "exposure_category": "low"}, "geometry": {"type": "Polygon", "coordinates": [[[-79.9367828, 32.7734688], [-79.9370145, 32.7734479], [-79.9370061, 32.773382], [-79.9368947, 32.773392], [-79.9368933, 32.7733808], [-79.9368861, 32.7733726], [-79.9368761, 32.7733669], [-79.9368643, 32.7733643], [-79.9368522, 32.7733653], [-79.9368412, 32.7733697], [-79.9368327, 32.7733769], [-79.9368275, 32.7733862], [-79.9368291, 32.7733985], [-79.9368249, 32.7733988], [-79.9368254, 32.7734029], [-79.9367858, 32.7734065], [-79.9367875, 32.7734195], [-79.9367767, 32.7734204], [-79.9367828, 32.7734688]]]}}, {"id": "194", "type": "Feature", "properties": {"id": "ab0e2233-26d2-489f-8000-29b2adea3963", "name": "The William Pinckney Shingler House", "subtype": "residential", "class": "detached", "height": 14.0, "num_floors": 3, "surge_class": 5, "surge_ft": 4.5, "flood_active": false, "exposure_score": 0.135, "exposure_category": "low"}, "geometry": {"type": "Polygon", "coordinates": [[[-79.9366962, 32.7733649], [-79.9370362, 32.7733287], [-79.9370218, 32.7732327], [-79.9367977, 32.7732566], [-79.9368018, 32.773284], [-79.9367062, 32.7732941], [-79.9367095, 32.773316], [-79.9366891, 32.7733182], [-79.9366962, 32.7733649]]]}}, {"id": "195", "type": "Feature", "properties": {"id": "b7eec563-3713-4a80-9310-79e6cfc8ef9e", "name": null, "subtype": "outbuilding", "class": "outbuilding", "height": 6.279666900634766, "num_floors": null, "surge_class": 4, "surge_ft": 3.5, "flood_active": false, "exposure_score": 0.105, "exposure_category": "low"}, "geometry": {"type": "Polygon", "coordinates": [[[-79.9365656, 32.773322], [-79.9365734, 32.7733802], [-79.9366811, 32.77337], [-79.9366732, 32.7733117], [-79.9365656, 32.773322]]]}}, {"id": "196", "type": "Feature", "properties": {"id": "44a29cd8-d51a-4f88-8304-09e20e2fb472", "name": null, "subtype": "residential", "class": "garage", "height": 4.359550476074219, "num_floors": 2, "surge_class": 4, "surge_ft": 3.5, "flood_active": false, "exposure_score": 0.105, "exposure_category": "low"}, "geometry": {"type": "Polygon", "coordinates": [[[-79.936604, 32.7734588], [-79.9367101, 32.7734473], [-79.9367043, 32.7734093], [-79.9365982, 32.7734207], [-79.936604, 32.7734588]]]}}, {"id": "197", "type": "Feature", "properties": {"id": "6d96ba8e-c5b1-43ff-bdbc-fae1862d5407", "name": null, "subtype": "outbuilding", "class": "outbuilding", "height": null, "num_floors": null, "surge_class": 4, "surge_ft": 3.5, "flood_active": false, "exposure_score": 0.105, "exposure_category": "low"}, "geometry": {"type": "Polygon", "coordinates": [[[-79.9366536, 32.7734032], [-79.9366833, 32.7734], [-79.9366796, 32.7733762], [-79.9366499, 32.7733794], [-79.9366536, 32.7734032]]]}}, {"id": "198", "type": "Feature", "properties": {"id": "2eb414e2-4858-4e89-a78c-190d096abbbf", "name": null, "subtype": "residential", "class": "detached", "height": 5.412327766418457, "num_floors": 2, "surge_class": 5, "surge_ft": 4.5, "flood_active": false, "exposure_score": 0.135, "exposure_category": "low"}, "geometry": {"type": "Polygon", "coordinates": [[[-79.9366002, 32.7736541], [-79.9367383, 32.7736426], [-79.9367271, 32.7735475], [-79.9366846, 32.773551], [-79.9366868, 32.7735698], [-79.9365912, 32.7735778], [-79.9366002, 32.7736541]]]}}, {"id": "199", "type": "Feature", "properties": {"id": "ad28585d-d7da-4cc0-97fa-ff60695ea38b", "name": null, "subtype": "residential", "class": "detached", "height": 6.62998104095459, "num_floors": 2, "surge_class": 4, "surge_ft": 3.5, "flood_active": false, "exposure_score": 0.105, "exposure_category": "low"}, "geometry": {"type": "Polygon", "coordinates": [[[-79.9366155, 32.7737597], [-79.9367351, 32.7737499], [-79.9367257, 32.7736686], [-79.936709, 32.77367], [-79.9367068, 32.7736511], [-79.9366692, 32.7736542], [-79.9366711, 32.7736709], [-79.9366524, 32.7736724], [-79.9366574, 32.7737158], [-79.9366109, 32.7737196], [-79.9366155, 32.7737597]]]}}, {"id": "200", "type": "Feature", "properties": {"id": "c84fc776-fa2c-4813-aeda-8cbf521a1d72", "name": null, "subtype": "residential", "class": "detached", "height": 5.730896949768066, "num_floors": 2, "surge_class": 5, "surge_ft": 4.5, "flood_active": false, "exposure_score": 0.135, "exposure_category": "low"}, "geometry": {"type": "Polygon", "coordinates": [[[-79.9363668, 32.773349], [-79.9364812, 32.7733378], [-79.9364667, 32.7732333], [-79.9363523, 32.7732445], [-79.9363668, 32.773349]]]}}, {"id": "201", "type": "Feature", "properties": {"id": "428b3aa0-79ab-4d5b-b201-05bfde3d5136", "name": null, "subtype": "residential", "class": "detached", "height": null, "num_floors": 1, "surge_class": 5, "surge_ft": 4.5, "flood_active": false, "exposure_score": 0.135, "exposure_category": "low"}, "geometry": {"type": "Polygon", "coordinates": [[[-79.9363496, 32.7732658], [-79.9363406, 32.7731906], [-79.9362732, 32.7731963], [-79.9362736, 32.7731999], [-79.9360827, 32.7732161], [-79.936083, 32.7732187], [-79.9360863, 32.7732459], [-79.9361112, 32.7732438], [-79.9361133, 32.7732609], [-79.9361359, 32.773274], [-79.9361642, 32.7732794], [-79.9362025, 32.7732758], [-79.936223, 32.7732657], [-79.9362428, 32.7732478], [-79.9362416, 32.7732373], [-79.9362714, 32.7732348], [-79.9362759, 32.7732721], [-79.9363496, 32.7732658]]]}}, {"id": "202", "type": "Feature", "properties": {"id": "d2c424ac-c086-4b08-807c-4061e3ec9916", "name": "Samuel Edward Axson House", "subtype": "residential", "class": "detached", "height": 11.0, "num_floors": 2, "surge_class": 6, "surge_ft": 5.5, "flood_active": false, "exposure_score": 0.165, "exposure_category": "low"}, "geometry": {"type": "Polygon", "coordinates": [[[-79.9363265, 32.7730903], [-79.9364018, 32.7730826], [-79.9363895, 32.7729975], [-79.9362579, 32.773011], [-79.9362607, 32.7730302], [-79.9362507, 32.7730312], [-79.9362544, 32.773057], [-79.9361624, 32.7730664], [-79.936173, 32.7731398], [-79.9362725, 32.7731296], [-79.936272, 32.773126], [-79.9363308, 32.77312], [-79.9363265, 32.7730903]]]}}, {"id": "203", "type": "Feature", "properties": {"id": "6e18a320-2f28-456e-9338-d1496501d568", "name": null, "subtype": "residential", "class": "detached", "height": 6.48115873336792, "num_floors": 2, "surge_class": 4, "surge_ft": 3.5, "flood_active": false, "exposure_score": 0.105, "exposure_category": "low"}, "geometry": {"type": "Polygon", "coordinates": [[[-79.9367363, 32.7731599], [-79.9367611, 32.7731573], [-79.9367477, 32.7730652], [-79.9367167, 32.7730684], [-79.9367147, 32.7730545], [-79.9366543, 32.7730608], [-79.9366553, 32.7730674], [-79.9365915, 32.773074], [-79.9365904, 32.7730668], [-79.9365263, 32.7730734], [-79.936534, 32.7731258], [-79.9365996, 32.7731191], [-79.9366083, 32.7731789], [-79.936623, 32.7731774], [-79.9366238, 32.773183], [-79.9366713, 32.7731781], [-79.9366718, 32.7731813], [-79.9367384, 32.7731744], [-79.9367363, 32.7731599]]]}}, {"id": "204", "type": "Feature", "properties": {"id": "fab92cc8-5539-4a5a-9fc9-4ae99c79db28", "name": "The Jane Stewart House", "subtype": "residential", "class": "detached", "height": 11.0, "num_floors": 2, "surge_class": 6, "surge_ft": 5.5, "flood_active": false, "exposure_score": 0.165, "exposure_category": "low"}, "geometry": {"type": "Polygon", "coordinates": [[[-79.9366551, 32.773036], [-79.9366435, 32.7729046], [-79.9365027, 32.7729134], [-79.9365117, 32.7730153], [-79.9365762, 32.7730113], [-79.936581, 32.7730655], [-79.9366239, 32.7730628], [-79.9366217, 32.7730381], [-79.9366551, 32.773036]]]}}, {"id": "205", "type": "Feature", "properties": {"id": "70343113-bd67-487f-a492-c3270c4d69d0", "name": null, "subtype": "residential", "class": "detached", "height": 9.635492324829102, "num_floors": 2, "surge_class": 5, "surge_ft": 4.5, "flood_active": false, "exposure_score": 0.135, "exposure_category": "low"}, "geometry": {"type": "Polygon", "coordinates": [[[-79.9364917, 32.7727735], [-79.936626, 32.7727617], [-79.9366088, 32.7726228], [-79.9364914, 32.7726331], [-79.9365017, 32.7727164], [-79.9364848, 32.7727179], [-79.9364917, 32.7727735]]]}}, {"id": "206", "type": "Feature", "properties": {"id": "37e4aa0d-323b-48ba-bb5c-3845d6ba38a1", "name": null, "subtype": "residential", "class": "detached", "height": 5.616832256317139, "num_floors": 3, "surge_class": 5, "surge_ft": 4.5, "flood_active": false, "exposure_score": 0.135, "exposure_category": "low"}, "geometry": {"type": "Polygon", "coordinates": [[[-79.936239, 32.7729469], [-79.9363743, 32.7729347], [-79.9363639, 32.7728532], [-79.9362055, 32.7728675], [-79.9362049, 32.7728625], [-79.9361449, 32.7728679], [-79.9361455, 32.7728728], [-79.9361085, 32.7728762], [-79.9361108, 32.7728943], [-79.9360692, 32.7728981], [-79.9360763, 32.7729538], [-79.9361188, 32.77295], [-79.9361196, 32.7729568], [-79.9362088, 32.7729488], [-79.9362084, 32.7729459], [-79.9362385, 32.7729432], [-79.936239, 32.7729469]]]}}, {"id": "207", "type": "Feature", "properties": {"id": "5eacaf60-5844-4a07-8da4-1db6be5856de", "name": null, "subtype": "residential", "class": "detached", "height": null, "num_floors": 2, "surge_class": 6, "surge_ft": 5.5, "flood_active": false, "exposure_score": 0.165, "exposure_category": "low"}, "geometry": {"type": "Polygon", "coordinates": [[[-79.9360958, 32.7727816], [-79.9363216, 32.7727576], [-79.9363081, 32.7726679], [-79.9361884, 32.7726806], [-79.9361895, 32.7726879], [-79.9361597, 32.7726911], [-79.9361637, 32.7727174], [-79.9360874, 32.7727255], [-79.9360958, 32.7727816]]]}}, {"id": "208", "type": "Feature", "properties": {"id": "7b7abca2-fe30-4d02-818d-8c8acb0a5d34", "name": null, "subtype": "residential", "class": "detached", "height": null, "num_floors": 2, "surge_class": 5, "surge_ft": 4.5, "flood_active": false, "exposure_score": 0.135, "exposure_category": "low"}, "geometry": {"type": "Polygon", "coordinates": [[[-79.9359569, 32.772742], [-79.9359559, 32.7727353], [-79.9358625, 32.772745], [-79.9358601, 32.7727291], [-79.9357172, 32.772744], [-79.9357301, 32.7728313], [-79.9359603, 32.7728072], [-79.9359593, 32.7728005], [-79.9360827, 32.7727876], [-79.9360742, 32.7727297], [-79.9359569, 32.772742]]]}}, {"id": "209", "type": "Feature", "properties": {"id": "dd1af113-b30e-4055-b6d6-e8d8c9748a21", "name": null, "subtype": "residential", "class": "garage", "height": null, "num_floors": null, "surge_class": 6, "surge_ft": 5.5, "flood_active": false, "exposure_score": 0.165, "exposure_category": "low"}, "geometry": {"type": "Polygon", "coordinates": [[[-79.9361797, 32.7731943], [-79.9361705, 32.7731347], [-79.9361329, 32.7731388], [-79.9360946, 32.7731737], [-79.9360992, 32.7732031], [-79.9361797, 32.7731943]]]}}, {"id": "210", "type": "Feature", "properties": {"id": "c891de84-e651-4dff-a92d-a9ae0a0815fa", "name": null, "subtype": "residential", "class": "detached", "height": null, "num_floors": 2, "surge_class": 5, "surge_ft": 4.5, "flood_active": false, "exposure_score": 0.135, "exposure_category": "low"}, "geometry": {"type": "Polygon", "coordinates": [[[-79.9358864, 32.7730115], [-79.9358799, 32.7729596], [-79.9357655, 32.7729699], [-79.935771, 32.7730132], [-79.9357527, 32.7730149], [-79.9357593, 32.7730671], [-79.9358943, 32.773055], [-79.9358939, 32.7730514], [-79.9359258, 32.7730485], [-79.9359207, 32.7730084], [-79.9358864, 32.7730115]]]}}, {"id": "211", "type": "Feature", "properties": {"id": "516ccc0b-ecff-4699-b11c-4ff1b61a40b2", "name": null, "subtype": "residential", "class": "detached", "height": null, "num_floors": 2, "surge_class": 5, "surge_ft": 4.5, "flood_active": false, "exposure_score": 0.135, "exposure_category": "low"}, "geometry": {"type": "Polygon", "coordinates": [[[-79.9357612, 32.7728554], [-79.9357727, 32.7729502], [-79.9359126, 32.7729382], [-79.935901, 32.7728433], [-79.9357612, 32.7728554]]]}}, {"id": "212", "type": "Feature", "properties": {"id": "7d8910b6-8f24-4683-ba5b-aa05b8dd04f2", "name": null, "subtype": "residential", "class": "detached", "height": 5.460029602050781, "num_floors": 2, "surge_class": 5, "surge_ft": 4.5, "flood_active": false, "exposure_score": 0.135, "exposure_category": "low"}, "geometry": {"type": "Polygon", "coordinates": [[[-79.9357412, 32.7727111], [-79.9359428, 32.7726908], [-79.9359339, 32.7726284], [-79.9358753, 32.7726343], [-79.9358773, 32.772648], [-79.9358446, 32.7726513], [-79.9358385, 32.7726085], [-79.9358224, 32.7726101], [-79.9358193, 32.7725889], [-79.9357265, 32.7725983], [-79.9357359, 32.772664], [-79.9357244, 32.7726652], [-79.9357296, 32.7727013], [-79.9357397, 32.7727003], [-79.9357412, 32.7727111]]]}}, {"id": "213", "type": "Feature", "properties": {"id": "e7f50a7a-3288-42a9-b4e3-89d131f0441c", "name": null, "subtype": "residential", "class": "detached", "height": 6.389675140380859, "num_floors": 2, "surge_class": 5, "surge_ft": 4.5, "flood_active": false, "exposure_score": 0.135, "exposure_category": "low"}, "geometry": {"type": "Polygon", "coordinates": [[[-79.9353547, 32.7729273], [-79.9355367, 32.7729112], [-79.9355276, 32.7728388], [-79.9353457, 32.7728549], [-79.9353547, 32.7729273]]]}}, {"id": "214", "type": "Feature", "properties": {"id": "005b204d-e8a7-4574-acd0-b054dd8c8130", "name": null, "subtype": "residential", "class": "detached", "height": 6.1320481300354, "num_floors": 2, "surge_class": 5, "surge_ft": 4.5, "flood_active": false, "exposure_score": 0.135, "exposure_category": "low"}, "geometry": {"type": "Polygon", "coordinates": [[[-79.9353645, 32.7727811], [-79.9354983, 32.7727679], [-79.9354815, 32.7726474], [-79.9353643, 32.772659], [-79.935365, 32.7726638], [-79.9353146, 32.7726688], [-79.9353166, 32.7726836], [-79.9352983, 32.7726854], [-79.9353107, 32.772774], [-79.9353268, 32.7727724], [-79.9353275, 32.7727773], [-79.9353634, 32.7727738], [-79.9353645, 32.7727811]]]}}, {"id": "215", "type": "Feature", "properties": {"id": "590068cd-0534-4d56-834d-fb1fa51d8fbe", "name": null, "subtype": "outbuilding", "class": "outbuilding", "height": null, "num_floors": null, "surge_class": 5, "surge_ft": 4.5, "flood_active": false, "exposure_score": 0.135, "exposure_category": "low"}, "geometry": {"type": "Polygon", "coordinates": [[[-79.9351346, 32.7728142], [-79.9351686, 32.7728104], [-79.9351627, 32.7727736], [-79.9351437, 32.7727757], [-79.9351399, 32.7727513], [-79.9351249, 32.772753], [-79.9351346, 32.7728142]]]}}, {"id": "216", "type": "Feature", "properties": {"id": "7438e8b2-d971-468e-9b3d-7cf1e8b1c2c9", "name": null, "subtype": "residential", "class": "house", "height": null, "num_floors": null, "surge_class": 5, "surge_ft": 4.5, "flood_active": false, "exposure_score": 0.135, "exposure_category": "low"}, "geometry": {"type": "Polygon", "coordinates": [[[-79.935122, 32.772845], [-79.9351174, 32.772838], [-79.9351102, 32.7728327], [-79.9351014, 32.7728298], [-79.9350918, 32.7728296], [-79.9350828, 32.7728321], [-79.9350753, 32.772837], [-79.9350702, 32.7728437], [-79.9350682, 32.7728508], [-79.9350689, 32.7728581], [-79.9350723, 32.7728648], [-79.9350779, 32.7728704], [-79.9350853, 32.7728741], [-79.9350937, 32.7728758], [-79.9351024, 32.7728752], [-79.9351104, 32.7728724], [-79.9351169, 32.7728676], [-79.9351217, 32.7728607], [-79.9351235, 32.7728529], [-79.935122, 32.772845]]]}}, {"id": "217", "type": "Feature", "properties": {"id": "3ecdfaf7-f904-459a-a619-fda20716059c", "name": null, "subtype": "outbuilding", "class": "outbuilding", "height": null, "num_floors": null, "surge_class": 5, "surge_ft": 4.5, "flood_active": false, "exposure_score": 0.135, "exposure_category": "low"}, "geometry": {"type": "Polygon", "coordinates": [[[-79.9349943, 32.7728253], [-79.9350575, 32.7728323], [-79.9350692, 32.7727578], [-79.9350061, 32.7727508], [-79.9349943, 32.7728253]]]}}, {"id": "218", "type": "Feature", "properties": {"id": "8b3604b7-2697-4a1e-b6a4-cddbda431a27", "name": null, "subtype": "outbuilding", "class": "outbuilding", "height": null, "num_floors": null, "surge_class": 5, "surge_ft": 4.5, "flood_active": false, "exposure_score": 0.135, "exposure_category": "low"}, "geometry": {"type": "Polygon", "coordinates": [[[-79.9350109, 32.7730703], [-79.9351433, 32.7730566], [-79.9351345, 32.7729971], [-79.9350021, 32.7730108], [-79.9350109, 32.7730703]]]}}, {"id": "219", "type": "Feature", "properties": {"id": "aca7f73f-bb8a-4d8e-b685-cfd5ade7c5de", "name": "Sarah Ruth Simmons House", "subtype": "residential", "class": "detached", "height": 14.0, "num_floors": 3, "surge_class": 5, "surge_ft": 4.5, "flood_active": false, "exposure_score": 0.135, "exposure_category": "low"}, "geometry": {"type": "Polygon", "coordinates": [[[-79.9355687, 32.7733423], [-79.9355568, 32.7732397], [-79.9353624, 32.7732555], [-79.9353737, 32.7733536], [-79.9353402, 32.7733563], [-79.9353463, 32.7734092], [-79.9355693, 32.7733911], [-79.9355638, 32.7733427], [-79.9355687, 32.7733423]]]}}, {"id": "220", "type": "Feature", "properties": {"id": "70063cb6-21ca-4b55-af4c-84f500c4a4ce", "name": null, "subtype": "residential", "class": "detached", "height": null, "num_floors": 2, "surge_class": 4, "surge_ft": 3.5, "flood_active": false, "exposure_score": 0.105, "exposure_category": "low"}, "geometry": {"type": "Polygon", "coordinates": [[[-79.93566, 32.7734651], [-79.9356494, 32.7733724], [-79.9355818, 32.7733779], [-79.9355841, 32.7733981], [-79.9355629, 32.7733998], [-79.9355637, 32.7734064], [-79.9355384, 32.7734084], [-79.9355404, 32.773426], [-79.9355057, 32.7734288], [-79.9355066, 32.7734374], [-79.9354202, 32.7734444], [-79.9354263, 32.7734977], [-79.9355229, 32.7734899], [-79.9355242, 32.7735013], [-79.9355492, 32.7734993], [-79.9355482, 32.7734906], [-79.9356499, 32.7734823], [-79.935648, 32.7734661], [-79.93566, 32.7734651]]]}}, {"id": "221", "type": "Feature", "properties": {"id": "82e96a01-6230-4f3f-bd23-fb33010eae78", "name": null, "subtype": "residential", "class": "garage", "height": null, "num_floors": null, "surge_class": 4, "surge_ft": 3.5, "flood_active": false, "exposure_score": 0.105, "exposure_category": "low"}, "geometry": {"type": "Polygon", "coordinates": [[[-79.935302, 32.7734255], [-79.9353136, 32.7734832], [-79.9353936, 32.7734719], [-79.935382, 32.7734142], [-79.935302, 32.7734255]]]}}, {"id": "222", "type": "Feature", "properties": {"id": "5a02b653-c839-45a6-aec5-90a91753ccca", "name": null, "subtype": "outbuilding", "class": "outbuilding", "height": null, "num_floors": null, "surge_class": 4, "surge_ft": 3.5, "flood_active": false, "exposure_score": 0.105, "exposure_category": "low"}, "geometry": {"type": "Polygon", "coordinates": [[[-79.9349553, 32.7735754], [-79.9350199, 32.7735713], [-79.9350165, 32.7735341], [-79.9349519, 32.7735383], [-79.9349553, 32.7735754]]]}}, {"id": "223", "type": "Feature", "properties": {"id": "5d941561-76e1-4023-bdcb-aa873e3906d1", "name": "Joseph Winthrop House", "subtype": "residential", "class": "detached", "height": 8.0, "num_floors": 2, "surge_class": 3, "surge_ft": 2.5, "flood_active": false, "exposure_score": 0.075, "exposure_category": "low"}, "geometry": {"type": "Polygon", "coordinates": [[[-79.9351095, 32.773837], [-79.9351639, 32.7738321], [-79.9351244, 32.7735218], [-79.93507, 32.7735266], [-79.9351095, 32.773837]]]}}, {"id": "224", "type": "Feature", "properties": {"id": "28255946-0306-4df6-b153-a2fb4d21a006", "name": null, "subtype": "outbuilding", "class": "outbuilding", "height": null, "num_floors": null, "surge_class": 3, "surge_ft": 2.5, "flood_active": false, "exposure_score": 0.075, "exposure_category": "low"}, "geometry": {"type": "Polygon", "coordinates": [[[-79.9349219, 32.7736413], [-79.9349248, 32.7736996], [-79.9350056, 32.7737531], [-79.9350383, 32.7737182], [-79.9349219, 32.7736413]]]}}, {"id": "225", "type": "Feature", "properties": {"id": "93597637-0b92-4701-bbbf-b79034e597a2", "name": null, "subtype": "outbuilding", "class": "outbuilding", "height": null, "num_floors": null, "surge_class": 3, "surge_ft": 2.5, "flood_active": false, "exposure_score": 0.075, "exposure_category": "low"}, "geometry": {"type": "Polygon", "coordinates": [[[-79.9354252, 32.7735807], [-79.9354326, 32.7736199], [-79.9355403, 32.7736056], [-79.935533, 32.7735664], [-79.9354252, 32.7735807]]]}}, {"id": "226", "type": "Feature", "properties": {"id": "8342ad0a-898d-4917-b98c-32a4e9d9e614", "name": null, "subtype": "outbuilding", "class": "outbuilding", "height": null, "num_floors": null, "surge_class": 4, "surge_ft": 3.5, "flood_active": false, "exposure_score": 0.105, "exposure_category": "low"}, "geometry": {"type": "Polygon", "coordinates": [[[-79.9355299, 32.7735384], [-79.9355599, 32.7735356], [-79.9355567, 32.773511], [-79.9355266, 32.7735138], [-79.9355299, 32.7735384]]]}}, {"id": "227", "type": "Feature", "properties": {"id": "e3c696df-3128-472d-9713-d99990474b16", "name": null, "subtype": "residential", "class": "detached", "height": 6.717707633972168, "num_floors": 2, "surge_class": 4, "surge_ft": 3.5, "flood_active": false, "exposure_score": 0.105, "exposure_category": "low"}, "geometry": {"type": "Polygon", "coordinates": [[[-79.9358507, 32.7735401], [-79.9360149, 32.7735239], [-79.9359976, 32.7733998], [-79.9358323, 32.7734161], [-79.9358422, 32.773487], [-79.9358244, 32.7734887], [-79.9358297, 32.7735269], [-79.9358486, 32.773525], [-79.9358507, 32.7735401]]]}}, {"id": "228", "type": "Feature", "properties": {"id": "84bd6168-232e-4bc7-8cb0-67ac90ac18f7", "name": null, "subtype": "residential", "class": "detached", "height": 5.737834930419922, "num_floors": 2, "surge_class": 5, "surge_ft": 4.5, "flood_active": false, "exposure_score": 0.135, "exposure_category": "low"}, "geometry": {"type": "Polygon", "coordinates": [[[-79.9358292, 32.7733162], [-79.9359825, 32.7733006], [-79.9359669, 32.7731921], [-79.9358152, 32.7732075], [-79.9358157, 32.7732108], [-79.9357927, 32.7732131], [-79.9358072, 32.7733142], [-79.9358286, 32.773312], [-79.9358292, 32.7733162]]]}}, {"id": "229", "type": "Feature", "properties": {"id": "7076f640-086d-41ae-810e-19789f549c4d", "name": null, "subtype": "outbuilding", "class": "outbuilding", "height": null, "num_floors": 3, "surge_class": 4, "surge_ft": 3.5, "flood_active": false, "exposure_score": 0.105, "exposure_category": "low"}, "geometry": {"type": "Polygon", "coordinates": [[[-79.9360284, 32.7732507], [-79.9360459, 32.7733953], [-79.9361037, 32.7733903], [-79.9360863, 32.7732459], [-79.936083, 32.7732187], [-79.9360307, 32.7732231], [-79.936034, 32.7732502], [-79.9360284, 32.7732507]]]}}, {"id": "230", "type": "Feature", "properties": {"id": "cbfa081b-e28b-454d-a5d4-11d2c4c025d1", "name": "Bowles-Legare-Parker House", "subtype": "residential", "class": "detached", "height": 17.0, "num_floors": 3, "surge_class": 4, "surge_ft": 3.5, "flood_active": false, "exposure_score": 0.105, "exposure_category": "low"}, "geometry": {"type": "Polygon", "coordinates": [[[-79.9361722, 32.773632], [-79.9361852, 32.7736307], [-79.936161, 32.7734618], [-79.9361361, 32.7734643], [-79.9361284, 32.773411], [-79.9360534, 32.7734187], [-79.9360586, 32.7734549], [-79.9360512, 32.7734556], [-79.9360529, 32.7734668], [-79.9360455, 32.7734676], [-79.9360716, 32.7736492], [-79.9361497, 32.7736413], [-79.9361487, 32.7736344], [-79.9361722, 32.773632]]]}}, {"id": "231", "type": "Feature", "properties": {"id": "7be14fe1-4913-4205-9682-434598f42a4b", "name": null, "subtype": "residential", "class": "detached", "height": null, "num_floors": 2, "surge_class": 4, "surge_ft": 3.5, "flood_active": false, "exposure_score": 0.105, "exposure_category": "low"}, "geometry": {"type": "Polygon", "coordinates": [[[-79.9358618, 32.7737087], [-79.9360068, 32.7736954], [-79.9359915, 32.7735772], [-79.9358464, 32.7735906], [-79.9358618, 32.7737087]]]}}, {"id": "232", "type": "Feature", "properties": {"id": "499a4061-49e7-4c7c-b2a9-b74b87667ae4", "name": null, "subtype": "outbuilding", "class": "outbuilding", "height": null, "num_floors": 2, "surge_class": 3, "surge_ft": 2.5, "flood_active": false, "exposure_score": 0.075, "exposure_category": "low"}, "geometry": {"type": "Polygon", "coordinates": [[[-79.9360017, 32.773628], [-79.9360084, 32.7736793], [-79.9360317, 32.7736772], [-79.9360485, 32.7738058], [-79.9360892, 32.7738021], [-79.9360684, 32.7736429], [-79.9360478, 32.7736448], [-79.9360451, 32.773624], [-79.9360017, 32.773628]]]}}, {"id": "233", "type": "Feature", "properties": {"id": "863940dc-4f39-4f9a-b991-28ed08790229", "name": null, "subtype": "residential", "class": "detached", "height": null, "num_floors": 2, "surge_class": 3, "surge_ft": 2.5, "flood_active": false, "exposure_score": 0.075, "exposure_category": "low"}, "geometry": {"type": "Polygon", "coordinates": [[[-79.9360089, 32.7737353], [-79.9358327, 32.7737505], [-79.935847, 32.7738681], [-79.9360232, 32.773853], [-79.9360089, 32.7737353]]]}}, {"id": "234", "type": "Feature", "properties": {"id": "237e57b5-de1c-463d-9cde-89aa4a652e2b", "name": null, "subtype": "residential", "class": "detached", "height": 7.000432968139648, "num_floors": 3, "surge_class": 2, "surge_ft": 1.5, "flood_active": false, "exposure_score": 0.045, "exposure_category": "low"}, "geometry": {"type": "Polygon", "coordinates": [[[-79.9358727, 32.7740495], [-79.936135, 32.7740191], [-79.9361188, 32.7739205], [-79.936056, 32.7739278], [-79.9360534, 32.7739118], [-79.9359843, 32.7739198], [-79.9359824, 32.7739084], [-79.9358999, 32.773918], [-79.9359033, 32.7739388], [-79.9358554, 32.7739443], [-79.9358727, 32.7740495]]]}}, {"id": "235", "type": "Feature", "properties": {"id": "80319a96-b420-4165-a7c0-3dd5aab9b537", "name": "A. Markley Lee House", "subtype": "residential", "class": "detached", "height": 14.0, "num_floors": 3, "surge_class": 4, "surge_ft": 3.5, "flood_active": false, "exposure_score": 0.105, "exposure_category": "low"}, "geometry": {"type": "Polygon", "coordinates": [[[-79.936086, 32.7743293], [-79.9360863, 32.774333], [-79.9361457, 32.7743292], [-79.9361315, 32.7741712], [-79.9360987, 32.7741733], [-79.9360794, 32.7741593], [-79.9360574, 32.7741611], [-79.9360448, 32.7741766], [-79.9360146, 32.7741786], [-79.936031, 32.7743581], [-79.9360381, 32.7743576], [-79.9360447, 32.7744298], [-79.9361049, 32.7744259], [-79.936098, 32.7743506], [-79.9360669, 32.7743526], [-79.9360649, 32.7743306], [-79.936086, 32.7743293]]]}}, {"id": "236", "type": "Feature", "properties": {"id": "32ce2faf-c25a-432e-8dd9-2d69fe22b424", "name": null, "subtype": "residential", "class": "detached", "height": null, "num_floors": 2, "surge_class": 3, "surge_ft": 2.5, "flood_active": false, "exposure_score": 0.075, "exposure_category": "low"}, "geometry": {"type": "Polygon", "coordinates": [[[-79.9360042, 32.7742908], [-79.9360004, 32.7742415], [-79.9360136, 32.7742407], [-79.93601, 32.7741947], [-79.9359893, 32.7741959], [-79.9359872, 32.7741687], [-79.9359366, 32.7741715], [-79.9359386, 32.774196], [-79.9359191, 32.7741971], [-79.9359229, 32.7742452], [-79.9359378, 32.7742443], [-79.9359417, 32.7742943], [-79.9360042, 32.7742908]]]}}, {"id": "237", "type": "Feature", "properties": {"id": "136e13e1-4f80-467f-a039-5ab6fbcbfee8", "name": null, "subtype": "outbuilding", "class": "shed", "height": null, "num_floors": null, "surge_class": 3, "surge_ft": 2.5, "flood_active": false, "exposure_score": 0.075, "exposure_category": "low"}, "geometry": {"type": "Polygon", "coordinates": [[[-79.9358925, 32.7742502], [-79.9358953, 32.7742955], [-79.9359332, 32.7742939], [-79.9359304, 32.7742486], [-79.9358925, 32.7742502]]]}}, {"id": "238", "type": "Feature", "properties": {"id": "a7afaa09-32b3-4e71-bb48-fb88c846a066", "name": null, "subtype": "residential", "class": "detached", "height": 6.63906192779541, "num_floors": 3, "surge_class": 3, "surge_ft": 2.5, "flood_active": false, "exposure_score": 0.075, "exposure_category": "low"}, "geometry": {"type": "Polygon", "coordinates": [[[-79.9358636, 32.7743122], [-79.9358483, 32.7741776], [-79.9356665, 32.7741922], [-79.9356818, 32.7743268], [-79.9358636, 32.7743122]]]}}, {"id": "239", "type": "Feature", "properties": {"id": "1e600b6c-c74b-4c5c-9cb6-87a2100039a9", "name": null, "subtype": "residential", "class": "detached", "height": 6.533420085906982, "num_floors": 2, "surge_class": 2, "surge_ft": 1.5, "flood_active": false, "exposure_score": 0.045, "exposure_category": "low"}, "geometry": {"type": "Polygon", "coordinates": [[[-79.9356024, 32.7740525], [-79.9357074, 32.774043], [-79.9356885, 32.7738953], [-79.9356468, 32.7738991], [-79.9356407, 32.7738519], [-79.9356144, 32.7738543], [-79.9356163, 32.773869], [-79.9355794, 32.7738724], [-79.9356024, 32.7740525]]]}}, {"id": "240", "type": "Feature", "properties": {"id": "13df6319-f91f-4198-a462-b9e05b2dfed6", "name": null, "subtype": "residential", "class": "detached", "height": 5.898421287536621, "num_floors": 2, "surge_class": 2, "surge_ft": 1.5, "flood_active": false, "exposure_score": 0.045, "exposure_category": "low"}, "geometry": {"type": "Polygon", "coordinates": [[[-79.9354704, 32.7740315], [-79.9355813, 32.7740223], [-79.9355594, 32.7738353], [-79.9355101, 32.7738393], [-79.9355114, 32.7738503], [-79.9354498, 32.7738554], [-79.9354704, 32.7740315]]]}}, {"id": "241", "type": "Feature", "properties": {"id": "c5805cb3-c727-405a-9852-a7653ebcda39", "name": null, "subtype": "residential", "class": "detached", "height": 6.668465614318848, "num_floors": 2, "surge_class": 2, "surge_ft": 1.5, "flood_active": false, "exposure_score": 0.045, "exposure_category": "low"}, "geometry": {"type": "Polygon", "coordinates": [[[-79.9353441, 32.7740102], [-79.9354534, 32.7739994], [-79.9354325, 32.7738508], [-79.9353839, 32.7738556], [-79.9353803, 32.7738302], [-79.9353759, 32.7738307], [-79.935375, 32.7738248], [-79.9353312, 32.7738292], [-79.9353319, 32.7738343], [-79.9353196, 32.7738355], [-79.9353441, 32.7740102]]]}}, {"id": "242", "type": "Feature", "properties": {"id": "ac6906f3-bea5-4cce-9ca2-3bdee30377e2", "name": null, "subtype": null, "class": null, "height": 8.553647994995117, "num_floors": null, "surge_class": 4, "surge_ft": 3.5, "flood_active": false, "exposure_score": 0.105, "exposure_category": "low"}, "geometry": {"type": "Polygon", "coordinates": [[[-79.935024, 32.774], [-79.935019, 32.773902], [-79.934976, 32.773904], [-79.934981, 32.774001], [-79.935024, 32.774]]]}}, {"id": "243", "type": "Feature", "properties": {"id": "9e6c3529-8b0f-4dea-bdae-d3d8fa4f6ab9", "name": null, "subtype": "residential", "class": "detached", "height": 14.0, "num_floors": 3, "surge_class": 3, "surge_ft": 2.5, "flood_active": false, "exposure_score": 0.075, "exposure_category": "low"}, "geometry": {"type": "Polygon", "coordinates": [[[-79.9352069, 32.7740276], [-79.9352458, 32.7740239], [-79.9352249, 32.773869], [-79.9351533, 32.7738758], [-79.935149, 32.7738438], [-79.9351043, 32.773848], [-79.9351117, 32.7739033], [-79.9351038, 32.773904], [-79.9351225, 32.7740425], [-79.9352078, 32.7740343], [-79.9352069, 32.7740276]]]}}, {"id": "244", "type": "Feature", "properties": {"id": "e28d9be6-dd9e-496e-8d7d-411c39e546a7", "name": "Humphrey Sommers House", "subtype": "residential", "class": "detached", "height": 15.0, "num_floors": 3, "surge_class": 3, "surge_ft": 2.5, "flood_active": false, "exposure_score": 0.075, "exposure_category": "low"}, "geometry": {"type": "Polygon", "coordinates": [[[-79.9352326, 32.7742259], [-79.9351424, 32.7742344], [-79.9351494, 32.7742868], [-79.9351383, 32.7742879], [-79.935144, 32.7743311], [-79.9351556, 32.77433], [-79.9351612, 32.7743722], [-79.9352065, 32.774368], [-79.9352097, 32.7743919], [-79.9352265, 32.7743903], [-79.9352287, 32.7743947], [-79.9352656, 32.7743916], [-79.935281, 32.7744007], [-79.9353302, 32.7743957], [-79.9353459, 32.7743759], [-79.9353439, 32.7743576], [-79.9353262, 32.7743516], [-79.9353178, 32.7742882], [-79.9353131, 32.7742886], [-79.9353097, 32.7742625], [-79.9352735, 32.7742658], [-79.9352682, 32.7742257], [-79.935233, 32.774229], [-79.9352326, 32.7742259]]]}}, {"id": "245", "type": "Feature", "properties": {"id": "379740a6-74f8-4fe4-84a1-1b42dc559837", "name": null, "subtype": "residential", "class": "garage", "height": null, "num_floors": null, "surge_class": 3, "surge_ft": 2.5, "flood_active": false, "exposure_score": 0.075, "exposure_category": "low"}, "geometry": {"type": "Polygon", "coordinates": [[[-79.9353639, 32.7745257], [-79.9354193, 32.7745204], [-79.9354021, 32.7743942], [-79.935347, 32.7743995], [-79.9353544, 32.7744541], [-79.9353271, 32.7744567], [-79.9353345, 32.774511], [-79.9353615, 32.7745084], [-79.9353639, 32.7745257]]]}}, {"id": "246", "type": "Feature", "properties": {"id": "22f29c44-d1d6-47b2-b35d-b7b07705f626", "name": "Dr. Peter Fayssoux House", "subtype": "residential", "class": "detached", "height": 16.0, "num_floors": 3, "surge_class": 2, "surge_ft": 1.5, "flood_active": false, "exposure_score": 0.045, "exposure_category": "low"}, "geometry": {"type": "Polygon", "coordinates": [[[-79.9350896, 32.7743517], [-79.9350953, 32.7743512], [-79.9350829, 32.7742629], [-79.9350437, 32.7742668], [-79.935043, 32.7742616], [-79.9349432, 32.7742715], [-79.934957, 32.77437], [-79.9349648, 32.7743692], [-79.9349701, 32.7744066], [-79.9349874, 32.7744049], [-79.9349916, 32.7744348], [-79.934966, 32.7744374], [-79.9349775, 32.7745194], [-79.9350368, 32.7745135], [-79.9350265, 32.7744403], [-79.935101, 32.7744329], [-79.9350896, 32.7743517]]]}}, {"id": "247", "type": "Feature", "properties": {"id": "45486f46-d1a4-40ba-930f-18668785fe38", "name": null, "subtype": "residential", "class": "detached", "height": null, "num_floors": 1, "surge_class": 2, "surge_ft": 1.5, "flood_active": false, "exposure_score": 0.045, "exposure_category": "low"}, "geometry": {"type": "Polygon", "coordinates": [[[-79.9350892, 32.7747962], [-79.9351412, 32.774791], [-79.9351351, 32.7747483], [-79.9351433, 32.7747475], [-79.9351388, 32.7747153], [-79.9351359, 32.7746953], [-79.9350348, 32.7747054], [-79.9350423, 32.7747582], [-79.9350832, 32.7747541], [-79.9350892, 32.7747962]]]}}, {"id": "248", "type": "Feature", "properties": {"id": "1d6839ba-02f8-48bf-9b57-4dca8c3dcf7a", "name": "Frost House", "subtype": "residential", "class": "detached", "height": 15.0, "num_floors": 4, "surge_class": 3, "surge_ft": 2.5, "flood_active": false, "exposure_score": 0.075, "exposure_category": "low"}, "geometry": {"type": "Polygon", "coordinates": [[[-79.9354307, 32.7746816], [-79.9355843, 32.7746682], [-79.9355726, 32.7745735], [-79.935569, 32.7745738], [-79.9355655, 32.7745457], [-79.9354279, 32.7745578], [-79.9354314, 32.7745853], [-79.9354256, 32.7745858], [-79.9354285, 32.7746092], [-79.9353599, 32.7746153], [-79.9353627, 32.7746381], [-79.9352529, 32.7746479], [-79.9352594, 32.7746995], [-79.9353841, 32.7746884], [-79.9353833, 32.7746816], [-79.9354302, 32.7746775], [-79.9354307, 32.7746816]]]}}, {"id": "249", "type": "Feature", "properties": {"id": "c8bbf3ba-e859-46ed-bfa4-ccbc0acaae67", "name": null, "subtype": "residential", "class": "detached", "height": null, "num_floors": 2, "surge_class": 5, "surge_ft": 4.5, "flood_active": false, "exposure_score": 0.135, "exposure_category": "low"}, "geometry": {"type": "Polygon", "coordinates": [[[-79.9358057, 32.774612], [-79.9361657, 32.7745793], [-79.9361596, 32.7745317], [-79.9360612, 32.7745406], [-79.93606, 32.7745318], [-79.9359591, 32.774541], [-79.9359529, 32.7744929], [-79.9357923, 32.7745075], [-79.9357979, 32.7745518], [-79.9357894, 32.7745596], [-79.9357906, 32.7745715], [-79.9358012, 32.7745769], [-79.9358057, 32.774612]]]}}, {"id": "250", "type": "Feature", "properties": {"id": "c1bdcd33-3f6c-4b1d-939c-ee2362ec6e65", "name": "Fannie Werner House", "subtype": "residential", "class": "detached", "height": 11.0, "num_floors": 2, "surge_class": 4, "surge_ft": 3.5, "flood_active": false, "exposure_score": 0.105, "exposure_category": "low"}, "geometry": {"type": "Polygon", "coordinates": [[[-79.935743, 32.7744253], [-79.9357456, 32.7744475], [-79.9357829, 32.7744443], [-79.9357833, 32.7744476], [-79.9358518, 32.7744418], [-79.9358513, 32.7744377], [-79.9359409, 32.77443], [-79.9359413, 32.7744327], [-79.9360371, 32.7744245], [-79.9360303, 32.7743683], [-79.9359775, 32.7743728], [-79.9359791, 32.7743858], [-79.9359199, 32.7743908], [-79.935918, 32.7743751], [-79.9359025, 32.7743663], [-79.9358615, 32.7743698], [-79.9358589, 32.7743486], [-79.9357397, 32.7743586], [-79.9357424, 32.7743815], [-79.9357328, 32.7743823], [-79.935738, 32.7744257], [-79.935743, 32.7744253]]]}}, {"id": "251", "type": "Feature", "properties": {"id": "2d0addfe-f94a-49b9-a838-4f64f0f32562", "name": "The John Lege House", "subtype": "residential", "class": "detached", "height": 12.0, "num_floors": 2, "surge_class": 4, "surge_ft": 3.5, "flood_active": false, "exposure_score": 0.105, "exposure_category": "low"}, "geometry": {"type": "Polygon", "coordinates": [[[-79.9358179, 32.7748582], [-79.9361433, 32.7748235], [-79.9361404, 32.7748044], [-79.9361659, 32.7748017], [-79.936161, 32.7747692], [-79.9361344, 32.774772], [-79.9361325, 32.7747593], [-79.9360826, 32.7747647], [-79.9360788, 32.7747394], [-79.936023, 32.7747453], [-79.9360119, 32.7747416], [-79.9359929, 32.774744], [-79.9359811, 32.774753], [-79.9358048, 32.7747718], [-79.9358179, 32.7748582]]]}}, {"id": "252", "type": "Feature", "properties": {"id": "cceb1f72-4583-44d3-af03-7e9be1453e08", "name": null, "subtype": "residential", "class": "apartments", "height": null, "num_floors": 2, "surge_class": 5, "surge_ft": 4.5, "flood_active": false, "exposure_score": 0.135, "exposure_category": "low"}, "geometry": {"type": "Polygon", "coordinates": [[[-79.9360186, 32.7747156], [-79.9363357, 32.774685], [-79.9363205, 32.7745737], [-79.9360034, 32.7746043], [-79.9360186, 32.7747156]]]}}, {"id": "253", "type": "Feature", "properties": {"id": "ad479423-f100-4c38-b293-f02174cdade9", "name": null, "subtype": "outbuilding", "class": "shed", "height": null, "num_floors": null, "surge_class": 5, "surge_ft": 4.5, "flood_active": false, "exposure_score": 0.135, "exposure_category": "low"}, "geometry": {"type": "Polygon", "coordinates": [[[-79.9362952, 32.7749052], [-79.9363293, 32.7749019], [-79.9363198, 32.7748315], [-79.9362857, 32.7748347], [-79.9362952, 32.7749052]]]}}, {"id": "254", "type": "Feature", "properties": {"id": "bba1ae5f-2eef-4c61-a6ad-73d7dc1e2452", "name": null, "subtype": "outbuilding", "class": "shed", "height": null, "num_floors": null, "surge_class": 5, "surge_ft": 4.5, "flood_active": false, "exposure_score": 0.135, "exposure_category": "low"}, "geometry": {"type": "Polygon", "coordinates": [[[-79.9366762, 32.7746007], [-79.9367094, 32.7746255], [-79.9367474, 32.7745895], [-79.9367143, 32.7745647], [-79.9366762, 32.7746007]]]}}, {"id": "255", "type": "Feature", "properties": {"id": "4b40e17f-662f-4c76-afae-ac62aa7fe3ca", "name": "Joseph Thompson House", "subtype": "residential", "class": "detached", "height": 12.0, "num_floors": 2, "surge_class": 5, "surge_ft": 4.5, "flood_active": false, "exposure_score": 0.135, "exposure_category": "low"}, "geometry": {"type": "Polygon", "coordinates": [[[-79.9362835, 32.774297], [-79.9362696, 32.7741613], [-79.936241, 32.7741633], [-79.9362403, 32.774157], [-79.9362333, 32.7741575], [-79.9362228, 32.7741473], [-79.9362036, 32.7741484], [-79.9361955, 32.7741603], [-79.9361629, 32.7741627], [-79.9361635, 32.7741684], [-79.9361489, 32.7741694], [-79.9361626, 32.7743041], [-79.9361696, 32.7743036], [-79.9361759, 32.7743651], [-79.936222, 32.7743618], [-79.93622, 32.7743417], [-79.9362376, 32.7743404], [-79.9362335, 32.7743006], [-79.9362835, 32.774297]]]}}, {"id": "256", "type": "Feature", "properties": {"id": "38a1f6cf-c4fb-4e0c-bbb5-bd66ed99c1ca", "name": "John Kenny House", "subtype": "residential", "class": "detached", "height": 12.0, "num_floors": 3, "surge_class": 5, "surge_ft": 4.5, "flood_active": false, "exposure_score": 0.135, "exposure_category": "low"}, "geometry": {"type": "Polygon", "coordinates": [[[-79.936418, 32.7742836], [-79.9364025, 32.7741391], [-79.9363733, 32.7741413], [-79.9363599, 32.7741289], [-79.9363402, 32.7741305], [-79.9363318, 32.7741444], [-79.936292, 32.7741474], [-79.9363075, 32.7742934], [-79.9363136, 32.774293], [-79.9363229, 32.7743805], [-79.9363774, 32.7743764], [-79.936375, 32.7743547], [-79.9363618, 32.7743557], [-79.9363546, 32.7742884], [-79.936418, 32.7742836]]]}}, {"id": "257", "type": "Feature", "properties": {"id": "de3d343d-1a98-4a97-9389-d5a1c3f7913e", "name": null, "subtype": "residential", "class": "detached", "height": 6.5557637214660645, "num_floors": 2, "surge_class": 4, "surge_ft": 3.5, "flood_active": false, "exposure_score": 0.105, "exposure_category": "low"}, "geometry": {"type": "Polygon", "coordinates": [[[-79.9365078, 32.7739313], [-79.9365369, 32.7739287], [-79.9365201, 32.7737989], [-79.9364898, 32.7738017], [-79.9364764, 32.7736984], [-79.9363848, 32.7737069], [-79.9364159, 32.7739452], [-79.9365085, 32.7739367], [-79.9365078, 32.7739313]]]}}, {"id": "258", "type": "Feature", "properties": {"id": "0f34a729-c569-41e6-a262-f18717539c0e", "name": "Daniel Z. Duncan House", "subtype": "residential", "class": "detached", "height": 8.0, "num_floors": 2, "surge_class": 5, "surge_ft": 4.5, "flood_active": false, "exposure_score": 0.135, "exposure_category": "low"}, "geometry": {"type": "Polygon", "coordinates": [[[-79.9366487, 32.7739768], [-79.9367067, 32.7739709], [-79.9367057, 32.7739635], [-79.9367189, 32.7739622], [-79.9367032, 32.7738522], [-79.9366318, 32.7738595], [-79.9366487, 32.7739768]]]}}, {"id": "259", "type": "Feature", "properties": {"id": "c072de7a-2981-4bee-944e-8e321bfef6f3", "name": null, "subtype": "residential", "class": "detached", "height": 5.455764293670654, "num_floors": 3, "surge_class": 6, "surge_ft": 5.5, "flood_active": false, "exposure_score": 0.165, "exposure_category": "low"}, "geometry": {"type": "Polygon", "coordinates": [[[-79.9366633, 32.7740994], [-79.936685, 32.7742818], [-79.9367686, 32.7742748], [-79.9367477, 32.7740992], [-79.936727, 32.774101], [-79.9367263, 32.7740951], [-79.9367169, 32.7740959], [-79.9367159, 32.7740877], [-79.9367034, 32.7740785], [-79.9366814, 32.7740805], [-79.9366721, 32.7740918], [-79.9366729, 32.7740986], [-79.9366633, 32.7740994]]]}}, {"id": "260", "type": "Feature", "properties": {"id": "c30076db-ccc1-45be-a00c-aa88499b9155", "name": null, "subtype": "residential", "class": "detached", "height": 5.969750881195068, "num_floors": 3, "surge_class": 5, "surge_ft": 4.5, "flood_active": false, "exposure_score": 0.135, "exposure_category": "low"}, "geometry": {"type": "Polygon", "coordinates": [[[-79.9365384, 32.7742254], [-79.9365256, 32.7740955], [-79.9364399, 32.7741015], [-79.9364607, 32.7743131], [-79.9365191, 32.774309], [-79.9365159, 32.7742769], [-79.936501, 32.774278], [-79.9364961, 32.7742284], [-79.9365384, 32.7742254]]]}}, {"id": "261", "type": "Feature", "properties": {"id": "0d0e9ab8-74e8-47c6-8b5b-e413eb4e7e70", "name": null, "subtype": "residential", "class": "detached", "height": 6.432414531707764, "num_floors": 2, "surge_class": 6, "surge_ft": 5.5, "flood_active": false, "exposure_score": 0.165, "exposure_category": "low"}, "geometry": {"type": "Polygon", "coordinates": [[[-79.9366672, 32.7743175], [-79.9366461, 32.7741339], [-79.9366405, 32.7741332], [-79.9366375, 32.7741071], [-79.936559, 32.7741135], [-79.9365618, 32.774137], [-79.9365546, 32.7741376], [-79.9365766, 32.7743273], [-79.936585, 32.7743266], [-79.9365907, 32.7743758], [-79.9366165, 32.7743737], [-79.9366106, 32.7743221], [-79.9366672, 32.7743175]]]}}, {"id": "262", "type": "Feature", "properties": {"id": "9e695503-6ae6-4e87-ae6c-66958daba8fd", "name": null, "subtype": "residential", "class": "detached", "height": 5.966254711151123, "num_floors": 3, "surge_class": 5, "surge_ft": 4.5, "flood_active": false, "exposure_score": 0.135, "exposure_category": "low"}, "geometry": {"type": "Polygon", "coordinates": [[[-79.9368914, 32.7742144], [-79.936873, 32.7740788], [-79.9367778, 32.774088], [-79.9368092, 32.7743206], [-79.9368744, 32.7743144], [-79.9368657, 32.7742494], [-79.9368931, 32.7742461], [-79.9368815, 32.7742154], [-79.9368914, 32.7742144]]]}}, {"id": "263", "type": "Feature", "properties": {"id": "58b0572a-a25c-4b82-b90f-a8251e6c0526", "name": null, "subtype": "residential", "class": "detached", "height": null, "num_floors": 3, "surge_class": 6, "surge_ft": 5.5, "flood_active": false, "exposure_score": 0.165, "exposure_category": "low"}, "geometry": {"type": "Polygon", "coordinates": [[[-79.9369631, 32.7740303], [-79.9369627, 32.7740265], [-79.9368988, 32.7740316], [-79.9369263, 32.7742756], [-79.9369871, 32.7742707], [-79.9369833, 32.774237], [-79.9369946, 32.7742361], [-79.9369852, 32.7741531], [-79.9370047, 32.7741515], [-79.9369907, 32.7740281], [-79.9369631, 32.7740303]]]}}, {"id": "264", "type": "Feature", "properties": {"id": "304412d6-83b1-49c4-927e-802da0fba42b", "name": null, "subtype": "residential", "class": "apartments", "height": 5.622098445892334, "num_floors": 2, "surge_class": 5, "surge_ft": 4.5, "flood_active": false, "exposure_score": 0.135, "exposure_category": "low"}, "geometry": {"type": "Polygon", "coordinates": [[[-79.9367753, 32.7739611], [-79.9368227, 32.7739562], [-79.9368164, 32.7739133], [-79.9368499, 32.7739098], [-79.9368272, 32.7737548], [-79.9367577, 32.773762], [-79.9367621, 32.7737922], [-79.9367508, 32.7737934], [-79.9367753, 32.7739611]]]}}, {"id": "265", "type": "Feature", "properties": {"id": "0536e989-5e97-4ba3-87f5-44be57c189d0", "name": null, "subtype": "residential", "class": "semidetached_house", "height": null, "num_floors": 2, "surge_class": 5, "surge_ft": 4.5, "flood_active": false, "exposure_score": 0.135, "exposure_category": "low"}, "geometry": {"type": "Polygon", "coordinates": [[[-79.9369318, 32.773941], [-79.9370019, 32.7739335], [-79.936986, 32.773829], [-79.9369807, 32.7737951], [-79.9369104, 32.7738028], [-79.9369318, 32.773941]]]}}, {"id": "266", "type": "Feature", "properties": {"id": "69de1e8b-0597-4ecf-b6de-148e73de8f43", "name": null, "subtype": "residential", "class": "semidetached_house", "height": null, "num_floors": 2, "surge_class": 6, "surge_ft": 5.5, "flood_active": false, "exposure_score": 0.165, "exposure_category": "low"}, "geometry": {"type": "Polygon", "coordinates": [[[-79.9370019, 32.7739335], [-79.9370768, 32.7739255], [-79.9370593, 32.7738096], [-79.9370287, 32.7738129], [-79.9370304, 32.7738243], [-79.936986, 32.773829], [-79.9370019, 32.7739335]]]}}, {"id": "267", "type": "Feature", "properties": {"id": "f8744002-3853-41f2-82b1-11fffcaeadd5", "name": "The S.J.L. Matthews House", "subtype": "residential", "class": "detached", "height": 10.0, "num_floors": 2, "surge_class": 5, "surge_ft": 4.5, "flood_active": false, "exposure_score": 0.135, "exposure_category": "low"}, "geometry": {"type": "Polygon", "coordinates": [[[-79.9373137, 32.7738936], [-79.9373424, 32.7738906], [-79.9373222, 32.7737545], [-79.9372921, 32.7737576], [-79.9372856, 32.7737143], [-79.9372824, 32.7737146], [-79.9372803, 32.7737004], [-79.9372576, 32.7737028], [-79.9372599, 32.7737189], [-79.93722, 32.773723], [-79.9372467, 32.7739043], [-79.9373142, 32.7738972], [-79.9373137, 32.7738936]]]}}, {"id": "268", "type": "Feature", "properties": {"id": "d95305e3-dcd8-4cc3-8c11-66308a47db30", "name": null, "subtype": "residential", "class": "detached", "height": 4.491166114807129, "num_floors": 2, "surge_class": 5, "surge_ft": 4.5, "flood_active": false, "exposure_score": 0.135, "exposure_category": "low"}, "geometry": {"type": "Polygon", "coordinates": [[[-79.9373581, 32.7740704], [-79.9373516, 32.7739903], [-79.9372792, 32.7739954], [-79.9372876, 32.7740976], [-79.9372915, 32.7740973], [-79.9372938, 32.7741046], [-79.9373149, 32.7741015], [-79.9373133, 32.7740956], [-79.9373289, 32.7740943], [-79.9373581, 32.7740704]]]}}, {"id": "269", "type": "Feature", "properties": {"id": "821cd227-fba4-48e4-ad16-111d4dd06d1b", "name": null, "subtype": "residential", "class": "detached", "height": 3.8771393299102783, "num_floors": 1, "surge_class": 6, "surge_ft": 5.5, "flood_active": false, "exposure_score": 0.165, "exposure_category": "low"}, "geometry": {"type": "Polygon", "coordinates": [[[-79.9372533, 32.7741296], [-79.9372385, 32.773996], [-79.9371695, 32.7740014], [-79.937186, 32.7741513], [-79.937233, 32.7741477], [-79.9372312, 32.7741313], [-79.9372533, 32.7741296]]]}}, {"id": "270", "type": "Feature", "properties": {"id": "ba38e774-c789-4df5-8a3c-0f7969113747", "name": null, "subtype": "residential", "class": "detached", "height": 3.7003629207611084, "num_floors": 2, "surge_class": 6, "surge_ft": 5.5, "flood_active": false, "exposure_score": 0.165, "exposure_category": "low"}, "geometry": {"type": "Polygon", "coordinates": [[[-79.9371432, 32.7741042], [-79.937129, 32.7740144], [-79.9371011, 32.7740175], [-79.9371006, 32.7740139], [-79.9370537, 32.7740191], [-79.9370734, 32.7741444], [-79.9370971, 32.7741417], [-79.9371007, 32.7741651], [-79.9370908, 32.7741662], [-79.9370997, 32.7742228], [-79.9371262, 32.7742199], [-79.9371242, 32.7742072], [-79.9371375, 32.7742057], [-79.9371266, 32.7741362], [-79.9371585, 32.7741327], [-79.9371538, 32.774103], [-79.9371432, 32.7741042]]]}}, {"id": "271", "type": "Feature", "properties": {"id": "e8dd9f17-5113-4280-a7f9-0f68e8960120", "name": null, "subtype": "residential", "class": "detached", "height": 6.114302635192871, "num_floors": 2, "surge_class": 5, "surge_ft": 4.5, "flood_active": false, "exposure_score": 0.135, "exposure_category": "low"}, "geometry": {"type": "Polygon", "coordinates": [[[-79.9373968, 32.7744485], [-79.9374117, 32.7744337], [-79.9372872, 32.7743449], [-79.9372649, 32.7743669], [-79.9371988, 32.7743198], [-79.9371543, 32.7743639], [-79.9372242, 32.7744138], [-79.9372172, 32.7744207], [-79.9373402, 32.7745085], [-79.9373544, 32.7744945], [-79.9373611, 32.7744993], [-79.9373723, 32.7744882], [-79.9373782, 32.7744924], [-79.9373911, 32.7744916], [-79.937404, 32.7744787], [-79.9374025, 32.7744683], [-79.9373949, 32.7744629], [-79.9374041, 32.7744538], [-79.9373968, 32.7744485]]]}}, {"id": "272", "type": "Feature", "properties": {"id": "f4bf93b2-6c1b-4046-962b-cb4e585236dd", "name": null, "subtype": "residential", "class": "detached", "height": 7.611368656158447, "num_floors": 2, "surge_class": 4, "surge_ft": 3.5, "flood_active": false, "exposure_score": 0.105, "exposure_category": "low"}, "geometry": {"type": "Polygon", "coordinates": [[[-79.9372328, 32.7746068], [-79.9372545, 32.7745847], [-79.9371093, 32.7744846], [-79.937082, 32.7745125], [-79.9370314, 32.7744776], [-79.937009, 32.7745005], [-79.9370026, 32.7744961], [-79.9369706, 32.7745289], [-79.9371733, 32.7746688], [-79.9371906, 32.7746511], [-79.9372196, 32.7746493], [-79.9372373, 32.7746293], [-79.9372328, 32.7746068]]]}}, {"id": "273", "type": "Feature", "properties": {"id": "0323c247-dcb3-42c0-95f8-d756164bb4f0", "name": null, "subtype": "residential", "class": "garage", "height": null, "num_floors": null, "surge_class": 5, "surge_ft": 4.5, "flood_active": false, "exposure_score": 0.135, "exposure_category": "low"}, "geometry": {"type": "Polygon", "coordinates": [[[-79.9370043, 32.7743557], [-79.9370989, 32.7744193], [-79.9371425, 32.7743734], [-79.9370479, 32.7743099], [-79.9370043, 32.7743557]]]}}, {"id": "274", "type": "Feature", "properties": {"id": "63be6e4f-c825-4b01-b24f-ca347843d0ae", "name": null, "subtype": "residential", "class": "detached", "height": 7.405129432678223, "num_floors": 3, "surge_class": 4, "surge_ft": 3.5, "flood_active": false, "exposure_score": 0.105, "exposure_category": "low"}, "geometry": {"type": "Polygon", "coordinates": [[[-79.9370768, 32.7747392], [-79.9371305, 32.7746822], [-79.9368806, 32.7745157], [-79.9368352, 32.7745639], [-79.9369417, 32.7746349], [-79.9369334, 32.7746436], [-79.9370768, 32.7747392]]]}}, {"id": "275", "type": "Feature", "properties": {"id": "d44f2ec0-0f78-47d7-b44e-bd91b59316d5", "name": null, "subtype": "residential", "class": "detached", "height": 7.3790974617004395, "num_floors": 3, "surge_class": 4, "surge_ft": 3.5, "flood_active": false, "exposure_score": 0.105, "exposure_category": "low"}, "geometry": {"type": "Polygon", "coordinates": [[[-79.9369907, 32.7748576], [-79.9369979, 32.77485], [-79.9368451, 32.7747477], [-79.9368139, 32.7747806], [-79.9367989, 32.7747706], [-79.9367962, 32.7747734], [-79.9366985, 32.7747079], [-79.9366645, 32.7747437], [-79.9367626, 32.7748094], [-79.9367585, 32.7748137], [-79.936926, 32.7749259], [-79.9369473, 32.7749035], [-79.9369802, 32.7749023], [-79.9369936, 32.7748856], [-79.9369907, 32.7748576]]]}}, {"id": "276", "type": "Feature", "properties": {"id": "28c4527e-da0b-451a-a3ef-a5582e15a5fc", "name": null, "subtype": "residential", "class": "detached", "height": 6.107266426086426, "num_floors": 3, "surge_class": 4, "surge_ft": 3.5, "flood_active": false, "exposure_score": 0.105, "exposure_category": "low"}, "geometry": {"type": "Polygon", "coordinates": [[[-79.9375563, 32.7748122], [-79.9374267, 32.7747204], [-79.937409, 32.774738], [-79.9373962, 32.7747384], [-79.9373785, 32.7747536], [-79.9373805, 32.7747664], [-79.937374, 32.7747729], [-79.9375581, 32.7749034], [-79.9375904, 32.7748711], [-79.9375359, 32.7748325], [-79.9375563, 32.7748122]]]}}, {"id": "277", "type": "Feature", "properties": {"id": "b8c49e05-1a5d-4cfc-a368-ac8c16318e3f", "name": null, "subtype": "residential", "class": "detached", "height": 6.835350036621094, "num_floors": 3, "surge_class": 4, "surge_ft": 3.5, "flood_active": false, "exposure_score": 0.105, "exposure_category": "low"}, "geometry": {"type": "Polygon", "coordinates": [[[-79.9376075, 32.7747232], [-79.9374984, 32.7746462], [-79.9374441, 32.7747007], [-79.9376242, 32.7748276], [-79.9376293, 32.7748224], [-79.9376386, 32.774829], [-79.9376639, 32.7748036], [-79.9376554, 32.7747976], [-79.9376623, 32.7747907], [-79.9375906, 32.7747401], [-79.9376075, 32.7747232]]]}}, {"id": "278", "type": "Feature", "properties": {"id": "32568929-72b3-462d-adc7-8712191b3a12", "name": null, "subtype": "residential", "class": "detached", "height": 7.004807472229004, "num_floors": 2, "surge_class": 4, "surge_ft": 3.5, "flood_active": false, "exposure_score": 0.105, "exposure_category": "low"}, "geometry": {"type": "Polygon", "coordinates": [[[-79.9377106, 32.7746419], [-79.9375833, 32.7745509], [-79.9375676, 32.7745664], [-79.9375621, 32.7745624], [-79.9375554, 32.774569], [-79.9375502, 32.7745653], [-79.937539, 32.7745655], [-79.9375267, 32.7745772], [-79.937527, 32.7745876], [-79.9375329, 32.7745919], [-79.9375249, 32.7745998], [-79.9375314, 32.7746045], [-79.9375143, 32.7746213], [-79.9376877, 32.7747455], [-79.9377306, 32.7747032], [-79.937702, 32.7746827], [-79.9377108, 32.774674], [-79.9376918, 32.7746604], [-79.9377106, 32.7746419]]]}}, {"id": "279", "type": "Feature", "properties": {"id": "8e79c5ef-75e7-4ef8-85a5-c31ce94a8833", "name": null, "subtype": "residential", "class": "detached", "height": 6.825448513031006, "num_floors": 2, "surge_class": 4, "surge_ft": 3.5, "flood_active": false, "exposure_score": 0.105, "exposure_category": "low"}, "geometry": {"type": "Polygon", "coordinates": [[[-79.9376483, 32.7744784], [-79.9376436, 32.7744765], [-79.937637, 32.774483], [-79.9376171, 32.7744828], [-79.9376035, 32.7744957], [-79.9376082, 32.7745115], [-79.937602, 32.7745176], [-79.9376071, 32.7745212], [-79.9375921, 32.774536], [-79.9377714, 32.7746642], [-79.9378216, 32.7746145], [-79.9377675, 32.7745758], [-79.9377876, 32.7745559], [-79.9376613, 32.7744656], [-79.9376483, 32.7744784]]]}}, {"id": "280", "type": "Feature", "properties": {"id": "d8434ab2-1b33-4caa-aa2d-3e55bfb793ba", "name": "The James J. Igoe House", "subtype": "residential", "class": "detached", "height": 12.0, "num_floors": 2, "surge_class": 6, "surge_ft": 5.5, "flood_active": false, "exposure_score": 0.165, "exposure_category": "low"}, "geometry": {"type": "Polygon", "coordinates": [[[-79.9378306, 32.7743218], [-79.9378263, 32.7743188], [-79.9377688, 32.774377], [-79.9379581, 32.7745094], [-79.9380131, 32.7744538], [-79.9379534, 32.774412], [-79.9379692, 32.7743961], [-79.9378439, 32.7743084], [-79.9378306, 32.7743218]]]}}, {"id": "281", "type": "Feature", "properties": {"id": "2bda53d2-0015-43cd-b964-b9a9e3bdcdb5", "name": null, "subtype": "residential", "class": "detached", "height": 5.764906406402588, "num_floors": 2, "surge_class": 4, "surge_ft": 3.5, "flood_active": false, "exposure_score": 0.105, "exposure_category": "low"}, "geometry": {"type": "Polygon", "coordinates": [[[-79.9378523, 32.7744806], [-79.9377268, 32.7743923], [-79.9376766, 32.7744428], [-79.937927, 32.7746189], [-79.9379584, 32.7745873], [-79.9378336, 32.7744994], [-79.9378523, 32.7744806]]]}}, {"id": "282", "type": "Feature", "properties": {"id": "0c8660b8-c4c7-4c94-a70a-be1e17d1916e", "name": null, "subtype": "outbuilding", "class": "shed", "height": null, "num_floors": null, "surge_class": 5, "surge_ft": 4.5, "flood_active": false, "exposure_score": 0.135, "exposure_category": "low"}, "geometry": {"type": "Polygon", "coordinates": [[[-79.9378791, 32.7746721], [-79.9379238, 32.7746253], [-79.9378799, 32.7745956], [-79.9378351, 32.7746424], [-79.9378791, 32.7746721]]]}}, {"id": "283", "type": "Feature", "properties": {"id": "e61a8c7a-aa57-4b0f-afd4-5ee94557f97c", "name": null, "subtype": "outbuilding", "class": "shed", "height": null, "num_floors": null, "surge_class": 4, "surge_ft": 3.5, "flood_active": false, "exposure_score": 0.105, "exposure_category": "low"}, "geometry": {"type": "Polygon", "coordinates": [[[-79.9377244, 32.7747765], [-79.93771, 32.7747874], [-79.9377315, 32.7748074], [-79.9377459, 32.7747965], [-79.9377244, 32.7747765]]]}}, {"id": "284", "type": "Feature", "properties": {"id": "fd626984-b0b1-4fc1-a8f6-59760cab020e", "name": null, "subtype": "outbuilding", "class": "shed", "height": null, "num_floors": null, "surge_class": 4, "surge_ft": 3.5, "flood_active": false, "exposure_score": 0.105, "exposure_category": "low"}, "geometry": {"type": "Polygon", "coordinates": [[[-79.9377342, 32.774737], [-79.9377126, 32.7747583], [-79.9377478, 32.7747836], [-79.9377694, 32.7747623], [-79.9377342, 32.774737]]]}}, {"id": "285", "type": "Feature", "properties": {"id": "5e5f2320-7dbb-41d4-94eb-35d160472867", "name": null, "subtype": "residential", "class": "detached", "height": 6.480610370635986, "num_floors": 2, "surge_class": 4, "surge_ft": 3.5, "flood_active": false, "exposure_score": 0.105, "exposure_category": "low"}, "geometry": {"type": "Polygon", "coordinates": [[[-79.9380053, 32.7749466], [-79.9380615, 32.7748912], [-79.9379408, 32.7748047], [-79.9379271, 32.7748182], [-79.9378299, 32.7747486], [-79.9377875, 32.7747904], [-79.9380053, 32.7749466]]]}}, {"id": "286", "type": "Feature", "properties": {"id": "684a33cd-6f74-412d-9dc1-8dbe7d2b48ec", "name": null, "subtype": "residential", "class": "detached", "height": 7.743051528930664, "num_floors": 2, "surge_class": 5, "surge_ft": 4.5, "flood_active": false, "exposure_score": 0.135, "exposure_category": "low"}, "geometry": {"type": "Polygon", "coordinates": [[[-79.9380424, 32.7748373], [-79.9380905, 32.7747887], [-79.9379649, 32.7747008], [-79.9379168, 32.7747494], [-79.9380424, 32.7748373]]]}}, {"id": "287", "type": "Feature", "properties": {"id": "ae44cf46-a132-4dfe-9b83-5c0463294c36", "name": null, "subtype": "residential", "class": "detached", "height": null, "num_floors": 3, "surge_class": 5, "surge_ft": 4.5, "flood_active": false, "exposure_score": 0.135, "exposure_category": "low"}, "geometry": {"type": "Polygon", "coordinates": [[[-79.9381384, 32.7748108], [-79.9381813, 32.7747679], [-79.9380954, 32.7747072], [-79.9380774, 32.7747252], [-79.9380352, 32.7746953], [-79.9380424, 32.7746881], [-79.9379981, 32.7746567], [-79.937966, 32.7746888], [-79.9381384, 32.7748108]]]}}, {"id": "288", "type": "Feature", "properties": {"id": "fcf36710-db65-43d3-a0c7-f89dada1b256", "name": null, "subtype": "residential", "class": "detached", "height": 6.981759548187256, "num_floors": 3, "surge_class": 5, "surge_ft": 4.5, "flood_active": false, "exposure_score": 0.135, "exposure_category": "low"}, "geometry": {"type": "Polygon", "coordinates": [[[-79.9381873, 32.7747646], [-79.9382367, 32.7747161], [-79.9381248, 32.7746357], [-79.9381084, 32.7746519], [-79.938017, 32.7745862], [-79.9379841, 32.7746186], [-79.9381873, 32.7747646]]]}}, {"id": "289", "type": "Feature", "properties": {"id": "67145c92-2663-435f-9cd7-ef07390cfdc4", "name": null, "subtype": "residential", "class": "detached", "height": 6.171751499176025, "num_floors": 2, "surge_class": 6, "surge_ft": 5.5, "flood_active": false, "exposure_score": 0.165, "exposure_category": "low"}, "geometry": {"type": "Polygon", "coordinates": [[[-79.9382396, 32.7747138], [-79.9382759, 32.7746784], [-79.9381898, 32.7746159], [-79.9382018, 32.7746041], [-79.9381453, 32.7745631], [-79.938097, 32.7746101], [-79.9382396, 32.7747138]]]}}, {"id": "290", "type": "Feature", "properties": {"id": "75f98848-96ad-45e4-bcd0-52062aaccd69", "name": null, "subtype": "residential", "class": "detached", "height": null, "num_floors": 2, "surge_class": 6, "surge_ft": 5.5, "flood_active": false, "exposure_score": 0.165, "exposure_category": "low"}, "geometry": {"type": "Polygon", "coordinates": [[[-79.9384337, 32.7748543], [-79.9383562, 32.774796], [-79.9383077, 32.7748416], [-79.9384384, 32.7749401], [-79.938469, 32.7749114], [-79.9384157, 32.7748712], [-79.9384337, 32.7748543]]]}}, {"id": "291", "type": "Feature", "properties": {"id": "22432cbd-566c-4ae4-aad6-9206b022b7bd", "name": null, "subtype": "residential", "class": "detached", "height": null, "num_floors": 3, "surge_class": 6, "surge_ft": 5.5, "flood_active": false, "exposure_score": 0.165, "exposure_category": "low"}, "geometry": {"type": "Polygon", "coordinates": [[[-79.9384527, 32.7748129], [-79.9384745, 32.7747924], [-79.9383877, 32.7747272], [-79.9383337, 32.774778], [-79.9385082, 32.7749091], [-79.9385404, 32.7748788], [-79.9384527, 32.7748129]]]}}, {"id": "292", "type": "Feature", "properties": {"id": "512bc041-ab70-4fc7-8e1c-1ead444b6575", "name": "The Laura Martelle House", "subtype": "residential", "class": "detached", "height": 11.0, "num_floors": 4, "surge_class": 6, "surge_ft": 5.5, "flood_active": false, "exposure_score": 0.165, "exposure_category": "low"}, "geometry": {"type": "Polygon", "coordinates": [[[-79.9384351, 32.7746726], [-79.9384299, 32.7746703], [-79.9383928, 32.7747065], [-79.9385943, 32.7748525], [-79.9386518, 32.7747965], [-79.9385479, 32.7747212], [-79.9385427, 32.7747262], [-79.9384494, 32.7746586], [-79.9384351, 32.7746726]]]}}, {"id": "293", "type": "Feature", "properties": {"id": "cea7c00d-ca25-4f9b-a870-868bc5f4e053", "name": null, "subtype": "residential", "class": "detached", "height": 6.576898574829102, "num_floors": 2, "surge_class": 6, "surge_ft": 5.5, "flood_active": false, "exposure_score": 0.165, "exposure_category": "low"}, "geometry": {"type": "Polygon", "coordinates": [[[-79.9382949, 32.7746598], [-79.9383299, 32.7746251], [-79.9382255, 32.7745508], [-79.9382334, 32.774543], [-79.9381899, 32.774512], [-79.9381471, 32.7745544], [-79.9382949, 32.7746598]]]}}, {"id": "294", "type": "Feature", "properties": {"id": "8538c575-556d-47f9-9580-ce577259a269", "name": "The Margaret Aldert House", "subtype": "residential", "class": "detached", "height": 11.0, "num_floors": 2, "surge_class": 6, "surge_ft": 5.5, "flood_active": false, "exposure_score": 0.165, "exposure_category": "low"}, "geometry": {"type": "Polygon", "coordinates": [[[-79.9383217, 32.7745852], [-79.9383787, 32.7745291], [-79.938246, 32.774434], [-79.9382258, 32.7744539], [-79.9381858, 32.7744252], [-79.9381491, 32.7744614], [-79.9383217, 32.7745852]]]}}, {"id": "295", "type": "Feature", "properties": {"id": "10cc7322-bddb-4aa7-ba75-dc2f0f02ed38", "name": null, "subtype": "residential", "class": "detached", "height": 5.649514675140381, "num_floors": 3, "surge_class": 6, "surge_ft": 5.5, "flood_active": false, "exposure_score": 0.165, "exposure_category": "low"}, "geometry": {"type": "Polygon", "coordinates": [[[-79.9384626, 32.7744883], [-79.9385281, 32.7744245], [-79.938367, 32.7743074], [-79.9383015, 32.7743712], [-79.9384626, 32.7744883]]]}}, {"id": "296", "type": "Feature", "properties": {"id": "9466e421-bacc-48fe-a99f-9e430467d9a9", "name": null, "subtype": "outbuilding", "class": "shed", "height": null, "num_floors": null, "surge_class": 5, "surge_ft": 4.5, "flood_active": false, "exposure_score": 0.135, "exposure_category": "low"}, "geometry": {"type": "Polygon", "coordinates": [[[-79.9381413, 32.7744824], [-79.9381665, 32.7744997], [-79.9381771, 32.7744888], [-79.9381519, 32.7744715], [-79.9381413, 32.7744824]]]}}, {"id": "297", "type": "Feature", "properties": {"id": "73337bae-0adb-4fd0-842a-bd7d875f247a", "name": null, "subtype": "outbuilding", "class": "shed", "height": null, "num_floors": null, "surge_class": 5, "surge_ft": 4.5, "flood_active": false, "exposure_score": 0.135, "exposure_category": "low"}, "geometry": {"type": "Polygon", "coordinates": [[[-79.9380401, 32.7745723], [-79.9380614, 32.7745869], [-79.9380756, 32.7745723], [-79.9380543, 32.7745577], [-79.9380401, 32.7745723]]]}}, {"id": "298", "type": "Feature", "properties": {"id": "17649c77-cf0e-448a-b543-107313f280fb", "name": null, "subtype": "residential", "class": "detached", "height": 6.925240993499756, "num_floors": 3, "surge_class": 6, "surge_ft": 5.5, "flood_active": false, "exposure_score": 0.165, "exposure_category": "low"}, "geometry": {"type": "Polygon", "coordinates": [[[-79.9380544, 32.7744066], [-79.9380897, 32.7743704], [-79.9380157, 32.7743194], [-79.9380301, 32.7743047], [-79.9379066, 32.7742195], [-79.9378523, 32.7742752], [-79.9379776, 32.7743615], [-79.9379822, 32.7743568], [-79.9380544, 32.7744066]]]}}, {"id": "299", "type": "Feature", "properties": {"id": "1f45cdea-beaf-4190-9eab-a6bd9864bd88", "name": null, "subtype": "residential", "class": "detached", "height": 6.217942237854004, "num_floors": 2, "surge_class": 6, "surge_ft": 5.5, "flood_active": false, "exposure_score": 0.165, "exposure_category": "low"}, "geometry": {"type": "Polygon", "coordinates": [[[-79.9380794, 32.7743024], [-79.9381252, 32.774256], [-79.9380573, 32.7742087], [-79.9380647, 32.7742012], [-79.9379859, 32.7741462], [-79.9379328, 32.7742], [-79.9380794, 32.7743024]]]}}, {"id": "300", "type": "Feature", "properties": {"id": "2a936385-7e0e-4128-a9e7-15f00dbdc116", "name": null, "subtype": "residential", "class": "detached", "height": 6.02448034286499, "num_floors": 3, "surge_class": 6, "surge_ft": 5.5, "flood_active": false, "exposure_score": 0.165, "exposure_category": "low"}, "geometry": {"type": "Polygon", "coordinates": [[[-79.9381382, 32.7741997], [-79.9381801, 32.7741571], [-79.9381677, 32.7741485], [-79.9381972, 32.7741185], [-79.9381671, 32.7740976], [-79.9381712, 32.7740934], [-79.9380689, 32.7740223], [-79.9380114, 32.7740809], [-79.9380333, 32.7740962], [-79.9380153, 32.7741144], [-79.9381382, 32.7741997]]]}}, {"id": "301", "type": "Feature", "properties": {"id": "d004abed-52fc-41d5-a700-f85f6f4a1183", "name": null, "subtype": "residential", "class": "detached", "height": 5.7017693519592285, "num_floors": 2, "surge_class": 6, "surge_ft": 5.5, "flood_active": false, "exposure_score": 0.165, "exposure_category": "low"}, "geometry": {"type": "Polygon", "coordinates": [[[-79.9382835, 32.7743517], [-79.9383248, 32.7743127], [-79.9382607, 32.7742647], [-79.9382731, 32.7742531], [-79.9382532, 32.7742382], [-79.9382421, 32.7742487], [-79.938237, 32.7742449], [-79.9381945, 32.7742851], [-79.9382835, 32.7743517]]]}}, {"id": "302", "type": "Feature", "properties": {"id": "81932f06-6ea9-4b8f-a0ee-26cc014e7728", "name": null, "subtype": "residential", "class": "detached", "height": 6.44826078414917, "num_floors": 3, "surge_class": 6, "surge_ft": 5.5, "flood_active": false, "exposure_score": 0.165, "exposure_category": "low"}, "geometry": {"type": "Polygon", "coordinates": [[[-79.9385309, 32.7743777], [-79.9385949, 32.774314], [-79.9384861, 32.7742367], [-79.9384737, 32.774249], [-79.9384583, 32.774238], [-79.938437, 32.7742593], [-79.9383537, 32.7742001], [-79.9383234, 32.7742304], [-79.9385309, 32.7743777]]]}}, {"id": "303", "type": "Feature", "properties": {"id": "c0b3b30b-5a35-4361-bf8b-722d29a2dca4", "name": null, "subtype": "outbuilding", "class": "shed", "height": null, "num_floors": null, "surge_class": 7, "surge_ft": 6.5, "flood_active": false, "exposure_score": 0.195, "exposure_category": "low"}, "geometry": {"type": "Polygon", "coordinates": [[[-79.9384753, 32.7740976], [-79.9385222, 32.7740512], [-79.9384634, 32.7740093], [-79.9384166, 32.7740557], [-79.9384753, 32.7740976]]]}}, {"id": "304", "type": "Feature", "properties": {"id": "2dd6e1db-1cae-4af8-8f66-aa98ed34a265", "name": null, "subtype": "residential", "class": "detached", "height": 5.923875331878662, "num_floors": 3, "surge_class": 7, "surge_ft": 6.5, "flood_active": false, "exposure_score": 0.195, "exposure_category": "low"}, "geometry": {"type": "Polygon", "coordinates": [[[-79.9383296, 32.7740142], [-79.938304, 32.7738749], [-79.9381898, 32.7738898], [-79.9382155, 32.7740291], [-79.9383296, 32.7740142]]]}}, {"id": "305", "type": "Feature", "properties": {"id": "01e653cd-2e40-4a66-8bab-64b3863cadb7", "name": null, "subtype": "residential", "class": "semidetached_house", "height": null, "num_floors": 2, "surge_class": 7, "surge_ft": 6.5, "flood_active": false, "exposure_score": 0.195, "exposure_category": "low"}, "geometry": {"type": "Polygon", "coordinates": [[[-79.938548, 32.7739311], [-79.9385316, 32.7738559], [-79.9385085, 32.7738594], [-79.9384885, 32.7738542], [-79.9384685, 32.7738556], [-79.938454, 32.7738657], [-79.938465, 32.7739274], [-79.9384489, 32.7739294], [-79.9384582, 32.7739817], [-79.9385054, 32.7739758], [-79.938548, 32.7739311]]]}}, {"id": "306", "type": "Feature", "properties": {"id": "9c344985-70e4-446b-b53e-64431eab3e45", "name": null, "subtype": "residential", "class": "semidetached_house", "height": null, "num_floors": 2, "surge_class": 6, "surge_ft": 5.5, "flood_active": false, "exposure_score": 0.165, "exposure_category": "low"}, "geometry": {"type": "Polygon", "coordinates": [[[-79.9384489, 32.7739294], [-79.9384382, 32.7738693], [-79.9384139, 32.7738723], [-79.9383992, 32.7738648], [-79.9383799, 32.7738657], [-79.9383622, 32.7738787], [-79.9383821, 32.7739913], [-79.9384582, 32.7739817], [-79.9384489, 32.7739294]]]}}, {"id": "307", "type": "Feature", "properties": {"id": "0c4e0fda-88dc-4cba-99e6-8a3eb0729945", "name": "The Richard Morris House", "subtype": "residential", "class": "detached", "height": 10.0, "num_floors": 2, "surge_class": 7, "surge_ft": 6.5, "flood_active": false, "exposure_score": 0.195, "exposure_category": "low"}, "geometry": {"type": "Polygon", "coordinates": [[[-79.937788, 32.7738448], [-79.938057, 32.7738166], [-79.9380452, 32.7737374], [-79.9379195, 32.7737506], [-79.9379172, 32.7737348], [-79.9378581, 32.773741], [-79.9378605, 32.7737574], [-79.9377666, 32.7737672], [-79.937773, 32.7738106], [-79.9377828, 32.7738096], [-79.937788, 32.7738448]]]}}, {"id": "308", "type": "Feature", "properties": {"id": "61f71f52-7b83-4ba2-81a3-12ccce6e6f20", "name": null, "subtype": "residential", "class": "house", "height": null, "num_floors": 3, "surge_class": 5, "surge_ft": 4.5, "flood_active": false, "exposure_score": 0.135, "exposure_category": "low"}, "geometry": {"type": "Polygon", "coordinates": [[[-79.9377128, 32.7740898], [-79.9376959, 32.7739713], [-79.9376349, 32.7739774], [-79.9376517, 32.774096], [-79.9377128, 32.7740898]]]}}, {"id": "309", "type": "Feature", "properties": {"id": "d6b88a86-f676-46f6-a20c-3d6498731ff6", "name": null, "subtype": "residential", "class": "house", "height": null, "num_floors": 3, "surge_class": 5, "surge_ft": 4.5, "flood_active": false, "exposure_score": 0.135, "exposure_category": "low"}, "geometry": {"type": "Polygon", "coordinates": [[[-79.9377746, 32.7740539], [-79.9377612, 32.7739648], [-79.9376959, 32.7739713], [-79.9377128, 32.7740898], [-79.9377787, 32.7740831], [-79.9377746, 32.7740539]]]}}, {"id": "310", "type": "Feature", "properties": {"id": "5a256e29-80a1-4aef-8f28-2e58bdbeece1", "name": null, "subtype": "residential", "class": "house", "height": null, "num_floors": 3, "surge_class": 6, "surge_ft": 5.5, "flood_active": false, "exposure_score": 0.165, "exposure_category": "low"}, "geometry": {"type": "Polygon", "coordinates": [[[-79.9378511, 32.7740457], [-79.9378352, 32.7739403], [-79.9377587, 32.7739484], [-79.9377612, 32.7739648], [-79.9377746, 32.7740539], [-79.9378511, 32.7740457]]]}}, {"id": "311", "type": "Feature", "properties": {"id": "8b380410-6f98-4932-9339-10769f538f06", "name": null, "subtype": "residential", "class": "detached", "height": 7.304525852203369, "num_floors": 3, "surge_class": 5, "surge_ft": 4.5, "flood_active": false, "exposure_score": 0.135, "exposure_category": "low"}, "geometry": {"type": "Polygon", "coordinates": [[[-79.9375678, 32.7742833], [-79.9375959, 32.7742568], [-79.9374859, 32.7741746], [-79.9374573, 32.7742016], [-79.9374196, 32.7741733], [-79.9374041, 32.7741879], [-79.9373599, 32.7741548], [-79.9373196, 32.7741929], [-79.9375117, 32.7743367], [-79.9375381, 32.7743117], [-79.9375571, 32.7743142], [-79.9375745, 32.7742961], [-79.9375678, 32.7742833]]]}}, {"id": "312", "type": "Feature", "properties": {"id": "6022ef5f-985f-49f4-801f-12e633b6c22f", "name": null, "subtype": "residential", "class": "detached", "height": 6.614501476287842, "num_floors": 2, "surge_class": 5, "surge_ft": 4.5, "flood_active": false, "exposure_score": 0.135, "exposure_category": "low"}, "geometry": {"type": "Polygon", "coordinates": [[[-79.9374429, 32.774435], [-79.9375052, 32.774372], [-79.9374928, 32.7743634], [-79.9374895, 32.774355], [-79.9374759, 32.7743441], [-79.9374663, 32.7743453], [-79.9374306, 32.7743199], [-79.9374332, 32.7743098], [-79.9374113, 32.7742955], [-79.9374031, 32.7743007], [-79.9372911, 32.7742225], [-79.9372289, 32.7742855], [-79.9374429, 32.774435]]]}}, {"id": "313", "type": "Feature", "properties": {"id": "6f399086-3088-4d82-b1a5-38ad613955f6", "name": null, "subtype": "residential", "class": "house", "height": null, "num_floors": 3, "surge_class": 4, "surge_ft": 3.5, "flood_active": false, "exposure_score": 0.105, "exposure_category": "low"}, "geometry": {"type": "Polygon", "coordinates": [[[-79.9375768, 32.7740645], [-79.9375651, 32.7739846], [-79.9375002, 32.7739913], [-79.9374977, 32.7739743], [-79.9374428, 32.77398], [-79.9374495, 32.7740261], [-79.9374955, 32.7740213], [-79.9375029, 32.7740721], [-79.9375768, 32.7740645]]]}}, {"id": "314", "type": "Feature", "properties": {"id": "f1f22381-4824-4f7f-a2c4-1530f35dad9b", "name": null, "subtype": "residential", "class": "house", "height": null, "num_floors": 3, "surge_class": 4, "surge_ft": 3.5, "flood_active": false, "exposure_score": 0.105, "exposure_category": "low"}, "geometry": {"type": "Polygon", "coordinates": [[[-79.9376517, 32.774096], [-79.9376349, 32.7739774], [-79.9375651, 32.7739846], [-79.9375768, 32.7740645], [-79.9375821, 32.7741029], [-79.9376517, 32.774096]]]}}, {"id": "315", "type": "Feature", "properties": {"id": "bffc5fcc-5f9d-4835-8272-84394444a699", "name": "The S.J.L. Matthews House", "subtype": "residential", "class": "detached", "height": 10.0, "num_floors": 2, "surge_class": 6, "surge_ft": 5.5, "flood_active": false, "exposure_score": 0.165, "exposure_category": "low"}, "geometry": {"type": "Polygon", "coordinates": [[[-79.9375385, 32.7738687], [-79.9375662, 32.7738657], [-79.9375455, 32.7737319], [-79.9375144, 32.7737353], [-79.9375069, 32.7736873], [-79.9374405, 32.7736946], [-79.9374695, 32.773882], [-79.9375394, 32.7738743], [-79.9375385, 32.7738687]]]}}, {"id": "316", "type": "Feature", "properties": {"id": "4955e46e-6cb5-4c74-9041-55099ba48c5c", "name": null, "subtype": "residential", "class": "detached", "height": 5.2193827629089355, "num_floors": 2, "surge_class": 6, "surge_ft": 5.5, "flood_active": false, "exposure_score": 0.165, "exposure_category": "low"}, "geometry": {"type": "Polygon", "coordinates": [[[-79.9374239, 32.7738802], [-79.9374506, 32.7738775], [-79.9374314, 32.7737436], [-79.9374036, 32.7737464], [-79.9373916, 32.7736623], [-79.937324, 32.7736691], [-79.9373558, 32.7738909], [-79.9374244, 32.7738839], [-79.9374239, 32.7738802]]]}}, {"id": "317", "type": "Feature", "properties": {"id": "af2db2ae-12e7-4452-ae2d-879b2cef0c44", "name": null, "subtype": "residential", "class": "detached", "height": 6.169271945953369, "num_floors": 2, "surge_class": 5, "surge_ft": 4.5, "flood_active": false, "exposure_score": 0.135, "exposure_category": "low"}, "geometry": {"type": "Polygon", "coordinates": [[[-79.9372388, 32.7736117], [-79.9374301, 32.773591], [-79.9374263, 32.7735661], [-79.937453, 32.7735633], [-79.9374451, 32.7735116], [-79.937227, 32.7735353], [-79.9372371, 32.7736006], [-79.9372388, 32.7736117]]]}}, {"id": "318", "type": "Feature", "properties": {"id": "144c284a-58e7-42a3-a8a8-582fffa9fa38", "name": null, "subtype": "outbuilding", "class": "outbuilding", "height": null, "num_floors": null, "surge_class": 5, "surge_ft": 4.5, "flood_active": false, "exposure_score": 0.135, "exposure_category": "low"}, "geometry": {"type": "Polygon", "coordinates": [[[-79.9374893, 32.7736361], [-79.937553, 32.773632], [-79.9375483, 32.7735791], [-79.9374845, 32.7735831], [-79.9374893, 32.7736361]]]}}, {"id": "319", "type": "Feature", "properties": {"id": "5a54fce3-3009-425f-ba61-9340c097361d", "name": null, "subtype": "residential", "class": "detached", "height": 5.6524271965026855, "num_floors": 2, "surge_class": 6, "surge_ft": 5.5, "flood_active": false, "exposure_score": 0.165, "exposure_category": "low"}, "geometry": {"type": "Polygon", "coordinates": [[[-79.9376474, 32.7738584], [-79.9376752, 32.773856], [-79.9376562, 32.7737033], [-79.9376206, 32.7737064], [-79.9376123, 32.7736395], [-79.937557, 32.7736443], [-79.9375847, 32.7738674], [-79.9376478, 32.7738619], [-79.9376474, 32.7738584]]]}}, {"id": "320", "type": "Feature", "properties": {"id": "a4383c49-c95a-4aba-9ef7-b8666d589427", "name": null, "subtype": "outbuilding", "class": "outbuilding", "height": null, "num_floors": null, "surge_class": 6, "surge_ft": 5.5, "flood_active": false, "exposure_score": 0.165, "exposure_category": "low"}, "geometry": {"type": "Polygon", "coordinates": [[[-79.9377463, 32.7737086], [-79.9377183, 32.773712], [-79.9377242, 32.7737462], [-79.9377521, 32.7737428], [-79.9377463, 32.7737086]]]}}, {"id": "321", "type": "Feature", "properties": {"id": "8f64f391-d264-49ce-952a-cd5293ffbce6", "name": "The Richard Morris House", "subtype": "residential", "class": "detached", "height": 10.0, "num_floors": 2, "surge_class": 7, "surge_ft": 6.5, "flood_active": false, "exposure_score": 0.195, "exposure_category": "low"}, "geometry": {"type": "Polygon", "coordinates": [[[-79.9377744, 32.7737407], [-79.9380435, 32.7737102], [-79.9380309, 32.7736321], [-79.9378483, 32.7736528], [-79.9378524, 32.7736784], [-79.937766, 32.7736882], [-79.9377744, 32.7737407]]]}}, {"id": "322", "type": "Feature", "properties": {"id": "f4f7d1ab-8da2-4a6b-83dd-d43e9b81fc70", "name": "The Richard Morris House", "subtype": "residential", "class": "detached", "height": 10.0, "num_floors": 2, "surge_class": 6, "surge_ft": 5.5, "flood_active": false, "exposure_score": 0.165, "exposure_category": "low"}, "geometry": {"type": "Polygon", "coordinates": [[[-79.937769, 32.7736412], [-79.9380324, 32.7736104], [-79.93802, 32.7735351], [-79.9378416, 32.7735559], [-79.9378447, 32.7735749], [-79.9378065, 32.7735794], [-79.9378092, 32.7735956], [-79.9377624, 32.7736011], [-79.937769, 32.7736412]]]}}, {"id": "323", "type": "Feature", "properties": {"id": "1996e4ab-9e9c-4d1f-9b58-26d0b4e4f602", "name": null, "subtype": "residential", "class": "garage", "height": null, "num_floors": null, "surge_class": 5, "surge_ft": 4.5, "flood_active": false, "exposure_score": 0.135, "exposure_category": "low"}, "geometry": {"type": "Polygon", "coordinates": [[[-79.9376944, 32.7735375], [-79.9376995, 32.7735759], [-79.9377654, 32.7735698], [-79.9377603, 32.7735313], [-79.9376944, 32.7735375]]]}}, {"id": "324", "type": "Feature", "properties": {"id": "10eee2af-ce29-467a-8df4-b16bff151aea", "name": null, "subtype": "residential", "class": "detached", "height": 5.9362335205078125, "num_floors": 2, "surge_class": 6, "surge_ft": 5.5, "flood_active": false, "exposure_score": 0.165, "exposure_category": "low"}, "geometry": {"type": "Polygon", "coordinates": [[[-79.9377131, 32.773465], [-79.937883, 32.7734504], [-79.9378827, 32.7734471], [-79.9379085, 32.7734449], [-79.9379025, 32.7733957], [-79.9378746, 32.7733981], [-79.9378741, 32.7733945], [-79.9378206, 32.7733991], [-79.9378201, 32.773395], [-79.9377858, 32.773398], [-79.9377863, 32.7734027], [-79.937707, 32.7734095], [-79.9377075, 32.7734138], [-79.9376843, 32.7734158], [-79.93769, 32.7734623], [-79.9377125, 32.7734604], [-79.9377131, 32.773465]]]}}, {"id": "325", "type": "Feature", "properties": {"id": "cfe93f9b-f465-45cf-932a-ef1b22bf5ebe", "name": null, "subtype": "residential", "class": "detached", "height": 5.849043846130371, "num_floors": 2, "surge_class": 6, "surge_ft": 5.5, "flood_active": false, "exposure_score": 0.165, "exposure_category": "low"}, "geometry": {"type": "Polygon", "coordinates": [[[-79.9378316, 32.7735219], [-79.9379958, 32.7735016], [-79.9379865, 32.7734484], [-79.9378223, 32.7734687], [-79.9378316, 32.7735219]]]}}, {"id": "326", "type": "Feature", "properties": {"id": "ccfa62e7-3445-405d-b91c-34278a556e8e", "name": "The H.L. Graddick House", "subtype": "residential", "class": "detached", "height": 10.0, "num_floors": 2, "surge_class": 6, "surge_ft": 5.5, "flood_active": false, "exposure_score": 0.165, "exposure_category": "low"}, "geometry": {"type": "Polygon", "coordinates": [[[-79.9377145, 32.7733859], [-79.9379513, 32.7733634], [-79.9379423, 32.7732962], [-79.9377985, 32.7733099], [-79.9377977, 32.7733036], [-79.9377241, 32.7733106], [-79.9377261, 32.7733252], [-79.9377066, 32.773327], [-79.9377145, 32.7733859]]]}}, {"id": "327", "type": "Feature", "properties": {"id": "3d847d80-1d3a-4ece-b70f-53ddb8342670", "name": null, "subtype": "residential", "class": "detached", "height": 5.880920886993408, "num_floors": 2, "surge_class": 5, "surge_ft": 4.5, "flood_active": false, "exposure_score": 0.135, "exposure_category": "low"}, "geometry": {"type": "Polygon", "coordinates": [[[-79.9375431, 32.7732569], [-79.9376504, 32.7732493], [-79.9376469, 32.7732142], [-79.9376413, 32.7732146], [-79.9376394, 32.773195], [-79.9375411, 32.773202], [-79.9375385, 32.7731758], [-79.9374867, 32.7731795], [-79.9374954, 32.7732665], [-79.9375437, 32.7732631], [-79.9375431, 32.7732569]]]}}, {"id": "328", "type": "Feature", "properties": {"id": "374af6a0-8758-49a8-9b42-fea3e7332164", "name": null, "subtype": "residential", "class": "detached", "height": null, "num_floors": 1, "surge_class": 6, "surge_ft": 5.5, "flood_active": false, "exposure_score": 0.165, "exposure_category": "low"}, "geometry": {"type": "Polygon", "coordinates": [[[-79.9374349, 32.7727672], [-79.9374249, 32.7726818], [-79.9373514, 32.7726879], [-79.937362, 32.7727777], [-79.9373838, 32.7727759], [-79.9373912, 32.772839], [-79.9374344, 32.7728354], [-79.9374265, 32.7727679], [-79.9374349, 32.7727672]]]}}, {"id": "329", "type": "Feature", "properties": {"id": "3dfd3827-4d51-466d-aec7-d8ba8e54e7bb", "name": null, "subtype": "residential", "class": "detached", "height": 6.137530326843262, "num_floors": 2, "surge_class": 6, "surge_ft": 5.5, "flood_active": false, "exposure_score": 0.165, "exposure_category": "low"}, "geometry": {"type": "Polygon", "coordinates": [[[-79.9374577, 32.7727496], [-79.9375634, 32.7727383], [-79.9375618, 32.7727279], [-79.9377397, 32.7727089], [-79.9377284, 32.7726345], [-79.9375523, 32.7726533], [-79.9375516, 32.7726484], [-79.937541, 32.7726495], [-79.9375309, 32.7726417], [-79.9375006, 32.7726454], [-79.9374945, 32.7726546], [-79.937444, 32.77266], [-79.9374577, 32.7727496]]]}}, {"id": "330", "type": "Feature", "properties": {"id": "89a731b4-f868-4597-a72c-414c0043a7fb", "name": null, "subtype": "outbuilding", "class": "outbuilding", "height": 4.654218673706055, "num_floors": null, "surge_class": 6, "surge_ft": 5.5, "flood_active": false, "exposure_score": 0.165, "exposure_category": "low"}, "geometry": {"type": "Polygon", "coordinates": [[[-79.9374616, 32.7729464], [-79.9375182, 32.7729403], [-79.9375051, 32.7728533], [-79.9374485, 32.7728593], [-79.9374616, 32.7729464]]]}}, {"id": "331", "type": "Feature", "properties": {"id": "02d7ee41-0e60-4a6d-9c6b-8129d9831a62", "name": null, "subtype": "residential", "class": "detached", "height": null, "num_floors": 2, "surge_class": 6, "surge_ft": 5.5, "flood_active": false, "exposure_score": 0.165, "exposure_category": "low"}, "geometry": {"type": "Polygon", "coordinates": [[[-79.937652, 32.7729219], [-79.9378969, 32.7728969], [-79.9378875, 32.7728317], [-79.9376426, 32.7728567], [-79.937652, 32.7729219]]]}}, {"id": "332", "type": "Feature", "properties": {"id": "c0bc7a54-ea1e-495b-9805-69097ab3773f", "name": null, "subtype": "residential", "class": "detached", "height": 6.603210926055908, "num_floors": 2, "surge_class": 6, "surge_ft": 5.5, "flood_active": false, "exposure_score": 0.165, "exposure_category": "low"}, "geometry": {"type": "Polygon", "coordinates": [[[-79.9376469, 32.7728335], [-79.9378724, 32.7728117], [-79.9378634, 32.7727463], [-79.9377899, 32.7727534], [-79.937789, 32.7727464], [-79.9377693, 32.7727483], [-79.9377704, 32.7727558], [-79.93775, 32.7727578], [-79.9377493, 32.7727522], [-79.9376373, 32.7727631], [-79.9376469, 32.7728335]]]}}, {"id": "333", "type": "Feature", "properties": {"id": "edb08329-ba11-4a38-a5fb-27031f467a82", "name": null, "subtype": "residential", "class": "detached", "height": 6.887052536010742, "num_floors": 2, "surge_class": 6, "surge_ft": 5.5, "flood_active": false, "exposure_score": 0.165, "exposure_category": "low"}, "geometry": {"type": "Polygon", "coordinates": [[[-79.9376647, 32.773013], [-79.9379063, 32.7729859], [-79.937896, 32.7729211], [-79.9377446, 32.7729381], [-79.9377451, 32.7729416], [-79.9377109, 32.7729454], [-79.9377133, 32.7729607], [-79.9376574, 32.772967], [-79.9376647, 32.773013]]]}}, {"id": "334", "type": "Feature", "properties": {"id": "4b75141e-d285-4f43-85f9-b8aa9f0ffb73", "name": null, "subtype": "residential", "class": "detached", "height": 5.657958507537842, "num_floors": 2, "surge_class": 6, "surge_ft": 5.5, "flood_active": false, "exposure_score": 0.165, "exposure_category": "low"}, "geometry": {"type": "Polygon", "coordinates": [[[-79.9376131, 32.7731113], [-79.9377932, 32.7730897], [-79.9377819, 32.7730229], [-79.9376295, 32.7730411], [-79.9376316, 32.773054], [-79.937604, 32.7730574], [-79.9376131, 32.7731113]]]}}, {"id": "335", "type": "Feature", "properties": {"id": "86ba85b0-a2b4-4ec0-aca4-44855236aab2", "name": null, "subtype": "residential", "class": "detached", "height": 6.307559013366699, "num_floors": 2, "surge_class": 6, "surge_ft": 5.5, "flood_active": false, "exposure_score": 0.165, "exposure_category": "low"}, "geometry": {"type": "Polygon", "coordinates": [[[-79.9377394, 32.7732179], [-79.937936, 32.7732026], [-79.9379306, 32.7731539], [-79.9379071, 32.7731558], [-79.9379053, 32.7731396], [-79.9378491, 32.773144], [-79.9378449, 32.7731049], [-79.937728, 32.773114], [-79.9377394, 32.7732179]]]}}, {"id": "336", "type": "Feature", "properties": {"id": "4c960716-c960-4dca-a7e2-b3cc789a01af", "name": null, "subtype": "residential", "class": "detached", "height": 6.166594505310059, "num_floors": 2, "surge_class": 6, "surge_ft": 5.5, "flood_active": false, "exposure_score": 0.165, "exposure_category": "low"}, "geometry": {"type": "Polygon", "coordinates": [[[-79.9380965, 32.7728114], [-79.9382516, 32.7728014], [-79.9382475, 32.7727565], [-79.9382309, 32.7727575], [-79.9382277, 32.7727227], [-79.9382047, 32.7727242], [-79.9382045, 32.7727215], [-79.9381825, 32.7727229], [-79.9381806, 32.7727019], [-79.9380963, 32.7727074], [-79.9380983, 32.7727294], [-79.9380891, 32.77273], [-79.9380965, 32.7728114]]]}}, {"id": "337", "type": "Feature", "properties": {"id": "cfe479ad-4512-4972-b9d5-f322dbe3d2c0", "name": null, "subtype": "residential", "class": "detached", "height": null, "num_floors": 2, "surge_class": 6, "surge_ft": 5.5, "flood_active": false, "exposure_score": 0.165, "exposure_category": "low"}, "geometry": {"type": "Polygon", "coordinates": [[[-79.9381139, 32.7729534], [-79.9383369, 32.7729378], [-79.938328, 32.7728487], [-79.9382008, 32.7728576], [-79.9382013, 32.7728633], [-79.9381057, 32.77287], [-79.9381139, 32.7729534]]]}}, {"id": "338", "type": "Feature", "properties": {"id": "1b8f357b-1592-4198-a3df-b4ac9ce3f7f7", "name": null, "subtype": "residential", "class": "garage", "height": null, "num_floors": null, "surge_class": 5, "surge_ft": 4.5, "flood_active": false, "exposure_score": 0.135, "exposure_category": "low"}, "geometry": {"type": "Polygon", "coordinates": [[[-79.938411, 32.7727078], [-79.9383732, 32.7727022], [-79.9383579, 32.7727761], [-79.9383957, 32.7727816], [-79.938411, 32.7727078]]]}}, {"id": "339", "type": "Feature", "properties": {"id": "8e4bb0be-0615-482d-89fa-c479f93b749a", "name": null, "subtype": "residential", "class": "detached", "height": null, "num_floors": 2, "surge_class": 6, "surge_ft": 5.5, "flood_active": false, "exposure_score": 0.165, "exposure_category": "low"}, "geometry": {"type": "Polygon", "coordinates": [[[-79.9381675, 32.7730629], [-79.9384104, 32.7730374], [-79.9384052, 32.7730021], [-79.938422, 32.7730003], [-79.9384157, 32.7729576], [-79.9384005, 32.7729592], [-79.9383988, 32.7729483], [-79.9382831, 32.7729604], [-79.9382809, 32.7729453], [-79.9382223, 32.7729514], [-79.9382276, 32.7729873], [-79.9381573, 32.7729947], [-79.9381675, 32.7730629]]]}}, {"id": "340", "type": "Feature", "properties": {"id": "fb2f68bd-029c-42ce-92bd-8b276f9e0bc5", "name": null, "subtype": "residential", "class": "detached", "height": 6.327971935272217, "num_floors": 2, "surge_class": 6, "surge_ft": 5.5, "flood_active": false, "exposure_score": 0.165, "exposure_category": "low"}, "geometry": {"type": "Polygon", "coordinates": [[[-79.9381799, 32.7731644], [-79.9382923, 32.7731534], [-79.9382821, 32.7730803], [-79.9381698, 32.7730914], [-79.9381799, 32.7731644]]]}}, {"id": "341", "type": "Feature", "properties": {"id": "e0239572-a096-41d9-b0a6-ab5a12aa91b0", "name": null, "subtype": "residential", "class": "garage", "height": null, "num_floors": null, "surge_class": 7, "surge_ft": 6.5, "flood_active": false, "exposure_score": 0.195, "exposure_category": "low"}, "geometry": {"type": "Polygon", "coordinates": [[[-79.9384584, 32.7730389], [-79.9383677, 32.7730463], [-79.9383742, 32.7731027], [-79.9384649, 32.7730952], [-79.9384584, 32.7730389]]]}}, {"id": "342", "type": "Feature", "properties": {"id": "f2fde281-b343-431c-8e74-8cc46b5b1426", "name": null, "subtype": "outbuilding", "class": "outbuilding", "height": null, "num_floors": null, "surge_class": 7, "surge_ft": 6.5, "flood_active": false, "exposure_score": 0.195, "exposure_category": "low"}, "geometry": {"type": "Polygon", "coordinates": [[[-79.9384139, 32.7732091], [-79.9384177, 32.7732367], [-79.9384498, 32.7732335], [-79.938446, 32.773206], [-79.9384139, 32.7732091]]]}}, {"id": "343", "type": "Feature", "properties": {"id": "350d2ec6-5ba6-4933-a92b-dae4fac8d517", "name": null, "subtype": "residential", "class": "garage", "height": 7.870855331420898, "num_floors": null, "surge_class": 6, "surge_ft": 5.5, "flood_active": false, "exposure_score": 0.165, "exposure_category": "low"}, "geometry": {"type": "Polygon", "coordinates": [[[-79.9384197, 32.7733354], [-79.9384389, 32.7734459], [-79.9384994, 32.7734385], [-79.9384802, 32.773328], [-79.9384197, 32.7733354]]]}}, {"id": "344", "type": "Feature", "properties": {"id": "0794b868-f2d9-49d7-898f-e8d9b803218d", "name": null, "subtype": "outbuilding", "class": "outbuilding", "height": null, "num_floors": null, "surge_class": 6, "surge_ft": 5.5, "flood_active": false, "exposure_score": 0.165, "exposure_category": "low"}, "geometry": {"type": "Polygon", "coordinates": [[[-79.938482, 32.7734755], [-79.9385233, 32.7734708], [-79.9385181, 32.7734384], [-79.9384768, 32.7734431], [-79.938482, 32.7734755]]]}}, {"id": "345", "type": "Feature", "properties": {"id": "103daac5-42bf-4a28-940d-6a99319e57f5", "name": null, "subtype": "residential", "class": "detached", "height": 6.746609210968018, "num_floors": 2, "surge_class": 6, "surge_ft": 5.5, "flood_active": false, "exposure_score": 0.165, "exposure_category": "low"}, "geometry": {"type": "Polygon", "coordinates": [[[-79.9382041, 32.7735077], [-79.9383781, 32.7734887], [-79.9383735, 32.7734593], [-79.938411, 32.7734552], [-79.9384058, 32.7734213], [-79.938369, 32.7734253], [-79.9383638, 32.7733914], [-79.9381962, 32.7734097], [-79.9381995, 32.7734304], [-79.9381922, 32.7734312], [-79.9381935, 32.7734393], [-79.9381865, 32.7734443], [-79.9381898, 32.773465], [-79.9381982, 32.7734695], [-79.9382041, 32.7735077]]]}}, {"id": "346", "type": "Feature", "properties": {"id": "1e1d2057-15bd-4a23-94e5-b4070b1b532e", "name": null, "subtype": "residential", "class": "detached", "height": 6.173341751098633, "num_floors": 2, "surge_class": 6, "surge_ft": 5.5, "flood_active": false, "exposure_score": 0.165, "exposure_category": "low"}, "geometry": {"type": "Polygon", "coordinates": [[[-79.9381791, 32.7733583], [-79.9383459, 32.7733398], [-79.9383436, 32.7733249], [-79.9383935, 32.7733193], [-79.9383877, 32.7732825], [-79.9383404, 32.7732878], [-79.9383388, 32.7732774], [-79.9381694, 32.7732963], [-79.9381791, 32.7733583]]]}}, {"id": "347", "type": "Feature", "properties": {"id": "7989fe93-7f82-46c3-917a-6b909f05383e", "name": null, "subtype": "residential", "class": "detached", "height": 6.456892967224121, "num_floors": 2, "surge_class": 6, "surge_ft": 5.5, "flood_active": false, "exposure_score": 0.165, "exposure_category": "low"}, "geometry": {"type": "Polygon", "coordinates": [[[-79.9381742, 32.7732727], [-79.9383397, 32.7732525], [-79.9383356, 32.7732288], [-79.938376, 32.7732238], [-79.938368, 32.7731777], [-79.9382986, 32.7731862], [-79.9382969, 32.7731764], [-79.9381604, 32.7731931], [-79.9381742, 32.7732727]]]}}, {"id": "348", "type": "Feature", "properties": {"id": "a9c2b815-0c97-4172-b31e-44cfd73036d7", "name": null, "subtype": "residential", "class": "detached", "height": 3.5097858905792236, "num_floors": 2, "surge_class": 7, "surge_ft": 6.5, "flood_active": false, "exposure_score": 0.195, "exposure_category": "low"}, "geometry": {"type": "Polygon", "coordinates": [[[-79.9382123, 32.7737696], [-79.9384276, 32.7737444], [-79.9384102, 32.7736393], [-79.9383079, 32.7736513], [-79.938312, 32.7736758], [-79.938199, 32.773689], [-79.9382123, 32.7737696]]]}}, {"id": "349", "type": "Feature", "properties": {"id": "456fbbef-bace-47bd-aaba-b0049fc53b54", "name": null, "subtype": "residential", "class": "detached", "height": null, "num_floors": 2, "surge_class": 6, "surge_ft": 5.5, "flood_active": false, "exposure_score": 0.165, "exposure_category": "low"}, "geometry": {"type": "Polygon", "coordinates": [[[-79.9381958, 32.7736548], [-79.9383778, 32.7736328], [-79.9383665, 32.7735662], [-79.9381844, 32.7735881], [-79.9381958, 32.7736548]]]}}, {"id": "350", "type": "Feature", "properties": {"id": "b829cf14-6119-44ca-9043-e1882599f033", "name": null, "subtype": "residential", "class": "detached", "height": 5.18446159362793, "num_floors": 2, "surge_class": 6, "surge_ft": 5.5, "flood_active": false, "exposure_score": 0.165, "exposure_category": "low"}, "geometry": {"type": "Polygon", "coordinates": [[[-79.9384331, 32.7737404], [-79.9385206, 32.7737291], [-79.9384926, 32.7735754], [-79.938373, 32.7735908], [-79.938381, 32.7736347], [-79.938413, 32.7736305], [-79.9384331, 32.7737404]]]}}, {"id": "351", "type": "Feature", "properties": {"id": "86a973ec-6c3f-458d-a990-0724f64a7174", "name": null, "subtype": "residential", "class": "detached", "height": 6.376774787902832, "num_floors": 2, "surge_class": 6, "surge_ft": 5.5, "flood_active": false, "exposure_score": 0.165, "exposure_category": "low"}, "geometry": {"type": "Polygon", "coordinates": [[[-79.9385347, 32.7737231], [-79.9386334, 32.7737124], [-79.9386159, 32.7735979], [-79.938579, 32.7736019], [-79.9385593, 32.7734727], [-79.9384975, 32.7734793], [-79.9385347, 32.7737231]]]}}, {"id": "352", "type": "Feature", "properties": {"id": "20f4dd2d-93fb-4dcb-a9f3-f8ffeb97c0eb", "name": null, "subtype": "residential", "class": "detached", "height": 5.390064239501953, "num_floors": 2, "surge_class": 6, "surge_ft": 5.5, "flood_active": false, "exposure_score": 0.165, "exposure_category": "low"}, "geometry": {"type": "Polygon", "coordinates": [[[-79.9386921, 32.7737052], [-79.9387972, 32.7736928], [-79.9387673, 32.7735136], [-79.9386622, 32.773526], [-79.9386921, 32.7737052]]]}}, {"id": "353", "type": "Feature", "properties": {"id": "a972b1d5-155a-4386-a41e-87cf5b32bee4", "name": null, "subtype": "residential", "class": "semidetached_house", "height": null, "num_floors": 2, "surge_class": 6, "surge_ft": 5.5, "flood_active": false, "exposure_score": 0.165, "exposure_category": "low"}, "geometry": {"type": "Polygon", "coordinates": [[[-79.9389947, 32.7736651], [-79.9389847, 32.7735972], [-79.9388844, 32.7736075], [-79.9388943, 32.7736755], [-79.9389947, 32.7736651]]]}}, {"id": "354", "type": "Feature", "properties": {"id": "44a301c4-8afa-4d5f-aa39-065876ecc2c8", "name": null, "subtype": "residential", "class": "semidetached_house", "height": 6.3770904541015625, "num_floors": 2, "surge_class": 6, "surge_ft": 5.5, "flood_active": false, "exposure_score": 0.165, "exposure_category": "low"}, "geometry": {"type": "Polygon", "coordinates": [[[-79.9389947, 32.7736651], [-79.9390989, 32.7736543], [-79.9390889, 32.7735864], [-79.9389847, 32.7735972], [-79.9389947, 32.7736651]]]}}, {"id": "355", "type": "Feature", "properties": {"id": "9036a42a-82e5-4cf1-a4cb-3bac88b3be5c", "name": null, "subtype": "residential", "class": "detached", "height": 6.020695686340332, "num_floors": 2, "surge_class": 7, "surge_ft": 6.5, "flood_active": false, "exposure_score": 0.195, "exposure_category": "low"}, "geometry": {"type": "Polygon", "coordinates": [[[-79.9389036, 32.7735856], [-79.9390899, 32.7735614], [-79.9390872, 32.7735466], [-79.9391137, 32.7735432], [-79.9391037, 32.7734889], [-79.9390776, 32.7734923], [-79.9390742, 32.7734738], [-79.9388875, 32.7734981], [-79.9389036, 32.7735856]]]}}, {"id": "356", "type": "Feature", "properties": {"id": "4f04f160-86e6-4228-a4ce-4d41f5afe873", "name": null, "subtype": "residential", "class": "detached", "height": 5.495302200317383, "num_floors": 2, "surge_class": 7, "surge_ft": 6.5, "flood_active": false, "exposure_score": 0.195, "exposure_category": "low"}, "geometry": {"type": "Polygon", "coordinates": [[[-79.938887, 32.7734787], [-79.9390932, 32.7734555], [-79.9390908, 32.7734407], [-79.9390947, 32.7734403], [-79.9390856, 32.7733828], [-79.9390805, 32.7733834], [-79.9390787, 32.7733722], [-79.9388737, 32.7733952], [-79.938887, 32.7734787]]]}}, {"id": "357", "type": "Feature", "properties": {"id": "1dadd704-640f-4d05-a99b-cf8332661e6e", "name": null, "subtype": "residential", "class": "detached", "height": 6.079511642456055, "num_floors": 2, "surge_class": 6, "surge_ft": 5.5, "flood_active": false, "exposure_score": 0.165, "exposure_category": "low"}, "geometry": {"type": "Polygon", "coordinates": [[[-79.9388827, 32.7732726], [-79.9390628, 32.7732519], [-79.9390484, 32.7731634], [-79.9388358, 32.7731879], [-79.9388476, 32.77326], [-79.93888, 32.7732563], [-79.9388827, 32.7732726]]]}}, {"id": "358", "type": "Feature", "properties": {"id": "443328b5-3de0-4ac5-97f6-f8cc3dd49c4a", "name": null, "subtype": "residential", "class": "detached", "height": 6.026465892791748, "num_floors": 2, "surge_class": 7, "surge_ft": 6.5, "flood_active": false, "exposure_score": 0.195, "exposure_category": "low"}, "geometry": {"type": "Polygon", "coordinates": [[[-79.9388738, 32.7733756], [-79.9390799, 32.7733521], [-79.9390656, 32.773263], [-79.9388546, 32.773287], [-79.9388663, 32.7733596], [-79.9388711, 32.773359], [-79.9388738, 32.7733756]]]}}, {"id": "359", "type": "Feature", "properties": {"id": "f4a6b7bf-3653-4e62-9c89-90ff833ceb69", "name": null, "subtype": "outbuilding", "class": "outbuilding", "height": null, "num_floors": null, "surge_class": 6, "surge_ft": 5.5, "flood_active": false, "exposure_score": 0.165, "exposure_category": "low"}, "geometry": {"type": "Polygon", "coordinates": [[[-79.9386248, 32.7729555], [-79.9386582, 32.772965], [-79.9386697, 32.7729361], [-79.9386363, 32.7729267], [-79.9386248, 32.7729555]]]}}, {"id": "360", "type": "Feature", "properties": {"id": "dd85a609-ee72-4e93-92cb-8e0867d1de10", "name": null, "subtype": "residential", "class": "detached", "height": 7.058408737182617, "num_floors": 2, "surge_class": 5, "surge_ft": 4.5, "flood_active": false, "exposure_score": 0.135, "exposure_category": "low"}, "geometry": {"type": "Polygon", "coordinates": [[[-79.9385057, 32.7728138], [-79.9385628, 32.7728341], [-79.938645, 32.7726713], [-79.9385938, 32.7726531], [-79.9385984, 32.7726439], [-79.9385555, 32.7726286], [-79.9385507, 32.7726381], [-79.9385271, 32.7726297], [-79.9385248, 32.7726342], [-79.9384989, 32.772625], [-79.9384664, 32.7726894], [-79.9384919, 32.7726985], [-79.9384571, 32.7727674], [-79.9385181, 32.7727892], [-79.9385057, 32.7728138]]]}}, {"id": "361", "type": "Feature", "properties": {"id": "311706dd-a62e-4db6-8a30-6ae6889063cc", "name": null, "subtype": "residential", "class": "detached", "height": 5.945488929748535, "num_floors": 2, "surge_class": 6, "surge_ft": 5.5, "flood_active": false, "exposure_score": 0.165, "exposure_category": "low"}, "geometry": {"type": "Polygon", "coordinates": [[[-79.938719, 32.7727937], [-79.9387594, 32.7727189], [-79.9386659, 32.7726832], [-79.9386051, 32.7727956], [-79.9386504, 32.7728129], [-79.9386708, 32.7727752], [-79.938719, 32.7727937]]]}}, {"id": "362", "type": "Feature", "properties": {"id": "fc229732-8028-46de-9a17-e55103052d6d", "name": null, "subtype": "residential", "class": "detached", "height": 6.4382524490356445, "num_floors": 2, "surge_class": 6, "surge_ft": 5.5, "flood_active": false, "exposure_score": 0.165, "exposure_category": "low"}, "geometry": {"type": "Polygon", "coordinates": [[[-79.9387844, 32.7728768], [-79.9388104, 32.7728866], [-79.9388601, 32.7727939], [-79.9388408, 32.7727866], [-79.9388539, 32.7727622], [-79.9388214, 32.7727498], [-79.9388278, 32.7727378], [-79.9387917, 32.7727241], [-79.9387712, 32.7727624], [-79.9387616, 32.7727588], [-79.9387122, 32.7728511], [-79.9387213, 32.7728546], [-79.9387114, 32.7728731], [-79.938716, 32.7728749], [-79.9387084, 32.7728891], [-79.9387565, 32.7729073], [-79.9387642, 32.7728928], [-79.9387739, 32.7728964], [-79.9387844, 32.7728768]]]}}, {"id": "363", "type": "Feature", "properties": {"id": "961b5d4f-580c-459e-bae4-9d247a45245c", "name": null, "subtype": "residential", "class": "detached", "height": 5.665205001831055, "num_floors": 2, "surge_class": 6, "surge_ft": 5.5, "flood_active": false, "exposure_score": 0.165, "exposure_category": "low"}, "geometry": {"type": "Polygon", "coordinates": [[[-79.9388626, 32.7729722], [-79.9390229, 32.7729563], [-79.9390167, 32.7729122], [-79.9390219, 32.7729117], [-79.9390068, 32.7728037], [-79.9389855, 32.7728059], [-79.9389845, 32.7727987], [-79.9389196, 32.7728052], [-79.9389208, 32.7728139], [-79.9388916, 32.7728168], [-79.9389061, 32.7729201], [-79.9388559, 32.772925], [-79.9388626, 32.7729722]]]}}, {"id": "364", "type": "Feature", "properties": {"id": "f59ebcdf-aefc-4da4-8b37-5344edaeef8b", "name": null, "subtype": "residential", "class": "detached", "height": 6.756470680236816, "num_floors": 2, "surge_class": 7, "surge_ft": 6.5, "flood_active": false, "exposure_score": 0.195, "exposure_category": "low"}, "geometry": {"type": "Polygon", "coordinates": [[[-79.9387393, 32.7731354], [-79.9389959, 32.7731053], [-79.9389829, 32.7730267], [-79.9387263, 32.7730567], [-79.9387393, 32.7731354]]]}}, {"id": "365", "type": "Feature", "properties": {"id": "696e628b-57ed-4681-92ab-186b6b2ebcc9", "name": null, "subtype": "residential", "class": "detached", "height": 6.4308037757873535, "num_floors": 2, "surge_class": 7, "surge_ft": 6.5, "flood_active": false, "exposure_score": 0.195, "exposure_category": "low"}, "geometry": {"type": "Polygon", "coordinates": [[[-79.9393771, 32.7731231], [-79.9393955, 32.7731212], [-79.9393701, 32.7729536], [-79.9393609, 32.7729545], [-79.9393574, 32.7729317], [-79.9392957, 32.7729383], [-79.9392943, 32.772929], [-79.939289, 32.7729214], [-79.939281, 32.7729157], [-79.9392713, 32.7729125], [-79.9392608, 32.7729121], [-79.9392508, 32.7729147], [-79.9392423, 32.7729198], [-79.9392363, 32.7729269], [-79.9392334, 32.7729354], [-79.9392373, 32.7729646], [-79.9392289, 32.7729654], [-79.9392358, 32.7730161], [-79.9392218, 32.7730256], [-79.9392255, 32.7730532], [-79.9392428, 32.7730601], [-79.9392542, 32.7731351], [-79.9393127, 32.7731289], [-79.9393151, 32.7731447], [-79.9393793, 32.7731378], [-79.9393771, 32.7731231]]]}}, {"id": "366", "type": "Feature", "properties": {"id": "5df8c6a5-9046-48f2-bb51-b736382fa9d0", "name": null, "subtype": "residential", "class": "detached", "height": 5.684718132019043, "num_floors": 2, "surge_class": 7, "surge_ft": 6.5, "flood_active": false, "exposure_score": 0.195, "exposure_category": "low"}, "geometry": {"type": "Polygon", "coordinates": [[[-79.939259, 32.7727533], [-79.9393388, 32.7727886], [-79.9393451, 32.7727786], [-79.9393551, 32.772783], [-79.9393752, 32.7727508], [-79.9393891, 32.7727569], [-79.9394164, 32.7727133], [-79.939435, 32.7727215], [-79.9394689, 32.7726674], [-79.9393468, 32.7726133], [-79.939259, 32.7727533]]]}}, {"id": "367", "type": "Feature", "properties": {"id": "8ad9d3a2-9ca1-48ed-9cf6-ac6e55fb7fd0", "name": null, "subtype": "residential", "class": "detached", "height": 7.175824165344238, "num_floors": 2, "surge_class": 7, "surge_ft": 6.5, "flood_active": false, "exposure_score": 0.195, "exposure_category": "low"}, "geometry": {"type": "Polygon", "coordinates": [[[-79.9394224, 32.7727534], [-79.9394564, 32.772769], [-79.9394412, 32.7727923], [-79.9395356, 32.7728359], [-79.9396039, 32.7727313], [-79.9396009, 32.7727287], [-79.939612, 32.7727118], [-79.9395755, 32.772695], [-79.9395793, 32.7726891], [-79.9395443, 32.772673], [-79.9395618, 32.772646], [-79.9395179, 32.7726258], [-79.9394984, 32.7726558], [-79.9394927, 32.7726532], [-79.93948, 32.7726726], [-79.9394708, 32.7726684], [-79.9394465, 32.7727056], [-79.9394519, 32.772708], [-79.9394224, 32.7727534]]]}}, {"id": "368", "type": "Feature", "properties": {"id": "8c908f0b-928b-4c66-9385-99e756b23215", "name": null, "subtype": "residential", "class": "detached", "height": 6.960055351257324, "num_floors": 2, "surge_class": 6, "surge_ft": 5.5, "flood_active": false, "exposure_score": 0.165, "exposure_category": "low"}, "geometry": {"type": "Polygon", "coordinates": [[[-79.9396624, 32.7728914], [-79.9397618, 32.7727372], [-79.9396726, 32.7726966], [-79.9395733, 32.7728508], [-79.9396624, 32.7728914]]]}}, {"id": "369", "type": "Feature", "properties": {"id": "e4b1eeec-4def-40da-95cd-4231b9238905", "name": null, "subtype": "residential", "class": "apartments", "height": 7.789109230041504, "num_floors": 3, "surge_class": 6, "surge_ft": 5.5, "flood_active": false, "exposure_score": 0.165, "exposure_category": "low"}, "geometry": {"type": "Polygon", "coordinates": [[[-79.9393976, 32.7731204], [-79.9394819, 32.7731573], [-79.9394936, 32.7731385], [-79.9395149, 32.7731478], [-79.9395747, 32.7730512], [-79.9395544, 32.7730423], [-79.9395655, 32.7730245], [-79.9394893, 32.7729912], [-79.9394782, 32.7730091], [-79.9394588, 32.7730006], [-79.939451, 32.7730133], [-79.9394266, 32.7730026], [-79.9393965, 32.7730513], [-79.9394173, 32.7730604], [-79.939408, 32.7730754], [-79.9394217, 32.7730814], [-79.9393976, 32.7731204]]]}}, {"id": "370", "type": "Feature", "properties": {"id": "7c1858fd-8499-4ce1-ab69-9b3c0560fbc1", "name": null, "subtype": "residential", "class": "detached", "height": 6.684284210205078, "num_floors": 2, "surge_class": 6, "surge_ft": 5.5, "flood_active": false, "exposure_score": 0.165, "exposure_category": "low"}, "geometry": {"type": "Polygon", "coordinates": [[[-79.9397207, 32.7732644], [-79.9397753, 32.7731735], [-79.9396613, 32.7731251], [-79.9396067, 32.7732159], [-79.9397207, 32.7732644]]]}}, {"id": "371", "type": "Feature", "properties": {"id": "16d8d1be-9d6f-4d60-b189-d1c8370493a9", "name": null, "subtype": "outbuilding", "class": "outbuilding", "height": null, "num_floors": null, "surge_class": 6, "surge_ft": 5.5, "flood_active": false, "exposure_score": 0.165, "exposure_category": "low"}, "geometry": {"type": "Polygon", "coordinates": [[[-79.9396038, 32.7733557], [-79.9396142, 32.7734379], [-79.9396602, 32.7734337], [-79.9396531, 32.7733772], [-79.9396038, 32.7733557]]]}}, {"id": "372", "type": "Feature", "properties": {"id": "f99518fb-3e0d-48d6-bafd-21f906bfc1f1", "name": null, "subtype": "residential", "class": "detached", "height": 4.935824871063232, "num_floors": 1, "surge_class": 6, "surge_ft": 5.5, "flood_active": false, "exposure_score": 0.165, "exposure_category": "low"}, "geometry": {"type": "Polygon", "coordinates": [[[-79.9395366, 32.7735714], [-79.9396233, 32.7735615], [-79.9396081, 32.7734681], [-79.9395887, 32.7734704], [-79.9395838, 32.7734401], [-79.9395739, 32.7734413], [-79.939562, 32.7733686], [-79.9395312, 32.7733722], [-79.9395281, 32.7733531], [-79.9394772, 32.773359], [-79.9394796, 32.7733732], [-79.9394589, 32.7733756], [-79.9394673, 32.7734269], [-79.9394557, 32.7734283], [-79.939465, 32.7734847], [-79.9394714, 32.7734839], [-79.9394805, 32.7735395], [-79.9394881, 32.7735386], [-79.9394907, 32.7735545], [-79.9395331, 32.7735496], [-79.9395366, 32.7735714]]]}}, {"id": "373", "type": "Feature", "properties": {"id": "087eb2d1-6dbe-43ad-9884-cd99a22cda7b", "name": null, "subtype": "residential", "class": "detached", "height": 8.548620223999023, "num_floors": 2, "surge_class": 7, "surge_ft": 6.5, "flood_active": false, "exposure_score": 0.195, "exposure_category": "low"}, "geometry": {"type": "Polygon", "coordinates": [[[-79.9395094, 32.7733049], [-79.9394971, 32.7732019], [-79.9393285, 32.773216], [-79.9393292, 32.7732214], [-79.9392998, 32.7732238], [-79.939311, 32.773318], [-79.9393378, 32.7733158], [-79.9393382, 32.7733193], [-79.9395094, 32.7733049]]]}}, {"id": "374", "type": "Feature", "properties": {"id": "bdd3863f-a014-43b4-8b02-473554d71391", "name": null, "subtype": "residential", "class": "garage", "height": null, "num_floors": null, "surge_class": 6, "surge_ft": 5.5, "flood_active": false, "exposure_score": 0.165, "exposure_category": "low"}, "geometry": {"type": "Polygon", "coordinates": [[[-79.9393542, 32.7733312], [-79.9392921, 32.7733371], [-79.9392968, 32.7733722], [-79.939359, 32.7733663], [-79.9393542, 32.7733312]]]}}, {"id": "375", "type": "Feature", "properties": {"id": "21ee3f18-ff58-4758-8f4e-a508baee509e", "name": null, "subtype": "residential", "class": "detached", "height": 6.569153785705566, "num_floors": 1, "surge_class": 7, "surge_ft": 6.5, "flood_active": false, "exposure_score": 0.195, "exposure_category": "low"}, "geometry": {"type": "Polygon", "coordinates": [[[-79.9393607, 32.7735685], [-79.9394574, 32.773557], [-79.9394315, 32.7734033], [-79.9394232, 32.7734043], [-79.9394179, 32.773373], [-79.9393398, 32.7733823], [-79.9393446, 32.7734107], [-79.9393205, 32.7734135], [-79.9393291, 32.7734646], [-79.9393117, 32.7734666], [-79.9393193, 32.7735117], [-79.9393355, 32.7735098], [-79.9393428, 32.7735529], [-79.9393578, 32.7735511], [-79.9393607, 32.7735685]]]}}, {"id": "376", "type": "Feature", "properties": {"id": "cf0132b9-c84a-43bf-a8c8-cb8b1094fccf", "name": "The Chisolm-Alston House", "subtype": "residential", "class": "detached", "height": 13.0, "num_floors": 3, "surge_class": 6, "surge_ft": 5.5, "flood_active": false, "exposure_score": 0.165, "exposure_category": "low"}, "geometry": {"type": "Polygon", "coordinates": [[[-79.9395169, 32.7740528], [-79.939643, 32.7740386], [-79.9396435, 32.774042], [-79.9396795, 32.774038], [-79.9396698, 32.7739768], [-79.9396649, 32.7739773], [-79.9396468, 32.773864], [-79.9396204, 32.773867], [-79.9396155, 32.7738357], [-79.9394803, 32.7738509], [-79.9394855, 32.7738831], [-79.9394611, 32.7738859], [-79.9394793, 32.7740005], [-79.9395081, 32.7739973], [-79.9395169, 32.7740528]]]}}, {"id": "377", "type": "Feature", "properties": {"id": "fdb9a10f-1e9a-4ab9-9a03-450e09ad8593", "name": null, "subtype": "residential", "class": "detached", "height": 6.455802917480469, "num_floors": 3, "surge_class": 7, "surge_ft": 6.5, "flood_active": false, "exposure_score": 0.195, "exposure_category": "low"}, "geometry": {"type": "Polygon", "coordinates": [[[-79.939743, 32.7742688], [-79.9397255, 32.774173], [-79.9394497, 32.7742086], [-79.9394657, 32.7742967], [-79.9395272, 32.7742888], [-79.9395297, 32.7743029], [-79.9396799, 32.7742835], [-79.9396787, 32.7742771], [-79.939743, 32.7742688]]]}}, {"id": "378", "type": "Feature", "properties": {"id": "8d05325d-5ec7-4260-8089-bd3b066f2ff6", "name": null, "subtype": "residential", "class": "apartments", "height": 4.638451099395752, "num_floors": 2, "surge_class": 6, "surge_ft": 5.5, "flood_active": false, "exposure_score": 0.165, "exposure_category": "low"}, "geometry": {"type": "Polygon", "coordinates": [[[-79.9390599, 32.773901], [-79.939131, 32.7738315], [-79.9390664, 32.7737847], [-79.9390149, 32.773835], [-79.9389676, 32.7738008], [-79.9389225, 32.7738448], [-79.9390229, 32.7739175], [-79.9390484, 32.7738927], [-79.9390599, 32.773901]]]}}, {"id": "379", "type": "Feature", "properties": {"id": "d2081274-b1a6-4548-950c-338e113c13e9", "name": null, "subtype": "residential", "class": "detached", "height": 5.408097267150879, "num_floors": 2, "surge_class": 6, "surge_ft": 5.5, "flood_active": false, "exposure_score": 0.165, "exposure_category": "low"}, "geometry": {"type": "Polygon", "coordinates": [[[-79.9389513, 32.7739536], [-79.9389543, 32.7739506], [-79.9388754, 32.7738935], [-79.9388896, 32.7738796], [-79.9388611, 32.773859], [-79.9387779, 32.7739403], [-79.9388858, 32.7740183], [-79.9388899, 32.7740142], [-79.9389067, 32.7740264], [-79.9389685, 32.773966], [-79.9389513, 32.7739536]]]}}, {"id": "380", "type": "Feature", "properties": {"id": "166e97af-06c1-4033-b311-4244e73b2ec3", "name": null, "subtype": "residential", "class": "apartments", "height": null, "num_floors": 2, "surge_class": 6, "surge_ft": 5.5, "flood_active": false, "exposure_score": 0.165, "exposure_category": "low"}, "geometry": {"type": "Polygon", "coordinates": [[[-79.9388558, 32.7738595], [-79.9387929, 32.7738139], [-79.9386691, 32.7738312], [-79.938777, 32.7739314], [-79.9388558, 32.7738595]]]}}, {"id": "381", "type": "Feature", "properties": {"id": "bd9076d8-b072-419f-a9af-6aaf6436c2ce", "name": null, "subtype": "outbuilding", "class": "shed", "height": null, "num_floors": null, "surge_class": 6, "surge_ft": 5.5, "flood_active": false, "exposure_score": 0.165, "exposure_category": "low"}, "geometry": {"type": "Polygon", "coordinates": [[[-79.9385714, 32.7739902], [-79.9385295, 32.773958], [-79.9384948, 32.7739898], [-79.9385368, 32.7740221], [-79.9385714, 32.7739902]]]}}, {"id": "382", "type": "Feature", "properties": {"id": "c362edbd-3fe9-452a-b9af-adc80bc6a7b9", "name": null, "subtype": "outbuilding", "class": "shed", "height": null, "num_floors": null, "surge_class": 7, "surge_ft": 6.5, "flood_active": false, "exposure_score": 0.195, "exposure_category": "low"}, "geometry": {"type": "Polygon", "coordinates": [[[-79.9387299, 32.7739202], [-79.9387607, 32.773944], [-79.9387734, 32.7739324], [-79.9387425, 32.7739086], [-79.9387299, 32.7739202]]]}}, {"id": "383", "type": "Feature", "properties": {"id": "974e7617-bfcd-45b6-b1c9-d69372e21a53", "name": null, "subtype": "residential", "class": "detached", "height": 5.827764987945557, "num_floors": 2, "surge_class": 7, "surge_ft": 6.5, "flood_active": false, "exposure_score": 0.195, "exposure_category": "low"}, "geometry": {"type": "Polygon", "coordinates": [[[-79.9387038, 32.7740033], [-79.938834, 32.774093], [-79.9388671, 32.774059], [-79.9388297, 32.7740332], [-79.9388448, 32.7740176], [-79.9387521, 32.7739538], [-79.9387038, 32.7740033]]]}}, {"id": "384", "type": "Feature", "properties": {"id": "fadfe804-831d-4664-b595-3db08112fb70", "name": null, "subtype": "residential", "class": "detached", "height": 6.754429340362549, "num_floors": 2, "surge_class": 7, "surge_ft": 6.5, "flood_active": false, "exposure_score": 0.195, "exposure_category": "low"}, "geometry": {"type": "Polygon", "coordinates": [[[-79.9387672, 32.7741714], [-79.9388207, 32.7741211], [-79.9387312, 32.774054], [-79.9387368, 32.7740488], [-79.9386736, 32.7740014], [-79.9386146, 32.774057], [-79.9387672, 32.7741714]]]}}, {"id": "385", "type": "Feature", "properties": {"id": "8ebe8bf7-c4c5-4c6d-a125-fa9cab821864", "name": null, "subtype": "residential", "class": "detached", "height": 5.565401077270508, "num_floors": 3, "surge_class": 6, "surge_ft": 5.5, "flood_active": false, "exposure_score": 0.165, "exposure_category": "low"}, "geometry": {"type": "Polygon", "coordinates": [[[-79.9386774, 32.7742028], [-79.9386834, 32.7741969], [-79.938641, 32.7741667], [-79.9386439, 32.7741605], [-79.9385918, 32.7741232], [-79.9385795, 32.7741354], [-79.938558, 32.77412], [-79.9385056, 32.7741717], [-79.9385234, 32.7741844], [-79.9384931, 32.7742144], [-79.9385904, 32.7742839], [-79.9385943, 32.77428], [-79.9386169, 32.7742961], [-79.9386969, 32.7742167], [-79.9386774, 32.7742028]]]}}, {"id": "386", "type": "Feature", "properties": {"id": "bb21ea42-52e1-41f6-99a6-3acf54ef1fb1", "name": null, "subtype": "residential", "class": "detached", "height": 6.628907203674316, "num_floors": 2, "surge_class": 7, "surge_ft": 6.5, "flood_active": false, "exposure_score": 0.195, "exposure_category": "low"}, "geometry": {"type": "Polygon", "coordinates": [[[-79.939171, 32.7741979], [-79.9391928, 32.7741955], [-79.9391879, 32.7741636], [-79.9392193, 32.7741607], [-79.939215, 32.7741274], [-79.9391828, 32.7741304], [-79.9391776, 32.7740961], [-79.9391714, 32.7740968], [-79.9391657, 32.7740866], [-79.939159, 32.7740801], [-79.9391489, 32.7740739], [-79.9391416, 32.7740711], [-79.9391322, 32.774069], [-79.9391211, 32.7740685], [-79.9391095, 32.7740701], [-79.9390989, 32.7740738], [-79.9390907, 32.7740785], [-79.9390849, 32.7740833], [-79.9390776, 32.7740927], [-79.9390733, 32.7741047], [-79.9389878, 32.7741151], [-79.9389928, 32.7741475], [-79.9389858, 32.7741481], [-79.9389911, 32.7741829], [-79.938998, 32.7741821], [-79.9390033, 32.7742168], [-79.9390994, 32.7742065], [-79.9391004, 32.7742129], [-79.9391721, 32.7742052], [-79.939171, 32.7741979]]]}}, {"id": "387", "type": "Feature", "properties": {"id": "fe8d7305-aa62-4690-bc21-40549f6a8bec", "name": null, "subtype": "residential", "class": "detached", "height": 6.0753607749938965, "num_floors": 3, "surge_class": 7, "surge_ft": 6.5, "flood_active": false, "exposure_score": 0.195, "exposure_category": "low"}, "geometry": {"type": "Polygon", "coordinates": [[[-79.9392433, 32.7743363], [-79.9392313, 32.774238], [-79.9390275, 32.7742555], [-79.9389993, 32.774281], [-79.9390032, 32.7743127], [-79.9389749, 32.7743152], [-79.9389807, 32.7743632], [-79.9390326, 32.7743588], [-79.9390337, 32.7743676], [-79.9390987, 32.7743621], [-79.9390971, 32.7743488], [-79.9392433, 32.7743363]]]}}, {"id": "388", "type": "Feature", "properties": {"id": "d5bf0a53-ef41-4d6f-ac21-178073ab38f5", "name": null, "subtype": "outbuilding", "class": "shed", "height": null, "num_floors": null, "surge_class": 6, "surge_ft": 5.5, "flood_active": false, "exposure_score": 0.165, "exposure_category": "low"}, "geometry": {"type": "Polygon", "coordinates": [[[-79.938806, 32.7743999], [-79.9388076, 32.7744228], [-79.9388499, 32.7744207], [-79.9388483, 32.7743978], [-79.938806, 32.7743999]]]}}, {"id": "389", "type": "Feature", "properties": {"id": "8e04bc5e-9286-4577-a864-ebcbe75bc849", "name": null, "subtype": "residential", "class": "detached", "height": 5.822529315948486, "num_floors": 2, "surge_class": 6, "surge_ft": 5.5, "flood_active": false, "exposure_score": 0.165, "exposure_category": "low"}, "geometry": {"type": "Polygon", "coordinates": [[[-79.9388267, 32.774384], [-79.9389468, 32.7743731], [-79.9389403, 32.7743224], [-79.9388202, 32.7743333], [-79.9388267, 32.774384]]]}}, {"id": "390", "type": "Feature", "properties": {"id": "b86870d0-630f-4b44-a84e-63d021e265ba", "name": "The Laura Martelle House", "subtype": "residential", "class": "detached", "height": 9.0, "num_floors": 2, "surge_class": 7, "surge_ft": 6.5, "flood_active": false, "exposure_score": 0.195, "exposure_category": "low"}, "geometry": {"type": "Polygon", "coordinates": [[[-79.9385226, 32.7745846], [-79.9386773, 32.774691], [-79.9387078, 32.7746597], [-79.938657, 32.7746247], [-79.938677, 32.7746042], [-79.9385793, 32.774537], [-79.9385645, 32.7745522], [-79.9385583, 32.7745479], [-79.9385226, 32.7745846]]]}}, {"id": "391", "type": "Feature", "properties": {"id": "c5b2a6e7-3fad-4034-8ddc-c545dbf4dfec", "name": "The Laura Martelle House", "subtype": "residential", "class": "detached", "height": 10.0, "num_floors": 4, "surge_class": 7, "surge_ft": 6.5, "flood_active": false, "exposure_score": 0.195, "exposure_category": "low"}, "geometry": {"type": "Polygon", "coordinates": [[[-79.9386257, 32.7744837], [-79.9385887, 32.7745229], [-79.9387869, 32.7746552], [-79.938841, 32.7745979], [-79.9387754, 32.7745541], [-79.93877, 32.7745598], [-79.9386438, 32.7744756], [-79.9386321, 32.774488], [-79.9386257, 32.7744837]]]}}, {"id": "392", "type": "Feature", "properties": {"id": "c8f40414-6fc0-4885-868e-bcfe720345d1", "name": null, "subtype": "residential", "class": "detached", "height": 8.292778968811035, "num_floors": 3, "surge_class": 7, "surge_ft": 6.5, "flood_active": false, "exposure_score": 0.195, "exposure_category": "low"}, "geometry": {"type": "Polygon", "coordinates": [[[-79.9386662, 32.7744504], [-79.9388147, 32.7745544], [-79.9388471, 32.7745436], [-79.9388554, 32.7745127], [-79.9388358, 32.7744992], [-79.9388489, 32.7744858], [-79.9388292, 32.7744722], [-79.9388282, 32.7744514], [-79.9388044, 32.7744354], [-79.9387785, 32.7744372], [-79.9387263, 32.7744006], [-79.9387073, 32.7744197], [-79.938701, 32.7744153], [-79.9386662, 32.7744504]]]}}, {"id": "393", "type": "Feature", "properties": {"id": "f8d188cf-e4c8-43c9-9cff-8b3dfd01e189", "name": "The Laura Martelle House", "subtype": "residential", "class": "detached", "height": 9.0, "num_floors": 2, "surge_class": 7, "surge_ft": 6.5, "flood_active": false, "exposure_score": 0.195, "exposure_category": "low"}, "geometry": {"type": "Polygon", "coordinates": [[[-79.9384601, 32.7746464], [-79.9386093, 32.7747582], [-79.9386125, 32.7747552], [-79.9386534, 32.7747858], [-79.9386631, 32.7747766], [-79.9386814, 32.7747903], [-79.9387151, 32.7747584], [-79.9386969, 32.7747448], [-79.9387034, 32.7747387], [-79.9386634, 32.7747087], [-79.9386667, 32.7747057], [-79.9385206, 32.7745963], [-79.9385038, 32.7746122], [-79.9384996, 32.7746091], [-79.9384601, 32.7746464]]]}}, {"id": "394", "type": "Feature", "properties": {"id": "6806b58d-76c4-4e73-81e9-1f3038785d3b", "name": null, "subtype": "residential", "class": "detached", "height": 7.892671585083008, "num_floors": 2, "surge_class": 7, "surge_ft": 6.5, "flood_active": false, "exposure_score": 0.195, "exposure_category": "low"}, "geometry": {"type": "Polygon", "coordinates": [[[-79.9388539, 32.7748131], [-79.9390262, 32.7747937], [-79.9390153, 32.7747247], [-79.9388429, 32.774744], [-79.9388539, 32.7748131]]]}}, {"id": "395", "type": "Feature", "properties": {"id": "2e9135f2-8062-4106-bf6e-5403f28694d8", "name": null, "subtype": "residential", "class": "detached", "height": null, "num_floors": 2, "surge_class": 7, "surge_ft": 6.5, "flood_active": false, "exposure_score": 0.195, "exposure_category": "low"}, "geometry": {"type": "Polygon", "coordinates": [[[-79.9389731, 32.7746778], [-79.9389598, 32.7745964], [-79.9388823, 32.7745831], [-79.9388991, 32.7746863], [-79.9389731, 32.7746778]]]}}, {"id": "396", "type": "Feature", "properties": {"id": "836d1885-12db-4e27-9201-22e525228e31", "name": null, "subtype": "residential", "class": "detached", "height": 7.351322650909424, "num_floors": 3, "surge_class": 7, "surge_ft": 6.5, "flood_active": false, "exposure_score": 0.195, "exposure_category": "low"}, "geometry": {"type": "Polygon", "coordinates": [[[-79.9390227, 32.7749293], [-79.9393256, 32.7748953], [-79.9393078, 32.7747833], [-79.9390049, 32.7748174], [-79.9390227, 32.7749293]]]}}, {"id": "397", "type": "Feature", "properties": {"id": "0269df2c-d82a-4538-be84-b96012f63b2a", "name": null, "subtype": "residential", "class": "detached", "height": 7.252917289733887, "num_floors": 2, "surge_class": 7, "surge_ft": 6.5, "flood_active": false, "exposure_score": 0.195, "exposure_category": "low"}, "geometry": {"type": "Polygon", "coordinates": [[[-79.9390874, 32.7747275], [-79.9393062, 32.7747048], [-79.9392932, 32.7746165], [-79.9390745, 32.7746393], [-79.9390874, 32.7747275]]]}}, {"id": "398", "type": "Feature", "properties": {"id": "a47bdc55-16f2-4b74-96ab-77686830e6cc", "name": null, "subtype": "residential", "class": "detached", "height": 6.319268703460693, "num_floors": 2, "surge_class": 7, "surge_ft": 6.5, "flood_active": false, "exposure_score": 0.195, "exposure_category": "low"}, "geometry": {"type": "Polygon", "coordinates": [[[-79.9390625, 32.774618], [-79.9392836, 32.7745948], [-79.9392702, 32.7745044], [-79.9390535, 32.7745271], [-79.9390546, 32.7745345], [-79.9390222, 32.7745379], [-79.9390314, 32.7745997], [-79.9390594, 32.7745968], [-79.9390625, 32.774618]]]}}, {"id": "399", "type": "Feature", "properties": {"id": "4d6d09e7-31ba-4069-a7a6-bee80e61310f", "name": null, "subtype": "residential", "class": "detached", "height": 6.1299638748168945, "num_floors": 3, "surge_class": 7, "surge_ft": 6.5, "flood_active": false, "exposure_score": 0.195, "exposure_category": "low"}, "geometry": {"type": "Polygon", "coordinates": [[[-79.9390479, 32.7745073], [-79.9392462, 32.7744887], [-79.9392457, 32.7744846], [-79.9392729, 32.7744821], [-79.9392637, 32.7744118], [-79.9390365, 32.7744331], [-79.9390371, 32.774438], [-79.9390065, 32.7744409], [-79.9390152, 32.774507], [-79.9390474, 32.774504], [-79.9390479, 32.7745073]]]}}, {"id": "400", "type": "Feature", "properties": {"id": "6d4bf9cd-a3bf-4f75-afc9-840313123b03", "name": null, "subtype": "residential", "class": "detached", "height": 7.241827964782715, "num_floors": 3, "surge_class": 7, "surge_ft": 6.5, "flood_active": false, "exposure_score": 0.195, "exposure_category": "low"}, "geometry": {"type": "Polygon", "coordinates": [[[-79.9396295, 32.7743056], [-79.9395138, 32.7743197], [-79.9395146, 32.7743244], [-79.9394936, 32.7743269], [-79.9395102, 32.7744232], [-79.9395289, 32.7744209], [-79.9395295, 32.7744248], [-79.9396935, 32.7744049], [-79.9396866, 32.7743646], [-79.9396526, 32.7743688], [-79.9396507, 32.7743574], [-79.9396386, 32.7743588], [-79.9396295, 32.7743056]]]}}, {"id": "401", "type": "Feature", "properties": {"id": "165e1d22-f71f-4c3c-8d6a-f88206c23890", "name": null, "subtype": "residential", "class": "detached", "height": 6.384106159210205, "num_floors": 3, "surge_class": 7, "surge_ft": 6.5, "flood_active": false, "exposure_score": 0.195, "exposure_category": "low"}, "geometry": {"type": "Polygon", "coordinates": [[[-79.9395408, 32.7745451], [-79.9397178, 32.7745246], [-79.9397161, 32.7745143], [-79.9397338, 32.7745122], [-79.9397259, 32.7744645], [-79.9397068, 32.7744668], [-79.9397011, 32.7744319], [-79.9396527, 32.7744375], [-79.9396517, 32.7744317], [-79.9396034, 32.7744373], [-79.9396042, 32.7744421], [-79.9395258, 32.7744512], [-79.9395266, 32.7744563], [-79.9395027, 32.774459], [-79.9395166, 32.7745433], [-79.93954, 32.7745406], [-79.9395408, 32.7745451]]]}}, {"id": "402", "type": "Feature", "properties": {"id": "0a07f40f-0a01-4492-833c-f84653f67864", "name": null, "subtype": "residential", "class": "house", "height": 6.763755798339844, "num_floors": 2, "surge_class": 7, "surge_ft": 6.5, "flood_active": false, "exposure_score": 0.195, "exposure_category": "low"}, "geometry": {"type": "Polygon", "coordinates": [[[-79.9397683, 32.7745974], [-79.9397614, 32.7745488], [-79.9395246, 32.7745724], [-79.9395381, 32.7746675], [-79.9397924, 32.7746422], [-79.9397859, 32.7745957], [-79.9397683, 32.7745974]]]}}, {"id": "403", "type": "Feature", "properties": {"id": "8c2ee0e7-9f0f-40fe-9fda-f734b6315d02", "name": null, "subtype": "residential", "class": "detached", "height": 6.097079753875732, "num_floors": 3, "surge_class": 7, "surge_ft": 6.5, "flood_active": false, "exposure_score": 0.195, "exposure_category": "low"}, "geometry": {"type": "Polygon", "coordinates": [[[-79.9397766, 32.7746642], [-79.9395412, 32.7746861], [-79.9395538, 32.7747811], [-79.939818, 32.7747565], [-79.9398064, 32.7746681], [-79.9397775, 32.7746708], [-79.9397766, 32.7746642]]]}}, {"id": "404", "type": "Feature", "properties": {"id": "ff0dca66-5a4f-41da-8273-a30f3a814390", "name": null, "subtype": "residential", "class": "detached", "height": 5.674463748931885, "num_floors": 3, "surge_class": 7, "surge_ft": 6.5, "flood_active": false, "exposure_score": 0.195, "exposure_category": "low"}, "geometry": {"type": "Polygon", "coordinates": [[[-79.939567, 32.774825], [-79.9395795, 32.7749145], [-79.9398118, 32.7748916], [-79.9398103, 32.7748808], [-79.9398471, 32.7748772], [-79.9398389, 32.7748191], [-79.9398323, 32.7748197], [-79.9398273, 32.7747847], [-79.9397648, 32.7747911], [-79.9397643, 32.7747877], [-79.9395868, 32.7748061], [-79.9395801, 32.7748087], [-79.9395743, 32.7748126], [-79.9395696, 32.7748184], [-79.939567, 32.774825]]]}}, {"id": "405", "type": "Feature", "properties": {"id": "cabaa086-9843-450e-8a83-2ac366259d3b", "name": null, "subtype": "outbuilding", "class": "shed", "height": null, "num_floors": null, "surge_class": 7, "surge_ft": 6.5, "flood_active": false, "exposure_score": 0.195, "exposure_category": "low"}, "geometry": {"type": "Polygon", "coordinates": [[[-79.9399758, 32.7749043], [-79.9399732, 32.7748842], [-79.939951, 32.7748862], [-79.9399536, 32.7749063], [-79.9399758, 32.7749043]]]}}, {"id": "406", "type": "Feature", "properties": {"id": "ed7693c3-15a7-4a87-b961-a960de1703dd", "name": null, "subtype": "outbuilding", "class": "shed", "height": null, "num_floors": null, "surge_class": 6, "surge_ft": 5.5, "flood_active": false, "exposure_score": 0.165, "exposure_category": "low"}, "geometry": {"type": "Polygon", "coordinates": [[[-79.940012, 32.7748168], [-79.9400533, 32.7748134], [-79.9400488, 32.7747744], [-79.9400075, 32.7747777], [-79.940012, 32.7748168]]]}}, {"id": "407", "type": "Feature", "properties": {"id": "128d1321-3be1-40b3-a2bb-401f0ca68ebd", "name": null, "subtype": "residential", "class": "detached", "height": 6.2936930656433105, "num_floors": 3, "surge_class": 7, "surge_ft": 6.5, "flood_active": false, "exposure_score": 0.195, "exposure_category": "low"}, "geometry": {"type": "Polygon", "coordinates": [[[-79.9401148, 32.7748748], [-79.9402662, 32.7748594], [-79.9402651, 32.7748517], [-79.9402985, 32.7748483], [-79.9402881, 32.7747759], [-79.9402525, 32.7747795], [-79.9402516, 32.7747736], [-79.9401024, 32.7747888], [-79.9401148, 32.7748748]]]}}, {"id": "408", "type": "Feature", "properties": {"id": "deb007fa-84f2-487a-97a7-587abdf35f7d", "name": null, "subtype": "residential", "class": "detached", "height": 6.505698204040527, "num_floors": 2, "surge_class": 7, "surge_ft": 6.5, "flood_active": false, "exposure_score": 0.195, "exposure_category": "low"}, "geometry": {"type": "Polygon", "coordinates": [[[-79.9400686, 32.7747686], [-79.9402597, 32.7747506], [-79.9402548, 32.7747137], [-79.9402764, 32.7747117], [-79.9402695, 32.7746595], [-79.9401887, 32.7746671], [-79.940183, 32.7746724], [-79.9400573, 32.7746842], [-79.9400686, 32.7747686]]]}}, {"id": "409", "type": "Feature", "properties": {"id": "46fc437d-2395-46e7-b749-c353cf01c834", "name": null, "subtype": "outbuilding", "class": "shed", "height": null, "num_floors": null, "surge_class": 7, "surge_ft": 6.5, "flood_active": false, "exposure_score": 0.195, "exposure_category": "low"}, "geometry": {"type": "Polygon", "coordinates": [[[-79.9400003, 32.7746874], [-79.9400438, 32.7746823], [-79.9400401, 32.7746604], [-79.9399967, 32.7746655], [-79.9400003, 32.7746874]]]}}, {"id": "410", "type": "Feature", "properties": {"id": "a6f27315-d188-49a1-af6d-4406ac10682d", "name": null, "subtype": "residential", "class": "detached", "height": 6.6391825675964355, "num_floors": 3, "surge_class": 8, "surge_ft": 7.5, "flood_active": false, "exposure_score": 0.225, "exposure_category": "low"}, "geometry": {"type": "Polygon", "coordinates": [[[-79.9400822, 32.7746575], [-79.9402662, 32.7746402], [-79.9402547, 32.7745537], [-79.9401461, 32.7745638], [-79.9401363, 32.7745593], [-79.9401158, 32.7745602], [-79.9401075, 32.7745675], [-79.9400699, 32.774571], [-79.9400726, 32.7745912], [-79.9400545, 32.7745929], [-79.9400628, 32.7746554], [-79.9400817, 32.7746536], [-79.9400822, 32.7746575]]]}}, {"id": "411", "type": "Feature", "properties": {"id": "cd06bfdd-85c2-408f-8ceb-1a71e3a67272", "name": null, "subtype": "residential", "class": "detached", "height": 5.4734954833984375, "num_floors": 3, "surge_class": 7, "surge_ft": 6.5, "flood_active": false, "exposure_score": 0.195, "exposure_category": "low"}, "geometry": {"type": "Polygon", "coordinates": [[[-79.9400678, 32.7745494], [-79.9402503, 32.7745299], [-79.9402376, 32.7744457], [-79.9401264, 32.7744575], [-79.9401175, 32.7744526], [-79.9400979, 32.7744542], [-79.9400882, 32.7744616], [-79.9400551, 32.7744651], [-79.9400678, 32.7745494]]]}}, {"id": "412", "type": "Feature", "properties": {"id": "5e4396d8-917a-4de6-a7aa-62f481de7dce", "name": null, "subtype": "residential", "class": "detached", "height": 6.015390872955322, "num_floors": 3, "surge_class": 7, "surge_ft": 6.5, "flood_active": false, "exposure_score": 0.195, "exposure_category": "low"}, "geometry": {"type": "Polygon", "coordinates": [[[-79.9400497, 32.7744366], [-79.9402342, 32.7744189], [-79.940223, 32.7743361], [-79.9400384, 32.7743538], [-79.9400497, 32.7744366]]]}}, {"id": "413", "type": "Feature", "properties": {"id": "be6e52ca-301d-4d16-ab9d-116842b95bab", "name": null, "subtype": "residential", "class": "garage", "height": null, "num_floors": null, "surge_class": 8, "surge_ft": 7.5, "flood_active": false, "exposure_score": 0.225, "exposure_category": "low"}, "geometry": {"type": "Polygon", "coordinates": [[[-79.9398267, 32.7742656], [-79.9398348, 32.7743206], [-79.939923, 32.7743113], [-79.9399149, 32.7742563], [-79.9398267, 32.7742656]]]}}, {"id": "414", "type": "Feature", "properties": {"id": "684d26a0-17f6-4c4e-ad11-5ff6081df355", "name": null, "subtype": "outbuilding", "class": "outbuilding", "height": null, "num_floors": null, "surge_class": 8, "surge_ft": 7.5, "flood_active": false, "exposure_score": 0.225, "exposure_category": "low"}, "geometry": {"type": "Polygon", "coordinates": [[[-79.9399207, 32.7741648], [-79.9399738, 32.7741589], [-79.9399677, 32.7741199], [-79.9398965, 32.7741278], [-79.9399129, 32.7742322], [-79.9399471, 32.7742284], [-79.939938, 32.7741708], [-79.939922, 32.7741726], [-79.9399207, 32.7741648]]]}}, {"id": "415", "type": "Feature", "properties": {"id": "372c68c9-2cbb-4d83-94e0-0ba728f9b9cc", "name": null, "subtype": "residential", "class": "detached", "height": 6.8661603927612305, "num_floors": 3, "surge_class": 6, "surge_ft": 5.5, "flood_active": false, "exposure_score": 0.165, "exposure_category": "low"}, "geometry": {"type": "Polygon", "coordinates": [[[-79.9398394, 32.7737504], [-79.939839, 32.7737476], [-79.9397491, 32.7737576], [-79.9397794, 32.773951], [-79.9397825, 32.7739506], [-79.9397852, 32.7739679], [-79.9397956, 32.7739667], [-79.939798, 32.7739818], [-79.9398428, 32.7739769], [-79.9398402, 32.7739596], [-79.9398926, 32.7739539], [-79.9398899, 32.7739364], [-79.9398922, 32.7739361], [-79.9398627, 32.7737478], [-79.9398394, 32.7737504]]]}}, {"id": "416", "type": "Feature", "properties": {"id": "cb4195f9-f155-4186-9b5d-75990db90a0d", "name": null, "subtype": "residential", "class": "semidetached_house", "height": null, "num_floors": 2, "surge_class": 7, "surge_ft": 6.5, "flood_active": false, "exposure_score": 0.195, "exposure_category": "low"}, "geometry": {"type": "Polygon", "coordinates": [[[-79.9401736, 32.7740568], [-79.9401629, 32.7739882], [-79.9400652, 32.773999], [-79.9400794, 32.7740896], [-79.9401461, 32.7740822], [-79.9401426, 32.7740602], [-79.9401736, 32.7740568]]]}}, {"id": "417", "type": "Feature", "properties": {"id": "84f4c247-fa43-4491-a2ae-09098644a39a", "name": null, "subtype": "residential", "class": "semidetached_house", "height": null, "num_floors": 2, "surge_class": 7, "surge_ft": 6.5, "flood_active": false, "exposure_score": 0.195, "exposure_category": "low"}, "geometry": {"type": "Polygon", "coordinates": [[[-79.9401799, 32.7739866], [-79.9401691, 32.7739126], [-79.9401339, 32.7739162], [-79.9401326, 32.7739073], [-79.9400579, 32.773915], [-79.9400592, 32.7739239], [-79.9400536, 32.7739245], [-79.9400652, 32.773999], [-79.9401629, 32.7739882], [-79.9401799, 32.7739866]]]}}, {"id": "418", "type": "Feature", "properties": {"id": "df90eb61-7c79-4e65-a43d-a5a4f6da6f3d", "name": null, "subtype": "outbuilding", "class": "shed", "height": null, "num_floors": null, "surge_class": 5, "surge_ft": 4.5, "flood_active": false, "exposure_score": 0.135, "exposure_category": "low"}, "geometry": {"type": "Polygon", "coordinates": [[[-79.9400191, 32.7738942], [-79.9400408, 32.773892], [-79.9400392, 32.7738808], [-79.9400175, 32.773883], [-79.9400191, 32.7738942]]]}}, {"id": "419", "type": "Feature", "properties": {"id": "b6e230c2-cff0-4b9a-bf33-22a278552456", "name": null, "subtype": "residential", "class": "semidetached_house", "height": 5.320716381072998, "num_floors": 2, "surge_class": 6, "surge_ft": 5.5, "flood_active": false, "exposure_score": 0.165, "exposure_category": "low"}, "geometry": {"type": "Polygon", "coordinates": [[[-79.9400439, 32.7738524], [-79.9400895, 32.7738471], [-79.9400859, 32.7738254], [-79.9400683, 32.7737193], [-79.940019, 32.773725], [-79.9400218, 32.773742], [-79.9399945, 32.7737452], [-79.9399967, 32.7737584], [-79.9399844, 32.7737598], [-79.939999, 32.773848], [-79.9400424, 32.7738429], [-79.9400439, 32.7738524]]]}}, {"id": "420", "type": "Feature", "properties": {"id": "d121125d-4a60-4a1d-ab12-48386fdff543", "name": null, "subtype": "outbuilding", "class": "shed", "height": null, "num_floors": null, "surge_class": 7, "surge_ft": 6.5, "flood_active": false, "exposure_score": 0.195, "exposure_category": "low"}, "geometry": {"type": "Polygon", "coordinates": [[[-79.940157, 32.773815], [-79.9401599, 32.7738362], [-79.9401883, 32.7738334], [-79.9401854, 32.7738122], [-79.940157, 32.773815]]]}}, {"id": "421", "type": "Feature", "properties": {"id": "237494e7-2bca-42ff-b1ca-f8fa36e8f909", "name": null, "subtype": "residential", "class": "detached", "height": 5.5007758140563965, "num_floors": 3, "surge_class": 7, "surge_ft": 6.5, "flood_active": false, "exposure_score": 0.195, "exposure_category": "low"}, "geometry": {"type": "Polygon", "coordinates": [[[-79.9399966, 32.7742218], [-79.9401956, 32.7742008], [-79.9401917, 32.7741746], [-79.9402098, 32.7741727], [-79.9402163, 32.7741695], [-79.940222, 32.7741644], [-79.9402256, 32.7741582], [-79.9402269, 32.7741513], [-79.9402259, 32.774145], [-79.9402229, 32.7741391], [-79.940217, 32.7741336], [-79.9402098, 32.7741296], [-79.9402025, 32.7741281], [-79.9402014, 32.7741208], [-79.9401176, 32.7741297], [-79.9401158, 32.774118], [-79.9400467, 32.7741254], [-79.9400475, 32.7741302], [-79.9400219, 32.7741329], [-79.9400275, 32.7741701], [-79.9400137, 32.7741715], [-79.9400162, 32.7741882], [-79.9399919, 32.7741908], [-79.9399966, 32.7742218]]]}}, {"id": "422", "type": "Feature", "properties": {"id": "46feea4e-3aef-47fa-96c2-0a61a44d8c6b", "name": null, "subtype": "residential", "class": "detached", "height": 6.486881732940674, "num_floors": 3, "surge_class": 7, "surge_ft": 6.5, "flood_active": false, "exposure_score": 0.195, "exposure_category": "low"}, "geometry": {"type": "Polygon", "coordinates": [[[-79.9399885, 32.7743367], [-79.9401987, 32.7743159], [-79.9401942, 32.7742838], [-79.9402156, 32.7742817], [-79.9402073, 32.7742223], [-79.9401153, 32.7742314], [-79.9401078, 32.7742399], [-79.9400167, 32.7742489], [-79.9400219, 32.7742864], [-79.9399821, 32.7742904], [-79.9399885, 32.7743367]]]}}, {"id": "423", "type": "Feature", "properties": {"id": "24e487f7-8812-428f-b3fc-317de1cdbbdd", "name": null, "subtype": "residential", "class": "detached", "height": 6.41233491897583, "num_floors": 3, "surge_class": 7, "surge_ft": 6.5, "flood_active": false, "exposure_score": 0.195, "exposure_category": "low"}, "geometry": {"type": "Polygon", "coordinates": [[[-79.9404378, 32.7742856], [-79.9405955, 32.7742697], [-79.9405949, 32.7742659], [-79.9406203, 32.7742633], [-79.9406096, 32.7741883], [-79.9405866, 32.7741907], [-79.940586, 32.7741864], [-79.9404709, 32.7741981], [-79.9404599, 32.774193], [-79.9404467, 32.7742005], [-79.9404422, 32.7742095], [-79.9404492, 32.7742185], [-79.9404542, 32.7742536], [-79.9404335, 32.7742557], [-79.9404378, 32.7742856]]]}}, {"id": "424", "type": "Feature", "properties": {"id": "47668028-3efe-4e57-9054-29a32604ef2f", "name": null, "subtype": "residential", "class": "detached", "height": 6.204836368560791, "num_floors": 3, "surge_class": 7, "surge_ft": 6.5, "flood_active": false, "exposure_score": 0.195, "exposure_category": "low"}, "geometry": {"type": "Polygon", "coordinates": [[[-79.9404478, 32.7741752], [-79.9404508, 32.7741769], [-79.9406215, 32.7741591], [-79.9406125, 32.774098], [-79.9405851, 32.7741009], [-79.9405822, 32.7740809], [-79.9404235, 32.7740975], [-79.9404311, 32.7741491], [-79.9404398, 32.7741481], [-79.9404381, 32.7741522], [-79.9404154, 32.7741546], [-79.9404189, 32.7741782], [-79.9404478, 32.7741752]]]}}, {"id": "425", "type": "Feature", "properties": {"id": "b161b4a7-bdb7-4ef4-9200-56bad24d76cc", "name": null, "subtype": "residential", "class": "detached", "height": 6.181867599487305, "num_floors": 3, "surge_class": 6, "surge_ft": 5.5, "flood_active": false, "exposure_score": 0.165, "exposure_category": "low"}, "geometry": {"type": "Polygon", "coordinates": [[[-79.9405187, 32.7738413], [-79.9405257, 32.7738405], [-79.9405084, 32.7737259], [-79.9405039, 32.7737264], [-79.9404994, 32.773697], [-79.9403621, 32.7737116], [-79.9403661, 32.7737383], [-79.9403486, 32.7737402], [-79.9403664, 32.7738579], [-79.9404014, 32.7738542], [-79.9404034, 32.773868], [-79.9405208, 32.7738554], [-79.9405187, 32.7738413]]]}}, {"id": "426", "type": "Feature", "properties": {"id": "15af8a1b-88b3-4288-9d18-4559e0b0fbdd", "name": null, "subtype": "outbuilding", "class": "shed", "height": null, "num_floors": null, "surge_class": 7, "surge_ft": 6.5, "flood_active": false, "exposure_score": 0.195, "exposure_category": "low"}, "geometry": {"type": "Polygon", "coordinates": [[[-79.9406244, 32.773875], [-79.9406165, 32.7738255], [-79.9405575, 32.7738322], [-79.9405655, 32.7738817], [-79.9406244, 32.773875]]]}}, {"id": "427", "type": "Feature", "properties": {"id": "ee9a6549-5b59-4b57-83a9-144fa9eecc52", "name": null, "subtype": "residential", "class": "garage", "height": null, "num_floors": null, "surge_class": 7, "surge_ft": 6.5, "flood_active": false, "exposure_score": 0.195, "exposure_category": "low"}, "geometry": {"type": "Polygon", "coordinates": [[[-79.9404553, 32.7739407], [-79.9404625, 32.7739845], [-79.9405598, 32.7739732], [-79.9405468, 32.7738943], [-79.9404793, 32.7739022], [-79.9404851, 32.7739372], [-79.9404553, 32.7739407]]]}}, {"id": "428", "type": "Feature", "properties": {"id": "218b427c-56e5-4aed-918d-cfb316cd70dc", "name": null, "subtype": "residential", "class": "detached", "height": 6.040599822998047, "num_floors": 2, "surge_class": 7, "surge_ft": 6.5, "flood_active": false, "exposure_score": 0.195, "exposure_category": "low"}, "geometry": {"type": "Polygon", "coordinates": [[[-79.9408787, 32.7740173], [-79.9408608, 32.7739032], [-79.9407794, 32.7739123], [-79.9407858, 32.7739526], [-79.9406742, 32.773965], [-79.9406788, 32.7739939], [-79.9406432, 32.7739979], [-79.9406502, 32.7740427], [-79.9408787, 32.7740173]]]}}, {"id": "429", "type": "Feature", "properties": {"id": "8feed037-33d9-4efd-acb8-788de62a8e94", "name": null, "subtype": "residential", "class": "detached", "height": 6.272923946380615, "num_floors": 2, "surge_class": 7, "surge_ft": 6.5, "flood_active": false, "exposure_score": 0.195, "exposure_category": "low"}, "geometry": {"type": "Polygon", "coordinates": [[[-79.9407104, 32.7741467], [-79.940889, 32.7741281], [-79.940878, 32.7740528], [-79.9406993, 32.7740714], [-79.9407104, 32.7741467]]]}}, {"id": "430", "type": "Feature", "properties": {"id": "a3773c65-2fc4-4f70-8138-9446430227f5", "name": null, "subtype": "residential", "class": "garage", "height": null, "num_floors": null, "surge_class": 7, "surge_ft": 6.5, "flood_active": false, "exposure_score": 0.195, "exposure_category": "low"}, "geometry": {"type": "Polygon", "coordinates": [[[-79.9405625, 32.7740508], [-79.9405663, 32.7740807], [-79.940653, 32.7740729], [-79.9406492, 32.7740431], [-79.9405625, 32.7740508]]]}}, {"id": "431", "type": "Feature", "properties": {"id": "794f57d1-5c99-42e3-ad04-38e1ade36eed", "name": null, "subtype": "outbuilding", "class": "shed", "height": null, "num_floors": null, "surge_class": 7, "surge_ft": 6.5, "flood_active": false, "exposure_score": 0.195, "exposure_category": "low"}, "geometry": {"type": "Polygon", "coordinates": [[[-79.9406964, 32.7741743], [-79.9406934, 32.7741542], [-79.9406601, 32.7741578], [-79.9406631, 32.7741779], [-79.9406964, 32.7741743]]]}}, {"id": "432", "type": "Feature", "properties": {"id": "59e4a5ac-e664-430a-b77c-8793769e525a", "name": null, "subtype": "outbuilding", "class": "shed", "height": null, "num_floors": null, "surge_class": 7, "surge_ft": 6.5, "flood_active": false, "exposure_score": 0.195, "exposure_category": "low"}, "geometry": {"type": "Polygon", "coordinates": [[[-79.9406454, 32.7742974], [-79.9406826, 32.7742945], [-79.9406791, 32.774263], [-79.9406419, 32.7742659], [-79.9406454, 32.7742974]]]}}, {"id": "433", "type": "Feature", "properties": {"id": "04b14b61-f586-48cd-b8ec-00108dde217e", "name": null, "subtype": "residential", "class": "detached", "height": 6.026061534881592, "num_floors": 2, "surge_class": 7, "surge_ft": 6.5, "flood_active": false, "exposure_score": 0.195, "exposure_category": "low"}, "geometry": {"type": "Polygon", "coordinates": [[[-79.9407477, 32.7742524], [-79.9409066, 32.774236], [-79.9408942, 32.7741509], [-79.9407319, 32.7741676], [-79.940733, 32.7741754], [-79.9407254, 32.7741762], [-79.9407356, 32.7742467], [-79.9407467, 32.7742456], [-79.9407477, 32.7742524]]]}}, {"id": "434", "type": "Feature", "properties": {"id": "4c500dee-acad-4875-9e11-618c9ff2587f", "name": null, "subtype": "residential", "class": "detached", "height": 6.079155445098877, "num_floors": 2, "surge_class": 7, "surge_ft": 6.5, "flood_active": false, "exposure_score": 0.195, "exposure_category": "low"}, "geometry": {"type": "Polygon", "coordinates": [[[-79.9407548, 32.774365], [-79.9409145, 32.7743476], [-79.9409132, 32.7743393], [-79.9409229, 32.7743382], [-79.9409191, 32.7743134], [-79.940912, 32.7743142], [-79.9409046, 32.7742661], [-79.9407295, 32.7742852], [-79.9407359, 32.7743269], [-79.9407487, 32.7743255], [-79.9407548, 32.774365]]]}}, {"id": "435", "type": "Feature", "properties": {"id": "139c1b47-da13-483d-8d8b-de7d799f8b28", "name": null, "subtype": "residential", "class": "detached", "height": 5.825231552124023, "num_floors": 2, "surge_class": 7, "surge_ft": 6.5, "flood_active": false, "exposure_score": 0.195, "exposure_category": "low"}, "geometry": {"type": "Polygon", "coordinates": [[[-79.9407952, 32.7744704], [-79.9409064, 32.7744588], [-79.9409054, 32.7744524], [-79.940914, 32.7744515], [-79.9409114, 32.7744337], [-79.9409045, 32.7744344], [-79.9408952, 32.7743714], [-79.9407824, 32.7743831], [-79.9407952, 32.7744704]]]}}, {"id": "436", "type": "Feature", "properties": {"id": "56ee445a-4cd7-41c1-b711-b8fc8da904c9", "name": null, "subtype": "residential", "class": "detached", "height": 6.413852214813232, "num_floors": 2, "surge_class": 7, "surge_ft": 6.5, "flood_active": false, "exposure_score": 0.195, "exposure_category": "low"}, "geometry": {"type": "Polygon", "coordinates": [[[-79.9408191, 32.7745768], [-79.9409221, 32.7745663], [-79.9409105, 32.7744864], [-79.9408056, 32.7744971], [-79.940808, 32.7745138], [-79.9407831, 32.7745163], [-79.9407892, 32.7745585], [-79.9408161, 32.7745557], [-79.9408191, 32.7745768]]]}}, {"id": "437", "type": "Feature", "properties": {"id": "c7b6b5d5-6647-43ec-9ec4-2a42b6583271", "name": null, "subtype": "residential", "class": "detached", "height": 6.595322132110596, "num_floors": 2, "surge_class": 7, "surge_ft": 6.5, "flood_active": false, "exposure_score": 0.195, "exposure_category": "low"}, "geometry": {"type": "Polygon", "coordinates": [[[-79.9404525, 32.7743958], [-79.9406139, 32.7743804], [-79.9406023, 32.7742944], [-79.9404409, 32.7743098], [-79.9404525, 32.7743958]]]}}, {"id": "438", "type": "Feature", "properties": {"id": "a38df91e-daae-41b9-be36-d512b0b43a9e", "name": null, "subtype": "residential", "class": "detached", "height": 6.723076820373535, "num_floors": 3, "surge_class": 7, "surge_ft": 6.5, "flood_active": false, "exposure_score": 0.195, "exposure_category": "low"}, "geometry": {"type": "Polygon", "coordinates": [[[-79.9404754, 32.7745031], [-79.9406321, 32.7744873], [-79.9406269, 32.7744507], [-79.9406378, 32.7744496], [-79.9406313, 32.7744042], [-79.9405283, 32.7744146], [-79.940529, 32.7744192], [-79.9404644, 32.7744258], [-79.9404556, 32.7744411], [-79.9404586, 32.7744645], [-79.9404709, 32.7744716], [-79.9404754, 32.7745031]]]}}, {"id": "439", "type": "Feature", "properties": {"id": "891e0c27-2c06-4d89-83fe-72cdf1cd318d", "name": null, "subtype": "residential", "class": "detached", "height": 6.201060771942139, "num_floors": 3, "surge_class": 7, "surge_ft": 6.5, "flood_active": false, "exposure_score": 0.195, "exposure_category": "low"}, "geometry": {"type": "Polygon", "coordinates": [[[-79.9405021, 32.7746169], [-79.940648, 32.7746022], [-79.9406356, 32.7745152], [-79.9404898, 32.7745299], [-79.9404966, 32.7745778], [-79.9404874, 32.7745787], [-79.9404922, 32.7746123], [-79.9405013, 32.7746114], [-79.9405021, 32.7746169]]]}}, {"id": "440", "type": "Feature", "properties": {"id": "226a408e-85a7-47ce-a6a1-8d1496aecdfa", "name": null, "subtype": "residential", "class": "detached", "height": 6.184948444366455, "num_floors": 3, "surge_class": 7, "surge_ft": 6.5, "flood_active": false, "exposure_score": 0.195, "exposure_category": "low"}, "geometry": {"type": "Polygon", "coordinates": [[[-79.9405073, 32.7747239], [-79.9406613, 32.7747081], [-79.940649, 32.7746229], [-79.9405116, 32.774637], [-79.9405175, 32.7746774], [-79.9405008, 32.7746791], [-79.9405073, 32.7747239]]]}}, {"id": "441", "type": "Feature", "properties": {"id": "15843647-21cb-4e2a-9c52-bbce6ccb3361", "name": null, "subtype": "residential", "class": "detached", "height": 6.464583396911621, "num_floors": 3, "surge_class": 7, "surge_ft": 6.5, "flood_active": false, "exposure_score": 0.195, "exposure_category": "low"}, "geometry": {"type": "Polygon", "coordinates": [[[-79.9405373, 32.7749414], [-79.9406914, 32.7749272], [-79.940691, 32.7749241], [-79.9407355, 32.77492], [-79.9407255, 32.7748429], [-79.9406808, 32.774847], [-79.9406804, 32.7748443], [-79.9406418, 32.7748478], [-79.9406329, 32.7748434], [-79.9406098, 32.7748447], [-79.9406031, 32.7748514], [-79.9405256, 32.7748585], [-79.9405308, 32.774898], [-79.9405225, 32.7748987], [-79.9405276, 32.7749384], [-79.9405368, 32.7749376], [-79.9405373, 32.7749414]]]}}, {"id": "442", "type": "Feature", "properties": {"id": "d1bbd6f3-f7b0-4545-ab9a-aa4666996908", "name": null, "subtype": "residential", "class": "detached", "height": 6.190433979034424, "num_floors": 3, "surge_class": 7, "surge_ft": 6.5, "flood_active": false, "exposure_score": 0.195, "exposure_category": "low"}, "geometry": {"type": "Polygon", "coordinates": [[[-79.9405375, 32.774832], [-79.9406747, 32.7748168], [-79.9406691, 32.774781], [-79.9406877, 32.7747789], [-79.9406806, 32.7747338], [-79.9406612, 32.774736], [-79.9406608, 32.7747333], [-79.9406434, 32.7747352], [-79.9406424, 32.774729], [-79.940577, 32.7747363], [-79.940578, 32.7747426], [-79.9405178, 32.7747493], [-79.9405254, 32.7747974], [-79.9405154, 32.7747985], [-79.9405205, 32.7748309], [-79.940537, 32.774829], [-79.9405375, 32.774832]]]}}, {"id": "443", "type": "Feature", "properties": {"id": "daacc9c0-249a-48a1-a48c-f4aae5ad0cd1", "name": null, "subtype": "residential", "class": "detached", "height": 5.821476459503174, "num_floors": 2, "surge_class": 7, "surge_ft": 6.5, "flood_active": false, "exposure_score": 0.195, "exposure_category": "low"}, "geometry": {"type": "Polygon", "coordinates": [[[-79.9408165, 32.7746139], [-79.9408276, 32.7746856], [-79.9409598, 32.7746711], [-79.9409541, 32.7746343], [-79.9409306, 32.7746369], [-79.940924, 32.7745945], [-79.9408539, 32.7746022], [-79.9408501, 32.7745777], [-79.9407846, 32.7745849], [-79.9407896, 32.7746168], [-79.9408165, 32.7746139]]]}}, {"id": "444", "type": "Feature", "properties": {"id": "e85021c2-447f-430c-9367-6d479f031110", "name": null, "subtype": "residential", "class": "detached", "height": 5.58474588394165, "num_floors": 3, "surge_class": 8, "surge_ft": 7.5, "flood_active": false, "exposure_score": 0.225, "exposure_category": "low"}, "geometry": {"type": "Polygon", "coordinates": [[[-79.9408413, 32.7747996], [-79.9409483, 32.7747893], [-79.9409367, 32.7747037], [-79.9408313, 32.7747139], [-79.9408318, 32.7747172], [-79.9407944, 32.7747208], [-79.9408017, 32.7747741], [-79.9408199, 32.7747724], [-79.9408233, 32.7747971], [-79.9408407, 32.7747954], [-79.9408413, 32.7747996]]]}}, {"id": "445", "type": "Feature", "properties": {"id": "b22e26f6-1ad2-49d1-853a-4c5e1ada83fa", "name": null, "subtype": "residential", "class": "detached", "height": 5.837096691131592, "num_floors": 3, "surge_class": 7, "surge_ft": 6.5, "flood_active": false, "exposure_score": 0.195, "exposure_category": "low"}, "geometry": {"type": "Polygon", "coordinates": [[[-79.9408527, 32.7749031], [-79.9408531, 32.7749058], [-79.9409931, 32.7748916], [-79.9409869, 32.7748484], [-79.9409579, 32.7748513], [-79.9409517, 32.7748082], [-79.9408392, 32.7748195], [-79.94084, 32.7748252], [-79.9408206, 32.7748271], [-79.9408318, 32.7749052], [-79.9408527, 32.7749031]]]}}, {"id": "446", "type": "Feature", "properties": {"id": "4676e79a-7cd6-444a-8461-5520d7cc8eec", "name": null, "subtype": "outbuilding", "class": "outbuilding", "height": null, "num_floors": null, "surge_class": 7, "surge_ft": 6.5, "flood_active": false, "exposure_score": 0.195, "exposure_category": "low"}, "geometry": {"type": "Polygon", "coordinates": [[[-79.9418008, 32.7738437], [-79.9418079, 32.773908], [-79.9418875, 32.7739018], [-79.9418804, 32.7738375], [-79.9418008, 32.7738437]]]}}, {"id": "447", "type": "Feature", "properties": {"id": "4d7f6592-5eaa-46cd-8ab8-1b7773d6ffde", "name": null, "subtype": "residential", "class": "semidetached_house", "height": null, "num_floors": 2, "surge_class": 6, "surge_ft": 5.5, "flood_active": false, "exposure_score": 0.165, "exposure_category": "low"}, "geometry": {"type": "Polygon", "coordinates": [[[-79.9411242, 32.7739121], [-79.941291, 32.7738945], [-79.9412808, 32.7738265], [-79.9411141, 32.7738442], [-79.9411242, 32.7739121]]]}}, {"id": "448", "type": "Feature", "properties": {"id": "b9a5015d-63aa-4cf1-b4ae-c66e1c60a1f7", "name": null, "subtype": "residential", "class": "semidetached_house", "height": null, "num_floors": 2, "surge_class": 6, "surge_ft": 5.5, "flood_active": false, "exposure_score": 0.165, "exposure_category": "low"}, "geometry": {"type": "Polygon", "coordinates": [[[-79.9411335, 32.7739746], [-79.9413003, 32.7739571], [-79.941291, 32.7738945], [-79.9411242, 32.7739121], [-79.9411335, 32.7739746]]]}}, {"id": "449", "type": "Feature", "properties": {"id": "79a48110-5096-4b92-be7b-bcaf65d3ef84", "name": null, "subtype": "residential", "class": "semidetached_house", "height": null, "num_floors": 2, "surge_class": 5, "surge_ft": 4.5, "flood_active": false, "exposure_score": 0.135, "exposure_category": "low"}, "geometry": {"type": "Polygon", "coordinates": [[[-79.9410649, 32.773823], [-79.9411454, 32.7738151], [-79.9411288, 32.7736981], [-79.9410184, 32.7737086], [-79.9410313, 32.7738063], [-79.9410622, 32.7738033], [-79.9410649, 32.773823]]]}}, {"id": "450", "type": "Feature", "properties": {"id": "1fd0fb47-9f90-404c-9934-e933403fddd7", "name": null, "subtype": "residential", "class": "semidetached_house", "height": null, "num_floors": 2, "surge_class": 7, "surge_ft": 6.5, "flood_active": false, "exposure_score": 0.195, "exposure_category": "low"}, "geometry": {"type": "Polygon", "coordinates": [[[-79.9410184, 32.7737086], [-79.9411288, 32.7736981], [-79.941113, 32.7735814], [-79.9410325, 32.7735891], [-79.941035, 32.7736081], [-79.9410052, 32.7736109], [-79.9410184, 32.7737086]]]}}, {"id": "451", "type": "Feature", "properties": {"id": "71c33a7d-d9c9-421d-be2a-61dfff515413", "name": null, "subtype": "outbuilding", "class": "carport", "height": 3.547330856323242, "num_floors": null, "surge_class": 6, "surge_ft": 5.5, "flood_active": false, "exposure_score": 0.165, "exposure_category": "low"}, "geometry": {"type": "Polygon", "coordinates": [[[-79.9412314, 32.773362], [-79.9412965, 32.7733907], [-79.9413584, 32.7732915], [-79.9412932, 32.7732628], [-79.9412314, 32.773362]]]}}, {"id": "452", "type": "Feature", "properties": {"id": "61344f69-7aba-4dae-8466-a4f4e6fa5600", "name": null, "subtype": "outbuilding", "class": "carport", "height": 3.854519844055176, "num_floors": null, "surge_class": 7, "surge_ft": 6.5, "flood_active": false, "exposure_score": 0.195, "exposure_category": "low"}, "geometry": {"type": "Polygon", "coordinates": [[[-79.9414278, 32.7733388], [-79.9414898, 32.7733669], [-79.9415273, 32.7733083], [-79.9415215, 32.7733057], [-79.941526, 32.7732985], [-79.9415053, 32.7732891], [-79.9415014, 32.7732952], [-79.941466, 32.7732792], [-79.9414278, 32.7733388]]]}}, {"id": "453", "type": "Feature", "properties": {"id": "4b072928-b710-46d8-a6e2-cf756f2a9981", "name": null, "subtype": "residential", "class": "semidetached_house", "height": null, "num_floors": 2, "surge_class": 6, "surge_ft": 5.5, "flood_active": false, "exposure_score": 0.165, "exposure_category": "low"}, "geometry": {"type": "Polygon", "coordinates": [[[-79.9412712, 32.7737444], [-79.9413452, 32.7737382], [-79.9413295, 32.7736051], [-79.94128, 32.7736093], [-79.9412791, 32.773602], [-79.9412542, 32.773604], [-79.9412712, 32.7737444]]]}}, {"id": "454", "type": "Feature", "properties": {"id": "bc106dd2-3f42-4a4c-97d0-7ae056a001fb", "name": null, "subtype": "residential", "class": "semidetached_house", "height": null, "num_floors": 2, "surge_class": 6, "surge_ft": 5.5, "flood_active": false, "exposure_score": 0.165, "exposure_category": "low"}, "geometry": {"type": "Polygon", "coordinates": [[[-79.9411974, 32.7737583], [-79.9412721, 32.7737519], [-79.9412712, 32.7737444], [-79.9412542, 32.773604], [-79.9412306, 32.773606], [-79.9412317, 32.773615], [-79.9411805, 32.7736194], [-79.9411974, 32.7737583]]]}}, {"id": "455", "type": "Feature", "properties": {"id": "7c6dde0b-5178-41bc-a16f-b6c82774fbb7", "name": null, "subtype": "residential", "class": "detached", "height": 9.464912414550781, "num_floors": 2, "surge_class": 6, "surge_ft": 5.5, "flood_active": false, "exposure_score": 0.165, "exposure_category": "low"}, "geometry": {"type": "Polygon", "coordinates": [[[-79.9414852, 32.7737188], [-79.9414947, 32.7737179], [-79.9414795, 32.7736013], [-79.9414675, 32.7736024], [-79.9414638, 32.7735741], [-79.9413806, 32.7735818], [-79.9413842, 32.7736094], [-79.9413716, 32.7736105], [-79.9413868, 32.7737269], [-79.9414, 32.7737257], [-79.9414018, 32.7737395], [-79.9414869, 32.7737316], [-79.9414852, 32.7737188]]]}}, {"id": "456", "type": "Feature", "properties": {"id": "d21a40ce-7226-46af-9019-b1834744162b", "name": null, "subtype": "outbuilding", "class": "outbuilding", "height": null, "num_floors": null, "surge_class": 6, "surge_ft": 5.5, "flood_active": false, "exposure_score": 0.165, "exposure_category": "low"}, "geometry": {"type": "Polygon", "coordinates": [[[-79.9415281, 32.7737738], [-79.9415791, 32.7737698], [-79.9415755, 32.773737], [-79.9415245, 32.773741], [-79.9415281, 32.7737738]]]}}, {"id": "457", "type": "Feature", "properties": {"id": "f825a1ed-4070-4d34-b7ed-aba2f468a005", "name": null, "subtype": "residential", "class": "detached", "height": 8.115801811218262, "num_floors": 2, "surge_class": 6, "surge_ft": 5.5, "flood_active": false, "exposure_score": 0.165, "exposure_category": "low"}, "geometry": {"type": "Polygon", "coordinates": [[[-79.9416937, 32.7737281], [-79.9418278, 32.7737158], [-79.9418234, 32.7736819], [-79.9418374, 32.7736806], [-79.9418301, 32.7736241], [-79.9418175, 32.7736253], [-79.9418167, 32.7736191], [-79.9418419, 32.7736168], [-79.9418311, 32.7735338], [-79.9417017, 32.7735458], [-79.9417052, 32.773573], [-79.9416727, 32.773576], [-79.941678, 32.7736166], [-79.9416406, 32.77362], [-79.9416475, 32.7736735], [-79.9416861, 32.77367], [-79.9416937, 32.7737281]]]}}, {"id": "458", "type": "Feature", "properties": {"id": "63fa5d3f-98f4-4482-bc0e-e02917874f5d", "name": null, "subtype": "residential", "class": "detached", "height": 10.0, "num_floors": 2, "surge_class": 7, "surge_ft": 6.5, "flood_active": false, "exposure_score": 0.195, "exposure_category": "low"}, "geometry": {"type": "Polygon", "coordinates": [[[-79.9420527, 32.7736053], [-79.9421088, 32.7735999], [-79.942088, 32.7734468], [-79.9419905, 32.7734561], [-79.9420113, 32.7736095], [-79.9420189, 32.7736088], [-79.9420223, 32.7736342], [-79.9420562, 32.7736309], [-79.9420527, 32.7736053]]]}}, {"id": "459", "type": "Feature", "properties": {"id": "9587b9a7-6d1d-42b6-872c-abe5e95250bd", "name": null, "subtype": "residential", "class": "detached", "height": 7.07899284362793, "num_floors": 2, "surge_class": 6, "surge_ft": 5.5, "flood_active": false, "exposure_score": 0.165, "exposure_category": "low"}, "geometry": {"type": "Polygon", "coordinates": [[[-79.9417032, 32.7733076], [-79.9417302, 32.7733126], [-79.9417453, 32.7732558], [-79.9417184, 32.7732507], [-79.9417245, 32.7732278], [-79.9416745, 32.7732184], [-79.9416774, 32.7732075], [-79.9416353, 32.7731996], [-79.9416324, 32.7732102], [-79.9415811, 32.7732005], [-79.941555, 32.7732985], [-79.9415925, 32.7733056], [-79.9415869, 32.7733268], [-79.94165, 32.7733387], [-79.9416547, 32.7733208], [-79.9416976, 32.7733288], [-79.9417032, 32.7733076]]]}}, {"id": "460", "type": "Feature", "properties": {"id": "ad5c2463-99b2-42f6-9e62-00119af413b7", "name": null, "subtype": "residential", "class": "detached", "height": 11.0, "num_floors": 3, "surge_class": 6, "surge_ft": 5.5, "flood_active": false, "exposure_score": 0.165, "exposure_category": "low"}, "geometry": {"type": "Polygon", "coordinates": [[[-79.9421245, 32.7730537], [-79.9420306, 32.7729709], [-79.9420014, 32.7729943], [-79.9419802, 32.7729757], [-79.9419276, 32.7730179], [-79.9419497, 32.7730374], [-79.9419397, 32.7730454], [-79.9420377, 32.7731316], [-79.9420908, 32.7730889], [-79.9421388, 32.7731311], [-79.9421459, 32.7731262], [-79.9421613, 32.7731373], [-79.9421967, 32.7730983], [-79.9421872, 32.7730923], [-79.9421927, 32.7730878], [-79.9421399, 32.7730413], [-79.9421245, 32.7730537]]]}}, {"id": "461", "type": "Feature", "properties": {"id": "a4f4a587-05a3-4c5c-bbad-0b7a176778a2", "name": null, "subtype": "outbuilding", "class": "outbuilding", "height": 3.0, "num_floors": null, "surge_class": 7, "surge_ft": 6.5, "flood_active": false, "exposure_score": 0.195, "exposure_category": "low"}, "geometry": {"type": "Polygon", "coordinates": [[[-79.9416991, 32.772669], [-79.9417239, 32.7726805], [-79.9417555, 32.7726323], [-79.9417307, 32.7726209], [-79.9416991, 32.772669]]]}}, {"id": "462", "type": "Feature", "properties": {"id": "e6be5e58-a27d-454d-b4cb-87a681d5d4d3", "name": null, "subtype": "residential", "class": "detached", "height": 10.0, "num_floors": 3, "surge_class": 6, "surge_ft": 5.5, "flood_active": false, "exposure_score": 0.165, "exposure_category": "low"}, "geometry": {"type": "Polygon", "coordinates": [[[-79.9418289, 32.772868], [-79.9416889, 32.7728043], [-79.9416619, 32.7728464], [-79.9416545, 32.772843], [-79.9416435, 32.7728602], [-79.9415923, 32.7728369], [-79.9415348, 32.7729263], [-79.9416141, 32.7729624], [-79.9416337, 32.772932], [-79.9417528, 32.7729862], [-79.9418289, 32.772868]]]}}, {"id": "463", "type": "Feature", "properties": {"id": "67df7ea5-bfe8-42c6-a0bf-b4b19da5021c", "name": null, "subtype": "residential", "class": "detached", "height": 11.0, "num_floors": 3, "surge_class": 6, "surge_ft": 5.5, "flood_active": false, "exposure_score": 0.165, "exposure_category": "low"}, "geometry": {"type": "Polygon", "coordinates": [[[-79.9415075, 32.7728793], [-79.9415853, 32.7727567], [-79.9415794, 32.772754], [-79.9416086, 32.7727081], [-79.9415923, 32.7727008], [-79.9415798, 32.7727206], [-79.9415099, 32.7726892], [-79.9414929, 32.772716], [-79.9414781, 32.7727094], [-79.9413999, 32.7728326], [-79.9414113, 32.7728377], [-79.9414007, 32.7728545], [-79.9414909, 32.772895], [-79.9415024, 32.772877], [-79.9415075, 32.7728793]]]}}, {"id": "464", "type": "Feature", "properties": {"id": "16db1684-b4a1-4520-8e1e-7428a909a0fb", "name": null, "subtype": "residential", "class": "detached", "height": 10.0, "num_floors": 2, "surge_class": 6, "surge_ft": 5.5, "flood_active": false, "exposure_score": 0.165, "exposure_category": "low"}, "geometry": {"type": "Polygon", "coordinates": [[[-79.9411999, 32.772741], [-79.9412227, 32.7727513], [-79.9412942, 32.77264], [-79.9411707, 32.7725839], [-79.9410968, 32.7726989], [-79.9411975, 32.7727447], [-79.9411999, 32.772741]]]}}, {"id": "465", "type": "Feature", "properties": {"id": "3820e376-7f72-47ee-a40d-3c9bf5c4a2fb", "name": null, "subtype": "residential", "class": "detached", "height": 6.6393141746521, "num_floors": 2, "surge_class": 7, "surge_ft": 6.5, "flood_active": false, "exposure_score": 0.195, "exposure_category": "low"}, "geometry": {"type": "Polygon", "coordinates": [[[-79.9414135, 32.7732838], [-79.9415048, 32.7731376], [-79.94147, 32.7731222], [-79.9414741, 32.7731156], [-79.9414088, 32.7730867], [-79.9413199, 32.773229], [-79.9413623, 32.7732478], [-79.9413557, 32.7732583], [-79.9414135, 32.7732838]]]}}, {"id": "466", "type": "Feature", "properties": {"id": "8dcad7ec-a9ed-4586-ac43-e0c519713a33", "name": null, "subtype": "residential", "class": "detached", "height": 6.7238006591796875, "num_floors": 2, "surge_class": 6, "surge_ft": 5.5, "flood_active": false, "exposure_score": 0.165, "exposure_category": "low"}, "geometry": {"type": "Polygon", "coordinates": [[[-79.9409763, 32.7731014], [-79.9410361, 32.7730056], [-79.940999, 32.7729892], [-79.9410093, 32.7729726], [-79.9409282, 32.7729368], [-79.9409199, 32.77295], [-79.9408788, 32.7729318], [-79.9408167, 32.7730312], [-79.9408436, 32.7730431], [-79.9408239, 32.7730747], [-79.940853, 32.7730876], [-79.9408476, 32.7730962], [-79.9408985, 32.7731187], [-79.9409041, 32.7731098], [-79.9409297, 32.7731211], [-79.9409494, 32.7730896], [-79.9409763, 32.7731014]]]}}, {"id": "467", "type": "Feature", "properties": {"id": "c42fcd94-bac1-4a12-b3a3-1e1b1a84528e", "name": null, "subtype": "residential", "class": "detached", "height": 6.296546459197998, "num_floors": 2, "surge_class": 6, "surge_ft": 5.5, "flood_active": false, "exposure_score": 0.165, "exposure_category": "low"}, "geometry": {"type": "Polygon", "coordinates": [[[-79.940748, 32.7728669], [-79.9407524, 32.77286], [-79.9407459, 32.7728571], [-79.9407656, 32.7728264], [-79.9406829, 32.772789], [-79.9406633, 32.7728197], [-79.940655, 32.7728159], [-79.9405972, 32.7729062], [-79.9406147, 32.7729142], [-79.9406065, 32.772927], [-79.9406207, 32.7729334], [-79.9406091, 32.7729515], [-79.9406624, 32.7729756], [-79.9406728, 32.7729593], [-79.9407062, 32.7729743], [-79.9407689, 32.7728763], [-79.940748, 32.7728669]]]}}, {"id": "468", "type": "Feature", "properties": {"id": "667a8aba-a8fa-4911-a2a6-4509ce1d4e3e", "name": null, "subtype": "residential", "class": "detached", "height": 5.784701347351074, "num_floors": 2, "surge_class": 6, "surge_ft": 5.5, "flood_active": false, "exposure_score": 0.165, "exposure_category": "low"}, "geometry": {"type": "Polygon", "coordinates": [[[-79.9404053, 32.7728608], [-79.9404784, 32.7727384], [-79.9404435, 32.7727236], [-79.9404521, 32.7727092], [-79.9403898, 32.7726829], [-79.9402765, 32.7728725], [-79.9403298, 32.772895], [-79.9403613, 32.7728422], [-79.9404053, 32.7728608]]]}}, {"id": "469", "type": "Feature", "properties": {"id": "fc4bd7cd-b911-42ee-bbc2-c8dca47a2cfd", "name": null, "subtype": "residential", "class": "detached", "height": 5.413885116577148, "num_floors": 2, "surge_class": 7, "surge_ft": 6.5, "flood_active": false, "exposure_score": 0.195, "exposure_category": "low"}, "geometry": {"type": "Polygon", "coordinates": [[[-79.9405774, 32.7728845], [-79.9406326, 32.772802], [-79.9405202, 32.7727488], [-79.9404642, 32.7728325], [-79.9404798, 32.77284], [-79.9404708, 32.7728535], [-79.9405328, 32.7728828], [-79.9405427, 32.772868], [-79.9405774, 32.7728845]]]}}, {"id": "470", "type": "Feature", "properties": {"id": "b3f10170-880e-44cb-98cb-44ad562462a5", "name": null, "subtype": "outbuilding", "class": "outbuilding", "height": null, "num_floors": null, "surge_class": 7, "surge_ft": 6.5, "flood_active": false, "exposure_score": 0.195, "exposure_category": "low"}, "geometry": {"type": "Polygon", "coordinates": [[[-79.9405713, 32.7729616], [-79.9405497, 32.772999], [-79.9405753, 32.7730095], [-79.9405969, 32.772972], [-79.9405713, 32.7729616]]]}}, {"id": "471", "type": "Feature", "properties": {"id": "3148e00c-590e-4622-9c90-b089d75ae42c", "name": null, "subtype": "outbuilding", "class": "outbuilding", "height": null, "num_floors": null, "surge_class": 6, "surge_ft": 5.5, "flood_active": false, "exposure_score": 0.165, "exposure_category": "low"}, "geometry": {"type": "Polygon", "coordinates": [[[-79.9404781, 32.773061], [-79.94054, 32.7730884], [-79.9405709, 32.7730388], [-79.940509, 32.7730115], [-79.9404781, 32.773061]]]}}, {"id": "472", "type": "Feature", "properties": {"id": "d6929aae-bf9c-4fd8-ae09-10ef3152a680", "name": null, "subtype": "outbuilding", "class": "outbuilding", "height": null, "num_floors": null, "surge_class": 7, "surge_ft": 6.5, "flood_active": false, "exposure_score": 0.195, "exposure_category": "low"}, "geometry": {"type": "Polygon", "coordinates": [[[-79.9404729, 32.7729804], [-79.9405303, 32.7730075], [-79.9405638, 32.7729572], [-79.9405064, 32.7729302], [-79.9404729, 32.7729804]]]}}, {"id": "473", "type": "Feature", "properties": {"id": "c20000e3-8596-4631-ae22-f2a0dd295472", "name": null, "subtype": "outbuilding", "class": "outbuilding", "height": null, "num_floors": null, "surge_class": 6, "surge_ft": 5.5, "flood_active": false, "exposure_score": 0.165, "exposure_category": "low"}, "geometry": {"type": "Polygon", "coordinates": [[[-79.9403588, 32.7729803], [-79.9403878, 32.7729935], [-79.9404072, 32.7729635], [-79.9403782, 32.7729503], [-79.9403588, 32.7729803]]]}}, {"id": "474", "type": "Feature", "properties": {"id": "c3191258-b667-4891-8f66-4dcaf43c115f", "name": null, "subtype": "residential", "class": "detached", "height": null, "num_floors": 2, "surge_class": 6, "surge_ft": 5.5, "flood_active": false, "exposure_score": 0.165, "exposure_category": "low"}, "geometry": {"type": "Polygon", "coordinates": [[[-79.9404496, 32.7732145], [-79.9404994, 32.7731344], [-79.9404724, 32.7731225], [-79.9404764, 32.773116], [-79.9404302, 32.7730957], [-79.9404491, 32.7730653], [-79.9404027, 32.7730449], [-79.9403857, 32.7730723], [-79.940377, 32.7730686], [-79.9403161, 32.7731666], [-79.9404157, 32.7732104], [-79.940421, 32.7732019], [-79.9404496, 32.7732145]]]}}, {"id": "475", "type": "Feature", "properties": {"id": "d919230a-3090-4d97-a395-afc1a654bcec", "name": null, "subtype": "residential", "class": "detached", "height": 7.033743381500244, "num_floors": 2, "surge_class": 6, "surge_ft": 5.5, "flood_active": false, "exposure_score": 0.165, "exposure_category": "low"}, "geometry": {"type": "Polygon", "coordinates": [[[-79.9408481, 32.7733461], [-79.9408878, 32.7732835], [-79.9408433, 32.7732635], [-79.9408552, 32.7732446], [-79.9407982, 32.7732191], [-79.9407865, 32.7732376], [-79.9407718, 32.773231], [-79.9407029, 32.7733396], [-79.94075, 32.7733607], [-79.9407379, 32.7733799], [-79.9408266, 32.7734196], [-79.9408676, 32.7733549], [-79.9408481, 32.7733461]]]}}, {"id": "476", "type": "Feature", "properties": {"id": "c6b91fe2-7d3b-470d-a4a5-ed6d94ab1d27", "name": null, "subtype": "residential", "class": "detached", "height": 6.357999801635742, "num_floors": 2, "surge_class": 6, "surge_ft": 5.5, "flood_active": false, "exposure_score": 0.165, "exposure_category": "low"}, "geometry": {"type": "Polygon", "coordinates": [[[-79.9407028, 32.7732621], [-79.9407497, 32.7731891], [-79.9406592, 32.773148], [-79.9405601, 32.7733023], [-79.9406793, 32.7733565], [-79.9407316, 32.7732751], [-79.9407028, 32.7732621]]]}}, {"id": "477", "type": "Feature", "properties": {"id": "4f24c861-38b9-464f-9fb9-9bf5e55807b1", "name": "The Dingle House", "subtype": "residential", "class": "detached", "height": 13.0, "num_floors": 3, "surge_class": 5, "surge_ft": 4.5, "flood_active": false, "exposure_score": 0.135, "exposure_category": "low"}, "geometry": {"type": "Polygon", "coordinates": [[[-79.9406506, 32.7738071], [-79.9408323, 32.7737849], [-79.9408173, 32.7736983], [-79.9408242, 32.7736974], [-79.9408179, 32.773661], [-79.9406582, 32.7736806], [-79.9406671, 32.7737322], [-79.940644, 32.7737351], [-79.9406478, 32.7737569], [-79.940642, 32.7737576], [-79.9406506, 32.7738071]]]}}, {"id": "478", "type": "Feature", "properties": {"id": "da872473-6e9f-400d-be7d-2d0d7acdfc8a", "name": null, "subtype": "residential", "class": "detached", "height": 6.20819616317749, "num_floors": 2, "surge_class": 6, "surge_ft": 5.5, "flood_active": false, "exposure_score": 0.165, "exposure_category": "low"}, "geometry": {"type": "Polygon", "coordinates": [[[-79.9400132, 32.7734953], [-79.9401222, 32.7734877], [-79.9401173, 32.7734381], [-79.9401279, 32.7734282], [-79.9401246, 32.7734042], [-79.9401133, 32.7733977], [-79.9400725, 32.7734006], [-79.9400697, 32.7733727], [-79.9400171, 32.7733764], [-79.9400198, 32.7734036], [-79.9400029, 32.7734047], [-79.9400047, 32.7734224], [-79.9399943, 32.7734231], [-79.939999, 32.7734715], [-79.9400108, 32.7734707], [-79.9400132, 32.7734953]]]}}, {"id": "479", "type": "Feature", "properties": {"id": "3a4170f7-2450-4429-beb5-7e192078b673", "name": null, "subtype": "residential", "class": "detached", "height": 7.027641296386719, "num_floors": 2, "surge_class": 6, "surge_ft": 5.5, "flood_active": false, "exposure_score": 0.165, "exposure_category": "low"}, "geometry": {"type": "Polygon", "coordinates": [[[-79.9403184, 32.7734912], [-79.9403638, 32.7734862], [-79.9403542, 32.7734246], [-79.9403371, 32.7734265], [-79.9403295, 32.7733771], [-79.9401828, 32.7733932], [-79.9401892, 32.7734343], [-79.9401735, 32.773436], [-79.9401861, 32.7735175], [-79.9402718, 32.7735082], [-79.9402686, 32.7734877], [-79.9403171, 32.7734824], [-79.9403184, 32.7734912]]]}}, {"id": "480", "type": "Feature", "properties": {"id": "c2ba1448-6154-4f8a-b120-9a630fd37f3c", "name": null, "subtype": "residential", "class": "semidetached_house", "height": null, "num_floors": 2, "surge_class": 6, "surge_ft": 5.5, "flood_active": false, "exposure_score": 0.165, "exposure_category": "low"}, "geometry": {"type": "Polygon", "coordinates": [[[-79.940117, 32.7738122], [-79.9401615, 32.7738072], [-79.9401446, 32.7737003], [-79.940067, 32.773709], [-79.9400683, 32.7737193], [-79.9400859, 32.7738254], [-79.9401185, 32.7738218], [-79.940117, 32.7738122]]]}}, {"id": "481", "type": "Feature", "properties": {"id": "3ba4b18b-d4ca-4563-865f-2496e9c3e22b", "name": null, "subtype": "residential", "class": "detached", "height": 5.825192928314209, "num_floors": 2, "surge_class": 6, "surge_ft": 5.5, "flood_active": false, "exposure_score": 0.165, "exposure_category": "low"}, "geometry": {"type": "Polygon", "coordinates": [[[-79.9396612, 32.7735744], [-79.9397924, 32.7735597], [-79.9397745, 32.7734466], [-79.9397397, 32.7734291], [-79.9396399, 32.7734403], [-79.9396612, 32.7735744]]]}}, {"id": "482", "type": "Feature", "properties": {"id": "634f14f1-4b55-4293-8c0b-fbfc383300d7", "name": null, "subtype": "outbuilding", "class": "outbuilding", "height": null, "num_floors": null, "surge_class": 7, "surge_ft": 6.5, "flood_active": false, "exposure_score": 0.195, "exposure_category": "low"}, "geometry": {"type": "Polygon", "coordinates": [[[-79.9398024, 32.7734225], [-79.9398293, 32.7734342], [-79.9398444, 32.7734098], [-79.9398175, 32.7733981], [-79.9398024, 32.7734225]]]}}, {"id": "483", "type": "Feature", "properties": {"id": "1a85c168-077b-41de-91dd-dc0b47cda5a5", "name": null, "subtype": "residential", "class": "detached", "height": 6.406179428100586, "num_floors": 2, "surge_class": 6, "surge_ft": 5.5, "flood_active": false, "exposure_score": 0.165, "exposure_category": "low"}, "geometry": {"type": "Polygon", "coordinates": [[[-79.9399843, 32.7733974], [-79.9400406, 32.7733012], [-79.9400007, 32.7732846], [-79.9400188, 32.7732536], [-79.9399356, 32.7732192], [-79.9399203, 32.7732454], [-79.9399103, 32.7732413], [-79.9398243, 32.7733882], [-79.9399309, 32.7734323], [-79.9399578, 32.7733864], [-79.9399843, 32.7733974]]]}}, {"id": "484", "type": "Feature", "properties": {"id": "51429145-8be6-4cec-8e6a-32c0669fea88", "name": null, "subtype": "residential", "class": "detached", "height": 5.890573978424072, "num_floors": 2, "surge_class": 6, "surge_ft": 5.5, "flood_active": false, "exposure_score": 0.165, "exposure_category": "low"}, "geometry": {"type": "Polygon", "coordinates": [[[-79.9398135, 32.7733472], [-79.9398888, 32.7732268], [-79.9398038, 32.7731892], [-79.9397123, 32.7733355], [-79.9397596, 32.7733564], [-79.9397758, 32.7733305], [-79.9398135, 32.7733472]]]}}, {"id": "485", "type": "Feature", "properties": {"id": "83a42d4d-938e-47db-a35f-135fb944cade", "name": null, "subtype": "residential", "class": "detached", "height": 5.188426971435547, "num_floors": 2, "surge_class": 6, "surge_ft": 5.5, "flood_active": false, "exposure_score": 0.165, "exposure_category": "low"}, "geometry": {"type": "Polygon", "coordinates": [[[-79.9401797, 32.7731233], [-79.9402819, 32.7731703], [-79.9403696, 32.7730358], [-79.9402675, 32.7729887], [-79.9401797, 32.7731233]]]}}, {"id": "486", "type": "Feature", "properties": {"id": "8cdcd377-f042-4831-ad9e-84d29c9584df", "name": null, "subtype": "residential", "class": "detached", "height": 6.28596305847168, "num_floors": 2, "surge_class": 7, "surge_ft": 6.5, "flood_active": false, "exposure_score": 0.195, "exposure_category": "low"}, "geometry": {"type": "Polygon", "coordinates": [[[-79.9400834, 32.7730694], [-79.9401715, 32.77311], [-79.9402692, 32.7729604], [-79.9401769, 32.7729178], [-79.9401663, 32.7729339], [-79.9401642, 32.7729329], [-79.9401289, 32.772987], [-79.9401352, 32.7729899], [-79.9400834, 32.7730694]]]}}, {"id": "487", "type": "Feature", "properties": {"id": "ab577758-54d4-4e54-aec0-e1a500953266", "name": null, "subtype": "residential", "class": "detached", "height": 5.854750156402588, "num_floors": 2, "surge_class": 6, "surge_ft": 5.5, "flood_active": false, "exposure_score": 0.165, "exposure_category": "low"}, "geometry": {"type": "Polygon", "coordinates": [[[-79.9401143, 32.7729558], [-79.9401399, 32.7729154], [-79.9401055, 32.7729], [-79.9401124, 32.7728891], [-79.9400666, 32.7728686], [-79.9400607, 32.772878], [-79.9400246, 32.7728619], [-79.9399907, 32.7729154], [-79.940009, 32.7729237], [-79.9399491, 32.7730184], [-79.9400466, 32.7730621], [-79.9400835, 32.7730036], [-79.9400892, 32.7730062], [-79.9401196, 32.7729582], [-79.9401143, 32.7729558]]]}}, {"id": "488", "type": "Feature", "properties": {"id": "2ab7ca4c-9227-470d-88a4-0c7e088bbd11", "name": null, "subtype": "residential", "class": "detached", "height": 5.997970104217529, "num_floors": 2, "surge_class": 6, "surge_ft": 5.5, "flood_active": false, "exposure_score": 0.165, "exposure_category": "low"}, "geometry": {"type": "Polygon", "coordinates": [[[-79.9401616, 32.7727782], [-79.9402662, 32.7728258], [-79.9403014, 32.7727711], [-79.9403155, 32.7727656], [-79.9403284, 32.7727442], [-79.9403293, 32.7727283], [-79.9403775, 32.7726535], [-79.9402726, 32.7726058], [-79.9401616, 32.7727782]]]}}, {"id": "489", "type": "Feature", "properties": {"id": "9aaff1f3-179a-43cc-9cbe-50d873a0d0b8", "name": null, "subtype": "residential", "class": "detached", "height": 6.488591194152832, "num_floors": 2, "surge_class": 7, "surge_ft": 6.5, "flood_active": false, "exposure_score": 0.195, "exposure_category": "low"}, "geometry": {"type": "Polygon", "coordinates": [[[-79.9398856, 32.7730071], [-79.9399851, 32.7728519], [-79.9399649, 32.7728427], [-79.9399788, 32.7728209], [-79.9398948, 32.7727829], [-79.9397808, 32.7729608], [-79.9397965, 32.7729679], [-79.9397827, 32.7729894], [-79.9398555, 32.7730224], [-79.9398699, 32.773], [-79.9398856, 32.7730071]]]}}, {"id": "490", "type": "Feature", "properties": {"id": "13449314-1a97-4d2b-b4e7-4558c0f624fc", "name": null, "subtype": "residential", "class": "detached", "height": 6.804984092712402, "num_floors": 2, "surge_class": 7, "surge_ft": 6.5, "flood_active": false, "exposure_score": 0.195, "exposure_category": "low"}, "geometry": {"type": "Polygon", "coordinates": [[[-79.9397719, 32.7729482], [-79.9398701, 32.7727907], [-79.9398308, 32.7727734], [-79.9398162, 32.7727969], [-79.9397636, 32.7727738], [-79.9396801, 32.7729077], [-79.9397719, 32.7729482]]]}}, {"id": "491", "type": "Feature", "properties": {"id": "ac79be02-97c4-4de9-bb50-dc6385fa564e", "name": null, "subtype": "outbuilding", "class": "outbuilding", "height": null, "num_floors": null, "surge_class": 7, "surge_ft": 6.5, "flood_active": false, "exposure_score": 0.195, "exposure_category": "low"}, "geometry": {"type": "Polygon", "coordinates": [[[-79.9397743, 32.7726834], [-79.9397911, 32.7726577], [-79.9397543, 32.7726406], [-79.9397374, 32.7726663], [-79.9397743, 32.7726834]]]}}, {"id": "492", "type": "Feature", "properties": {"id": "f8f27dd3-f1a1-4ee8-b3a8-b18373d06208", "name": null, "subtype": "outbuilding", "class": "outbuilding", "height": null, "num_floors": null, "surge_class": 7, "surge_ft": 6.5, "flood_active": false, "exposure_score": 0.195, "exposure_category": "low"}, "geometry": {"type": "Polygon", "coordinates": [[[-79.9397557, 32.7725868], [-79.9397283, 32.7726284], [-79.9397543, 32.7726406], [-79.9397911, 32.7726577], [-79.9398185, 32.7726161], [-79.9397557, 32.7725868]]]}}, {"id": "493", "type": "Feature", "properties": {"id": "9462027b-00b1-4f55-b343-a572454a8c95", "name": null, "subtype": "residential", "class": "apartments", "height": 6.27332878112793, "num_floors": 2, "surge_class": 6, "surge_ft": 5.5, "flood_active": false, "exposure_score": 0.165, "exposure_category": "low"}, "geometry": {"type": "Polygon", "coordinates": [[[-79.9400047, 32.7726496], [-79.9400919, 32.7725144], [-79.9399961, 32.7724708], [-79.9399089, 32.7726059], [-79.9400047, 32.7726496]]]}}, {"id": "494", "type": "Feature", "properties": {"id": "a14ea1b7-b12b-4143-ae85-486d28408c84", "name": null, "subtype": "residential", "class": "detached", "height": 6.682570934295654, "num_floors": 2, "surge_class": 6, "surge_ft": 5.5, "flood_active": false, "exposure_score": 0.165, "exposure_category": "low"}, "geometry": {"type": "Polygon", "coordinates": [[[-79.9398735, 32.7725831], [-79.9399569, 32.7724528], [-79.9398573, 32.7724077], [-79.9397967, 32.7725024], [-79.9398127, 32.7725096], [-79.9397899, 32.7725452], [-79.9398735, 32.7725831]]]}}, {"id": "495", "type": "Feature", "properties": {"id": "ca72f8d1-04bc-4718-980b-d29670587029", "name": null, "subtype": "residential", "class": "detached", "height": 10.0, "num_floors": 2, "surge_class": 6, "surge_ft": 5.5, "flood_active": false, "exposure_score": 0.165, "exposure_category": "low"}, "geometry": {"type": "Polygon", "coordinates": [[[-79.9400201, 32.7722277], [-79.9401415, 32.7722828], [-79.940153, 32.7722648], [-79.940182, 32.7722779], [-79.9402192, 32.7722199], [-79.9401927, 32.7722079], [-79.9402229, 32.7721608], [-79.9401841, 32.7721432], [-79.9401945, 32.772127], [-79.9401206, 32.7720934], [-79.9400894, 32.7721421], [-79.9400783, 32.7721371], [-79.9400201, 32.7722277]]]}}, {"id": "496", "type": "Feature", "properties": {"id": "2440c8d4-1cb6-4937-bbbc-df94a9b472f9", "name": null, "subtype": "residential", "class": "detached", "height": 5.506675720214844, "num_floors": 2, "surge_class": 5, "surge_ft": 4.5, "flood_active": false, "exposure_score": 0.135, "exposure_category": "low"}, "geometry": {"type": "Polygon", "coordinates": [[[-79.9401924, 32.7726242], [-79.9402146, 32.7725894], [-79.9401544, 32.7725623], [-79.9401654, 32.772545], [-79.9401388, 32.772533], [-79.9400327, 32.7726993], [-79.940119, 32.7727382], [-79.9401532, 32.7726845], [-79.9401685, 32.7726914], [-79.9402072, 32.7726308], [-79.9401924, 32.7726242]]]}}, {"id": "497", "type": "Feature", "properties": {"id": "1fd55d22-3a4e-4895-a637-627c4dd48100", "name": null, "subtype": "residential", "class": "detached", "height": 10.0, "num_floors": 2, "surge_class": 6, "surge_ft": 5.5, "flood_active": false, "exposure_score": 0.165, "exposure_category": "low"}, "geometry": {"type": "Polygon", "coordinates": [[[-79.9407229, 32.7724781], [-79.9408065, 32.7725157], [-79.9408842, 32.7723933], [-79.9408094, 32.7723597], [-79.9407887, 32.7723923], [-79.9407747, 32.772386], [-79.9407644, 32.7724022], [-79.9407115, 32.7723785], [-79.9407073, 32.7723852], [-79.9406363, 32.7723533], [-79.9405984, 32.7724129], [-79.9407275, 32.7724709], [-79.9407229, 32.7724781]]]}}, {"id": "498", "type": "Feature", "properties": {"id": "1cc0e67f-46e4-4308-a435-491a9463a249", "name": null, "subtype": "residential", "class": "garage", "height": 5.0, "num_floors": null, "surge_class": 6, "surge_ft": 5.5, "flood_active": false, "exposure_score": 0.165, "exposure_category": "low"}, "geometry": {"type": "Polygon", "coordinates": [[[-79.9406281, 32.772181], [-79.9407022, 32.7722145], [-79.940746, 32.7721459], [-79.9407272, 32.7721374], [-79.9406719, 32.7721124], [-79.9406281, 32.772181]]]}}, {"id": "499", "type": "Feature", "properties": {"id": "0a6f5ae7-a9ed-4ab5-901f-8a074b03486e", "name": null, "subtype": "residential", "class": "detached", "height": 10.0, "num_floors": 2, "surge_class": 6, "surge_ft": 5.5, "flood_active": false, "exposure_score": 0.165, "exposure_category": "low"}, "geometry": {"type": "Polygon", "coordinates": [[[-79.9405142, 32.7723801], [-79.940548, 32.7723953], [-79.9405883, 32.772332], [-79.9406239, 32.772348], [-79.9406962, 32.7722342], [-79.9406298, 32.7722043], [-79.9406091, 32.772237], [-79.9405942, 32.7722304], [-79.9405733, 32.7722633], [-79.9405181, 32.7722386], [-79.9404963, 32.7722728], [-79.9404862, 32.7722683], [-79.9404375, 32.7723448], [-79.9404763, 32.7723622], [-79.9404723, 32.7723687], [-79.9405105, 32.7723859], [-79.9405142, 32.7723801]]]}}, {"id": "500", "type": "Feature", "properties": {"id": "e4212db5-12b5-49b0-9ee2-96efd5a8b2ad", "name": null, "subtype": "residential", "class": "detached", "height": 13.0, "num_floors": 2, "surge_class": 6, "surge_ft": 5.5, "flood_active": false, "exposure_score": 0.165, "exposure_category": "low"}, "geometry": {"type": "Polygon", "coordinates": [[[-79.9403544, 32.77236], [-79.9404217, 32.7722564], [-79.9403988, 32.7722459], [-79.9404141, 32.7722222], [-79.9403303, 32.7721838], [-79.9403156, 32.7722065], [-79.9402937, 32.7721964], [-79.9402258, 32.772301], [-79.9403544, 32.77236]]]}}, {"id": "501", "type": "Feature", "properties": {"id": "fd7988cf-bffa-4cc7-8227-1d1c48be451d", "name": null, "subtype": "residential", "class": "garage", "height": 5.0, "num_floors": null, "surge_class": 6, "surge_ft": 5.5, "flood_active": false, "exposure_score": 0.165, "exposure_category": "low"}, "geometry": {"type": "Polygon", "coordinates": [[[-79.9403048, 32.7720417], [-79.9402721, 32.7720941], [-79.940329, 32.7721192], [-79.9403617, 32.7720668], [-79.9403048, 32.7720417]]]}}, {"id": "502", "type": "Feature", "properties": {"id": "b7afcbfd-d4d3-4fee-baa2-4b099e1b983e", "name": null, "subtype": "residential", "class": "garage", "height": 4.0, "num_floors": null, "surge_class": 6, "surge_ft": 5.5, "flood_active": false, "exposure_score": 0.165, "exposure_category": "low"}, "geometry": {"type": "Polygon", "coordinates": [[[-79.9403412, 32.7719817], [-79.940307, 32.7720379], [-79.9403659, 32.7720632], [-79.9404001, 32.772007], [-79.9403412, 32.7719817]]]}}, {"id": "503", "type": "Feature", "properties": {"id": "061d5b6d-ec48-4f1f-8f11-f7e8564e5251", "name": null, "subtype": "residential", "class": "detached", "height": 12.0, "num_floors": 2, "surge_class": 3, "surge_ft": 2.5, "flood_active": false, "exposure_score": 0.075, "exposure_category": "low"}, "geometry": {"type": "Polygon", "coordinates": [[[-79.9403398, 32.7719322], [-79.9403854, 32.771952], [-79.9404791, 32.7717999], [-79.9403377, 32.7717383], [-79.9403313, 32.7717485], [-79.9402922, 32.7717315], [-79.940258, 32.771787], [-79.9402822, 32.7717975], [-79.9402746, 32.7718098], [-79.9402563, 32.7718019], [-79.9402225, 32.7718568], [-79.9403516, 32.771913], [-79.9403398, 32.7719322]]]}}, {"id": "504", "type": "Feature", "properties": {"id": "3033f0f7-f4dd-4669-bcff-96b6af112d35", "name": null, "subtype": "residential", "class": "detached", "height": 10.0, "num_floors": 2, "surge_class": 6, "surge_ft": 5.5, "flood_active": false, "exposure_score": 0.165, "exposure_category": "low"}, "geometry": {"type": "Polygon", "coordinates": [[[-79.9405775, 32.7720087], [-79.9406549, 32.7718868], [-79.9406472, 32.7718834], [-79.9406649, 32.7718556], [-79.9405511, 32.7718045], [-79.9405365, 32.7718275], [-79.9405283, 32.7718238], [-79.9404793, 32.7719009], [-79.9404938, 32.7719074], [-79.9404818, 32.7719263], [-79.9405136, 32.7719406], [-79.9404794, 32.7719943], [-79.9405485, 32.7720254], [-79.9405775, 32.7720087]]]}}, {"id": "505", "type": "Feature", "properties": {"id": "394208d8-fd4d-41f9-be0f-3883aa197a49", "name": null, "subtype": "residential", "class": "garage", "height": 4.0, "num_floors": null, "surge_class": 6, "surge_ft": 5.5, "flood_active": false, "exposure_score": 0.165, "exposure_category": "low"}, "geometry": {"type": "Polygon", "coordinates": [[[-79.9405833, 32.7720657], [-79.9405374, 32.772046], [-79.9405111, 32.7720894], [-79.9405569, 32.7721091], [-79.9405833, 32.7720657]]]}}, {"id": "506", "type": "Feature", "properties": {"id": "31ea666e-97e1-4ed6-9d6c-17cf084b4406", "name": null, "subtype": "residential", "class": "detached", "height": 11.0, "num_floors": 2, "surge_class": 6, "surge_ft": 5.5, "flood_active": false, "exposure_score": 0.165, "exposure_category": "low"}, "geometry": {"type": "Polygon", "coordinates": [[[-79.9407608, 32.7720521], [-79.9408208, 32.7719571], [-79.9407035, 32.7719048], [-79.9406436, 32.7719998], [-79.9407608, 32.7720521]]]}}, {"id": "507", "type": "Feature", "properties": {"id": "1e3d6049-83cc-4fd8-b38d-cc086579332d", "name": null, "subtype": "residential", "class": "detached", "height": 13.0, "num_floors": 2, "surge_class": 6, "surge_ft": 5.5, "flood_active": false, "exposure_score": 0.165, "exposure_category": "low"}, "geometry": {"type": "Polygon", "coordinates": [[[-79.9401816, 32.7717442], [-79.9402144, 32.7716927], [-79.9402063, 32.7716891], [-79.9402077, 32.7716769], [-79.9402024, 32.7716635], [-79.9401916, 32.7716528], [-79.9400745, 32.7715997], [-79.9400628, 32.7716181], [-79.9400443, 32.7716097], [-79.9400195, 32.7716484], [-79.9400127, 32.7716453], [-79.9399684, 32.7717145], [-79.9401289, 32.771787], [-79.9401322, 32.7717818], [-79.940185, 32.7718056], [-79.9402146, 32.7717591], [-79.9401816, 32.7717442]]]}}, {"id": "508", "type": "Feature", "properties": {"id": "19363942-8504-4bff-b553-8f3e5ea7f999", "name": null, "subtype": "outbuilding", "class": "outbuilding", "height": 4.0, "num_floors": null, "surge_class": 6, "surge_ft": 5.5, "flood_active": false, "exposure_score": 0.165, "exposure_category": "low"}, "geometry": {"type": "Polygon", "coordinates": [[[-79.9401817, 32.7719906], [-79.94015, 32.7720408], [-79.9401802, 32.7720542], [-79.9402117, 32.7720039], [-79.9401817, 32.7719906]]]}}, {"id": "509", "type": "Feature", "properties": {"id": "850e7715-cd1a-4c3f-9ec4-fe63d6e767cc", "name": null, "subtype": "residential", "class": "garage", "height": 4.0, "num_floors": null, "surge_class": 6, "surge_ft": 5.5, "flood_active": false, "exposure_score": 0.165, "exposure_category": "low"}, "geometry": {"type": "Polygon", "coordinates": [[[-79.9400805, 32.7720099], [-79.94015, 32.7720408], [-79.9401817, 32.7719906], [-79.9401841, 32.7719868], [-79.9401146, 32.7719558], [-79.9400805, 32.7720099]]]}}, {"id": "510", "type": "Feature", "properties": {"id": "2450d66b-01df-4633-ab9f-fdc235f8ec5e", "name": null, "subtype": "outbuilding", "class": "outbuilding", "height": 5.0, "num_floors": null, "surge_class": 6, "surge_ft": 5.5, "flood_active": false, "exposure_score": 0.165, "exposure_category": "low"}, "geometry": {"type": "Polygon", "coordinates": [[[-79.9400588, 32.7719084], [-79.9401113, 32.7719305], [-79.9401417, 32.7718795], [-79.9400892, 32.7718574], [-79.9400588, 32.7719084]]]}}, {"id": "511", "type": "Feature", "properties": {"id": "a1cbaed0-4f83-4b28-aa1f-7fbcd1a97daa", "name": null, "subtype": "residential", "class": "detached", "height": 14.0, "num_floors": 2, "surge_class": 4, "surge_ft": 3.5, "flood_active": false, "exposure_score": 0.105, "exposure_category": "low"}, "geometry": {"type": "Polygon", "coordinates": [[[-79.939863, 32.7720828], [-79.9398939, 32.7720346], [-79.9398899, 32.7720328], [-79.9399077, 32.772005], [-79.9398118, 32.7719616], [-79.9397929, 32.7719911], [-79.9397886, 32.7719891], [-79.9397586, 32.772036], [-79.9397506, 32.7720324], [-79.9397276, 32.7720683], [-79.939734, 32.7720712], [-79.9396981, 32.7721273], [-79.9398037, 32.7721751], [-79.9398065, 32.7721709], [-79.9398336, 32.7721832], [-79.9398901, 32.7720951], [-79.939863, 32.7720828]]]}}, {"id": "512", "type": "Feature", "properties": {"id": "fcf1f56e-fd67-4544-afbe-0dd14291d252", "name": "Tristram Hyde House", "subtype": "residential", "class": "detached", "height": 13.0, "num_floors": 2, "surge_class": 6, "surge_ft": 5.5, "flood_active": false, "exposure_score": 0.165, "exposure_category": "low"}, "geometry": {"type": "Polygon", "coordinates": [[[-79.9397926, 32.7715908], [-79.9398483, 32.7715014], [-79.9397769, 32.7714699], [-79.9397849, 32.7714571], [-79.9397843, 32.7714444], [-79.9397775, 32.771434], [-79.9397657, 32.7714271], [-79.9397534, 32.7714252], [-79.9397415, 32.7714272], [-79.9397306, 32.7714345], [-79.9397249, 32.7714437], [-79.9396841, 32.7714256], [-79.9396366, 32.7715012], [-79.9396123, 32.7714903], [-79.9395766, 32.7715471], [-79.9396064, 32.7715603], [-79.9396037, 32.7715646], [-79.9396579, 32.7715886], [-79.9396723, 32.7715656], [-79.9397018, 32.7715786], [-79.9397119, 32.7715626], [-79.9397573, 32.7715827], [-79.9397609, 32.7715768], [-79.9397926, 32.7715908]]]}}, {"id": "513", "type": "Feature", "properties": {"id": "ed526e62-61b1-49f2-aae1-515e959efc38", "name": null, "subtype": "residential", "class": "detached", "height": 13.0, "num_floors": 3, "surge_class": 6, "surge_ft": 5.5, "flood_active": false, "exposure_score": 0.165, "exposure_category": "low"}, "geometry": {"type": "Polygon", "coordinates": [[[-79.9409846, 32.7721319], [-79.9410324, 32.772053], [-79.9410127, 32.7720446], [-79.9409708, 32.7720266], [-79.9409855, 32.7720022], [-79.9409092, 32.7719696], [-79.9408972, 32.7719894], [-79.9408783, 32.7719813], [-79.940809, 32.772096], [-79.9409322, 32.7721487], [-79.9409511, 32.7721176], [-79.9409846, 32.7721319]]]}}, {"id": "514", "type": "Feature", "properties": {"id": "efab6bee-6982-4d29-938c-78274eaa0109", "name": null, "subtype": "residential", "class": "detached", "height": 11.0, "num_floors": 2, "surge_class": 6, "surge_ft": 5.5, "flood_active": false, "exposure_score": 0.165, "exposure_category": "low"}, "geometry": {"type": "Polygon", "coordinates": [[[-79.9414688, 32.7723488], [-79.9415203, 32.7722682], [-79.9415123, 32.7722646], [-79.9415194, 32.7722536], [-79.9414498, 32.7722221], [-79.9414567, 32.7722113], [-79.9414029, 32.7721869], [-79.9413385, 32.7722875], [-79.9413629, 32.7722986], [-79.9413273, 32.7723541], [-79.9413421, 32.7723608], [-79.9412985, 32.772429], [-79.9413753, 32.7724637], [-79.9414533, 32.7723418], [-79.9414688, 32.7723488]]]}}, {"id": "515", "type": "Feature", "properties": {"id": "887fdf5c-6b76-47cc-bf56-f05d1a32b3c3", "name": null, "subtype": "residential", "class": "detached", "height": 11.0, "num_floors": 2, "surge_class": 7, "surge_ft": 6.5, "flood_active": false, "exposure_score": 0.195, "exposure_category": "low"}, "geometry": {"type": "Polygon", "coordinates": [[[-79.9412736, 32.7723082], [-79.9413472, 32.7721928], [-79.9413224, 32.7721816], [-79.9413359, 32.7721605], [-79.9412646, 32.7721282], [-79.9412518, 32.7721483], [-79.9412325, 32.7721395], [-79.9411214, 32.7723136], [-79.9411748, 32.7723377], [-79.9412116, 32.7722802], [-79.9412736, 32.7723082]]]}}, {"id": "516", "type": "Feature", "properties": {"id": "e0c2782f-2806-4a41-b064-8660b79fed0e", "name": null, "subtype": "residential", "class": "detached", "height": 10.0, "num_floors": 2, "surge_class": 6, "surge_ft": 5.5, "flood_active": false, "exposure_score": 0.165, "exposure_category": "low"}, "geometry": {"type": "Polygon", "coordinates": [[[-79.9411806, 32.7721245], [-79.9411957, 32.7721012], [-79.9410807, 32.7720485], [-79.9409773, 32.7722081], [-79.94105, 32.7722414], [-79.9410608, 32.7722248], [-79.9410993, 32.7722424], [-79.9411465, 32.7721694], [-79.9411718, 32.7721809], [-79.941202, 32.7721343], [-79.9411806, 32.7721245]]]}}, {"id": "517", "type": "Feature", "properties": {"id": "7f1e1359-5c95-4a17-be14-444386b87135", "name": null, "subtype": "outbuilding", "class": "outbuilding", "height": 7.0, "num_floors": null, "surge_class": 6, "surge_ft": 5.5, "flood_active": false, "exposure_score": 0.165, "exposure_category": "low"}, "geometry": {"type": "Polygon", "coordinates": [[[-79.9408872, 32.7722981], [-79.9409841, 32.7723394], [-79.9410173, 32.7722843], [-79.940932, 32.7722479], [-79.9409204, 32.772243], [-79.9408872, 32.7722981]]]}}, {"id": "518", "type": "Feature", "properties": {"id": "deb1a4af-e3b2-402a-a6ea-58e3a1c52db4", "name": null, "subtype": "residential", "class": "garage", "height": 4.0, "num_floors": null, "surge_class": 7, "surge_ft": 6.5, "flood_active": false, "exposure_score": 0.195, "exposure_category": "low"}, "geometry": {"type": "Polygon", "coordinates": [[[-79.9410899, 32.7724711], [-79.9411833, 32.772512], [-79.9412191, 32.7724543], [-79.9411257, 32.7724134], [-79.9410899, 32.7724711]]]}}, {"id": "519", "type": "Feature", "properties": {"id": "cc201b7e-fdc8-4165-a887-b92fe5c97eb2", "name": null, "subtype": "residential", "class": "detached", "height": 11.0, "num_floors": 2, "surge_class": 6, "surge_ft": 5.5, "flood_active": false, "exposure_score": 0.165, "exposure_category": "low"}, "geometry": {"type": "Polygon", "coordinates": [[[-79.9408944, 32.7726094], [-79.9410305, 32.7726696], [-79.9410937, 32.7725685], [-79.9410555, 32.7725516], [-79.9410651, 32.7725362], [-79.9410413, 32.7725257], [-79.9410333, 32.7725384], [-79.9410189, 32.7725321], [-79.941036, 32.7725048], [-79.9409763, 32.7724784], [-79.9408944, 32.7726094]]]}}, {"id": "520", "type": "Feature", "properties": {"id": "10a2d471-1532-4161-b1c9-04ae04c58974", "name": null, "subtype": "residential", "class": "garage", "height": 4.0, "num_floors": null, "surge_class": 7, "surge_ft": 6.5, "flood_active": false, "exposure_score": 0.195, "exposure_category": "low"}, "geometry": {"type": "Polygon", "coordinates": [[[-79.9411987, 32.7725467], [-79.9412671, 32.7725776], [-79.9413072, 32.7725148], [-79.9412388, 32.7724839], [-79.9411987, 32.7725467]]]}}, {"id": "521", "type": "Feature", "properties": {"id": "c791d62e-684b-4590-a660-5bceed76d41b", "name": null, "subtype": "residential", "class": "detached", "height": 9.0, "num_floors": 3, "surge_class": 6, "surge_ft": 5.5, "flood_active": false, "exposure_score": 0.165, "exposure_category": "low"}, "geometry": {"type": "Polygon", "coordinates": [[[-79.941787, 32.7724923], [-79.9418509, 32.7723924], [-79.9417253, 32.7723356], [-79.9416719, 32.7724191], [-79.9417061, 32.7724345], [-79.9416955, 32.7724509], [-79.941787, 32.7724923]]]}}, {"id": "522", "type": "Feature", "properties": {"id": "4bb0faa3-4b20-4d56-969e-13045e314088", "name": null, "subtype": "outbuilding", "class": "outbuilding", "height": 2.0, "num_floors": null, "surge_class": 6, "surge_ft": 5.5, "flood_active": false, "exposure_score": 0.165, "exposure_category": "low"}, "geometry": {"type": "Polygon", "coordinates": [[[-79.9415955, 32.7725082], [-79.9416374, 32.7725271], [-79.9416573, 32.772496], [-79.9416154, 32.7724771], [-79.9415955, 32.7725082]]]}}, {"id": "523", "type": "Feature", "properties": {"id": "3d2b3c23-b596-49df-b572-d02a550e4d18", "name": null, "subtype": "residential", "class": "detached", "height": 11.0, "num_floors": 2, "surge_class": 6, "surge_ft": 5.5, "flood_active": false, "exposure_score": 0.165, "exposure_category": "low"}, "geometry": {"type": "Polygon", "coordinates": [[[-79.9420099, 32.7724679], [-79.942028, 32.7724399], [-79.9419444, 32.7724017], [-79.9419285, 32.7724263], [-79.941906, 32.7724161], [-79.9418058, 32.772571], [-79.9418598, 32.7725956], [-79.9418669, 32.7725846], [-79.9419069, 32.7726029], [-79.9419477, 32.7725397], [-79.9419798, 32.7725544], [-79.9420298, 32.772477], [-79.9420099, 32.7724679]]]}}, {"id": "524", "type": "Feature", "properties": {"id": "f254b35f-d481-418b-be86-c7de786bd22e", "name": null, "subtype": "residential", "class": "detached", "height": 10.0, "num_floors": 3, "surge_class": 6, "surge_ft": 5.5, "flood_active": false, "exposure_score": 0.165, "exposure_category": "low"}, "geometry": {"type": "Polygon", "coordinates": [[[-79.9421412, 32.77258], [-79.9421692, 32.7725392], [-79.9420909, 32.7725011], [-79.9420569, 32.7725504], [-79.9420309, 32.7725378], [-79.9419864, 32.7726024], [-79.9420134, 32.7726155], [-79.94198, 32.772664], [-79.9420479, 32.772697], [-79.9420785, 32.7726525], [-79.9421081, 32.7726669], [-79.9421613, 32.7725898], [-79.9421412, 32.77258]]]}}, {"id": "525", "type": "Feature", "properties": {"id": "d89dfe20-40bd-42f8-9198-634290326eac", "name": null, "subtype": "military", "class": "military", "height": 4.0, "num_floors": null, "surge_class": 6, "surge_ft": 5.5, "flood_active": false, "exposure_score": 0.165, "exposure_category": "low"}, "geometry": {"type": "Polygon", "coordinates": [[[-79.9432964, 32.7734012], [-79.9433008, 32.7734004], [-79.9432912, 32.7733635], [-79.9432466, 32.7733717], [-79.9432567, 32.7734105], [-79.9432721, 32.7734077], [-79.9432746, 32.7734171], [-79.9432993, 32.7734126], [-79.9432964, 32.7734012]]]}}, {"id": "526", "type": "Feature", "properties": {"id": "ea9678ee-da44-4726-bf43-e19c4282c4ed", "name": null, "subtype": "residential", "class": "detached", "height": 13.0, "num_floors": 2, "surge_class": 6, "surge_ft": 5.5, "flood_active": false, "exposure_score": 0.165, "exposure_category": "low"}, "geometry": {"type": "Polygon", "coordinates": [[[-79.9428746, 32.7730496], [-79.9428869, 32.7730389], [-79.9428305, 32.7729925], [-79.9428074, 32.7730123], [-79.9427994, 32.7730057], [-79.9427446, 32.7730528], [-79.9427369, 32.7730465], [-79.9426849, 32.7730512], [-79.9426882, 32.7730775], [-79.9426752, 32.7730786], [-79.9426776, 32.7730977], [-79.9426673, 32.7730986], [-79.9426744, 32.7731544], [-79.9426877, 32.7731532], [-79.9426897, 32.7731694], [-79.9427395, 32.7731649], [-79.9427411, 32.7731772], [-79.9427563, 32.7731758], [-79.9427575, 32.7731851], [-79.9428344, 32.7731781], [-79.9428333, 32.7731698], [-79.9428408, 32.7731691], [-79.9428389, 32.7731537], [-79.942862, 32.7731463], [-79.9428839, 32.773127], [-79.9428907, 32.7731031], [-79.9428864, 32.7730834], [-79.9428741, 32.7730645], [-79.9428832, 32.7730567], [-79.9428746, 32.7730496]]]}}, {"id": "527", "type": "Feature", "properties": {"id": "ad801385-7d88-4838-b330-0cb931439fbf", "name": "Louis Fischer House", "subtype": "residential", "class": "detached", "height": 12.0, "num_floors": 2, "surge_class": 6, "surge_ft": 5.5, "flood_active": false, "exposure_score": 0.165, "exposure_category": "low"}, "geometry": {"type": "Polygon", "coordinates": [[[-79.9425238, 32.7729378], [-79.9425289, 32.7729412], [-79.9426147, 32.7728486], [-79.942598, 32.7728376], [-79.9426225, 32.7728112], [-79.9425408, 32.7727576], [-79.9425168, 32.7727835], [-79.942498, 32.7727712], [-79.9424112, 32.7728647], [-79.9424167, 32.7728683], [-79.9423992, 32.7728872], [-79.9424201, 32.7729009], [-79.9424112, 32.7729105], [-79.9424415, 32.7729303], [-79.9424505, 32.7729206], [-79.94247, 32.7729334], [-79.9424831, 32.7729193], [-79.9425191, 32.7729429], [-79.9425238, 32.7729378]]]}}, {"id": "528", "type": "Feature", "properties": {"id": "44317ef4-680d-48e3-83ca-8ef44bcb80e8", "name": null, "subtype": "residential", "class": "detached", "height": 12.0, "num_floors": 3, "surge_class": 6, "surge_ft": 5.5, "flood_active": false, "exposure_score": 0.165, "exposure_category": "low"}, "geometry": {"type": "Polygon", "coordinates": [[[-79.9424157, 32.7728195], [-79.9424923, 32.7727354], [-79.9424795, 32.7727271], [-79.9424509, 32.7727087], [-79.942453, 32.7727051], [-79.9424536, 32.7727025], [-79.9424536, 32.7726999], [-79.942453, 32.7726972], [-79.9424518, 32.7726946], [-79.9424497, 32.7726921], [-79.9424471, 32.77269], [-79.9424443, 32.7726886], [-79.9424412, 32.7726877], [-79.9424378, 32.7726873], [-79.9424344, 32.7726875], [-79.9424316, 32.7726881], [-79.942429, 32.7726892], [-79.9424249, 32.772692], [-79.9424081, 32.7726811], [-79.9423808, 32.7726635], [-79.9422821, 32.7727711], [-79.9423888, 32.7728404], [-79.9424108, 32.7728163], [-79.9424157, 32.7728195]]]}}, {"id": "529", "type": "Feature", "properties": {"id": "1b9aa293-48d7-40f0-bd44-47ef5b4e4fa8", "name": null, "subtype": "residential", "class": "detached", "height": 13.0, "num_floors": 2, "surge_class": 6, "surge_ft": 5.5, "flood_active": false, "exposure_score": 0.165, "exposure_category": "low"}, "geometry": {"type": "Polygon", "coordinates": [[[-79.9422442, 32.7727588], [-79.942339, 32.7726327], [-79.9422233, 32.7725711], [-79.9421508, 32.7726676], [-79.9421668, 32.7726761], [-79.9421267, 32.7727294], [-79.9421193, 32.7727254], [-79.9420786, 32.7727794], [-79.9421772, 32.7728319], [-79.9421813, 32.7728265], [-79.9421887, 32.7728304], [-79.9422184, 32.772791], [-79.9422112, 32.7727872], [-79.9422359, 32.7727543], [-79.9422442, 32.7727588]]]}}, {"id": "530", "type": "Feature", "properties": {"id": "b7460e17-ee3a-4174-a4ce-d53044044958", "name": null, "subtype": "outbuilding", "class": "roof", "height": 4.0, "num_floors": null, "surge_class": 6, "surge_ft": 5.5, "flood_active": false, "exposure_score": 0.165, "exposure_category": "low"}, "geometry": {"type": "Polygon", "coordinates": [[[-79.9422496, 32.7728044], [-79.9422777, 32.7728221], [-79.9422976, 32.7727997], [-79.9422694, 32.772782], [-79.9422496, 32.7728044]]]}}, {"id": "531", "type": "Feature", "properties": {"id": "3d14d909-c50b-45b1-92c6-06ed727026ca", "name": null, "subtype": "residential", "class": "apartments", "height": 11.0, "num_floors": 2, "surge_class": 6, "surge_ft": 5.5, "flood_active": false, "exposure_score": 0.165, "exposure_category": "low"}, "geometry": {"type": "Polygon", "coordinates": [[[-79.9423186, 32.7732361], [-79.942366, 32.7732312], [-79.9423579, 32.7731754], [-79.9423706, 32.7731741], [-79.9423633, 32.7731237], [-79.9423466, 32.7731255], [-79.9423378, 32.7730649], [-79.9423326, 32.7730655], [-79.9423301, 32.7730479], [-79.9422797, 32.7730531], [-79.942282, 32.7730693], [-79.9422327, 32.7730743], [-79.9422395, 32.773121], [-79.9422102, 32.773124], [-79.9422139, 32.7731492], [-79.9421875, 32.7731519], [-79.9421951, 32.7732038], [-79.9421766, 32.7732057], [-79.9421821, 32.7732434], [-79.9422024, 32.7732414], [-79.9422033, 32.7732474], [-79.9422679, 32.7732408], [-79.9422692, 32.7732495], [-79.9423198, 32.7732443], [-79.9423186, 32.7732361]]]}}, {"id": "532", "type": "Feature", "properties": {"id": "fd29943f-0d99-411e-81aa-a8904dc4b058", "name": null, "subtype": "residential", "class": "detached", "height": 14.0, "num_floors": 3, "surge_class": 5, "surge_ft": 4.5, "flood_active": false, "exposure_score": 0.135, "exposure_category": "low"}, "geometry": {"type": "Polygon", "coordinates": [[[-79.9426296, 32.7730415], [-79.9426337, 32.7730449], [-79.9427528, 32.7729417], [-79.9427461, 32.7729362], [-79.942765, 32.7729198], [-79.9426944, 32.7728622], [-79.9426733, 32.7728805], [-79.9426691, 32.7728771], [-79.9425514, 32.7729791], [-79.9425568, 32.7729835], [-79.9425453, 32.7729935], [-79.9426172, 32.7730522], [-79.9426296, 32.7730415]]]}}, {"id": "533", "type": "Feature", "properties": {"id": "9757f976-0380-40f6-ad5b-2c25a1a430eb", "name": null, "subtype": "residential", "class": "detached", "height": 10.0, "num_floors": 2, "surge_class": 5, "surge_ft": 4.5, "flood_active": false, "exposure_score": 0.135, "exposure_category": "low"}, "geometry": {"type": "Polygon", "coordinates": [[[-79.9422181, 32.7736006], [-79.9422761, 32.7735948], [-79.9422712, 32.7735598], [-79.9423031, 32.7735566], [-79.9422958, 32.7735059], [-79.9422649, 32.773509], [-79.942264, 32.7735026], [-79.9421628, 32.7735128], [-79.9421899, 32.7737026], [-79.9422461, 32.773697], [-79.9422353, 32.7736214], [-79.9422212, 32.7736229], [-79.9422181, 32.7736006]]]}}, {"id": "534", "type": "Feature", "properties": {"id": "06fe908d-34cf-452f-adc7-e6c946b320a1", "name": null, "subtype": "outbuilding", "class": "outbuilding", "height": 3.0, "num_floors": null, "surge_class": 6, "surge_ft": 5.5, "flood_active": false, "exposure_score": 0.165, "exposure_category": "low"}, "geometry": {"type": "Polygon", "coordinates": [[[-79.942111, 32.7737041], [-79.9421636, 32.7736996], [-79.9421579, 32.7736527], [-79.9421053, 32.7736572], [-79.942111, 32.7737041]]]}}, {"id": "535", "type": "Feature", "properties": {"id": "c38debd9-d454-4dc4-a7ac-7b757ee4d599", "name": null, "subtype": "outbuilding", "class": "outbuilding", "height": 5.0, "num_floors": null, "surge_class": 6, "surge_ft": 5.5, "flood_active": false, "exposure_score": 0.165, "exposure_category": "low"}, "geometry": {"type": "Polygon", "coordinates": [[[-79.9422974, 32.7737877], [-79.9423456, 32.7737832], [-79.9423338, 32.773693], [-79.9422877, 32.7736973], [-79.9422909, 32.7737224], [-79.9422688, 32.7737244], [-79.9422745, 32.7737679], [-79.9422946, 32.7737661], [-79.9422974, 32.7737877]]]}}, {"id": "536", "type": "Feature", "properties": {"id": "88b797e5-e875-4233-a76f-e59ab0a36b2e", "name": null, "subtype": "residential", "class": "detached", "height": 11.0, "num_floors": 2, "surge_class": 6, "surge_ft": 5.5, "flood_active": false, "exposure_score": 0.165, "exposure_category": "low"}, "geometry": {"type": "Polygon", "coordinates": [[[-79.9423776, 32.773672], [-79.9424936, 32.7736608], [-79.9424862, 32.7736069], [-79.9425008, 32.7736055], [-79.9424944, 32.7735586], [-79.9424794, 32.77356], [-79.9424729, 32.7735122], [-79.9424668, 32.7735128], [-79.9424631, 32.7734855], [-79.9423596, 32.7734955], [-79.942363, 32.77352], [-79.9423552, 32.7735207], [-79.9423611, 32.7735644], [-79.9423344, 32.7735669], [-79.9423406, 32.7736128], [-79.9423691, 32.7736101], [-79.9423776, 32.773672]]]}}, {"id": "537", "type": "Feature", "properties": {"id": "2e04b129-94d4-4c35-9169-3340df876d19", "name": null, "subtype": "military", "class": "military", "height": 4.0, "num_floors": null, "surge_class": 6, "surge_ft": 5.5, "flood_active": false, "exposure_score": 0.165, "exposure_category": "low"}, "geometry": {"type": "Polygon", "coordinates": [[[-79.9431863, 32.7734456], [-79.9432261, 32.7734158], [-79.943189, 32.7733809], [-79.9431493, 32.7734107], [-79.9431863, 32.7734456]]]}}, {"id": "538", "type": "Feature", "properties": {"id": "28e1e282-b5ea-41e2-9226-3c38e2429124", "name": "Captain of the Port", "subtype": "military", "class": "military", "height": 10.0, "num_floors": 2, "surge_class": 6, "surge_ft": 5.5, "flood_active": false, "exposure_score": 0.165, "exposure_category": "low"}, "geometry": {"type": "Polygon", "coordinates": [[[-79.9429802, 32.7737134], [-79.9431022, 32.7736997], [-79.9430922, 32.773637], [-79.9430822, 32.773574], [-79.9429617, 32.7735876], [-79.9428453, 32.7736007], [-79.9428521, 32.7736436], [-79.9428403, 32.773645], [-79.9428417, 32.7736543], [-79.9428448, 32.7736737], [-79.9428599, 32.773672], [-79.9428685, 32.773726], [-79.9429802, 32.7737134]]]}}, {"id": "539", "type": "Feature", "properties": {"id": "8743b69b-869c-4312-8881-a4c8352a42f7", "name": null, "subtype": "military", "class": "military", "height": 4.0, "num_floors": null, "surge_class": 5, "surge_ft": 4.5, "flood_active": false, "exposure_score": 0.135, "exposure_category": "low"}, "geometry": {"type": "Polygon", "coordinates": [[[-79.9427297, 32.7740263], [-79.9427284, 32.774041], [-79.9427451, 32.7740517], [-79.9427613, 32.7740429], [-79.9427604, 32.7740289], [-79.9427481, 32.7740196], [-79.9427297, 32.7740263]]]}}, {"id": "540", "type": "Feature", "properties": {"id": "5675142a-334c-4787-9e62-0bcb51ae64a0", "name": "The Andrew B. Murray Vocational School Building", "subtype": "residential", "class": "apartments", "height": 15.0, "num_floors": 3, "surge_class": 5, "surge_ft": 4.5, "flood_active": false, "exposure_score": 0.135, "exposure_category": "low"}, "geometry": {"type": "Polygon", "coordinates": [[[-79.9423864, 32.7739164], [-79.9423857, 32.7739114], [-79.9422186, 32.7739265], [-79.9422193, 32.7739316], [-79.9420974, 32.7739426], [-79.9421121, 32.7740571], [-79.9421172, 32.7740566], [-79.9421205, 32.7740817], [-79.9421151, 32.7740822], [-79.9421387, 32.7742598], [-79.9421442, 32.7742593], [-79.9421475, 32.7742839], [-79.9421428, 32.7742843], [-79.9421582, 32.774396], [-79.942283, 32.7743838], [-79.9422836, 32.7743876], [-79.9424475, 32.7743714], [-79.9424469, 32.7743671], [-79.9425669, 32.774355], [-79.9425676, 32.7743604], [-79.9425733, 32.7743599], [-79.9425695, 32.7743328], [-79.9425644, 32.7743333], [-79.9425528, 32.7742507], [-79.9425575, 32.7742502], [-79.9425511, 32.7742039], [-79.9423547, 32.7742231], [-79.9423346, 32.7740772], [-79.9425296, 32.7740581], [-79.9425234, 32.7740136], [-79.9425203, 32.7740139], [-79.9425093, 32.7739311], [-79.9425152, 32.7739305], [-79.9425119, 32.773905], [-79.9423864, 32.7739164]]]}}, {"id": "541", "type": "Feature", "properties": {"id": "ea435ba8-f847-4ad8-a5cb-0c12975916a8", "name": null, "subtype": "residential", "class": "apartments", "height": 8.0, "num_floors": 2, "surge_class": 5, "surge_ft": 4.5, "flood_active": false, "exposure_score": 0.135, "exposure_category": "low"}, "geometry": {"type": "Polygon", "coordinates": [[[-79.9424837, 32.774487], [-79.9425866, 32.7744788], [-79.94258, 32.7744207], [-79.9424771, 32.774429], [-79.9424837, 32.774487]]]}}, {"id": "542", "type": "Feature", "properties": {"id": "53d87374-16c0-4b91-836b-dd06daa4dea7", "name": "The Andrew B. Murray Vocational School Gym Building", "subtype": "residential", "class": "apartments", "height": 15.0, "num_floors": 3, "surge_class": 5, "surge_ft": 4.5, "flood_active": false, "exposure_score": 0.135, "exposure_category": "low"}, "geometry": {"type": "Polygon", "coordinates": [[[-79.9426122, 32.7747304], [-79.9425828, 32.774525], [-79.9425655, 32.7745268], [-79.9425629, 32.7745087], [-79.9425148, 32.7745136], [-79.942517, 32.7745291], [-79.9421842, 32.7745629], [-79.9421943, 32.774633], [-79.9421753, 32.7746349], [-79.9421806, 32.7746723], [-79.9422009, 32.7746703], [-79.9422104, 32.7747363], [-79.942537, 32.7747032], [-79.9425419, 32.7747375], [-79.9426122, 32.7747304]]]}}, {"id": "543", "type": "Feature", "properties": {"id": "55162597-d919-4ec7-95be-15127dad1418", "name": null, "subtype": "military", "class": "military", "height": 4.0, "num_floors": null, "surge_class": 5, "surge_ft": 4.5, "flood_active": false, "exposure_score": 0.135, "exposure_category": "low"}, "geometry": {"type": "Polygon", "coordinates": [[[-79.9428361, 32.7745369], [-79.9428707, 32.7745339], [-79.9428669, 32.7745027], [-79.9428322, 32.7745057], [-79.9428361, 32.7745369]]]}}, {"id": "544", "type": "Feature", "properties": {"id": "96b037f5-760a-45a4-a902-f85616f5f0b0", "name": null, "subtype": "military", "class": "military", "height": 8.0, "num_floors": 2, "surge_class": 4, "surge_ft": 3.5, "flood_active": false, "exposure_score": 0.105, "exposure_category": "low"}, "geometry": {"type": "Polygon", "coordinates": [[[-79.9432351, 32.7743665], [-79.9432285, 32.7743166], [-79.9430007, 32.7743381], [-79.9429987, 32.7743225], [-79.9429429, 32.7743277], [-79.9428773, 32.7743339], [-79.9428791, 32.7743476], [-79.9427233, 32.7743622], [-79.9427302, 32.7744145], [-79.9427376, 32.77447], [-79.9428914, 32.7744556], [-79.9429061, 32.7745668], [-79.9428825, 32.774569], [-79.942894, 32.7746558], [-79.942967, 32.7746489], [-79.9429718, 32.7746855], [-79.9430208, 32.7746809], [-79.9430366, 32.7746794], [-79.9430332, 32.7746537], [-79.9429949, 32.7746573], [-79.9429936, 32.7746474], [-79.943041, 32.7746429], [-79.9430139, 32.7744399], [-79.9432421, 32.7744184], [-79.9432351, 32.7743665]]]}}, {"id": "545", "type": "Feature", "properties": {"id": "fe5d3d1c-5f45-485e-9932-d8d4c47037fe", "name": null, "subtype": "military", "class": "military", "height": 4.0, "num_floors": null, "surge_class": 6, "surge_ft": 5.5, "flood_active": false, "exposure_score": 0.165, "exposure_category": "low"}, "geometry": {"type": "Polygon", "coordinates": [[[-79.9435187, 32.7747237], [-79.943588, 32.7747168], [-79.9435819, 32.7746734], [-79.9435126, 32.7746803], [-79.9435187, 32.7747237]]]}}, {"id": "546", "type": "Feature", "properties": {"id": "7f4c6f3a-2cb8-4dbc-bed1-fb618a80ea9e", "name": null, "subtype": "military", "class": "military", "height": 5.0, "num_floors": null, "surge_class": 5, "surge_ft": 4.5, "flood_active": false, "exposure_score": 0.135, "exposure_category": "low"}, "geometry": {"type": "Polygon", "coordinates": [[[-79.9436542, 32.7747211], [-79.9437284, 32.7747141], [-79.9437211, 32.7746599], [-79.9436469, 32.774667], [-79.9436542, 32.7747211]]]}}, {"id": "547", "type": "Feature", "properties": {"id": "c02946d7-a07f-4db7-bbdb-4d0127fa7b63", "name": null, "subtype": "military", "class": "military", "height": 11.0, "num_floors": 2, "surge_class": 5, "surge_ft": 4.5, "flood_active": false, "exposure_score": 0.135, "exposure_category": "low"}, "geometry": {"type": "Polygon", "coordinates": [[[-79.9440733, 32.7745631], [-79.9442444, 32.7745433], [-79.944215, 32.7743636], [-79.9441898, 32.7743665], [-79.9441958, 32.7744029], [-79.9439767, 32.7744283], [-79.9439727, 32.7744044], [-79.9439437, 32.7744078], [-79.9439473, 32.7744294], [-79.9437095, 32.7744571], [-79.9436267, 32.7744668], [-79.9435799, 32.7741828], [-79.9434091, 32.7742028], [-79.9434788, 32.774625], [-79.9438085, 32.7745865], [-79.9438117, 32.7746058], [-79.9438597, 32.7746002], [-79.9438573, 32.7745858], [-79.9440336, 32.7745653], [-79.9440363, 32.7745821], [-79.9440757, 32.7745776], [-79.9440733, 32.7745631]]]}}, {"id": "548", "type": "Feature", "properties": {"id": "38036582-f709-45f9-b3e1-2b73ba8a979e", "name": "Charleston Coast Guard Exchange", "subtype": null, "class": null, "height": 14.0, "num_floors": 3, "surge_class": 4, "surge_ft": 3.5, "flood_active": false, "exposure_score": 0.105, "exposure_category": "low"}, "geometry": {"type": "Polygon", "coordinates": [[[-79.9434308, 32.7740462], [-79.9437082, 32.7738368], [-79.9435023, 32.7736439], [-79.9432249, 32.7738533], [-79.9434308, 32.7740462]]]}}, {"id": "549", "type": "Feature", "properties": {"id": "93796dbd-a56a-41f9-9909-43af46955804", "name": null, "subtype": "residential", "class": "apartments", "height": 13.0, "num_floors": 3, "surge_class": 3, "surge_ft": 2.5, "flood_active": false, "exposure_score": 0.075, "exposure_category": "low"}, "geometry": {"type": "Polygon", "coordinates": [[[-79.9446392, 32.7754037], [-79.9444925, 32.7754607], [-79.9446848, 32.7758101], [-79.9446542, 32.775822], [-79.9446903, 32.7758877], [-79.9448373, 32.7758305], [-79.9448054, 32.7757726], [-79.9448356, 32.7757608], [-79.9446392, 32.7754037]]]}}, {"id": "550", "type": "Feature", "properties": {"id": "b8450d0c-6f98-4fd5-b488-5cbe2cc4522c", "name": null, "subtype": "residential", "class": "detached", "height": 6.141580581665039, "num_floors": 3, "surge_class": 5, "surge_ft": 4.5, "flood_active": false, "exposure_score": 0.135, "exposure_category": "low"}, "geometry": {"type": "Polygon", "coordinates": [[[-79.9448405, 32.7764757], [-79.9449313, 32.7764395], [-79.9448443, 32.776285], [-79.9448575, 32.7762797], [-79.944835, 32.7762398], [-79.944821, 32.7762454], [-79.9448101, 32.7762262], [-79.9446321, 32.7762971], [-79.9446439, 32.7763181], [-79.9446389, 32.7763201], [-79.9446569, 32.7763521], [-79.9446624, 32.77635], [-79.9446681, 32.7763601], [-79.9446328, 32.7763741], [-79.9446635, 32.7764285], [-79.9446968, 32.7764153], [-79.9447149, 32.7764474], [-79.9446905, 32.7764571], [-79.9447444, 32.7765528], [-79.9448583, 32.7765075], [-79.9448405, 32.7764757]]]}}, {"id": "551", "type": "Feature", "properties": {"id": "085372a8-a47e-4874-adc2-e40a1245dc6e", "name": null, "subtype": "residential", "class": "detached", "height": 4.868405342102051, "num_floors": 1, "surge_class": 5, "surge_ft": 4.5, "flood_active": false, "exposure_score": 0.135, "exposure_category": "low"}, "geometry": {"type": "Polygon", "coordinates": [[[-79.9449507, 32.7768196], [-79.9450404, 32.7767835], [-79.9450295, 32.7767644], [-79.9450852, 32.776742], [-79.9450797, 32.7767323], [-79.9451035, 32.7767227], [-79.9451293, 32.7767123], [-79.9450903, 32.7766437], [-79.9450822, 32.776647], [-79.9450741, 32.7766328], [-79.9450451, 32.7766445], [-79.9450519, 32.7766563], [-79.9450439, 32.7766595], [-79.9450367, 32.7766469], [-79.9449673, 32.7766748], [-79.9449643, 32.7766696], [-79.9449439, 32.7766777], [-79.9449471, 32.7766834], [-79.9448319, 32.7767297], [-79.9448854, 32.7768237], [-79.9449405, 32.7768016], [-79.9449507, 32.7768196]]]}}, {"id": "552", "type": "Feature", "properties": {"id": "6389d956-a824-4bcd-922e-587365d84db5", "name": null, "subtype": "residential", "class": "bungalow", "height": 4.466483116149902, "num_floors": 1, "surge_class": 6, "surge_ft": 5.5, "flood_active": false, "exposure_score": 0.165, "exposure_category": "low"}, "geometry": {"type": "Polygon", "coordinates": [[[-79.9449158, 32.7766427], [-79.9448541, 32.7765312], [-79.9447519, 32.7765712], [-79.9447855, 32.7766319], [-79.9447998, 32.7766263], [-79.944828, 32.7766771], [-79.9449158, 32.7766427]]]}}, {"id": "553", "type": "Feature", "properties": {"id": "5ae2abf0-1bfb-49a3-b018-64d1089076b7", "name": null, "subtype": "residential", "class": "detached", "height": 7.074795246124268, "num_floors": 3, "surge_class": 6, "surge_ft": 5.5, "flood_active": false, "exposure_score": 0.165, "exposure_category": "low"}, "geometry": {"type": "Polygon", "coordinates": [[[-79.9445754, 32.7769722], [-79.9446535, 32.776941], [-79.9446106, 32.7768651], [-79.9446212, 32.7768608], [-79.9445673, 32.7767653], [-79.9444786, 32.7768007], [-79.9445754, 32.7769722]]]}}, {"id": "554", "type": "Feature", "properties": {"id": "cdff7d0f-89d5-49f5-9fc4-f07945505996", "name": null, "subtype": "residential", "class": "bungalow", "height": 4.811472415924072, "num_floors": 1, "surge_class": 6, "surge_ft": 5.5, "flood_active": false, "exposure_score": 0.165, "exposure_category": "low"}, "geometry": {"type": "Polygon", "coordinates": [[[-79.9444642, 32.7770177], [-79.9445518, 32.7769833], [-79.9444663, 32.7768296], [-79.9443787, 32.7768641], [-79.9444642, 32.7770177]]]}}, {"id": "555", "type": "Feature", "properties": {"id": "071d5f60-4e1a-458b-a30f-55d426ef46f3", "name": null, "subtype": "residential", "class": "house", "height": null, "num_floors": 3, "surge_class": 4, "surge_ft": 3.5, "flood_active": false, "exposure_score": 0.105, "exposure_category": "low"}, "geometry": {"type": "Polygon", "coordinates": [[[-79.9450962, 32.7771016], [-79.9451161, 32.7770936], [-79.9451037, 32.7770718], [-79.945071, 32.7770142], [-79.9450596, 32.7770188], [-79.9450551, 32.7770206], [-79.9450469, 32.7770063], [-79.9450294, 32.7770134], [-79.9450161, 32.77699], [-79.944958, 32.7770134], [-79.9449841, 32.7770591], [-79.9449779, 32.7770616], [-79.9449952, 32.7770921], [-79.9450021, 32.7770893], [-79.9450146, 32.7771113], [-79.9450393, 32.7771013], [-79.9450455, 32.7771122], [-79.9450611, 32.777106], [-79.9450656, 32.7771139], [-79.9450962, 32.7771016]]]}}, {"id": "556", "type": "Feature", "properties": {"id": "ab78dfe3-96e4-42d1-8072-d0b4ad2ac1d8", "name": null, "subtype": "residential", "class": "house", "height": 6.263275146484375, "num_floors": 3, "surge_class": 5, "surge_ft": 4.5, "flood_active": false, "exposure_score": 0.135, "exposure_category": "low"}, "geometry": {"type": "Polygon", "coordinates": [[[-79.9447257, 32.7773094], [-79.9448149, 32.7772753], [-79.9447892, 32.7772277], [-79.9448161, 32.7772174], [-79.9448091, 32.7772044], [-79.9447948, 32.7772098], [-79.9447897, 32.7772003], [-79.9447973, 32.7771974], [-79.9447763, 32.7771586], [-79.9447688, 32.7771615], [-79.9447656, 32.7771554], [-79.94478, 32.7771499], [-79.9447728, 32.7771364], [-79.944746, 32.7771467], [-79.944733, 32.7771226], [-79.9446432, 32.777157], [-79.9447257, 32.7773094]]]}}, {"id": "557", "type": "Feature", "properties": {"id": "9aacd90b-ac4d-4d3c-95ca-270680043c82", "name": null, "subtype": "residential", "class": "house", "height": null, "num_floors": 3, "surge_class": 6, "surge_ft": 5.5, "flood_active": false, "exposure_score": 0.165, "exposure_category": "low"}, "geometry": {"type": "Polygon", "coordinates": [[[-79.9446435, 32.7772571], [-79.9445975, 32.7771732], [-79.9445401, 32.7771955], [-79.9445309, 32.7771788], [-79.9444878, 32.7771955], [-79.9444985, 32.777215], [-79.9444948, 32.7772164], [-79.944541, 32.7773006], [-79.9445444, 32.7772993], [-79.9445718, 32.7773492], [-79.9446415, 32.7773222], [-79.9446124, 32.7772692], [-79.9446435, 32.7772571]]]}}, {"id": "558", "type": "Feature", "properties": {"id": "74b367d1-8162-4330-8577-c35208ce0eed", "name": null, "subtype": "outbuilding", "class": "shed", "height": null, "num_floors": null, "surge_class": 6, "surge_ft": 5.5, "flood_active": false, "exposure_score": 0.165, "exposure_category": "low"}, "geometry": {"type": "Polygon", "coordinates": [[[-79.944545, 32.7775847], [-79.94456, 32.7776186], [-79.9446067, 32.7776039], [-79.9445917, 32.77757], [-79.944545, 32.7775847]]]}}, {"id": "559", "type": "Feature", "properties": {"id": "3daf3820-d12b-49b9-9b06-4eea9bc89b70", "name": null, "subtype": "residential", "class": "house", "height": 7.090909004211426, "num_floors": 3, "surge_class": 5, "surge_ft": 4.5, "flood_active": false, "exposure_score": 0.135, "exposure_category": "low"}, "geometry": {"type": "Polygon", "coordinates": [[[-79.9447495, 32.7777147], [-79.9449749, 32.7776274], [-79.9449653, 32.7776099], [-79.9449687, 32.7775994], [-79.9449632, 32.7775879], [-79.9449521, 32.7775859], [-79.9449423, 32.7775681], [-79.9449376, 32.7775699], [-79.9449271, 32.7775507], [-79.9448337, 32.7775869], [-79.9448404, 32.7775992], [-79.9447775, 32.7776236], [-79.9447721, 32.7776136], [-79.9447629, 32.7776172], [-79.9447604, 32.7776126], [-79.9447053, 32.777634], [-79.9447495, 32.7777147]]]}}, {"id": "560", "type": "Feature", "properties": {"id": "d23ce406-79c0-4a45-8593-593f1ab448e9", "name": null, "subtype": "residential", "class": "house", "height": 7.242041110992432, "num_floors": 3, "surge_class": 5, "surge_ft": 4.5, "flood_active": false, "exposure_score": 0.135, "exposure_category": "low"}, "geometry": {"type": "Polygon", "coordinates": [[[-79.9447949, 32.7775127], [-79.9448983, 32.777471], [-79.9448794, 32.7774379], [-79.9448904, 32.7774335], [-79.9448778, 32.7774113], [-79.9448686, 32.777415], [-79.9448321, 32.777351], [-79.9447269, 32.7773934], [-79.9447949, 32.7775127]]]}}, {"id": "561", "type": "Feature", "properties": {"id": "41fb56cb-8bd9-43ce-804e-cd2a767db756", "name": null, "subtype": "residential", "class": "house", "height": 7.367549896240234, "num_floors": 3, "surge_class": 5, "surge_ft": 4.5, "flood_active": false, "exposure_score": 0.135, "exposure_category": "low"}, "geometry": {"type": "Polygon", "coordinates": [[[-79.9448979, 32.7777554], [-79.9450143, 32.7777129], [-79.9449783, 32.7776434], [-79.9448599, 32.7776867], [-79.9448622, 32.777691], [-79.9448199, 32.7777065], [-79.9448519, 32.7777683], [-79.9448962, 32.7777521], [-79.9448979, 32.7777554]]]}}, {"id": "562", "type": "Feature", "properties": {"id": "86a571bb-8f39-477b-9512-09982dca3bef", "name": "The Brennan-Lee House", "subtype": "residential", "class": "house", "height": 12.0, "num_floors": 4, "surge_class": 5, "surge_ft": 4.5, "flood_active": false, "exposure_score": 0.135, "exposure_category": "low"}, "geometry": {"type": "Polygon", "coordinates": [[[-79.9449314, 32.7780483], [-79.9450415, 32.7780054], [-79.9449632, 32.7778636], [-79.9449095, 32.7778846], [-79.9449006, 32.7778684], [-79.9448524, 32.7778873], [-79.9448652, 32.7779106], [-79.9448571, 32.7779137], [-79.9449314, 32.7780483]]]}}, {"id": "563", "type": "Feature", "properties": {"id": "d87454d7-330b-4bce-a4e8-eab53fdd5d41", "name": null, "subtype": "outbuilding", "class": "shed", "height": null, "num_floors": null, "surge_class": 5, "surge_ft": 4.5, "flood_active": false, "exposure_score": 0.135, "exposure_category": "low"}, "geometry": {"type": "Polygon", "coordinates": [[[-79.944781, 32.7779152], [-79.9447888, 32.7779378], [-79.944836, 32.7779263], [-79.9448282, 32.7779037], [-79.944781, 32.7779152]]]}}, {"id": "564", "type": "Feature", "properties": {"id": "7a52bbc0-71a5-4556-bf22-f0596fd887fe", "name": null, "subtype": "outbuilding", "class": "shed", "height": null, "num_floors": 1, "surge_class": 6, "surge_ft": 5.5, "flood_active": false, "exposure_score": 0.165, "exposure_category": "low"}, "geometry": {"type": "Polygon", "coordinates": [[[-79.944611, 32.7777516], [-79.9446406, 32.7778066], [-79.9446996, 32.7777842], [-79.94467, 32.7777292], [-79.944611, 32.7777516]]]}}, {"id": "565", "type": "Feature", "properties": {"id": "c42b567e-2a19-4e6a-84db-55a4786b9b10", "name": null, "subtype": "residential", "class": "house", "height": 6.225963115692139, "num_floors": 3, "surge_class": 6, "surge_ft": 5.5, "flood_active": false, "exposure_score": 0.165, "exposure_category": "low"}, "geometry": {"type": "Polygon", "coordinates": [[[-79.9444299, 32.7780271], [-79.9446235, 32.7779552], [-79.9446024, 32.7779151], [-79.9445742, 32.7779256], [-79.9445663, 32.7779106], [-79.9445168, 32.777929], [-79.9444945, 32.7778866], [-79.9443726, 32.7779319], [-79.9444092, 32.7780016], [-79.9444153, 32.7779993], [-79.9444299, 32.7780271]]]}}, {"id": "566", "type": "Feature", "properties": {"id": "f54c67df-5a70-4c37-a6aa-019ea29c2c75", "name": null, "subtype": "outbuilding", "class": "shed", "height": null, "num_floors": null, "surge_class": 7, "surge_ft": 6.5, "flood_active": false, "exposure_score": 0.195, "exposure_category": "low"}, "geometry": {"type": "Polygon", "coordinates": [[[-79.9446279, 32.7779169], [-79.9446397, 32.7779405], [-79.9446694, 32.7779301], [-79.9446576, 32.7779064], [-79.9446279, 32.7779169]]]}}, {"id": "567", "type": "Feature", "properties": {"id": "719de5d7-160a-4800-bedc-bc841987e9bf", "name": null, "subtype": "residential", "class": "house", "height": 5.7830610275268555, "num_floors": 3, "surge_class": 7, "surge_ft": 6.5, "flood_active": false, "exposure_score": 0.195, "exposure_category": "low"}, "geometry": {"type": "Polygon", "coordinates": [[[-79.9445575, 32.7781226], [-79.9445961, 32.7781942], [-79.9447868, 32.7781214], [-79.9447482, 32.7780499], [-79.9445575, 32.7781226]]]}}, {"id": "568", "type": "Feature", "properties": {"id": "52ec15d0-a544-4093-ab78-14ae7e7114f8", "name": null, "subtype": "residential", "class": "house", "height": 4.691307544708252, "num_floors": 3, "surge_class": 7, "surge_ft": 6.5, "flood_active": false, "exposure_score": 0.195, "exposure_category": "low"}, "geometry": {"type": "Polygon", "coordinates": [[[-79.9445185, 32.7781149], [-79.9447713, 32.7780213], [-79.9447525, 32.7779855], [-79.944664, 32.7780183], [-79.9446559, 32.7780029], [-79.9446443, 32.7780072], [-79.9446361, 32.7779916], [-79.9444835, 32.7780481], [-79.9445185, 32.7781149]]]}}, {"id": "569", "type": "Feature", "properties": {"id": "aa4dda01-ba1e-4896-b005-282b864e4a90", "name": null, "subtype": "residential", "class": "house", "height": 6.182106971740723, "num_floors": 3, "surge_class": 5, "surge_ft": 4.5, "flood_active": false, "exposure_score": 0.135, "exposure_category": "low"}, "geometry": {"type": "Polygon", "coordinates": [[[-79.9451046, 32.7778881], [-79.9451127, 32.7778848], [-79.9450945, 32.7778526], [-79.9451058, 32.7778481], [-79.9450966, 32.777832], [-79.9450866, 32.777836], [-79.9450612, 32.7777912], [-79.9449773, 32.7778248], [-79.9450306, 32.7779187], [-79.9450346, 32.7779171], [-79.9450472, 32.7779393], [-79.9451176, 32.7779111], [-79.9451046, 32.7778881]]]}}, {"id": "570", "type": "Feature", "properties": {"id": "921e5f85-255c-418e-a8fa-6f76f128cf18", "name": null, "subtype": "residential", "class": "detached", "height": 6.855014801025391, "num_floors": 2, "surge_class": 6, "surge_ft": 5.5, "flood_active": false, "exposure_score": 0.165, "exposure_category": "low"}, "geometry": {"type": "Polygon", "coordinates": [[[-79.9450711, 32.778401], [-79.9451691, 32.7783618], [-79.9451402, 32.7783107], [-79.9451434, 32.7783094], [-79.9451082, 32.778247], [-79.9450024, 32.7782893], [-79.9450375, 32.7783512], [-79.9450419, 32.7783495], [-79.9450711, 32.778401]]]}}, {"id": "571", "type": "Feature", "properties": {"id": "a2b1daf3-610b-46b7-944a-e4a24ff8c98c", "name": "The Thomas Hamlin House", "subtype": "residential", "class": "detached", "height": 12.0, "num_floors": 3, "surge_class": 6, "surge_ft": 5.5, "flood_active": false, "exposure_score": 0.165, "exposure_category": "low"}, "geometry": {"type": "Polygon", "coordinates": [[[-79.9446998, 32.7786266], [-79.9448841, 32.7785511], [-79.9448537, 32.7784987], [-79.9448491, 32.7785006], [-79.9448174, 32.778446], [-79.9447312, 32.7784813], [-79.9447234, 32.7784679], [-79.9446895, 32.7784818], [-79.9446969, 32.7784946], [-79.944645, 32.7785159], [-79.944659, 32.77854], [-79.9446514, 32.7785431], [-79.9446998, 32.7786266]]]}}, {"id": "572", "type": "Feature", "properties": {"id": "08fc24e7-472e-4f4f-bea6-9354f0177888", "name": null, "subtype": "residential", "class": "detached", "height": 9.334318161010742, "num_floors": 2, "surge_class": 6, "surge_ft": 5.5, "flood_active": false, "exposure_score": 0.165, "exposure_category": "low"}, "geometry": {"type": "Polygon", "coordinates": [[[-79.9446235, 32.7784303], [-79.9447577, 32.7783797], [-79.9447357, 32.7783383], [-79.9447156, 32.7783459], [-79.9446941, 32.7783055], [-79.9446464, 32.7783234], [-79.9446681, 32.778364], [-79.9446015, 32.7783891], [-79.9446235, 32.7784303]]]}}, {"id": "573", "type": "Feature", "properties": {"id": "105c835b-f9ee-426c-af18-2467ffd5c7fb", "name": null, "subtype": "residential", "class": "detached", "height": 7.2375807762146, "num_floors": 3, "surge_class": 6, "surge_ft": 5.5, "flood_active": false, "exposure_score": 0.165, "exposure_category": "low"}, "geometry": {"type": "Polygon", "coordinates": [[[-79.9444461, 32.7787627], [-79.9445681, 32.7787139], [-79.9445415, 32.778667], [-79.9444196, 32.7787157], [-79.9444461, 32.7787627]]]}}, {"id": "574", "type": "Feature", "properties": {"id": "4907fc44-f0a6-4dd3-8758-546c9642cfaa", "name": "The C. Henry Hesse House", "subtype": "residential", "class": "detached", "height": 8.0, "num_floors": 2, "surge_class": 6, "surge_ft": 5.5, "flood_active": false, "exposure_score": 0.165, "exposure_category": "low"}, "geometry": {"type": "Polygon", "coordinates": [[[-79.9444283, 32.7788993], [-79.9446321, 32.7788229], [-79.944598, 32.7787586], [-79.9444575, 32.7788112], [-79.9444655, 32.7788264], [-79.9444492, 32.7788325], [-79.9444512, 32.7788363], [-79.9444042, 32.7788539], [-79.9444283, 32.7788993]]]}}, {"id": "575", "type": "Feature", "properties": {"id": "5f421f90-46c3-411a-89e9-2cbc5040b043", "name": null, "subtype": "residential", "class": "detached", "height": 7.094630241394043, "num_floors": 2, "surge_class": 6, "surge_ft": 5.5, "flood_active": false, "exposure_score": 0.165, "exposure_category": "low"}, "geometry": {"type": "Polygon", "coordinates": [[[-79.9447974, 32.7788069], [-79.945013, 32.7787231], [-79.9449926, 32.7786861], [-79.944926, 32.778712], [-79.9449128, 32.7786879], [-79.9447638, 32.7787458], [-79.9447974, 32.7788069]]]}}, {"id": "576", "type": "Feature", "properties": {"id": "5830d285-9c63-479c-814a-3e42c8211ce2", "name": null, "subtype": "residential", "class": "detached", "height": 7.0312347412109375, "num_floors": 3, "surge_class": 6, "surge_ft": 5.5, "flood_active": false, "exposure_score": 0.165, "exposure_category": "low"}, "geometry": {"type": "Polygon", "coordinates": [[[-79.9447563, 32.7786634], [-79.9447845, 32.7787136], [-79.9449861, 32.7786335], [-79.9449755, 32.7786147], [-79.944952, 32.778624], [-79.9449346, 32.7785932], [-79.9449115, 32.7786024], [-79.9449055, 32.7785918], [-79.9448489, 32.7786143], [-79.9448546, 32.7786243], [-79.9447563, 32.7786634]]]}}, {"id": "577", "type": "Feature", "properties": {"id": "cc62d004-45a1-4e4d-b8c9-5551064e4394", "name": null, "subtype": "residential", "class": "detached", "height": 6.322078704833984, "num_floors": 2, "surge_class": 6, "surge_ft": 5.5, "flood_active": false, "exposure_score": 0.165, "exposure_category": "low"}, "geometry": {"type": "Polygon", "coordinates": [[[-79.9448409, 32.7788891], [-79.9451082, 32.7787856], [-79.9450867, 32.7787464], [-79.9449707, 32.7787913], [-79.944959, 32.7787699], [-79.9448077, 32.7788286], [-79.9448409, 32.7788891]]]}}, {"id": "578", "type": "Feature", "properties": {"id": "66a97dbe-336b-43d1-be00-dd963196578f", "name": null, "subtype": "residential", "class": "detached", "height": 6.928806781768799, "num_floors": 2, "surge_class": 6, "surge_ft": 5.5, "flood_active": false, "exposure_score": 0.165, "exposure_category": "low"}, "geometry": {"type": "Polygon", "coordinates": [[[-79.9448946, 32.7789779], [-79.9451083, 32.7788948], [-79.9450893, 32.7788604], [-79.9450633, 32.7788706], [-79.9450528, 32.7788514], [-79.9450156, 32.7788659], [-79.9450129, 32.778861], [-79.9448625, 32.7789195], [-79.9448946, 32.7789779]]]}}, {"id": "579", "type": "Feature", "properties": {"id": "a721403b-1d07-41e9-92bf-f89a5f168209", "name": "The C. Henry Hesse House", "subtype": "residential", "class": "detached", "height": 9.0, "num_floors": 3, "surge_class": 6, "surge_ft": 5.5, "flood_active": false, "exposure_score": 0.165, "exposure_category": "low"}, "geometry": {"type": "Polygon", "coordinates": [[[-79.944465, 32.7790136], [-79.944689, 32.7789254], [-79.9446553, 32.7788647], [-79.9444312, 32.778953], [-79.944465, 32.7790136]]]}}, {"id": "580", "type": "Feature", "properties": {"id": "1ff82b26-d66a-4378-abfb-b23007bcaf72", "name": null, "subtype": "outbuilding", "class": "shed", "height": null, "num_floors": 1, "surge_class": 6, "surge_ft": 5.5, "flood_active": false, "exposure_score": 0.165, "exposure_category": "low"}, "geometry": {"type": "Polygon", "coordinates": [[[-79.9444574, 32.7791377], [-79.9445139, 32.7791168], [-79.9444969, 32.7790844], [-79.9444404, 32.7791053], [-79.9444574, 32.7791377]]]}}, {"id": "581", "type": "Feature", "properties": {"id": "73c82b47-8278-44b4-8f41-a6353ee0e88d", "name": null, "subtype": "residential", "class": "detached", "height": 6.4360575675964355, "num_floors": 3, "surge_class": 6, "surge_ft": 5.5, "flood_active": false, "exposure_score": 0.165, "exposure_category": "low"}, "geometry": {"type": "Polygon", "coordinates": [[[-79.9445384, 32.7791062], [-79.9447435, 32.7790293], [-79.9447136, 32.7789728], [-79.9446093, 32.7790119], [-79.9446171, 32.7790266], [-79.9445907, 32.7790365], [-79.9445883, 32.7790318], [-79.9445138, 32.7790598], [-79.9445384, 32.7791062]]]}}, {"id": "582", "type": "Feature", "properties": {"id": "ce91a3d1-3377-4447-bd29-a9eb2c3c6195", "name": null, "subtype": "residential", "class": "detached", "height": 6.249897003173828, "num_floors": 3, "surge_class": 6, "surge_ft": 5.5, "flood_active": false, "exposure_score": 0.165, "exposure_category": "low"}, "geometry": {"type": "Polygon", "coordinates": [[[-79.9446173, 32.7791808], [-79.9447914, 32.7791126], [-79.9447527, 32.7790427], [-79.9445786, 32.7791109], [-79.9446173, 32.7791808]]]}}, {"id": "583", "type": "Feature", "properties": {"id": "103b055c-a4ab-4a91-bbd0-4eaa243a602e", "name": null, "subtype": "outbuilding", "class": "shed", "height": null, "num_floors": 1, "surge_class": 5, "surge_ft": 4.5, "flood_active": false, "exposure_score": 0.135, "exposure_category": "low"}, "geometry": {"type": "Polygon", "coordinates": [[[-79.9445834, 32.779239], [-79.9446361, 32.7792179], [-79.9446168, 32.7791837], [-79.9445641, 32.7792048], [-79.9445834, 32.779239]]]}}, {"id": "584", "type": "Feature", "properties": {"id": "9a828516-6076-4a0e-acf5-ffc07ab1a5a9", "name": null, "subtype": "outbuilding", "class": "shed", "height": null, "num_floors": 1, "surge_class": 6, "surge_ft": 5.5, "flood_active": false, "exposure_score": 0.165, "exposure_category": "low"}, "geometry": {"type": "Polygon", "coordinates": [[[-79.9444687, 32.7791794], [-79.9445321, 32.7791569], [-79.9445161, 32.7791249], [-79.9444527, 32.7791474], [-79.9444687, 32.7791794]]]}}, {"id": "585", "type": "Feature", "properties": {"id": "5e7fcb73-d775-42cd-82a5-1500b225ab4d", "name": null, "subtype": "residential", "class": "detached", "height": 6.402008533477783, "num_floors": 3, "surge_class": 6, "surge_ft": 5.5, "flood_active": false, "exposure_score": 0.165, "exposure_category": "low"}, "geometry": {"type": "Polygon", "coordinates": [[[-79.9446318, 32.7793856], [-79.9445398, 32.779218], [-79.9444563, 32.7792504], [-79.9445485, 32.7794183], [-79.9445519, 32.7794169], [-79.9445621, 32.7794355], [-79.9446392, 32.7794055], [-79.9446289, 32.7793867], [-79.9446318, 32.7793856]]]}}, {"id": "586", "type": "Feature", "properties": {"id": "903ec407-9d27-4161-bacc-8373e39bf7fd", "name": null, "subtype": "residential", "class": "detached", "height": 6.767795562744141, "num_floors": 3, "surge_class": 6, "surge_ft": 5.5, "flood_active": false, "exposure_score": 0.165, "exposure_category": "low"}, "geometry": {"type": "Polygon", "coordinates": [[[-79.9445328, 32.7794289], [-79.9444594, 32.7792984], [-79.9444433, 32.7793048], [-79.9444277, 32.7792772], [-79.9443697, 32.7793002], [-79.9443852, 32.7793279], [-79.9443651, 32.7793358], [-79.9444385, 32.7794664], [-79.9444464, 32.7794633], [-79.9444577, 32.7794834], [-79.9445366, 32.7794521], [-79.9445252, 32.7794319], [-79.9445328, 32.7794289]]]}}, {"id": "587", "type": "Feature", "properties": {"id": "aa6f65e8-2221-4f33-8879-622ecc3381d9", "name": null, "subtype": "residential", "class": "detached", "height": 5.980425834655762, "num_floors": 3, "surge_class": 5, "surge_ft": 4.5, "flood_active": false, "exposure_score": 0.135, "exposure_category": "low"}, "geometry": {"type": "Polygon", "coordinates": [[[-79.9447357, 32.7792978], [-79.9446941, 32.779225], [-79.9445957, 32.7792648], [-79.9446807, 32.7794136], [-79.9447785, 32.779374], [-79.9447462, 32.7793176], [-79.9447535, 32.7793146], [-79.9447423, 32.7792951], [-79.9447357, 32.7792978]]]}}, {"id": "588", "type": "Feature", "properties": {"id": "1cf80f78-5316-4160-89a8-c51067abe02a", "name": null, "subtype": "residential", "class": "detached", "height": 6.049815654754639, "num_floors": 3, "surge_class": 5, "surge_ft": 4.5, "flood_active": false, "exposure_score": 0.135, "exposure_category": "low"}, "geometry": {"type": "Polygon", "coordinates": [[[-79.9449071, 32.7793223], [-79.9448184, 32.7791624], [-79.9447146, 32.7792031], [-79.9448033, 32.779363], [-79.9449071, 32.7793223]]]}}, {"id": "589", "type": "Feature", "properties": {"id": "01aae111-bdbb-4e22-a2cc-69cf8fdb9c91", "name": null, "subtype": "residential", "class": "semidetached_house", "height": null, "num_floors": 2, "surge_class": 4, "surge_ft": 3.5, "flood_active": false, "exposure_score": 0.105, "exposure_category": "low"}, "geometry": {"type": "Polygon", "coordinates": [[[-79.945095, 32.7791476], [-79.9450742, 32.7791101], [-79.9450122, 32.7791346], [-79.9450615, 32.7792228], [-79.945133, 32.7791946], [-79.9451289, 32.7791875], [-79.9451046, 32.7791438], [-79.945095, 32.7791476]]]}}, {"id": "590", "type": "Feature", "properties": {"id": "ea5d42f5-ee4c-4bbc-b352-5072408b3ef3", "name": null, "subtype": "residential", "class": "detached", "height": 7.437524795532227, "num_floors": 2, "surge_class": 6, "surge_ft": 5.5, "flood_active": false, "exposure_score": 0.165, "exposure_category": "low"}, "geometry": {"type": "Polygon", "coordinates": [[[-79.945105, 32.7789947], [-79.9451933, 32.77896], [-79.9451717, 32.778921], [-79.9451323, 32.7789365], [-79.9451226, 32.778919], [-79.9450717, 32.778939], [-79.9450817, 32.7789571], [-79.9450709, 32.7789613], [-79.9450676, 32.7789553], [-79.9449129, 32.779016], [-79.9449379, 32.7790611], [-79.9450926, 32.7790004], [-79.9450906, 32.7789967], [-79.9451034, 32.7789917], [-79.945105, 32.7789947]]]}}, {"id": "591", "type": "Feature", "properties": {"id": "01c288ae-4cba-46a5-971d-5150ed592a7c", "name": "The Gaillard-Bennett House Carriage House", "subtype": "residential", "class": "detached", "height": 8.0, "num_floors": 1, "surge_class": 5, "surge_ft": 4.5, "flood_active": false, "exposure_score": 0.135, "exposure_category": "low"}, "geometry": {"type": "Polygon", "coordinates": [[[-79.9450316, 32.7800164], [-79.9452453, 32.7799327], [-79.9452102, 32.7798695], [-79.9452041, 32.7798718], [-79.9451451, 32.7798949], [-79.9451439, 32.7798927], [-79.9450605, 32.7799253], [-79.945062, 32.7799278], [-79.9449967, 32.7799534], [-79.9450316, 32.7800164]]]}}, {"id": "592", "type": "Feature", "properties": {"id": "4726d4aa-4c89-4a52-a6b7-1d496fc85c51", "name": "The Gaillard-Bennett House", "subtype": "residential", "class": "detached", "height": 16.0, "num_floors": 4, "surge_class": 3, "surge_ft": 2.5, "flood_active": false, "exposure_score": 0.075, "exposure_category": "low"}, "geometry": {"type": "Polygon", "coordinates": [[[-79.9449573, 32.7796822], [-79.945026, 32.7796547], [-79.9449943, 32.7795987], [-79.9449901, 32.7796004], [-79.9449592, 32.7795456], [-79.9449388, 32.7795537], [-79.9449328, 32.7795431], [-79.944901, 32.7795558], [-79.944887, 32.779531], [-79.9447957, 32.7795674], [-79.9448097, 32.7795921], [-79.9447791, 32.7796043], [-79.9447813, 32.7796082], [-79.9447851, 32.7796149], [-79.9447669, 32.7796221], [-79.9447851, 32.7796543], [-79.9447981, 32.7796774], [-79.9447927, 32.7796795], [-79.9448234, 32.7797339], [-79.9448906, 32.7797071], [-79.9449051, 32.7797327], [-79.944971, 32.7797065], [-79.9449573, 32.7796822]]]}}, {"id": "593", "type": "Feature", "properties": {"id": "1c1eefc0-9ad5-4f14-8e79-441d765271b5", "name": null, "subtype": "residential", "class": "detached", "height": 6.24968957901001, "num_floors": 3, "surge_class": 3, "surge_ft": 2.5, "flood_active": false, "exposure_score": 0.075, "exposure_category": "low"}, "geometry": {"type": "Polygon", "coordinates": [[[-79.9449059, 32.7799009], [-79.9450045, 32.7798638], [-79.9449511, 32.7797635], [-79.9448525, 32.7798007], [-79.9449059, 32.7799009]]]}}, {"id": "594", "type": "Feature", "properties": {"id": "7c049ed8-d245-4bac-885a-fec1d9a04b51", "name": null, "subtype": "residential", "class": "detached", "height": null, "num_floors": null, "surge_class": 1, "surge_ft": 0.5, "flood_active": false, "exposure_score": 0.015, "exposure_category": "low"}, "geometry": {"type": "Polygon", "coordinates": [[[-79.9446585, 32.7800415], [-79.9446521, 32.780052], [-79.9446504, 32.7800593], [-79.9446401, 32.7800629], [-79.9446565, 32.7800962], [-79.9446632, 32.7800938], [-79.9446698, 32.7801004], [-79.9446791, 32.7801051], [-79.9446923, 32.7801078], [-79.9447086, 32.7801062], [-79.9447234, 32.7801], [-79.9447347, 32.78009], [-79.9447414, 32.7800773], [-79.944742, 32.7800704], [-79.9447512, 32.7800668], [-79.9447308, 32.7800297], [-79.9447208, 32.7800336], [-79.9447131, 32.7800289], [-79.9446991, 32.7800275], [-79.944695, 32.7800199], [-79.9446551, 32.780035], [-79.9446585, 32.7800415]]]}}, {"id": "595", "type": "Feature", "properties": {"id": "3e78c547-37b5-4fd4-9ea1-49c46407dd2a", "name": null, "subtype": "outbuilding", "class": "outbuilding", "height": null, "num_floors": 1, "surge_class": 1, "surge_ft": 0.5, "flood_active": false, "exposure_score": 0.015, "exposure_category": "low"}, "geometry": {"type": "Polygon", "coordinates": [[[-79.9445024, 32.780225], [-79.9445369, 32.7802115], [-79.9445231, 32.7801851], [-79.9444882, 32.7801979], [-79.9445024, 32.780225]]]}}, {"id": "596", "type": "Feature", "properties": {"id": "5be1415c-52ff-40d8-9005-e2d269aadcaa", "name": "Avery Research Center", "subtype": "education", "class": "college", "height": 13.0, "num_floors": 3, "surge_class": 2, "surge_ft": 1.5, "flood_active": false, "exposure_score": 0.045, "exposure_category": "low"}, "geometry": {"type": "Polygon", "coordinates": [[[-79.9445258, 32.780525], [-79.9445758, 32.780615], [-79.944652, 32.7805851], [-79.9446568, 32.7805936], [-79.9447129, 32.7805716], [-79.9447084, 32.7805633], [-79.9447879, 32.7805321], [-79.9447358, 32.7804383], [-79.9447317, 32.7804399], [-79.944717, 32.7804133], [-79.9447125, 32.7804151], [-79.9446563, 32.7803137], [-79.9446301, 32.780324], [-79.944627, 32.7803185], [-79.9444768, 32.7803775], [-79.9444797, 32.7803828], [-79.9444592, 32.7803908], [-79.9445146, 32.7804907], [-79.944512, 32.7804917], [-79.9445297, 32.7805235], [-79.9445258, 32.780525]]]}}, {"id": "597", "type": "Feature", "properties": {"id": "8fe24fa8-0976-4e10-9d46-bfb17cb6bedd", "name": null, "subtype": "residential", "class": "detached", "height": 4.008849620819092, "num_floors": 3, "surge_class": 5, "surge_ft": 4.5, "flood_active": false, "exposure_score": 0.135, "exposure_category": "low"}, "geometry": {"type": "Polygon", "coordinates": [[[-79.9450501, 32.7802738], [-79.9450173, 32.7802103], [-79.9449642, 32.7802297], [-79.944997, 32.7802932], [-79.9450501, 32.7802738]]]}}, {"id": "598", "type": "Feature", "properties": {"id": "5e92de75-1c16-4a13-8aec-91705e6cc162", "name": "The Drayton-Girardeau House", "subtype": "residential", "class": "detached", "height": 10.0, "num_floors": 2, "surge_class": 3, "surge_ft": 2.5, "flood_active": false, "exposure_score": 0.075, "exposure_category": "low"}, "geometry": {"type": "Polygon", "coordinates": [[[-79.9449614, 32.7805129], [-79.9449904, 32.7805689], [-79.9450024, 32.7805642], [-79.945008, 32.7805744], [-79.9450275, 32.7805793], [-79.9450417, 32.7805736], [-79.9450503, 32.7805581], [-79.9450452, 32.7805488], [-79.9450489, 32.7805474], [-79.9450574, 32.7805629], [-79.945088, 32.780551], [-79.9450795, 32.7805356], [-79.9450849, 32.7805336], [-79.9450893, 32.7805416], [-79.9451081, 32.7805478], [-79.9451229, 32.7805417], [-79.9451292, 32.7805262], [-79.9451246, 32.7805178], [-79.9451311, 32.7805153], [-79.9450837, 32.7804287], [-79.945073, 32.7804328], [-79.945075, 32.7804366], [-79.9450103, 32.7804616], [-79.9449867, 32.7804184], [-79.9449623, 32.7804279], [-79.944968, 32.7804384], [-79.9449583, 32.7804422], [-79.9449111, 32.7803559], [-79.9448581, 32.7803764], [-79.9449065, 32.7804648], [-79.9449143, 32.7804618], [-79.9449459, 32.7805196], [-79.9449614, 32.7805129]]]}}, {"id": "599", "type": "Feature", "properties": {"id": "5027cea8-ad21-4fcc-b89d-f3475f480c66", "name": null, "subtype": "residential", "class": "detached", "height": null, "num_floors": 2, "surge_class": 4, "surge_ft": 3.5, "flood_active": false, "exposure_score": 0.105, "exposure_category": "low"}, "geometry": {"type": "Polygon", "coordinates": [[[-79.9450142, 32.7811351], [-79.9451464, 32.7810855], [-79.9451199, 32.7810355], [-79.9451077, 32.78104], [-79.9451035, 32.7810322], [-79.9450063, 32.7810687], [-79.9450115, 32.7810786], [-79.9450019, 32.7810822], [-79.9450079, 32.7810935], [-79.9449947, 32.7810984], [-79.9450142, 32.7811351]]]}}, {"id": "600", "type": "Feature", "properties": {"id": "1b85a3be-bde9-47d2-8327-e11de9456cc8", "name": null, "subtype": "residential", "class": "detached", "height": 8.255912780761719, "num_floors": 2, "surge_class": 4, "surge_ft": 3.5, "flood_active": false, "exposure_score": 0.105, "exposure_category": "low"}, "geometry": {"type": "Polygon", "coordinates": [[[-79.9450915, 32.7809735], [-79.9451607, 32.7809476], [-79.9450503, 32.7807394], [-79.9449811, 32.7807653], [-79.9450915, 32.7809735]]]}}, {"id": "601", "type": "Feature", "properties": {"id": "007995e6-9f3d-44a4-8ba1-97e059d7ddc3", "name": null, "subtype": "education", "class": "college", "height": 9.560242652893066, "num_floors": 4, "surge_class": 3, "surge_ft": 2.5, "flood_active": false, "exposure_score": 0.075, "exposure_category": "low"}, "geometry": {"type": "Polygon", "coordinates": [[[-79.9444209, 32.7805364], [-79.9445598, 32.7807861], [-79.9446403, 32.7807545], [-79.9445781, 32.7806426], [-79.9445654, 32.7806476], [-79.9445235, 32.7805723], [-79.9445074, 32.7805787], [-79.9444726, 32.7805161], [-79.9444209, 32.7805364]]]}}, {"id": "602", "type": "Feature", "properties": {"id": "0cc3abcb-96bd-4a28-b240-cfd389f430a0", "name": null, "subtype": "commercial", "class": "commercial", "height": 6.300161838531494, "num_floors": 1, "surge_class": 5, "surge_ft": 4.5, "flood_active": false, "exposure_score": 0.135, "exposure_category": "low"}, "geometry": {"type": "Polygon", "coordinates": [[[-79.9446176, 32.7810259], [-79.9445693, 32.7809411], [-79.9443399, 32.7810334], [-79.9443469, 32.7810457], [-79.9443402, 32.7810484], [-79.9443806, 32.7811194], [-79.9443885, 32.7811163], [-79.9443957, 32.7811289], [-79.9445768, 32.7810561], [-79.9445704, 32.7810449], [-79.9446176, 32.7810259]]]}}, {"id": "603", "type": "Feature", "properties": {"id": "4a1fe1f9-83ca-4fb6-9618-ea66059b1a1d", "name": "The Joseph Bennett House", "subtype": "residential", "class": "detached", "height": 13.0, "num_floors": 4, "surge_class": 3, "surge_ft": 2.5, "flood_active": false, "exposure_score": 0.075, "exposure_category": "low"}, "geometry": {"type": "Polygon", "coordinates": [[[-79.9449733, 32.780868], [-79.9449809, 32.7808651], [-79.9449424, 32.7807939], [-79.9448856, 32.7808156], [-79.9448766, 32.7807989], [-79.9448202, 32.7808205], [-79.9448287, 32.7808361], [-79.9447727, 32.7808576], [-79.9448106, 32.7809275], [-79.9448179, 32.7809247], [-79.9448287, 32.7809447], [-79.9448754, 32.7809268], [-79.944897, 32.7809667], [-79.9449526, 32.7809454], [-79.9449315, 32.7809065], [-79.9449834, 32.7808866], [-79.9449733, 32.780868]]]}}, {"id": "604", "type": "Feature", "properties": {"id": "73f4af17-bc7f-46e5-be92-12d8e495b433", "name": null, "subtype": "residential", "class": "residential", "height": 6.340991497039795, "num_floors": 2, "surge_class": 6, "surge_ft": 5.5, "flood_active": false, "exposure_score": 0.165, "exposure_category": "low"}, "geometry": {"type": "Polygon", "coordinates": [[[-79.9447605, 32.7813293], [-79.9447832, 32.7813729], [-79.9448751, 32.7813391], [-79.9448524, 32.7812955], [-79.9447605, 32.7813293]]]}}, {"id": "605", "type": "Feature", "properties": {"id": "b9738b51-38fb-471d-b9df-3ca166d19929", "name": null, "subtype": "outbuilding", "class": "shed", "height": null, "num_floors": 1, "surge_class": 4, "surge_ft": 3.5, "flood_active": false, "exposure_score": 0.105, "exposure_category": "low"}, "geometry": {"type": "Polygon", "coordinates": [[[-79.9447706, 32.7811764], [-79.9447923, 32.7812219], [-79.9448497, 32.7812025], [-79.9448281, 32.781157], [-79.9447706, 32.7811764]]]}}, {"id": "606", "type": "Feature", "properties": {"id": "13b8244c-61f0-4306-8544-abe83720ba39", "name": "Bennett-Hayne House", "subtype": "residential", "class": "detached", "height": 14.0, "num_floors": 4, "surge_class": 5, "surge_ft": 4.5, "flood_active": false, "exposure_score": 0.135, "exposure_category": "low"}, "geometry": {"type": "Polygon", "coordinates": [[[-79.9446676, 32.7812274], [-79.9446104, 32.7811246], [-79.944424, 32.7811981], [-79.9444375, 32.7812222], [-79.9444332, 32.7812239], [-79.9444793, 32.7813067], [-79.9445853, 32.7812649], [-79.9446037, 32.781298], [-79.9446524, 32.7812789], [-79.9446316, 32.7812416], [-79.9446676, 32.7812274]]]}}, {"id": "607", "type": "Feature", "properties": {"id": "7c37a282-8a11-43df-91de-77f876cafa1c", "name": null, "subtype": "residential", "class": "detached", "height": 8.123729705810547, "num_floors": 3, "surge_class": 6, "surge_ft": 5.5, "flood_active": false, "exposure_score": 0.165, "exposure_category": "low"}, "geometry": {"type": "Polygon", "coordinates": [[[-79.9445992, 32.7813479], [-79.9446095, 32.781367], [-79.9445904, 32.7813743], [-79.9446232, 32.7814356], [-79.9447716, 32.7813795], [-79.9447428, 32.7813257], [-79.9447321, 32.7813297], [-79.9447178, 32.781303], [-79.9445992, 32.7813479]]]}}, {"id": "608", "type": "Feature", "properties": {"id": "fe9d6afb-24ca-4c38-a794-af3fa2b02217", "name": null, "subtype": "residential", "class": "detached", "height": 7.090111255645752, "num_floors": 3, "surge_class": 7, "surge_ft": 6.5, "flood_active": false, "exposure_score": 0.195, "exposure_category": "low"}, "geometry": {"type": "Polygon", "coordinates": [[[-79.9447117, 32.7816912], [-79.9449772, 32.781591], [-79.9449191, 32.7814823], [-79.9446537, 32.7815825], [-79.9447117, 32.7816912]]]}}, {"id": "609", "type": "Feature", "properties": {"id": "119cede6-de95-4335-aa27-a23406d3cd15", "name": null, "subtype": "residential", "class": "detached", "height": 6.234522819519043, "num_floors": 3, "surge_class": 6, "surge_ft": 5.5, "flood_active": false, "exposure_score": 0.165, "exposure_category": "low"}, "geometry": {"type": "Polygon", "coordinates": [[[-79.9447062, 32.7815331], [-79.9449159, 32.7814526], [-79.9449173, 32.7814553], [-79.9450225, 32.7814149], [-79.9449894, 32.7813539], [-79.9448871, 32.7813931], [-79.944895, 32.7814077], [-79.9448615, 32.7814205], [-79.9448476, 32.7813949], [-79.9446746, 32.7814613], [-79.9446863, 32.7814828], [-79.9446802, 32.7814851], [-79.9447062, 32.7815331]]]}}, {"id": "610", "type": "Feature", "properties": {"id": "95415e06-ce38-42d6-beaf-dcd23958a36d", "name": null, "subtype": "residential", "class": "detached", "height": 7.241725444793701, "num_floors": 2, "surge_class": 7, "surge_ft": 6.5, "flood_active": false, "exposure_score": 0.195, "exposure_category": "low"}, "geometry": {"type": "Polygon", "coordinates": [[[-79.945102, 32.7819977], [-79.944978, 32.7820457], [-79.9450139, 32.7821114], [-79.9450003, 32.7821167], [-79.9450114, 32.7821371], [-79.945025, 32.7821318], [-79.9450267, 32.7821349], [-79.9451879, 32.7820726], [-79.9451846, 32.7820665], [-79.945207, 32.7820578], [-79.945196, 32.7820378], [-79.9452, 32.7820363], [-79.9451892, 32.7820165], [-79.945162, 32.782027], [-79.9451473, 32.7820002], [-79.945111, 32.7820142], [-79.945102, 32.7819977]]]}}, {"id": "611", "type": "Feature", "properties": {"id": "9d46ce3a-00fa-4563-8e94-580fd7c209c2", "name": null, "subtype": "residential", "class": "detached", "height": 7.659170150756836, "num_floors": 3, "surge_class": 7, "surge_ft": 6.5, "flood_active": false, "exposure_score": 0.195, "exposure_category": "low"}, "geometry": {"type": "Polygon", "coordinates": [[[-79.9448828, 32.7819189], [-79.9450499, 32.7818567], [-79.9450218, 32.7818034], [-79.9450018, 32.7818109], [-79.9449854, 32.7817798], [-79.9449434, 32.7817954], [-79.9449384, 32.7817859], [-79.9448387, 32.781823], [-79.9448511, 32.7818466], [-79.9448465, 32.7818499], [-79.9448828, 32.7819189]]]}}, {"id": "612", "type": "Feature", "properties": {"id": "288245d5-a549-4803-9739-f5ea4d8f3943", "name": null, "subtype": "residential", "class": "detached", "height": 7.017078876495361, "num_floors": 3, "surge_class": 7, "surge_ft": 6.5, "flood_active": false, "exposure_score": 0.195, "exposure_category": "low"}, "geometry": {"type": "Polygon", "coordinates": [[[-79.9448733, 32.7816576], [-79.9447679, 32.7816953], [-79.9448165, 32.7817914], [-79.9449785, 32.7817335], [-79.9449677, 32.7817122], [-79.9449427, 32.7817211], [-79.9449336, 32.781703], [-79.944902, 32.7817143], [-79.9448733, 32.7816576]]]}}, {"id": "613", "type": "Feature", "properties": {"id": "8d7c22b6-841c-4f34-b423-91a65ab632b5", "name": null, "subtype": "residential", "class": "detached", "height": 7.557473182678223, "num_floors": 3, "surge_class": 7, "surge_ft": 6.5, "flood_active": false, "exposure_score": 0.195, "exposure_category": "low"}, "geometry": {"type": "Polygon", "coordinates": [[[-79.9445032, 32.7818549], [-79.944482, 32.7818152], [-79.9444604, 32.7818234], [-79.9444558, 32.7818147], [-79.944426, 32.781826], [-79.9444306, 32.7818346], [-79.9444148, 32.7818406], [-79.9444493, 32.7819053], [-79.9444413, 32.7819168], [-79.9444492, 32.7819312], [-79.9444641, 32.7819335], [-79.9445007, 32.7820002], [-79.9445246, 32.7819909], [-79.9445265, 32.7819945], [-79.9445635, 32.7819802], [-79.9445611, 32.7819758], [-79.9445944, 32.7819606], [-79.9446056, 32.7819535], [-79.9446134, 32.7819437], [-79.9446163, 32.7819357], [-79.9446169, 32.7819274], [-79.9446152, 32.7819192], [-79.9445676, 32.7818357], [-79.9445324, 32.7818494], [-79.9445267, 32.781846], [-79.9445032, 32.7818549]]]}}, {"id": "614", "type": "Feature", "properties": {"id": "2b9d9c11-f795-4f2c-ba5e-3806bb4558f2", "name": "MUSC Health Center for Eating Disorders", "subtype": "medical", "class": "hospital", "height": 13.0, "num_floors": 3, "surge_class": 4, "surge_ft": 3.5, "flood_active": false, "exposure_score": 0.105, "exposure_category": "low"}, "geometry": {"type": "Polygon", "coordinates": [[[-79.9447209, 32.7831913], [-79.9444581, 32.7832631], [-79.9444999, 32.7833737], [-79.9444945, 32.7833753], [-79.944504, 32.7833984], [-79.9445095, 32.7833968], [-79.9445334, 32.7834619], [-79.9448881, 32.7833647], [-79.9448911, 32.7833725], [-79.9451626, 32.7832979], [-79.9451596, 32.7832902], [-79.9453553, 32.7832368], [-79.9453031, 32.7831461], [-79.9453101, 32.7831435], [-79.9452969, 32.783119], [-79.9452899, 32.7831217], [-79.9452608, 32.7830713], [-79.9452313, 32.7830793], [-79.9452238, 32.7830558], [-79.9450708, 32.7830963], [-79.9450636, 32.7830779], [-79.9450105, 32.7830926], [-79.9450177, 32.783111], [-79.9449901, 32.7831185], [-79.9449871, 32.7831108], [-79.944718, 32.7831837], [-79.9447209, 32.7831913]]]}}, {"id": "615", "type": "Feature", "properties": {"id": "03fa5972-6c53-49ff-a4a7-f01e8a72d1cc", "name": "James Sparrow House", "subtype": "residential", "class": "detached", "height": 10.0, "num_floors": 2, "surge_class": 0, "surge_ft": 0.0, "flood_active": false, "exposure_score": 0.0, "exposure_category": "none"}, "geometry": {"type": "Polygon", "coordinates": [[[-79.9445498, 32.7898564], [-79.9444968, 32.7898815], [-79.9445411, 32.7899468], [-79.9445535, 32.7899656], [-79.9446298, 32.7900794], [-79.9446916, 32.79005], [-79.9446887, 32.7900457], [-79.944716, 32.7900328], [-79.9446272, 32.7899007], [-79.9445914, 32.7899181], [-79.9445739, 32.7898922], [-79.9446113, 32.7898748], [-79.9445874, 32.7898386], [-79.9445498, 32.7898564]]]}}, {"id": "616", "type": "Feature", "properties": {"id": "47300538-a2ab-46a0-a315-d7069a965b25", "name": null, "subtype": "residential", "class": "detached", "height": 13.0, "num_floors": 3, "surge_class": 0, "surge_ft": 0.0, "flood_active": false, "exposure_score": 0.0, "exposure_category": "none"}, "geometry": {"type": "Polygon", "coordinates": [[[-79.9444946, 32.7896199], [-79.9444728, 32.7895885], [-79.9444168, 32.7896159], [-79.9444383, 32.7896471], [-79.9444969, 32.7897316], [-79.9445529, 32.7897042], [-79.9444946, 32.7896199]]]}}, {"id": "617", "type": "Feature", "properties": {"id": "c6a7e894-cdad-47c4-9ea4-a238ffd868c0", "name": null, "subtype": "residential", "class": "detached", "height": 15.0, "num_floors": 3, "surge_class": 1, "surge_ft": 0.5, "flood_active": false, "exposure_score": 0.015, "exposure_category": "low"}, "geometry": {"type": "Polygon", "coordinates": [[[-79.9446015, 32.7895515], [-79.944592, 32.7895378], [-79.944583, 32.7895422], [-79.9445764, 32.7895327], [-79.9445427, 32.7895492], [-79.9445484, 32.7895574], [-79.9445373, 32.7895628], [-79.9445315, 32.7895545], [-79.9444968, 32.7895715], [-79.9445032, 32.7895807], [-79.9444944, 32.789585], [-79.9445042, 32.789599], [-79.9445477, 32.7896618], [-79.9445659, 32.789688], [-79.9446631, 32.7896403], [-79.9446453, 32.7896146], [-79.9446015, 32.7895515]]]}}, {"id": "618", "type": "Feature", "properties": {"id": "5511c48e-0baf-40db-a73d-e725d684ec5c", "name": null, "subtype": "residential", "class": "detached", "height": 5.0, "num_floors": 1, "surge_class": 0, "surge_ft": 0.0, "flood_active": false, "exposure_score": 0.0, "exposure_category": "none"}, "geometry": {"type": "Polygon", "coordinates": [[[-79.944754, 32.7897048], [-79.9447084, 32.789637], [-79.9446641, 32.789658], [-79.9446863, 32.789691], [-79.9446356, 32.7897151], [-79.9446437, 32.7897272], [-79.9446675, 32.7897625], [-79.9447495, 32.7897236], [-79.9447409, 32.789711], [-79.944754, 32.7897048]]]}}, {"id": "619", "type": "Feature", "properties": {"id": "0a2e24b5-04f3-4d79-ad1a-20a1c903aabe", "name": null, "subtype": "residential", "class": "detached", "height": 5.0, "num_floors": 1, "surge_class": 0, "surge_ft": 0.0, "flood_active": false, "exposure_score": 0.0, "exposure_category": "none"}, "geometry": {"type": "Polygon", "coordinates": [[[-79.9447248, 32.7898448], [-79.9448057, 32.7898071], [-79.9447984, 32.7897961], [-79.9448124, 32.7897896], [-79.9447709, 32.7897267], [-79.9447238, 32.7897486], [-79.9447415, 32.7897755], [-79.9446937, 32.7897977], [-79.9447028, 32.7898116], [-79.9447248, 32.7898448]]]}}, {"id": "620", "type": "Feature", "properties": {"id": "8f533a76-2298-4103-b522-6c555119f69d", "name": null, "subtype": "residential", "class": "detached", "height": 8.0, "num_floors": 2, "surge_class": 0, "surge_ft": 0.0, "flood_active": false, "exposure_score": 0.0, "exposure_category": "none"}, "geometry": {"type": "Polygon", "coordinates": [[[-79.9447535, 32.7896002], [-79.9447046, 32.7896239], [-79.9447712, 32.7897211], [-79.9448204, 32.7896973], [-79.9448058, 32.789676], [-79.9448208, 32.7896688], [-79.9447754, 32.7896028], [-79.9447603, 32.7896101], [-79.9447535, 32.7896002]]]}}, {"id": "621", "type": "Feature", "properties": {"id": "584740a7-b47e-4f01-a44e-71bc503c0ec8", "name": null, "subtype": "residential", "class": "detached", "height": 10.0, "num_floors": 2, "surge_class": 0, "surge_ft": 0.0, "flood_active": false, "exposure_score": 0.0, "exposure_category": "none"}, "geometry": {"type": "Polygon", "coordinates": [[[-79.9450158, 32.7898029], [-79.9449804, 32.7897484], [-79.9449676, 32.7897543], [-79.9449264, 32.7897732], [-79.9450322, 32.7899359], [-79.9450821, 32.789913], [-79.9450782, 32.7899071], [-79.9450931, 32.7899003], [-79.9450266, 32.789798], [-79.9450158, 32.7898029]]]}}, {"id": "622", "type": "Feature", "properties": {"id": "5f4cb43f-fb0b-46ff-92ab-a8e3f2a1eef5", "name": null, "subtype": "residential", "class": "detached", "height": 10.0, "num_floors": 2, "surge_class": 0, "surge_ft": 0.0, "flood_active": false, "exposure_score": 0.0, "exposure_category": "none"}, "geometry": {"type": "Polygon", "coordinates": [[[-79.9448962, 32.7897816], [-79.9448801, 32.7897584], [-79.9448136, 32.789791], [-79.9448298, 32.7898143], [-79.9449143, 32.7899358], [-79.9449273, 32.7899545], [-79.9449707, 32.7899331], [-79.944977, 32.7899423], [-79.9449994, 32.7899312], [-79.9449773, 32.7898995], [-79.9449826, 32.7898968], [-79.9449009, 32.7897793], [-79.9448962, 32.7897816]]]}}, {"id": "623", "type": "Feature", "properties": {"id": "8249c72c-0d41-4ab7-b00d-ffa3b8d75794", "name": null, "subtype": "residential", "class": "detached", "height": 9.0, "num_floors": 2, "surge_class": 0, "surge_ft": 0.0, "flood_active": false, "exposure_score": 0.0, "exposure_category": "none"}, "geometry": {"type": "Polygon", "coordinates": [[[-79.9448341, 32.7900275], [-79.9448871, 32.790004], [-79.9448818, 32.7899956], [-79.9449073, 32.7899842], [-79.9448116, 32.7898384], [-79.9447807, 32.7898528], [-79.9447369, 32.7898733], [-79.9448341, 32.7900275]]]}}, {"id": "624", "type": "Feature", "properties": {"id": "0c2a7ec3-34de-48cd-94d2-0855572a935c", "name": null, "subtype": "residential", "class": "detached", "height": 10.0, "num_floors": 2, "surge_class": 4, "surge_ft": 3.5, "flood_active": false, "exposure_score": 0.105, "exposure_category": "low"}, "geometry": {"type": "Polygon", "coordinates": [[[-79.9449856, 32.7886326], [-79.9450134, 32.788677], [-79.9451653, 32.7886109], [-79.9451393, 32.7885691], [-79.9451279, 32.7885508], [-79.9449822, 32.7886149], [-79.9449917, 32.78863], [-79.9449856, 32.7886326]]]}}, {"id": "625", "type": "Feature", "properties": {"id": "18e9de72-c050-4f51-b63e-723ca85b0a02", "name": null, "subtype": "residential", "class": "detached", "height": 9.0, "num_floors": 2, "surge_class": 1, "surge_ft": 0.5, "flood_active": false, "exposure_score": 0.015, "exposure_category": "low"}, "geometry": {"type": "Polygon", "coordinates": [[[-79.94511, 32.7892163], [-79.9450109, 32.789265], [-79.9450134, 32.7892686], [-79.9450005, 32.7892749], [-79.945024, 32.7893086], [-79.9450371, 32.7893022], [-79.9450555, 32.7893286], [-79.9451549, 32.7892798], [-79.9451785, 32.7892682], [-79.9451341, 32.7892044], [-79.94511, 32.7892163]]]}}, {"id": "626", "type": "Feature", "properties": {"id": "2b210703-384f-4070-99bf-ad3c627e305a", "name": null, "subtype": "residential", "class": "detached", "height": 9.0, "num_floors": 2, "surge_class": 3, "surge_ft": 2.5, "flood_active": false, "exposure_score": 0.075, "exposure_category": "low"}, "geometry": {"type": "Polygon", "coordinates": [[[-79.9450356, 32.7892321], [-79.9451552, 32.7891758], [-79.9451247, 32.78913], [-79.9450041, 32.7891868], [-79.9449743, 32.7892008], [-79.9450048, 32.7892466], [-79.9450356, 32.7892321]]]}}, {"id": "627", "type": "Feature", "properties": {"id": "58d496d6-4a6b-444b-8838-9d7ca060692a", "name": null, "subtype": "residential", "class": "detached", "height": 8.0, "num_floors": 2, "surge_class": 5, "surge_ft": 4.5, "flood_active": false, "exposure_score": 0.135, "exposure_category": "low"}, "geometry": {"type": "Polygon", "coordinates": [[[-79.9449326, 32.7890629], [-79.9450411, 32.7890101], [-79.945009, 32.788963], [-79.9449389, 32.788997], [-79.9449362, 32.7889932], [-79.9448996, 32.7890105], [-79.9449103, 32.7890262], [-79.9449065, 32.7890281], [-79.9449326, 32.7890629]]]}}, {"id": "628", "type": "Feature", "properties": {"id": "f399759a-ab85-429b-a30e-3313fc0d45b7", "name": null, "subtype": "residential", "class": "detached", "height": 9.0, "num_floors": 2, "surge_class": 5, "surge_ft": 4.5, "flood_active": false, "exposure_score": 0.135, "exposure_category": "low"}, "geometry": {"type": "Polygon", "coordinates": [[[-79.9450512, 32.7890183], [-79.9449283, 32.7890743], [-79.9449596, 32.7891228], [-79.9450825, 32.7890668], [-79.9450512, 32.7890183]]]}}, {"id": "629", "type": "Feature", "properties": {"id": "ed9013b1-1430-4e64-871d-26c8ce788e7c", "name": null, "subtype": "residential", "class": "detached", "height": 9.0, "num_floors": 2, "surge_class": 4, "surge_ft": 3.5, "flood_active": false, "exposure_score": 0.105, "exposure_category": "low"}, "geometry": {"type": "Polygon", "coordinates": [[[-79.9449339, 32.7889179], [-79.9448489, 32.7889581], [-79.9448458, 32.7889534], [-79.9448076, 32.7889715], [-79.9448209, 32.7889914], [-79.9448496, 32.7890342], [-79.9448996, 32.7890105], [-79.9449362, 32.7889932], [-79.9449728, 32.7889759], [-79.9449446, 32.7889339], [-79.9449339, 32.7889179]]]}}, {"id": "630", "type": "Feature", "properties": {"id": "da3986d9-8f68-4455-a316-49c39b7fc789", "name": null, "subtype": "residential", "class": "detached", "height": 13.0, "num_floors": 2, "surge_class": 1, "surge_ft": 0.5, "flood_active": false, "exposure_score": 0.015, "exposure_category": "low"}, "geometry": {"type": "Polygon", "coordinates": [[[-79.9448633, 32.7892057], [-79.9448109, 32.789129], [-79.9448048, 32.7891318], [-79.9447973, 32.7891208], [-79.9447701, 32.7891339], [-79.9447774, 32.7891446], [-79.944744, 32.7891601], [-79.944759, 32.7891822], [-79.9447293, 32.7891965], [-79.9447221, 32.7891859], [-79.9446999, 32.7891966], [-79.9447071, 32.7892072], [-79.9446914, 32.7892148], [-79.9447294, 32.7892704], [-79.9448633, 32.7892057]]]}}, {"id": "631", "type": "Feature", "properties": {"id": "aa46f485-90db-4812-88c5-d25684854620", "name": null, "subtype": "residential", "class": "detached", "height": 9.0, "num_floors": 2, "surge_class": 3, "surge_ft": 2.5, "flood_active": false, "exposure_score": 0.075, "exposure_category": "low"}, "geometry": {"type": "Polygon", "coordinates": [[[-79.9451197, 32.7891197], [-79.94509, 32.789074], [-79.9449264, 32.7891493], [-79.9449303, 32.7891553], [-79.9449126, 32.7891635], [-79.9449286, 32.7891882], [-79.944947, 32.7891798], [-79.9449567, 32.7891947], [-79.9451197, 32.7891197]]]}}, {"id": "632", "type": "Feature", "properties": {"id": "3017452c-9f00-4faa-8d4c-8cee1f4f50a6", "name": null, "subtype": "outbuilding", "class": "shed", "height": 3.0, "num_floors": 1, "surge_class": 0, "surge_ft": 0.0, "flood_active": false, "exposure_score": 0.0, "exposure_category": "none"}, "geometry": {"type": "Polygon", "coordinates": [[[-79.9449887, 32.7893108], [-79.9449645, 32.7893223], [-79.9449836, 32.7893506], [-79.9450078, 32.7893391], [-79.9449887, 32.7893108]]]}}, {"id": "633", "type": "Feature", "properties": {"id": "a6a5aa3e-06de-4b81-be40-8f7d0290b274", "name": null, "subtype": "residential", "class": "detached", "height": 13.0, "num_floors": 3, "surge_class": 1, "surge_ft": 0.5, "flood_active": false, "exposure_score": 0.015, "exposure_category": "low"}, "geometry": {"type": "Polygon", "coordinates": [[[-79.9449106, 32.7892751], [-79.9448775, 32.7892262], [-79.9447774, 32.789274], [-79.9447388, 32.7892925], [-79.9447719, 32.7893414], [-79.9448102, 32.7893231], [-79.9449106, 32.7892751]]]}}, {"id": "634", "type": "Feature", "properties": {"id": "7ca0956e-ce4e-49ca-8301-0509c56606e7", "name": null, "subtype": "residential", "class": "detached", "height": 13.0, "num_floors": 3, "surge_class": 2, "surge_ft": 1.5, "flood_active": false, "exposure_score": 0.045, "exposure_category": "low"}, "geometry": {"type": "Polygon", "coordinates": [[[-79.9445793, 32.7892996], [-79.94449, 32.789342], [-79.9445284, 32.7893991], [-79.9445759, 32.7893765], [-79.9445665, 32.7893625], [-79.9446081, 32.7893427], [-79.944649, 32.7893233], [-79.94462, 32.7892802], [-79.9445793, 32.7892996]]]}}, {"id": "635", "type": "Feature", "properties": {"id": "9635b26d-3d5a-4047-8578-2b6b0f95c0c3", "name": null, "subtype": "residential", "class": "detached", "height": 13.0, "num_floors": 2, "surge_class": 3, "surge_ft": 2.5, "flood_active": false, "exposure_score": 0.075, "exposure_category": "low"}, "geometry": {"type": "Polygon", "coordinates": [[[-79.9445844, 32.7892046], [-79.944582, 32.7892013], [-79.9445184, 32.7892324], [-79.9445036, 32.789211], [-79.9444638, 32.7892304], [-79.9444565, 32.7892199], [-79.944433, 32.7892313], [-79.9444404, 32.7892421], [-79.9444358, 32.7892444], [-79.944487, 32.7893187], [-79.9446201, 32.7892538], [-79.9445971, 32.7892221], [-79.94461, 32.7892158], [-79.9445978, 32.789198], [-79.9445844, 32.7892046]]]}}, {"id": "636", "type": "Feature", "properties": {"id": "895d0bb6-4e92-4f40-bbf6-31bce9d85b7d", "name": null, "subtype": "residential", "class": "detached", "height": 13.0, "num_floors": 3, "surge_class": 2, "surge_ft": 1.5, "flood_active": false, "exposure_score": 0.045, "exposure_category": "low"}, "geometry": {"type": "Polygon", "coordinates": [[[-79.9447989, 32.7891068], [-79.9447658, 32.789059], [-79.944665, 32.7891084], [-79.9446266, 32.7891272], [-79.9446597, 32.789175], [-79.9446976, 32.7891564], [-79.9447989, 32.7891068]]]}}, {"id": "637", "type": "Feature", "properties": {"id": "d57de852-5184-4b71-93d6-9c7f51f699b8", "name": null, "subtype": "residential", "class": "detached", "height": 12.0, "num_floors": 2, "surge_class": 4, "surge_ft": 3.5, "flood_active": false, "exposure_score": 0.105, "exposure_category": "low"}, "geometry": {"type": "Polygon", "coordinates": [[[-79.94452, 32.7890759], [-79.9444812, 32.789019], [-79.9443829, 32.7890663], [-79.9444033, 32.7890965], [-79.9443896, 32.7891032], [-79.9444057, 32.7891268], [-79.9444193, 32.7891203], [-79.9444219, 32.7891241], [-79.9444545, 32.7891081], [-79.9444579, 32.7891131], [-79.9444942, 32.7890957], [-79.9444906, 32.7890903], [-79.94452, 32.7890759]]]}}, {"id": "638", "type": "Feature", "properties": {"id": "268ae7b8-5538-4610-95cf-d297e369df83", "name": "Dan Max Apartments", "subtype": "residential", "class": "apartments", "height": 7.0, "num_floors": 2, "surge_class": 5, "surge_ft": 4.5, "flood_active": false, "exposure_score": 0.135, "exposure_category": "low"}, "geometry": {"type": "Polygon", "coordinates": [[[-79.9443251, 32.7887479], [-79.9444385, 32.788923], [-79.9446112, 32.7888551], [-79.9444942, 32.7886827], [-79.9443251, 32.7887479]]]}}, {"id": "639", "type": "Feature", "properties": {"id": "50a998d6-5344-4cdc-91bd-df89f9d5a5c8", "name": null, "subtype": "residential", "class": "apartments", "height": 7.0, "num_floors": 2, "surge_class": 4, "surge_ft": 3.5, "flood_active": false, "exposure_score": 0.105, "exposure_category": "low"}, "geometry": {"type": "Polygon", "coordinates": [[[-79.9446323, 32.7887424], [-79.9445755, 32.7886499], [-79.9445178, 32.7886738], [-79.9445774, 32.7887659], [-79.9445881, 32.7887824], [-79.9446422, 32.7887585], [-79.9446323, 32.7887424]]]}}, {"id": "640", "type": "Feature", "properties": {"id": "17d98fdb-9ac1-4bc1-a841-b61832a2a5d1", "name": null, "subtype": "residential", "class": "detached", "height": 9.0, "num_floors": 2, "surge_class": 5, "surge_ft": 4.5, "flood_active": false, "exposure_score": 0.135, "exposure_category": "low"}, "geometry": {"type": "Polygon", "coordinates": [[[-79.9447129, 32.7887836], [-79.9448454, 32.7887231], [-79.9448185, 32.7886815], [-79.9448055, 32.7886614], [-79.944673, 32.7887219], [-79.9446848, 32.7887401], [-79.9447129, 32.7887836]]]}}, {"id": "641", "type": "Feature", "properties": {"id": "a7c7c12b-1a74-4f7f-a2cd-98eebc5c6405", "name": null, "subtype": "residential", "class": "detached", "height": 9.0, "num_floors": 2, "surge_class": 4, "surge_ft": 3.5, "flood_active": false, "exposure_score": 0.105, "exposure_category": "low"}, "geometry": {"type": "Polygon", "coordinates": [[[-79.9449672, 32.7885954], [-79.9451043, 32.7885365], [-79.9450767, 32.7884911], [-79.9450664, 32.7884956], [-79.9450549, 32.7884767], [-79.9449422, 32.788525], [-79.9449547, 32.7885457], [-79.9449406, 32.7885517], [-79.9449672, 32.7885954]]]}}, {"id": "642", "type": "Feature", "properties": {"id": "2eda5b3e-98f0-4d0f-84e8-6ef7f3c10e58", "name": null, "subtype": "residential", "class": "detached", "height": 9.0, "num_floors": 2, "surge_class": 5, "surge_ft": 4.5, "flood_active": false, "exposure_score": 0.135, "exposure_category": "low"}, "geometry": {"type": "Polygon", "coordinates": [[[-79.9446299, 32.7886331], [-79.9446162, 32.7886388], [-79.9446489, 32.7886956], [-79.9446441, 32.7886976], [-79.9446526, 32.7887123], [-79.9446687, 32.7887057], [-79.9446657, 32.7887002], [-79.9447195, 32.7886782], [-79.9447109, 32.7886633], [-79.9447853, 32.7886331], [-79.9447528, 32.7885768], [-79.9446271, 32.788628], [-79.9446299, 32.7886331]]]}}, {"id": "643", "type": "Feature", "properties": {"id": "f8b1bd0b-f37a-4e29-a317-cf14f7e7c1f4", "name": null, "subtype": "residential", "class": "detached", "height": 14.0, "num_floors": 3, "surge_class": 6, "surge_ft": 5.5, "flood_active": false, "exposure_score": 0.165, "exposure_category": "low"}, "geometry": {"type": "Polygon", "coordinates": [[[-79.9445659, 32.7884312], [-79.9445766, 32.7884483], [-79.944507, 32.7884765], [-79.9445123, 32.7884862], [-79.9444988, 32.7884917], [-79.9445211, 32.7885303], [-79.9445338, 32.7885251], [-79.94454, 32.7885363], [-79.9446752, 32.7884794], [-79.9446325, 32.7884032], [-79.9445659, 32.7884312]]]}}, {"id": "644", "type": "Feature", "properties": {"id": "72118ba6-d5cf-4694-ba46-e7ae151efbbf", "name": null, "subtype": "residential", "class": "detached", "height": 14.0, "num_floors": 3, "surge_class": 4, "surge_ft": 3.5, "flood_active": false, "exposure_score": 0.105, "exposure_category": "low"}, "geometry": {"type": "Polygon", "coordinates": [[[-79.9445471, 32.7884288], [-79.9446012, 32.7884031], [-79.9445704, 32.7883571], [-79.9445242, 32.7883787], [-79.9445161, 32.7883667], [-79.9444321, 32.7884068], [-79.9444674, 32.7884595], [-79.9445435, 32.7884234], [-79.9445471, 32.7884288]]]}}, {"id": "645", "type": "Feature", "properties": {"id": "597b1dd7-9966-41fa-9615-c9613d0d6613", "name": null, "subtype": "residential", "class": "detached", "height": 14.0, "num_floors": 3, "surge_class": 5, "surge_ft": 4.5, "flood_active": false, "exposure_score": 0.135, "exposure_category": "low"}, "geometry": {"type": "Polygon", "coordinates": [[[-79.9445856, 32.7883337], [-79.9445326, 32.7882558], [-79.9444666, 32.7882876], [-79.9445196, 32.7883655], [-79.9445856, 32.7883337]]]}}, {"id": "646", "type": "Feature", "properties": {"id": "8e8996af-7565-4fde-bad2-3990ea4f3914", "name": null, "subtype": "residential", "class": "detached", "height": 12.0, "num_floors": 3, "surge_class": 7, "surge_ft": 6.5, "flood_active": false, "exposure_score": 0.195, "exposure_category": "low"}, "geometry": {"type": "Polygon", "coordinates": [[[-79.944465, 32.7882784], [-79.9445306, 32.7882466], [-79.944486, 32.7881816], [-79.9444204, 32.7882134], [-79.944465, 32.7882784]]]}}, {"id": "647", "type": "Feature", "properties": {"id": "96879006-da10-4ae4-992a-63f9a0f76d45", "name": null, "subtype": "residential", "class": "house", "height": 7.0, "num_floors": 2, "surge_class": 6, "surge_ft": 5.5, "flood_active": false, "exposure_score": 0.165, "exposure_category": "low"}, "geometry": {"type": "Polygon", "coordinates": [[[-79.9447983, 32.7880042], [-79.944682, 32.7880515], [-79.9447373, 32.7881475], [-79.9448508, 32.7881013], [-79.9448479, 32.7880964], [-79.9448578, 32.7880924], [-79.944843, 32.7880668], [-79.9448346, 32.7880702], [-79.9448149, 32.788036], [-79.9448271, 32.7880311], [-79.9448115, 32.7880041], [-79.9448007, 32.7880084], [-79.9447983, 32.7880042]]]}}, {"id": "648", "type": "Feature", "properties": {"id": "74d66d9e-8a34-4212-93e6-fcac2d7c923a", "name": null, "subtype": "residential", "class": "detached", "height": 13.0, "num_floors": 4, "surge_class": 5, "surge_ft": 4.5, "flood_active": false, "exposure_score": 0.135, "exposure_category": "low"}, "geometry": {"type": "Polygon", "coordinates": [[[-79.9448311, 32.7883868], [-79.9448881, 32.7883648], [-79.9448842, 32.7883576], [-79.9449048, 32.7883497], [-79.9449032, 32.7883467], [-79.9448475, 32.7882442], [-79.9448364, 32.7882238], [-79.9448166, 32.7882314], [-79.9448082, 32.7882161], [-79.9447281, 32.7882469], [-79.9447324, 32.7882548], [-79.9447193, 32.7882598], [-79.9447409, 32.7882994], [-79.9447525, 32.7882949], [-79.9448145, 32.7884089], [-79.9448382, 32.7883998], [-79.9448311, 32.7883868]]]}}, {"id": "649", "type": "Feature", "properties": {"id": "dfc95ef5-8c2c-40f8-aa6c-b0ea9df7bb79", "name": null, "subtype": "residential", "class": "detached", "height": 9.0, "num_floors": 2, "surge_class": 5, "surge_ft": 4.5, "flood_active": false, "exposure_score": 0.135, "exposure_category": "low"}, "geometry": {"type": "Polygon", "coordinates": [[[-79.9450057, 32.7881353], [-79.9450964, 32.7883015], [-79.9451464, 32.7882823], [-79.9451442, 32.7882782], [-79.945165, 32.7882702], [-79.9450765, 32.788108], [-79.9450057, 32.7881353]]]}}, {"id": "650", "type": "Feature", "properties": {"id": "768070d6-9854-48bd-8de7-f0de92d174ab", "name": null, "subtype": "religious", "class": "synagogue", "height": 6.0, "num_floors": 1, "surge_class": 1, "surge_ft": 0.5, "flood_active": false, "exposure_score": 0.015, "exposure_category": "low"}, "geometry": {"type": "Polygon", "coordinates": [[[-79.9454997, 32.7877595], [-79.9454707, 32.787696], [-79.9449546, 32.7878624], [-79.9450175, 32.7880002], [-79.9455024, 32.7878438], [-79.945473, 32.7877793], [-79.9454409, 32.7877896], [-79.9454365, 32.7877799], [-79.9454997, 32.7877595]]]}}, {"id": "651", "type": "Feature", "properties": {"id": "7dfb45e4-ba25-4715-96d8-8ea40e355c60", "name": null, "subtype": "residential", "class": "apartments", "height": 9.0, "num_floors": 3, "surge_class": 4, "surge_ft": 3.5, "flood_active": false, "exposure_score": 0.105, "exposure_category": "low"}, "geometry": {"type": "Polygon", "coordinates": [[[-79.9448246, 32.7874033], [-79.9449121, 32.7875922], [-79.9450029, 32.7875625], [-79.9449576, 32.7874647], [-79.944948, 32.7874678], [-79.9449328, 32.787435], [-79.944936, 32.7874256], [-79.9449124, 32.7873746], [-79.9448246, 32.7874033]]]}}, {"id": "652", "type": "Feature", "properties": {"id": "82cba622-64d7-4bfd-9e84-82d8ea1bf776", "name": null, "subtype": "residential", "class": "apartments", "height": 10.0, "num_floors": 3, "surge_class": 2, "surge_ft": 1.5, "flood_active": false, "exposure_score": 0.045, "exposure_category": "low"}, "geometry": {"type": "Polygon", "coordinates": [[[-79.945018, 32.7875328], [-79.9450551, 32.7876121], [-79.9451055, 32.7875954], [-79.9450677, 32.7875146], [-79.9450552, 32.7875187], [-79.9450434, 32.7874935], [-79.9450979, 32.7874754], [-79.9450362, 32.7873436], [-79.945, 32.7873556], [-79.9449857, 32.78735], [-79.9449593, 32.7873578], [-79.9449541, 32.7873703], [-79.9449438, 32.7873738], [-79.9450054, 32.7875052], [-79.9450084, 32.7875042], [-79.9450213, 32.7875317], [-79.945018, 32.7875328]]]}}, {"id": "653", "type": "Feature", "properties": {"id": "f7915f14-9eea-4cd5-9f94-6d2a49098ff8", "name": null, "subtype": "civic", "class": null, "height": null, "num_floors": null, "surge_class": 4, "surge_ft": 3.5, "flood_active": false, "exposure_score": 0.105, "exposure_category": "low"}, "geometry": {"type": "Polygon", "coordinates": [[[-79.9444652, 32.7872906], [-79.9445078, 32.7872746], [-79.9444888, 32.7872387], [-79.9444462, 32.7872546], [-79.9444652, 32.7872906]]]}}, {"id": "654", "type": "Feature", "properties": {"id": "b36f8543-5616-4a24-bdac-77a936a582a9", "name": null, "subtype": "outbuilding", "class": "shed", "height": null, "num_floors": 1, "surge_class": 4, "surge_ft": 3.5, "flood_active": false, "exposure_score": 0.105, "exposure_category": "low"}, "geometry": {"type": "Polygon", "coordinates": [[[-79.9445214, 32.7871517], [-79.9445457, 32.7871441], [-79.9445352, 32.7871204], [-79.9445109, 32.787128], [-79.9445214, 32.7871517]]]}}, {"id": "655", "type": "Feature", "properties": {"id": "6b449ee8-9412-4316-ae44-f0bfcd02d37d", "name": "Burges Auditorium", "subtype": "education", "class": "school", "height": 11.0, "num_floors": 2, "surge_class": 3, "surge_ft": 2.5, "flood_active": false, "exposure_score": 0.075, "exposure_category": "low"}, "geometry": {"type": "Polygon", "coordinates": [[[-79.9445558, 32.7870476], [-79.9445955, 32.7871382], [-79.9446112, 32.7871333], [-79.9446217, 32.7871572], [-79.9446557, 32.7871466], [-79.9446669, 32.7871711], [-79.944697, 32.7872419], [-79.9447889, 32.7872141], [-79.9447627, 32.7871544], [-79.9447566, 32.7871563], [-79.944732, 32.7871002], [-79.9447444, 32.7870964], [-79.9446715, 32.78693], [-79.944567, 32.7869611], [-79.9445739, 32.7869776], [-79.9445345, 32.7869899], [-79.9445593, 32.7870465], [-79.9445558, 32.7870476]]]}}, {"id": "656", "type": "Feature", "properties": {"id": "d43b60de-635e-4ae2-948e-9e153f52bfa7", "name": "Ingram Center for the Arts", "subtype": "education", "class": "school", "height": 12.0, "num_floors": 2, "surge_class": 5, "surge_ft": 4.5, "flood_active": false, "exposure_score": 0.135, "exposure_category": "low"}, "geometry": {"type": "Polygon", "coordinates": [[[-79.9445206, 32.7872105], [-79.9445536, 32.7872885], [-79.9446448, 32.7872611], [-79.9446436, 32.7872581], [-79.944697, 32.7872419], [-79.9446669, 32.7871711], [-79.944616, 32.7871863], [-79.9446144, 32.7871824], [-79.9445206, 32.7872105]]]}}, {"id": "657", "type": "Feature", "properties": {"id": "0f399c2f-34da-4895-ae18-dea64aa3b6a3", "name": "The George A. Trenholm House", "subtype": "education", "class": "school", "height": 15.0, "num_floors": 4, "surge_class": 2, "surge_ft": 1.5, "flood_active": false, "exposure_score": 0.045, "exposure_category": "low"}, "geometry": {"type": "Polygon", "coordinates": [[[-79.9447627, 32.7871544], [-79.9447889, 32.7872141], [-79.944977, 32.7871545], [-79.9451281, 32.7871066], [-79.9450845, 32.7870101], [-79.9450538, 32.7869419], [-79.9449106, 32.7869875], [-79.9449474, 32.7870692], [-79.9449407, 32.7870713], [-79.9449427, 32.7870758], [-79.944914, 32.787085], [-79.9449224, 32.7871036], [-79.9447627, 32.7871544]]]}}, {"id": "658", "type": "Feature", "properties": {"id": "07da013b-209b-400f-9ae9-8fc602dfc622", "name": "Lane Hall", "subtype": "education", "class": "school", "height": 9.0, "num_floors": 2, "surge_class": 5, "surge_ft": 4.5, "flood_active": false, "exposure_score": 0.135, "exposure_category": "low"}, "geometry": {"type": "Polygon", "coordinates": [[[-79.9444474, 32.7866849], [-79.944564, 32.786962], [-79.944567, 32.7869611], [-79.9446715, 32.78693], [-79.9446871, 32.7869254], [-79.9446729, 32.7868916], [-79.9446843, 32.7868882], [-79.9446669, 32.7868468], [-79.9446556, 32.7868501], [-79.9446014, 32.7867215], [-79.9446129, 32.7867181], [-79.944596, 32.786678], [-79.944586, 32.786681], [-79.944572, 32.7866478], [-79.9444474, 32.7866849]]]}}, {"id": "659", "type": "Feature", "properties": {"id": "153a3af8-0091-46ca-a3cc-c90159de2db6", "name": "Jenkins Hall", "subtype": "education", "class": "school", "height": 16.0, "num_floors": 3, "surge_class": 2, "surge_ft": 1.5, "flood_active": false, "exposure_score": 0.045, "exposure_category": "low"}, "geometry": {"type": "Polygon", "coordinates": [[[-79.9447751, 32.7865444], [-79.9447849, 32.7865658], [-79.9448769, 32.7865361], [-79.9448673, 32.7865151], [-79.9449215, 32.7864975], [-79.9449015, 32.7864539], [-79.9449768, 32.7864295], [-79.9449786, 32.7864336], [-79.9452371, 32.78635], [-79.9452601, 32.7864003], [-79.9452694, 32.7863973], [-79.9452808, 32.7864223], [-79.9452965, 32.7864173], [-79.9453078, 32.786442], [-79.9454287, 32.7864029], [-79.9454191, 32.7863819], [-79.9454358, 32.7863765], [-79.9454232, 32.7863489], [-79.9454305, 32.7863466], [-79.9453398, 32.7861483], [-79.9451747, 32.7862016], [-79.94517, 32.7861913], [-79.9449117, 32.7862747], [-79.9449133, 32.7862781], [-79.9449063, 32.7862803], [-79.9449044, 32.7862762], [-79.9448792, 32.7862844], [-79.9448811, 32.7862885], [-79.9448691, 32.7862924], [-79.9448672, 32.7862884], [-79.9448411, 32.7862968], [-79.9448426, 32.7863002], [-79.9448343, 32.7863029], [-79.9448315, 32.7862966], [-79.9447819, 32.7863127], [-79.9447808, 32.7863104], [-79.9446828, 32.7863421], [-79.944684, 32.7863448], [-79.9446294, 32.7863624], [-79.9446577, 32.7864242], [-79.9446299, 32.7864332], [-79.9446661, 32.7865123], [-79.944694, 32.7865032], [-79.9447209, 32.7865619], [-79.9447751, 32.7865444]]]}}, {"id": "660", "type": "Feature", "properties": {"id": "d23c6f8f-7f77-4d29-92b6-648c47accdac", "name": null, "subtype": "residential", "class": "detached", "height": 7.711771488189697, "num_floors": 3, "surge_class": 3, "surge_ft": 2.5, "flood_active": false, "exposure_score": 0.075, "exposure_category": "low"}, "geometry": {"type": "Polygon", "coordinates": [[[-79.9450962, 32.7859214], [-79.9452333, 32.7858784], [-79.9451993, 32.785802], [-79.9450595, 32.7858459], [-79.9450544, 32.7858344], [-79.9450066, 32.7858494], [-79.9450111, 32.7858595], [-79.9449873, 32.7858669], [-79.9450076, 32.7859126], [-79.944994, 32.7859169], [-79.9450087, 32.7859501], [-79.9450228, 32.7859457], [-79.9450255, 32.7859518], [-79.9450994, 32.7859286], [-79.9450962, 32.7859214]]]}}, {"id": "661", "type": "Feature", "properties": {"id": "282317ab-641c-4857-99b6-e0cdef6b044c", "name": "Ross Early Education Center", "subtype": "education", "class": "school", "height": 10.0, "num_floors": 2, "surge_class": 3, "surge_ft": 2.5, "flood_active": false, "exposure_score": 0.075, "exposure_category": "low"}, "geometry": {"type": "Polygon", "coordinates": [[[-79.9446625, 32.7857997], [-79.9447254, 32.7859462], [-79.9449513, 32.7858777], [-79.9449255, 32.7858176], [-79.9449426, 32.7858124], [-79.9449487, 32.7858264], [-79.9450012, 32.7858105], [-79.9449953, 32.7857968], [-79.9450247, 32.7857879], [-79.9450267, 32.7857924], [-79.9450996, 32.7857703], [-79.9451018, 32.7857754], [-79.9451467, 32.7857618], [-79.9451005, 32.7856538], [-79.9450563, 32.7856672], [-79.9450676, 32.7856935], [-79.9449579, 32.7857268], [-79.9449512, 32.7857113], [-79.9448806, 32.7857327], [-79.944879, 32.785729], [-79.9448243, 32.7857456], [-79.9448264, 32.7857507], [-79.9447972, 32.7857595], [-79.9447951, 32.7857547], [-79.944732, 32.7857738], [-79.9447338, 32.7857781], [-79.9446625, 32.7857997]]]}}, {"id": "662", "type": "Feature", "properties": {"id": "6f128692-269a-420a-8ea1-49a192374db6", "name": null, "subtype": "education", "class": "school", "height": null, "num_floors": 2, "surge_class": 3, "surge_ft": 2.5, "flood_active": false, "exposure_score": 0.075, "exposure_category": "low"}, "geometry": {"type": "Polygon", "coordinates": [[[-79.9446864, 32.7862624], [-79.9449531, 32.7861775], [-79.9449195, 32.786103], [-79.9449311, 32.7860993], [-79.9449155, 32.7860646], [-79.9449371, 32.7860577], [-79.9449234, 32.7860273], [-79.944903, 32.7860338], [-79.9448892, 32.786003], [-79.9445863, 32.7860996], [-79.9446399, 32.7862186], [-79.9446632, 32.7862112], [-79.9446864, 32.7862624]]]}}, {"id": "663", "type": "Feature", "properties": {"id": "f74729e9-c92f-4e0c-bce2-6d52b5ba74f2", "name": null, "subtype": "education", "class": "school", "height": 3.568527936935425, "num_floors": 1, "surge_class": 5, "surge_ft": 4.5, "flood_active": false, "exposure_score": 0.135, "exposure_category": "low"}, "geometry": {"type": "Polygon", "coordinates": [[[-79.9445105, 32.785853], [-79.9445604, 32.785836], [-79.9445339, 32.7857809], [-79.9444936, 32.7857946], [-79.944484, 32.7857978], [-79.9445105, 32.785853]]]}}, {"id": "664", "type": "Feature", "properties": {"id": "21be00d0-250a-4f66-9c56-1ec45c074bb1", "name": null, "subtype": "residential", "class": "detached", "height": 6.431108474731445, "num_floors": 2, "surge_class": 6, "surge_ft": 5.5, "flood_active": false, "exposure_score": 0.165, "exposure_category": "low"}, "geometry": {"type": "Polygon", "coordinates": [[[-79.9444489, 32.7856187], [-79.9445372, 32.7855961], [-79.9445125, 32.7855278], [-79.9445048, 32.7855298], [-79.944491, 32.7854916], [-79.9444691, 32.7854972], [-79.9444682, 32.7854949], [-79.9444095, 32.7855099], [-79.9444489, 32.7856187]]]}}, {"id": "665", "type": "Feature", "properties": {"id": "e85c3038-3f7e-442a-a48b-e5c237ac4ac5", "name": "Ashley Hall Dining Hall", "subtype": "education", "class": "school", "height": 15.0, "num_floors": 3, "surge_class": 2, "surge_ft": 1.5, "flood_active": false, "exposure_score": 0.045, "exposure_category": "low"}, "geometry": {"type": "Polygon", "coordinates": [[[-79.9449755, 32.7856498], [-79.9450347, 32.7856298], [-79.9450163, 32.7855887], [-79.9450076, 32.785591], [-79.9450027, 32.7855773], [-79.9450504, 32.7855637], [-79.9450399, 32.7855452], [-79.945042, 32.7855442], [-79.9450005, 32.7854558], [-79.944997, 32.7854565], [-79.9449873, 32.7854358], [-79.9449397, 32.7854482], [-79.9449342, 32.7854351], [-79.9449387, 32.7854341], [-79.9449265, 32.7853933], [-79.9448617, 32.785409], [-79.944864, 32.7854141], [-79.9448452, 32.7854185], [-79.9448427, 32.7854127], [-79.9447775, 32.7854307], [-79.9447794, 32.7854358], [-79.9447623, 32.7854397], [-79.94476, 32.7854348], [-79.9446959, 32.785451], [-79.9446984, 32.7854564], [-79.9446785, 32.7854619], [-79.944676, 32.7854563], [-79.944613, 32.7854728], [-79.9446302, 32.785526], [-79.9446063, 32.785533], [-79.94461, 32.7855417], [-79.9446193, 32.7855388], [-79.9446304, 32.7855627], [-79.9446214, 32.7855647], [-79.9446387, 32.7855982], [-79.9445992, 32.7856093], [-79.9446616, 32.7857415], [-79.9449024, 32.7856603], [-79.9449085, 32.7856723], [-79.9449602, 32.7856548], [-79.9449582, 32.7856513], [-79.9449729, 32.7856467], [-79.9449755, 32.7856498]]]}}, {"id": "666", "type": "Feature", "properties": {"id": "f5d0fdeb-1cd5-4e3a-9a26-e897c27fdbf1", "name": null, "subtype": "outbuilding", "class": "roof", "height": 3.0, "num_floors": null, "surge_class": 4, "surge_ft": 3.5, "flood_active": false, "exposure_score": 0.105, "exposure_category": "low"}, "geometry": {"type": "Polygon", "coordinates": [[[-79.9450176, 32.7844435], [-79.9449576, 32.7844599], [-79.9450486, 32.7846985], [-79.9451087, 32.7846823], [-79.9450874, 32.7846264], [-79.9450176, 32.7844435]]]}}, {"id": "667", "type": "Feature", "properties": {"id": "bb158755-9dfa-48f9-8f79-74ea2557eca1", "name": null, "subtype": "medical", "class": "hospital", "height": 9.0, "num_floors": null, "surge_class": 6, "surge_ft": 5.5, "flood_active": false, "exposure_score": 0.165, "exposure_category": "low"}, "geometry": {"type": "Polygon", "coordinates": [[[-79.9457025, 32.7847272], [-79.945695, 32.78473], [-79.9457042, 32.7847508], [-79.9457653, 32.7847308], [-79.9457001, 32.7845596], [-79.9456716, 32.7845674], [-79.9456425, 32.7844925], [-79.9456702, 32.7844849], [-79.9456384, 32.7844029], [-79.9456072, 32.784412], [-79.9455064, 32.7841588], [-79.9455309, 32.7841513], [-79.9455187, 32.78412], [-79.9454559, 32.7841371], [-79.9454859, 32.7842124], [-79.9455015, 32.7842516], [-79.9455805, 32.7844503], [-79.9451213, 32.7845738], [-79.9450366, 32.7843576], [-79.9449942, 32.7843692], [-79.9450223, 32.7844422], [-79.9450176, 32.7844435], [-79.9450874, 32.7846264], [-79.9455957, 32.7844885], [-79.9456507, 32.7846266], [-79.9456619, 32.7846231], [-79.9457025, 32.7847272]]]}}, {"id": "668", "type": "Feature", "properties": {"id": "949f11b5-a57d-412c-8a3e-f8fe72233106", "name": "Rutledge Tower", "subtype": "medical", "class": "hospital", "height": 21.0, "num_floors": 14, "surge_class": 4, "surge_ft": 3.5, "flood_active": false, "exposure_score": 0.105, "exposure_category": "low"}, "geometry": {"type": "Polygon", "coordinates": [[[-79.9457223, 32.7841109], [-79.9457339, 32.7841408], [-79.9458279, 32.7841151], [-79.9457413, 32.7838917], [-79.9456573, 32.7839147], [-79.9455994, 32.7837652], [-79.9455525, 32.783778], [-79.9455419, 32.7837507], [-79.9456888, 32.7837105], [-79.9456732, 32.7836703], [-79.9456863, 32.7836667], [-79.9456832, 32.7836587], [-79.9456951, 32.7836554], [-79.9456851, 32.7836294], [-79.945673, 32.7836328], [-79.9456718, 32.7836296], [-79.9456632, 32.7836319], [-79.9456527, 32.7836047], [-79.9456619, 32.7836022], [-79.9456409, 32.7835481], [-79.9455229, 32.7835804], [-79.9455206, 32.7835746], [-79.9454179, 32.7836027], [-79.945421, 32.7836107], [-79.9453578, 32.7836279], [-79.9453342, 32.7835667], [-79.9453179, 32.7835245], [-79.9452787, 32.7835352], [-79.9452623, 32.7834928], [-79.9452572, 32.7834942], [-79.9452536, 32.7834847], [-79.9448863, 32.783585], [-79.9448895, 32.7835931], [-79.9448793, 32.7835959], [-79.9449234, 32.7837102], [-79.9449115, 32.7837135], [-79.9448883, 32.783653], [-79.9445621, 32.7837419], [-79.9448127, 32.7843922], [-79.9448245, 32.7844226], [-79.9448404, 32.784464], [-79.9448908, 32.7844503], [-79.9449005, 32.7844754], [-79.9449576, 32.7844599], [-79.9450176, 32.7844435], [-79.9450223, 32.7844422], [-79.9449942, 32.7843692], [-79.9450366, 32.7843576], [-79.945046, 32.784355], [-79.9449743, 32.7841689], [-79.9450842, 32.784139], [-79.9450746, 32.7841143], [-79.9452864, 32.7840566], [-79.9453259, 32.7841592], [-79.9453083, 32.784164], [-79.9453252, 32.7842079], [-79.9453121, 32.7842115], [-79.9453257, 32.7842468], [-79.9454093, 32.784224], [-79.9454822, 32.784257], [-79.9455015, 32.7842516], [-79.9454859, 32.7842124], [-79.9454151, 32.7841817], [-79.9453752, 32.7840787], [-79.9454267, 32.7840646], [-79.9454559, 32.7841371], [-79.9455187, 32.78412], [-79.9455309, 32.7841513], [-79.9455459, 32.7841901], [-79.9455676, 32.7841842], [-79.9455807, 32.7842182], [-79.9456764, 32.784192], [-79.9456524, 32.78413], [-79.9456914, 32.7841194], [-79.9457223, 32.7841109]]]}}, {"id": "669", "type": "Feature", "properties": {"id": "47d8ee09-4693-4821-96c2-82baf18486c0", "name": null, "subtype": "medical", "class": "hospital", "height": 10.0, "num_floors": null, "surge_class": 5, "surge_ft": 4.5, "flood_active": false, "exposure_score": 0.135, "exposure_category": "low"}, "geometry": {"type": "Polygon", "coordinates": [[[-79.9448127, 32.7843922], [-79.944517, 32.784489], [-79.9445299, 32.7845171], [-79.9448245, 32.7844226], [-79.9448127, 32.7843922]]]}}, {"id": "670", "type": "Feature", "properties": {"id": "eea6e0e4-8feb-441c-ad7a-eb233f55361d", "name": null, "subtype": "outbuilding", "class": "roof", "height": null, "num_floors": 1, "surge_class": 5, "surge_ft": 4.5, "flood_active": false, "exposure_score": 0.135, "exposure_category": "low"}, "geometry": {"type": "Polygon", "coordinates": [[[-79.9442191, 32.783876], [-79.94427, 32.783989], [-79.9443318, 32.7839693], [-79.944281, 32.7838563], [-79.9442191, 32.783876]]]}}, {"id": "671", "type": "Feature", "properties": {"id": "b08a454d-e050-410d-a853-35ea0d28fd1d", "name": null, "subtype": "commercial", "class": "office", "height": 7.816119194030762, "num_floors": 2, "surge_class": 5, "surge_ft": 4.5, "flood_active": false, "exposure_score": 0.135, "exposure_category": "low"}, "geometry": {"type": "Polygon", "coordinates": [[[-79.9442683, 32.784392], [-79.9444908, 32.78432], [-79.9444414, 32.7842121], [-79.9444353, 32.784214], [-79.9444309, 32.7842045], [-79.9442637, 32.7842586], [-79.9442702, 32.7842728], [-79.9442642, 32.7842747], [-79.9442765, 32.7843016], [-79.9442333, 32.7843156], [-79.9442683, 32.784392]]]}}, {"id": "672", "type": "Feature", "properties": {"id": "c14c6ca9-b244-4262-8ccb-d752f5826582", "name": "Circle K", "subtype": "commercial", "class": "retail", "height": 6.0, "num_floors": 1, "surge_class": 5, "surge_ft": 4.5, "flood_active": false, "exposure_score": 0.135, "exposure_category": "low"}, "geometry": {"type": "Polygon", "coordinates": [[[-79.9441577, 32.7840748], [-79.94413, 32.7839821], [-79.9441179, 32.7839846], [-79.9441207, 32.7839939], [-79.9440483, 32.7840091], [-79.9440461, 32.7840018], [-79.9439146, 32.7840295], [-79.943916, 32.7840344], [-79.9438813, 32.7840417], [-79.9439061, 32.7841249], [-79.9439509, 32.7841154], [-79.9439523, 32.7841202], [-79.9440025, 32.7841096], [-79.9440088, 32.7841305], [-79.9441182, 32.7841074], [-79.9441113, 32.7840845], [-79.9441577, 32.7840748]]]}}, {"id": "673", "type": "Feature", "properties": {"id": "647c23bf-a7a5-4dc1-b5ad-08ca2497e28b", "name": "Circle K", "subtype": "outbuilding", "class": "roof", "height": 7.0, "num_floors": 1, "surge_class": 5, "surge_ft": 4.5, "flood_active": false, "exposure_score": 0.135, "exposure_category": "low"}, "geometry": {"type": "Polygon", "coordinates": [[[-79.9440483, 32.7840091], [-79.9441207, 32.7839939], [-79.9441179, 32.7839846], [-79.9441064, 32.783945], [-79.9441346, 32.7839392], [-79.9441204, 32.7838912], [-79.9441071, 32.783894], [-79.9440949, 32.7838526], [-79.9441069, 32.7838501], [-79.9440928, 32.7838024], [-79.9439627, 32.7838296], [-79.9439775, 32.7838798], [-79.94399, 32.7838772], [-79.9440014, 32.7839157], [-79.9439908, 32.7839179], [-79.9440056, 32.783968], [-79.9440344, 32.783962], [-79.9440461, 32.7840018], [-79.9440483, 32.7840091]]]}}, {"id": "674", "type": "Feature", "properties": {"id": "bb211fe3-e916-45a7-b01e-a9a6d6f0f96d", "name": null, "subtype": "residential", "class": "apartments", "height": 5.3966522216796875, "num_floors": 3, "surge_class": 6, "surge_ft": 5.5, "flood_active": false, "exposure_score": 0.165, "exposure_category": "low"}, "geometry": {"type": "Polygon", "coordinates": [[[-79.9436383, 32.7838891], [-79.9436148, 32.7838958], [-79.9436202, 32.7839091], [-79.9436138, 32.7839109], [-79.9436699, 32.7840393], [-79.9437571, 32.7840182], [-79.9437537, 32.7840098], [-79.9437739, 32.7840041], [-79.943743, 32.7839278], [-79.9437205, 32.7839342], [-79.943698, 32.7838787], [-79.9436955, 32.7838795], [-79.9436878, 32.7838605], [-79.9436331, 32.7838761], [-79.9436383, 32.7838891]]]}}, {"id": "675", "type": "Feature", "properties": {"id": "d1541c4d-bb88-4709-a6a0-3f9e43004c33", "name": null, "subtype": "residential", "class": "apartments", "height": 6.717144012451172, "num_floors": 2, "surge_class": 6, "surge_ft": 5.5, "flood_active": false, "exposure_score": 0.165, "exposure_category": "low"}, "geometry": {"type": "Polygon", "coordinates": [[[-79.943343, 32.7841161], [-79.9433903, 32.7841008], [-79.9433891, 32.7840981], [-79.9434278, 32.7840856], [-79.9434011, 32.7840272], [-79.9433902, 32.7840307], [-79.9433451, 32.7839323], [-79.943325, 32.7839388], [-79.9433233, 32.783935], [-79.9432683, 32.7839528], [-79.943343, 32.7841161]]]}}, {"id": "676", "type": "Feature", "properties": {"id": "71ae74ca-6f4a-459d-b7fd-657de34d3327", "name": null, "subtype": "outbuilding", "class": "shed", "height": null, "num_floors": 1, "surge_class": 6, "surge_ft": 5.5, "flood_active": false, "exposure_score": 0.165, "exposure_category": "low"}, "geometry": {"type": "Polygon", "coordinates": [[[-79.9434345, 32.7842102], [-79.9434095, 32.7841519], [-79.9433659, 32.7841652], [-79.9433909, 32.7842234], [-79.9434345, 32.7842102]]]}}, {"id": "677", "type": "Feature", "properties": {"id": "9bd9df90-42b6-496d-8766-3dad0da9de22", "name": null, "subtype": "outbuilding", "class": "carport", "height": null, "num_floors": 1, "surge_class": 6, "surge_ft": 5.5, "flood_active": false, "exposure_score": 0.165, "exposure_category": "low"}, "geometry": {"type": "Polygon", "coordinates": [[[-79.943416, 32.7845212], [-79.943321, 32.7845487], [-79.9433469, 32.7846117], [-79.9434418, 32.7845841], [-79.943416, 32.7845212]]]}}, {"id": "678", "type": "Feature", "properties": {"id": "fbd601fb-0b0e-40d8-98ee-f028cd3256e1", "name": null, "subtype": "residential", "class": "detached", "height": 5.814172267913818, "num_floors": 1, "surge_class": 7, "surge_ft": 6.5, "flood_active": false, "exposure_score": 0.195, "exposure_category": "low"}, "geometry": {"type": "Polygon", "coordinates": [[[-79.9432215, 32.7847371], [-79.943391, 32.7846881], [-79.9433653, 32.784625], [-79.9433332, 32.7846343], [-79.9433352, 32.7846392], [-79.9432282, 32.7846701], [-79.9432256, 32.7846638], [-79.9431951, 32.7846726], [-79.9432215, 32.7847371]]]}}, {"id": "679", "type": "Feature", "properties": {"id": "6ea0d5cc-817b-4550-951c-09247a70bcd7", "name": null, "subtype": "outbuilding", "class": "shed", "height": null, "num_floors": 1, "surge_class": 6, "surge_ft": 5.5, "flood_active": false, "exposure_score": 0.165, "exposure_category": "low"}, "geometry": {"type": "Polygon", "coordinates": [[[-79.9433723, 32.7847274], [-79.9433112, 32.7847445], [-79.9433254, 32.7847806], [-79.9433866, 32.7847636], [-79.9433723, 32.7847274]]]}}, {"id": "680", "type": "Feature", "properties": {"id": "266e9f20-e90a-4f59-a93f-c5338d1e527c", "name": null, "subtype": "residential", "class": "detached", "height": 7.505667686462402, "num_floors": 2, "surge_class": 6, "surge_ft": 5.5, "flood_active": false, "exposure_score": 0.165, "exposure_category": "low"}, "geometry": {"type": "Polygon", "coordinates": [[[-79.9432371, 32.7849259], [-79.9431154, 32.7849542], [-79.9431374, 32.7850214], [-79.9432592, 32.7849931], [-79.9432581, 32.7849897], [-79.9434136, 32.7849488], [-79.9433861, 32.784884], [-79.9432371, 32.7849259]]]}}, {"id": "681", "type": "Feature", "properties": {"id": "dd60c863-e983-47c2-9211-98bf634adf9f", "name": null, "subtype": "residential", "class": "terrace", "height": 5.896961212158203, "num_floors": 2, "surge_class": 7, "surge_ft": 6.5, "flood_active": false, "exposure_score": 0.195, "exposure_category": "low"}, "geometry": {"type": "Polygon", "coordinates": [[[-79.9439121, 32.7849832], [-79.9438779, 32.7849066], [-79.94387, 32.7849091], [-79.9438736, 32.7849171], [-79.9438427, 32.7849269], [-79.9438394, 32.7849195], [-79.9437913, 32.7849347], [-79.943795, 32.7849431], [-79.9437566, 32.7849552], [-79.9437518, 32.7849445], [-79.9437207, 32.7849542], [-79.9437238, 32.7849611], [-79.9436938, 32.7849706], [-79.9436905, 32.7849631], [-79.9436769, 32.7849674], [-79.9437121, 32.7850462], [-79.9439121, 32.7849832]]]}}, {"id": "682", "type": "Feature", "properties": {"id": "756d9bb5-b5e4-483c-a621-d7e865635424", "name": "Rutledge Tower Garage", "subtype": "medical", "class": "parking", "height": 14.0, "num_floors": 5, "surge_class": 5, "surge_ft": 4.5, "flood_active": false, "exposure_score": 0.135, "exposure_category": "low"}, "geometry": {"type": "Polygon", "coordinates": [[[-79.9447807, 32.7852062], [-79.944838, 32.7851877], [-79.9447891, 32.7850808], [-79.9448123, 32.7850733], [-79.9447898, 32.7850243], [-79.9447665, 32.7850318], [-79.9445571, 32.7845747], [-79.9445806, 32.7845671], [-79.944559, 32.7845198], [-79.9445347, 32.7845277], [-79.9445299, 32.7845171], [-79.944517, 32.784489], [-79.9445147, 32.784484], [-79.9445393, 32.7844761], [-79.9445187, 32.784431], [-79.9444968, 32.7844381], [-79.9444593, 32.7843561], [-79.9439216, 32.78453], [-79.9439667, 32.7846285], [-79.9439401, 32.7846371], [-79.9439628, 32.7846869], [-79.9439873, 32.784679], [-79.9442308, 32.7852111], [-79.9442034, 32.78522], [-79.9442261, 32.7852696], [-79.9442494, 32.7852621], [-79.9442957, 32.7853631], [-79.9444932, 32.7852992], [-79.9445382, 32.7852847], [-79.9445911, 32.7852676], [-79.9447335, 32.7852215], [-79.9447807, 32.7852062]]]}}, {"id": "683", "type": "Feature", "properties": {"id": "8f4af654-fef9-4b12-8565-eed05a2004b8", "name": null, "subtype": "residential", "class": "terrace", "height": 5.480140686035156, "num_floors": 2, "surge_class": 6, "surge_ft": 5.5, "flood_active": false, "exposure_score": 0.165, "exposure_category": "low"}, "geometry": {"type": "Polygon", "coordinates": [[[-79.9441026, 32.785428], [-79.9440291, 32.785261], [-79.9439389, 32.785289], [-79.9440124, 32.785456], [-79.9441026, 32.785428]]]}}, {"id": "684", "type": "Feature", "properties": {"id": "10251b89-f5d2-487e-8f10-fc8e23a279a3", "name": null, "subtype": "residential", "class": "apartments", "height": 5.486555099487305, "num_floors": 3, "surge_class": 6, "surge_ft": 5.5, "flood_active": false, "exposure_score": 0.165, "exposure_category": "low"}, "geometry": {"type": "Polygon", "coordinates": [[[-79.9439598, 32.78547], [-79.9439759, 32.7854661], [-79.9439355, 32.7853499], [-79.9438986, 32.7853589], [-79.9438849, 32.7853195], [-79.9438809, 32.7853205], [-79.9438752, 32.7853044], [-79.9438477, 32.7853111], [-79.9439092, 32.7854879], [-79.9439615, 32.785475], [-79.9439598, 32.78547]]]}}, {"id": "685", "type": "Feature", "properties": {"id": "aa4c0982-6bf8-49a6-9d46-7526f72f2625", "name": null, "subtype": "residential", "class": "detached", "height": 7.498457908630371, "num_floors": 2, "surge_class": 6, "surge_ft": 5.5, "flood_active": false, "exposure_score": 0.165, "exposure_category": "low"}, "geometry": {"type": "Polygon", "coordinates": [[[-79.9443267, 32.7856466], [-79.9444127, 32.7856249], [-79.9443922, 32.7855677], [-79.9443838, 32.7855699], [-79.9443661, 32.7855205], [-79.9443469, 32.7855254], [-79.9443459, 32.7855226], [-79.9442876, 32.7855373], [-79.9443267, 32.7856466]]]}}, {"id": "686", "type": "Feature", "properties": {"id": "0f668d3b-3084-436a-9138-fdc31e16d607", "name": null, "subtype": "residential", "class": "detached", "height": 9.708614349365234, "num_floors": 2, "surge_class": 6, "surge_ft": 5.5, "flood_active": false, "exposure_score": 0.165, "exposure_category": "low"}, "geometry": {"type": "Polygon", "coordinates": [[[-79.944265, 32.7856477], [-79.9442901, 32.7856418], [-79.9442625, 32.7855595], [-79.9441534, 32.7855854], [-79.9442073, 32.7857459], [-79.9442556, 32.7857344], [-79.944245, 32.7857029], [-79.9442586, 32.7856997], [-79.9442492, 32.7856717], [-79.9442713, 32.7856665], [-79.944265, 32.7856477]]]}}, {"id": "687", "type": "Feature", "properties": {"id": "3925a531-6c5d-45fc-b714-a4a05b19402a", "name": null, "subtype": "residential", "class": "detached", "height": 8.198297500610352, "num_floors": 2, "surge_class": 5, "surge_ft": 4.5, "flood_active": false, "exposure_score": 0.135, "exposure_category": "low"}, "geometry": {"type": "Polygon", "coordinates": [[[-79.9443131, 32.7857375], [-79.9443412, 32.7858252], [-79.9443831, 32.7858158], [-79.944382, 32.7858124], [-79.9444072, 32.7858067], [-79.9443807, 32.7857242], [-79.9443554, 32.7857299], [-79.9443549, 32.785728], [-79.9443131, 32.7857375]]]}}, {"id": "688", "type": "Feature", "properties": {"id": "bce4d590-58a2-4d2e-8d92-379622ff9039", "name": null, "subtype": "outbuilding", "class": "shed", "height": null, "num_floors": 1, "surge_class": 6, "surge_ft": 5.5, "flood_active": false, "exposure_score": 0.165, "exposure_category": "low"}, "geometry": {"type": "Polygon", "coordinates": [[[-79.944307, 32.7859743], [-79.944317, 32.7860024], [-79.9443904, 32.7859839], [-79.9443804, 32.7859558], [-79.944307, 32.7859743]]]}}, {"id": "689", "type": "Feature", "properties": {"id": "6159938c-e5c5-443a-aa4e-a4449ee834df", "name": null, "subtype": "residential", "class": "detached", "height": 5.308487415313721, "num_floors": 2, "surge_class": 6, "surge_ft": 5.5, "flood_active": false, "exposure_score": 0.165, "exposure_category": "low"}, "geometry": {"type": "Polygon", "coordinates": [[[-79.9442728, 32.7859142], [-79.9442866, 32.7859546], [-79.9443433, 32.785941], [-79.9443415, 32.7859357], [-79.9443787, 32.7859267], [-79.9443581, 32.7858662], [-79.9443174, 32.7858761], [-79.9443103, 32.7858552], [-79.944206, 32.7858804], [-79.9442217, 32.7859265], [-79.9442728, 32.7859142]]]}}, {"id": "690", "type": "Feature", "properties": {"id": "232928e9-6f68-4b77-8a87-590068bfeb77", "name": null, "subtype": "residential", "class": "detached", "height": 5.231081962585449, "num_floors": 2, "surge_class": 6, "surge_ft": 5.5, "flood_active": false, "exposure_score": 0.165, "exposure_category": "low"}, "geometry": {"type": "Polygon", "coordinates": [[[-79.9441712, 32.7859993], [-79.9441912, 32.7859942], [-79.9441889, 32.7859879], [-79.9441929, 32.7859869], [-79.9441847, 32.7859643], [-79.9441817, 32.7859651], [-79.9441789, 32.7859572], [-79.9441642, 32.785961], [-79.9441504, 32.7859227], [-79.9441097, 32.7859331], [-79.9441002, 32.785907], [-79.9440543, 32.7859188], [-79.9440657, 32.7859504], [-79.9440564, 32.7859528], [-79.9440636, 32.7859726], [-79.9440716, 32.7859706], [-79.9440832, 32.7860026], [-79.9441265, 32.7859915], [-79.9441327, 32.7860085], [-79.9441517, 32.7860037], [-79.9441545, 32.7860115], [-79.9441738, 32.7860066], [-79.9441712, 32.7859993]]]}}, {"id": "691", "type": "Feature", "properties": {"id": "d6694b4c-93ef-4d5f-a376-069e33cc259a", "name": null, "subtype": "outbuilding", "class": "shed", "height": null, "num_floors": 1, "surge_class": 6, "surge_ft": 5.5, "flood_active": false, "exposure_score": 0.165, "exposure_category": "low"}, "geometry": {"type": "Polygon", "coordinates": [[[-79.943923, 32.7859247], [-79.9438773, 32.7859358], [-79.94389, 32.7859724], [-79.9439357, 32.7859613], [-79.943923, 32.7859247]]]}}, {"id": "692", "type": "Feature", "properties": {"id": "478f13bc-9f01-4c65-bdd8-eebbff8b8196", "name": null, "subtype": "residential", "class": "detached", "height": 8.099928855895996, "num_floors": 2, "surge_class": 5, "surge_ft": 4.5, "flood_active": false, "exposure_score": 0.135, "exposure_category": "low"}, "geometry": {"type": "Polygon", "coordinates": [[[-79.9440034, 32.7860327], [-79.9440447, 32.786022], [-79.9440235, 32.7859639], [-79.9440204, 32.7859648], [-79.9440125, 32.7859432], [-79.9439373, 32.7859627], [-79.9439451, 32.785984], [-79.9439419, 32.7859848], [-79.9439696, 32.7860606], [-79.9440098, 32.7860502], [-79.9440034, 32.7860327]]]}}, {"id": "693", "type": "Feature", "properties": {"id": "3d56b93b-6f50-4f2f-801e-a5bf09069c91", "name": null, "subtype": "residential", "class": "detached", "height": 5.518052101135254, "num_floors": 2, "surge_class": 6, "surge_ft": 5.5, "flood_active": false, "exposure_score": 0.165, "exposure_category": "low"}, "geometry": {"type": "Polygon", "coordinates": [[[-79.9438923, 32.7858026], [-79.9439061, 32.7858498], [-79.9440141, 32.7858275], [-79.9440002, 32.7857798], [-79.9439849, 32.7857829], [-79.9439785, 32.785761], [-79.9439076, 32.7857756], [-79.9439106, 32.7857858], [-79.9438958, 32.7857889], [-79.9438994, 32.7858011], [-79.9438923, 32.7858026]]]}}, {"id": "694", "type": "Feature", "properties": {"id": "39d46b5e-7776-436f-9bec-b3965b0a7f4f", "name": null, "subtype": "residential", "class": "detached", "height": null, "num_floors": 2, "surge_class": 5, "surge_ft": 4.5, "flood_active": false, "exposure_score": 0.135, "exposure_category": "low"}, "geometry": {"type": "Polygon", "coordinates": [[[-79.9439987, 32.7857647], [-79.9440301, 32.7858458], [-79.9440856, 32.7858306], [-79.9440541, 32.7857495], [-79.9439987, 32.7857647]]]}}, {"id": "695", "type": "Feature", "properties": {"id": "9ead1e43-4c7c-4202-9b49-d39cf391079c", "name": null, "subtype": "residential", "class": "detached", "height": 6.792866230010986, "num_floors": 2, "surge_class": 7, "surge_ft": 6.5, "flood_active": false, "exposure_score": 0.195, "exposure_category": "low"}, "geometry": {"type": "Polygon", "coordinates": [[[-79.9440786, 32.7857143], [-79.9441684, 32.7856918], [-79.9441449, 32.7856256], [-79.9441359, 32.7856279], [-79.9441202, 32.7855837], [-79.9440395, 32.785604], [-79.9440786, 32.7857143]]]}}, {"id": "696", "type": "Feature", "properties": {"id": "fae9de10-2344-473f-90da-6899c2f5f772", "name": null, "subtype": "residential", "class": "detached", "height": 7.253833770751953, "num_floors": 2, "surge_class": 7, "surge_ft": 6.5, "flood_active": false, "exposure_score": 0.195, "exposure_category": "low"}, "geometry": {"type": "Polygon", "coordinates": [[[-79.9439747, 32.7857443], [-79.9440646, 32.7857218], [-79.9440294, 32.7856223], [-79.9440127, 32.7856265], [-79.9440063, 32.7856082], [-79.9439856, 32.7856133], [-79.9439841, 32.7856089], [-79.9439296, 32.7856225], [-79.9439591, 32.785706], [-79.9439609, 32.7857055], [-79.9439747, 32.7857443]]]}}, {"id": "697", "type": "Feature", "properties": {"id": "c4d59911-5b48-476d-8064-e253d9bde7ac", "name": null, "subtype": "residential", "class": "detached", "height": 5.0866899490356445, "num_floors": 2, "surge_class": 7, "surge_ft": 6.5, "flood_active": false, "exposure_score": 0.195, "exposure_category": "low"}, "geometry": {"type": "Polygon", "coordinates": [[[-79.9439069, 32.7857458], [-79.9439375, 32.785738], [-79.9438995, 32.7856331], [-79.9438746, 32.7856394], [-79.9438734, 32.7856361], [-79.9438212, 32.7856495], [-79.9438516, 32.7857333], [-79.9438981, 32.7857214], [-79.9439069, 32.7857458]]]}}, {"id": "698", "type": "Feature", "properties": {"id": "2ce30a77-1101-43eb-a126-03d7f47c9807", "name": null, "subtype": "residential", "class": "detached", "height": 5.589203357696533, "num_floors": 2, "surge_class": 6, "surge_ft": 5.5, "flood_active": false, "exposure_score": 0.165, "exposure_category": "low"}, "geometry": {"type": "Polygon", "coordinates": [[[-79.9437529, 32.7857912], [-79.9438371, 32.7857712], [-79.9438238, 32.7857317], [-79.9438161, 32.7857335], [-79.9437927, 32.785664], [-79.9437702, 32.7856693], [-79.9437687, 32.7856649], [-79.9437147, 32.7856777], [-79.9437529, 32.7857912]]]}}, {"id": "699", "type": "Feature", "properties": {"id": "2ee465ab-6bbe-4fd5-be26-c8201ea24a80", "name": null, "subtype": "residential", "class": "detached", "height": null, "num_floors": 2, "surge_class": 6, "surge_ft": 5.5, "flood_active": false, "exposure_score": 0.165, "exposure_category": "low"}, "geometry": {"type": "Polygon", "coordinates": [[[-79.9436102, 32.7858278], [-79.9436553, 32.7858117], [-79.9436608, 32.7858225], [-79.9436968, 32.7858097], [-79.9436398, 32.7856962], [-79.9436031, 32.7857092], [-79.9436014, 32.7857058], [-79.9435568, 32.7857217], [-79.9436102, 32.7858278]]]}}, {"id": "700", "type": "Feature", "properties": {"id": "7d4d325e-1c4a-4392-987c-75ef9b1bd6ce", "name": null, "subtype": "residential", "class": "detached", "height": 4.696787357330322, "num_floors": 2, "surge_class": 6, "surge_ft": 5.5, "flood_active": false, "exposure_score": 0.165, "exposure_category": "low"}, "geometry": {"type": "Polygon", "coordinates": [[[-79.9437386, 32.7858777], [-79.943853, 32.7858498], [-79.9438325, 32.7857903], [-79.9436901, 32.7858251], [-79.9437002, 32.7858545], [-79.943703, 32.7858538], [-79.9437082, 32.7858688], [-79.9437335, 32.7858626], [-79.9437386, 32.7858777]]]}}, {"id": "701", "type": "Feature", "properties": {"id": "02c63aab-0be4-4946-9ec9-76a618f653a2", "name": null, "subtype": "residential", "class": "detached", "height": 6.926236152648926, "num_floors": 2, "surge_class": 5, "surge_ft": 4.5, "flood_active": false, "exposure_score": 0.135, "exposure_category": "low"}, "geometry": {"type": "Polygon", "coordinates": [[[-79.9437483, 32.7860694], [-79.9437637, 32.7861109], [-79.9438962, 32.7860762], [-79.9438812, 32.7860355], [-79.9438779, 32.7860364], [-79.9438698, 32.7860146], [-79.9438571, 32.7860179], [-79.9438489, 32.7860136], [-79.9438395, 32.7860158], [-79.9438354, 32.7860237], [-79.943746, 32.7860471], [-79.9437537, 32.786068], [-79.9437483, 32.7860694]]]}}, {"id": "702", "type": "Feature", "properties": {"id": "fe2a04f0-19c5-4981-9be4-f38aa47145e6", "name": null, "subtype": null, "class": null, "height": 3.0, "num_floors": 1, "surge_class": 6, "surge_ft": 5.5, "flood_active": false, "exposure_score": 0.165, "exposure_category": "low"}, "geometry": {"type": "Polygon", "coordinates": [[[-79.9435012, 32.7860421], [-79.9435124, 32.7860632], [-79.9435378, 32.7860536], [-79.9435267, 32.7860327], [-79.9435161, 32.786013], [-79.9435044, 32.785991], [-79.943479, 32.7860006], [-79.9434907, 32.7860224], [-79.9435012, 32.7860421]]]}}, {"id": "703", "type": "Feature", "properties": {"id": "77e910c6-c117-4263-abe9-b00a766dfffd", "name": "John Bickley Tenement", "subtype": "residential", "class": "apartments", "height": 15.0, "num_floors": 3, "surge_class": 5, "surge_ft": 4.5, "flood_active": false, "exposure_score": 0.135, "exposure_category": "low"}, "geometry": {"type": "Polygon", "coordinates": [[[-79.9432171, 32.7860241], [-79.943427, 32.7859684], [-79.943406, 32.7859132], [-79.9434662, 32.7858965], [-79.9434451, 32.7858445], [-79.9434272, 32.7858492], [-79.9434102, 32.7858052], [-79.9433525, 32.7858208], [-79.9433598, 32.7858403], [-79.9431852, 32.7858861], [-79.9431781, 32.785868], [-79.9431204, 32.7858837], [-79.9431386, 32.7859253], [-79.9431198, 32.7859302], [-79.9431394, 32.7859871], [-79.9431971, 32.7859711], [-79.9432171, 32.7860241]]]}}, {"id": "704", "type": "Feature", "properties": {"id": "775ac677-2521-404e-bc19-b7c9b91416a7", "name": null, "subtype": "residential", "class": "detached", "height": 7.530081748962402, "num_floors": 4, "surge_class": 5, "surge_ft": 4.5, "flood_active": false, "exposure_score": 0.135, "exposure_category": "low"}, "geometry": {"type": "Polygon", "coordinates": [[[-79.9435722, 32.7853635], [-79.9435578, 32.7853263], [-79.9433939, 32.7853714], [-79.9434033, 32.7853956], [-79.9433972, 32.7853973], [-79.9434209, 32.7854582], [-79.9436003, 32.7854089], [-79.9435816, 32.7853609], [-79.9435722, 32.7853635]]]}}, {"id": "705", "type": "Feature", "properties": {"id": "e37e7bf6-97c7-4520-9b5c-7c5e13affa5e", "name": null, "subtype": "residential", "class": "detached", "height": null, "num_floors": 3, "surge_class": 5, "surge_ft": 4.5, "flood_active": false, "exposure_score": 0.135, "exposure_category": "low"}, "geometry": {"type": "Polygon", "coordinates": [[[-79.9434778, 32.7856063], [-79.943653, 32.7855612], [-79.9436509, 32.7855555], [-79.9436803, 32.7855479], [-79.9436588, 32.7854891], [-79.9436552, 32.78549], [-79.9436448, 32.7854615], [-79.9435719, 32.7854803], [-79.9435753, 32.7854896], [-79.9434537, 32.7855209], [-79.9434631, 32.7855466], [-79.9434566, 32.7855483], [-79.9434778, 32.7856063]]]}}, {"id": "706", "type": "Feature", "properties": {"id": "a57c5871-ecac-4b03-87bf-0b183c16c167", "name": null, "subtype": "residential", "class": "detached", "height": null, "num_floors": 2, "surge_class": 6, "surge_ft": 5.5, "flood_active": false, "exposure_score": 0.165, "exposure_category": "low"}, "geometry": {"type": "Polygon", "coordinates": [[[-79.9436366, 32.7854084], [-79.9436863, 32.7855464], [-79.9437368, 32.7855335], [-79.9437353, 32.7855292], [-79.9437593, 32.7855231], [-79.9437112, 32.7853894], [-79.9436366, 32.7854084]]]}}, {"id": "707", "type": "Feature", "properties": {"id": "538aa804-ce83-405e-97a3-fd4689514dba", "name": null, "subtype": "residential", "class": "detached", "height": 6.253881454467773, "num_floors": 3, "surge_class": 7, "surge_ft": 6.5, "flood_active": false, "exposure_score": 0.195, "exposure_category": "low"}, "geometry": {"type": "Polygon", "coordinates": [[[-79.9438213, 32.7853461], [-79.9437232, 32.7853705], [-79.9437475, 32.7854398], [-79.9437517, 32.7854388], [-79.9437804, 32.7855204], [-79.9438688, 32.7854985], [-79.9438401, 32.7854166], [-79.9438456, 32.7854152], [-79.9438213, 32.7853461]]]}}, {"id": "708", "type": "Feature", "properties": {"id": "48fd3f8c-b239-4f3b-a82e-cf98112e7281", "name": null, "subtype": "outbuilding", "class": "outbuilding", "height": null, "num_floors": 1, "surge_class": 7, "surge_ft": 6.5, "flood_active": false, "exposure_score": 0.195, "exposure_category": "low"}, "geometry": {"type": "Polygon", "coordinates": [[[-79.9437513, 32.7852541], [-79.9438148, 32.7852377], [-79.9437934, 32.7851792], [-79.9437292, 32.7851958], [-79.9437376, 32.7852189], [-79.9437247, 32.7852223], [-79.9437312, 32.7852402], [-79.9437449, 32.7852366], [-79.9437513, 32.7852541]]]}}, {"id": "709", "type": "Feature", "properties": {"id": "125eb5f6-7f50-4370-a3ca-b66cb1dc754f", "name": null, "subtype": "residential", "class": "detached", "height": 15.0, "num_floors": 4, "surge_class": 6, "surge_ft": 5.5, "flood_active": false, "exposure_score": 0.165, "exposure_category": "low"}, "geometry": {"type": "MultiPolygon", "coordinates": [[[[-79.9439068, 32.785055], [-79.9439045, 32.7850497], [-79.9438107, 32.7850782], [-79.9438426, 32.7851527], [-79.9439344, 32.7851249], [-79.9439261, 32.7851056], [-79.943952, 32.7850978], [-79.9439306, 32.7850478], [-79.9439068, 32.785055]]], [[[-79.9437028, 32.7851032], [-79.9436995, 32.7850961], [-79.9436684, 32.7851062], [-79.9437091, 32.7851951], [-79.9438105, 32.7851624], [-79.9437767, 32.7850884], [-79.9437547, 32.7850955], [-79.943751, 32.7850873], [-79.9437479, 32.7850882], [-79.9437433, 32.7850782], [-79.9437005, 32.785092], [-79.9437052, 32.7851024], [-79.9437028, 32.7851032]]]]}}, {"id": "710", "type": "Feature", "properties": {"id": "b6011b93-b1e4-4733-a645-4bf6b8fc8131", "name": null, "subtype": "residential", "class": "detached", "height": 7.237390041351318, "num_floors": 4, "surge_class": 5, "surge_ft": 4.5, "flood_active": false, "exposure_score": 0.135, "exposure_category": "low"}, "geometry": {"type": "Polygon", "coordinates": [[[-79.9434768, 32.7852632], [-79.9434488, 32.7851872], [-79.9432936, 32.7852276], [-79.9433015, 32.785249], [-79.9432956, 32.7852505], [-79.9433178, 32.7853107], [-79.9434527, 32.7852756], [-79.9434506, 32.7852701], [-79.9434768, 32.7852632]]]}}, {"id": "711", "type": "Feature", "properties": {"id": "a623952c-e1fb-4df6-be3e-2c297f3dd7e0", "name": null, "subtype": "residential", "class": "apartments", "height": 6.504612445831299, "num_floors": 2, "surge_class": 6, "surge_ft": 5.5, "flood_active": false, "exposure_score": 0.165, "exposure_category": "low"}, "geometry": {"type": "Polygon", "coordinates": [[[-79.9435019, 32.7849932], [-79.9432053, 32.7850801], [-79.9432379, 32.7851586], [-79.9435344, 32.7850716], [-79.9435019, 32.7849932]]]}}, {"id": "712", "type": "Feature", "properties": {"id": "e334bcfe-de48-4c94-a8f1-eaf4d5cbc479", "name": null, "subtype": "residential", "class": "detached", "height": 5.0, "num_floors": 1, "surge_class": 6, "surge_ft": 5.5, "flood_active": false, "exposure_score": 0.165, "exposure_category": "low"}, "geometry": {"type": "Polygon", "coordinates": [[[-79.9429452, 32.7853016], [-79.9430735, 32.7852649], [-79.943043, 32.7851895], [-79.9429147, 32.7852262], [-79.9429452, 32.7853016]]]}}, {"id": "713", "type": "Feature", "properties": {"id": "3f598f36-b0a0-4542-981e-18c5cf0d5e7c", "name": "The Gustavus J. Luden House", "subtype": "residential", "class": "detached", "height": 12.0, "num_floors": 4, "surge_class": 6, "surge_ft": 5.5, "flood_active": false, "exposure_score": 0.165, "exposure_category": "low"}, "geometry": {"type": "Polygon", "coordinates": [[[-79.9428386, 32.7851329], [-79.9429876, 32.7850932], [-79.9429799, 32.7850727], [-79.9429753, 32.7850739], [-79.9429541, 32.7850176], [-79.9428108, 32.7850557], [-79.9428125, 32.7850601], [-79.9427915, 32.7850657], [-79.9428177, 32.7851352], [-79.9428375, 32.7851299], [-79.9428386, 32.7851329]]]}}, {"id": "714", "type": "Feature", "properties": {"id": "3b1c22b2-67f0-459e-be1e-683ccba44250", "name": null, "subtype": "residential", "class": "apartments", "height": 10.0, "num_floors": 2, "surge_class": 6, "surge_ft": 5.5, "flood_active": false, "exposure_score": 0.165, "exposure_category": "low"}, "geometry": {"type": "Polygon", "coordinates": [[[-79.9427431, 32.7853495], [-79.9428788, 32.7853117], [-79.9428685, 32.7852857], [-79.9428792, 32.7852827], [-79.9428689, 32.7852566], [-79.9428585, 32.7852595], [-79.9428478, 32.7852324], [-79.9428351, 32.7852359], [-79.9427119, 32.7852703], [-79.9427387, 32.7853383], [-79.9427431, 32.7853495]]]}}, {"id": "715", "type": "Feature", "properties": {"id": "34a858fd-1229-4cc6-9ef6-678aafd7eafe", "name": null, "subtype": "residential", "class": "detached", "height": 10.0, "num_floors": 2, "surge_class": 5, "surge_ft": 4.5, "flood_active": false, "exposure_score": 0.135, "exposure_category": "low"}, "geometry": {"type": "Polygon", "coordinates": [[[-79.9430044, 32.7855179], [-79.9431981, 32.7854691], [-79.9431901, 32.7854467], [-79.9431993, 32.785433], [-79.9431925, 32.7854166], [-79.9431766, 32.7854088], [-79.9431683, 32.7853854], [-79.9430127, 32.7854247], [-79.9430139, 32.7854279], [-79.9429946, 32.7854328], [-79.9430127, 32.7854834], [-79.9429938, 32.7854882], [-79.9430044, 32.7855179]]]}}, {"id": "716", "type": "Feature", "properties": {"id": "7b447101-1261-4f04-8db8-b2be332e175d", "name": null, "subtype": "residential", "class": "detached", "height": 10.0, "num_floors": 3, "surge_class": 5, "surge_ft": 4.5, "flood_active": false, "exposure_score": 0.135, "exposure_category": "low"}, "geometry": {"type": "Polygon", "coordinates": [[[-79.9429313, 32.7853719], [-79.9429475, 32.7854169], [-79.9430287, 32.7853962], [-79.9430248, 32.7853853], [-79.9430857, 32.7853698], [-79.943084, 32.7853653], [-79.9431087, 32.785359], [-79.9430867, 32.7852981], [-79.9430601, 32.7853048], [-79.9430574, 32.7852972], [-79.9429487, 32.7853249], [-79.9429498, 32.7853279], [-79.9429253, 32.7853341], [-79.9429382, 32.7853701], [-79.9429313, 32.7853719]]]}}, {"id": "717", "type": "Feature", "properties": {"id": "b14d26ea-5c87-499e-86ce-02829d9bf8ed", "name": null, "subtype": "residential", "class": "detached", "height": 12.0, "num_floors": 4, "surge_class": 5, "surge_ft": 4.5, "flood_active": false, "exposure_score": 0.135, "exposure_category": "low"}, "geometry": {"type": "Polygon", "coordinates": [[[-79.9430941, 32.7855873], [-79.9432471, 32.7855498], [-79.9432239, 32.7854826], [-79.9430604, 32.7855227], [-79.9430769, 32.7855704], [-79.9430874, 32.7855679], [-79.9430941, 32.7855873]]]}}, {"id": "718", "type": "Feature", "properties": {"id": "8f4c8050-2f48-415e-a52d-12700ae8a639", "name": null, "subtype": "residential", "class": "detached", "height": 12.0, "num_floors": 4, "surge_class": 5, "surge_ft": 4.5, "flood_active": false, "exposure_score": 0.135, "exposure_category": "low"}, "geometry": {"type": "Polygon", "coordinates": [[[-79.9431504, 32.7856737], [-79.9433017, 32.7856369], [-79.9432793, 32.7855721], [-79.9431278, 32.7856091], [-79.9431308, 32.7856177], [-79.9431105, 32.7856227], [-79.9431276, 32.7856721], [-79.9431482, 32.7856671], [-79.9431504, 32.7856737]]]}}, {"id": "719", "type": "Feature", "properties": {"id": "80bc889d-9418-4245-a062-a146336f1221", "name": null, "subtype": "residential", "class": "detached", "height": 12.0, "num_floors": 4, "surge_class": 4, "surge_ft": 3.5, "flood_active": false, "exposure_score": 0.105, "exposure_category": "low"}, "geometry": {"type": "Polygon", "coordinates": [[[-79.94293, 32.7855857], [-79.9429919, 32.7857095], [-79.9430738, 32.7856805], [-79.9430123, 32.7855575], [-79.9430063, 32.7855596], [-79.942995, 32.7855371], [-79.9429305, 32.7855599], [-79.9429414, 32.7855816], [-79.94293, 32.7855857]]]}}, {"id": "720", "type": "Feature", "properties": {"id": "1f10e291-6b97-470c-9165-4ddb54a304bf", "name": null, "subtype": "residential", "class": "apartments", "height": 8.0, "num_floors": 2, "surge_class": 5, "surge_ft": 4.5, "flood_active": false, "exposure_score": 0.135, "exposure_category": "low"}, "geometry": {"type": "Polygon", "coordinates": [[[-79.9431963, 32.7861698], [-79.9432036, 32.786188], [-79.943244, 32.7861766], [-79.9432369, 32.786159], [-79.9432643, 32.7861518], [-79.9432581, 32.7861358], [-79.9433449, 32.7861123], [-79.9433434, 32.7861087], [-79.9433597, 32.7861041], [-79.9433312, 32.7860298], [-79.9433123, 32.786035], [-79.9433102, 32.78603], [-79.9432267, 32.7860549], [-79.9432028, 32.7859932], [-79.9431411, 32.786012], [-79.943202, 32.7861683], [-79.9431963, 32.7861698]]]}}, {"id": "721", "type": "Feature", "properties": {"id": "31d6db78-fb4f-47c7-b8a5-191dc7438d30", "name": null, "subtype": "residential", "class": "apartments", "height": 11.0, "num_floors": 2, "surge_class": 5, "surge_ft": 4.5, "flood_active": false, "exposure_score": 0.135, "exposure_category": "low"}, "geometry": {"type": "Polygon", "coordinates": [[[-79.9431103, 32.7861048], [-79.9431379, 32.7860965], [-79.9431258, 32.7860656], [-79.9431331, 32.786064], [-79.943119, 32.7860259], [-79.9431056, 32.7859897], [-79.9430851, 32.7859339], [-79.9430757, 32.7859084], [-79.9430289, 32.7859204], [-79.9430324, 32.7859291], [-79.9430154, 32.7859178], [-79.9429897, 32.7859254], [-79.9429816, 32.7859432], [-79.9430469, 32.7861239], [-79.9431103, 32.7861048]]]}}, {"id": "722", "type": "Feature", "properties": {"id": "e263491e-2e26-402a-b06d-4f9a92a90fd9", "name": null, "subtype": "residential", "class": "detached", "height": 10.0, "num_floors": 3, "surge_class": 5, "surge_ft": 4.5, "flood_active": false, "exposure_score": 0.135, "exposure_category": "low"}, "geometry": {"type": "Polygon", "coordinates": [[[-79.9429479, 32.7861013], [-79.942958, 32.7861263], [-79.9430037, 32.7861148], [-79.9429929, 32.7860882], [-79.9429985, 32.7860866], [-79.9429905, 32.7860658], [-79.9429524, 32.7859672], [-79.9429473, 32.785954], [-79.942865, 32.7859775], [-79.9428717, 32.7859953], [-79.9428821, 32.7860231], [-79.9429149, 32.7861109], [-79.9429479, 32.7861013]]]}}, {"id": "723", "type": "Feature", "properties": {"id": "1a25103a-f893-4f5d-8a14-5a894b86d951", "name": "John Bickley House", "subtype": "residential", "class": "detached", "height": 13.0, "num_floors": 2, "surge_class": 4, "surge_ft": 3.5, "flood_active": false, "exposure_score": 0.105, "exposure_category": "low"}, "geometry": {"type": "Polygon", "coordinates": [[[-79.942818, 32.7860432], [-79.9427978, 32.7859948], [-79.9425853, 32.7860536], [-79.9426227, 32.7861433], [-79.9426519, 32.7861356], [-79.9427639, 32.7861058], [-79.942789, 32.7861586], [-79.9428651, 32.7861377], [-79.9428429, 32.7860848], [-79.9428313, 32.7860572], [-79.9428246, 32.7860412], [-79.942818, 32.7860432]]]}}, {"id": "724", "type": "Feature", "properties": {"id": "d7779602-7b15-4128-b56d-80d95fea6fca", "name": null, "subtype": "residential", "class": "detached", "height": 11.0, "num_floors": 4, "surge_class": 4, "surge_ft": 3.5, "flood_active": false, "exposure_score": 0.105, "exposure_category": "low"}, "geometry": {"type": "Polygon", "coordinates": [[[-79.9429445, 32.7857114], [-79.9429667, 32.7857031], [-79.9428994, 32.7855753], [-79.9428164, 32.7856062], [-79.9428852, 32.785737], [-79.9429461, 32.7857144], [-79.9429445, 32.7857114]]]}}, {"id": "725", "type": "Feature", "properties": {"id": "e4ccf240-11e4-4f2c-81a4-2c0eff237d49", "name": null, "subtype": "residential", "class": "apartments", "height": 15.0, "num_floors": 5, "surge_class": 5, "surge_ft": 4.5, "flood_active": false, "exposure_score": 0.135, "exposure_category": "low"}, "geometry": {"type": "Polygon", "coordinates": [[[-79.9426146, 32.7856921], [-79.9426884, 32.7857933], [-79.9427343, 32.7857697], [-79.9427384, 32.7857753], [-79.9428117, 32.7857375], [-79.9428098, 32.7857349], [-79.9428375, 32.7857206], [-79.9427297, 32.7855729], [-79.942703, 32.7855867], [-79.9427187, 32.7856084], [-79.9427092, 32.7856133], [-79.942681, 32.7855748], [-79.9426657, 32.7855827], [-79.9426639, 32.7855804], [-79.9425952, 32.7856158], [-79.942641, 32.7856785], [-79.9426146, 32.7856921]]]}}, {"id": "726", "type": "Feature", "properties": {"id": "6dd4ecea-db04-4162-b873-aeefacb09b60", "name": null, "subtype": "residential", "class": "detached", "height": 9.0, "num_floors": 2, "surge_class": 4, "surge_ft": 3.5, "flood_active": false, "exposure_score": 0.105, "exposure_category": "low"}, "geometry": {"type": "Polygon", "coordinates": [[[-79.9421752, 32.7858942], [-79.9421797, 32.7858924], [-79.9421431, 32.785825], [-79.9421395, 32.7858264], [-79.9421146, 32.7857805], [-79.9420898, 32.78579], [-79.942079, 32.7857701], [-79.9420387, 32.7857856], [-79.9420632, 32.7858307], [-79.9420599, 32.7858319], [-79.942106, 32.7859167], [-79.9421265, 32.7859088], [-79.9421284, 32.7859123], [-79.9421424, 32.7859069], [-79.9421561, 32.7859116], [-79.9421709, 32.7859066], [-79.9421752, 32.7858942]]]}}, {"id": "727", "type": "Feature", "properties": {"id": "f2ca69d1-2673-4367-9611-92ab8a775007", "name": "61 Vandy", "subtype": "residential", "class": "apartments", "height": 20.0, "num_floors": 6, "surge_class": 4, "surge_ft": 3.5, "flood_active": false, "exposure_score": 0.105, "exposure_category": "low"}, "geometry": {"type": "Polygon", "coordinates": [[[-79.942303, 32.7858442], [-79.9424733, 32.7857936], [-79.9423366, 32.7854691], [-79.9421664, 32.7855197], [-79.942303, 32.7858442]]]}}, {"id": "728", "type": "Feature", "properties": {"id": "6579dc97-d04d-422f-9fa4-3fb2f850f185", "name": null, "subtype": "residential", "class": "detached", "height": 12.0, "num_floors": 4, "surge_class": 5, "surge_ft": 4.5, "flood_active": false, "exposure_score": 0.135, "exposure_category": "low"}, "geometry": {"type": "Polygon", "coordinates": [[[-79.9420249, 32.785319], [-79.9420442, 32.7853677], [-79.942205, 32.7853227], [-79.94218, 32.7852594], [-79.9421409, 32.7852704], [-79.9421345, 32.785254], [-79.9420181, 32.7852866], [-79.9420304, 32.7853175], [-79.9420249, 32.785319]]]}}, {"id": "729", "type": "Feature", "properties": {"id": "d63d1a58-3237-4c5a-ae95-10af0b4a6f98", "name": null, "subtype": "residential", "class": "apartments", "height": 11.0, "num_floors": 3, "surge_class": 6, "surge_ft": 5.5, "flood_active": false, "exposure_score": 0.165, "exposure_category": "low"}, "geometry": {"type": "Polygon", "coordinates": [[[-79.9425852, 32.7854311], [-79.942676, 32.7853943], [-79.9426621, 32.7853702], [-79.9426696, 32.7853672], [-79.9426555, 32.7853427], [-79.9426498, 32.785345], [-79.942615, 32.7852844], [-79.9425226, 32.7853219], [-79.9425852, 32.7854311]]]}}, {"id": "730", "type": "Feature", "properties": {"id": "113ccc77-bc68-48c3-8f35-102dc5d9f098", "name": null, "subtype": "residential", "class": "detached", "height": 9.0, "num_floors": 2, "surge_class": 6, "surge_ft": 5.5, "flood_active": false, "exposure_score": 0.165, "exposure_category": "low"}, "geometry": {"type": "Polygon", "coordinates": [[[-79.942611, 32.7851841], [-79.9425611, 32.7850635], [-79.9424966, 32.7850824], [-79.9425476, 32.7852056], [-79.9425918, 32.7851927], [-79.9425907, 32.78519], [-79.942611, 32.7851841]]]}}, {"id": "731", "type": "Feature", "properties": {"id": "27c8d2b1-4955-4c43-97ff-80995f3e87fc", "name": null, "subtype": "residential", "class": "detached", "height": 9.0, "num_floors": 2, "surge_class": 7, "surge_ft": 6.5, "flood_active": false, "exposure_score": 0.195, "exposure_category": "low"}, "geometry": {"type": "Polygon", "coordinates": [[[-79.9425132, 32.7852107], [-79.9424733, 32.7851137], [-79.9424695, 32.7851148], [-79.9424618, 32.7850961], [-79.9424037, 32.785113], [-79.9424115, 32.785132], [-79.9424087, 32.7851328], [-79.94245, 32.785233], [-79.9424953, 32.7852197], [-79.9424939, 32.7852163], [-79.9425132, 32.7852107]]]}}, {"id": "732", "type": "Feature", "properties": {"id": "2f1eaa5f-a97b-4f06-b038-6e614d079003", "name": null, "subtype": "residential", "class": "detached", "height": 9.0, "num_floors": 2, "surge_class": 6, "surge_ft": 5.5, "flood_active": false, "exposure_score": 0.165, "exposure_category": "low"}, "geometry": {"type": "Polygon", "coordinates": [[[-79.9423229, 32.7851568], [-79.9423095, 32.7851609], [-79.9423522, 32.7852596], [-79.9424012, 32.7852446], [-79.9423998, 32.7852414], [-79.9424172, 32.7852361], [-79.9423763, 32.7851415], [-79.9423725, 32.7851426], [-79.9423688, 32.785134], [-79.9423581, 32.7851373], [-79.9423496, 32.7851176], [-79.9423111, 32.7851294], [-79.9423229, 32.7851568]]]}}, {"id": "733", "type": "Feature", "properties": {"id": "900b71e5-f204-4141-951f-2e69ac821b8c", "name": null, "subtype": "residential", "class": "detached", "height": 9.0, "num_floors": 2, "surge_class": 6, "surge_ft": 5.5, "flood_active": false, "exposure_score": 0.165, "exposure_category": "low"}, "geometry": {"type": "Polygon", "coordinates": [[[-79.9423214, 32.7852626], [-79.9422705, 32.7851427], [-79.942206, 32.785162], [-79.9422581, 32.7852847], [-79.942303, 32.7852713], [-79.9423018, 32.7852685], [-79.9423214, 32.7852626]]]}}, {"id": "734", "type": "Feature", "properties": {"id": "a83968c9-bd50-4e91-b4b0-c38bffb84c12", "name": null, "subtype": "residential", "class": "detached", "height": 9.0, "num_floors": 2, "surge_class": 4, "surge_ft": 3.5, "flood_active": false, "exposure_score": 0.105, "exposure_category": "low"}, "geometry": {"type": "Polygon", "coordinates": [[[-79.942229, 32.7850237], [-79.9422132, 32.784978], [-79.9421988, 32.7849815], [-79.9421927, 32.7849637], [-79.9421439, 32.7849756], [-79.9421772, 32.7850717], [-79.9422405, 32.7850562], [-79.9422388, 32.7850514], [-79.9422435, 32.7850503], [-79.9422339, 32.7850226], [-79.942229, 32.7850237]]]}}, {"id": "735", "type": "Feature", "properties": {"id": "f0c69d32-7623-4c89-a420-1d101dc93930", "name": null, "subtype": "residential", "class": "detached", "height": 9.0, "num_floors": 2, "surge_class": 4, "surge_ft": 3.5, "flood_active": false, "exposure_score": 0.105, "exposure_category": "low"}, "geometry": {"type": "Polygon", "coordinates": [[[-79.9423261, 32.7850004], [-79.9423102, 32.7849546], [-79.9422958, 32.7849581], [-79.9422897, 32.7849404], [-79.942241, 32.7849523], [-79.9422742, 32.7850484], [-79.9423375, 32.7850329], [-79.9423358, 32.7850281], [-79.9423405, 32.7850269], [-79.9423309, 32.7849992], [-79.9423261, 32.7850004]]]}}, {"id": "736", "type": "Feature", "properties": {"id": "e44b70c5-548f-48fe-8042-01be739f1f67", "name": null, "subtype": "residential", "class": "detached", "height": 9.0, "num_floors": 2, "surge_class": 3, "surge_ft": 2.5, "flood_active": false, "exposure_score": 0.075, "exposure_category": "low"}, "geometry": {"type": "Polygon", "coordinates": [[[-79.9423862, 32.7848122], [-79.9424006, 32.7848087], [-79.9423848, 32.7847629], [-79.9423896, 32.7847617], [-79.94238, 32.784734], [-79.9423754, 32.7847351], [-79.9423737, 32.7847303], [-79.9423104, 32.7847458], [-79.9423437, 32.7848419], [-79.9423924, 32.7848299], [-79.9423862, 32.7848122]]]}}, {"id": "737", "type": "Feature", "properties": {"id": "ac9aab8e-a325-4feb-ab0b-ec13e1cf35ee", "name": null, "subtype": "residential", "class": "detached", "height": 9.0, "num_floors": 2, "surge_class": 4, "surge_ft": 3.5, "flood_active": false, "exposure_score": 0.105, "exposure_category": "low"}, "geometry": {"type": "Polygon", "coordinates": [[[-79.9422822, 32.7848371], [-79.9422966, 32.7848336], [-79.9422808, 32.7847878], [-79.9422856, 32.7847866], [-79.942276, 32.7847589], [-79.9422714, 32.78476], [-79.9422697, 32.7847552], [-79.9422064, 32.7847707], [-79.9422397, 32.7848668], [-79.9422884, 32.7848549], [-79.9422822, 32.7848371]]]}}, {"id": "738", "type": "Feature", "properties": {"id": "c2aa4675-7fc9-42e2-a480-a5c59ce8a85a", "name": null, "subtype": "residential", "class": "detached", "height": 9.0, "num_floors": 2, "surge_class": 3, "surge_ft": 2.5, "flood_active": false, "exposure_score": 0.075, "exposure_category": "low"}, "geometry": {"type": "Polygon", "coordinates": [[[-79.9421804, 32.7848628], [-79.9421948, 32.7848593], [-79.9421789, 32.7848135], [-79.9421838, 32.7848123], [-79.9421742, 32.7847846], [-79.9421695, 32.7847857], [-79.9421679, 32.7847809], [-79.9421046, 32.7847964], [-79.9421378, 32.7848925], [-79.9421866, 32.7848805], [-79.9421804, 32.7848628]]]}}, {"id": "739", "type": "Feature", "properties": {"id": "1035194c-a550-4c3c-a4e4-46fc0771e9fb", "name": null, "subtype": "outbuilding", "class": "shed", "height": 3.0, "num_floors": 1, "surge_class": 4, "surge_ft": 3.5, "flood_active": false, "exposure_score": 0.105, "exposure_category": "low"}, "geometry": {"type": "Polygon", "coordinates": [[[-79.9424308, 32.7846677], [-79.9424418, 32.7847025], [-79.9424873, 32.7846922], [-79.9424762, 32.7846575], [-79.9424308, 32.7846677]]]}}, {"id": "740", "type": "Feature", "properties": {"id": "8833db84-9a8a-44ec-8877-29c2e751fd2a", "name": null, "subtype": "residential", "class": "detached", "height": 8.0, "num_floors": 2, "surge_class": 6, "surge_ft": 5.5, "flood_active": false, "exposure_score": 0.165, "exposure_category": "low"}, "geometry": {"type": "Polygon", "coordinates": [[[-79.9426716, 32.7844799], [-79.9425528, 32.7845068], [-79.9425743, 32.7845741], [-79.9426909, 32.7845477], [-79.9426853, 32.7845303], [-79.9426876, 32.7845298], [-79.9426716, 32.7844799]]]}}, {"id": "741", "type": "Feature", "properties": {"id": "cb5d09d6-2751-445c-880a-cf42770293ee", "name": null, "subtype": "residential", "class": "detached", "height": 8.0, "num_floors": 3, "surge_class": 5, "surge_ft": 4.5, "flood_active": false, "exposure_score": 0.135, "exposure_category": "low"}, "geometry": {"type": "Polygon", "coordinates": [[[-79.9426136, 32.784661], [-79.9427417, 32.7846309], [-79.9427304, 32.7845967], [-79.9427231, 32.7845984], [-79.9427167, 32.7845794], [-79.9425923, 32.7846087], [-79.9425724, 32.784599], [-79.942552, 32.7846039], [-79.9425436, 32.7846176], [-79.9425445, 32.7846204], [-79.9425052, 32.7846297], [-79.9425156, 32.7846608], [-79.9425322, 32.7846569], [-79.9425382, 32.7846748], [-79.9426124, 32.7846574], [-79.9426136, 32.784661]]]}}, {"id": "742", "type": "Feature", "properties": {"id": "8cd9c363-1889-4001-ab58-de8cb11744e0", "name": null, "subtype": "residential", "class": "detached", "height": 9.0, "num_floors": 2, "surge_class": 5, "surge_ft": 4.5, "flood_active": false, "exposure_score": 0.135, "exposure_category": "low"}, "geometry": {"type": "Polygon", "coordinates": [[[-79.9425914, 32.7847609], [-79.9426058, 32.7847574], [-79.9425899, 32.7847116], [-79.9425948, 32.7847104], [-79.9425852, 32.7846827], [-79.9425805, 32.7846838], [-79.9425788, 32.784679], [-79.9425156, 32.7846945], [-79.9425488, 32.7847906], [-79.9425975, 32.7847787], [-79.9425914, 32.7847609]]]}}, {"id": "743", "type": "Feature", "properties": {"id": "79395bb7-fe67-47e3-9e76-681659eda304", "name": null, "subtype": "residential", "class": "detached", "height": 9.0, "num_floors": 2, "surge_class": 4, "surge_ft": 3.5, "flood_active": false, "exposure_score": 0.105, "exposure_category": "low"}, "geometry": {"type": "Polygon", "coordinates": [[[-79.9424897, 32.7847866], [-79.9425041, 32.7847831], [-79.9424882, 32.7847373], [-79.9424931, 32.7847361], [-79.9424835, 32.7847084], [-79.9424788, 32.7847095], [-79.9424771, 32.7847047], [-79.9424138, 32.7847202], [-79.9424471, 32.7848163], [-79.9424958, 32.7848044], [-79.9424897, 32.7847866]]]}}, {"id": "744", "type": "Feature", "properties": {"id": "eac5dc94-618d-440a-be74-846d2806ac5b", "name": null, "subtype": "residential", "class": "detached", "height": 9.0, "num_floors": 2, "surge_class": 4, "surge_ft": 3.5, "flood_active": false, "exposure_score": 0.105, "exposure_category": "low"}, "geometry": {"type": "Polygon", "coordinates": [[[-79.9425229, 32.7849515], [-79.942507, 32.7849058], [-79.9424927, 32.7849093], [-79.9424865, 32.7848915], [-79.9424378, 32.7849034], [-79.9424711, 32.7849995], [-79.9425344, 32.784984], [-79.9425327, 32.7849792], [-79.9425373, 32.7849781], [-79.9425277, 32.7849504], [-79.9425229, 32.7849515]]]}}, {"id": "745", "type": "Feature", "properties": {"id": "da5e52ce-513b-4706-8c9e-c9a1035e6232", "name": null, "subtype": "residential", "class": "detached", "height": 9.0, "num_floors": 2, "surge_class": 5, "surge_ft": 4.5, "flood_active": false, "exposure_score": 0.135, "exposure_category": "low"}, "geometry": {"type": "Polygon", "coordinates": [[[-79.942425, 32.7849767], [-79.9424091, 32.7849309], [-79.9423947, 32.7849345], [-79.9423886, 32.7849167], [-79.9423399, 32.7849286], [-79.9423731, 32.7850247], [-79.9424364, 32.7850092], [-79.9424347, 32.7850044], [-79.9424394, 32.7850032], [-79.9424298, 32.7849755], [-79.942425, 32.7849767]]]}}, {"id": "746", "type": "Feature", "properties": {"id": "3b7e71ec-90b5-451c-aea3-7ead30cd5bed", "name": null, "subtype": "residential", "class": "detached", "height": 9.0, "num_floors": 2, "surge_class": 5, "surge_ft": 4.5, "flood_active": false, "exposure_score": 0.135, "exposure_category": "low"}, "geometry": {"type": "Polygon", "coordinates": [[[-79.9426203, 32.7849283], [-79.9426044, 32.7848825], [-79.9425901, 32.7848861], [-79.9425839, 32.7848683], [-79.9425352, 32.7848802], [-79.9425685, 32.7849763], [-79.9426318, 32.7849608], [-79.9426301, 32.784956], [-79.9426347, 32.7849548], [-79.9426251, 32.7849271], [-79.9426203, 32.7849283]]]}}, {"id": "747", "type": "Feature", "properties": {"id": "0f73ac19-2646-4293-877b-345eae42de3a", "name": null, "subtype": "residential", "class": "detached", "height": 9.0, "num_floors": 2, "surge_class": 5, "surge_ft": 4.5, "flood_active": false, "exposure_score": 0.135, "exposure_category": "low"}, "geometry": {"type": "Polygon", "coordinates": [[[-79.9427217, 32.7849059], [-79.9427046, 32.7848569], [-79.9426892, 32.7848607], [-79.9426833, 32.7848436], [-79.9426328, 32.7848561], [-79.942666, 32.7849514], [-79.9427318, 32.7849352], [-79.942729, 32.7849271], [-79.9427313, 32.7849265], [-79.9427239, 32.7849054], [-79.9427217, 32.7849059]]]}}, {"id": "748", "type": "Feature", "properties": {"id": "fa08f952-064e-499d-a275-0be1ff00da2c", "name": null, "subtype": "residential", "class": "detached", "height": 10.0, "num_floors": 3, "surge_class": 6, "surge_ft": 5.5, "flood_active": false, "exposure_score": 0.165, "exposure_category": "low"}, "geometry": {"type": "Polygon", "coordinates": [[[-79.9428385, 32.7848309], [-79.9427459, 32.7848536], [-79.9427713, 32.7849267], [-79.9428861, 32.7848985], [-79.9428664, 32.7848415], [-79.942844, 32.784847], [-79.9428385, 32.7848309]]]}}, {"id": "749", "type": "Feature", "properties": {"id": "fc3ceeb8-0667-4988-95bb-a8b83a995368", "name": null, "subtype": "residential", "class": "detached", "height": 11.0, "num_floors": 3, "surge_class": 6, "surge_ft": 5.5, "flood_active": false, "exposure_score": 0.165, "exposure_category": "low"}, "geometry": {"type": "Polygon", "coordinates": [[[-79.9427936, 32.785047], [-79.9429363, 32.7850084], [-79.9429154, 32.7849539], [-79.9429122, 32.7849547], [-79.9429042, 32.7849338], [-79.9427865, 32.7849655], [-79.9427969, 32.7849926], [-79.9428133, 32.7849882], [-79.9428175, 32.7849993], [-79.9427794, 32.7850097], [-79.9427936, 32.785047]]]}}, {"id": "750", "type": "Feature", "properties": {"id": "6eac1e21-3c6d-4630-9144-00a8caf13b33", "name": null, "subtype": "residential", "class": "detached", "height": 7.133528709411621, "num_floors": 2, "surge_class": 6, "surge_ft": 5.5, "flood_active": false, "exposure_score": 0.165, "exposure_category": "low"}, "geometry": {"type": "Polygon", "coordinates": [[[-79.9430935, 32.7849396], [-79.9433219, 32.7848786], [-79.9433209, 32.7848761], [-79.9433545, 32.7848671], [-79.9433521, 32.7848609], [-79.9434032, 32.7848473], [-79.9433897, 32.7848115], [-79.9433063, 32.7848338], [-79.9433054, 32.7848313], [-79.9432141, 32.7848557], [-79.94319, 32.7848543], [-79.9431868, 32.7848458], [-79.9430999, 32.784869], [-79.9431032, 32.7848777], [-79.9430799, 32.7848839], [-79.943084, 32.7848945], [-79.9430771, 32.7848964], [-79.9430935, 32.7849396]]]}}, {"id": "751", "type": "Feature", "properties": {"id": "fe16c55d-f8a1-4f47-8a97-4b4160169cc1", "name": null, "subtype": "residential", "class": "detached", "height": 6.478325843811035, "num_floors": 2, "surge_class": 6, "surge_ft": 5.5, "flood_active": false, "exposure_score": 0.165, "exposure_category": "low"}, "geometry": {"type": "Polygon", "coordinates": [[[-79.9431463, 32.7847731], [-79.9430378, 32.7848048], [-79.9430436, 32.7848189], [-79.9430394, 32.7848201], [-79.9430547, 32.7848571], [-79.9431678, 32.7848241], [-79.9431667, 32.7848213], [-79.9431841, 32.7848162], [-79.9431855, 32.7848196], [-79.9432599, 32.7847978], [-79.9432385, 32.7847461], [-79.9431645, 32.7847678], [-79.9431655, 32.7847702], [-79.9431473, 32.7847755], [-79.9431463, 32.7847731]]]}}, {"id": "752", "type": "Feature", "properties": {"id": "ab2b97a3-d7d1-4eb3-9439-ccc383cc0bae", "name": null, "subtype": "residential", "class": "detached", "height": 7.189363479614258, "num_floors": 3, "surge_class": 7, "surge_ft": 6.5, "flood_active": false, "exposure_score": 0.195, "exposure_category": "low"}, "geometry": {"type": "Polygon", "coordinates": [[[-79.9430872, 32.7846202], [-79.9430853, 32.7846146], [-79.9430484, 32.7846239], [-79.9430505, 32.7846296], [-79.9429759, 32.7846484], [-79.942981, 32.7846628], [-79.9429761, 32.784664], [-79.9429906, 32.7847046], [-79.9431085, 32.7846749], [-79.9431076, 32.7846726], [-79.9431492, 32.7846621], [-79.9431304, 32.7846094], [-79.9430872, 32.7846202]]]}}, {"id": "753", "type": "Feature", "properties": {"id": "98ce618d-7031-4899-b8d9-0741d19f49f7", "name": null, "subtype": "residential", "class": "detached", "height": 6.467555999755859, "num_floors": 2, "surge_class": 6, "surge_ft": 5.5, "flood_active": false, "exposure_score": 0.165, "exposure_category": "low"}, "geometry": {"type": "Polygon", "coordinates": [[[-79.9430003, 32.7847512], [-79.9429946, 32.7847527], [-79.9430088, 32.7847908], [-79.943186, 32.7847441], [-79.9431698, 32.7847006], [-79.9431329, 32.7847103], [-79.9431269, 32.7846942], [-79.9430793, 32.7847067], [-79.9430807, 32.7847105], [-79.9429937, 32.7847335], [-79.9430003, 32.7847512]]]}}, {"id": "754", "type": "Feature", "properties": {"id": "30d813af-b5fc-4c77-99fe-284dd253ecdd", "name": null, "subtype": "outbuilding", "class": "carport", "height": null, "num_floors": 1, "surge_class": 5, "surge_ft": 4.5, "flood_active": false, "exposure_score": 0.135, "exposure_category": "low"}, "geometry": {"type": "Polygon", "coordinates": [[[-79.9429064, 32.784575], [-79.9429254, 32.7846269], [-79.9430036, 32.7846068], [-79.9429846, 32.7845548], [-79.9429064, 32.784575]]]}}, {"id": "755", "type": "Feature", "properties": {"id": "7b76613c-c14e-4b2f-8293-5ffd45af57f6", "name": null, "subtype": "residential", "class": "detached", "height": 9.0, "num_floors": 2, "surge_class": 6, "surge_ft": 5.5, "flood_active": false, "exposure_score": 0.165, "exposure_category": "low"}, "geometry": {"type": "Polygon", "coordinates": [[[-79.9427703, 32.7846775], [-79.94265, 32.7847085], [-79.9426694, 32.7847618], [-79.9427898, 32.7847308], [-79.9427703, 32.7846775]]]}}, {"id": "756", "type": "Feature", "properties": {"id": "007175bd-653e-46d0-a0a8-b1c12265e356", "name": null, "subtype": "commercial", "class": "commercial", "height": 7.924040794372559, "num_floors": 2, "surge_class": 3, "surge_ft": 2.5, "flood_active": false, "exposure_score": 0.075, "exposure_category": "low"}, "geometry": {"type": "Polygon", "coordinates": [[[-79.9427083, 32.7841204], [-79.9426557, 32.784134], [-79.9427098, 32.7842727], [-79.9427298, 32.7843045], [-79.9427532, 32.7842972], [-79.9427685, 32.7843362], [-79.9427536, 32.7843394], [-79.9427889, 32.7844046], [-79.9428064, 32.7844001], [-79.9428165, 32.7844277], [-79.9428415, 32.7844958], [-79.9428823, 32.7845666], [-79.9429997, 32.7845372], [-79.942955, 32.7844163], [-79.9429204, 32.7844253], [-79.9428932, 32.7843517], [-79.9429328, 32.7843415], [-79.9429067, 32.7842713], [-79.9430187, 32.7842426], [-79.9429873, 32.7841529], [-79.9428688, 32.7841828], [-79.9428367, 32.7840873], [-79.9427822, 32.7841014], [-79.9427752, 32.7840935], [-79.9427643, 32.7840865], [-79.9427528, 32.7840835], [-79.9427408, 32.7840836], [-79.9427294, 32.7840867], [-79.9427196, 32.7840926], [-79.9427125, 32.7841007], [-79.9427086, 32.7841103], [-79.9427083, 32.7841204]]]}}, {"id": "757", "type": "Feature", "properties": {"id": "a95a40b5-f9f2-4ae2-901b-84a40d4b4c57", "name": null, "subtype": "residential", "class": "apartments", "height": 11.0, "num_floors": 3, "surge_class": 5, "surge_ft": 4.5, "flood_active": false, "exposure_score": 0.135, "exposure_category": "low"}, "geometry": {"type": "Polygon", "coordinates": [[[-79.9426245, 32.7844109], [-79.9426141, 32.784384], [-79.9424576, 32.7844265], [-79.9424595, 32.7844314], [-79.9424285, 32.7844398], [-79.9424566, 32.7845131], [-79.9426488, 32.784461], [-79.942629, 32.7844096], [-79.9426245, 32.7844109]]]}}, {"id": "758", "type": "Feature", "properties": {"id": "ee398bd5-2869-435f-a489-6f4a4cd92d36", "name": null, "subtype": "residential", "class": "apartments", "height": 9.0, "num_floors": 2, "surge_class": 2, "surge_ft": 1.5, "flood_active": false, "exposure_score": 0.045, "exposure_category": "low"}, "geometry": {"type": "Polygon", "coordinates": [[[-79.9423893, 32.7845029], [-79.9424341, 32.7844926], [-79.9424096, 32.7844165], [-79.9423647, 32.7844267], [-79.9423893, 32.7845029]]]}}, {"id": "759", "type": "Feature", "properties": {"id": "6d4182e8-d1aa-4d98-842d-914a1df1e69e", "name": null, "subtype": "commercial", "class": "retail", "height": 8.0, "num_floors": 2, "surge_class": 3, "surge_ft": 2.5, "flood_active": false, "exposure_score": 0.075, "exposure_category": "low"}, "geometry": {"type": "Polygon", "coordinates": [[[-79.9423544, 32.7844125], [-79.9424881, 32.784381], [-79.9424304, 32.7842082], [-79.9424502, 32.7842035], [-79.9424544, 32.784216], [-79.9424914, 32.7842073], [-79.94247, 32.7841433], [-79.9424362, 32.7841274], [-79.9422721, 32.7841661], [-79.9423544, 32.7844125]]]}}, {"id": "760", "type": "Feature", "properties": {"id": "656cd21a-5fa9-4d64-91f8-9dd269f64495", "name": null, "subtype": "commercial", "class": "office", "height": 4.0, "num_floors": 1, "surge_class": 3, "surge_ft": 2.5, "flood_active": false, "exposure_score": 0.075, "exposure_category": "low"}, "geometry": {"type": "Polygon", "coordinates": [[[-79.9422407, 32.7844312], [-79.9422865, 32.784418], [-79.9422348, 32.7842916], [-79.9422209, 32.7842956], [-79.9422079, 32.7842638], [-79.9421075, 32.7842928], [-79.9421832, 32.7844782], [-79.9422517, 32.7844584], [-79.9422407, 32.7844312]]]}}, {"id": "761", "type": "Feature", "properties": {"id": "6d6b663b-0804-4bfa-8ab7-1a3031737bab", "name": "The Richard Holloway Tenement", "subtype": "residential", "class": "apartments", "height": 10.0, "num_floors": 3, "surge_class": 4, "surge_ft": 3.5, "flood_active": false, "exposure_score": 0.105, "exposure_category": "low"}, "geometry": {"type": "Polygon", "coordinates": [[[-79.9419271, 32.7838676], [-79.9420131, 32.7840398], [-79.942093, 32.7840218], [-79.9420497, 32.783927], [-79.9420437, 32.7839287], [-79.9420109, 32.7838726], [-79.9419904, 32.783882], [-79.9419725, 32.7838495], [-79.9419271, 32.7838676]]]}}, {"id": "762", "type": "Feature", "properties": {"id": "cb8901d9-d7a3-45cf-831a-b48ca49faedd", "name": null, "subtype": "commercial", "class": "office", "height": 4.947308540344238, "num_floors": 1, "surge_class": 2, "surge_ft": 1.5, "flood_active": false, "exposure_score": 0.045, "exposure_category": "low"}, "geometry": {"type": "Polygon", "coordinates": [[[-79.9419357, 32.7839488], [-79.9418627, 32.7838081], [-79.9417427, 32.7838521], [-79.9418545, 32.7840676], [-79.9418884, 32.7840552], [-79.9418902, 32.7840587], [-79.9419363, 32.7840419], [-79.9419344, 32.7840383], [-79.9419953, 32.7840159], [-79.9419565, 32.7839412], [-79.9419357, 32.7839488]]]}}, {"id": "763", "type": "Feature", "properties": {"id": "c45c54d9-c8df-4bea-ad1b-4138d493fc2d", "name": null, "subtype": "commercial", "class": "commercial", "height": 8.323587417602539, "num_floors": 3, "surge_class": 3, "surge_ft": 2.5, "flood_active": false, "exposure_score": 0.075, "exposure_category": "low"}, "geometry": {"type": "Polygon", "coordinates": [[[-79.9417695, 32.7839854], [-79.9417288, 32.7839087], [-79.9417115, 32.7839152], [-79.9417051, 32.7839032], [-79.94168, 32.7839126], [-79.9416869, 32.7839255], [-79.9416704, 32.7839317], [-79.9416678, 32.7839267], [-79.9416012, 32.7839517], [-79.941674, 32.7840886], [-79.9417369, 32.784065], [-79.9417299, 32.7840519], [-79.9417925, 32.7840284], [-79.9417874, 32.7840188], [-79.9417913, 32.7840106], [-79.9417808, 32.7839883], [-79.9417695, 32.7839854]]]}}, {"id": "764", "type": "Feature", "properties": {"id": "407ac5c7-942a-4901-bae5-d3d07c390c15", "name": null, "subtype": "commercial", "class": "commercial", "height": 7.0, "num_floors": 1, "surge_class": 1, "surge_ft": 0.5, "flood_active": false, "exposure_score": 0.015, "exposure_category": "low"}, "geometry": {"type": "Polygon", "coordinates": [[[-79.9415301, 32.7845508], [-79.9416112, 32.7845213], [-79.9415238, 32.7843517], [-79.9414427, 32.7843812], [-79.9415301, 32.7845508]]]}}, {"id": "765", "type": "Feature", "properties": {"id": "05a5c980-b715-4904-929e-36732db0f668", "name": "The Burnham Huger House", "subtype": "residential", "class": "apartments", "height": 16.0, "num_floors": 4, "surge_class": 2, "surge_ft": 1.5, "flood_active": false, "exposure_score": 0.045, "exposure_category": "low"}, "geometry": {"type": "Polygon", "coordinates": [[[-79.9417113, 32.7843677], [-79.94176, 32.7844622], [-79.941896, 32.7844128], [-79.9418472, 32.7843179], [-79.9418412, 32.7843201], [-79.9418314, 32.784301], [-79.9417062, 32.7843466], [-79.9417162, 32.7843659], [-79.9417113, 32.7843677]]]}}, {"id": "766", "type": "Feature", "properties": {"id": "dc984542-b54f-4aa9-beb4-754f6a14e7d4", "name": "Old Bethel United Methodist Church", "subtype": "religious", "class": "church", "height": 12.0, "num_floors": 2, "surge_class": 1, "surge_ft": 0.5, "flood_active": false, "exposure_score": 0.015, "exposure_category": "low"}, "geometry": {"type": "Polygon", "coordinates": [[[-79.9419333, 32.7843215], [-79.9419241, 32.7843244], [-79.9420008, 32.7844942], [-79.9420088, 32.7844917], [-79.9420166, 32.784509], [-79.941997, 32.7845152], [-79.9420369, 32.7846035], [-79.9420787, 32.7845901], [-79.9421217, 32.7846853], [-79.9422195, 32.7846541], [-79.9420567, 32.7842936], [-79.9420472, 32.7842966], [-79.9420353, 32.7842702], [-79.9419259, 32.7843052], [-79.9419333, 32.7843215]]]}}, {"id": "767", "type": "Feature", "properties": {"id": "f66ca27a-d3a1-408f-8ca4-58c0472450da", "name": null, "subtype": "residential", "class": "apartments", "height": 8.0, "num_floors": 2, "surge_class": 2, "surge_ft": 1.5, "flood_active": false, "exposure_score": 0.045, "exposure_category": "low"}, "geometry": {"type": "Polygon", "coordinates": [[[-79.9417777, 32.784501], [-79.9418269, 32.7845951], [-79.9418955, 32.7845697], [-79.9418462, 32.7844756], [-79.9417777, 32.784501]]]}}, {"id": "768", "type": "Feature", "properties": {"id": "0b34b615-d403-4cae-9e67-d45281bbf9bf", "name": null, "subtype": "residential", "class": "apartments", "height": 7.0, "num_floors": 2, "surge_class": 3, "surge_ft": 2.5, "flood_active": false, "exposure_score": 0.075, "exposure_category": "low"}, "geometry": {"type": "Polygon", "coordinates": [[[-79.9418587, 32.7849397], [-79.9418722, 32.7849824], [-79.9419661, 32.7849613], [-79.9419525, 32.7849186], [-79.9418587, 32.7849397]]]}}, {"id": "769", "type": "Feature", "properties": {"id": "64709b70-8b50-409c-9134-e2517324373e", "name": null, "subtype": "residential", "class": "apartments", "height": 9.0, "num_floors": 2, "surge_class": 4, "surge_ft": 3.5, "flood_active": false, "exposure_score": 0.105, "exposure_category": "low"}, "geometry": {"type": "Polygon", "coordinates": [[[-79.9416918, 32.7848808], [-79.9417053, 32.7849281], [-79.9418647, 32.7848959], [-79.9418511, 32.7848486], [-79.9416918, 32.7848808]]]}}, {"id": "770", "type": "Feature", "properties": {"id": "b6e9d02d-c7ea-4e6c-abd3-7dfc61493ad3", "name": null, "subtype": "residential", "class": "apartments", "height": 11.0, "num_floors": 3, "surge_class": 4, "surge_ft": 3.5, "flood_active": false, "exposure_score": 0.105, "exposure_category": "low"}, "geometry": {"type": "Polygon", "coordinates": [[[-79.941404, 32.7849874], [-79.9414073, 32.7849996], [-79.9415958, 32.7849632], [-79.9415848, 32.7849228], [-79.9416066, 32.7849185], [-79.941596, 32.7848797], [-79.9413881, 32.7849199], [-79.9413922, 32.784935], [-79.9413865, 32.7849361], [-79.9414007, 32.784988], [-79.941404, 32.7849874]]]}}, {"id": "771", "type": "Feature", "properties": {"id": "e2f4a346-1872-48c5-8421-3968b72d698e", "name": null, "subtype": "outbuilding", "class": "shed", "height": 4.0, "num_floors": 1, "surge_class": 2, "surge_ft": 1.5, "flood_active": false, "exposure_score": 0.045, "exposure_category": "low"}, "geometry": {"type": "Polygon", "coordinates": [[[-79.9415626, 32.7847206], [-79.9415723, 32.78475], [-79.9416408, 32.784734], [-79.9416311, 32.7847046], [-79.9415626, 32.7847206]]]}}, {"id": "772", "type": "Feature", "properties": {"id": "ed4ea4f3-e291-4f48-a359-2d6dbc1eccc7", "name": null, "subtype": "outbuilding", "class": "outbuilding", "height": 5.0, "num_floors": 1, "surge_class": 2, "surge_ft": 1.5, "flood_active": false, "exposure_score": 0.045, "exposure_category": "low"}, "geometry": {"type": "Polygon", "coordinates": [[[-79.9416335, 32.7846989], [-79.9416639, 32.7848005], [-79.9417375, 32.7847849], [-79.9417071, 32.7846834], [-79.9416335, 32.7846989]]]}}, {"id": "773", "type": "Feature", "properties": {"id": "1b797479-90c1-44a3-aff2-6bf6cdf669b3", "name": null, "subtype": "residential", "class": "detached", "height": 12.0, "num_floors": 3, "surge_class": 1, "surge_ft": 0.5, "flood_active": false, "exposure_score": 0.015, "exposure_category": "low"}, "geometry": {"type": "Polygon", "coordinates": [[[-79.9415961, 32.7844008], [-79.9416923, 32.7845854], [-79.9417409, 32.7845675], [-79.9417295, 32.7845456], [-79.9417759, 32.7845285], [-79.9416928, 32.7843694], [-79.9416757, 32.7843757], [-79.9416618, 32.784349], [-79.9416039, 32.7843704], [-79.941616, 32.7843935], [-79.9415961, 32.7844008]]]}}, {"id": "774", "type": "Feature", "properties": {"id": "7e4def04-ce98-4c34-b5d5-a8dceb398178", "name": "The Frederick Shaffer House", "subtype": "residential", "class": "apartments", "height": 15.0, "num_floors": 4, "surge_class": 0, "surge_ft": 0.0, "flood_active": false, "exposure_score": 0.0, "exposure_category": "none"}, "geometry": {"type": "Polygon", "coordinates": [[[-79.9411833, 32.7845287], [-79.9412088, 32.7845985], [-79.9412476, 32.7845885], [-79.9412577, 32.7846162], [-79.9412999, 32.7846053], [-79.9413069, 32.7846244], [-79.9413809, 32.7846052], [-79.9413738, 32.7845858], [-79.9414347, 32.7845701], [-79.9414248, 32.7845432], [-79.9414633, 32.7845332], [-79.9414376, 32.7844628], [-79.9413984, 32.784473], [-79.9413886, 32.7844461], [-79.9413808, 32.7844481], [-79.9413713, 32.784422], [-79.9412084, 32.784464], [-79.9412181, 32.7844907], [-79.9412124, 32.7844922], [-79.941222, 32.7845187], [-79.9411833, 32.7845287]]]}}, {"id": "775", "type": "Feature", "properties": {"id": "364a058f-c4c3-497b-91c6-67319e653135", "name": null, "subtype": "residential", "class": "detached", "height": 8.0, "num_floors": 2, "surge_class": 0, "surge_ft": 0.0, "flood_active": false, "exposure_score": 0.0, "exposure_category": "none"}, "geometry": {"type": "Polygon", "coordinates": [[[-79.9413143, 32.7847911], [-79.9413197, 32.7848075], [-79.9415107, 32.7847635], [-79.9414842, 32.7846822], [-79.9412932, 32.7847262], [-79.9413057, 32.7847647], [-79.9412995, 32.7847721], [-79.9413053, 32.7847887], [-79.9413143, 32.7847911]]]}}, {"id": "776", "type": "Feature", "properties": {"id": "ed76d524-b5a2-4b4b-b662-d71318afd6f2", "name": null, "subtype": "residential", "class": "detached", "height": 12.0, "num_floors": 3, "surge_class": 2, "surge_ft": 1.5, "flood_active": false, "exposure_score": 0.045, "exposure_category": "low"}, "geometry": {"type": "Polygon", "coordinates": [[[-79.9413732, 32.7848905], [-79.9413742, 32.7848934], [-79.9414248, 32.7848814], [-79.9414269, 32.7848879], [-79.9414762, 32.7848762], [-79.941474, 32.7848698], [-79.9415134, 32.7848604], [-79.9415057, 32.7848374], [-79.941491, 32.7848409], [-79.9414749, 32.7847933], [-79.9414489, 32.7847995], [-79.9414471, 32.7847943], [-79.9413498, 32.7848174], [-79.9413512, 32.7848216], [-79.9413287, 32.784827], [-79.9413437, 32.7848715], [-79.9413465, 32.7848708], [-79.9413547, 32.7848949], [-79.9413732, 32.7848905]]]}}, {"id": "777", "type": "Feature", "properties": {"id": "442d4e3f-7074-4adf-b894-a3cf87bff467", "name": null, "subtype": "residential", "class": "detached", "height": 10.0, "num_floors": 2, "surge_class": 4, "surge_ft": 3.5, "flood_active": false, "exposure_score": 0.105, "exposure_category": "low"}, "geometry": {"type": "Polygon", "coordinates": [[[-79.9410206, 32.7850614], [-79.9412246, 32.7850036], [-79.9411969, 32.7849442], [-79.9409949, 32.7850019], [-79.9410037, 32.7850239], [-79.9409926, 32.7850271], [-79.9409882, 32.7850387], [-79.9409947, 32.785052], [-79.941005, 32.785058], [-79.9410178, 32.7850543], [-79.9410206, 32.7850614]]]}}, {"id": "778", "type": "Feature", "properties": {"id": "8eda3fe4-5603-4357-93e4-a166cf76a5f6", "name": "The Lazarus-Legerton House", "subtype": "residential", "class": "apartments", "height": 16.0, "num_floors": 3, "surge_class": 3, "surge_ft": 2.5, "flood_active": false, "exposure_score": 0.075, "exposure_category": "low"}, "geometry": {"type": "Polygon", "coordinates": [[[-79.9409899, 32.7848706], [-79.9409763, 32.7848896], [-79.9409943, 32.7849401], [-79.9410042, 32.7849376], [-79.9410166, 32.7849726], [-79.9411658, 32.7849351], [-79.9411373, 32.7848549], [-79.9411318, 32.7848563], [-79.9411249, 32.7848367], [-79.9409899, 32.7848706]]]}}, {"id": "779", "type": "Feature", "properties": {"id": "f4d0c503-90b8-4c1c-8317-4344de3995d5", "name": null, "subtype": "residential", "class": "apartments", "height": 12.0, "num_floors": 2, "surge_class": 1, "surge_ft": 0.5, "flood_active": false, "exposure_score": 0.015, "exposure_category": "low"}, "geometry": {"type": "Polygon", "coordinates": [[[-79.941045, 32.7847299], [-79.9408162, 32.7847889], [-79.9408338, 32.7848372], [-79.9408593, 32.7848306], [-79.9408725, 32.7848669], [-79.9410758, 32.7848145], [-79.941045, 32.7847299]]]}}, {"id": "780", "type": "Feature", "properties": {"id": "9f1efa04-2eaf-4790-bf21-67d9f9f27325", "name": "Bethel United Methodist Church", "subtype": "religious", "class": "church", "height": 15.0, "num_floors": 2, "surge_class": 0, "surge_ft": 0.0, "flood_active": false, "exposure_score": 0.0, "exposure_category": "none"}, "geometry": {"type": "Polygon", "coordinates": [[[-79.9412074, 32.7839003], [-79.941178, 32.783847], [-79.9409523, 32.7839352], [-79.9409372, 32.7839411], [-79.9408696, 32.7839675], [-79.9409614, 32.7841336], [-79.9412679, 32.784014], [-79.9412386, 32.783961], [-79.9413021, 32.7839362], [-79.9412981, 32.7839288], [-79.9413103, 32.783924], [-79.9412876, 32.783883], [-79.9412746, 32.783888], [-79.9412718, 32.783883], [-79.9412683, 32.7838765], [-79.9412074, 32.7839003]]]}}, {"id": "781", "type": "Feature", "properties": {"id": "b9377c12-e953-4ba5-bb6e-abf093053dc5", "name": null, "subtype": "residential", "class": "detached", "height": 5.727570533752441, "num_floors": 2, "surge_class": 0, "surge_ft": 0.0, "flood_active": false, "exposure_score": 0.0, "exposure_category": "none"}, "geometry": {"type": "Polygon", "coordinates": [[[-79.9405668, 32.7841268], [-79.9406838, 32.7840799], [-79.9406495, 32.7840193], [-79.9405325, 32.7840662], [-79.9405668, 32.7841268]]]}}, {"id": "782", "type": "Feature", "properties": {"id": "6fdc4c12-c99f-4ed7-82e8-d1c72fa6a327", "name": "Richard Brenan House", "subtype": "residential", "class": "detached", "height": 15.0, "num_floors": 3, "surge_class": 0, "surge_ft": 0.0, "flood_active": false, "exposure_score": 0.0, "exposure_category": "none"}, "geometry": {"type": "Polygon", "coordinates": [[[-79.9404147, 32.7842578], [-79.9404109, 32.7842593], [-79.9404755, 32.7843784], [-79.9405584, 32.7843466], [-79.9405571, 32.7843442], [-79.9405825, 32.7843345], [-79.9405061, 32.7841937], [-79.9404742, 32.784206], [-79.9404863, 32.7842283], [-79.9404475, 32.7842431], [-79.9404325, 32.7842154], [-79.9404692, 32.7842014], [-79.9404109, 32.7840939], [-79.9403924, 32.784101], [-79.9403666, 32.7840534], [-79.9403859, 32.784046], [-79.9403722, 32.7840207], [-79.9403009, 32.784048], [-79.9404147, 32.7842578]]]}}, {"id": "783", "type": "Feature", "properties": {"id": "e1610a75-2645-4fed-8b02-2da314917f6b", "name": null, "subtype": "residential", "class": "detached", "height": 7.556191921234131, "num_floors": 3, "surge_class": 0, "surge_ft": 0.0, "flood_active": false, "exposure_score": 0.0, "exposure_category": "none"}, "geometry": {"type": "Polygon", "coordinates": [[[-79.9406465, 32.7840018], [-79.9406126, 32.7839332], [-79.9404466, 32.7839912], [-79.9404806, 32.7840599], [-79.9406465, 32.7840018]]]}}, {"id": "784", "type": "Feature", "properties": {"id": "ff9e6e20-d5a9-4d78-819d-a8f98e6a72f2", "name": "Marlene & Nathan Addlestone Library", "subtype": "education", "class": "library", "height": 15.0, "num_floors": 3, "surge_class": 0, "surge_ft": 0.0, "flood_active": false, "exposure_score": 0.0, "exposure_category": "none"}, "geometry": {"type": "Polygon", "coordinates": [[[-79.9401415, 32.7839045], [-79.9401624, 32.7838961], [-79.9400849, 32.7837591], [-79.9400411, 32.7837765], [-79.9400573, 32.7838052], [-79.9396492, 32.7839683], [-79.9396643, 32.7839951], [-79.9392223, 32.7841718], [-79.939269, 32.7842543], [-79.9392889, 32.7842464], [-79.9392946, 32.7842565], [-79.9392512, 32.7842738], [-79.9393823, 32.7845054], [-79.9394268, 32.7844876], [-79.9394351, 32.7845023], [-79.9394127, 32.7845113], [-79.939435, 32.7845508], [-79.9397213, 32.7844363], [-79.9397261, 32.7844448], [-79.9397337, 32.7844496], [-79.9397427, 32.7844521], [-79.939751, 32.7844524], [-79.9397592, 32.7844507], [-79.9397665, 32.7844473], [-79.9397733, 32.7844413], [-79.9397775, 32.7844338], [-79.9397785, 32.7844249], [-79.9397731, 32.7844152], [-79.939883, 32.7843715], [-79.9398956, 32.7843939], [-79.9398842, 32.7843984], [-79.9398915, 32.7844113], [-79.9398723, 32.784419], [-79.939901, 32.7844701], [-79.9399228, 32.7844614], [-79.939931, 32.784476], [-79.939948, 32.7844693], [-79.9399563, 32.7844841], [-79.9400159, 32.7844603], [-79.9400081, 32.7844464], [-79.9400382, 32.7844344], [-79.9400457, 32.7844477], [-79.9401042, 32.7844244], [-79.9400961, 32.78441], [-79.940127, 32.7843977], [-79.940135, 32.7844117], [-79.9401899, 32.7843898], [-79.9401817, 32.7843753], [-79.940244, 32.7843505], [-79.9402533, 32.7843669], [-79.9403132, 32.784343], [-79.9403048, 32.7843281], [-79.9403239, 32.7843204], [-79.9403145, 32.7843038], [-79.9403328, 32.7842965], [-79.9403042, 32.7842459], [-79.9402872, 32.7842527], [-79.9402779, 32.7842364], [-79.940248, 32.7842484], [-79.9402379, 32.7842306], [-79.9403267, 32.7841951], [-79.9403041, 32.7841552], [-79.9402853, 32.7841627], [-79.9402764, 32.7841469], [-79.9403188, 32.78413], [-79.9401892, 32.783901], [-79.9401488, 32.7839172], [-79.9401415, 32.7839045]]]}}, {"id": "785", "type": "Feature", "properties": {"id": "55f9a6b0-0c07-4555-ad5c-edb476cfc7c8", "name": null, "subtype": "residential", "class": "apartments", "height": 12.0, "num_floors": 2, "surge_class": 0, "surge_ft": 0.0, "flood_active": false, "exposure_score": 0.0, "exposure_category": "none"}, "geometry": {"type": "Polygon", "coordinates": [[[-79.9404298, 32.7845906], [-79.9405559, 32.7848279], [-79.9406147, 32.7848058], [-79.9405627, 32.784708], [-79.9405873, 32.7846987], [-79.9405258, 32.7845831], [-79.9405065, 32.7845904], [-79.9404938, 32.7845665], [-79.9404298, 32.7845906]]]}}, {"id": "786", "type": "Feature", "properties": {"id": "dcab02c1-82a0-4f00-9abe-db927d6dbad1", "name": null, "subtype": "residential", "class": "apartments", "height": 11.0, "num_floors": 2, "surge_class": 0, "surge_ft": 0.0, "flood_active": false, "exposure_score": 0.0, "exposure_category": "none"}, "geometry": {"type": "Polygon", "coordinates": [[[-79.9406009, 32.7845688], [-79.9405978, 32.7845631], [-79.9405879, 32.7845669], [-79.9405739, 32.7845611], [-79.9405566, 32.7845659], [-79.9405537, 32.7845799], [-79.9405464, 32.7845827], [-79.9406475, 32.7847699], [-79.9407192, 32.7847425], [-79.9406212, 32.784561], [-79.9406009, 32.7845688]]]}}, {"id": "787", "type": "Feature", "properties": {"id": "f2bb1f0a-92e5-42c6-89d6-b0ddfab76fbb", "name": "The Bethel Tenement House", "subtype": "residential", "class": "apartments", "height": 17.0, "num_floors": 4, "surge_class": 0, "surge_ft": 0.0, "flood_active": false, "exposure_score": 0.0, "exposure_category": "none"}, "geometry": {"type": "Polygon", "coordinates": [[[-79.9408478, 32.7845346], [-79.9408407, 32.7845095], [-79.9406713, 32.7845434], [-79.9406792, 32.7845715], [-79.9406755, 32.7845722], [-79.9407045, 32.784675], [-79.9407099, 32.784674], [-79.9407173, 32.7847002], [-79.9407247, 32.7846987], [-79.9407272, 32.7847074], [-79.9407431, 32.7847042], [-79.9407498, 32.7847277], [-79.9408084, 32.784716], [-79.940792, 32.7846578], [-79.9408115, 32.7846539], [-79.9408279, 32.7847122], [-79.9409215, 32.7846936], [-79.9409004, 32.7846186], [-79.9408774, 32.7846232], [-79.9408521, 32.7845337], [-79.9408478, 32.7845346]]]}}, {"id": "788", "type": "Feature", "properties": {"id": "3f76c79b-22f5-46a2-a379-31c85f91f661", "name": null, "subtype": "residential", "class": "apartments", "height": 10.0, "num_floors": 2, "surge_class": 0, "surge_ft": 0.0, "flood_active": false, "exposure_score": 0.0, "exposure_category": "none"}, "geometry": {"type": "Polygon", "coordinates": [[[-79.9406374, 32.7849502], [-79.9406925, 32.7850621], [-79.9407555, 32.7850402], [-79.9407003, 32.7849283], [-79.9406374, 32.7849502]]]}}, {"id": "789", "type": "Feature", "properties": {"id": "e2877dcb-05ae-4b7b-a230-026508d2477d", "name": null, "subtype": "residential", "class": "detached", "height": 8.0, "num_floors": 2, "surge_class": 5, "surge_ft": 4.5, "flood_active": false, "exposure_score": 0.135, "exposure_category": "low"}, "geometry": {"type": "Polygon", "coordinates": [[[-79.9408051, 32.7851343], [-79.9408864, 32.7851068], [-79.9408482, 32.785027], [-79.9408147, 32.7850383], [-79.9408239, 32.7850576], [-79.9407761, 32.7850738], [-79.9408051, 32.7851343]]]}}, {"id": "790", "type": "Feature", "properties": {"id": "3549ac77-9878-4ae0-8511-d10335e51c1f", "name": null, "subtype": "residential", "class": "detached", "height": 9.0, "num_floors": 2, "surge_class": 5, "surge_ft": 4.5, "flood_active": false, "exposure_score": 0.135, "exposure_category": "low"}, "geometry": {"type": "Polygon", "coordinates": [[[-79.9408573, 32.7852924], [-79.9408328, 32.7852347], [-79.9408231, 32.7852376], [-79.9408077, 32.7852012], [-79.9408053, 32.785202], [-79.9408011, 32.7851921], [-79.9407917, 32.7851949], [-79.9407775, 32.7851615], [-79.940736, 32.785174], [-79.9407535, 32.7852152], [-79.9407491, 32.7852166], [-79.9407899, 32.7853126], [-79.9408573, 32.7852924]]]}}, {"id": "791", "type": "Feature", "properties": {"id": "8f4689fa-73b7-445b-8b7a-2a9c983579a3", "name": null, "subtype": "residential", "class": "detached", "height": 9.0, "num_floors": 2, "surge_class": 5, "surge_ft": 4.5, "flood_active": false, "exposure_score": 0.135, "exposure_category": "low"}, "geometry": {"type": "Polygon", "coordinates": [[[-79.9409437, 32.7852658], [-79.9408871, 32.7851515], [-79.9408621, 32.7851603], [-79.94086, 32.7851561], [-79.9408085, 32.7851742], [-79.9408688, 32.785296], [-79.9409219, 32.7852774], [-79.9409202, 32.785274], [-79.9409437, 32.7852658]]]}}, {"id": "792", "type": "Feature", "properties": {"id": "e46db7ed-3fdc-477e-8f76-1f14ed5b259a", "name": null, "subtype": "residential", "class": "detached", "height": 10.0, "num_floors": 2, "surge_class": 4, "surge_ft": 3.5, "flood_active": false, "exposure_score": 0.105, "exposure_category": "low"}, "geometry": {"type": "Polygon", "coordinates": [[[-79.9407974, 32.7854557], [-79.9408506, 32.7855475], [-79.9409224, 32.7855182], [-79.9408736, 32.7854338], [-79.9408529, 32.7854423], [-79.9408486, 32.7854348], [-79.9407974, 32.7854557]]]}}, {"id": "793", "type": "Feature", "properties": {"id": "1ef06cd1-4733-4249-a5d9-c85a8effd470", "name": null, "subtype": "residential", "class": "apartments", "height": 9.0, "num_floors": 2, "surge_class": 4, "surge_ft": 3.5, "flood_active": false, "exposure_score": 0.105, "exposure_category": "low"}, "geometry": {"type": "Polygon", "coordinates": [[[-79.940722, 32.7854689], [-79.9407989, 32.785603], [-79.9408561, 32.785697], [-79.9408828, 32.7856855], [-79.9408581, 32.7856449], [-79.9408685, 32.7856404], [-79.940836, 32.7855871], [-79.9408002, 32.7855268], [-79.9408112, 32.7855224], [-79.9408099, 32.78552], [-79.9408279, 32.7855127], [-79.9407891, 32.7854454], [-79.9407734, 32.7854518], [-79.9407717, 32.7854487], [-79.940722, 32.7854689]]]}}, {"id": "794", "type": "Feature", "properties": {"id": "e077ed23-0978-4abf-9f4a-0c8c524a92a2", "name": null, "subtype": "residential", "class": "detached", "height": 10.0, "num_floors": 2, "surge_class": 5, "surge_ft": 4.5, "flood_active": false, "exposure_score": 0.135, "exposure_category": "low"}, "geometry": {"type": "Polygon", "coordinates": [[[-79.9406413, 32.7854951], [-79.9407117, 32.7856169], [-79.9407691, 32.7855934], [-79.9407019, 32.7854771], [-79.9406943, 32.7854802], [-79.9406911, 32.7854747], [-79.9406413, 32.7854951]]]}}, {"id": "795", "type": "Feature", "properties": {"id": "a1bcac58-d83f-4ac5-adcd-b7407477ea28", "name": null, "subtype": "residential", "class": "detached", "height": 9.0, "num_floors": 2, "surge_class": 5, "surge_ft": 4.5, "flood_active": false, "exposure_score": 0.135, "exposure_category": "low"}, "geometry": {"type": "Polygon", "coordinates": [[[-79.9405519, 32.785505], [-79.9405983, 32.7856109], [-79.9406337, 32.7855999], [-79.9406156, 32.7855586], [-79.9406309, 32.7855539], [-79.9406026, 32.7854893], [-79.9405519, 32.785505]]]}}, {"id": "796", "type": "Feature", "properties": {"id": "f7f1f2d6-267c-401f-a9cb-b21ce9055a44", "name": "The School of Sciences and Mathematics", "subtype": "education", "class": "college", "height": 16.0, "num_floors": 3, "surge_class": 0, "surge_ft": 0.0, "flood_active": false, "exposure_score": 0.0, "exposure_category": "none"}, "geometry": {"type": "Polygon", "coordinates": [[[-79.9404995, 32.7852068], [-79.940588, 32.7851815], [-79.9404233, 32.784773], [-79.9404077, 32.7847773], [-79.9403985, 32.784747], [-79.9404052, 32.7847466], [-79.9403582, 32.7846128], [-79.9402756, 32.7846306], [-79.9401432, 32.7846598], [-79.9401453, 32.7846656], [-79.9401134, 32.7846723], [-79.9401118, 32.7846675], [-79.9399799, 32.7846972], [-79.9399798, 32.7847023], [-79.9399511, 32.784709], [-79.9399509, 32.7847034], [-79.939831, 32.7847313], [-79.939855, 32.7848105], [-79.9397679, 32.7848317], [-79.9397172, 32.7848441], [-79.9397065, 32.7848234], [-79.9396985, 32.7848238], [-79.9396901, 32.7848109], [-79.9396974, 32.7848097], [-79.9396817, 32.7847791], [-79.9395464, 32.7847994], [-79.9395629, 32.7848298], [-79.9395705, 32.7848286], [-79.9395782, 32.7848422], [-79.9395645, 32.7848442], [-79.9395986, 32.7849041], [-79.9396089, 32.7849006], [-79.9396149, 32.7849095], [-79.9395988, 32.7849169], [-79.9396503, 32.7850111], [-79.9396868, 32.7849962], [-79.9397117, 32.7850414], [-79.9396749, 32.7850555], [-79.9397271, 32.7851509], [-79.9397415, 32.7851444], [-79.9397553, 32.7851691], [-79.9397409, 32.7851743], [-79.9397979, 32.78528], [-79.9398119, 32.785274], [-79.9398255, 32.7852975], [-79.9398108, 32.7853038], [-79.939868, 32.78541], [-79.9398867, 32.7854022], [-79.9399018, 32.7854286], [-79.9398949, 32.7854314], [-79.9399328, 32.7855001], [-79.9400101, 32.7854683], [-79.9400156, 32.7854782], [-79.9400573, 32.7854678], [-79.94004, 32.7854352], [-79.9400668, 32.7854248], [-79.9400741, 32.7854487], [-79.9401497, 32.7854308], [-79.9401265, 32.7853686], [-79.9400704, 32.7853822], [-79.9400615, 32.7853648], [-79.9400569, 32.7853557], [-79.9400629, 32.7853535], [-79.9399172, 32.7850571], [-79.9399127, 32.7850584], [-79.9399017, 32.785036], [-79.9399481, 32.7850169], [-79.9399957, 32.7849973], [-79.9399968, 32.7849995], [-79.9400615, 32.7849768], [-79.9401262, 32.7849564], [-79.9401956, 32.7849354], [-79.9402655, 32.7849171], [-79.9402744, 32.7849366], [-79.94027, 32.7849382], [-79.9402787, 32.7849553], [-79.9402711, 32.7849579], [-79.940398, 32.7852395], [-79.9404579, 32.7852198], [-79.9404666, 32.7852412], [-79.9405087, 32.7852296], [-79.9404995, 32.7852068]]]}}, {"id": "797", "type": "Feature", "properties": {"id": "89bb9659-8035-408a-83f9-27cd97dc842d", "name": null, "subtype": "residential", "class": "detached", "height": 8.0, "num_floors": 2, "surge_class": 4, "surge_ft": 3.5, "flood_active": false, "exposure_score": 0.105, "exposure_category": "low"}, "geometry": {"type": "Polygon", "coordinates": [[[-79.9401467, 32.785607], [-79.9401596, 32.7856424], [-79.9402889, 32.7856092], [-79.940276, 32.7855738], [-79.9401467, 32.785607]]]}}, {"id": "798", "type": "Feature", "properties": {"id": "632930a5-c652-486d-90f3-a8119722c2bf", "name": null, "subtype": "residential", "class": "apartments", "height": 10.0, "num_floors": 3, "surge_class": 2, "surge_ft": 1.5, "flood_active": false, "exposure_score": 0.045, "exposure_category": "low"}, "geometry": {"type": "Polygon", "coordinates": [[[-79.9400684, 32.7857878], [-79.9402648, 32.7857389], [-79.9402627, 32.7857328], [-79.9403227, 32.7857179], [-79.9402934, 32.7856347], [-79.9402333, 32.7856497], [-79.9402466, 32.7856874], [-79.9402024, 32.7856984], [-79.9401957, 32.7856792], [-79.9400557, 32.785714], [-79.9400615, 32.7857305], [-79.9400494, 32.7857336], [-79.9400684, 32.7857878]]]}}, {"id": "799", "type": "Feature", "properties": {"id": "32104b02-8499-43c0-ae67-2364117059dd", "name": null, "subtype": "residential", "class": "detached", "height": 8.0, "num_floors": 2, "surge_class": 2, "surge_ft": 1.5, "flood_active": false, "exposure_score": 0.045, "exposure_category": "low"}, "geometry": {"type": "Polygon", "coordinates": [[[-79.9400815, 32.7857942], [-79.9401105, 32.7858501], [-79.9403134, 32.7857982], [-79.9403016, 32.7857655], [-79.9402486, 32.785779], [-79.9402436, 32.785765], [-79.9401957, 32.7857772], [-79.9401913, 32.7857652], [-79.9400815, 32.7857942]]]}}, {"id": "800", "type": "Feature", "properties": {"id": "84bbac31-44f7-48b4-956b-3fb548468375", "name": null, "subtype": "residential", "class": "detached", "height": 10.0, "num_floors": 3, "surge_class": 4, "surge_ft": 3.5, "flood_active": false, "exposure_score": 0.105, "exposure_category": "low"}, "geometry": {"type": "Polygon", "coordinates": [[[-79.9399902, 32.7856382], [-79.9400269, 32.7857], [-79.9401118, 32.785677], [-79.9400792, 32.7856158], [-79.9399902, 32.7856382]]]}}, {"id": "801", "type": "Feature", "properties": {"id": "a889b6e1-9a5d-4389-a3e8-85cfda8f29ca", "name": null, "subtype": "residential", "class": "detached", "height": 11.0, "num_floors": 3, "surge_class": 2, "surge_ft": 1.5, "flood_active": false, "exposure_score": 0.045, "exposure_category": "low"}, "geometry": {"type": "Polygon", "coordinates": [[[-79.9398126, 32.785894], [-79.9399362, 32.7858581], [-79.9399137, 32.7858032], [-79.9399078, 32.7858048], [-79.9398997, 32.7857852], [-79.9397811, 32.7858196], [-79.9397912, 32.7858443], [-79.9397605, 32.7858532], [-79.9397747, 32.7858879], [-79.9398064, 32.7858787], [-79.9398126, 32.785894]]]}}, {"id": "802", "type": "Feature", "properties": {"id": "bea410f0-b717-4a1b-93fa-4745fcf10c1b", "name": null, "subtype": "residential", "class": "detached", "height": 9.0, "num_floors": 2, "surge_class": 3, "surge_ft": 2.5, "flood_active": false, "exposure_score": 0.075, "exposure_category": "low"}, "geometry": {"type": "Polygon", "coordinates": [[[-79.9399611, 32.7859027], [-79.9398188, 32.785939], [-79.9398404, 32.7859987], [-79.9399958, 32.785958], [-79.9399768, 32.7859176], [-79.9399694, 32.7859196], [-79.9399611, 32.7859027]]]}}, {"id": "803", "type": "Feature", "properties": {"id": "9d6f44c2-e9d0-45d9-aad6-c9ed2d396100", "name": null, "subtype": "residential", "class": "detached", "height": 9.0, "num_floors": 2, "surge_class": 2, "surge_ft": 1.5, "flood_active": false, "exposure_score": 0.045, "exposure_category": "low"}, "geometry": {"type": "Polygon", "coordinates": [[[-79.9399211, 32.7860897], [-79.9400443, 32.7860432], [-79.9400089, 32.7859769], [-79.9398857, 32.7860234], [-79.9399211, 32.7860897]]]}}, {"id": "804", "type": "Feature", "properties": {"id": "8f31333c-c21e-4a53-a1f8-1d2bf324c2f0", "name": null, "subtype": "residential", "class": "apartments", "height": 8.0, "num_floors": 2, "surge_class": 2, "surge_ft": 1.5, "flood_active": false, "exposure_score": 0.045, "exposure_category": "low"}, "geometry": {"type": "Polygon", "coordinates": [[[-79.9400535, 32.7860652], [-79.9399325, 32.7861091], [-79.9399663, 32.786175], [-79.9400873, 32.7861311], [-79.9400535, 32.7860652]]]}}, {"id": "805", "type": "Feature", "properties": {"id": "bb891c2c-7d40-4490-a71a-0b3345c29963", "name": null, "subtype": "residential", "class": "detached", "height": 8.0, "num_floors": 2, "surge_class": 3, "surge_ft": 2.5, "flood_active": false, "exposure_score": 0.075, "exposure_category": "low"}, "geometry": {"type": "Polygon", "coordinates": [[[-79.9401276, 32.7858735], [-79.9401348, 32.7858903], [-79.9401312, 32.7858914], [-79.9401494, 32.7859336], [-79.9402711, 32.7858966], [-79.9402374, 32.7858182], [-79.9401868, 32.7858335], [-79.9401951, 32.7858529], [-79.9401276, 32.7858735]]]}}, {"id": "806", "type": "Feature", "properties": {"id": "f46ee445-4d5b-4a81-a08b-cd35bd212426", "name": null, "subtype": "residential", "class": "detached", "height": 8.0, "num_floors": 2, "surge_class": 3, "surge_ft": 2.5, "flood_active": false, "exposure_score": 0.075, "exposure_category": "low"}, "geometry": {"type": "Polygon", "coordinates": [[[-79.9401883, 32.7859564], [-79.9402018, 32.7859944], [-79.9403515, 32.7859568], [-79.9403332, 32.7859053], [-79.9401885, 32.7859416], [-79.9401933, 32.7859551], [-79.9401883, 32.7859564]]]}}, {"id": "807", "type": "Feature", "properties": {"id": "6826bfa8-d4fa-4ce2-bd99-7519ecb89316", "name": null, "subtype": "residential", "class": "detached", "height": 11.0, "num_floors": 3, "surge_class": 2, "surge_ft": 1.5, "flood_active": false, "exposure_score": 0.045, "exposure_category": "low"}, "geometry": {"type": "Polygon", "coordinates": [[[-79.9402465, 32.7860788], [-79.9402652, 32.786133], [-79.9404298, 32.7860929], [-79.9404029, 32.7860146], [-79.9402454, 32.7860529], [-79.9402537, 32.786077], [-79.9402465, 32.7860788]]]}}, {"id": "808", "type": "Feature", "properties": {"id": "d7393035-470c-4471-a7f7-d5afddc9221d", "name": null, "subtype": "outbuilding", "class": "outbuilding", "height": 3.0, "num_floors": 1, "surge_class": 4, "surge_ft": 3.5, "flood_active": false, "exposure_score": 0.105, "exposure_category": "low"}, "geometry": {"type": "Polygon", "coordinates": [[[-79.9404203, 32.7858718], [-79.9404253, 32.7858874], [-79.9404368, 32.7858847], [-79.9404424, 32.7859018], [-79.9404589, 32.785898], [-79.9404482, 32.7858654], [-79.9404203, 32.7858718]]]}}, {"id": "809", "type": "Feature", "properties": {"id": "ca10cfb3-71cd-4d1a-81f0-a739176c3b91", "name": null, "subtype": "outbuilding", "class": "outbuilding", "height": 7.0, "num_floors": 2, "surge_class": 4, "surge_ft": 3.5, "flood_active": false, "exposure_score": 0.105, "exposure_category": "low"}, "geometry": {"type": "Polygon", "coordinates": [[[-79.9403212, 32.7858881], [-79.9404421, 32.785864], [-79.9404255, 32.7858052], [-79.9403976, 32.7858108], [-79.9404033, 32.785831], [-79.9403586, 32.7858399], [-79.9403557, 32.7858297], [-79.9403075, 32.7858393], [-79.9403212, 32.7858881]]]}}, {"id": "810", "type": "Feature", "properties": {"id": "7df1549f-8def-433b-9c45-3fc9e5c2b607", "name": null, "subtype": "residential", "class": "apartments", "height": 10.0, "num_floors": 3, "surge_class": 4, "surge_ft": 3.5, "flood_active": false, "exposure_score": 0.105, "exposure_category": "low"}, "geometry": {"type": "Polygon", "coordinates": [[[-79.9402915, 32.7855668], [-79.94032, 32.7856509], [-79.9403225, 32.7856503], [-79.9403333, 32.7856822], [-79.9404069, 32.7856646], [-79.9403958, 32.785632], [-79.9403987, 32.7856313], [-79.9403704, 32.7855479], [-79.9402915, 32.7855668]]]}}, {"id": "811", "type": "Feature", "properties": {"id": "ccc9a1ae-851b-4242-ba24-b1f354acacb5", "name": null, "subtype": "residential", "class": "detached", "height": 9.0, "num_floors": 2, "surge_class": 5, "surge_ft": 4.5, "flood_active": false, "exposure_score": 0.135, "exposure_category": "low"}, "geometry": {"type": "Polygon", "coordinates": [[[-79.9403789, 32.7855506], [-79.9404475, 32.785666], [-79.94051, 32.7856398], [-79.9404925, 32.7856103], [-79.9404433, 32.7855274], [-79.9404169, 32.7855385], [-79.940415, 32.7855354], [-79.9403789, 32.7855506]]]}}, {"id": "812", "type": "Feature", "properties": {"id": "beab1a9a-e785-4f0c-b29d-6cd37f45228b", "name": "Louis G. Gregory House", "subtype": "residential", "class": "detached", "height": 7.0, "num_floors": 2, "surge_class": 5, "surge_ft": 4.5, "flood_active": false, "exposure_score": 0.135, "exposure_category": "low"}, "geometry": {"type": "Polygon", "coordinates": [[[-79.9404554, 32.785667], [-79.9404827, 32.7857263], [-79.9405793, 32.7856948], [-79.9405632, 32.78566], [-79.9405602, 32.785661], [-79.9405523, 32.7856437], [-79.9404846, 32.7856658], [-79.9404813, 32.7856586], [-79.9404554, 32.785667]]]}}, {"id": "813", "type": "Feature", "properties": {"id": "223150c7-2485-407c-8eae-3c01cbd609df", "name": null, "subtype": "residential", "class": "detached", "height": 5.0, "num_floors": 1, "surge_class": 4, "surge_ft": 3.5, "flood_active": false, "exposure_score": 0.105, "exposure_category": "low"}, "geometry": {"type": "Polygon", "coordinates": [[[-79.940517, 32.7857687], [-79.9405447, 32.7858341], [-79.9406279, 32.7858093], [-79.9406116, 32.7857707], [-79.9406062, 32.7857723], [-79.9406006, 32.7857589], [-79.9405881, 32.7857627], [-79.9405824, 32.7857492], [-79.940517, 32.7857687]]]}}, {"id": "814", "type": "Feature", "properties": {"id": "e864dd3b-8c2f-430a-94e9-68128b60d6a3", "name": null, "subtype": "residential", "class": "detached", "height": 10.0, "num_floors": 3, "surge_class": 4, "surge_ft": 3.5, "flood_active": false, "exposure_score": 0.105, "exposure_category": "low"}, "geometry": {"type": "Polygon", "coordinates": [[[-79.9406574, 32.7857353], [-79.9406815, 32.7858002], [-79.9407948, 32.7857704], [-79.9407707, 32.7857055], [-79.9406574, 32.7857353]]]}}, {"id": "815", "type": "Feature", "properties": {"id": "9db01eec-23c2-4c1c-9b86-631d63942a86", "name": null, "subtype": "residential", "class": "detached", "height": 9.0, "num_floors": 2, "surge_class": 4, "surge_ft": 3.5, "flood_active": false, "exposure_score": 0.105, "exposure_category": "low"}, "geometry": {"type": "Polygon", "coordinates": [[[-79.9406299, 32.7856507], [-79.9406501, 32.7857036], [-79.940742, 32.7856789], [-79.9407218, 32.7856259], [-79.9406299, 32.7856507]]]}}, {"id": "816", "type": "Feature", "properties": {"id": "2b89f1d4-58b8-4635-aed3-fccc7199edb8", "name": null, "subtype": "residential", "class": "detached", "height": 8.0, "num_floors": 2, "surge_class": 4, "surge_ft": 3.5, "flood_active": false, "exposure_score": 0.105, "exposure_category": "low"}, "geometry": {"type": "Polygon", "coordinates": [[[-79.9406942, 32.7858255], [-79.9407127, 32.7858677], [-79.940817, 32.7858354], [-79.940791, 32.785776], [-79.9406911, 32.7858069], [-79.9406986, 32.7858242], [-79.9406942, 32.7858255]]]}}, {"id": "817", "type": "Feature", "properties": {"id": "16bf0646-80f0-464a-899d-0f68d0a14ee0", "name": null, "subtype": "residential", "class": "detached", "height": 10.0, "num_floors": 2, "surge_class": 3, "surge_ft": 2.5, "flood_active": false, "exposure_score": 0.075, "exposure_category": "low"}, "geometry": {"type": "Polygon", "coordinates": [[[-79.9405741, 32.786001], [-79.9405918, 32.7860484], [-79.9407137, 32.7860161], [-79.9406959, 32.7859687], [-79.9405741, 32.786001]]]}}, {"id": "818", "type": "Feature", "properties": {"id": "5e73869f-8495-494c-85c5-50a2f9d7ae0d", "name": null, "subtype": "residential", "class": "detached", "height": 9.0, "num_floors": 2, "surge_class": 1, "surge_ft": 0.5, "flood_active": false, "exposure_score": 0.015, "exposure_category": "low"}, "geometry": {"type": "Polygon", "coordinates": [[[-79.9407546, 32.7860276], [-79.9406832, 32.7860535], [-79.9407927, 32.7862683], [-79.9408385, 32.7862527], [-79.9408365, 32.786248], [-79.9408554, 32.786242], [-79.9407965, 32.7861262], [-79.9408196, 32.786119], [-79.940814, 32.7861064], [-79.9407847, 32.786115], [-79.9407632, 32.7860732], [-79.9407756, 32.7860687], [-79.9407546, 32.7860276]]]}}, {"id": "819", "type": "Feature", "properties": {"id": "ff861853-b779-4402-88ad-27088e980f2d", "name": null, "subtype": "residential", "class": "detached", "height": 10.0, "num_floors": 3, "surge_class": 0, "surge_ft": 0.0, "flood_active": false, "exposure_score": 0.0, "exposure_category": "none"}, "geometry": {"type": "Polygon", "coordinates": [[[-79.9407755, 32.7860183], [-79.9408731, 32.7862087], [-79.9409258, 32.7861897], [-79.94093, 32.7861979], [-79.940952, 32.7861899], [-79.9408906, 32.7860701], [-79.9408579, 32.786082], [-79.940837, 32.7860411], [-79.9408407, 32.7860398], [-79.9408212, 32.7860018], [-79.9407755, 32.7860183]]]}}, {"id": "820", "type": "Feature", "properties": {"id": "430caa0d-7759-4c6c-a658-6f67e8e36392", "name": null, "subtype": "residential", "class": "detached", "height": 9.0, "num_floors": 2, "surge_class": 1, "surge_ft": 0.5, "flood_active": false, "exposure_score": 0.015, "exposure_category": "low"}, "geometry": {"type": "Polygon", "coordinates": [[[-79.9410062, 32.7862059], [-79.9410573, 32.7861873], [-79.9410554, 32.7861836], [-79.9410715, 32.7861778], [-79.941034, 32.786105], [-79.9410422, 32.786102], [-79.9410302, 32.7860786], [-79.941003, 32.7860885], [-79.9409949, 32.7860728], [-79.9409811, 32.7860778], [-79.940972, 32.7860602], [-79.9409376, 32.7860727], [-79.9410062, 32.7862059]]]}}, {"id": "821", "type": "Feature", "properties": {"id": "02fa6bea-c41f-4ed2-aae9-ae33f74fe581", "name": null, "subtype": "residential", "class": "detached", "height": 8.0, "num_floors": 2, "surge_class": 1, "surge_ft": 0.5, "flood_active": false, "exposure_score": 0.015, "exposure_category": "low"}, "geometry": {"type": "Polygon", "coordinates": [[[-79.9408953, 32.7859974], [-79.9409305, 32.7860646], [-79.9410123, 32.7860343], [-79.9409904, 32.7859925], [-79.9409501, 32.7860074], [-79.9409369, 32.7859821], [-79.9408953, 32.7859974]]]}}, {"id": "822", "type": "Feature", "properties": {"id": "d5382b54-d903-45dc-8c3f-81e01e346085", "name": null, "subtype": "residential", "class": "detached", "height": 7.0, "num_floors": 1, "surge_class": 2, "surge_ft": 1.5, "flood_active": false, "exposure_score": 0.045, "exposure_category": "low"}, "geometry": {"type": "Polygon", "coordinates": [[[-79.94083, 32.7858974], [-79.9408605, 32.7859698], [-79.9409854, 32.7859325], [-79.9409549, 32.7858601], [-79.94083, 32.7858974]]]}}, {"id": "823", "type": "Feature", "properties": {"id": "c410071f-bbb4-4f04-a52e-2adea2cfea1d", "name": null, "subtype": "residential", "class": "detached", "height": 11.0, "num_floors": 2, "surge_class": 1, "surge_ft": 0.5, "flood_active": false, "exposure_score": 0.015, "exposure_category": "low"}, "geometry": {"type": "Polygon", "coordinates": [[[-79.941119, 32.7861368], [-79.9412092, 32.7861016], [-79.9411938, 32.7860737], [-79.9412009, 32.7860673], [-79.9411895, 32.786046], [-79.9411782, 32.7860458], [-79.9411744, 32.7860395], [-79.941178, 32.7860369], [-79.9411816, 32.7860332], [-79.9411827, 32.7860292], [-79.9411824, 32.7860248], [-79.9411539, 32.7859731], [-79.9410922, 32.7859972], [-79.9410828, 32.7859803], [-79.941076, 32.7859829], [-79.9410544, 32.7859438], [-79.9410134, 32.7859598], [-79.9410975, 32.7861123], [-79.9411041, 32.7861098], [-79.941119, 32.7861368]]]}}, {"id": "824", "type": "Feature", "properties": {"id": "17bb3db5-aa42-4d4c-968a-592bfacd884d", "name": null, "subtype": "residential", "class": "detached", "height": 12.0, "num_floors": 2, "surge_class": 1, "surge_ft": 0.5, "flood_active": false, "exposure_score": 0.015, "exposure_category": "low"}, "geometry": {"type": "Polygon", "coordinates": [[[-79.9413464, 32.7861184], [-79.9413961, 32.7861], [-79.9413186, 32.7859519], [-79.9412351, 32.7859828], [-79.9413124, 32.7861307], [-79.9413203, 32.7861278], [-79.941322, 32.7861311], [-79.941348, 32.7861215], [-79.9413464, 32.7861184]]]}}, {"id": "825", "type": "Feature", "properties": {"id": "df99a376-bf24-4fbc-a6f0-ec17e3878f9c", "name": "The Sanders House", "subtype": "residential", "class": "detached", "height": 11.0, "num_floors": 3, "surge_class": 1, "surge_ft": 0.5, "flood_active": false, "exposure_score": 0.015, "exposure_category": "low"}, "geometry": {"type": "Polygon", "coordinates": [[[-79.9412151, 32.7859567], [-79.941523, 32.7858767], [-79.9414929, 32.7857951], [-79.9412856, 32.785849], [-79.9412938, 32.7858714], [-79.9411933, 32.7858975], [-79.9412151, 32.7859567]]]}}, {"id": "826", "type": "Feature", "properties": {"id": "8be40804-820e-474f-a232-6e0fc878a820", "name": null, "subtype": "residential", "class": "apartments", "height": 11.0, "num_floors": 3, "surge_class": 5, "surge_ft": 4.5, "flood_active": false, "exposure_score": 0.135, "exposure_category": "low"}, "geometry": {"type": "Polygon", "coordinates": [[[-79.9415167, 32.7855951], [-79.9415101, 32.7855781], [-79.941346, 32.7856226], [-79.9413407, 32.7856089], [-79.9412994, 32.7856201], [-79.941327, 32.785692], [-79.9413634, 32.7856821], [-79.9413703, 32.7857], [-79.9415396, 32.7856542], [-79.9415307, 32.7856312], [-79.9415347, 32.7856301], [-79.9415245, 32.7856035], [-79.9415203, 32.7856046], [-79.9415167, 32.7855951]]]}}, {"id": "827", "type": "Feature", "properties": {"id": "d0ac089f-322c-4eaa-b854-a8e1d3865d48", "name": null, "subtype": "residential", "class": "detached", "height": 9.0, "num_floors": 2, "surge_class": 4, "surge_ft": 3.5, "flood_active": false, "exposure_score": 0.105, "exposure_category": "low"}, "geometry": {"type": "Polygon", "coordinates": [[[-79.9411192, 32.7856114], [-79.941137, 32.7856495], [-79.941175, 32.7856369], [-79.9411721, 32.7856308], [-79.9411939, 32.7856236], [-79.9411801, 32.785594], [-79.9411833, 32.785593], [-79.941157, 32.7855366], [-79.9410776, 32.7855628], [-79.9411028, 32.7856168], [-79.9411192, 32.7856114]]]}}, {"id": "828", "type": "Feature", "properties": {"id": "f1b727c6-7b9b-4548-bbdc-d05983fa0669", "name": "The Sanders House Dependency", "subtype": "outbuilding", "class": "outbuilding", "height": 5.0, "num_floors": 1, "surge_class": 0, "surge_ft": 0.0, "flood_active": false, "exposure_score": 0.0, "exposure_category": "none"}, "geometry": {"type": "Polygon", "coordinates": [[[-79.9411275, 32.7857619], [-79.9411539, 32.7858291], [-79.9412187, 32.7858111], [-79.9411923, 32.7857439], [-79.9411275, 32.7857619]]]}}, {"id": "829", "type": "Feature", "properties": {"id": "2c013e43-579c-4502-88da-f9cfeacdbaa1", "name": null, "subtype": "residential", "class": "detached", "height": 8.0, "num_floors": 2, "surge_class": 3, "surge_ft": 2.5, "flood_active": false, "exposure_score": 0.075, "exposure_category": "low"}, "geometry": {"type": "Polygon", "coordinates": [[[-79.9409429, 32.7857154], [-79.940986, 32.7857964], [-79.9410485, 32.7857729], [-79.9410054, 32.7856919], [-79.9409429, 32.7857154]]]}}, {"id": "830", "type": "Feature", "properties": {"id": "03809b17-278e-45b7-b419-d70b6558e590", "name": null, "subtype": "residential", "class": "detached", "height": 9.0, "num_floors": 2, "surge_class": 4, "surge_ft": 3.5, "flood_active": false, "exposure_score": 0.105, "exposure_category": "low"}, "geometry": {"type": "Polygon", "coordinates": [[[-79.9408683, 32.7855987], [-79.9409397, 32.7857126], [-79.9409748, 32.785697], [-79.940963, 32.7856782], [-79.9409711, 32.7856746], [-79.9409562, 32.7856508], [-79.9409711, 32.7856442], [-79.940953, 32.7856154], [-79.9409378, 32.7856221], [-79.9409255, 32.7856026], [-79.9409184, 32.7856057], [-79.9409041, 32.7855829], [-79.9408683, 32.7855987]]]}}, {"id": "831", "type": "Feature", "properties": {"id": "e19d9769-b2d3-4b65-b250-41cabbfe9957", "name": null, "subtype": "residential", "class": "detached", "height": 11.0, "num_floors": 2, "surge_class": 5, "surge_ft": 4.5, "flood_active": false, "exposure_score": 0.135, "exposure_category": "low"}, "geometry": {"type": "Polygon", "coordinates": [[[-79.9409399, 32.7854226], [-79.9410007, 32.7855339], [-79.9410302, 32.7855225], [-79.9410382, 32.7855372], [-79.9410731, 32.7855238], [-79.9410061, 32.7854011], [-79.9409855, 32.7854091], [-79.9409836, 32.7854057], [-79.9409399, 32.7854226]]]}}, {"id": "832", "type": "Feature", "properties": {"id": "86f42a09-9f4d-4abd-88b5-47716fa1781f", "name": null, "subtype": "residential", "class": "detached", "height": 8.0, "num_floors": 2, "surge_class": 5, "surge_ft": 4.5, "flood_active": false, "exposure_score": 0.135, "exposure_category": "low"}, "geometry": {"type": "Polygon", "coordinates": [[[-79.9411071, 32.7853796], [-79.9411425, 32.7854804], [-79.941217, 32.7854618], [-79.9411816, 32.7853611], [-79.9411071, 32.7853796]]]}}, {"id": "833", "type": "Feature", "properties": {"id": "50c4263b-8af9-4519-8d0a-c01dec3dfa3c", "name": null, "subtype": "residential", "class": "apartments", "height": 9.0, "num_floors": 2, "surge_class": 5, "surge_ft": 4.5, "flood_active": false, "exposure_score": 0.135, "exposure_category": "low"}, "geometry": {"type": "Polygon", "coordinates": [[[-79.9410727, 32.7852448], [-79.941026, 32.7851342], [-79.9409558, 32.7851504], [-79.941004, 32.7852687], [-79.9410565, 32.7852546], [-79.9410546, 32.78525], [-79.9410727, 32.7852448]]]}}, {"id": "834", "type": "Feature", "properties": {"id": "d35d5fbc-3c38-4d3c-9c3a-4669bd087a97", "name": null, "subtype": "residential", "class": "detached", "height": 8.0, "num_floors": 2, "surge_class": 5, "surge_ft": 4.5, "flood_active": false, "exposure_score": 0.135, "exposure_category": "low"}, "geometry": {"type": "Polygon", "coordinates": [[[-79.9411972, 32.7850958], [-79.9412457, 32.7850836], [-79.9412428, 32.7850755], [-79.9412509, 32.7850639], [-79.9412449, 32.7850467], [-79.9412322, 32.7850458], [-79.9412253, 32.7850264], [-79.9410688, 32.7850658], [-79.9410725, 32.7850764], [-79.9409906, 32.785097], [-79.9410046, 32.7851361], [-79.941048, 32.7851252], [-79.9410507, 32.7851327], [-79.9411366, 32.7851111], [-79.9411972, 32.7850958]]]}}, {"id": "835", "type": "Feature", "properties": {"id": "25c8ef52-06fe-4343-81ca-c3c2fc2b5586", "name": "The Richard Holloway House", "subtype": "residential", "class": "apartments", "height": 12.0, "num_floors": 3, "surge_class": 6, "surge_ft": 5.5, "flood_active": false, "exposure_score": 0.165, "exposure_category": "low"}, "geometry": {"type": "Polygon", "coordinates": [[[-79.9411823, 32.7852321], [-79.9413274, 32.7852025], [-79.9413023, 32.7851426], [-79.9412957, 32.7851441], [-79.9412885, 32.7851283], [-79.941219, 32.7851417], [-79.9411972, 32.7850958], [-79.9411366, 32.7851111], [-79.9411823, 32.7852321]]]}}, {"id": "836", "type": "Feature", "properties": {"id": "448c9919-04b7-4f89-84f0-a9519271c0a3", "name": null, "subtype": "residential", "class": "detached", "height": 10.0, "num_floors": 2, "surge_class": 5, "surge_ft": 4.5, "flood_active": false, "exposure_score": 0.135, "exposure_category": "low"}, "geometry": {"type": "Polygon", "coordinates": [[[-79.9412813, 32.7854299], [-79.9414253, 32.7853881], [-79.9414055, 32.7853398], [-79.9412614, 32.7853816], [-79.9412813, 32.7854299]]]}}, {"id": "837", "type": "Feature", "properties": {"id": "49c829c5-853f-4468-a330-d4273fdd3cbe", "name": null, "subtype": "residential", "class": "detached", "height": 9.0, "num_floors": 2, "surge_class": 5, "surge_ft": 4.5, "flood_active": false, "exposure_score": 0.135, "exposure_category": "low"}, "geometry": {"type": "Polygon", "coordinates": [[[-79.9413679, 32.7855358], [-79.9414951, 32.7854859], [-79.9414721, 32.7854446], [-79.9414673, 32.7854465], [-79.9414557, 32.7854256], [-79.9414231, 32.7854384], [-79.9414124, 32.7854192], [-79.9413455, 32.7854454], [-79.9413523, 32.7854578], [-79.9413356, 32.7854644], [-79.941353, 32.7854958], [-79.941347, 32.7854981], [-79.9413679, 32.7855358]]]}}, {"id": "838", "type": "Feature", "properties": {"id": "41d16d12-3aa5-4c8a-aac7-d92758735c09", "name": null, "subtype": "residential", "class": "detached", "height": 9.0, "num_floors": 2, "surge_class": 5, "surge_ft": 4.5, "flood_active": false, "exposure_score": 0.135, "exposure_category": "low"}, "geometry": {"type": "Polygon", "coordinates": [[[-79.941365, 32.7855456], [-79.9413833, 32.7856029], [-79.9415348, 32.7855688], [-79.9415201, 32.7855227], [-79.9415146, 32.7855239], [-79.9415098, 32.7855089], [-79.9414429, 32.7855239], [-79.9414441, 32.7855278], [-79.941365, 32.7855456]]]}}, {"id": "839", "type": "Feature", "properties": {"id": "c4487832-fdb1-4e9e-8e3c-52c92b5e48ef", "name": null, "subtype": "residential", "class": "apartments", "height": 14.0, "num_floors": 4, "surge_class": 5, "surge_ft": 4.5, "flood_active": false, "exposure_score": 0.135, "exposure_category": "low"}, "geometry": {"type": "Polygon", "coordinates": [[[-79.9416564, 32.7854134], [-79.9416805, 32.785476], [-79.941828, 32.7854359], [-79.9417934, 32.7853461], [-79.9416492, 32.7853853], [-79.9416597, 32.7854125], [-79.9416564, 32.7854134]]]}}, {"id": "840", "type": "Feature", "properties": {"id": "01005a69-0dda-4c46-bb8e-5816d76f1e04", "name": null, "subtype": "residential", "class": "apartments", "height": 10.0, "num_floors": 3, "surge_class": 4, "surge_ft": 3.5, "flood_active": false, "exposure_score": 0.105, "exposure_category": "low"}, "geometry": {"type": "Polygon", "coordinates": [[[-79.9414497, 32.7850766], [-79.9414528, 32.7850897], [-79.9416532, 32.7850557], [-79.9416431, 32.7850135], [-79.941647, 32.7850129], [-79.9416377, 32.7849743], [-79.9416211, 32.7849771], [-79.9416206, 32.7849747], [-79.9414361, 32.7850061], [-79.941441, 32.7850265], [-79.9414343, 32.7850276], [-79.9414462, 32.7850772], [-79.9414497, 32.7850766]]]}}, {"id": "841", "type": "Feature", "properties": {"id": "e86fffd7-bdf4-49d9-932a-c1d5b1358d85", "name": "The Desel House", "subtype": "residential", "class": "detached", "height": 12.0, "num_floors": 4, "surge_class": 5, "surge_ft": 4.5, "flood_active": false, "exposure_score": 0.135, "exposure_category": "low"}, "geometry": {"type": "Polygon", "coordinates": [[[-79.9415515, 32.7851632], [-79.9415706, 32.7852171], [-79.9419199, 32.7851294], [-79.9419164, 32.7851195], [-79.9419371, 32.7851143], [-79.9419293, 32.7850923], [-79.9419089, 32.7850975], [-79.9419068, 32.7850915], [-79.9418108, 32.7851156], [-79.9418122, 32.7851197], [-79.9417897, 32.7851253], [-79.941782, 32.7851036], [-79.9417464, 32.7851125], [-79.9417398, 32.7850939], [-79.9415543, 32.7851404], [-79.9415615, 32.7851607], [-79.9415515, 32.7851632]]]}}, {"id": "842", "type": "Feature", "properties": {"id": "ce3e97e7-2e5f-4f72-8afe-2a54d42f02f5", "name": "The William Waller House", "subtype": "residential", "class": "apartments", "height": 13.0, "num_floors": 3, "surge_class": 5, "surge_ft": 4.5, "flood_active": false, "exposure_score": 0.135, "exposure_category": "low"}, "geometry": {"type": "Polygon", "coordinates": [[[-79.9415846, 32.7852913], [-79.9416082, 32.785355], [-79.9419332, 32.7852697], [-79.9419113, 32.7852106], [-79.9417664, 32.7852486], [-79.9417558, 32.78522], [-79.9415813, 32.7852657], [-79.9415903, 32.7852898], [-79.9415846, 32.7852913]]]}}, {"id": "843", "type": "Feature", "properties": {"id": "b7ca994f-0f69-466d-8524-2922d3070b9d", "name": null, "subtype": "residential", "class": "apartments", "height": 6.0, "num_floors": 2, "surge_class": 5, "surge_ft": 4.5, "flood_active": false, "exposure_score": 0.135, "exposure_category": "low"}, "geometry": {"type": "Polygon", "coordinates": [[[-79.9419503, 32.7852638], [-79.942073, 32.7852271], [-79.9420537, 32.7851816], [-79.941931, 32.7852182], [-79.9419503, 32.7852638]]]}}, {"id": "844", "type": "Feature", "properties": {"id": "aedf20a2-9447-456e-a11a-8f734efde591", "name": null, "subtype": "residential", "class": "apartments", "height": 11.0, "num_floors": 2, "surge_class": 5, "surge_ft": 4.5, "flood_active": false, "exposure_score": 0.135, "exposure_category": "low"}, "geometry": {"type": "Polygon", "coordinates": [[[-79.9417308, 32.7855429], [-79.9417597, 32.7856163], [-79.9420582, 32.7855332], [-79.9420319, 32.7854665], [-79.9419434, 32.7854912], [-79.941939, 32.78548], [-79.9419132, 32.7854871], [-79.9419074, 32.7854723], [-79.9417306, 32.7855215], [-79.9417382, 32.7855408], [-79.9417308, 32.7855429]]]}}, {"id": "845", "type": "Feature", "properties": {"id": "e4c4ca7f-0782-4393-a707-6290c2b7d3d2", "name": null, "subtype": "residential", "class": "garage", "height": 7.0, "num_floors": 2, "surge_class": 5, "surge_ft": 4.5, "flood_active": false, "exposure_score": 0.135, "exposure_category": "low"}, "geometry": {"type": "Polygon", "coordinates": [[[-79.9420821, 32.7855961], [-79.9420597, 32.785539], [-79.9419895, 32.7855584], [-79.942012, 32.7856156], [-79.9420821, 32.7855961]]]}}, {"id": "846", "type": "Feature", "properties": {"id": "02092497-b20f-4b6e-802f-4b1cda1bcaa4", "name": null, "subtype": "residential", "class": "detached", "height": 9.0, "num_floors": 2, "surge_class": 5, "surge_ft": 4.5, "flood_active": false, "exposure_score": 0.135, "exposure_category": "low"}, "geometry": {"type": "Polygon", "coordinates": [[[-79.9418135, 32.7856718], [-79.9418434, 32.7857501], [-79.9420668, 32.7856898], [-79.9420476, 32.7856396], [-79.9419902, 32.7856551], [-79.9419846, 32.7856404], [-79.9419595, 32.7856471], [-79.9419468, 32.7856137], [-79.9418111, 32.7856504], [-79.9418188, 32.7856704], [-79.9418135, 32.7856718]]]}}, {"id": "847", "type": "Feature", "properties": {"id": "ff278c1e-cec0-4a93-9673-46fd3bb43091", "name": null, "subtype": "residential", "class": "detached", "height": 9.0, "num_floors": 2, "surge_class": 4, "surge_ft": 3.5, "flood_active": false, "exposure_score": 0.105, "exposure_category": "low"}, "geometry": {"type": "Polygon", "coordinates": [[[-79.942078, 32.7859207], [-79.9420825, 32.785919], [-79.9420459, 32.7858515], [-79.9420423, 32.7858529], [-79.9420174, 32.785807], [-79.9419877, 32.7858184], [-79.9419769, 32.7857985], [-79.9419366, 32.785814], [-79.9419611, 32.785859], [-79.9419579, 32.7858602], [-79.9420039, 32.785945], [-79.9420244, 32.7859371], [-79.9420262, 32.7859406], [-79.9420403, 32.7859352], [-79.942054, 32.7859399], [-79.9420716, 32.7859338], [-79.942078, 32.7859207]]]}}, {"id": "848", "type": "Feature", "properties": {"id": "7887b99b-17ef-4989-9c89-d55e8fc79d41", "name": "The Elias Whilden House", "subtype": "residential", "class": "detached", "height": 13.0, "num_floors": 4, "surge_class": 4, "surge_ft": 3.5, "flood_active": false, "exposure_score": 0.105, "exposure_category": "low"}, "geometry": {"type": "Polygon", "coordinates": [[[-79.9415321, 32.7860893], [-79.9417768, 32.7860272], [-79.9417437, 32.7859351], [-79.9417408, 32.7859358], [-79.9417315, 32.7859098], [-79.9417241, 32.7859117], [-79.9415664, 32.7859516], [-79.9415818, 32.7859945], [-79.94156, 32.786], [-79.941562, 32.7860057], [-79.9415157, 32.7860174], [-79.9415205, 32.7860306], [-79.9415118, 32.7860328], [-79.9415321, 32.7860893]]]}}, {"id": "849", "type": "Feature", "properties": {"id": "1f886d68-2073-4595-888c-1933f3f0a0f4", "name": null, "subtype": "residential", "class": "detached", "height": 9.0, "num_floors": 2, "surge_class": 4, "surge_ft": 3.5, "flood_active": false, "exposure_score": 0.105, "exposure_category": "low"}, "geometry": {"type": "Polygon", "coordinates": [[[-79.9419807, 32.7859478], [-79.9419852, 32.7859461], [-79.9419486, 32.7858786], [-79.941945, 32.78588], [-79.9419201, 32.7858341], [-79.9418947, 32.7858438], [-79.9418839, 32.7858239], [-79.9418438, 32.7858393], [-79.9418682, 32.7858844], [-79.941865, 32.7858856], [-79.9419109, 32.7859704], [-79.9419315, 32.7859625], [-79.9419333, 32.7859659], [-79.9419474, 32.7859606], [-79.941961, 32.7859653], [-79.9419743, 32.7859609], [-79.9419807, 32.7859478]]]}}, {"id": "850", "type": "Feature", "properties": {"id": "6c2f66fd-06b1-4b03-a3ac-df9d73a1532d", "name": null, "subtype": "residential", "class": "detached", "height": 11.0, "num_floors": 2, "surge_class": 3, "surge_ft": 2.5, "flood_active": false, "exposure_score": 0.075, "exposure_category": "low"}, "geometry": {"type": "Polygon", "coordinates": [[[-79.9418405, 32.7862411], [-79.9419227, 32.7863944], [-79.9419707, 32.7863761], [-79.9419822, 32.7863718], [-79.9419521, 32.7863148], [-79.9419505, 32.7863117], [-79.941982, 32.7862987], [-79.9419678, 32.7862701], [-79.9419429, 32.7862199], [-79.9419347, 32.7862228], [-79.9419155, 32.7861861], [-79.9419075, 32.7861707], [-79.9418882, 32.786178], [-79.9418695, 32.7861688], [-79.9418462, 32.7861783], [-79.9418425, 32.7861907], [-79.9418496, 32.786204], [-79.941842, 32.7862069], [-79.9418565, 32.786234], [-79.9418405, 32.7862411]]]}}, {"id": "851", "type": "Feature", "properties": {"id": "5cd2050b-8aff-43ea-82ff-3e5b58cd2892", "name": null, "subtype": "residential", "class": "apartments", "height": 14.0, "num_floors": 5, "surge_class": 2, "surge_ft": 1.5, "flood_active": false, "exposure_score": 0.045, "exposure_category": "low"}, "geometry": {"type": "Polygon", "coordinates": [[[-79.9417057, 32.7863419], [-79.9418291, 32.7862928], [-79.9418011, 32.7862429], [-79.9417772, 32.7862006], [-79.9417553, 32.7861616], [-79.9417233, 32.7861744], [-79.9416407, 32.7862072], [-79.9416319, 32.7862107], [-79.9417057, 32.7863419]]]}}, {"id": "852", "type": "Feature", "properties": {"id": "fa0fbf22-092f-4ef9-ac95-6bf8b95b7f5b", "name": null, "subtype": "residential", "class": "apartments", "height": 10.0, "num_floors": 2, "surge_class": 1, "surge_ft": 0.5, "flood_active": false, "exposure_score": 0.015, "exposure_category": "low"}, "geometry": {"type": "Polygon", "coordinates": [[[-79.9416094, 32.7862711], [-79.941606, 32.7862647], [-79.9415606, 32.7862814], [-79.9415487, 32.7862779], [-79.9415342, 32.7862831], [-79.9415311, 32.7862923], [-79.9415076, 32.786301], [-79.9415606, 32.7863976], [-79.9415647, 32.786396], [-79.9415896, 32.7864415], [-79.9416224, 32.7865012], [-79.9416724, 32.7864818], [-79.9416975, 32.7864721], [-79.9416817, 32.7864432], [-79.9416973, 32.786437], [-79.9416854, 32.7864141], [-79.9416686, 32.7863818], [-79.941673, 32.7863803], [-79.9416342, 32.7863087], [-79.9416408, 32.7863065], [-79.941644, 32.7862871], [-79.9416353, 32.7862718], [-79.941618, 32.7862686], [-79.9416094, 32.7862711]]]}}, {"id": "853", "type": "Feature", "properties": {"id": "3ba77b03-0eea-43f6-b9bb-12ca92802c96", "name": null, "subtype": "outbuilding", "class": "shed", "height": 4.0, "num_floors": 1, "surge_class": 1, "surge_ft": 0.5, "flood_active": false, "exposure_score": 0.015, "exposure_category": "low"}, "geometry": {"type": "Polygon", "coordinates": [[[-79.9416492, 32.7866263], [-79.9416709, 32.7866707], [-79.9417008, 32.7866604], [-79.9416792, 32.786616], [-79.9416492, 32.7866263]]]}}, {"id": "854", "type": "Feature", "properties": {"id": "97bcae5f-653e-4afd-8760-7f4b16997b6f", "name": null, "subtype": "outbuilding", "class": "shed", "height": 2.0, "num_floors": 1, "surge_class": 1, "surge_ft": 0.5, "flood_active": false, "exposure_score": 0.015, "exposure_category": "low"}, "geometry": {"type": "Polygon", "coordinates": [[[-79.9419553, 32.7865515], [-79.9419906, 32.7865398], [-79.9419801, 32.7865171], [-79.9419448, 32.7865288], [-79.9419553, 32.7865515]]]}}, {"id": "855", "type": "Feature", "properties": {"id": "6c543353-fd34-486e-adcd-ff2061d53b29", "name": null, "subtype": "outbuilding", "class": "shed", "height": 2.0, "num_floors": 1, "surge_class": 1, "surge_ft": 0.5, "flood_active": false, "exposure_score": 0.015, "exposure_category": "low"}, "geometry": {"type": "Polygon", "coordinates": [[[-79.9420254, 32.7865585], [-79.9420726, 32.7865422], [-79.9420604, 32.7865172], [-79.9420132, 32.7865335], [-79.9420254, 32.7865585]]]}}, {"id": "856", "type": "Feature", "properties": {"id": "6c5796f5-af77-47f7-b2b9-a40d4c8d6aa1", "name": null, "subtype": "outbuilding", "class": "shed", "height": 3.0, "num_floors": 1, "surge_class": 1, "surge_ft": 0.5, "flood_active": false, "exposure_score": 0.015, "exposure_category": "low"}, "geometry": {"type": "Polygon", "coordinates": [[[-79.9420559, 32.7866334], [-79.9420999, 32.7866156], [-79.9420862, 32.7865918], [-79.9420423, 32.7866096], [-79.9420559, 32.7866334]]]}}, {"id": "857", "type": "Feature", "properties": {"id": "f714d5b6-459c-4267-b83b-02750878218d", "name": null, "subtype": "residential", "class": "apartments", "height": 9.0, "num_floors": 2, "surge_class": 1, "surge_ft": 0.5, "flood_active": false, "exposure_score": 0.015, "exposure_category": "low"}, "geometry": {"type": "Polygon", "coordinates": [[[-79.9419292, 32.7866179], [-79.9418958, 32.7865518], [-79.941848, 32.7865688], [-79.9418805, 32.7866349], [-79.941896, 32.7866664], [-79.94189, 32.7866685], [-79.9419333, 32.7867519], [-79.9419456, 32.7867756], [-79.9420413, 32.7867415], [-79.942029, 32.7867179], [-79.9420125, 32.7866865], [-79.9419783, 32.7866209], [-79.9419532, 32.7866296], [-79.9419448, 32.7866124], [-79.9419292, 32.7866179]]]}}, {"id": "858", "type": "Feature", "properties": {"id": "243bbe2f-c8c9-478e-bd40-9bbdd2a8a742", "name": null, "subtype": "residential", "class": "apartments", "height": 12.0, "num_floors": 2, "surge_class": 1, "surge_ft": 0.5, "flood_active": false, "exposure_score": 0.015, "exposure_category": "low"}, "geometry": {"type": "Polygon", "coordinates": [[[-79.9419301, 32.7868855], [-79.9419288, 32.7868797], [-79.9418984, 32.7868232], [-79.9419008, 32.7868078], [-79.9418931, 32.7867927], [-79.9418769, 32.7867834], [-79.9418433, 32.7867216], [-79.9417927, 32.7867392], [-79.9417574, 32.7866716], [-79.9416889, 32.7866986], [-79.9417589, 32.7868257], [-79.9417732, 32.7868319], [-79.9418077, 32.7868931], [-79.9418128, 32.7869026], [-79.9418206, 32.7869053], [-79.9418336, 32.7869282], [-79.9418522, 32.7869206], [-79.9418537, 32.7869232], [-79.9419069, 32.7869027], [-79.9419261, 32.7868953], [-79.9419292, 32.7868912], [-79.9419301, 32.7868855]]]}}, {"id": "859", "type": "Feature", "properties": {"id": "6fa18862-0a68-4818-aac9-c517475dcfe0", "name": null, "subtype": "residential", "class": "detached", "height": 9.0, "num_floors": 2, "surge_class": 4, "surge_ft": 3.5, "flood_active": false, "exposure_score": 0.105, "exposure_category": "low"}, "geometry": {"type": "Polygon", "coordinates": [[[-79.9421055, 32.7872057], [-79.94211, 32.7872039], [-79.9420611, 32.7871173], [-79.9420576, 32.7871186], [-79.942047, 32.7870993], [-79.9420128, 32.7871103], [-79.9419627, 32.7871265], [-79.942018, 32.7872247], [-79.9420249, 32.7872371], [-79.9420313, 32.7872346], [-79.9420515, 32.7872765], [-79.9420625, 32.7872725], [-79.9420879, 32.7873208], [-79.9421625, 32.787293], [-79.9421343, 32.7872463], [-79.942129, 32.7872484], [-79.9421055, 32.7872057]]]}}, {"id": "860", "type": "Feature", "properties": {"id": "e9ae82a3-e922-4f16-be37-a79b15ba75b2", "name": null, "subtype": "residential", "class": "detached", "height": 9.0, "num_floors": 2, "surge_class": 2, "surge_ft": 1.5, "flood_active": false, "exposure_score": 0.045, "exposure_category": "low"}, "geometry": {"type": "Polygon", "coordinates": [[[-79.9419672, 32.7872525], [-79.9419834, 32.7872459], [-79.9419167, 32.7871274], [-79.9418925, 32.7871357], [-79.9418901, 32.7871313], [-79.9418381, 32.7871516], [-79.941932, 32.7873219], [-79.9419452, 32.7873458], [-79.9419679, 32.787387], [-79.9419777, 32.7874048], [-79.942014, 32.7873906], [-79.9420041, 32.7873727], [-79.9420094, 32.7873707], [-79.9420224, 32.7873656], [-79.9419996, 32.7873241], [-79.9419857, 32.7873297], [-79.9419807, 32.7873317], [-79.9419682, 32.7873089], [-79.941957, 32.7872884], [-79.9419817, 32.7872788], [-79.9419672, 32.7872525]]]}}, {"id": "861", "type": "Feature", "properties": {"id": "73bb1773-d83a-4479-9366-759a69004b9e", "name": null, "subtype": "residential", "class": "detached", "height": 10.0, "num_floors": 2, "surge_class": 1, "surge_ft": 0.5, "flood_active": false, "exposure_score": 0.015, "exposure_category": "low"}, "geometry": {"type": "Polygon", "coordinates": [[[-79.9414896, 32.7869089], [-79.9415553, 32.7870321], [-79.9416082, 32.7870124], [-79.941538, 32.7868901], [-79.9415218, 32.786862], [-79.9414745, 32.7868803], [-79.9414896, 32.7869089]]]}}, {"id": "862", "type": "Feature", "properties": {"id": "7dbf37e6-b897-4786-9f52-7b630222e65a", "name": null, "subtype": "residential", "class": "detached", "height": 10.0, "num_floors": 2, "surge_class": 2, "surge_ft": 1.5, "flood_active": false, "exposure_score": 0.045, "exposure_category": "low"}, "geometry": {"type": "Polygon", "coordinates": [[[-79.9415673, 32.7869047], [-79.9416312, 32.7870237], [-79.9416342, 32.7870227], [-79.9416401, 32.7870333], [-79.9417068, 32.7870153], [-79.9416994, 32.7869998], [-79.9417014, 32.7869991], [-79.9416567, 32.7869151], [-79.9416375, 32.7868791], [-79.9416204, 32.7868853], [-79.9416032, 32.7868527], [-79.9415565, 32.786871], [-79.9415738, 32.7869024], [-79.9415673, 32.7869047]]]}}, {"id": "863", "type": "Feature", "properties": {"id": "71b59def-04db-4591-bb81-1916b99b1408", "name": "Peter J. Sires House", "subtype": "residential", "class": "detached", "height": 10.0, "num_floors": 2, "surge_class": 1, "surge_ft": 0.5, "flood_active": false, "exposure_score": 0.015, "exposure_category": "low"}, "geometry": {"type": "Polygon", "coordinates": [[[-79.9417564, 32.786909], [-79.9416953, 32.7867954], [-79.9416519, 32.7868119], [-79.9416418, 32.7867927], [-79.9416284, 32.7867674], [-79.9416267, 32.7867642], [-79.9416507, 32.7867553], [-79.9416166, 32.7866908], [-79.9415929, 32.7867001], [-79.9415756, 32.7866673], [-79.9415376, 32.7866816], [-79.9415552, 32.7867143], [-79.9415912, 32.7867812], [-79.9416049, 32.7868066], [-79.9416261, 32.786846], [-79.9416798, 32.7869457], [-79.9417364, 32.7869242], [-79.941733, 32.7869179], [-79.9417564, 32.786909]]]}}, {"id": "864", "type": "Feature", "properties": {"id": "7aa377ac-3424-4de7-bb22-401ed1e1acde", "name": null, "subtype": "residential", "class": "detached", "height": 8.0, "num_floors": 2, "surge_class": 0, "surge_ft": 0.0, "flood_active": false, "exposure_score": 0.0, "exposure_category": "none"}, "geometry": {"type": "Polygon", "coordinates": [[[-79.9413581, 32.7867333], [-79.9414171, 32.7868433], [-79.941457, 32.7868282], [-79.9414883, 32.7868163], [-79.941472, 32.7867859], [-79.9414294, 32.7867067], [-79.9414141, 32.7866782], [-79.9413772, 32.7866922], [-79.9413923, 32.7867206], [-79.941376, 32.7867266], [-79.9413581, 32.7867333]]]}}, {"id": "865", "type": "Feature", "properties": {"id": "d64a7d1c-9843-42ad-b60c-aeb18b71bcf3", "name": null, "subtype": "residential", "class": "apartments", "height": 7.0, "num_floors": 2, "surge_class": 0, "surge_ft": 0.0, "flood_active": false, "exposure_score": 0.0, "exposure_category": "none"}, "geometry": {"type": "Polygon", "coordinates": [[[-79.941341, 32.7869452], [-79.9413702, 32.7869995], [-79.9414148, 32.7869815], [-79.941382, 32.7869244], [-79.9413706, 32.7869286], [-79.9413085, 32.7868211], [-79.9412648, 32.78684], [-79.9413269, 32.7869506], [-79.941341, 32.7869452]]]}}, {"id": "866", "type": "Feature", "properties": {"id": "1f24be7d-cffa-4feb-b8f0-58d75826d16f", "name": null, "subtype": "residential", "class": "detached", "height": 9.0, "num_floors": 2, "surge_class": 1, "surge_ft": 0.5, "flood_active": false, "exposure_score": 0.015, "exposure_category": "low"}, "geometry": {"type": "Polygon", "coordinates": [[[-79.9412515, 32.7870012], [-79.9412849, 32.787114], [-79.9413385, 32.7871004], [-79.9413367, 32.7870939], [-79.941357, 32.7870895], [-79.9413453, 32.7870406], [-79.9413498, 32.78704], [-79.9413361, 32.7869843], [-79.941308, 32.7869899], [-79.9412515, 32.7870012]]]}}, {"id": "867", "type": "Feature", "properties": {"id": "9eff00ed-98ad-4b10-a370-d8d5397e7eb8", "name": null, "subtype": "residential", "class": "apartments", "height": 8.0, "num_floors": 2, "surge_class": 0, "surge_ft": 0.0, "flood_active": false, "exposure_score": 0.0, "exposure_category": "none"}, "geometry": {"type": "Polygon", "coordinates": [[[-79.9412343, 32.7871268], [-79.9412496, 32.7871233], [-79.9412243, 32.7870465], [-79.941232, 32.7870447], [-79.9412262, 32.787027], [-79.9412345, 32.787025], [-79.9412231, 32.7869904], [-79.9411952, 32.7869969], [-79.9411371, 32.7870104], [-79.9411812, 32.7871443], [-79.9412358, 32.7871315], [-79.9412343, 32.7871268]]]}}, {"id": "868", "type": "Feature", "properties": {"id": "35f6ff9e-73e4-4bf9-8203-ad62dd3ce64d", "name": "William Whiteman Tenement", "subtype": "residential", "class": "detached", "height": 13.0, "num_floors": 3, "surge_class": 0, "surge_ft": 0.0, "flood_active": false, "exposure_score": 0.0, "exposure_category": "none"}, "geometry": {"type": "Polygon", "coordinates": [[[-79.9408945, 32.787161], [-79.9408848, 32.7871636], [-79.9409079, 32.7872257], [-79.9410786, 32.7871808], [-79.9411148, 32.7871713], [-79.9411022, 32.7871373], [-79.9410919, 32.78714], [-79.9410726, 32.787088], [-79.9408856, 32.787137], [-79.9408945, 32.787161]]]}}, {"id": "869", "type": "Feature", "properties": {"id": "85cdbbb2-6be8-4798-a5ef-40d0dd432617", "name": null, "subtype": "residential", "class": "detached", "height": 8.0, "num_floors": 2, "surge_class": 0, "surge_ft": 0.0, "flood_active": false, "exposure_score": 0.0, "exposure_category": "none"}, "geometry": {"type": "Polygon", "coordinates": [[[-79.9409369, 32.7865483], [-79.9409709, 32.7866342], [-79.9410218, 32.7866202], [-79.941041, 32.7866149], [-79.9410062, 32.7865293], [-79.9409869, 32.7865346], [-79.9409369, 32.7865483]]]}}, {"id": "870", "type": "Feature", "properties": {"id": "fe71eb57-5465-4d18-95a7-2ee05d50a7cb", "name": null, "subtype": "residential", "class": "detached", "height": 11.0, "num_floors": 2, "surge_class": 0, "surge_ft": 0.0, "flood_active": false, "exposure_score": 0.0, "exposure_category": "none"}, "geometry": {"type": "Polygon", "coordinates": [[[-79.9411305, 32.7865234], [-79.9411714, 32.7865085], [-79.941158, 32.7864838], [-79.9410779, 32.7863364], [-79.940998, 32.7863663], [-79.9410827, 32.7865141], [-79.9411058, 32.7865544], [-79.9411482, 32.7866284], [-79.941182, 32.7866149], [-79.9411931, 32.7866104], [-79.9411505, 32.7865354], [-79.9411399, 32.7865399], [-79.9411305, 32.7865234]]]}}, {"id": "871", "type": "Feature", "properties": {"id": "8ae91424-b051-439e-ace3-e06013b9a81e", "name": null, "subtype": "outbuilding", "class": "shed", "height": 4.0, "num_floors": 1, "surge_class": 0, "surge_ft": 0.0, "flood_active": false, "exposure_score": 0.0, "exposure_category": "none"}, "geometry": {"type": "Polygon", "coordinates": [[[-79.9411668, 32.7866486], [-79.9411876, 32.7866891], [-79.9412233, 32.7866761], [-79.9412333, 32.7866725], [-79.9412125, 32.786632], [-79.9412019, 32.7866358], [-79.9411668, 32.7866486]]]}}, {"id": "872", "type": "Feature", "properties": {"id": "83ad02c7-99d2-4b87-a670-8c3a1a2f153f", "name": null, "subtype": "outbuilding", "class": "shed", "height": 3.0, "num_floors": 1, "surge_class": 1, "surge_ft": 0.5, "flood_active": false, "exposure_score": 0.015, "exposure_category": "low"}, "geometry": {"type": "Polygon", "coordinates": [[[-79.9414504, 32.7866776], [-79.9414929, 32.7866628], [-79.9414822, 32.7866412], [-79.9414398, 32.786656], [-79.9414504, 32.7866776]]]}}, {"id": "873", "type": "Feature", "properties": {"id": "073ec132-0a95-4478-b803-4329dd4fcbca", "name": null, "subtype": "outbuilding", "class": "shed", "height": 3.0, "num_floors": 1, "surge_class": 1, "surge_ft": 0.5, "flood_active": false, "exposure_score": 0.015, "exposure_category": "low"}, "geometry": {"type": "Polygon", "coordinates": [[[-79.9414015, 32.7866496], [-79.9414178, 32.7866796], [-79.9414428, 32.78667], [-79.9414265, 32.78664], [-79.9414015, 32.7866496]]]}}, {"id": "874", "type": "Feature", "properties": {"id": "1c3f06b1-b72d-4e3e-b67c-20ebfeb314e9", "name": null, "subtype": "residential", "class": "apartments", "height": 8.0, "num_floors": 2, "surge_class": 0, "surge_ft": 0.0, "flood_active": false, "exposure_score": 0.0, "exposure_category": "none"}, "geometry": {"type": "Polygon", "coordinates": [[[-79.941273, 32.7865301], [-79.9412977, 32.7865801], [-79.941336, 32.7865655], [-79.9413098, 32.7865152], [-79.9413233, 32.7865097], [-79.9413011, 32.7864686], [-79.9413292, 32.7864592], [-79.9412658, 32.7863392], [-79.9412379, 32.7863479], [-79.9411903, 32.7863628], [-79.941273, 32.7865301]]]}}, {"id": "875", "type": "Feature", "properties": {"id": "425b7c53-e5d0-463e-893e-f9f2ec21e11a", "name": null, "subtype": "residential", "class": "apartments", "height": 11.0, "num_floors": 2, "surge_class": 1, "surge_ft": 0.5, "flood_active": false, "exposure_score": 0.015, "exposure_category": "low"}, "geometry": {"type": "Polygon", "coordinates": [[[-79.9414436, 32.7862711], [-79.9414394, 32.7862638], [-79.9414139, 32.7862742], [-79.9414123, 32.7862716], [-79.9413295, 32.7863052], [-79.9414101, 32.786458], [-79.9414816, 32.7864331], [-79.9414799, 32.7864299], [-79.9414939, 32.7864248], [-79.9414829, 32.7864031], [-79.9414539, 32.7863462], [-79.9414821, 32.7863346], [-79.9414487, 32.7862692], [-79.9414436, 32.7862711]]]}}, {"id": "876", "type": "Feature", "properties": {"id": "f60411d4-57f1-4f1e-b7a2-4b7f9e5758a0", "name": null, "subtype": "residential", "class": "apartments", "height": 10.0, "num_floors": 3, "surge_class": 0, "surge_ft": 0.0, "flood_active": false, "exposure_score": 0.0, "exposure_category": "none"}, "geometry": {"type": "Polygon", "coordinates": [[[-79.9410111, 32.7864655], [-79.9410149, 32.7864645], [-79.9409739, 32.7863559], [-79.9408921, 32.7863778], [-79.940933, 32.7864863], [-79.9409367, 32.7864854], [-79.9409443, 32.7865077], [-79.9410194, 32.7864885], [-79.9410111, 32.7864655]]]}}, {"id": "877", "type": "Feature", "properties": {"id": "5b246d9b-04a6-4021-8d56-db3c6ba25dc7", "name": null, "subtype": "residential", "class": "apartments", "height": 10.0, "num_floors": 2, "surge_class": 1, "surge_ft": 0.5, "flood_active": false, "exposure_score": 0.015, "exposure_category": "low"}, "geometry": {"type": "Polygon", "coordinates": [[[-79.94056, 32.7861577], [-79.9406068, 32.786282], [-79.940716, 32.786253], [-79.9406703, 32.7861316], [-79.9406335, 32.7861414], [-79.9406324, 32.7861385], [-79.94056, 32.7861577]]]}}, {"id": "878", "type": "Feature", "properties": {"id": "ce998ed3-6584-499a-8cc8-f633d3c505ef", "name": null, "subtype": "residential", "class": "apartments", "height": 12.0, "num_floors": 2, "surge_class": 0, "surge_ft": 0.0, "flood_active": false, "exposure_score": 0.0, "exposure_category": "none"}, "geometry": {"type": "Polygon", "coordinates": [[[-79.9405835, 32.7866952], [-79.9408339, 32.7866256], [-79.9407979, 32.7865344], [-79.9405485, 32.7866008], [-79.9405835, 32.7866952]]]}}, {"id": "879", "type": "Feature", "properties": {"id": "2f5c3756-eef8-4443-93b8-f632d3afcbc4", "name": null, "subtype": "residential", "class": "detached", "height": 10.0, "num_floors": 2, "surge_class": 0, "surge_ft": 0.0, "flood_active": false, "exposure_score": 0.0, "exposure_category": "none"}, "geometry": {"type": "Polygon", "coordinates": [[[-79.9406949, 32.7864313], [-79.9407036, 32.7864544], [-79.9404863, 32.7865143], [-79.9404979, 32.786541], [-79.9405193, 32.78659], [-79.9406989, 32.7865412], [-79.9407328, 32.786532], [-79.9407727, 32.7865212], [-79.9407515, 32.7864627], [-79.9407571, 32.7864612], [-79.9407411, 32.7864189], [-79.9406949, 32.7864313]]]}}, {"id": "880", "type": "Feature", "properties": {"id": "96211887-7a58-4b7a-91cd-677b2a737b5a", "name": null, "subtype": "residential", "class": "apartments", "height": 13.0, "num_floors": 4, "surge_class": 1, "surge_ft": 0.5, "flood_active": false, "exposure_score": 0.015, "exposure_category": "low"}, "geometry": {"type": "Polygon", "coordinates": [[[-79.9403655, 32.7863089], [-79.940387, 32.7863709], [-79.9405737, 32.7863251], [-79.9405437, 32.786239], [-79.9405244, 32.7862437], [-79.9405147, 32.7862158], [-79.9404693, 32.7862269], [-79.9404792, 32.7862555], [-79.9403645, 32.7862837], [-79.9403727, 32.7863072], [-79.9403655, 32.7863089]]]}}, {"id": "881", "type": "Feature", "properties": {"id": "bfa0a113-6b0d-44e9-8943-5f86de219c58", "name": null, "subtype": "residential", "class": "detached", "height": 9.0, "num_floors": 2, "surge_class": 1, "surge_ft": 0.5, "flood_active": false, "exposure_score": 0.015, "exposure_category": "low"}, "geometry": {"type": "Polygon", "coordinates": [[[-79.9403252, 32.78622], [-79.9405263, 32.7861705], [-79.9405082, 32.7861185], [-79.9405043, 32.7861195], [-79.9404981, 32.7861017], [-79.9403057, 32.786149], [-79.9403121, 32.7861674], [-79.9403073, 32.7861685], [-79.9403252, 32.78622]]]}}, {"id": "882", "type": "Feature", "properties": {"id": "5db6b827-db68-4288-8d4b-d7082ad04d5a", "name": null, "subtype": "residential", "class": "apartments", "height": 10.0, "num_floors": 3, "surge_class": 1, "surge_ft": 0.5, "flood_active": false, "exposure_score": 0.015, "exposure_category": "low"}, "geometry": {"type": "Polygon", "coordinates": [[[-79.9400043, 32.7862571], [-79.9401086, 32.7864424], [-79.9402363, 32.7863915], [-79.9402065, 32.7863387], [-79.940202, 32.7863405], [-79.9401874, 32.7863145], [-79.9401376, 32.7863344], [-79.9401003, 32.7862684], [-79.9400814, 32.786276], [-79.9400785, 32.7862708], [-79.940075, 32.7862723], [-79.9400551, 32.7862372], [-79.9400043, 32.7862571]]]}}, {"id": "883", "type": "Feature", "properties": {"id": "82be640c-ff43-43dc-9dfe-6f7c4213904b", "name": null, "subtype": "residential", "class": "apartments", "height": 8.0, "num_floors": 2, "surge_class": 1, "surge_ft": 0.5, "flood_active": false, "exposure_score": 0.015, "exposure_category": "low"}, "geometry": {"type": "Polygon", "coordinates": [[[-79.9399712, 32.7861974], [-79.9400043, 32.7862571], [-79.9400551, 32.7862372], [-79.9401355, 32.7862056], [-79.9401152, 32.786169], [-79.9401124, 32.7861701], [-79.9401052, 32.7861571], [-79.9400497, 32.7861789], [-79.940044, 32.7861688], [-79.9399712, 32.7861974]]]}}, {"id": "884", "type": "Feature", "properties": {"id": "10efff63-d2ea-483c-b5b3-4c800a79a097", "name": null, "subtype": "residential", "class": "apartments", "height": 11.0, "num_floors": 2, "surge_class": 0, "surge_ft": 0.0, "flood_active": false, "exposure_score": 0.0, "exposure_category": "none"}, "geometry": {"type": "Polygon", "coordinates": [[[-79.9398614, 32.7864496], [-79.9397556, 32.7862534], [-79.9397056, 32.7862724], [-79.9397179, 32.7862951], [-79.9396863, 32.7863072], [-79.9397799, 32.7864806], [-79.9398614, 32.7864496]]]}}, {"id": "885", "type": "Feature", "properties": {"id": "bb53bb5f-ae8d-41ef-920b-5278cbe131bc", "name": null, "subtype": "residential", "class": "detached", "height": 12.0, "num_floors": 3, "surge_class": 0, "surge_ft": 0.0, "flood_active": false, "exposure_score": 0.0, "exposure_category": "none"}, "geometry": {"type": "Polygon", "coordinates": [[[-79.9399577, 32.7862685], [-79.9399186, 32.7862835], [-79.9399163, 32.7862793], [-79.9399566, 32.7862639], [-79.9399028, 32.7861644], [-79.9398184, 32.7861967], [-79.9399568, 32.7864526], [-79.9400166, 32.7864297], [-79.940014, 32.7864249], [-79.9400374, 32.7864159], [-79.9399577, 32.7862685]]]}}, {"id": "886", "type": "Feature", "properties": {"id": "c21e65e0-8a09-4ba4-95dc-232e151563d1", "name": "The St. Luke and St. Paul Anglican Church", "subtype": "religious", "class": "cathedral", "height": 21.0, "num_floors": 1, "surge_class": 0, "surge_ft": 0.0, "flood_active": false, "exposure_score": 0.0, "exposure_category": "none"}, "geometry": {"type": "Polygon", "coordinates": [[[-79.9403286, 32.7868454], [-79.9400318, 32.7869625], [-79.9400401, 32.7869775], [-79.9400007, 32.7869931], [-79.9400235, 32.7870337], [-79.9400134, 32.7870441], [-79.9400071, 32.787057], [-79.9400056, 32.787065], [-79.9400059, 32.7870731], [-79.9400078, 32.7870811], [-79.9400114, 32.7870887], [-79.9400165, 32.7870956], [-79.9400229, 32.7871016], [-79.9400386, 32.7871103], [-79.9400538, 32.7871138], [-79.9400687, 32.7871136], [-79.940091, 32.7871549], [-79.9401287, 32.78714], [-79.9401373, 32.7871553], [-79.9404369, 32.787037], [-79.9404286, 32.7870221], [-79.9405521, 32.7869734], [-79.9404614, 32.786811], [-79.9403368, 32.7868601], [-79.9403286, 32.7868454]]]}}, {"id": "887", "type": "Feature", "properties": {"id": "e461c6c1-ecbb-48b9-80b1-5801d195c87f", "name": null, "subtype": "religious", "class": "church", "height": 11.0, "num_floors": 2, "surge_class": 0, "surge_ft": 0.0, "flood_active": false, "exposure_score": 0.0, "exposure_category": "none"}, "geometry": {"type": "Polygon", "coordinates": [[[-79.9400187, 32.7866252], [-79.9396271, 32.7867256], [-79.9396649, 32.7868298], [-79.9398975, 32.7867698], [-79.9399222, 32.786837], [-79.9398891, 32.7868454], [-79.9399369, 32.7869783], [-79.940005, 32.786961], [-79.9400008, 32.7869494], [-79.9400477, 32.7869375], [-79.9400454, 32.7869312], [-79.9400879, 32.7869203], [-79.9400856, 32.786914], [-79.9401199, 32.7869053], [-79.9401242, 32.7869175], [-79.9401511, 32.7869106], [-79.9401209, 32.7868274], [-79.9401275, 32.7868258], [-79.9401137, 32.7867875], [-79.9401078, 32.786789], [-79.9400668, 32.7866758], [-79.9400499, 32.7866294], [-79.9400228, 32.7866363], [-79.9400187, 32.7866252]]]}}, {"id": "888", "type": "Feature", "properties": {"id": "2ff6dab1-2b97-4d46-9d01-e1ceddfb24d8", "name": null, "subtype": "religious", "class": "church", "height": 4.0, "num_floors": 1, "surge_class": 0, "surge_ft": 0.0, "flood_active": false, "exposure_score": 0.0, "exposure_category": "none"}, "geometry": {"type": "Polygon", "coordinates": [[[-79.9398086, 32.7868975], [-79.9398485, 32.7868824], [-79.9398337, 32.786855], [-79.9397939, 32.7868701], [-79.9398086, 32.7868975]]]}}, {"id": "889", "type": "Feature", "properties": {"id": "78006dd3-c3ff-4daa-bd58-e8f4cac0f009", "name": null, "subtype": "religious", "class": "church", "height": 4.0, "num_floors": 1, "surge_class": 0, "surge_ft": 0.0, "flood_active": false, "exposure_score": 0.0, "exposure_category": "none"}, "geometry": {"type": "Polygon", "coordinates": [[[-79.9398036, 32.7870052], [-79.9398566, 32.7869829], [-79.9398337, 32.7869445], [-79.9397807, 32.7869668], [-79.9398036, 32.7870052]]]}}, {"id": "890", "type": "Feature", "properties": {"id": "75b25333-cd16-413f-ae0a-3b1e65903eea", "name": null, "subtype": "religious", "class": "church", "height": 2.0, "num_floors": 1, "surge_class": 0, "surge_ft": 0.0, "flood_active": false, "exposure_score": 0.0, "exposure_category": "none"}, "geometry": {"type": "Polygon", "coordinates": [[[-79.9398375, 32.787146], [-79.9398611, 32.7871365], [-79.9398499, 32.7871169], [-79.9398264, 32.7871265], [-79.9398375, 32.787146]]]}}, {"id": "891", "type": "Feature", "properties": {"id": "fd58f6fa-8d12-4b25-bb87-05c0b353c1fd", "name": null, "subtype": "service", "class": "service", "height": 3.0, "num_floors": 1, "surge_class": 0, "surge_ft": 0.0, "flood_active": false, "exposure_score": 0.0, "exposure_category": "none"}, "geometry": {"type": "Polygon", "coordinates": [[[-79.9398383, 32.7872935], [-79.9398662, 32.7872813], [-79.9398471, 32.7872503], [-79.9398604, 32.7872445], [-79.9398459, 32.787221], [-79.939838, 32.7872245], [-79.9398367, 32.7872224], [-79.9398059, 32.7872358], [-79.9398073, 32.7872382], [-79.9397946, 32.7872437], [-79.9398084, 32.787266], [-79.9398186, 32.7872615], [-79.9398383, 32.7872935]]]}}, {"id": "892", "type": "Feature", "properties": {"id": "ff3f2aa1-1239-41c3-b777-e5b09e1f5f4d", "name": null, "subtype": "religious", "class": "church", "height": 3.0, "num_floors": 1, "surge_class": 0, "surge_ft": 0.0, "flood_active": false, "exposure_score": 0.0, "exposure_category": "none"}, "geometry": {"type": "Polygon", "coordinates": [[[-79.9398993, 32.7872656], [-79.9399368, 32.7872509], [-79.9399164, 32.7872139], [-79.9399136, 32.7872151], [-79.9398788, 32.7872285], [-79.9398993, 32.7872656]]]}}, {"id": "893", "type": "Feature", "properties": {"id": "0a5beac4-0114-4b7a-bcf6-8f666d4271eb", "name": null, "subtype": "religious", "class": "church", "height": 3.0, "num_floors": 1, "surge_class": 0, "surge_ft": 0.0, "flood_active": false, "exposure_score": 0.0, "exposure_category": "none"}, "geometry": {"type": "Polygon", "coordinates": [[[-79.9398788, 32.7872285], [-79.9399136, 32.7872151], [-79.9398933, 32.7871778], [-79.9398585, 32.7871912], [-79.9398788, 32.7872285]]]}}, {"id": "894", "type": "Feature", "properties": {"id": "e4408d43-5d97-4584-9aad-af520f3d3386", "name": null, "subtype": "religious", "class": "church", "height": 2.0, "num_floors": 1, "surge_class": 0, "surge_ft": 0.0, "flood_active": false, "exposure_score": 0.0, "exposure_category": "none"}, "geometry": {"type": "Polygon", "coordinates": [[[-79.9403082, 32.7872759], [-79.9403464, 32.787262], [-79.9403297, 32.7872296], [-79.9402915, 32.7872435], [-79.9403082, 32.7872759]]]}}, {"id": "895", "type": "Feature", "properties": {"id": "8d38e0e7-50b2-4cbc-b44d-81b55cb44ba9", "name": null, "subtype": "residential", "class": "apartments", "height": 10.0, "num_floors": 2, "surge_class": 0, "surge_ft": 0.0, "flood_active": false, "exposure_score": 0.0, "exposure_category": "none"}, "geometry": {"type": "Polygon", "coordinates": [[[-79.9406843, 32.786751], [-79.9406566, 32.7867586], [-79.940686, 32.786836], [-79.940713, 32.7868291], [-79.9409184, 32.7867767], [-79.9409173, 32.7867738], [-79.9409495, 32.7867656], [-79.9409224, 32.7866904], [-79.9408896, 32.7866982], [-79.9408838, 32.7866996], [-79.9408827, 32.7866968], [-79.9408783, 32.7866853], [-79.9407207, 32.7867287], [-79.9407251, 32.7867398], [-79.9406843, 32.786751]]]}}, {"id": "896", "type": "Feature", "properties": {"id": "b63f662f-e2ba-4f95-b1e9-c829fe67b8b4", "name": "Johnston Mausoleum", "subtype": "religious", "class": "church", "height": 5.0, "num_floors": 1, "surge_class": 0, "surge_ft": 0.0, "flood_active": false, "exposure_score": 0.0, "exposure_category": "none"}, "geometry": {"type": "Polygon", "coordinates": [[[-79.9406054, 32.787206], [-79.94067, 32.7871802], [-79.9406433, 32.7871331], [-79.9405787, 32.7871589], [-79.9406054, 32.787206]]]}}, {"id": "897", "type": "Feature", "properties": {"id": "13fe09cc-1d36-4fc2-90f1-5674c9df0124", "name": null, "subtype": "residential", "class": "apartments", "height": 9.0, "num_floors": 2, "surge_class": 0, "surge_ft": 0.0, "flood_active": false, "exposure_score": 0.0, "exposure_category": "none"}, "geometry": {"type": "Polygon", "coordinates": [[[-79.9406796, 32.7874813], [-79.9407088, 32.7875569], [-79.9408548, 32.787518], [-79.9408383, 32.7874741], [-79.9408308, 32.787476], [-79.9408246, 32.7874595], [-79.9407313, 32.7874851], [-79.9407255, 32.7874689], [-79.9406796, 32.7874813]]]}}, {"id": "898", "type": "Feature", "properties": {"id": "cb8780cc-d2c6-4c8b-9d54-2483960724a1", "name": "James Redding Tenement", "subtype": "residential", "class": "detached", "height": 8.0, "num_floors": 2, "surge_class": 0, "surge_ft": 0.0, "flood_active": false, "exposure_score": 0.0, "exposure_category": "none"}, "geometry": {"type": "Polygon", "coordinates": [[[-79.9407874, 32.7876768], [-79.9409271, 32.7876326], [-79.940908, 32.787593], [-79.9409035, 32.7875945], [-79.9408964, 32.787579], [-79.9407744, 32.7876176], [-79.940786, 32.7876422], [-79.9407729, 32.7876467], [-79.9407874, 32.7876768]]]}}, {"id": "899", "type": "Feature", "properties": {"id": "e4a3ca5b-cef2-4d73-b785-357e5dae158c", "name": "James Redding Tenement", "subtype": "residential", "class": "detached", "height": 8.0, "num_floors": 2, "surge_class": 0, "surge_ft": 0.0, "flood_active": false, "exposure_score": 0.0, "exposure_category": "none"}, "geometry": {"type": "Polygon", "coordinates": [[[-79.9407597, 32.7876189], [-79.9408935, 32.7875774], [-79.9408762, 32.787535], [-79.9408703, 32.7875205], [-79.9407427, 32.7875591], [-79.9407544, 32.7875844], [-79.9407447, 32.7875875], [-79.9407138, 32.7875973], [-79.9407283, 32.7876286], [-79.9407597, 32.7876189]]]}}, {"id": "900", "type": "Feature", "properties": {"id": "04858159-7103-4f57-a49d-86a0ddb54e0a", "name": null, "subtype": "residential", "class": "apartments", "height": 10.0, "num_floors": 2, "surge_class": 0, "surge_ft": 0.0, "flood_active": false, "exposure_score": 0.0, "exposure_category": "none"}, "geometry": {"type": "Polygon", "coordinates": [[[-79.9409342, 32.7876407], [-79.940807, 32.7876883], [-79.9408277, 32.7877273], [-79.9409549, 32.7876797], [-79.9409342, 32.7876407]]]}}, {"id": "901", "type": "Feature", "properties": {"id": "e6a26195-fa12-4ad0-9c01-7bb11487850a", "name": null, "subtype": "residential", "class": "apartments", "height": 8.0, "num_floors": 2, "surge_class": 0, "surge_ft": 0.0, "flood_active": false, "exposure_score": 0.0, "exposure_category": "none"}, "geometry": {"type": "Polygon", "coordinates": [[[-79.9405084, 32.7878408], [-79.9405916, 32.7878136], [-79.9405759, 32.7877796], [-79.9405711, 32.7877693], [-79.9404879, 32.7877964], [-79.9404927, 32.7878067], [-79.9405084, 32.7878408]]]}}, {"id": "902", "type": "Feature", "properties": {"id": "2a2a618c-e990-4e6a-8cf9-1d64c4c7609b", "name": null, "subtype": "residential", "class": "detached", "height": 8.0, "num_floors": 2, "surge_class": 0, "surge_ft": 0.0, "flood_active": false, "exposure_score": 0.0, "exposure_category": "none"}, "geometry": {"type": "Polygon", "coordinates": [[[-79.9404532, 32.7876054], [-79.9404042, 32.787493], [-79.9403837, 32.7874993], [-79.9403396, 32.7875129], [-79.9403941, 32.7876356], [-79.9404018, 32.7876529], [-79.9404352, 32.787728], [-79.9404815, 32.7877123], [-79.9404482, 32.7876381], [-79.940436, 32.7876109], [-79.9404532, 32.7876054]]]}}, {"id": "903", "type": "Feature", "properties": {"id": "92f1c523-9d65-43f2-a760-cde07d0573e1", "name": null, "subtype": "residential", "class": "detached", "height": 9.0, "num_floors": 2, "surge_class": 0, "surge_ft": 0.0, "flood_active": false, "exposure_score": 0.0, "exposure_category": "none"}, "geometry": {"type": "Polygon", "coordinates": [[[-79.9403647, 32.7876145], [-79.9403152, 32.7875125], [-79.9402944, 32.7875186], [-79.9402429, 32.7875337], [-79.9402965, 32.787647], [-79.9403007, 32.7876457], [-79.9403275, 32.7877018], [-79.940358, 32.7876919], [-79.9403309, 32.787636], [-79.9403692, 32.7876238], [-79.9403647, 32.7876145]]]}}, {"id": "904", "type": "Feature", "properties": {"id": "8278bdcf-f918-49b9-bf09-d1ac6c705f69", "name": null, "subtype": "residential", "class": "detached", "height": 9.0, "num_floors": 2, "surge_class": 0, "surge_ft": 0.0, "flood_active": false, "exposure_score": 0.0, "exposure_category": "none"}, "geometry": {"type": "Polygon", "coordinates": [[[-79.94042, 32.7874922], [-79.9404896, 32.787646], [-79.9405452, 32.7876294], [-79.9405313, 32.7875988], [-79.9405501, 32.7875927], [-79.9405225, 32.7875371], [-79.9405262, 32.787536], [-79.9404977, 32.7874743], [-79.9404773, 32.7874806], [-79.9404748, 32.787475], [-79.94042, 32.7874922]]]}}, {"id": "905", "type": "Feature", "properties": {"id": "6011601f-7935-40ca-b0dc-be39578d768c", "name": null, "subtype": "residential", "class": "detached", "height": 9.0, "num_floors": 2, "surge_class": 0, "surge_ft": 0.0, "flood_active": false, "exposure_score": 0.0, "exposure_category": "none"}, "geometry": {"type": "Polygon", "coordinates": [[[-79.9405199, 32.7874723], [-79.9405749, 32.7875908], [-79.9405968, 32.787638], [-79.9406378, 32.787625], [-79.940616, 32.7875777], [-79.9406263, 32.7875744], [-79.9406475, 32.7875676], [-79.9405953, 32.7874549], [-79.9405742, 32.7874615], [-79.9405718, 32.7874564], [-79.9405199, 32.7874723]]]}}, {"id": "906", "type": "Feature", "properties": {"id": "bb33e61d-cdae-4a7d-b099-4356a2e5a0a9", "name": null, "subtype": "residential", "class": "detached", "height": 8.0, "num_floors": 2, "surge_class": 0, "surge_ft": 0.0, "flood_active": false, "exposure_score": 0.0, "exposure_category": "none"}, "geometry": {"type": "Polygon", "coordinates": [[[-79.9398375, 32.7876404], [-79.939869, 32.7877208], [-79.9398806, 32.7877502], [-79.9399289, 32.7877371], [-79.939918, 32.7877084], [-79.9399337, 32.7877045], [-79.9399032, 32.7876235], [-79.9398872, 32.7876277], [-79.9398375, 32.7876404]]]}}, {"id": "907", "type": "Feature", "properties": {"id": "5e7dda30-3c0b-4e20-bef8-ee34b92deb70", "name": null, "subtype": "residential", "class": "detached", "height": 8.0, "num_floors": 2, "surge_class": 0, "surge_ft": 0.0, "flood_active": false, "exposure_score": 0.0, "exposure_category": "none"}, "geometry": {"type": "Polygon", "coordinates": [[[-79.9398361, 32.787759], [-79.9397869, 32.7876487], [-79.9397602, 32.7876555], [-79.9397162, 32.7876666], [-79.9397664, 32.7877788], [-79.9398079, 32.787767], [-79.9398361, 32.787759]]]}}, {"id": "908", "type": "Feature", "properties": {"id": "18c02ad2-3c69-4b32-87d0-58131145c81c", "name": null, "subtype": "residential", "class": "detached", "height": 9.0, "num_floors": 2, "surge_class": 0, "surge_ft": 0.0, "flood_active": false, "exposure_score": 0.0, "exposure_category": "none"}, "geometry": {"type": "Polygon", "coordinates": [[[-79.9399595, 32.7876199], [-79.9400414, 32.7877903], [-79.9400471, 32.7877884], [-79.9400573, 32.7878091], [-79.9401193, 32.7877889], [-79.9400849, 32.787715], [-79.9400892, 32.7877135], [-79.9400706, 32.7876754], [-79.9400319, 32.7875963], [-79.9400135, 32.7876023], [-79.9399595, 32.7876199]]]}}, {"id": "909", "type": "Feature", "properties": {"id": "e2672385-7d3f-4f25-8dcc-831377119226", "name": null, "subtype": "residential", "class": "detached", "height": 9.0, "num_floors": 2, "surge_class": 0, "surge_ft": 0.0, "flood_active": false, "exposure_score": 0.0, "exposure_category": "none"}, "geometry": {"type": "Polygon", "coordinates": [[[-79.9400552, 32.7875864], [-79.9401151, 32.7877142], [-79.9401204, 32.7877124], [-79.9401336, 32.7877396], [-79.9401668, 32.7878083], [-79.9402243, 32.7877892], [-79.9401901, 32.7877195], [-79.9401852, 32.7877212], [-79.9401717, 32.7876948], [-79.9401812, 32.7876916], [-79.9401218, 32.7875677], [-79.9401056, 32.7875732], [-79.9401045, 32.7875709], [-79.9400552, 32.7875864]]]}}, {"id": "910", "type": "Feature", "properties": {"id": "833e8846-0ddd-44aa-bd44-bc2170badd2c", "name": null, "subtype": "residential", "class": "detached", "height": 9.0, "num_floors": 2, "surge_class": 0, "surge_ft": 0.0, "flood_active": false, "exposure_score": 0.0, "exposure_category": "none"}, "geometry": {"type": "Polygon", "coordinates": [[[-79.9402965, 32.7876911], [-79.9402231, 32.787536], [-79.9402008, 32.7875431], [-79.940153, 32.7875584], [-79.9402264, 32.7877131], [-79.9402377, 32.787737], [-79.9402934, 32.7877185], [-79.9402965, 32.7876911]]]}}, {"id": "911", "type": "Feature", "properties": {"id": "dc6813c8-eebe-418d-a21e-42989816b84e", "name": null, "subtype": "residential", "class": "detached", "height": 9.0, "num_floors": 2, "surge_class": 0, "surge_ft": 0.0, "flood_active": false, "exposure_score": 0.0, "exposure_category": "none"}, "geometry": {"type": "Polygon", "coordinates": [[[-79.9396218, 32.7879697], [-79.9396157, 32.7879714], [-79.9396325, 32.7880118], [-79.9397905, 32.787971], [-79.9398604, 32.7879529], [-79.9398797, 32.7879479], [-79.9398579, 32.7878883], [-79.9398387, 32.7878933], [-79.9397674, 32.7879119], [-79.9397736, 32.7879279], [-79.9397587, 32.7879319], [-79.9397527, 32.7879157], [-79.939615, 32.7879516], [-79.9396218, 32.7879697]]]}}, {"id": "912", "type": "Feature", "properties": {"id": "ad3193d2-44ae-47bd-bc29-96c1f1730c74", "name": null, "subtype": "residential", "class": "apartments", "height": 9.0, "num_floors": 2, "surge_class": 0, "surge_ft": 0.0, "flood_active": false, "exposure_score": 0.0, "exposure_category": "none"}, "geometry": {"type": "Polygon", "coordinates": [[[-79.9396869, 32.7880988], [-79.9399175, 32.7880395], [-79.9398998, 32.787991], [-79.9398818, 32.7879956], [-79.9398762, 32.7879804], [-79.9396854, 32.7880297], [-79.9396909, 32.7880448], [-79.9396693, 32.7880503], [-79.9396869, 32.7880988]]]}}, {"id": "913", "type": "Feature", "properties": {"id": "988e0906-d2be-4d4d-82d9-3addde9a74ac", "name": null, "subtype": "religious", "class": "church", "height": 7.0, "num_floors": 2, "surge_class": 1, "surge_ft": 0.5, "flood_active": false, "exposure_score": 0.015, "exposure_category": "low"}, "geometry": {"type": "Polygon", "coordinates": [[[-79.9398555, 32.7882151], [-79.9399541, 32.7881919], [-79.9399339, 32.7881315], [-79.9399272, 32.7881117], [-79.93987, 32.7881254], [-79.9398766, 32.7881451], [-79.9398355, 32.7881548], [-79.9398555, 32.7882151]]]}}, {"id": "914", "type": "Feature", "properties": {"id": "d41bcc3f-9663-45b7-af31-85971dcf12ce", "name": null, "subtype": "outbuilding", "class": "carport", "height": 2.0, "num_floors": 1, "surge_class": 1, "surge_ft": 0.5, "flood_active": false, "exposure_score": 0.015, "exposure_category": "low"}, "geometry": {"type": "Polygon", "coordinates": [[[-79.9398422, 32.7882126], [-79.9398252, 32.7881599], [-79.9397884, 32.7881684], [-79.9398055, 32.788221], [-79.9398422, 32.7882126]]]}}, {"id": "915", "type": "Feature", "properties": {"id": "bcfc310e-afac-43b2-a76e-1e6e9129424c", "name": "St. Patrick Pastoral Center", "subtype": "religious", "class": "church", "height": 10.0, "num_floors": 2, "surge_class": 0, "surge_ft": 0.0, "flood_active": false, "exposure_score": 0.0, "exposure_category": "none"}, "geometry": {"type": "Polygon", "coordinates": [[[-79.9402154, 32.7882855], [-79.9404329, 32.7882297], [-79.9404275, 32.7882148], [-79.9404599, 32.7882064], [-79.9404166, 32.7880875], [-79.9403843, 32.7880958], [-79.940379, 32.7880812], [-79.9401612, 32.7881371], [-79.9401663, 32.788151], [-79.9401341, 32.7881593], [-79.9401486, 32.7882001], [-79.9401433, 32.7882015], [-79.9401559, 32.7882357], [-79.9401609, 32.7882344], [-79.9401767, 32.7882789], [-79.9402098, 32.7882703], [-79.9402154, 32.7882855]]]}}, {"id": "916", "type": "Feature", "properties": {"id": "75a191e1-451b-4703-a93d-1d02d85cc995", "name": null, "subtype": "residential", "class": "house", "height": 8.0, "num_floors": 2, "surge_class": 0, "surge_ft": 0.0, "flood_active": false, "exposure_score": 0.0, "exposure_category": "none"}, "geometry": {"type": "Polygon", "coordinates": [[[-79.940571, 32.7882217], [-79.9406288, 32.7882074], [-79.9405944, 32.7881124], [-79.9405879, 32.7880944], [-79.9405619, 32.7881012], [-79.9405685, 32.7881189], [-79.9405381, 32.7881264], [-79.940571, 32.7882217]]]}}, {"id": "917", "type": "Feature", "properties": {"id": "94900ce8-ad79-4814-b930-875ded487bb6", "name": null, "subtype": "residential", "class": "apartments", "height": 10.0, "num_floors": 2, "surge_class": 0, "surge_ft": 0.0, "flood_active": false, "exposure_score": 0.0, "exposure_category": "none"}, "geometry": {"type": "Polygon", "coordinates": [[[-79.9406002, 32.78796], [-79.9405459, 32.7878544], [-79.940527, 32.7878612], [-79.9404694, 32.7878821], [-79.9404124, 32.7879029], [-79.9404668, 32.7880085], [-79.9405238, 32.7879878], [-79.940581, 32.787967], [-79.9406002, 32.78796]]]}}, {"id": "918", "type": "Feature", "properties": {"id": "67c9d3d2-263a-41fa-8cdd-67c894a7b11f", "name": null, "subtype": "outbuilding", "class": "shed", "height": 3.0, "num_floors": 1, "surge_class": 0, "surge_ft": 0.0, "flood_active": false, "exposure_score": 0.0, "exposure_category": "none"}, "geometry": {"type": "Polygon", "coordinates": [[[-79.9406309, 32.7880275], [-79.9406224, 32.7880098], [-79.9405838, 32.7880229], [-79.9405922, 32.7880406], [-79.9406309, 32.7880275]]]}}, {"id": "919", "type": "Feature", "properties": {"id": "8208aa37-b791-4cd3-89cb-eb0caf048768", "name": null, "subtype": "residential", "class": "apartments", "height": 8.0, "num_floors": 2, "surge_class": 0, "surge_ft": 0.0, "flood_active": false, "exposure_score": 0.0, "exposure_category": "none"}, "geometry": {"type": "Polygon", "coordinates": [[[-79.9407947, 32.7879025], [-79.9406417, 32.7879557], [-79.9406498, 32.7879732], [-79.9406675, 32.7880118], [-79.9408195, 32.7879594], [-79.9408025, 32.7879204], [-79.9407947, 32.7879025]]]}}, {"id": "920", "type": "Feature", "properties": {"id": "b3ec0917-b518-4d34-a6b8-3af6fbdfa12c", "name": null, "subtype": "residential", "class": "house", "height": 8.0, "num_floors": 2, "surge_class": 0, "surge_ft": 0.0, "flood_active": false, "exposure_score": 0.0, "exposure_category": "none"}, "geometry": {"type": "Polygon", "coordinates": [[[-79.9408007, 32.788165], [-79.9408592, 32.7881506], [-79.9408255, 32.7880552], [-79.9408195, 32.7880383], [-79.9407812, 32.7880477], [-79.9407877, 32.7880646], [-79.9407677, 32.7880695], [-79.9408007, 32.788165]]]}}, {"id": "921", "type": "Feature", "properties": {"id": "c82528a4-bcff-45b0-8f3b-fa2bfc14fde4", "name": null, "subtype": "residential", "class": "house", "height": 8.0, "num_floors": 2, "surge_class": 0, "surge_ft": 0.0, "flood_active": false, "exposure_score": 0.0, "exposure_category": "none"}, "geometry": {"type": "Polygon", "coordinates": [[[-79.9408592, 32.7881506], [-79.9409167, 32.7881364], [-79.940884, 32.7880407], [-79.9408782, 32.7880238], [-79.940844, 32.7880322], [-79.9408502, 32.7880491], [-79.9408255, 32.7880552], [-79.9408592, 32.7881506]]]}}, {"id": "922", "type": "Feature", "properties": {"id": "9e282ce6-26c4-42c7-bfc0-e25a28121408", "name": null, "subtype": "residential", "class": "house", "height": 8.0, "num_floors": 2, "surge_class": 0, "surge_ft": 0.0, "flood_active": false, "exposure_score": 0.0, "exposure_category": "none"}, "geometry": {"type": "Polygon", "coordinates": [[[-79.9407441, 32.7881789], [-79.9408007, 32.788165], [-79.9407677, 32.7880695], [-79.9407105, 32.7880837], [-79.9407441, 32.7881789]]]}}, {"id": "923", "type": "Feature", "properties": {"id": "1a1d6a89-7fc4-4e15-afee-65ecd6cd7343", "name": null, "subtype": "residential", "class": "house", "height": 8.0, "num_floors": 2, "surge_class": 0, "surge_ft": 0.0, "flood_active": false, "exposure_score": 0.0, "exposure_category": "none"}, "geometry": {"type": "Polygon", "coordinates": [[[-79.9406865, 32.7881932], [-79.9407441, 32.7881789], [-79.9407105, 32.7880837], [-79.9407035, 32.788064], [-79.9406737, 32.7880718], [-79.9406812, 32.788091], [-79.9406516, 32.7880983], [-79.9406865, 32.7881932]]]}}, {"id": "924", "type": "Feature", "properties": {"id": "0abd532a-8b94-4cb3-9ccd-3b6496a2038f", "name": null, "subtype": "residential", "class": "house", "height": 8.0, "num_floors": 2, "surge_class": 0, "surge_ft": 0.0, "flood_active": false, "exposure_score": 0.0, "exposure_category": "none"}, "geometry": {"type": "Polygon", "coordinates": [[[-79.9406288, 32.7882074], [-79.9406865, 32.7881932], [-79.9406516, 32.7880983], [-79.9406447, 32.7880794], [-79.9406164, 32.7880869], [-79.9406232, 32.7881053], [-79.9405944, 32.7881124], [-79.9406288, 32.7882074]]]}}, {"id": "925", "type": "Feature", "properties": {"id": "876171db-71e9-4e07-b776-1478f08a4a16", "name": null, "subtype": "commercial", "class": "office", "height": 10.0, "num_floors": 2, "surge_class": 0, "surge_ft": 0.0, "flood_active": false, "exposure_score": 0.0, "exposure_category": "none"}, "geometry": {"type": "Polygon", "coordinates": [[[-79.9413546, 32.7883735], [-79.9413599, 32.7883708], [-79.9413117, 32.7882746], [-79.9411969, 32.7883027], [-79.9412526, 32.7884117], [-79.9412543, 32.7884111], [-79.9412821, 32.7884491], [-79.9413705, 32.7884001], [-79.9413546, 32.7883735]]]}}, {"id": "926", "type": "Feature", "properties": {"id": "534157ae-4a9b-4d92-b134-b0c06b5873f6", "name": null, "subtype": "residential", "class": "apartments", "height": 8.0, "num_floors": 2, "surge_class": 0, "surge_ft": 0.0, "flood_active": false, "exposure_score": 0.0, "exposure_category": "none"}, "geometry": {"type": "Polygon", "coordinates": [[[-79.9413663, 32.7881054], [-79.9416034, 32.7880355], [-79.9415825, 32.7879854], [-79.9415739, 32.7879649], [-79.9415031, 32.7879858], [-79.941497, 32.78797], [-79.9414793, 32.7879746], [-79.9414737, 32.7879761], [-79.9414675, 32.7879613], [-79.941439, 32.7879697], [-79.9413226, 32.7880037], [-79.9413264, 32.7880125], [-79.9413108, 32.7880172], [-79.9413476, 32.7880841], [-79.9413561, 32.7880816], [-79.9413663, 32.7881054]]]}}, {"id": "927", "type": "Feature", "properties": {"id": "be2b1ec7-9238-4f0a-b3ed-c1e2577ca562", "name": null, "subtype": "residential", "class": "apartments", "height": 7.0, "num_floors": 2, "surge_class": 0, "surge_ft": 0.0, "flood_active": false, "exposure_score": 0.0, "exposure_category": "none"}, "geometry": {"type": "Polygon", "coordinates": [[[-79.9412781, 32.7879569], [-79.9413006, 32.7879992], [-79.9414739, 32.7879515], [-79.9414957, 32.7879455], [-79.9414739, 32.7878924], [-79.9414525, 32.7878979], [-79.9414449, 32.7878998], [-79.9412807, 32.7879416], [-79.9412852, 32.7879534], [-79.9412781, 32.7879569]]]}}, {"id": "928", "type": "Feature", "properties": {"id": "62b6c0d2-76d6-447f-bf6d-8ae9a9f60536", "name": null, "subtype": "residential", "class": "apartments", "height": 12.0, "num_floors": 3, "surge_class": 0, "surge_ft": 0.0, "flood_active": false, "exposure_score": 0.0, "exposure_category": "none"}, "geometry": {"type": "Polygon", "coordinates": [[[-79.9415817, 32.7878642], [-79.9415937, 32.7878611], [-79.9415801, 32.7878242], [-79.9415702, 32.7877976], [-79.9414797, 32.7878212], [-79.9414861, 32.7878385], [-79.9414636, 32.7878443], [-79.9414525, 32.7878136], [-79.9412488, 32.7878621], [-79.9412602, 32.7878888], [-79.9412559, 32.7878899], [-79.9412766, 32.7879426], [-79.9412807, 32.7879416], [-79.9414449, 32.7878998], [-79.9414525, 32.7878979], [-79.9414739, 32.7878924], [-79.9414805, 32.7878907], [-79.9415556, 32.787871], [-79.9415817, 32.7878642]]]}}, {"id": "929", "type": "Feature", "properties": {"id": "85314fa6-5ea7-48e7-a7a9-bff0a303e72c", "name": null, "subtype": "residential", "class": "apartments", "height": 10.0, "num_floors": 2, "surge_class": 0, "surge_ft": 0.0, "flood_active": false, "exposure_score": 0.0, "exposure_category": "none"}, "geometry": {"type": "Polygon", "coordinates": [[[-79.9410384, 32.7881534], [-79.9411762, 32.7881193], [-79.9411689, 32.788096], [-79.9411521, 32.7880421], [-79.9409684, 32.7880882], [-79.9409952, 32.7881641], [-79.9410384, 32.7881534]]]}}, {"id": "930", "type": "Feature", "properties": {"id": "d9dfc6ba-b0cb-4cea-89e0-349dc8cba9f0", "name": null, "subtype": "residential", "class": "detached", "height": 9.0, "num_floors": 2, "surge_class": 0, "surge_ft": 0.0, "flood_active": false, "exposure_score": 0.0, "exposure_category": "none"}, "geometry": {"type": "Polygon", "coordinates": [[[-79.9411048, 32.7879563], [-79.9409411, 32.7879972], [-79.9409514, 32.788027], [-79.9409617, 32.7880571], [-79.9411254, 32.7880167], [-79.9411119, 32.787977], [-79.9411048, 32.7879563]]]}}, {"id": "931", "type": "Feature", "properties": {"id": "a3312e59-eaa7-4242-a9f9-ba231a8df431", "name": null, "subtype": "residential", "class": "apartments", "height": 8.0, "num_floors": 2, "surge_class": 0, "surge_ft": 0.0, "flood_active": false, "exposure_score": 0.0, "exposure_category": "none"}, "geometry": {"type": "Polygon", "coordinates": [[[-79.941038, 32.7879175], [-79.9409997, 32.7879309], [-79.9410086, 32.7879484], [-79.9409805, 32.7879576], [-79.940972, 32.7879406], [-79.9409325, 32.7879544], [-79.9409259, 32.7879409], [-79.9408734, 32.7879591], [-79.9408942, 32.7880015], [-79.9409093, 32.7879963], [-79.9409114, 32.7880005], [-79.9409887, 32.787974], [-79.9410167, 32.7879645], [-79.9410942, 32.787938], [-79.9410766, 32.7879039], [-79.9410709, 32.7878929], [-79.9410325, 32.7879067], [-79.941038, 32.7879175]]]}}, {"id": "932", "type": "Feature", "properties": {"id": "54e9aa81-ea1d-484c-8f74-faea998bf4ff", "name": null, "subtype": "residential", "class": "apartments", "height": 7.0, "num_floors": 2, "surge_class": 0, "surge_ft": 0.0, "flood_active": false, "exposure_score": 0.0, "exposure_category": "none"}, "geometry": {"type": "Polygon", "coordinates": [[[-79.9409721, 32.7878703], [-79.9409066, 32.7878939], [-79.9409166, 32.7879136], [-79.9409393, 32.7879054], [-79.9409472, 32.7879207], [-79.94099, 32.7879053], [-79.9410635, 32.7878788], [-79.9410457, 32.7878438], [-79.9409721, 32.7878703]]]}}, {"id": "933", "type": "Feature", "properties": {"id": "d98706a5-06ee-48bf-9be3-af131acc4d5f", "name": null, "subtype": "residential", "class": "apartments", "height": 7.0, "num_floors": 2, "surge_class": 0, "surge_ft": 0.0, "flood_active": false, "exposure_score": 0.0, "exposure_category": "none"}, "geometry": {"type": "Polygon", "coordinates": [[[-79.940964, 32.7877913], [-79.940864, 32.7878277], [-79.94088, 32.7878588], [-79.9410241, 32.7878064], [-79.9410081, 32.7877753], [-79.9410047, 32.7877687], [-79.9409608, 32.7877848], [-79.940964, 32.7877913]]]}}, {"id": "934", "type": "Feature", "properties": {"id": "5ab6f607-07ab-4aa8-9141-5a775f52e846", "name": null, "subtype": "residential", "class": "apartments", "height": 10.0, "num_floors": 2, "surge_class": 0, "surge_ft": 0.0, "flood_active": false, "exposure_score": 0.0, "exposure_category": "none"}, "geometry": {"type": "Polygon", "coordinates": [[[-79.9410036, 32.7877662], [-79.940979, 32.787722], [-79.9409715, 32.7877085], [-79.9408412, 32.7877598], [-79.940848, 32.787772], [-79.9408733, 32.7878174], [-79.9410036, 32.7877662]]]}}, {"id": "935", "type": "Feature", "properties": {"id": "334ced1d-c3e5-4fbc-8199-bc452071e897", "name": null, "subtype": "residential", "class": "detached", "height": 9.0, "num_floors": 2, "surge_class": 0, "surge_ft": 0.0, "flood_active": false, "exposure_score": 0.0, "exposure_category": "none"}, "geometry": {"type": "Polygon", "coordinates": [[[-79.9409538, 32.7873604], [-79.9410185, 32.7874791], [-79.9410644, 32.7874598], [-79.9410599, 32.7874516], [-79.9410716, 32.7874465], [-79.9410165, 32.7873453], [-79.9410044, 32.7873499], [-79.9410003, 32.7873424], [-79.9409538, 32.7873604]]]}}, {"id": "936", "type": "Feature", "properties": {"id": "c558d9a5-ec7a-4928-beed-0e30f4bebaa3", "name": null, "subtype": "residential", "class": "detached", "height": 9.0, "num_floors": 2, "surge_class": 0, "surge_ft": 0.0, "flood_active": false, "exposure_score": 0.0, "exposure_category": "none"}, "geometry": {"type": "Polygon", "coordinates": [[[-79.9411107, 32.7874527], [-79.9411585, 32.7874331], [-79.9411558, 32.7874285], [-79.9411685, 32.7874233], [-79.9411091, 32.7873212], [-79.9410951, 32.7873269], [-79.9410895, 32.7873174], [-79.9410431, 32.7873365], [-79.9411107, 32.7874527]]]}}, {"id": "937", "type": "Feature", "properties": {"id": "0fea8ffa-cfbf-4f86-a937-2eacc966c73c", "name": null, "subtype": "residential", "class": "house", "height": 11.0, "num_floors": 2, "surge_class": 0, "surge_ft": 0.0, "flood_active": false, "exposure_score": 0.0, "exposure_category": "none"}, "geometry": {"type": "Polygon", "coordinates": [[[-79.9412075, 32.7874522], [-79.9410485, 32.7875093], [-79.9410712, 32.7875536], [-79.9410754, 32.7875618], [-79.9410938, 32.7875977], [-79.9410957, 32.7876015], [-79.9412059, 32.7875618], [-79.941203, 32.7875558], [-79.9412012, 32.7875522], [-79.9412173, 32.7875465], [-79.9412162, 32.7875443], [-79.9412443, 32.7875341], [-79.9412269, 32.7874998], [-79.941231, 32.7874984], [-79.9412075, 32.7874522]]]}}, {"id": "938", "type": "Feature", "properties": {"id": "f7f28008-bd8f-4ddf-a5c1-3d0882612214", "name": null, "subtype": "residential", "class": "detached", "height": 9.0, "num_floors": 2, "surge_class": 1, "surge_ft": 0.5, "flood_active": false, "exposure_score": 0.015, "exposure_category": "low"}, "geometry": {"type": "Polygon", "coordinates": [[[-79.9411352, 32.7873166], [-79.9412375, 32.78749], [-79.9412825, 32.7874712], [-79.9412575, 32.7874289], [-79.9412616, 32.7874272], [-79.9412808, 32.7874192], [-79.9412617, 32.7873868], [-79.9412588, 32.787388], [-79.9412006, 32.7872893], [-79.9411352, 32.7873166]]]}}, {"id": "939", "type": "Feature", "properties": {"id": "06b1f060-7346-40cb-9863-ed3190d6f6c2", "name": null, "subtype": "residential", "class": "apartments", "height": 8.0, "num_floors": 2, "surge_class": 1, "surge_ft": 0.5, "flood_active": false, "exposure_score": 0.015, "exposure_category": "low"}, "geometry": {"type": "Polygon", "coordinates": [[[-79.9413468, 32.7873873], [-79.941354, 32.7873844], [-79.9413472, 32.7873728], [-79.9413347, 32.7873514], [-79.9412867, 32.7872696], [-79.9412211, 32.7872959], [-79.9412832, 32.7874051], [-79.9412875, 32.7874033], [-79.9413149, 32.7874513], [-79.9413494, 32.7874373], [-79.9413305, 32.7874046], [-79.9413518, 32.787396], [-79.9413468, 32.7873873]]]}}, {"id": "940", "type": "Feature", "properties": {"id": "a6876c28-71ad-45a9-81ac-a5d1cf36e468", "name": null, "subtype": "residential", "class": "detached", "height": 7.0, "num_floors": 2, "surge_class": 1, "surge_ft": 0.5, "flood_active": false, "exposure_score": 0.015, "exposure_category": "low"}, "geometry": {"type": "Polygon", "coordinates": [[[-79.9413115, 32.787272], [-79.9413922, 32.7874245], [-79.9414366, 32.7874078], [-79.9413996, 32.7873379], [-79.941421, 32.7873299], [-79.9413773, 32.7872474], [-79.9413559, 32.7872554], [-79.9413115, 32.787272]]]}}, {"id": "941", "type": "Feature", "properties": {"id": "5a07dbab-f781-4486-a511-4f05c6eeb88f", "name": null, "subtype": "residential", "class": "house", "height": 11.0, "num_floors": 2, "surge_class": 0, "surge_ft": 0.0, "flood_active": false, "exposure_score": 0.0, "exposure_category": "none"}, "geometry": {"type": "Polygon", "coordinates": [[[-79.9411219, 32.7876529], [-79.9411433, 32.7876949], [-79.9413021, 32.7876377], [-79.9412763, 32.7875871], [-79.9412718, 32.7875887], [-79.941255, 32.7875558], [-79.9412267, 32.7875659], [-79.9412255, 32.7875634], [-79.9412097, 32.7875692], [-79.941209, 32.7875678], [-79.9412059, 32.7875618], [-79.9410957, 32.7876015], [-79.9410985, 32.7876069], [-79.9411176, 32.7876444], [-79.9411219, 32.7876529]]]}}, {"id": "942", "type": "Feature", "properties": {"id": "7bcac90d-d665-4153-a294-d01eae91994f", "name": null, "subtype": "residential", "class": "detached", "height": 9.0, "num_floors": 2, "surge_class": 0, "surge_ft": 0.0, "flood_active": false, "exposure_score": 0.0, "exposure_category": "none"}, "geometry": {"type": "Polygon", "coordinates": [[[-79.9412119, 32.787843], [-79.9414157, 32.7877882], [-79.9413994, 32.7877455], [-79.9413592, 32.7877564], [-79.9413526, 32.7877389], [-79.9412888, 32.7877561], [-79.941196, 32.787781], [-79.9412036, 32.7878009], [-79.9411966, 32.7878028], [-79.9412119, 32.787843]]]}}, {"id": "943", "type": "Feature", "properties": {"id": "23f5cce8-bdb8-4cba-ad9f-312818ba4e55", "name": "James Gabeau House", "subtype": "residential", "class": "detached", "height": 13.0, "num_floors": 3, "surge_class": 2, "surge_ft": 1.5, "flood_active": false, "exposure_score": 0.045, "exposure_category": "low"}, "geometry": {"type": "Polygon", "coordinates": [[[-79.9415476, 32.7873263], [-79.9415654, 32.7873818], [-79.9416138, 32.7873704], [-79.9416125, 32.7873665], [-79.9416624, 32.787359], [-79.9416523, 32.7873275], [-79.9416597, 32.787326], [-79.9416574, 32.7873178], [-79.9416944, 32.7873104], [-79.9416802, 32.7872654], [-79.9416679, 32.7872672], [-79.9416518, 32.7872213], [-79.9416447, 32.7872011], [-79.9415008, 32.7872353], [-79.9415076, 32.7872552], [-79.9415274, 32.7873128], [-79.941556, 32.7873065], [-79.9415613, 32.7873233], [-79.9415476, 32.7873263]]]}}, {"id": "944", "type": "Feature", "properties": {"id": "b9d65134-f17b-4dcf-8d52-c96e2b5826c3", "name": "Simons-McIntosh House", "subtype": "residential", "class": "detached", "height": 12.0, "num_floors": 2, "surge_class": 2, "surge_ft": 1.5, "flood_active": false, "exposure_score": 0.045, "exposure_category": "low"}, "geometry": {"type": "Polygon", "coordinates": [[[-79.9417758, 32.7873644], [-79.9418127, 32.7874319], [-79.9418605, 32.7874153], [-79.9418593, 32.7874131], [-79.9418734, 32.7874077], [-79.9418375, 32.7873402], [-79.9418228, 32.7873457], [-79.9418051, 32.7873131], [-79.9417999, 32.7873151], [-79.9417934, 32.7873037], [-79.9418428, 32.7872835], [-79.9417711, 32.7871583], [-79.9417498, 32.787165], [-79.9417475, 32.7871604], [-79.941677, 32.7871867], [-79.9417403, 32.7873], [-79.941758, 32.7873318], [-79.9417758, 32.7873644]]]}}, {"id": "945", "type": "Feature", "properties": {"id": "3f8e9fd3-19b1-4e9d-9914-1fca244a4987", "name": null, "subtype": "outbuilding", "class": "shed", "height": 3.0, "num_floors": 1, "surge_class": 0, "surge_ft": 0.0, "flood_active": false, "exposure_score": 0.0, "exposure_category": "none"}, "geometry": {"type": "Polygon", "coordinates": [[[-79.9418767, 32.7874832], [-79.9418519, 32.7874907], [-79.9418681, 32.7875286], [-79.9418929, 32.7875211], [-79.9418767, 32.7874832]]]}}, {"id": "946", "type": "Feature", "properties": {"id": "627b50d7-13a9-4ffa-86d0-03704ff51bb8", "name": null, "subtype": "residential", "class": "apartments", "height": 6.0, "num_floors": 1, "surge_class": 0, "surge_ft": 0.0, "flood_active": false, "exposure_score": 0.0, "exposure_category": "none"}, "geometry": {"type": "Polygon", "coordinates": [[[-79.9419856, 32.7876709], [-79.9420084, 32.7876629], [-79.9419552, 32.7875553], [-79.941931, 32.7875638], [-79.9419293, 32.7875604], [-79.9418718, 32.7875805], [-79.9419266, 32.7876915], [-79.9419856, 32.7876709]]]}}, {"id": "947", "type": "Feature", "properties": {"id": "eae51f99-b88b-4f57-a7d2-263882fac867", "name": null, "subtype": "residential", "class": "house", "height": 11.0, "num_floors": 2, "surge_class": 0, "surge_ft": 0.0, "flood_active": false, "exposure_score": 0.0, "exposure_category": "none"}, "geometry": {"type": "Polygon", "coordinates": [[[-79.9419356, 32.7879116], [-79.9419895, 32.7878933], [-79.9419252, 32.7877595], [-79.9418603, 32.7877828], [-79.9418199, 32.7877973], [-79.9418329, 32.7878244], [-79.9418395, 32.7878382], [-79.941831, 32.7878411], [-79.9418748, 32.7879323], [-79.9418831, 32.7879295], [-79.9419219, 32.7879163], [-79.9419356, 32.7879116]]]}}, {"id": "948", "type": "Feature", "properties": {"id": "225706f0-d976-4095-b466-b14f0719a524", "name": null, "subtype": "residential", "class": "house", "height": 11.0, "num_floors": 2, "surge_class": 0, "surge_ft": 0.0, "flood_active": false, "exposure_score": 0.0, "exposure_category": "none"}, "geometry": {"type": "Polygon", "coordinates": [[[-79.9417001, 32.7878402], [-79.9417632, 32.7879703], [-79.9418126, 32.7879535], [-79.9418273, 32.7879485], [-79.9418649, 32.7879357], [-79.9418748, 32.7879323], [-79.941831, 32.7878411], [-79.9418208, 32.7878445], [-79.941814, 32.7878306], [-79.9418011, 32.787804], [-79.9417589, 32.7878191], [-79.9417001, 32.7878402]]]}}, {"id": "949", "type": "Feature", "properties": {"id": "56313c36-12d6-4e35-a3a1-af6fd9c9e12c", "name": null, "subtype": "residential", "class": "apartments", "height": 10.0, "num_floors": 2, "surge_class": 0, "surge_ft": 0.0, "flood_active": false, "exposure_score": 0.0, "exposure_category": "none"}, "geometry": {"type": "Polygon", "coordinates": [[[-79.9416813, 32.787877], [-79.9416721, 32.7878796], [-79.9416613, 32.7878531], [-79.9415858, 32.7878748], [-79.9415817, 32.7878642], [-79.9415556, 32.787871], [-79.9415597, 32.7878824], [-79.9415565, 32.7878833], [-79.941618, 32.7880345], [-79.9416324, 32.7880304], [-79.9416334, 32.7880325], [-79.9416945, 32.7880156], [-79.9416937, 32.7880128], [-79.9417232, 32.7880043], [-79.9416907, 32.7879246], [-79.9416996, 32.787922], [-79.9416813, 32.787877]]]}}, {"id": "950", "type": "Feature", "properties": {"id": "9502a27f-5b69-4b62-9f08-129e99e1db6f", "name": null, "subtype": "residential", "class": "detached", "height": 8.0, "num_floors": 2, "surge_class": 0, "surge_ft": 0.0, "flood_active": false, "exposure_score": 0.0, "exposure_category": "none"}, "geometry": {"type": "Polygon", "coordinates": [[[-79.941583, 32.7883963], [-79.9416105, 32.7884331], [-79.9417849, 32.7883866], [-79.941766, 32.7883321], [-79.9416947, 32.7883486], [-79.941696, 32.7883531], [-79.9415761, 32.7883813], [-79.941588, 32.7883952], [-79.941583, 32.7883963]]]}}, {"id": "951", "type": "Feature", "properties": {"id": "0c4b9701-cfef-4475-808d-73eb685ca448", "name": null, "subtype": "residential", "class": "detached", "height": 8.0, "num_floors": 2, "surge_class": 0, "surge_ft": 0.0, "flood_active": false, "exposure_score": 0.0, "exposure_category": "none"}, "geometry": {"type": "Polygon", "coordinates": [[[-79.9417032, 32.7883294], [-79.9417809, 32.7883119], [-79.9417685, 32.7882732], [-79.9417401, 32.7882794], [-79.9417353, 32.7882643], [-79.9416884, 32.7882744], [-79.9416865, 32.7882671], [-79.9415923, 32.7882885], [-79.9415463, 32.788299], [-79.9415497, 32.7883085], [-79.9415459, 32.7883093], [-79.9415624, 32.7883611], [-79.9417032, 32.7883294]]]}}, {"id": "952", "type": "Feature", "properties": {"id": "d98066bd-3028-412c-9fa4-ef586b8feb14", "name": null, "subtype": "residential", "class": "detached", "height": 9.0, "num_floors": 2, "surge_class": 0, "surge_ft": 0.0, "flood_active": false, "exposure_score": 0.0, "exposure_category": "none"}, "geometry": {"type": "Polygon", "coordinates": [[[-79.9419011, 32.7881437], [-79.941874, 32.7881495], [-79.9418727, 32.7881457], [-79.9418255, 32.7881558], [-79.9418543, 32.7882509], [-79.9418676, 32.7882947], [-79.941942, 32.7882787], [-79.9419011, 32.7881437]]]}}, {"id": "953", "type": "Feature", "properties": {"id": "0f84d005-3ee7-4a0c-85dd-8fe94d4100c1", "name": null, "subtype": "residential", "class": "garage", "height": 4.0, "num_floors": 1, "surge_class": 0, "surge_ft": 0.0, "flood_active": false, "exposure_score": 0.0, "exposure_category": "none"}, "geometry": {"type": "Polygon", "coordinates": [[[-79.9419871, 32.7883276], [-79.9420546, 32.7883113], [-79.9420341, 32.7882515], [-79.9419666, 32.7882679], [-79.9419871, 32.7883276]]]}}, {"id": "954", "type": "Feature", "properties": {"id": "8dbae1c9-cf8f-44f3-a3dc-ca8a8797c59b", "name": null, "subtype": "residential", "class": "detached", "height": 10.0, "num_floors": 2, "surge_class": 0, "surge_ft": 0.0, "flood_active": false, "exposure_score": 0.0, "exposure_category": "none"}, "geometry": {"type": "Polygon", "coordinates": [[[-79.9423062, 32.788356], [-79.9421845, 32.7883928], [-79.9422067, 32.7884447], [-79.9423287, 32.7884078], [-79.9423466, 32.7884024], [-79.9423314, 32.7883668], [-79.9423244, 32.7883505], [-79.9423062, 32.788356]]]}}, {"id": "955", "type": "Feature", "properties": {"id": "f3ce354f-bbde-4fa8-81b2-8b1b706eebb7", "name": null, "subtype": "residential", "class": "detached", "height": 10.0, "num_floors": 2, "surge_class": 1, "surge_ft": 0.5, "flood_active": false, "exposure_score": 0.015, "exposure_category": "low"}, "geometry": {"type": "Polygon", "coordinates": [[[-79.9422946, 32.7882739], [-79.9421459, 32.7883162], [-79.9421674, 32.7883694], [-79.942316, 32.7883271], [-79.9422946, 32.7882739]]]}}, {"id": "956", "type": "Feature", "properties": {"id": "fe66d976-1136-4c0f-a2c1-df67f0849ad4", "name": null, "subtype": "residential", "class": "detached", "height": 7.0, "num_floors": 2, "surge_class": 0, "surge_ft": 0.0, "flood_active": false, "exposure_score": 0.0, "exposure_category": "none"}, "geometry": {"type": "Polygon", "coordinates": [[[-79.9420826, 32.7882616], [-79.9420945, 32.7882881], [-79.9421372, 32.7882745], [-79.9421255, 32.7882481], [-79.9421491, 32.7882407], [-79.942135, 32.7882095], [-79.9421258, 32.7882123], [-79.9420998, 32.788155], [-79.942105, 32.7881535], [-79.9420909, 32.7881222], [-79.9420848, 32.7881239], [-79.9420658, 32.7880828], [-79.942054, 32.788086], [-79.9420095, 32.7880981], [-79.9420826, 32.7882616]]]}}, {"id": "957", "type": "Feature", "properties": {"id": "a737e2bd-fe93-491a-9571-fce6e0a17109", "name": null, "subtype": "residential", "class": "detached", "height": 8.0, "num_floors": 2, "surge_class": 1, "surge_ft": 0.5, "flood_active": false, "exposure_score": 0.015, "exposure_category": "low"}, "geometry": {"type": "Polygon", "coordinates": [[[-79.9422071, 32.7881599], [-79.9421518, 32.7880655], [-79.9421255, 32.7880764], [-79.9420858, 32.7880925], [-79.9421229, 32.7881593], [-79.9421396, 32.7881878], [-79.9422071, 32.7881599]]]}}, {"id": "958", "type": "Feature", "properties": {"id": "b10a2b1c-ddce-4284-85a7-c8647ba68b97", "name": null, "subtype": "residential", "class": "apartments", "height": 11.0, "num_floors": 2, "surge_class": 0, "surge_ft": 0.0, "flood_active": false, "exposure_score": 0.0, "exposure_category": "none"}, "geometry": {"type": "Polygon", "coordinates": [[[-79.9421109, 32.7877671], [-79.9419959, 32.7878106], [-79.9420181, 32.787852], [-79.9420466, 32.7879054], [-79.942054, 32.7879191], [-79.942169, 32.7878756], [-79.9421613, 32.7878613], [-79.9421329, 32.7878082], [-79.9421109, 32.7877671]]]}}, {"id": "959", "type": "Feature", "properties": {"id": "e8072a8e-b715-4181-a96b-e9a4f92b5834", "name": null, "subtype": "residential", "class": "detached", "height": 9.0, "num_floors": 2, "surge_class": 1, "surge_ft": 0.5, "flood_active": false, "exposure_score": 0.015, "exposure_category": "low"}, "geometry": {"type": "Polygon", "coordinates": [[[-79.9422768, 32.7880562], [-79.942343, 32.7881599], [-79.9424278, 32.7881216], [-79.9423981, 32.7880751], [-79.9423628, 32.7880199], [-79.9423315, 32.7880331], [-79.9422768, 32.7880562]]]}}, {"id": "960", "type": "Feature", "properties": {"id": "62221335-ce1d-43a4-bf20-9272a473884e", "name": null, "subtype": "residential", "class": "detached", "height": 9.0, "num_floors": 2, "surge_class": 1, "surge_ft": 0.5, "flood_active": false, "exposure_score": 0.015, "exposure_category": "low"}, "geometry": {"type": "Polygon", "coordinates": [[[-79.9425298, 32.7881373], [-79.9425761, 32.7881124], [-79.9425672, 32.7881004], [-79.9424857, 32.7879908], [-79.9424637, 32.7880011], [-79.9424612, 32.7879978], [-79.9424115, 32.7880246], [-79.9425002, 32.7881411], [-79.9425231, 32.7881285], [-79.9425298, 32.7881373]]]}}, {"id": "961", "type": "Feature", "properties": {"id": "bff3985f-1561-45df-8705-0e828af01e1e", "name": null, "subtype": "residential", "class": "apartments", "height": 9.0, "num_floors": 2, "surge_class": 2, "surge_ft": 1.5, "flood_active": false, "exposure_score": 0.045, "exposure_category": "low"}, "geometry": {"type": "Polygon", "coordinates": [[[-79.9427008, 32.7880463], [-79.9426124, 32.7879393], [-79.9425906, 32.7879519], [-79.9425387, 32.7879819], [-79.9426258, 32.7880892], [-79.9426381, 32.7881043], [-79.9426867, 32.7880765], [-79.9426744, 32.7880614], [-79.9427008, 32.7880463]]]}}, {"id": "962", "type": "Feature", "properties": {"id": "7146dfdf-42bb-44e0-978a-1270a5a8f2bd", "name": null, "subtype": "residential", "class": "detached", "height": 9.0, "num_floors": 2, "surge_class": 0, "surge_ft": 0.0, "flood_active": false, "exposure_score": 0.0, "exposure_category": "none"}, "geometry": {"type": "Polygon", "coordinates": [[[-79.9424353, 32.7881848], [-79.9423672, 32.7882155], [-79.9423818, 32.7882384], [-79.9424101, 32.7882828], [-79.9425315, 32.7882282], [-79.9424886, 32.7881608], [-79.9424353, 32.7881848]]]}}, {"id": "963", "type": "Feature", "properties": {"id": "eacf74c5-4bfa-4467-beff-f517d3b86554", "name": null, "subtype": "residential", "class": "detached", "height": 10.0, "num_floors": 2, "surge_class": 0, "surge_ft": 0.0, "flood_active": false, "exposure_score": 0.0, "exposure_category": "none"}, "geometry": {"type": "Polygon", "coordinates": [[[-79.9425068, 32.7882717], [-79.9424421, 32.7883003], [-79.942456, 32.7883225], [-79.9424509, 32.7883247], [-79.9424792, 32.7883698], [-79.9426027, 32.7883151], [-79.9425605, 32.7882479], [-79.9425068, 32.7882717]]]}}, {"id": "964", "type": "Feature", "properties": {"id": "16e44bce-e2ef-45d2-972a-5e9abc53099d", "name": null, "subtype": "residential", "class": "detached", "height": 10.0, "num_floors": 2, "surge_class": 0, "surge_ft": 0.0, "flood_active": false, "exposure_score": 0.0, "exposure_category": "none"}, "geometry": {"type": "Polygon", "coordinates": [[[-79.9425301, 32.7883786], [-79.9425439, 32.7884007], [-79.9425371, 32.7884037], [-79.9425639, 32.7884464], [-79.942687, 32.7883918], [-79.9426464, 32.788327], [-79.9425967, 32.7883491], [-79.9425301, 32.7883786]]]}}, {"id": "965", "type": "Feature", "properties": {"id": "eb586c59-1cdc-4879-836e-c1b518cb82e0", "name": null, "subtype": "outbuilding", "class": "shed", "height": 3.0, "num_floors": 1, "surge_class": 1, "surge_ft": 0.5, "flood_active": false, "exposure_score": 0.015, "exposure_category": "low"}, "geometry": {"type": "Polygon", "coordinates": [[[-79.942794, 32.7883905], [-79.9427767, 32.7883538], [-79.94273, 32.7883694], [-79.9427473, 32.7884061], [-79.942794, 32.7883905]]]}}, {"id": "966", "type": "Feature", "properties": {"id": "899bd6ba-d6e1-4952-bbc4-bfd4382a2f0d", "name": null, "subtype": "residential", "class": "apartments", "height": 9.0, "num_floors": 2, "surge_class": 1, "surge_ft": 0.5, "flood_active": false, "exposure_score": 0.015, "exposure_category": "low"}, "geometry": {"type": "Polygon", "coordinates": [[[-79.9428419, 32.7882875], [-79.9430251, 32.7882404], [-79.9430039, 32.7881806], [-79.9428224, 32.7882286], [-79.9428239, 32.7882329], [-79.94277, 32.7882443], [-79.9427615, 32.7882199], [-79.9427356, 32.7882258], [-79.9427071, 32.7882322], [-79.9426598, 32.7882429], [-79.9426857, 32.7883277], [-79.9427186, 32.7883192], [-79.9428419, 32.7882875]]]}}, {"id": "967", "type": "Feature", "properties": {"id": "14ad0f82-72a5-4748-9b29-6903cb91428a", "name": null, "subtype": "residential", "class": "detached", "height": 10.0, "num_floors": 2, "surge_class": 0, "surge_ft": 0.0, "flood_active": false, "exposure_score": 0.0, "exposure_category": "none"}, "geometry": {"type": "Polygon", "coordinates": [[[-79.9429195, 32.7883621], [-79.9430915, 32.7883172], [-79.9430692, 32.788257], [-79.9429769, 32.7882811], [-79.9428722, 32.7883084], [-79.9428861, 32.7883459], [-79.9428699, 32.7883502], [-79.9428783, 32.7883729], [-79.9428945, 32.7883687], [-79.9429195, 32.7883621]]]}}, {"id": "968", "type": "Feature", "properties": {"id": "cba9f02d-c462-4a10-9186-95b2d5d86e10", "name": null, "subtype": "residential", "class": "detached", "height": 8.0, "num_floors": 2, "surge_class": 1, "surge_ft": 0.5, "flood_active": false, "exposure_score": 0.015, "exposure_category": "low"}, "geometry": {"type": "Polygon", "coordinates": [[[-79.9431327, 32.7879756], [-79.9430978, 32.7879347], [-79.9430763, 32.7879477], [-79.9430302, 32.7879754], [-79.9431071, 32.7880658], [-79.9431506, 32.7880397], [-79.9431678, 32.7880294], [-79.9431617, 32.7880165], [-79.9431289, 32.7879779], [-79.9431327, 32.7879756]]]}}, {"id": "969", "type": "Feature", "properties": {"id": "277725b6-56f2-4cb5-858e-4c3fe889af07", "name": null, "subtype": "residential", "class": "detached", "height": 8.0, "num_floors": 2, "surge_class": 1, "surge_ft": 0.5, "flood_active": false, "exposure_score": 0.015, "exposure_category": "low"}, "geometry": {"type": "Polygon", "coordinates": [[[-79.9432571, 32.78813], [-79.9432736, 32.7881253], [-79.9432675, 32.7881097], [-79.9432737, 32.7881082], [-79.9432532, 32.7880617], [-79.9432339, 32.7880676], [-79.9431334, 32.7880984], [-79.943167, 32.7881361], [-79.9431707, 32.7881349], [-79.9431817, 32.7881513], [-79.9432571, 32.78813]]]}}, {"id": "970", "type": "Feature", "properties": {"id": "facbb176-54b0-4d9f-a50e-04eb08c326e7", "name": null, "subtype": "outbuilding", "class": "outbuilding", "height": 3.0, "num_floors": 1, "surge_class": 1, "surge_ft": 0.5, "flood_active": false, "exposure_score": 0.015, "exposure_category": "low"}, "geometry": {"type": "Polygon", "coordinates": [[[-79.9432478, 32.788055], [-79.9433035, 32.7880415], [-79.9432829, 32.7879814], [-79.9432774, 32.7879655], [-79.9432397, 32.7879746], [-79.9432453, 32.7879908], [-79.9432272, 32.7879952], [-79.9432478, 32.788055]]]}}, {"id": "971", "type": "Feature", "properties": {"id": "c5ef8203-7659-4709-a6f1-af23fd81f343", "name": null, "subtype": "residential", "class": "semidetached_house", "height": 11.0, "num_floors": 2, "surge_class": 2, "surge_ft": 1.5, "flood_active": false, "exposure_score": 0.045, "exposure_category": "low"}, "geometry": {"type": "Polygon", "coordinates": [[[-79.9432348, 32.7879447], [-79.943183, 32.7878], [-79.9431584, 32.7878062], [-79.943157, 32.7878023], [-79.9430928, 32.7878186], [-79.9431202, 32.7878952], [-79.943128, 32.787917], [-79.9431459, 32.7879673], [-79.9431492, 32.7879665], [-79.9431734, 32.7880339], [-79.9432179, 32.7880208], [-79.9431988, 32.7879697], [-79.9432402, 32.7879599], [-79.9432348, 32.7879447]]]}}, {"id": "972", "type": "Feature", "properties": {"id": "1ceafb3d-c7c9-40ad-b0bc-f71d34782b68", "name": null, "subtype": "commercial", "class": "retail", "height": 10.0, "num_floors": 2, "surge_class": 2, "surge_ft": 1.5, "flood_active": false, "exposure_score": 0.045, "exposure_category": "low"}, "geometry": {"type": "Polygon", "coordinates": [[[-79.9430268, 32.7879707], [-79.943128, 32.787917], [-79.9431202, 32.7878952], [-79.9430928, 32.7878186], [-79.9429444, 32.7878584], [-79.9429469, 32.7878714], [-79.9429929, 32.7879286], [-79.9430268, 32.7879707]]]}}, {"id": "973", "type": "Feature", "properties": {"id": "6fa27d02-39e8-499d-be33-2c696ce28f77", "name": null, "subtype": "residential", "class": "detached", "height": 7.0, "num_floors": 2, "surge_class": 1, "surge_ft": 0.5, "flood_active": false, "exposure_score": 0.015, "exposure_category": "low"}, "geometry": {"type": "Polygon", "coordinates": [[[-79.9428491, 32.7881728], [-79.9429722, 32.7881385], [-79.9429447, 32.7881034], [-79.9429264, 32.7880798], [-79.9428715, 32.7880959], [-79.9428638, 32.7880849], [-79.9428384, 32.7880918], [-79.9428119, 32.7880593], [-79.9427722, 32.7880849], [-79.9427985, 32.7881152], [-79.9428206, 32.7881408], [-79.9428319, 32.7881374], [-79.9428491, 32.7881728]]]}}, {"id": "974", "type": "Feature", "properties": {"id": "7d7d58d1-d6f8-4092-a11a-0dd0f3fbe1fe", "name": null, "subtype": "residential", "class": "detached", "height": 10.0, "num_floors": 2, "surge_class": 2, "surge_ft": 1.5, "flood_active": false, "exposure_score": 0.045, "exposure_category": "low"}, "geometry": {"type": "Polygon", "coordinates": [[[-79.9428132, 32.7880394], [-79.9427576, 32.7879764], [-79.9428298, 32.7879585], [-79.9428134, 32.7879398], [-79.9427764, 32.7878974], [-79.942648, 32.7879339], [-79.9427505, 32.788058], [-79.9427885, 32.7880467], [-79.9428132, 32.7880394]]]}}, {"id": "975", "type": "Feature", "properties": {"id": "aa14533e-3506-4423-978e-2113057fd68b", "name": null, "subtype": "residential", "class": "apartments", "height": 8.0, "num_floors": 2, "surge_class": 2, "surge_ft": 1.5, "flood_active": false, "exposure_score": 0.045, "exposure_category": "low"}, "geometry": {"type": "Polygon", "coordinates": [[[-79.9426767, 32.7876404], [-79.9426362, 32.7876513], [-79.9426747, 32.7877526], [-79.9427171, 32.7877412], [-79.9427152, 32.7877366], [-79.9427381, 32.7877305], [-79.9427032, 32.7876386], [-79.9426787, 32.7876452], [-79.9426767, 32.7876404]]]}}, {"id": "976", "type": "Feature", "properties": {"id": "b7125f3e-215b-46d0-9057-b57e20e15628", "name": null, "subtype": "outbuilding", "class": "shed", "height": 2.0, "num_floors": 1, "surge_class": 2, "surge_ft": 1.5, "flood_active": false, "exposure_score": 0.045, "exposure_category": "low"}, "geometry": {"type": "Polygon", "coordinates": [[[-79.9427491, 32.7875862], [-79.9427147, 32.7875979], [-79.9427379, 32.7876512], [-79.94276, 32.7876456], [-79.9427926, 32.7876217], [-79.9427766, 32.7875794], [-79.9427491, 32.7875862]]]}}, {"id": "977", "type": "Feature", "properties": {"id": "31173edc-9b13-44a9-8824-a25c0e57cef3", "name": null, "subtype": "residential", "class": "detached", "height": 4.0, "num_floors": 1, "surge_class": 2, "surge_ft": 1.5, "flood_active": false, "exposure_score": 0.045, "exposure_category": "low"}, "geometry": {"type": "Polygon", "coordinates": [[[-79.9427628, 32.7876521], [-79.9427317, 32.7876612], [-79.9427388, 32.7876785], [-79.9427611, 32.7877324], [-79.9428075, 32.7877189], [-79.9427854, 32.7876652], [-79.9427658, 32.7876596], [-79.9427628, 32.7876521]]]}}, {"id": "978", "type": "Feature", "properties": {"id": "d7546b66-9669-4548-8b9b-580b5c46f93f", "name": null, "subtype": "residential", "class": "detached", "height": 10.0, "num_floors": 2, "surge_class": 2, "surge_ft": 1.5, "flood_active": false, "exposure_score": 0.045, "exposure_category": "low"}, "geometry": {"type": "Polygon", "coordinates": [[[-79.9429094, 32.7876711], [-79.9429215, 32.7876568], [-79.9428817, 32.7875519], [-79.9428411, 32.7875633], [-79.9428312, 32.7875385], [-79.9427913, 32.7875504], [-79.9428004, 32.7875747], [-79.9427787, 32.7875807], [-79.9428125, 32.7876689], [-79.9428188, 32.7876853], [-79.9428623, 32.7876732], [-79.9428786, 32.7876798], [-79.9429094, 32.7876711]]]}}, {"id": "979", "type": "Feature", "properties": {"id": "8711ff82-e9c7-415c-ab78-ad20ce72bb83", "name": null, "subtype": "outbuilding", "class": "carport", "height": 3.0, "num_floors": 1, "surge_class": 2, "surge_ft": 1.5, "flood_active": false, "exposure_score": 0.045, "exposure_category": "low"}, "geometry": {"type": "Polygon", "coordinates": [[[-79.9428817, 32.7875519], [-79.9429372, 32.7876889], [-79.9429975, 32.7876716], [-79.9429249, 32.7874922], [-79.9428645, 32.7875095], [-79.9428817, 32.7875519]]]}}, {"id": "980", "type": "Feature", "properties": {"id": "3b9014f0-5496-4b24-a7a3-10b8d07564d5", "name": null, "subtype": "residential", "class": "apartments", "height": 13.0, "num_floors": 3, "surge_class": 1, "surge_ft": 0.5, "flood_active": false, "exposure_score": 0.015, "exposure_category": "low"}, "geometry": {"type": "Polygon", "coordinates": [[[-79.9431493, 32.7876355], [-79.9431797, 32.7876275], [-79.943161, 32.7875771], [-79.9431511, 32.7875793], [-79.9431251, 32.7875094], [-79.9431351, 32.7875066], [-79.9431163, 32.7874562], [-79.943081, 32.7874655], [-79.9430794, 32.7874613], [-79.9430046, 32.7874809], [-79.943006, 32.7874848], [-79.942965, 32.7874956], [-79.9429766, 32.7875271], [-79.942972, 32.7875283], [-79.9429822, 32.787556], [-79.9429729, 32.7875585], [-79.9429938, 32.7876148], [-79.9430029, 32.7876124], [-79.943013, 32.7876396], [-79.9430193, 32.7876379], [-79.94303, 32.7876669], [-79.9430679, 32.787657], [-79.9430693, 32.7876608], [-79.9431508, 32.7876395], [-79.9431493, 32.7876355]]]}}, {"id": "981", "type": "Feature", "properties": {"id": "22b351e3-0b54-4671-a331-d49edacba4a2", "name": null, "subtype": "residential", "class": "detached", "height": 9.0, "num_floors": 2, "surge_class": 3, "surge_ft": 2.5, "flood_active": false, "exposure_score": 0.075, "exposure_category": "low"}, "geometry": {"type": "Polygon", "coordinates": [[[-79.9427848, 32.7873847], [-79.9430083, 32.7873208], [-79.9429922, 32.7872752], [-79.9429866, 32.7872594], [-79.9427801, 32.7873152], [-79.9427858, 32.7873302], [-79.9427642, 32.7873359], [-79.9427848, 32.7873847]]]}}, {"id": "982", "type": "Feature", "properties": {"id": "4acd2efb-f3f2-46f9-a908-662ce0b3b46c", "name": null, "subtype": "residential", "class": "detached", "height": 12.0, "num_floors": 3, "surge_class": 3, "surge_ft": 2.5, "flood_active": false, "exposure_score": 0.075, "exposure_category": "low"}, "geometry": {"type": "Polygon", "coordinates": [[[-79.9429633, 32.7874481], [-79.9430908, 32.7874042], [-79.9430578, 32.7873447], [-79.9430448, 32.7873212], [-79.9429345, 32.7873639], [-79.9429311, 32.7873585], [-79.9428818, 32.7873749], [-79.9428935, 32.787396], [-79.9428479, 32.7874148], [-79.9428338, 32.7874206], [-79.9428645, 32.7874798], [-79.9428772, 32.7874751], [-79.9429183, 32.7874598], [-79.9429201, 32.7874629], [-79.9429633, 32.7874481]]]}}, {"id": "983", "type": "Feature", "properties": {"id": "6c2b8174-c6a9-4ade-86c0-aba1fa27b5bd", "name": null, "subtype": "residential", "class": "apartments", "height": 8.0, "num_floors": 2, "surge_class": 1, "surge_ft": 0.5, "flood_active": false, "exposure_score": 0.015, "exposure_category": "low"}, "geometry": {"type": "Polygon", "coordinates": [[[-79.9425219, 32.7876219], [-79.9424635, 32.7876434], [-79.9425376, 32.7877857], [-79.9425959, 32.7877642], [-79.9425941, 32.7877606], [-79.9426112, 32.7877543], [-79.942541, 32.7876197], [-79.9425241, 32.787626], [-79.9425219, 32.7876219]]]}}, {"id": "984", "type": "Feature", "properties": {"id": "271f9215-c293-49bf-bde5-87ff58ccf3d5", "name": null, "subtype": "residential", "class": "house", "height": 8.0, "num_floors": 2, "surge_class": 0, "surge_ft": 0.0, "flood_active": false, "exposure_score": 0.0, "exposure_category": "none"}, "geometry": {"type": "Polygon", "coordinates": [[[-79.9424035, 32.7876838], [-79.9424061, 32.7876888], [-79.9424606, 32.7876684], [-79.9424095, 32.7875719], [-79.942403, 32.7875744], [-79.9423971, 32.7875632], [-79.9423715, 32.7875728], [-79.9423774, 32.7875841], [-79.9423549, 32.7875925], [-79.9424035, 32.7876838]]]}}, {"id": "985", "type": "Feature", "properties": {"id": "94cf371a-571b-4267-8d3d-7bc3f5630dff", "name": null, "subtype": "residential", "class": "house", "height": 8.0, "num_floors": 2, "surge_class": 0, "surge_ft": 0.0, "flood_active": false, "exposure_score": 0.0, "exposure_category": "none"}, "geometry": {"type": "Polygon", "coordinates": [[[-79.9422841, 32.7877194], [-79.9422859, 32.7877225], [-79.942344, 32.7877009], [-79.9422947, 32.7876074], [-79.9422922, 32.7876027], [-79.9422882, 32.7876042], [-79.9422856, 32.7875993], [-79.9422629, 32.7876077], [-79.9422656, 32.7876128], [-79.9422343, 32.7876245], [-79.9422841, 32.7877194]]]}}, {"id": "986", "type": "Feature", "properties": {"id": "65b9cdf2-60ad-4d30-b467-202671e28cd2", "name": null, "subtype": "residential", "class": "house", "height": 8.0, "num_floors": 2, "surge_class": 0, "surge_ft": 0.0, "flood_active": false, "exposure_score": 0.0, "exposure_category": "none"}, "geometry": {"type": "Polygon", "coordinates": [[[-79.942344, 32.7877009], [-79.9423464, 32.7877053], [-79.9424035, 32.7876838], [-79.9423549, 32.7875925], [-79.9423517, 32.7875865], [-79.942346, 32.7875886], [-79.942343, 32.7875829], [-79.9423198, 32.7875917], [-79.9423225, 32.7875969], [-79.9422947, 32.7876074], [-79.942344, 32.7877009]]]}}, {"id": "987", "type": "Feature", "properties": {"id": "321fec5a-d516-4f97-b4fa-f308746fac91", "name": null, "subtype": "residential", "class": "house", "height": 8.0, "num_floors": 2, "surge_class": 0, "surge_ft": 0.0, "flood_active": false, "exposure_score": 0.0, "exposure_category": "none"}, "geometry": {"type": "Polygon", "coordinates": [[[-79.9421176, 32.7876584], [-79.9421688, 32.7877562], [-79.9422241, 32.7877357], [-79.9421748, 32.7876419], [-79.9421724, 32.7876377], [-79.9421532, 32.7876448], [-79.942147, 32.7876329], [-79.9421112, 32.7876461], [-79.9421176, 32.7876584]]]}}, {"id": "988", "type": "Feature", "properties": {"id": "da453a7e-759f-444e-930b-365caa295a4c", "name": null, "subtype": "residential", "class": "house", "height": 8.0, "num_floors": 2, "surge_class": 0, "surge_ft": 0.0, "flood_active": false, "exposure_score": 0.0, "exposure_category": "none"}, "geometry": {"type": "Polygon", "coordinates": [[[-79.9422241, 32.7877357], [-79.9422268, 32.7877407], [-79.9422841, 32.7877194], [-79.9422343, 32.7876245], [-79.942232, 32.7876202], [-79.9422277, 32.7876218], [-79.9422246, 32.787616], [-79.9422004, 32.787625], [-79.9422036, 32.7876312], [-79.9421748, 32.7876419], [-79.9422241, 32.7877357]]]}}, {"id": "989", "type": "Feature", "properties": {"id": "b9632ac3-c368-4b87-a176-a9f0e990b347", "name": null, "subtype": "outbuilding", "class": "shed", "height": 3.0, "num_floors": 1, "surge_class": 4, "surge_ft": 3.5, "flood_active": false, "exposure_score": 0.105, "exposure_category": "low"}, "geometry": {"type": "Polygon", "coordinates": [[[-79.9422517, 32.7873975], [-79.9422636, 32.7874225], [-79.9423321, 32.7873995], [-79.9423056, 32.7873437], [-79.9422743, 32.7873542], [-79.9422371, 32.7873667], [-79.9422517, 32.7873975]]]}}, {"id": "990", "type": "Feature", "properties": {"id": "5b78f850-d9c8-4ab8-bd43-2e6ac63c5fbd", "name": null, "subtype": "residential", "class": "apartments", "height": 7.0, "num_floors": 2, "surge_class": 5, "surge_ft": 4.5, "flood_active": false, "exposure_score": 0.135, "exposure_category": "low"}, "geometry": {"type": "Polygon", "coordinates": [[[-79.9421828, 32.7872627], [-79.9422002, 32.7872935], [-79.9422844, 32.7872598], [-79.9422682, 32.787229], [-79.9422419, 32.787181], [-79.9422221, 32.7871459], [-79.9421894, 32.787088], [-79.9421866, 32.7870891], [-79.9421658, 32.7870516], [-79.9421462, 32.7870593], [-79.9420818, 32.7870846], [-79.9420927, 32.7871043], [-79.9420893, 32.7871056], [-79.9421504, 32.7872161], [-79.9421534, 32.7872149], [-79.9421802, 32.7872637], [-79.9421828, 32.7872627]]]}}, {"id": "991", "type": "Feature", "properties": {"id": "6c28edb8-9c4f-4169-b49b-8e3ff93c043e", "name": null, "subtype": "residential", "class": "detached", "height": 8.0, "num_floors": 2, "surge_class": 4, "surge_ft": 3.5, "flood_active": false, "exposure_score": 0.105, "exposure_category": "low"}, "geometry": {"type": "Polygon", "coordinates": [[[-79.9423225, 32.7872041], [-79.9423277, 32.7872138], [-79.9424084, 32.7871833], [-79.9423719, 32.787115], [-79.9423619, 32.7871188], [-79.9423116, 32.7870231], [-79.9422885, 32.7870321], [-79.9422812, 32.7870178], [-79.9422328, 32.7870361], [-79.9422947, 32.7871521], [-79.9423225, 32.7872041]]]}}, {"id": "992", "type": "Feature", "properties": {"id": "f1fbf741-a032-42f7-a69e-78428aff8096", "name": "Saint Mark's Episcopal Church", "subtype": "religious", "class": "church", "height": 13.0, "num_floors": 1, "surge_class": 4, "surge_ft": 3.5, "flood_active": false, "exposure_score": 0.105, "exposure_category": "low"}, "geometry": {"type": "Polygon", "coordinates": [[[-79.9424511, 32.7871631], [-79.9424765, 32.7871562], [-79.94248, 32.7871656], [-79.9427734, 32.787087], [-79.9428169, 32.7870753], [-79.9427908, 32.7870064], [-79.9427639, 32.7869356], [-79.9427216, 32.7869469], [-79.942428, 32.7870255], [-79.9424305, 32.7870323], [-79.9423876, 32.7870438], [-79.9424005, 32.7870778], [-79.9424112, 32.787075], [-79.942435, 32.7871379], [-79.9424409, 32.7871363], [-79.9424511, 32.7871631]]]}}, {"id": "993", "type": "Feature", "properties": {"id": "8a6bb6b0-ffad-4337-a136-c92decfe6a84", "name": null, "subtype": "residential", "class": "apartments", "height": 11.0, "num_floors": 3, "surge_class": 5, "surge_ft": 4.5, "flood_active": false, "exposure_score": 0.135, "exposure_category": "low"}, "geometry": {"type": "Polygon", "coordinates": [[[-79.9425034, 32.7868063], [-79.9426988, 32.7867573], [-79.9426737, 32.7866803], [-79.9426667, 32.7866822], [-79.9426597, 32.786658], [-79.9424708, 32.7867063], [-79.942485, 32.7867498], [-79.9425034, 32.7868063]]]}}, {"id": "994", "type": "Feature", "properties": {"id": "9f6d6b80-813c-487b-9711-24be19a7ef66", "name": null, "subtype": "residential", "class": "apartments", "height": 11.0, "num_floors": 2, "surge_class": 3, "surge_ft": 2.5, "flood_active": false, "exposure_score": 0.075, "exposure_category": "low"}, "geometry": {"type": "Polygon", "coordinates": [[[-79.9423955, 32.7868098], [-79.9424167, 32.7868031], [-79.9423992, 32.786764], [-79.9423564, 32.786668], [-79.9423452, 32.786643], [-79.942243, 32.7866754], [-79.9422543, 32.7867006], [-79.9423146, 32.7868355], [-79.9423294, 32.7868308], [-79.9423306, 32.786834], [-79.9423979, 32.7868153], [-79.9423955, 32.7868098]]]}}, {"id": "995", "type": "Feature", "properties": {"id": "b4a95a63-8d91-4743-9093-a3a2ea43910f", "name": null, "subtype": "residential", "class": "detached", "height": 10.0, "num_floors": 2, "surge_class": 2, "surge_ft": 1.5, "flood_active": false, "exposure_score": 0.045, "exposure_category": "low"}, "geometry": {"type": "Polygon", "coordinates": [[[-79.9422485, 32.7868568], [-79.9422732, 32.7868472], [-79.9422516, 32.7868079], [-79.9422408, 32.7867883], [-79.942207, 32.7867269], [-79.9421758, 32.7867392], [-79.942173, 32.7867343], [-79.9421128, 32.7867581], [-79.9421848, 32.7868862], [-79.9422503, 32.78686], [-79.9422485, 32.7868568]]]}}, {"id": "996", "type": "Feature", "properties": {"id": "c816704c-0f84-432d-8cc7-6f8f113b7967", "name": null, "subtype": "outbuilding", "class": "shed", "height": 3.0, "num_floors": 1, "surge_class": 1, "surge_ft": 0.5, "flood_active": false, "exposure_score": 0.015, "exposure_category": "low"}, "geometry": {"type": "Polygon", "coordinates": [[[-79.9421003, 32.7866623], [-79.9421485, 32.7866436], [-79.9421356, 32.7866201], [-79.9420873, 32.7866387], [-79.9421003, 32.7866623]]]}}, {"id": "997", "type": "Feature", "properties": {"id": "b611b4c2-e27c-464f-be8e-68cb31e2a79b", "name": null, "subtype": "residential", "class": "apartments", "height": 7.0, "num_floors": 2, "surge_class": 2, "surge_ft": 1.5, "flood_active": false, "exposure_score": 0.045, "exposure_category": "low"}, "geometry": {"type": "Polygon", "coordinates": [[[-79.9422665, 32.7866228], [-79.9424103, 32.7865872], [-79.9423968, 32.7865486], [-79.942253, 32.7865842], [-79.9422665, 32.7866228]]]}}, {"id": "998", "type": "Feature", "properties": {"id": "6953bc4e-7c45-4ef9-a9fc-2cbf40af7d6c", "name": null, "subtype": "outbuilding", "class": "shed", "height": 3.0, "num_floors": 1, "surge_class": 1, "surge_ft": 0.5, "flood_active": false, "exposure_score": 0.015, "exposure_category": "low"}, "geometry": {"type": "Polygon", "coordinates": [[[-79.9421058, 32.7866187], [-79.9421818, 32.7865948], [-79.9421503, 32.786524], [-79.9420743, 32.7865478], [-79.9421058, 32.7866187]]]}}, {"id": "999", "type": "Feature", "properties": {"id": "12cacbc3-c3f0-4443-b15b-0e0775744efc", "name": null, "subtype": "outbuilding", "class": "shed", "height": 2.0, "num_floors": 1, "surge_class": 1, "surge_ft": 0.5, "flood_active": false, "exposure_score": 0.015, "exposure_category": "low"}, "geometry": {"type": "Polygon", "coordinates": [[[-79.9421053, 32.7865201], [-79.9421238, 32.786514], [-79.9421167, 32.7864988], [-79.9420982, 32.7865048], [-79.9421053, 32.7865201]]]}}]}