{"type": "FeatureCollection", "features": [{"id": "0", "type": "Feature", "properties": {"id": "c4db140b-c893-4161-861a-f6b2afc6ba90", "name": null, "subtype": null, "class": null, "height": 13.86, "num_floors": null, "surge_class": 5, "surge_ft": 4.5, "flood_active": false, "exposure_score": 0.135, "exposure_category": "low"}, "geometry": {"type": "Polygon", "coordinates": [[[-82.8210829, 27.9649037], [-82.8210943, 27.9649037], [-82.8212016, 27.9649039], [-82.8212023, 27.9648839], [-82.8212472, 27.9648835], [-82.8212512, 27.9647726], [-82.8212016, 27.9647689], [-82.8212013, 27.9647465], [-82.8210836, 27.9647407], [-82.8210825, 27.9647655], [-82.821038, 27.964766], [-82.8210372, 27.9647868], [-82.8209951, 27.9647866], [-82.8209944, 27.9647655], [-82.8208878, 27.9647607], [-82.820886, 27.9647868], [-82.8208449, 27.9647866], [-82.8208453, 27.9647702], [-82.8207993, 27.9647666], [-82.8207987, 27.9647513], [-82.8206893, 27.9647448], [-82.8206882, 27.9647655], [-82.820641, 27.9647655], [-82.8206404, 27.9647797], [-82.82059, 27.9647801], [-82.8205894, 27.9647963], [-82.8205632, 27.9647969], [-82.8205621, 27.9648223], [-82.8205391, 27.9648233], [-82.8205376, 27.9648697], [-82.8205284, 27.9648701], [-82.8205248, 27.9649124], [-82.8205015, 27.9649132], [-82.8204993, 27.9650024], [-82.8205176, 27.9650041], [-82.8205175, 27.9650498], [-82.8205444, 27.9650529], [-82.8205448, 27.9650877], [-82.8205257, 27.9650879], [-82.8205201, 27.9651801], [-82.8205418, 27.9651818], [-82.8205418, 27.9652203], [-82.8205257, 27.9652214], [-82.820522, 27.9652606], [-82.8204989, 27.9652614], [-82.8204951, 27.9653648], [-82.8205176, 27.9653663], [-82.8205177, 27.9654075], [-82.8206464, 27.965411], [-82.8206498, 27.9653814], [-82.8206678, 27.9653818], [-82.820673, 27.9652653], [-82.8206598, 27.9652633], [-82.8206599, 27.9651824], [-82.8206678, 27.9651809], [-82.8206709, 27.9650924], [-82.8206596, 27.96509], [-82.8206609, 27.9650355], [-82.820641, 27.9650327], [-82.820641, 27.9650119], [-82.8206491, 27.9650097], [-82.8206517, 27.9649171], [-82.8206437, 27.9649169], [-82.8206441, 27.9648934], [-82.8206598, 27.9648923], [-82.8206627, 27.9648744], [-82.8206866, 27.9648743], [-82.8206871, 27.9648816], [-82.8207912, 27.9648851], [-82.8207936, 27.9648721], [-82.8208207, 27.9648718], [-82.8208207, 27.9648934], [-82.8208851, 27.9648955], [-82.8208857, 27.9649029], [-82.8209897, 27.9649053], [-82.8209924, 27.9648934], [-82.8210809, 27.9648943], [-82.8210829, 27.9649037]]]}}, {"id": "1", "type": "Feature", "properties": {"id": "526fba21-ea3b-4bd7-aedd-e9fb7b35ade7", "name": null, "subtype": null, "class": null, "height": null, "num_floors": null, "surge_class": 1, "surge_ft": 0.5, "flood_active": false, "exposure_score": 0.015, "exposure_category": "low"}, "geometry": {"type": "Polygon", "coordinates": [[[-82.8216188, 27.9650636], [-82.8218804, 27.9650007], [-82.8218208, 27.9648072], [-82.8217866, 27.9648154], [-82.8217833, 27.9648047], [-82.8215906, 27.964851], [-82.821594, 27.9648622], [-82.8215593, 27.9648705], [-82.8215658, 27.9648917], [-82.8216188, 27.9650636]]]}}, {"id": "2", "type": "Feature", "properties": {"id": "d3f5542c-961b-49c5-82b9-3375dc29ff1d", "name": null, "subtype": "outbuilding", "class": "carport", "height": 17.9, "num_floors": null, "surge_class": 5, "surge_ft": 4.5, "flood_active": false, "exposure_score": 0.135, "exposure_category": "low"}, "geometry": {"type": "Polygon", "coordinates": [[[-82.8211507, 27.9652668], [-82.8211514, 27.9650106], [-82.8210193, 27.9650103], [-82.8210186, 27.9652665], [-82.8211507, 27.9652668]]]}}, {"id": "3", "type": "Feature", "properties": {"id": "9c357742-9795-4607-91da-1648d44ba71f", "name": null, "subtype": "outbuilding", "class": "carport", "height": 17.92, "num_floors": null, "surge_class": 5, "surge_ft": 4.5, "flood_active": false, "exposure_score": 0.135, "exposure_category": "low"}, "geometry": {"type": "Polygon", "coordinates": [[[-82.8208199, 27.9653257], [-82.8209568, 27.965326], [-82.8209577, 27.9650085], [-82.8208208, 27.9650082], [-82.8208199, 27.9653257]]]}}, {"id": "4", "type": "Feature", "properties": {"id": "8364357d-2027-4662-aa95-f6ea3187b6f7", "name": null, "subtype": "outbuilding", "class": "carport", "height": 7.67, "num_floors": null, "surge_class": 4, "surge_ft": 3.5, "flood_active": false, "exposure_score": 0.105, "exposure_category": "low"}, "geometry": {"type": "Polygon", "coordinates": [[[-82.8210902, 27.9655995], [-82.8210247, 27.965599], [-82.8210203, 27.9660432], [-82.8210858, 27.9660437], [-82.8210902, 27.9655995]]]}}, {"id": "5", "type": "Feature", "properties": {"id": "4b0e388d-663e-4bf2-ae1b-2bd29f83e833", "name": null, "subtype": "transportation", "class": "parking", "height": null, "num_floors": null, "surge_class": 3, "surge_ft": 2.5, "flood_active": false, "exposure_score": 0.075, "exposure_category": "low"}, "geometry": {"type": "Polygon", "coordinates": [[[-82.8212246, 27.9663169], [-82.8212231, 27.9664282], [-82.8212206, 27.9666154], [-82.8212191, 27.9667288], [-82.8212709, 27.9667294], [-82.8212702, 27.9667812], [-82.8214819, 27.9667835], [-82.8215973, 27.9667847], [-82.8215983, 27.9667121], [-82.8216029, 27.9663639], [-82.8216035, 27.9663209], [-82.8212246, 27.9663169]]]}}, {"id": "6", "type": "Feature", "properties": {"id": "a5624339-19fb-49fa-9b9a-833c5b44a957", "name": null, "subtype": null, "class": null, "height": 34.37, "num_floors": null, "surge_class": 2, "surge_ft": 1.5, "flood_active": false, "exposure_score": 0.045, "exposure_category": "low"}, "geometry": {"type": "Polygon", "coordinates": [[[-82.8208346, 27.9665916], [-82.8208334, 27.9666302], [-82.8209036, 27.9666349], [-82.8209051, 27.9666491], [-82.8210056, 27.966655], [-82.8210061, 27.9666373], [-82.8212067, 27.9666409], [-82.8212101, 27.9665899], [-82.8212175, 27.9665884], [-82.8212215, 27.9664454], [-82.821086, 27.9664401], [-82.8210849, 27.9664075], [-82.8210109, 27.9664044], [-82.8210098, 27.9663885], [-82.8208768, 27.9663831], [-82.8208743, 27.9664027], [-82.8207052, 27.9663986], [-82.8206984, 27.9665851], [-82.8208346, 27.9665916]]]}}, {"id": "7", "type": "Feature", "properties": {"id": "2781afd8-c752-4f36-9d26-0fe3fb8eef94", "name": null, "subtype": null, "class": null, "height": 15.79, "num_floors": null, "surge_class": 6, "surge_ft": 5.5, "flood_active": false, "exposure_score": 0.165, "exposure_category": "low"}, "geometry": {"type": "Polygon", "coordinates": [[[-82.8207904, 27.9671845], [-82.8208163, 27.96735], [-82.8208655, 27.967344], [-82.8208719, 27.9673853], [-82.8211179, 27.9673551], [-82.8210921, 27.9671896], [-82.8210429, 27.9671956], [-82.8210365, 27.9671542], [-82.8207904, 27.9671845]]]}}, {"id": "8", "type": "Feature", "properties": {"id": "0325a612-e9e0-47df-b4df-782e042fdbc7", "name": "Bayside Condominiums", "subtype": null, "class": null, "height": 18.58, "num_floors": null, "surge_class": 4, "surge_ft": 3.5, "flood_active": false, "exposure_score": 0.105, "exposure_category": "low"}, "geometry": {"type": "Polygon", "coordinates": [[[-82.82211, 27.9672565], [-82.8221085, 27.9671659], [-82.8221627, 27.9671652], [-82.8221619, 27.9671199], [-82.8221077, 27.9671206], [-82.8221062, 27.96703], [-82.8219978, 27.9670314], [-82.8220016, 27.9672579], [-82.82211, 27.9672565]]]}}, {"id": "9", "type": "Feature", "properties": {"id": "202e815b-9af6-4407-abb4-7c9ab797e9ca", "name": null, "subtype": null, "class": null, "height": 34.08, "num_floors": null, "surge_class": 2, "surge_ft": 1.5, "flood_active": false, "exposure_score": 0.045, "exposure_category": "low"}, "geometry": {"type": "Polygon", "coordinates": [[[-82.821776, 27.9667619], [-82.8219736, 27.9667636], [-82.8219749, 27.9666486], [-82.8220299, 27.9666463], [-82.8220263, 27.9663004], [-82.8218153, 27.9662989], [-82.8218147, 27.9664165], [-82.8217724, 27.9664186], [-82.821776, 27.9667619]]]}}, {"id": "10", "type": "Feature", "properties": {"id": "334e85f1-c882-45e6-997d-390f00896117", "name": null, "subtype": null, "class": null, "height": 18.6, "num_floors": null, "surge_class": 4, "surge_ft": 3.5, "flood_active": false, "exposure_score": 0.105, "exposure_category": "low"}, "geometry": {"type": "Polygon", "coordinates": [[[-82.8223712, 27.9670476], [-82.8223704, 27.967261], [-82.8225919, 27.9672614], [-82.8225932, 27.967093], [-82.822615, 27.9670937], [-82.8226155, 27.9670484], [-82.8223712, 27.9670476]]]}}, {"id": "11", "type": "Feature", "properties": {"id": "4bb67005-3dcf-493b-b7b2-52f6267e57a8", "name": null, "subtype": "residential", "class": "detached", "height": 15.21, "num_floors": null, "surge_class": 5, "surge_ft": 4.5, "flood_active": false, "exposure_score": 0.135, "exposure_category": "low"}, "geometry": {"type": "Polygon", "coordinates": [[[-82.82232, 27.9691864], [-82.8222236, 27.9693635], [-82.8223094, 27.9693999], [-82.8223198, 27.9693808], [-82.822416, 27.9694217], [-82.8225021, 27.9692637], [-82.82232, 27.9691864]]]}}, {"id": "12", "type": "Feature", "properties": {"id": "e8b054c7-1f70-4df3-8928-43bf0d1717d7", "name": null, "subtype": "residential", "class": "detached", "height": 14.18, "num_floors": null, "surge_class": 5, "surge_ft": 4.5, "flood_active": false, "exposure_score": 0.135, "exposure_category": "low"}, "geometry": {"type": "Polygon", "coordinates": [[[-82.8224367, 27.9694517], [-82.8225345, 27.9694949], [-82.8225647, 27.9694415], [-82.8225961, 27.9694554], [-82.8226534, 27.9693541], [-82.8225328, 27.9693008], [-82.8224831, 27.9693887], [-82.8224745, 27.969385], [-82.8224367, 27.9694517]]]}}, {"id": "13", "type": "Feature", "properties": {"id": "2e2d1956-ebdd-461f-9e93-62a71b948acf", "name": null, "subtype": "residential", "class": "detached", "height": 17.13, "num_floors": null, "surge_class": 6, "surge_ft": 5.5, "flood_active": false, "exposure_score": 0.165, "exposure_category": "low"}, "geometry": {"type": "Polygon", "coordinates": [[[-82.822385, 27.9699368], [-82.8224951, 27.9699833], [-82.8225856, 27.9698159], [-82.8225269, 27.9697911], [-82.8225314, 27.9697828], [-82.8224391, 27.9697439], [-82.8223859, 27.9698423], [-82.8224268, 27.9698595], [-82.822385, 27.9699368]]]}}, {"id": "14", "type": "Feature", "properties": {"id": "a692373f-9936-48d0-b370-694ae8d71cd0", "name": null, "subtype": "residential", "class": "detached", "height": 13.48, "num_floors": null, "surge_class": 6, "surge_ft": 5.5, "flood_active": false, "exposure_score": 0.165, "exposure_category": "low"}, "geometry": {"type": "Polygon", "coordinates": [[[-82.8225239, 27.9699916], [-82.8226647, 27.9700494], [-82.8226921, 27.9699974], [-82.8227015, 27.9700012], [-82.8227387, 27.9699306], [-82.8226584, 27.9698977], [-82.8226775, 27.9698615], [-82.8226074, 27.9698327], [-82.8225239, 27.9699916]]]}}, {"id": "15", "type": "Feature", "properties": {"id": "b8dda5c3-5bae-4f4c-ae28-38ae11e006b2", "name": null, "subtype": "outbuilding", "class": "roof", "height": null, "num_floors": null, "surge_class": 0, "surge_ft": 0.0, "flood_active": false, "exposure_score": 0.0, "exposure_category": "none"}, "geometry": {"type": "Polygon", "coordinates": [[[-82.8225356, 27.9701822], [-82.8225693, 27.9701958], [-82.8226088, 27.9701196], [-82.822573, 27.9701052], [-82.8225625, 27.970101], [-82.8225231, 27.9701771], [-82.8225356, 27.9701822]]]}}, {"id": "16", "type": "Feature", "properties": {"id": "02d7c2e6-58e4-4e60-ae92-18509374e9e5", "name": null, "subtype": "residential", "class": "detached", "height": 10.45, "num_floors": null, "surge_class": 6, "surge_ft": 5.5, "flood_active": false, "exposure_score": 0.165, "exposure_category": "low"}, "geometry": {"type": "Polygon", "coordinates": [[[-82.8221778, 27.9698552], [-82.8223259, 27.9699188], [-82.8224216, 27.9697449], [-82.8223335, 27.969707], [-82.8223392, 27.9696966], [-82.8222792, 27.9696709], [-82.8221778, 27.9698552]]]}}, {"id": "17", "type": "Feature", "properties": {"id": "135ebd6e-15b6-4124-ba0b-808a298c240f", "name": null, "subtype": "residential", "class": "detached", "height": 13.44, "num_floors": null, "surge_class": 6, "surge_ft": 5.5, "flood_active": false, "exposure_score": 0.165, "exposure_category": "low"}, "geometry": {"type": "Polygon", "coordinates": [[[-82.8220513, 27.9698349], [-82.822069, 27.9698019], [-82.8220931, 27.969812], [-82.8220938, 27.9698192], [-82.8221002, 27.9698246], [-82.8221095, 27.9698255], [-82.8221173, 27.9698221], [-82.8221655, 27.9698422], [-82.822228, 27.9697254], [-82.8221702, 27.9697013], [-82.8221794, 27.9696839], [-82.8221534, 27.9696731], [-82.8221738, 27.9696351], [-82.8221041, 27.969606], [-82.8220187, 27.9697656], [-82.8220238, 27.9697677], [-82.8219995, 27.9698133], [-82.8220513, 27.9698349]]]}}, {"id": "18", "type": "Feature", "properties": {"id": "26d0fa8a-2932-44b6-af79-6311c5629469", "name": null, "subtype": "outbuilding", "class": "roof", "height": null, "num_floors": null, "surge_class": 0, "surge_ft": 0.0, "flood_active": false, "exposure_score": 0.0, "exposure_category": "none"}, "geometry": {"type": "Polygon", "coordinates": [[[-82.821829, 27.969912], [-82.8218655, 27.9699224], [-82.8218849, 27.9698696], [-82.8218906, 27.969854], [-82.821894, 27.9698446], [-82.8218465, 27.9698311], [-82.8218437, 27.9698388], [-82.821818, 27.9699089], [-82.821829, 27.969912]]]}}, {"id": "19", "type": "Feature", "properties": {"id": "4600d2ed-c02d-438d-9062-c11220144114", "name": null, "subtype": "residential", "class": "detached", "height": 11.7, "num_floors": null, "surge_class": 5, "surge_ft": 4.5, "flood_active": false, "exposure_score": 0.135, "exposure_category": "low"}, "geometry": {"type": "Polygon", "coordinates": [[[-82.8219264, 27.9697452], [-82.821975, 27.9697602], [-82.8220216, 27.9696425], [-82.8219646, 27.9696249], [-82.8219589, 27.9696394], [-82.8219382, 27.969633], [-82.8219443, 27.9696177], [-82.8219093, 27.9696069], [-82.8219041, 27.9696201], [-82.8218819, 27.9696133], [-82.8218871, 27.9696001], [-82.8218292, 27.9695822], [-82.821783, 27.969699], [-82.8218347, 27.9697149], [-82.8218261, 27.9697367], [-82.8219185, 27.9697652], [-82.8219264, 27.9697452]]]}}, {"id": "20", "type": "Feature", "properties": {"id": "15887c9e-8170-4c7c-bf32-9791009652ce", "name": null, "subtype": "residential", "class": "detached", "height": 13.69, "num_floors": null, "surge_class": 5, "surge_ft": 4.5, "flood_active": false, "exposure_score": 0.135, "exposure_category": "low"}, "geometry": {"type": "Polygon", "coordinates": [[[-82.8220778, 27.9692485], [-82.822198, 27.969292], [-82.8222729, 27.9691307], [-82.8222009, 27.9691046], [-82.8221976, 27.9691118], [-82.8221782, 27.9691047], [-82.8221483, 27.9691312], [-82.8220854, 27.9691093], [-82.8220793, 27.9691231], [-82.822069, 27.9691299], [-82.8220301, 27.9691158], [-82.8219589, 27.9692693], [-82.8220524, 27.9693031], [-82.8220778, 27.9692485]]]}}, {"id": "21", "type": "Feature", "properties": {"id": "655baac6-b855-4def-8cbd-93d18bffa087", "name": null, "subtype": "residential", "class": "detached", "height": 14.12, "num_floors": null, "surge_class": 6, "surge_ft": 5.5, "flood_active": false, "exposure_score": 0.165, "exposure_category": "low"}, "geometry": {"type": "Polygon", "coordinates": [[[-82.8219862, 27.9690675], [-82.8219807, 27.969058], [-82.8219742, 27.9690523], [-82.8219521, 27.9690477], [-82.8219446, 27.9690515], [-82.8219085, 27.9690449], [-82.8218993, 27.9690347], [-82.8217355, 27.9690052], [-82.8217087, 27.9691215], [-82.8217177, 27.9691231], [-82.8216951, 27.9692208], [-82.8217498, 27.9692307], [-82.8217514, 27.9692239], [-82.8217938, 27.9692316], [-82.8217969, 27.9692182], [-82.8218176, 27.969222], [-82.8218134, 27.9692401], [-82.82186, 27.9692485], [-82.821867, 27.9692185], [-82.8218591, 27.9692171], [-82.8218723, 27.9691605], [-82.8219533, 27.9691753], [-82.821973, 27.9690907], [-82.8219813, 27.9690863], [-82.8219862, 27.9690675]]]}}, {"id": "22", "type": "Feature", "properties": {"id": "0db713ea-b867-4865-86f9-e3ffa401c63c", "name": null, "subtype": "residential", "class": "detached", "height": 15.87, "num_floors": null, "surge_class": 5, "surge_ft": 4.5, "flood_active": false, "exposure_score": 0.135, "exposure_category": "low"}, "geometry": {"type": "Polygon", "coordinates": [[[-82.8216374, 27.969216], [-82.8216739, 27.9692195], [-82.8217007, 27.969004], [-82.8216032, 27.9689945], [-82.8215994, 27.9690249], [-82.8214549, 27.9690109], [-82.8214356, 27.9691656], [-82.8214678, 27.9691687], [-82.8214684, 27.9691637], [-82.8215347, 27.9691701], [-82.8215383, 27.9691416], [-82.8215806, 27.9691457], [-82.8215734, 27.9692036], [-82.8216381, 27.9692099], [-82.8216374, 27.969216]]]}}, {"id": "23", "type": "Feature", "properties": {"id": "00d72adf-fc01-46af-9726-069abc77232c", "name": null, "subtype": "residential", "class": "detached", "height": 14.63, "num_floors": null, "surge_class": 5, "surge_ft": 4.5, "flood_active": false, "exposure_score": 0.135, "exposure_category": "low"}, "geometry": {"type": "Polygon", "coordinates": [[[-82.8211678, 27.9690512], [-82.8211829, 27.9692198], [-82.8212694, 27.9692138], [-82.8212688, 27.969207], [-82.8213185, 27.9692035], [-82.8213198, 27.9692179], [-82.8214125, 27.9692115], [-82.821403, 27.9691043], [-82.8214193, 27.9691032], [-82.8214096, 27.9689935], [-82.8213284, 27.9689991], [-82.8213345, 27.9690678], [-82.8213246, 27.9690574], [-82.8213116, 27.9690498], [-82.8212927, 27.9690473], [-82.8212761, 27.9690483], [-82.8212613, 27.9690528], [-82.8212486, 27.9690633], [-82.8212471, 27.9690456], [-82.8211678, 27.9690512]]]}}, {"id": "24", "type": "Feature", "properties": {"id": "1e669cb8-2c13-40a5-bc05-be412d10a70d", "name": null, "subtype": "residential", "class": "detached", "height": 13.1, "num_floors": null, "surge_class": 5, "surge_ft": 4.5, "flood_active": false, "exposure_score": 0.135, "exposure_category": "low"}, "geometry": {"type": "Polygon", "coordinates": [[[-82.8212248, 27.969681], [-82.8212876, 27.9696756], [-82.8212924, 27.9697186], [-82.8213909, 27.9697101], [-82.8213859, 27.9696655], [-82.8214598, 27.9696591], [-82.821452, 27.9695887], [-82.8214721, 27.969587], [-82.8214595, 27.9694736], [-82.821347, 27.9694833], [-82.8213574, 27.9695766], [-82.821331, 27.9695789], [-82.8213272, 27.969545], [-82.8213028, 27.9695471], [-82.8212969, 27.9694945], [-82.8212154, 27.9695015], [-82.8212162, 27.969509], [-82.8211761, 27.9695124], [-82.8211895, 27.9696324], [-82.8212191, 27.9696299], [-82.8212248, 27.969681]]]}}, {"id": "25", "type": "Feature", "properties": {"id": "b17eab1c-04a0-48f3-81bb-b469a3c44abb", "name": null, "subtype": "residential", "class": "detached", "height": 9.61, "num_floors": null, "surge_class": 5, "surge_ft": 4.5, "flood_active": false, "exposure_score": 0.135, "exposure_category": "low"}, "geometry": {"type": "Polygon", "coordinates": [[[-82.8216707, 27.9696724], [-82.8217321, 27.969683], [-82.8217702, 27.9695103], [-82.821689, 27.9694963], [-82.8216773, 27.9695495], [-82.8216081, 27.9695376], [-82.8216184, 27.969491], [-82.8215269, 27.9694752], [-82.8214959, 27.9696154], [-82.8215728, 27.9696286], [-82.821567, 27.9696545], [-82.8216475, 27.9696684], [-82.8216531, 27.9696433], [-82.8216762, 27.9696473], [-82.8216707, 27.9696724]]]}}, {"id": "26", "type": "Feature", "properties": {"id": "b3a1f528-57d7-44bc-887e-18c120376858", "name": null, "subtype": "outbuilding", "class": "roof", "height": 9.46, "num_floors": null, "surge_class": 0, "surge_ft": 0.0, "flood_active": false, "exposure_score": 0.0, "exposure_category": "none"}, "geometry": {"type": "Polygon", "coordinates": [[[-82.8214171, 27.9697718], [-82.8213617, 27.9697766], [-82.8213622, 27.9697809], [-82.8213735, 27.9698841], [-82.8213738, 27.969887], [-82.8214292, 27.9698822], [-82.8214263, 27.9698558], [-82.8214224, 27.9698203], [-82.8214171, 27.9697718]]]}}, {"id": "27", "type": "Feature", "properties": {"id": "43166d1d-128c-4bea-82f1-3d7416cdbc1d", "name": null, "subtype": "outbuilding", "class": "roof", "height": null, "num_floors": null, "surge_class": 0, "surge_ft": 0.0, "flood_active": false, "exposure_score": 0.0, "exposure_category": "none"}, "geometry": {"type": "Polygon", "coordinates": [[[-82.8216042, 27.9698965], [-82.8216535, 27.969902], [-82.821663, 27.9698342], [-82.8216685, 27.9697958], [-82.8216693, 27.9697901], [-82.82162, 27.9697847], [-82.8216042, 27.9698965]]]}}, {"id": "28", "type": "Feature", "properties": {"id": "5e5940cd-d5fc-4ca4-ba83-21c27486d145", "name": null, "subtype": "residential", "class": "detached", "height": 21.87, "num_floors": null, "surge_class": 6, "surge_ft": 5.5, "flood_active": false, "exposure_score": 0.165, "exposure_category": "low"}, "geometry": {"type": "Polygon", "coordinates": [[[-82.8207057, 27.9696425], [-82.8206974, 27.9696656], [-82.8206983, 27.969675], [-82.8206607, 27.9696904], [-82.8206636, 27.969696], [-82.8206425, 27.9697046], [-82.8207171, 27.9698466], [-82.8208519, 27.9697913], [-82.8208704, 27.9698265], [-82.8208877, 27.9698268], [-82.8209107, 27.9698213], [-82.8209297, 27.9698112], [-82.8209407, 27.9697974], [-82.820868, 27.9696458], [-82.8208522, 27.9696517], [-82.8208436, 27.9696338], [-82.8208194, 27.9696428], [-82.8208124, 27.9696284], [-82.820772, 27.9696435], [-82.8207645, 27.969636], [-82.8207422, 27.9696292], [-82.8207209, 27.9696323], [-82.8207057, 27.9696425]]]}}, {"id": "29", "type": "Feature", "properties": {"id": "07944a5f-d950-4976-b8a1-9841aa0a329d", "name": null, "subtype": "residential", "class": "detached", "height": 10.87, "num_floors": null, "surge_class": 5, "surge_ft": 4.5, "flood_active": false, "exposure_score": 0.135, "exposure_category": "low"}, "geometry": {"type": "Polygon", "coordinates": [[[-82.821024, 27.9697329], [-82.8210141, 27.9697048], [-82.8210309, 27.9697104], [-82.8210512, 27.9697082], [-82.8210697, 27.9697002], [-82.8210806, 27.9696866], [-82.8210907, 27.9697154], [-82.8211092, 27.9697229], [-82.8211336, 27.9697171], [-82.8211451, 27.9697005], [-82.8211349, 27.9696715], [-82.8211803, 27.9696591], [-82.8211258, 27.969504], [-82.8210397, 27.9695276], [-82.8210444, 27.9695409], [-82.8210322, 27.9695443], [-82.821027, 27.9695295], [-82.820976, 27.9695435], [-82.820985, 27.9695692], [-82.8209598, 27.9695761], [-82.8209523, 27.9695546], [-82.8208685, 27.9695776], [-82.8208985, 27.9696628], [-82.8209063, 27.9696606], [-82.8209397, 27.969756], [-82.8209623, 27.969764], [-82.8209904, 27.9697653], [-82.8210137, 27.9697533], [-82.821024, 27.9697329]]]}}, {"id": "30", "type": "Feature", "properties": {"id": "d8d4a7b5-fde1-4b2e-8df4-f13786c6d619", "name": null, "subtype": "residential", "class": "detached", "height": 12.69, "num_floors": null, "surge_class": 5, "surge_ft": 4.5, "flood_active": false, "exposure_score": 0.135, "exposure_category": "low"}, "geometry": {"type": "Polygon", "coordinates": [[[-82.8211467, 27.9691233], [-82.8211298, 27.9690196], [-82.8211206, 27.9690208], [-82.8211136, 27.9689767], [-82.8210593, 27.9689835], [-82.8210566, 27.9689667], [-82.8209809, 27.9689761], [-82.8209898, 27.9690315], [-82.8208767, 27.9690456], [-82.8208738, 27.9690499], [-82.8208639, 27.9690512], [-82.8208775, 27.9691331], [-82.8208911, 27.9691313], [-82.8209029, 27.9692025], [-82.8209153, 27.9692009], [-82.8209272, 27.9692734], [-82.8210218, 27.9692612], [-82.8209989, 27.9691223], [-82.8210143, 27.9691203], [-82.8210175, 27.9691397], [-82.8211467, 27.9691233]]]}}, {"id": "31", "type": "Feature", "properties": {"id": "4d14fe7f-514d-409c-a0a6-c1681f619abc", "name": null, "subtype": "residential", "class": "detached", "height": 17.24, "num_floors": null, "surge_class": 4, "surge_ft": 3.5, "flood_active": false, "exposure_score": 0.105, "exposure_category": "low"}, "geometry": {"type": "Polygon", "coordinates": [[[-82.8207726, 27.9692396], [-82.8207813, 27.9692364], [-82.8208168, 27.9693114], [-82.8209155, 27.969275], [-82.8208037, 27.9690382], [-82.8206842, 27.9690822], [-82.8207024, 27.9691206], [-82.8206639, 27.9691547], [-82.8206733, 27.9691743], [-82.8205828, 27.9692083], [-82.8206389, 27.9693248], [-82.8207272, 27.9692916], [-82.8207134, 27.9692629], [-82.8207217, 27.9692598], [-82.8207281, 27.969273], [-82.8207794, 27.9692539], [-82.8207726, 27.9692396]]]}}, {"id": "32", "type": "Feature", "properties": {"id": "71058884-4886-44ae-9e55-1aa54a81c709", "name": null, "subtype": "outbuilding", "class": "roof", "height": 9.3, "num_floors": null, "surge_class": 6, "surge_ft": 5.5, "flood_active": false, "exposure_score": 0.165, "exposure_category": "low"}, "geometry": {"type": "Polygon", "coordinates": [[[-82.8213006, 27.9689169], [-82.8213498, 27.968917], [-82.8213498, 27.9689148], [-82.82135, 27.9688308], [-82.8213428, 27.9688308], [-82.8213008, 27.9688307], [-82.8213008, 27.9688401], [-82.8213006, 27.9689149], [-82.8213006, 27.9689169]]]}}, {"id": "33", "type": "Feature", "properties": {"id": "a99ddfaa-81be-40d0-aecd-d3405a489a82", "name": null, "subtype": "outbuilding", "class": "roof", "height": null, "num_floors": null, "surge_class": 0, "surge_ft": 0.0, "flood_active": false, "exposure_score": 0.0, "exposure_category": "none"}, "geometry": {"type": "Polygon", "coordinates": [[[-82.820592, 27.9689872], [-82.8206014, 27.968984], [-82.8205602, 27.9688882], [-82.820552, 27.9688909], [-82.8205046, 27.9689068], [-82.8205458, 27.9690027], [-82.820592, 27.9689872]]]}}, {"id": "34", "type": "Feature", "properties": {"id": "9cfbe442-077f-4edc-a28c-207010fb344a", "name": null, "subtype": "residential", "class": "detached", "height": 11.2, "num_floors": null, "surge_class": 5, "surge_ft": 4.5, "flood_active": false, "exposure_score": 0.135, "exposure_category": "low"}, "geometry": {"type": "Polygon", "coordinates": [[[-82.8203991, 27.9693854], [-82.8204957, 27.9693468], [-82.8205056, 27.9693661], [-82.8206011, 27.9693279], [-82.8205243, 27.969178], [-82.820436, 27.9692133], [-82.820447, 27.9692348], [-82.8203838, 27.96926], [-82.8203877, 27.9692906], [-82.8203568, 27.9693029], [-82.8203991, 27.9693854]]]}}, {"id": "35", "type": "Feature", "properties": {"id": "ad58149a-74dd-4ef3-acc5-e7ada37af860", "name": null, "subtype": "residential", "class": "detached", "height": 21.36, "num_floors": null, "surge_class": 5, "surge_ft": 4.5, "flood_active": false, "exposure_score": 0.135, "exposure_category": "low"}, "geometry": {"type": "Polygon", "coordinates": [[[-82.8200666, 27.9694113], [-82.8201203, 27.9695158], [-82.8202265, 27.9694733], [-82.820239, 27.9694752], [-82.8202967, 27.9694549], [-82.8203029, 27.9694442], [-82.8203578, 27.9694228], [-82.8202681, 27.9692428], [-82.820175, 27.969279], [-82.8201254, 27.9693877], [-82.8200666, 27.9694113]]]}}, {"id": "36", "type": "Feature", "properties": {"id": "f79df161-c756-49ac-b45b-4db99c9e0899", "name": null, "subtype": "residential", "class": "detached", "height": 15.9, "num_floors": null, "surge_class": 5, "surge_ft": 4.5, "flood_active": false, "exposure_score": 0.135, "exposure_category": "low"}, "geometry": {"type": "Polygon", "coordinates": [[[-82.8206422, 27.9698721], [-82.8206247, 27.9698424], [-82.8206805, 27.9698168], [-82.8206006, 27.9696807], [-82.8205268, 27.9697145], [-82.8205509, 27.9697554], [-82.8205435, 27.9697588], [-82.8205359, 27.9697458], [-82.8204943, 27.9697649], [-82.8205029, 27.9697794], [-82.8204908, 27.969785], [-82.8204665, 27.9697437], [-82.8203951, 27.9697765], [-82.8204759, 27.9699139], [-82.8205198, 27.9698938], [-82.8205357, 27.9699209], [-82.8206422, 27.9698721]]]}}, {"id": "37", "type": "Feature", "properties": {"id": "ed289c85-1738-4cfe-adb3-6018b1d9facf", "name": null, "subtype": "outbuilding", "class": "roof", "height": null, "num_floors": null, "surge_class": 0, "surge_ft": 0.0, "flood_active": false, "exposure_score": 0.0, "exposure_category": "none"}, "geometry": {"type": "Polygon", "coordinates": [[[-82.8205154, 27.9701758], [-82.8205184, 27.9701799], [-82.8205388, 27.9701683], [-82.8205346, 27.9701626], [-82.8205484, 27.9701547], [-82.8205527, 27.9701605], [-82.8205714, 27.9701498], [-82.8204907, 27.9700394], [-82.8204377, 27.9700696], [-82.820439, 27.9700714], [-82.8205154, 27.9701758]]]}}, {"id": "38", "type": "Feature", "properties": {"id": "42564ed8-9aa2-4676-ab43-3f1d81059cb1", "name": null, "subtype": null, "class": null, "height": 3.4285714626312256, "num_floors": null, "surge_class": 5, "surge_ft": 4.5, "flood_active": false, "exposure_score": 0.135, "exposure_category": "low"}, "geometry": {"type": "Polygon", "coordinates": [[[-82.8202472, 27.9700862], [-82.8202006, 27.970124], [-82.8202139, 27.9701368], [-82.8202606, 27.9700991], [-82.8202472, 27.9700862]]]}}, {"id": "39", "type": "Feature", "properties": {"id": "e0799ca8-3340-445d-808c-5884c6aee851", "name": null, "subtype": "residential", "class": "detached", "height": 17.39, "num_floors": null, "surge_class": 5, "surge_ft": 4.5, "flood_active": false, "exposure_score": 0.135, "exposure_category": "low"}, "geometry": {"type": "Polygon", "coordinates": [[[-82.8200843, 27.9700395], [-82.8201714, 27.9701337], [-82.8202946, 27.9700448], [-82.8202051, 27.9699481], [-82.8201943, 27.9699467], [-82.8201958, 27.9699372], [-82.8201838, 27.9699258], [-82.8201514, 27.9699249], [-82.8201426, 27.9699324], [-82.8201416, 27.9699411], [-82.820129, 27.96994], [-82.8201224, 27.9699968], [-82.8201353, 27.9700107], [-82.8201257, 27.9700177], [-82.8201212, 27.9700129], [-82.8201066, 27.9700128], [-82.8200861, 27.9700275], [-82.8200843, 27.9700395]]]}}, {"id": "40", "type": "Feature", "properties": {"id": "37a4dbf2-f0fd-416f-b87a-1ab122912564", "name": null, "subtype": "residential", "class": "detached", "height": 19.71, "num_floors": null, "surge_class": 5, "surge_ft": 4.5, "flood_active": false, "exposure_score": 0.135, "exposure_category": "low"}, "geometry": {"type": "Polygon", "coordinates": [[[-82.8203032, 27.9699962], [-82.8203082, 27.9700029], [-82.8203542, 27.9700095], [-82.8203617, 27.9700052], [-82.8203666, 27.9700118], [-82.8204314, 27.9699745], [-82.8204247, 27.9699654], [-82.8204399, 27.9698983], [-82.82043, 27.9698966], [-82.820396, 27.9698478], [-82.820401, 27.9698234], [-82.8203254, 27.9698113], [-82.8203217, 27.9698292], [-82.8202964, 27.9698251], [-82.8202641, 27.9698443], [-82.8202596, 27.9698671], [-82.8202386, 27.9698638], [-82.8202254, 27.9699308], [-82.8202487, 27.9699344], [-82.8202972, 27.9699997], [-82.8203032, 27.9699962]]]}}, {"id": "41", "type": "Feature", "properties": {"id": "68aef6bd-3732-477d-a6fa-3f73bcacc695", "name": null, "subtype": "residential", "class": "detached", "height": 13.51, "num_floors": null, "surge_class": 5, "surge_ft": 4.5, "flood_active": false, "exposure_score": 0.135, "exposure_category": "low"}, "geometry": {"type": "Polygon", "coordinates": [[[-82.8198671, 27.9701952], [-82.8198808, 27.9702856], [-82.8200571, 27.9702646], [-82.8201799, 27.9701741], [-82.8200546, 27.9700415], [-82.8199697, 27.9700516], [-82.8199844, 27.970148], [-82.8198728, 27.9701613], [-82.8198778, 27.9701939], [-82.8198671, 27.9701952]]]}}, {"id": "42", "type": "Feature", "properties": {"id": "7c2ad123-9f9f-4a1e-bd24-d83fff73a19b", "name": null, "subtype": "residential", "class": "detached", "height": 10.85, "num_floors": null, "surge_class": 6, "surge_ft": 5.5, "flood_active": false, "exposure_score": 0.165, "exposure_category": "low"}, "geometry": {"type": "Polygon", "coordinates": [[[-82.8195886, 27.9701687], [-82.8196405, 27.9702044], [-82.8196453, 27.9702006], [-82.8197125, 27.9702336], [-82.8198146, 27.9702629], [-82.819863, 27.9701235], [-82.8197884, 27.9701032], [-82.8197648, 27.9701689], [-82.8197504, 27.9701643], [-82.8197581, 27.9701473], [-82.8196995, 27.9701208], [-82.81969, 27.9701367], [-82.8196106, 27.9700803], [-82.8195581, 27.9701368], [-82.8195929, 27.9701628], [-82.8195886, 27.9701687]]]}}, {"id": "43", "type": "Feature", "properties": {"id": "263d7e41-05c7-4d9a-962d-02d6a50d982e", "name": null, "subtype": "residential", "class": "detached", "height": 13.37, "num_floors": null, "surge_class": 6, "surge_ft": 5.5, "flood_active": false, "exposure_score": 0.165, "exposure_category": "low"}, "geometry": {"type": "Polygon", "coordinates": [[[-82.8197768, 27.9696193], [-82.8198412, 27.9695944], [-82.819878, 27.9696685], [-82.8199529, 27.9696396], [-82.8198792, 27.9694907], [-82.8198611, 27.9694977], [-82.8198568, 27.969489], [-82.819797, 27.9695121], [-82.8197729, 27.9694633], [-82.8196523, 27.9695098], [-82.8196928, 27.9695917], [-82.8197518, 27.9695689], [-82.8197768, 27.9696193]]]}}, {"id": "44", "type": "Feature", "properties": {"id": "c40e6c57-cf6d-4e9c-8870-2727bc1ba9fe", "name": null, "subtype": "residential", "class": "detached", "height": 19.74, "num_floors": null, "surge_class": 5, "surge_ft": 4.5, "flood_active": false, "exposure_score": 0.135, "exposure_category": "low"}, "geometry": {"type": "Polygon", "coordinates": [[[-82.8200356, 27.9696173], [-82.820125, 27.969583], [-82.8200307, 27.9693909], [-82.8198778, 27.9694494], [-82.8199569, 27.9696105], [-82.8200203, 27.9695862], [-82.8200356, 27.9696173]]]}}, {"id": "45", "type": "Feature", "properties": {"id": "0dcfac91-3513-4cee-bd6a-8e5b079727d5", "name": null, "subtype": "outbuilding", "class": "roof", "height": null, "num_floors": null, "surge_class": 0, "surge_ft": 0.0, "flood_active": false, "exposure_score": 0.0, "exposure_category": "none"}, "geometry": {"type": "Polygon", "coordinates": [[[-82.8199163, 27.96927], [-82.8199504, 27.9692568], [-82.8199078, 27.9691712], [-82.8198619, 27.969189], [-82.8198653, 27.9691958], [-82.8199045, 27.9692746], [-82.8199163, 27.96927]]]}}, {"id": "46", "type": "Feature", "properties": {"id": "f05d4f2b-0c8b-4165-b9d4-51dbbd38ff48", "name": null, "subtype": "outbuilding", "class": "roof", "height": 9.1, "num_floors": null, "surge_class": 0, "surge_ft": 0.0, "flood_active": false, "exposure_score": 0.0, "exposure_category": "none"}, "geometry": {"type": "Polygon", "coordinates": [[[-82.8196013, 27.9693102], [-82.819622, 27.9693488], [-82.8197253, 27.9693054], [-82.8197045, 27.9692668], [-82.8196013, 27.9693102]]]}}, {"id": "47", "type": "Feature", "properties": {"id": "7cfafed3-a0e7-4db6-bfe6-d10383eea632", "name": null, "subtype": "outbuilding", "class": "roof", "height": 10.02, "num_floors": null, "surge_class": 0, "surge_ft": 0.0, "flood_active": false, "exposure_score": 0.0, "exposure_category": "none"}, "geometry": {"type": "Polygon", "coordinates": [[[-82.8194651, 27.9695484], [-82.8194965, 27.9695147], [-82.819392, 27.9694387], [-82.819355, 27.9694784], [-82.8194595, 27.9695544], [-82.8194651, 27.9695484]]]}}, {"id": "48", "type": "Feature", "properties": {"id": "01f587b3-225a-48e3-877b-9ba7d3fc96e3", "name": null, "subtype": "residential", "class": "detached", "height": 19.71, "num_floors": null, "surge_class": 5, "surge_ft": 4.5, "flood_active": false, "exposure_score": 0.135, "exposure_category": "low"}, "geometry": {"type": "Polygon", "coordinates": [[[-82.8194578, 27.969751], [-82.8194684, 27.9697909], [-82.8195393, 27.9698247], [-82.8195714, 27.9698165], [-82.8195826, 27.969798], [-82.8196371, 27.9698239], [-82.81966, 27.9697863], [-82.8196755, 27.9697936], [-82.8197069, 27.9697421], [-82.8196915, 27.9697348], [-82.8197286, 27.9696738], [-82.8196591, 27.9696407], [-82.8196737, 27.9696168], [-82.8195913, 27.9695777], [-82.8195628, 27.9695856], [-82.8194578, 27.969751]]]}}, {"id": "49", "type": "Feature", "properties": {"id": "cb3d562c-6201-4e8e-bb68-38714ced2e54", "name": null, "subtype": "residential", "class": "detached", "height": 17.21, "num_floors": null, "surge_class": 6, "surge_ft": 5.5, "flood_active": false, "exposure_score": 0.165, "exposure_category": "low"}, "geometry": {"type": "Polygon", "coordinates": [[[-82.8195121, 27.9699993], [-82.819462, 27.9700346], [-82.8195314, 27.9701115], [-82.8197211, 27.9699781], [-82.8196747, 27.9699266], [-82.819635, 27.9699546], [-82.8196211, 27.9699044], [-82.819669, 27.9699081], [-82.8196753, 27.9698442], [-82.8195823, 27.9698371], [-82.8195309, 27.9698496], [-82.8195256, 27.9698325], [-82.8194978, 27.9698295], [-82.8194793, 27.9698454], [-82.8194846, 27.9698621], [-82.8194695, 27.9698658], [-82.8195121, 27.9699993]]]}}, {"id": "50", "type": "Feature", "properties": {"id": "ca5130e1-3622-4552-98df-70efdf4e265d", "name": null, "subtype": "outbuilding", "class": "roof", "height": 4.18281364440918, "num_floors": null, "surge_class": 0, "surge_ft": 0.0, "flood_active": false, "exposure_score": 0.0, "exposure_category": "none"}, "geometry": {"type": "Polygon", "coordinates": [[[-82.8192807, 27.9701143], [-82.8193053, 27.9701566], [-82.8194441, 27.9700936], [-82.8194195, 27.9700513], [-82.8194177, 27.9700521], [-82.8192851, 27.9701123], [-82.8192807, 27.9701143]]]}}, {"id": "51", "type": "Feature", "properties": {"id": "0f35918e-ec13-474f-a834-9c022997901b", "name": null, "subtype": null, "class": null, "height": 14.34, "num_floors": null, "surge_class": 5, "surge_ft": 4.5, "flood_active": false, "exposure_score": 0.135, "exposure_category": "low"}, "geometry": {"type": "Polygon", "coordinates": [[[-82.8190501, 27.9675463], [-82.8190492, 27.9675648], [-82.819049, 27.9675689], [-82.819152, 27.9675765], [-82.8191547, 27.9675525], [-82.8194417, 27.9675688], [-82.8194426, 27.9675861], [-82.8195597, 27.9675961], [-82.8195619, 27.9675766], [-82.819608, 27.9675781], [-82.8196199, 27.9674487], [-82.8189642, 27.967414], [-82.8189539, 27.9675245], [-82.8184412, 27.9674975], [-82.8184667, 27.9670199], [-82.8184492, 27.9670182], [-82.8184511, 27.9669891], [-82.8183232, 27.9669795], [-82.8183185, 27.9670246], [-82.8182776, 27.9670219], [-82.8182687, 27.9671218], [-82.8182958, 27.9671241], [-82.8182932, 27.967162], [-82.8183125, 27.9671643], [-82.81831, 27.9671999], [-82.8182883, 27.9671985], [-82.8182786, 27.9672971], [-82.8183044, 27.9673004], [-82.8183038, 27.9673326], [-82.8182883, 27.9673319], [-82.8182839, 27.9673753], [-82.8182534, 27.9673751], [-82.8182457, 27.9674676], [-82.8182722, 27.9674718], [-82.8182707, 27.9675174], [-82.8182964, 27.9675194], [-82.8182896, 27.9676145], [-82.8184251, 27.967626], [-82.8184248, 27.9676501], [-82.8185485, 27.9676614], [-82.8185514, 27.9676335], [-82.8188435, 27.9676521], [-82.8188432, 27.967669], [-82.8189589, 27.9676796], [-82.8189614, 27.9676548], [-82.8190018, 27.9676565], [-82.819011, 27.9675434], [-82.8190501, 27.9675463]]]}}, {"id": "52", "type": "Feature", "properties": {"id": "eb81e54b-11a8-4a4e-ab33-1e97fade11f8", "name": null, "subtype": null, "class": null, "height": 11.49, "num_floors": null, "surge_class": 5, "surge_ft": 4.5, "flood_active": false, "exposure_score": 0.135, "exposure_category": "low"}, "geometry": {"type": "Polygon", "coordinates": [[[-82.8184828, 27.9667812], [-82.8184753, 27.9669016], [-82.8187428, 27.9669145], [-82.8187502, 27.966794], [-82.8184828, 27.9667812]]]}}, {"id": "53", "type": "Feature", "properties": {"id": "7292fb49-5345-4ef1-b135-f4df0f5df37a", "name": null, "subtype": null, "class": null, "height": 33.55, "num_floors": null, "surge_class": 4, "surge_ft": 3.5, "flood_active": false, "exposure_score": 0.105, "exposure_category": "low"}, "geometry": {"type": "Polygon", "coordinates": [[[-82.8193637, 27.9668362], [-82.8193626, 27.9670185], [-82.8194174, 27.9670201], [-82.8194177, 27.9670326], [-82.8195166, 27.9670361], [-82.8195191, 27.967016], [-82.8195676, 27.9670174], [-82.8195714, 27.9669094], [-82.8196159, 27.9669103], [-82.8196189, 27.9668383], [-82.8196266, 27.9668385], [-82.8196306, 27.9667459], [-82.8196185, 27.9667448], [-82.8196182, 27.9665659], [-82.8195729, 27.9665644], [-82.8195726, 27.9665445], [-82.8194737, 27.9665402], [-82.8194715, 27.9665659], [-82.8194174, 27.9665663], [-82.8194152, 27.9666796], [-82.8193664, 27.9666798], [-82.8193635, 27.9667483], [-82.8193476, 27.9667483], [-82.8193443, 27.9668336], [-82.8193637, 27.9668362]]]}}, {"id": "54", "type": "Feature", "properties": {"id": "58247089-0979-45d2-8993-5a7c1bccf837", "name": "Chart House Suites on Clearwater Bay", "subtype": null, "class": null, "height": 19.18, "num_floors": null, "surge_class": 6, "surge_ft": 5.5, "flood_active": false, "exposure_score": 0.165, "exposure_category": "low"}, "geometry": {"type": "Polygon", "coordinates": [[[-82.8203119, 27.9673133], [-82.820259, 27.9673207], [-82.8202672, 27.9673672], [-82.8202755, 27.9674137], [-82.8202837, 27.9674602], [-82.820292, 27.9675067], [-82.8203449, 27.9674993], [-82.8203978, 27.9674919], [-82.8204507, 27.9674845], [-82.8205036, 27.9674771], [-82.8205565, 27.9674697], [-82.8206095, 27.9674623], [-82.8206012, 27.9674157], [-82.820593, 27.9673692], [-82.8205847, 27.9673227], [-82.8205765, 27.9672762], [-82.8205236, 27.9672836], [-82.8204706, 27.967291], [-82.8204624, 27.9672445], [-82.8203566, 27.9672594], [-82.8203037, 27.9672668], [-82.8203119, 27.9673133]]]}}, {"id": "55", "type": "Feature", "properties": {"id": "2471a805-a91a-4353-960c-2ffb39b9fa10", "name": null, "subtype": null, "class": null, "height": 34.56, "num_floors": null, "surge_class": 2, "surge_ft": 1.5, "flood_active": false, "exposure_score": 0.045, "exposure_category": "low"}, "geometry": {"type": "Polygon", "coordinates": [[[-82.8203571, 27.9668447], [-82.8203567, 27.9668885], [-82.8204268, 27.9668904], [-82.820429, 27.9669075], [-82.8205368, 27.966911], [-82.8205389, 27.9668885], [-82.8207353, 27.9668895], [-82.8207358, 27.9668459], [-82.8207674, 27.9668458], [-82.8207688, 27.9667511], [-82.8207379, 27.9667499], [-82.8207365, 27.9667109], [-82.8206146, 27.9667079], [-82.8206126, 27.9666635], [-82.8205448, 27.9666607], [-82.8205444, 27.9666422], [-82.8204902, 27.9666405], [-82.8204349, 27.9666387], [-82.8204334, 27.966654], [-82.8202364, 27.9666537], [-82.8202346, 27.9667109], [-82.8202176, 27.9667113], [-82.8202153, 27.9668009], [-82.8202364, 27.9668024], [-82.820238, 27.9668412], [-82.8203571, 27.9668447]]]}}, {"id": "56", "type": "Feature", "properties": {"id": "35e519c1-9948-4f57-9535-c91a2d394a41", "name": null, "subtype": "transportation", "class": "parking", "height": null, "num_floors": null, "surge_class": 3, "surge_ft": 2.5, "flood_active": false, "exposure_score": 0.075, "exposure_category": "low"}, "geometry": {"type": "Polygon", "coordinates": [[[-82.8202346, 27.9667109], [-82.8202364, 27.9666537], [-82.8202355, 27.966575], [-82.8201818, 27.9665745], [-82.8201813, 27.9665654], [-82.8201784, 27.9665126], [-82.8199894, 27.9665175], [-82.8198609, 27.9665208], [-82.8198611, 27.9665979], [-82.8198617, 27.9669455], [-82.8198618, 27.9669743], [-82.8202376, 27.9669717], [-82.820238, 27.9668412], [-82.8202364, 27.9668024], [-82.8202153, 27.9668009], [-82.8202176, 27.9667113], [-82.8202346, 27.9667109]]]}}, {"id": "57", "type": "Feature", "properties": {"id": "f2609c79-280d-42fa-b730-dc05df81ff17", "name": null, "subtype": null, "class": null, "height": 13.55, "num_floors": null, "surge_class": 5, "surge_ft": 4.5, "flood_active": false, "exposure_score": 0.135, "exposure_category": "low"}, "geometry": {"type": "Polygon", "coordinates": [[[-82.8196864, 27.9657952], [-82.8199392, 27.9657979], [-82.8200411, 27.965799], [-82.8200438, 27.9657766], [-82.8200921, 27.9657774], [-82.8200961, 27.9656669], [-82.8200465, 27.965664], [-82.820045, 27.9656432], [-82.8199606, 27.965639], [-82.8199598, 27.9656622], [-82.8199124, 27.9656623], [-82.8199102, 27.9656811], [-82.8198534, 27.9656805], [-82.8198529, 27.9656622], [-82.8197595, 27.9656585], [-82.8197585, 27.9656788], [-82.8197058, 27.9656783], [-82.8197041, 27.9656598], [-82.8196817, 27.9656583], [-82.8196812, 27.9656456], [-82.8195073, 27.9656426], [-82.8195057, 27.9656764], [-82.819451, 27.9656765], [-82.81945, 27.965693], [-82.8194108, 27.9656919], [-82.819407, 27.9657664], [-82.8193866, 27.9657672], [-82.8193834, 27.9658162], [-82.8193518, 27.9658172], [-82.8193477, 27.9659014], [-82.8193813, 27.9659032], [-82.8193776, 27.9661573], [-82.8193571, 27.966158], [-82.8193548, 27.9662473], [-82.8193732, 27.966249], [-82.819374, 27.9662923], [-82.81951, 27.9662983], [-82.8195112, 27.9662521], [-82.8195234, 27.9662511], [-82.8195272, 27.9660009], [-82.8195127, 27.9660005], [-82.8195147, 27.9657972], [-82.8195208, 27.9657957], [-82.8195232, 27.9657735], [-82.8196844, 27.9657758], [-82.8196864, 27.9657952]]]}}, {"id": "58", "type": "Feature", "properties": {"id": "21f37648-79bc-4602-ab25-d1c33ee9b8e5", "name": null, "subtype": "outbuilding", "class": "carport", "height": 17.83, "num_floors": null, "surge_class": 5, "surge_ft": 4.5, "flood_active": false, "exposure_score": 0.135, "exposure_category": "low"}, "geometry": {"type": "Polygon", "coordinates": [[[-82.8197152, 27.9661548], [-82.8198471, 27.9661572], [-82.819853, 27.9658949], [-82.8197211, 27.9658925], [-82.8197152, 27.9661548]]]}}, {"id": "59", "type": "Feature", "properties": {"id": "188ba3df-a27b-485d-a573-f8c5a0cf80f8", "name": null, "subtype": "outbuilding", "class": "carport", "height": 9.59, "num_floors": null, "surge_class": 5, "surge_ft": 4.5, "flood_active": false, "exposure_score": 0.135, "exposure_category": "low"}, "geometry": {"type": "Polygon", "coordinates": [[[-82.8199812, 27.9662198], [-82.8200434, 27.9662204], [-82.8200477, 27.9658901], [-82.8199861, 27.9658895], [-82.8199858, 27.9659067], [-82.8199274, 27.9659061], [-82.8199242, 27.9661531], [-82.819982, 27.9661537], [-82.8199812, 27.9662198]]]}}, {"id": "60", "type": "Feature", "properties": {"id": "4f02b46f-5122-4a3d-9b80-0ff437ad3088", "name": null, "subtype": null, "class": null, "height": 12.8, "num_floors": null, "surge_class": 4, "surge_ft": 3.5, "flood_active": false, "exposure_score": 0.105, "exposure_category": "low"}, "geometry": {"type": "Polygon", "coordinates": [[[-82.8202557, 27.9661085], [-82.8202792, 27.9661091], [-82.8203007, 27.9661097], [-82.8203028, 27.9661256], [-82.8206387, 27.9661315], [-82.82064, 27.9660972], [-82.8208908, 27.9660997], [-82.8208947, 27.9660119], [-82.8209122, 27.9660102], [-82.8209159, 27.9658461], [-82.8209337, 27.9658455], [-82.8209377, 27.965486], [-82.8207942, 27.9654813], [-82.820793, 27.9655286], [-82.8207674, 27.9655294], [-82.8207647, 27.9656119], [-82.8207915, 27.9656143], [-82.8207889, 27.9658674], [-82.820762, 27.9658671], [-82.8207586, 27.9659456], [-82.8207862, 27.9659473], [-82.8207862, 27.9659953], [-82.8207433, 27.9659942], [-82.8207423, 27.965974], [-82.8206547, 27.9659713], [-82.8206533, 27.9659953], [-82.8204026, 27.9659953], [-82.8204029, 27.9659764], [-82.8203034, 27.965971], [-82.8203027, 27.9659977], [-82.8202578, 27.9659972], [-82.8202557, 27.9661085]]]}}, {"id": "61", "type": "Feature", "properties": {"id": "0c7274b3-bc2f-48ca-a58c-153af063b4ac", "name": null, "subtype": null, "class": null, "height": 15.39, "num_floors": null, "surge_class": 6, "surge_ft": 5.5, "flood_active": false, "exposure_score": 0.165, "exposure_category": "low"}, "geometry": {"type": "Polygon", "coordinates": [[[-82.8188765, 27.9661065], [-82.8189714, 27.9662164], [-82.8190867, 27.9661349], [-82.8189918, 27.9660249], [-82.8188765, 27.9661065]]]}}, {"id": "62", "type": "Feature", "properties": {"id": "d2877c96-c128-4906-879c-69639880f91f", "name": null, "subtype": null, "class": null, "height": 17.91, "num_floors": null, "surge_class": 5, "surge_ft": 4.5, "flood_active": false, "exposure_score": 0.135, "exposure_category": "low"}, "geometry": {"type": "Polygon", "coordinates": [[[-82.8190713, 27.9663534], [-82.8191046, 27.9663307], [-82.819138, 27.9663081], [-82.8191113, 27.9662772], [-82.8190847, 27.9662463], [-82.8190513, 27.9662689], [-82.819018, 27.9662916], [-82.8190446, 27.9663225], [-82.8190713, 27.9663534]]]}}, {"id": "63", "type": "Feature", "properties": {"id": "5e4fb26b-bab7-495f-9943-54448c2aac7d", "name": null, "subtype": null, "class": null, "height": 13.93, "num_floors": null, "surge_class": 6, "surge_ft": 5.5, "flood_active": false, "exposure_score": 0.165, "exposure_category": "low"}, "geometry": {"type": "Polygon", "coordinates": [[[-82.8185221, 27.9666149], [-82.8187068, 27.9666241], [-82.8188678, 27.9666321], [-82.8188699, 27.9666123], [-82.8189053, 27.9666135], [-82.8189146, 27.966501], [-82.8188624, 27.9664968], [-82.8188627, 27.9664702], [-82.8187471, 27.9664628], [-82.8187433, 27.9664868], [-82.8186988, 27.9664859], [-82.8186952, 27.9665105], [-82.8186585, 27.9665097], [-82.8186589, 27.9664844], [-82.8184896, 27.9664735], [-82.8184848, 27.9665128], [-82.8184574, 27.9665128], [-82.8184564, 27.9664963], [-82.8183018, 27.9664884], [-82.8182961, 27.9665413], [-82.8182374, 27.9665388], [-82.8182338, 27.9665626], [-82.8182133, 27.9665622], [-82.8182085, 27.9666076], [-82.8181677, 27.9666057], [-82.8181628, 27.9666526], [-82.8181355, 27.9666525], [-82.8181277, 27.9667403], [-82.8181489, 27.9667429], [-82.8181491, 27.9667829], [-82.8181033, 27.9667822], [-82.8180935, 27.9669298], [-82.8181167, 27.9669322], [-82.818116, 27.9669795], [-82.8182401, 27.9669877], [-82.8182457, 27.9669393], [-82.8182643, 27.9669393], [-82.8182732, 27.9668184], [-82.8182938, 27.9668189], [-82.8183082, 27.9666242], [-82.8185191, 27.9666354], [-82.8185221, 27.9666149]]]}}, {"id": "64", "type": "Feature", "properties": {"id": "3e8dcaa7-36a0-4be7-bf8b-dfa3f6c5fe81", "name": null, "subtype": null, "class": null, "height": 29.96, "num_floors": null, "surge_class": 5, "surge_ft": 4.5, "flood_active": false, "exposure_score": 0.135, "exposure_category": "low"}, "geometry": {"type": "Polygon", "coordinates": [[[-82.8160846, 27.9795835], [-82.8160395, 27.9795877], [-82.8160366, 27.9795636], [-82.8160355, 27.9795637], [-82.8160363, 27.9795626], [-82.8160585, 27.9795602], [-82.8160495, 27.9794961], [-82.8160266, 27.9794986], [-82.8160206, 27.9794558], [-82.8161712, 27.9794393], [-82.8161578, 27.9793439], [-82.8160128, 27.9793598], [-82.8160077, 27.9793229], [-82.8160344, 27.97932], [-82.8160181, 27.9792017], [-82.8159893, 27.9792048], [-82.8159841, 27.9791672], [-82.8160059, 27.9791649], [-82.8159965, 27.9790952], [-82.8159739, 27.9790976], [-82.8159686, 27.9790576], [-82.8159932, 27.979055], [-82.8159849, 27.9789919], [-82.8158879, 27.9790018], [-82.815885, 27.9789793], [-82.8158214, 27.9789857], [-82.8158242, 27.9790075], [-82.815754, 27.9790145], [-82.8157615, 27.9790734], [-82.8157828, 27.9790713], [-82.8157888, 27.9791186], [-82.8157679, 27.9791207], [-82.8157756, 27.9791826], [-82.8157991, 27.9791803], [-82.8158051, 27.9792281], [-82.8157856, 27.97923], [-82.8157983, 27.9793328], [-82.8158208, 27.9793306], [-82.8158268, 27.9793796], [-82.8158068, 27.9793815], [-82.8158138, 27.9794392], [-82.8158349, 27.9794372], [-82.8158447, 27.9795176], [-82.815826, 27.9795194], [-82.8158338, 27.9795838], [-82.8159007, 27.9795774], [-82.8159141, 27.9796875], [-82.8160504, 27.9796745], [-82.8160455, 27.9796342], [-82.8160903, 27.97963], [-82.8160846, 27.9795835]]]}}, {"id": "65", "type": "Feature", "properties": {"id": "bb342557-eddf-4bea-a64c-c618ec3d3329", "name": null, "subtype": "outbuilding", "class": "carport", "height": null, "num_floors": null, "surge_class": 5, "surge_ft": 4.5, "flood_active": false, "exposure_score": 0.135, "exposure_category": "low"}, "geometry": {"type": "Polygon", "coordinates": [[[-82.8157436, 27.9789883], [-82.8162011, 27.9789509], [-82.8161952, 27.9788943], [-82.8157377, 27.9789316], [-82.8157436, 27.9789883]]]}}, {"id": "66", "type": "Feature", "properties": {"id": "706143d0-be0c-4ace-930f-641dff90c13c", "name": null, "subtype": "outbuilding", "class": "carport", "height": 18.42, "num_floors": null, "surge_class": 6, "surge_ft": 5.5, "flood_active": false, "exposure_score": 0.165, "exposure_category": "low"}, "geometry": {"type": "Polygon", "coordinates": [[[-82.8157221, 27.978808], [-82.8157284, 27.9788705], [-82.8161911, 27.9788341], [-82.8161848, 27.9787716], [-82.8157221, 27.978808]]]}}, {"id": "67", "type": "Feature", "properties": {"id": "aa209d28-c641-4917-8055-96a0adadc53c", "name": "Dolphin Harbor Condominiums", "subtype": null, "class": null, "height": 6.1641845703125, "num_floors": 7, "surge_class": 6, "surge_ft": 5.5, "flood_active": false, "exposure_score": 0.165, "exposure_category": "low"}, "geometry": {"type": "Polygon", "coordinates": [[[-82.8157998, 27.9783], [-82.8157278, 27.9783047], [-82.8157626, 27.9787272], [-82.8158345, 27.9787225], [-82.8160369, 27.9787095], [-82.8160321, 27.9786518], [-82.8160132, 27.978653], [-82.8160037, 27.9785384], [-82.816025, 27.978537], [-82.8160188, 27.978462], [-82.8159995, 27.9784633], [-82.8159905, 27.9783544], [-82.8160138, 27.9783529], [-82.8160083, 27.9782866], [-82.8157998, 27.9783]]]}}, {"id": "68", "type": "Feature", "properties": {"id": "a951d96b-e4ce-4195-8c80-7ebdd583c38c", "name": null, "subtype": null, "class": null, "height": 19.56, "num_floors": null, "surge_class": 7, "surge_ft": 6.5, "flood_active": false, "exposure_score": 0.195, "exposure_category": "low"}, "geometry": {"type": "Polygon", "coordinates": [[[-82.8163652, 27.9798713], [-82.8163091, 27.9798802], [-82.8163425, 27.9800488], [-82.8163981, 27.9800406], [-82.8163652, 27.9798713]]]}}, {"id": "69", "type": "Feature", "properties": {"id": "09c2c85b-98bc-41cd-8d34-572110df6254", "name": null, "subtype": null, "class": null, "height": 19.52, "num_floors": null, "surge_class": 7, "surge_ft": 6.5, "flood_active": false, "exposure_score": 0.195, "exposure_category": "low"}, "geometry": {"type": "Polygon", "coordinates": [[[-82.8163091, 27.9798802], [-82.8162592, 27.9798881], [-82.8162932, 27.9800561], [-82.8163425, 27.9800488], [-82.8163091, 27.9798802]]]}}, {"id": "70", "type": "Feature", "properties": {"id": "9e0e4380-660d-4168-b46c-9eff079f13ba", "name": null, "subtype": null, "class": null, "height": 19.44, "num_floors": null, "surge_class": 6, "surge_ft": 5.5, "flood_active": false, "exposure_score": 0.165, "exposure_category": "low"}, "geometry": {"type": "Polygon", "coordinates": [[[-82.8162355, 27.9798919], [-82.8162117, 27.9798957], [-82.816246, 27.9800631], [-82.8162696, 27.9800596], [-82.8162932, 27.9800561], [-82.8162592, 27.9798881], [-82.8162355, 27.9798919]]]}}, {"id": "71", "type": "Feature", "properties": {"id": "e98b2e8a-9043-45e5-a382-fd4f0752e96c", "name": null, "subtype": null, "class": null, "height": 16.4, "num_floors": null, "surge_class": 6, "surge_ft": 5.5, "flood_active": false, "exposure_score": 0.165, "exposure_category": "low"}, "geometry": {"type": "Polygon", "coordinates": [[[-82.8161711, 27.9799862], [-82.8161818, 27.9799844], [-82.8161985, 27.9800701], [-82.816246, 27.9800631], [-82.8162117, 27.9798957], [-82.8161529, 27.979905], [-82.8161639, 27.9799543], [-82.8161711, 27.9799862]]]}}, {"id": "72", "type": "Feature", "properties": {"id": "88005d9e-40df-4001-af14-70805844ec04", "name": null, "subtype": null, "class": null, "height": 15.65, "num_floors": null, "surge_class": 6, "surge_ft": 5.5, "flood_active": false, "exposure_score": 0.165, "exposure_category": "low"}, "geometry": {"type": "Polygon", "coordinates": [[[-82.8161639, 27.9799543], [-82.8161529, 27.979905], [-82.8159535, 27.9799367], [-82.8159623, 27.9799865], [-82.8160586, 27.9799711], [-82.8161639, 27.9799543]]]}}, {"id": "73", "type": "Feature", "properties": {"id": "41e981c9-77fc-4972-960d-2a68d9cfbd17", "name": null, "subtype": null, "class": null, "height": 15.82, "num_floors": null, "surge_class": 6, "surge_ft": 5.5, "flood_active": false, "exposure_score": 0.165, "exposure_category": "low"}, "geometry": {"type": "Polygon", "coordinates": [[[-82.8160586, 27.9799711], [-82.8159623, 27.9799865], [-82.8158944, 27.9799974], [-82.8159029, 27.9800375], [-82.8160669, 27.9800113], [-82.8160586, 27.9799711]]]}}, {"id": "74", "type": "Feature", "properties": {"id": "211cdadb-08a8-4fd1-8fd0-8607127daae0", "name": null, "subtype": null, "class": null, "height": 18.95, "num_floors": null, "surge_class": 6, "surge_ft": 5.5, "flood_active": false, "exposure_score": 0.165, "exposure_category": "low"}, "geometry": {"type": "Polygon", "coordinates": [[[-82.8159072, 27.9800581], [-82.8159116, 27.9800787], [-82.8160758, 27.980053], [-82.8160713, 27.9800321], [-82.8160669, 27.9800113], [-82.8159029, 27.9800375], [-82.8159072, 27.9800581]]]}}, {"id": "75", "type": "Feature", "properties": {"id": "e7ad1002-4f48-40d3-a79d-c301a3af6554", "name": null, "subtype": null, "class": null, "height": 18.92, "num_floors": null, "surge_class": 6, "surge_ft": 5.5, "flood_active": false, "exposure_score": 0.165, "exposure_category": "low"}, "geometry": {"type": "Polygon", "coordinates": [[[-82.8159199, 27.9801181], [-82.8160842, 27.9800923], [-82.81608, 27.9800726], [-82.8160758, 27.980053], [-82.8159116, 27.9800787], [-82.8159157, 27.9800984], [-82.8159199, 27.9801181]]]}}, {"id": "76", "type": "Feature", "properties": {"id": "5e6228e2-7f96-4728-95b4-513ed7faa36f", "name": null, "subtype": null, "class": null, "height": 18.91, "num_floors": null, "surge_class": 6, "surge_ft": 5.5, "flood_active": false, "exposure_score": 0.165, "exposure_category": "low"}, "geometry": {"type": "Polygon", "coordinates": [[[-82.81593, 27.9801661], [-82.8160939, 27.9801377], [-82.8160842, 27.9800923], [-82.8159199, 27.9801181], [-82.81593, 27.9801661]]]}}, {"id": "77", "type": "Feature", "properties": {"id": "568b64d0-916b-4a85-a029-91378b84e6c9", "name": null, "subtype": null, "class": null, "height": 18.15, "num_floors": null, "surge_class": 5, "surge_ft": 4.5, "flood_active": false, "exposure_score": 0.135, "exposure_category": "low"}, "geometry": {"type": "Polygon", "coordinates": [[[-82.8161879, 27.9807161], [-82.8161745, 27.9806598], [-82.8160689, 27.9806803], [-82.8160829, 27.9807374], [-82.8161879, 27.9807161]]]}}, {"id": "78", "type": "Feature", "properties": {"id": "24c25541-7c82-4f50-b1d1-82015d4efb5d", "name": null, "subtype": null, "class": null, "height": 14.9, "num_floors": null, "surge_class": 4, "surge_ft": 3.5, "flood_active": false, "exposure_score": 0.105, "exposure_category": "low"}, "geometry": {"type": "Polygon", "coordinates": [[[-82.8160039, 27.9805352], [-82.8160888, 27.980602], [-82.8162115, 27.9804781], [-82.8163083, 27.9805543], [-82.8163805, 27.9804811], [-82.8162345, 27.9803666], [-82.8163363, 27.9802635], [-82.8162566, 27.9802011], [-82.8161368, 27.9803221], [-82.8160395, 27.9802458], [-82.8159596, 27.9803266], [-82.8161009, 27.9804374], [-82.8160039, 27.9805352]]]}}, {"id": "79", "type": "Feature", "properties": {"id": "a39c9eab-bff3-4a45-9fe0-164fae23b7a8", "name": null, "subtype": null, "class": null, "height": 16.24, "num_floors": null, "surge_class": 6, "surge_ft": 5.5, "flood_active": false, "exposure_score": 0.165, "exposure_category": "low"}, "geometry": {"type": "Polygon", "coordinates": [[[-82.8163498, 27.9806896], [-82.8163543, 27.9807065], [-82.8163713, 27.9807697], [-82.816423, 27.98076], [-82.8164184, 27.9807439], [-82.8164, 27.9806799], [-82.8163498, 27.9806896]]]}}, {"id": "80", "type": "Feature", "properties": {"id": "a2a1ceff-e12c-4cc7-9d0e-bda5c0056e9b", "name": null, "subtype": null, "class": null, "height": 16.52, "num_floors": null, "surge_class": 6, "surge_ft": 5.5, "flood_active": false, "exposure_score": 0.165, "exposure_category": "low"}, "geometry": {"type": "Polygon", "coordinates": [[[-82.8164713, 27.9807128], [-82.8164562, 27.9806554], [-82.8163972, 27.9806663], [-82.8164184, 27.9807439], [-82.8164765, 27.9807324], [-82.8164713, 27.9807128]]]}}, {"id": "81", "type": "Feature", "properties": {"id": "9e8564ac-113a-45c7-8d66-b66921d00b64", "name": null, "subtype": null, "class": null, "height": 16.45, "num_floors": null, "surge_class": 6, "surge_ft": 5.5, "flood_active": false, "exposure_score": 0.165, "exposure_category": "low"}, "geometry": {"type": "Polygon", "coordinates": [[[-82.8164496, 27.9806304], [-82.8164562, 27.9806554], [-82.8164713, 27.9807128], [-82.8165339, 27.9806999], [-82.8165146, 27.9806178], [-82.8164496, 27.9806304]]]}}, {"id": "82", "type": "Feature", "properties": {"id": "c289aa6b-a8b2-487b-9e3e-a845a7b0a7bc", "name": null, "subtype": null, "class": null, "height": 16.39, "num_floors": null, "surge_class": 4, "surge_ft": 3.5, "flood_active": false, "exposure_score": 0.105, "exposure_category": "low"}, "geometry": {"type": "Polygon", "coordinates": [[[-82.8169958, 27.9797247], [-82.816895, 27.9797436], [-82.8167969, 27.9797623], [-82.816902, 27.9801984], [-82.81699, 27.9801829], [-82.8171, 27.980162], [-82.8170913, 27.9801203], [-82.8169958, 27.9797247]]]}}, {"id": "83", "type": "Feature", "properties": {"id": "18cc60dc-dd6c-4e65-a10b-925a6ca8552c", "name": null, "subtype": null, "class": null, "height": 18.54, "num_floors": null, "surge_class": 4, "surge_ft": 3.5, "flood_active": false, "exposure_score": 0.105, "exposure_category": "low"}, "geometry": {"type": "Polygon", "coordinates": [[[-82.8173471, 27.9799928], [-82.8171858, 27.9800166], [-82.8172159, 27.9801906], [-82.8173772, 27.980168], [-82.8173471, 27.9799928]]]}}, {"id": "84", "type": "Feature", "properties": {"id": "30709d47-ca8d-4404-a388-cf1535dbb2be", "name": null, "subtype": null, "class": null, "height": 16.27, "num_floors": null, "surge_class": 4, "surge_ft": 3.5, "flood_active": false, "exposure_score": 0.105, "exposure_category": "low"}, "geometry": {"type": "Polygon", "coordinates": [[[-82.8171566, 27.9798981], [-82.8172043, 27.9798912], [-82.8176496, 27.9798166], [-82.81763, 27.979718], [-82.8176129, 27.9796375], [-82.8175637, 27.9796453], [-82.8171212, 27.9797195], [-82.817128, 27.979763], [-82.8171354, 27.9797986], [-82.8171566, 27.9798981]]]}}, {"id": "85", "type": "Feature", "properties": {"id": "2c7b4871-bb06-4b93-9414-8c727d95d386", "name": null, "subtype": null, "class": null, "height": 20.06, "num_floors": null, "surge_class": 4, "surge_ft": 3.5, "flood_active": false, "exposure_score": 0.105, "exposure_category": "low"}, "geometry": {"type": "Polygon", "coordinates": [[[-82.8170694, 27.9802858], [-82.8171215, 27.9804593], [-82.81742, 27.9803887], [-82.8173689, 27.980217], [-82.8170694, 27.9802858]]]}}, {"id": "86", "type": "Feature", "properties": {"id": "a0dd3bdd-2902-403a-a12b-c4bc899f9930", "name": null, "subtype": null, "class": null, "height": 16.05, "num_floors": null, "surge_class": 3, "surge_ft": 2.5, "flood_active": false, "exposure_score": 0.075, "exposure_category": "low"}, "geometry": {"type": "Polygon", "coordinates": [[[-82.8175836, 27.9806619], [-82.8176107, 27.9807672], [-82.8178547, 27.9807155], [-82.817815, 27.9805555], [-82.8175087, 27.9806205], [-82.8174788, 27.9805129], [-82.817144, 27.9805843], [-82.8171836, 27.980745], [-82.8175836, 27.9806619]]]}}, {"id": "87", "type": "Feature", "properties": {"id": "8f12622b-f6e8-4497-b802-263615bdcdf4", "name": null, "subtype": null, "class": null, "height": 15.81, "num_floors": null, "surge_class": 4, "surge_ft": 3.5, "flood_active": false, "exposure_score": 0.105, "exposure_category": "low"}, "geometry": {"type": "Polygon", "coordinates": [[[-82.817658, 27.9799259], [-82.8174636, 27.9799616], [-82.817591, 27.9804659], [-82.8177849, 27.9804312], [-82.817658, 27.9799259]]]}}, {"id": "88", "type": "Feature", "properties": {"id": "1c9fa7cf-90aa-43f2-9347-e67136cf8607", "name": null, "subtype": null, "class": null, "height": 12.71, "num_floors": null, "surge_class": 2, "surge_ft": 1.5, "flood_active": false, "exposure_score": 0.045, "exposure_category": "low"}, "geometry": {"type": "Polygon", "coordinates": [[[-82.8184177, 27.9804288], [-82.8184041, 27.9803725], [-82.8181365, 27.9804279], [-82.8181496, 27.980481], [-82.8184177, 27.9804288]]]}}, {"id": "89", "type": "Feature", "properties": {"id": "929d4969-bb30-4c95-8b12-ed9ca7747bec", "name": null, "subtype": null, "class": null, "height": 12.68, "num_floors": null, "surge_class": 2, "surge_ft": 1.5, "flood_active": false, "exposure_score": 0.045, "exposure_category": "low"}, "geometry": {"type": "Polygon", "coordinates": [[[-82.8184331, 27.9804921], [-82.8184177, 27.9804288], [-82.8181496, 27.980481], [-82.8181658, 27.9805467], [-82.8184331, 27.9804921]]]}}, {"id": "90", "type": "Feature", "properties": {"id": "e6c1969f-3f71-4b17-be71-20e0a72b2551", "name": null, "subtype": null, "class": null, "height": 12.68, "num_floors": null, "surge_class": 2, "surge_ft": 1.5, "flood_active": false, "exposure_score": 0.045, "exposure_category": "low"}, "geometry": {"type": "Polygon", "coordinates": [[[-82.8181729, 27.9805755], [-82.8181801, 27.9806043], [-82.8184466, 27.9805479], [-82.8184398, 27.98052], [-82.8184331, 27.9804921], [-82.8181658, 27.9805467], [-82.8181729, 27.9805755]]]}}, {"id": "91", "type": "Feature", "properties": {"id": "9807842a-ca35-4e4a-829e-9143066e99ff", "name": null, "subtype": null, "class": null, "height": 12.73, "num_floors": null, "surge_class": 4, "surge_ft": 3.5, "flood_active": false, "exposure_score": 0.105, "exposure_category": "low"}, "geometry": {"type": "Polygon", "coordinates": [[[-82.8181801, 27.9806043], [-82.8181876, 27.9806349], [-82.8181952, 27.9806655], [-82.818461, 27.9806076], [-82.8184538, 27.9805777], [-82.8184466, 27.9805479], [-82.8181801, 27.9806043]]]}}, {"id": "92", "type": "Feature", "properties": {"id": "a5ee913a-7d8f-4c77-a57a-8e8e1b5c7a1a", "name": null, "subtype": null, "class": null, "height": 12.84, "num_floors": null, "surge_class": 4, "surge_ft": 3.5, "flood_active": false, "exposure_score": 0.105, "exposure_category": "low"}, "geometry": {"type": "Polygon", "coordinates": [[[-82.8181952, 27.9806655], [-82.8182034, 27.9806986], [-82.8182116, 27.9807318], [-82.8184769, 27.9806731], [-82.8184689, 27.9806404], [-82.818461, 27.9806076], [-82.8181952, 27.9806655]]]}}, {"id": "93", "type": "Feature", "properties": {"id": "21d3ff65-e9be-481a-a066-7ba264cf7089", "name": null, "subtype": null, "class": null, "height": 12.97, "num_floors": null, "surge_class": 5, "surge_ft": 4.5, "flood_active": false, "exposure_score": 0.135, "exposure_category": "low"}, "geometry": {"type": "Polygon", "coordinates": [[[-82.8184769, 27.9806731], [-82.8182116, 27.9807318], [-82.818225, 27.9807858], [-82.8184905, 27.9807294], [-82.8184769, 27.9806731]]]}}, {"id": "94", "type": "Feature", "properties": {"id": "62c2f1e6-61ed-4abc-b09a-bcdf2680397e", "name": null, "subtype": null, "class": null, "height": 18.42, "num_floors": null, "surge_class": 4, "surge_ft": 3.5, "flood_active": false, "exposure_score": 0.105, "exposure_category": "low"}, "geometry": {"type": "Polygon", "coordinates": [[[-82.818684, 27.9803716], [-82.818673, 27.980301], [-82.8185025, 27.980322], [-82.8185513, 27.9806169], [-82.8186833, 27.9805986], [-82.8186452, 27.9803758], [-82.818684, 27.9803716]]]}}, {"id": "95", "type": "Feature", "properties": {"id": "9c016e37-a999-4c17-baf4-b261a4cf782a", "name": null, "subtype": null, "class": null, "height": 11.72, "num_floors": null, "surge_class": 4, "surge_ft": 3.5, "flood_active": false, "exposure_score": 0.105, "exposure_category": "low"}, "geometry": {"type": "Polygon", "coordinates": [[[-82.8180644, 27.9798535], [-82.8180001, 27.9798658], [-82.8180372, 27.9800407], [-82.8180197, 27.9800454], [-82.8180385, 27.9801231], [-82.8181255, 27.9801065], [-82.8181153, 27.9800644], [-82.8182024, 27.9800478], [-82.8181616, 27.9798791], [-82.8180746, 27.9798957], [-82.8180644, 27.9798535]]]}}, {"id": "96", "type": "Feature", "properties": {"id": "2c5aa435-f382-4ed3-a502-808feed6cdbf", "name": null, "subtype": "religious", "class": "church", "height": 10.51, "num_floors": null, "surge_class": 0, "surge_ft": 0.0, "flood_active": false, "exposure_score": 0.0, "exposure_category": "none"}, "geometry": {"type": "Polygon", "coordinates": [[[-82.818333, 27.9790862], [-82.8183975, 27.9790779], [-82.8183634, 27.9788481], [-82.8183978, 27.9788422], [-82.8183801, 27.9787249], [-82.8183974, 27.9787223], [-82.8183859, 27.9786326], [-82.8183625, 27.9786338], [-82.8183427, 27.978507], [-82.8182257, 27.9785206], [-82.8182204, 27.9784935], [-82.8181426, 27.9785021], [-82.8181842, 27.978796], [-82.8180889, 27.9788093], [-82.8180583, 27.9786184], [-82.8179468, 27.9786294], [-82.8179739, 27.9788244], [-82.8179521, 27.9788281], [-82.817955, 27.97886], [-82.817979, 27.9788587], [-82.817993, 27.9789571], [-82.8180406, 27.9789539], [-82.8180579, 27.9790826], [-82.8181613, 27.9790719], [-82.8181689, 27.9791158], [-82.8182177, 27.9791118], [-82.8182225, 27.9791364], [-82.8182259, 27.9791537], [-82.8183384, 27.9791414], [-82.8183366, 27.9791227], [-82.818333, 27.9790862]]]}}, {"id": "97", "type": "Feature", "properties": {"id": "cc7b2ede-529a-4dd6-898c-695bb6b7db14", "name": null, "subtype": null, "class": null, "height": 15.19, "num_floors": null, "surge_class": 3, "surge_ft": 2.5, "flood_active": false, "exposure_score": 0.075, "exposure_category": "low"}, "geometry": {"type": "Polygon", "coordinates": [[[-82.8170056, 27.9785625], [-82.8173901, 27.9785324], [-82.817345, 27.9780827], [-82.8174327, 27.9780758], [-82.8174268, 27.9780169], [-82.8173394, 27.9780237], [-82.8173379, 27.9780084], [-82.8169364, 27.9780358], [-82.8169568, 27.9782358], [-82.8169976, 27.9782326], [-82.8170227, 27.9785051], [-82.817, 27.9785069], [-82.8170056, 27.9785625]]]}}, {"id": "98", "type": "Feature", "properties": {"id": "03bd0dfc-0685-4ee7-b5c2-c8d61a429f60", "name": "Publix", "subtype": "commercial", "class": "commercial", "height": 11.45, "num_floors": null, "surge_class": 3, "surge_ft": 2.5, "flood_active": false, "exposure_score": 0.075, "exposure_category": "low"}, "geometry": {"type": "Polygon", "coordinates": [[[-82.8169688, 27.9786929], [-82.8169847, 27.9786917], [-82.8170365, 27.979239], [-82.8175275, 27.9792028], [-82.8175095, 27.9790127], [-82.8173965, 27.979021], [-82.8173636, 27.9786732], [-82.8174162, 27.9786693], [-82.8174102, 27.9786062], [-82.8173624, 27.9786098], [-82.8173589, 27.9785728], [-82.8171047, 27.9785916], [-82.8171016, 27.9785587], [-82.816972, 27.9785683], [-82.8169739, 27.9785889], [-82.816885, 27.9785955], [-82.8168904, 27.9786526], [-82.8168948, 27.9786984], [-82.8169688, 27.9786929]]]}}, {"id": "99", "type": "Feature", "properties": {"id": "80c172da-7953-4b37-9b67-45fcf53a9f9b", "name": null, "subtype": null, "class": null, "height": 12.61, "num_floors": null, "surge_class": 5, "surge_ft": 4.5, "flood_active": false, "exposure_score": 0.135, "exposure_category": "low"}, "geometry": {"type": "Polygon", "coordinates": [[[-82.8169552, 27.9777392], [-82.8169557, 27.9777035], [-82.8167371, 27.9777013], [-82.8167357, 27.9778179], [-82.8169348, 27.9778198], [-82.8169358, 27.977739], [-82.8169552, 27.9777392]]]}}, {"id": "100", "type": "Feature", "properties": {"id": "49ce69b5-f035-4258-8c57-e3048354d773", "name": "Fifth Third Bank", "subtype": null, "class": null, "height": 14.42, "num_floors": null, "surge_class": 4, "surge_ft": 3.5, "flood_active": false, "exposure_score": 0.105, "exposure_category": "low"}, "geometry": {"type": "Polygon", "coordinates": [[[-82.8166206, 27.9775026], [-82.8167473, 27.977621], [-82.8167871, 27.9775864], [-82.8168215, 27.9776183], [-82.8168868, 27.9775619], [-82.8168516, 27.9775291], [-82.8168845, 27.9775004], [-82.8168523, 27.9774704], [-82.8168686, 27.9774562], [-82.8168233, 27.9774138], [-82.8168058, 27.977429], [-82.8167556, 27.9773818], [-82.8167139, 27.977418], [-82.8166977, 27.9774029], [-82.816643, 27.9774505], [-82.8166612, 27.9774674], [-82.8166206, 27.9775026]]]}}, {"id": "101", "type": "Feature", "properties": {"id": "0fa69bc1-0a9c-4680-97f9-2a9ebd6b6698", "name": "Mobil", "subtype": "outbuilding", "class": "roof", "height": null, "num_floors": null, "surge_class": 6, "surge_ft": 5.5, "flood_active": false, "exposure_score": 0.165, "exposure_category": "low"}, "geometry": {"type": "Polygon", "coordinates": [[[-82.8166088, 27.9768094], [-82.8165901, 27.9768878], [-82.8166451, 27.9768984], [-82.8167414, 27.976917], [-82.8167609, 27.9768437], [-82.8167622, 27.9768378], [-82.8166567, 27.9768183], [-82.8166088, 27.9768094]]]}}, {"id": "102", "type": "Feature", "properties": {"id": "9828088a-b589-436c-9385-c61f795edc02", "name": null, "subtype": null, "class": null, "height": 4.817920207977295, "num_floors": null, "surge_class": 6, "surge_ft": 5.5, "flood_active": false, "exposure_score": 0.165, "exposure_category": "low"}, "geometry": {"type": "Polygon", "coordinates": [[[-82.8167138, 27.9770206], [-82.8168111, 27.9770408], [-82.8168583, 27.9768639], [-82.8167609, 27.9768437], [-82.8167414, 27.976917], [-82.8167138, 27.9770206]]]}}, {"id": "103", "type": "Feature", "properties": {"id": "e965625d-c58c-4e1f-b5d6-3da6cab70512", "name": null, "subtype": null, "class": null, "height": 11.97, "num_floors": null, "surge_class": 6, "surge_ft": 5.5, "flood_active": false, "exposure_score": 0.165, "exposure_category": "low"}, "geometry": {"type": "Polygon", "coordinates": [[[-82.8173334, 27.977468], [-82.8174464, 27.977461], [-82.8174453, 27.9774478], [-82.8174771, 27.9774458], [-82.8174665, 27.9773122], [-82.8174349, 27.9773142], [-82.8174337, 27.9772992], [-82.8173205, 27.9773062], [-82.8173334, 27.977468]]]}}, {"id": "104", "type": "Feature", "properties": {"id": "8eae41ec-edac-42b7-8433-87112fe1ea2c", "name": "US Post", "subtype": "civic", "class": "post_office", "height": 18.03, "num_floors": null, "surge_class": 5, "surge_ft": 4.5, "flood_active": false, "exposure_score": 0.135, "exposure_category": "low"}, "geometry": {"type": "Polygon", "coordinates": [[[-82.8170854, 27.9776399], [-82.8170892, 27.9777664], [-82.8173823, 27.9777596], [-82.8173834, 27.9777928], [-82.8173838, 27.9778065], [-82.8174238, 27.9778056], [-82.8174234, 27.9777924], [-82.8174223, 27.9777582], [-82.8174774, 27.977757], [-82.8174736, 27.9776308], [-82.8170854, 27.9776399]]]}}, {"id": "105", "type": "Feature", "properties": {"id": "9a3a4592-538d-4fd3-9725-d62e76c00e66", "name": null, "subtype": null, "class": null, "height": 15.97, "num_floors": null, "surge_class": 5, "surge_ft": 4.5, "flood_active": false, "exposure_score": 0.135, "exposure_category": "low"}, "geometry": {"type": "Polygon", "coordinates": [[[-82.8177288, 27.9776626], [-82.8178416, 27.977691], [-82.8178763, 27.9775745], [-82.8177637, 27.977548], [-82.8177288, 27.9776626]]]}}, {"id": "106", "type": "Feature", "properties": {"id": "26c52935-5714-468e-a77f-9e33feee9d7b", "name": null, "subtype": null, "class": null, "height": 15.15, "num_floors": null, "surge_class": 5, "surge_ft": 4.5, "flood_active": false, "exposure_score": 0.135, "exposure_category": "low"}, "geometry": {"type": "Polygon", "coordinates": [[[-82.8178628, 27.9776232], [-82.8178416, 27.977691], [-82.8178271, 27.9777374], [-82.8179008, 27.9777561], [-82.817918, 27.9776973], [-82.8179347, 27.9776404], [-82.8178628, 27.9776232]]]}}, {"id": "107", "type": "Feature", "properties": {"id": "3b2f5969-f119-4166-a21c-4a6f1f3f19e0", "name": null, "subtype": null, "class": null, "height": 15.43, "num_floors": null, "surge_class": 4, "surge_ft": 3.5, "flood_active": false, "exposure_score": 0.105, "exposure_category": "low"}, "geometry": {"type": "Polygon", "coordinates": [[[-82.8179347, 27.9776404], [-82.817918, 27.9776973], [-82.818001, 27.9777192], [-82.8180384, 27.9775936], [-82.8179546, 27.9775722], [-82.8179347, 27.9776404]]]}}, {"id": "108", "type": "Feature", "properties": {"id": "194da0f9-c53e-45fb-a017-a84a17d1c543", "name": null, "subtype": null, "class": null, "height": 17.54, "num_floors": null, "surge_class": 4, "surge_ft": 3.5, "flood_active": false, "exposure_score": 0.105, "exposure_category": "low"}, "geometry": {"type": "Polygon", "coordinates": [[[-82.8183231, 27.9777941], [-82.8182503, 27.9777427], [-82.8181469, 27.9778515], [-82.8182232, 27.9779055], [-82.8183231, 27.9777941]]]}}, {"id": "109", "type": "Feature", "properties": {"id": "b1ed9aa3-0f2e-4b96-a11c-1d629f25a375", "name": null, "subtype": null, "class": null, "height": 15.25, "num_floors": null, "surge_class": 4, "surge_ft": 3.5, "flood_active": false, "exposure_score": 0.105, "exposure_category": "low"}, "geometry": {"type": "Polygon", "coordinates": [[[-82.8183547, 27.9779705], [-82.8183872, 27.9780332], [-82.8184996, 27.9779894], [-82.818469, 27.9779275], [-82.8183547, 27.9779705]]]}}, {"id": "110", "type": "Feature", "properties": {"id": "497cca2e-9c5e-4f11-81ee-b08419a28680", "name": null, "subtype": null, "class": null, "height": 16.14, "num_floors": null, "surge_class": 6, "surge_ft": 5.5, "flood_active": false, "exposure_score": 0.165, "exposure_category": "low"}, "geometry": {"type": "Polygon", "coordinates": [[[-82.818612, 27.9780256], [-82.8184687, 27.9780809], [-82.8185086, 27.9781578], [-82.8186505, 27.9780997], [-82.818612, 27.9780256]]]}}, {"id": "111", "type": "Feature", "properties": {"id": "2390312d-262a-4fe3-8c3f-c7b30bc51a47", "name": null, "subtype": null, "class": null, "height": 15.02, "num_floors": null, "surge_class": 5, "surge_ft": 4.5, "flood_active": false, "exposure_score": 0.135, "exposure_category": "low"}, "geometry": {"type": "Polygon", "coordinates": [[[-82.8184996, 27.9779894], [-82.8183872, 27.9780332], [-82.8183867, 27.9780334], [-82.8184191, 27.9780969], [-82.8185634, 27.9780439], [-82.8185289, 27.977978], [-82.8184996, 27.9779894]]]}}, {"id": "112", "type": "Feature", "properties": {"id": "356dffe1-c588-43fc-a411-2973b4bf89c7", "name": null, "subtype": null, "class": null, "height": 15.9, "num_floors": null, "surge_class": 5, "surge_ft": 4.5, "flood_active": false, "exposure_score": 0.135, "exposure_category": "low"}, "geometry": {"type": "Polygon", "coordinates": [[[-82.8183815, 27.9779131], [-82.8183603, 27.9778723], [-82.8182657, 27.977911], [-82.8183061, 27.9779887], [-82.8184492, 27.977933], [-82.8184288, 27.9778937], [-82.8183815, 27.9779131]]]}}, {"id": "113", "type": "Feature", "properties": {"id": "0c792c2f-dda3-4607-9dd4-77dcca930d50", "name": null, "subtype": null, "class": null, "height": 15.53, "num_floors": null, "surge_class": 6, "surge_ft": 5.5, "flood_active": false, "exposure_score": 0.165, "exposure_category": "low"}, "geometry": {"type": "Polygon", "coordinates": [[[-82.8183881, 27.9776923], [-82.8184191, 27.9777561], [-82.8185436, 27.9777122], [-82.8185112, 27.9776455], [-82.8183881, 27.9776923]]]}}, {"id": "114", "type": "Feature", "properties": {"id": "e590f7e4-5f65-4ffd-8d59-3b01176b9003", "name": null, "subtype": null, "class": null, "height": 15.52, "num_floors": null, "surge_class": 3, "surge_ft": 2.5, "flood_active": false, "exposure_score": 0.075, "exposure_category": "low"}, "geometry": {"type": "Polygon", "coordinates": [[[-82.818466, 27.977741], [-82.8184978, 27.9778076], [-82.8186174, 27.9777636], [-82.8185856, 27.9776979], [-82.818466, 27.977741]]]}}, {"id": "115", "type": "Feature", "properties": {"id": "a13b2a93-9d94-4731-aea1-eb04e19717ec", "name": null, "subtype": null, "class": null, "height": 15.91, "num_floors": null, "surge_class": 2, "surge_ft": 1.5, "flood_active": false, "exposure_score": 0.045, "exposure_category": "low"}, "geometry": {"type": "Polygon", "coordinates": [[[-82.8182703, 27.9776151], [-82.8182702, 27.9776152], [-82.8183194, 27.9776767], [-82.8184289, 27.9776037], [-82.8183785, 27.9775418], [-82.8182703, 27.9776151]]]}}, {"id": "116", "type": "Feature", "properties": {"id": "0bd43c55-40a5-4747-a29f-b1996339a471", "name": null, "subtype": null, "class": null, "height": 16.55, "num_floors": null, "surge_class": 2, "surge_ft": 1.5, "flood_active": false, "exposure_score": 0.045, "exposure_category": "low"}, "geometry": {"type": "Polygon", "coordinates": [[[-82.8182014, 27.9775697], [-82.8182256, 27.9775994], [-82.8182498, 27.9776291], [-82.8182702, 27.9776152], [-82.8182703, 27.9776151], [-82.8183588, 27.9775545], [-82.8183347, 27.9775249], [-82.8183107, 27.9774954], [-82.8182906, 27.977509], [-82.8182014, 27.9775697]]]}}, {"id": "117", "type": "Feature", "properties": {"id": "2a029466-22b0-4a2a-86f4-a60cd51b141f", "name": null, "subtype": null, "class": null, "height": 17.54, "num_floors": null, "surge_class": 4, "surge_ft": 3.5, "flood_active": false, "exposure_score": 0.105, "exposure_category": "low"}, "geometry": {"type": "Polygon", "coordinates": [[[-82.8181159, 27.9778296], [-82.8181469, 27.9778515], [-82.8182503, 27.9777427], [-82.8182184, 27.9777202], [-82.8181866, 27.9776977], [-82.818085, 27.9778078], [-82.8181159, 27.9778296]]]}}, {"id": "118", "type": "Feature", "properties": {"id": "17df6332-0fa1-4428-a96e-224f10bc0569", "name": null, "subtype": null, "class": null, "height": 17.51, "num_floors": null, "surge_class": 4, "surge_ft": 3.5, "flood_active": false, "exposure_score": 0.105, "exposure_category": "low"}, "geometry": {"type": "Polygon", "coordinates": [[[-82.8181196, 27.9776504], [-82.8180198, 27.9777617], [-82.818085, 27.9778078], [-82.8181866, 27.9776977], [-82.8181196, 27.9776504]]]}}, {"id": "119", "type": "Feature", "properties": {"id": "cf7f6007-6210-4de2-9550-aec668e35cbc", "name": null, "subtype": null, "class": null, "height": 14.9, "num_floors": null, "surge_class": 3, "surge_ft": 2.5, "flood_active": false, "exposure_score": 0.075, "exposure_category": "low"}, "geometry": {"type": "Polygon", "coordinates": [[[-82.818183, 27.9775812], [-82.8182906, 27.977509], [-82.8182174, 27.9774226], [-82.8181594, 27.977461], [-82.8181797, 27.9774858], [-82.8181308, 27.9775182], [-82.818183, 27.9775812]]]}}, {"id": "120", "type": "Feature", "properties": {"id": "1160a237-cfcd-4e4a-935e-680e7d8cc310", "name": null, "subtype": "transportation", "class": "parking", "height": null, "num_floors": null, "surge_class": 5, "surge_ft": 4.5, "flood_active": false, "exposure_score": 0.135, "exposure_category": "low"}, "geometry": {"type": "Polygon", "coordinates": [[[-82.8173318, 27.9769737], [-82.8174292, 27.9770435], [-82.8183515, 27.9770599], [-82.81848, 27.9771484], [-82.8184876, 27.9772095], [-82.8186969, 27.9773615], [-82.8189288, 27.977116], [-82.8189217, 27.9771071], [-82.818964, 27.9770697], [-82.8188661, 27.9769931], [-82.8188283, 27.9770377], [-82.818681, 27.9769251], [-82.8186977, 27.9769073], [-82.8185513, 27.9767966], [-82.8185003, 27.9768598], [-82.8183949, 27.9767878], [-82.8184213, 27.9767532], [-82.8179132, 27.9763717], [-82.8173318, 27.9769737]]]}}, {"id": "121", "type": "Feature", "properties": {"id": "83222c9e-81ac-4c2c-b7d0-e25d8cb87e4c", "name": null, "subtype": null, "class": null, "height": 16.8, "num_floors": null, "surge_class": 2, "surge_ft": 1.5, "flood_active": false, "exposure_score": 0.045, "exposure_category": "low"}, "geometry": {"type": "Polygon", "coordinates": [[[-82.8180471, 27.9773983], [-82.818013, 27.9775105], [-82.8180973, 27.9775317], [-82.8181373, 27.9774012], [-82.8180527, 27.9773796], [-82.8180471, 27.9773983]]]}}, {"id": "122", "type": "Feature", "properties": {"id": "9c5b2ca4-3d86-49df-8105-e839e7151537", "name": null, "subtype": null, "class": null, "height": 15.44, "num_floors": null, "surge_class": 1, "surge_ft": 0.5, "flood_active": false, "exposure_score": 0.015, "exposure_category": "low"}, "geometry": {"type": "Polygon", "coordinates": [[[-82.8179624, 27.9774008], [-82.8179332, 27.9774905], [-82.818013, 27.9775105], [-82.8180471, 27.9773983], [-82.8179693, 27.9773794], [-82.8179624, 27.9774008]]]}}, {"id": "123", "type": "Feature", "properties": {"id": "bc8b1300-3725-4abd-b16a-33ece5575e6d", "name": null, "subtype": null, "class": null, "height": 15.28, "num_floors": null, "surge_class": 1, "surge_ft": 0.5, "flood_active": false, "exposure_score": 0.015, "exposure_category": "low"}, "geometry": {"type": "Polygon", "coordinates": [[[-82.8178776, 27.9774031], [-82.817842, 27.9775176], [-82.8178815, 27.9775276], [-82.8178958, 27.9774811], [-82.8179332, 27.9774905], [-82.8179624, 27.9774008], [-82.8178842, 27.9773819], [-82.8178776, 27.9774031]]]}}, {"id": "124", "type": "Feature", "properties": {"id": "52b28009-30d4-4b46-95d1-17fb8b9f41db", "name": null, "subtype": null, "class": null, "height": 15.48, "num_floors": null, "surge_class": 2, "surge_ft": 1.5, "flood_active": false, "exposure_score": 0.045, "exposure_category": "low"}, "geometry": {"type": "Polygon", "coordinates": [[[-82.8177556, 27.9774037], [-82.8177293, 27.9774888], [-82.817842, 27.9775176], [-82.8178776, 27.9774031], [-82.8178143, 27.977388], [-82.8178055, 27.9774164], [-82.8177556, 27.9774037]]]}}, {"id": "125", "type": "Feature", "properties": {"id": "f7ff0487-700a-4972-b2c0-27de682fb662", "name": "Island Way Grill", "subtype": "commercial", "class": null, "height": 17.57, "num_floors": null, "surge_class": 4, "surge_ft": 3.5, "flood_active": false, "exposure_score": 0.105, "exposure_category": "low"}, "geometry": {"type": "Polygon", "coordinates": [[[-82.8172467, 27.976384], [-82.8172688, 27.9763636], [-82.8174506, 27.9765009], [-82.8174694, 27.9764816], [-82.817582, 27.9765682], [-82.8177269, 27.9764137], [-82.8175472, 27.9762749], [-82.8176207, 27.9761938], [-82.817633, 27.9761804], [-82.8175084, 27.9760849], [-82.8174231, 27.9761725], [-82.8173916, 27.9761507], [-82.8173789, 27.9761607], [-82.817308, 27.9761062], [-82.8172731, 27.9761417], [-82.8172292, 27.9761109], [-82.8171059, 27.9762388], [-82.8170796, 27.9762199], [-82.8169817, 27.9763208], [-82.8169007, 27.9764043], [-82.8169768, 27.9764639], [-82.8170592, 27.9763776], [-82.8171716, 27.97626], [-82.8172199, 27.976297], [-82.8171851, 27.9763352], [-82.8172467, 27.976384]]]}}, {"id": "126", "type": "Feature", "properties": {"id": "1ad74808-04ca-4190-a6c8-e50031825fd0", "name": null, "subtype": null, "class": null, "height": 8.63, "num_floors": null, "surge_class": 4, "surge_ft": 3.5, "flood_active": false, "exposure_score": 0.105, "exposure_category": "low"}, "geometry": {"type": "Polygon", "coordinates": [[[-82.8162281, 27.9759336], [-82.8162128, 27.9760096], [-82.8166789, 27.9760838], [-82.8166942, 27.9760078], [-82.8162281, 27.9759336]]]}}, {"id": "127", "type": "Feature", "properties": {"id": "fa1ddb1f-5a0c-4a8b-9c9c-86fd7772b7d6", "name": null, "subtype": null, "class": null, "height": 17.76, "num_floors": null, "surge_class": 4, "surge_ft": 3.5, "flood_active": false, "exposure_score": 0.105, "exposure_category": "low"}, "geometry": {"type": "Polygon", "coordinates": [[[-82.8164701, 27.9759146], [-82.816526, 27.9759235], [-82.8165374, 27.9758668], [-82.8164256, 27.9758491], [-82.8163697, 27.9758402], [-82.8163138, 27.9758313], [-82.8163024, 27.975888], [-82.8163583, 27.9758969], [-82.8164701, 27.9759146]]]}}, {"id": "128", "type": "Feature", "properties": {"id": "bef5552d-7f1a-4399-9c06-bf77e626ac46", "name": null, "subtype": null, "class": null, "height": 8.0, "num_floors": null, "surge_class": 5, "surge_ft": 4.5, "flood_active": false, "exposure_score": 0.135, "exposure_category": "low"}, "geometry": {"type": "Polygon", "coordinates": [[[-82.8158145, 27.976088], [-82.8158053, 27.9761385], [-82.8161068, 27.9761816], [-82.8161159, 27.9761311], [-82.8158145, 27.976088]]]}}, {"id": "129", "type": "Feature", "properties": {"id": "db1bc71b-f140-4c46-812b-a7bea4d996a9", "name": null, "subtype": "residential", "class": "residential", "height": 42.17, "num_floors": null, "surge_class": 4, "surge_ft": 3.5, "flood_active": false, "exposure_score": 0.105, "exposure_category": "low"}, "geometry": {"type": "Polygon", "coordinates": [[[-82.8155969, 27.9766921], [-82.8155484, 27.9767657], [-82.8156888, 27.9768399], [-82.815737, 27.9767679], [-82.8157531, 27.976775], [-82.8157877, 27.9767229], [-82.8158018, 27.97673], [-82.8158786, 27.9766139], [-82.8158416, 27.9765938], [-82.8158641, 27.9765594], [-82.8158823, 27.9765665], [-82.8159602, 27.9764505], [-82.8159382, 27.9764358], [-82.8159477, 27.9764197], [-82.8159597, 27.9764251], [-82.8159838, 27.9763912], [-82.815965, 27.9763809], [-82.8160091, 27.9763131], [-82.8158765, 27.9762433], [-82.815847, 27.9762849], [-82.8158552, 27.9762254], [-82.8157558, 27.9762188], [-82.8157516, 27.9763178], [-82.8157907, 27.97632], [-82.8157853, 27.9763284], [-82.815796, 27.9763345], [-82.8157826, 27.9763581], [-82.8157585, 27.9763459], [-82.8156566, 27.9764971], [-82.8156797, 27.9765097], [-82.8156037, 27.9766258], [-82.8156163, 27.9766331], [-82.8155842, 27.9766839], [-82.8155969, 27.9766921]]]}}, {"id": "130", "type": "Feature", "properties": {"id": "4c0f3ad5-1c30-4ee6-8de2-0a9fe62fb0c7", "name": null, "subtype": "residential", "class": "residential", "height": 16.69, "num_floors": null, "surge_class": 6, "surge_ft": 5.5, "flood_active": false, "exposure_score": 0.165, "exposure_category": "low"}, "geometry": {"type": "Polygon", "coordinates": [[[-82.8156606, 27.9780185], [-82.8156656, 27.9781843], [-82.8161407, 27.9781609], [-82.8161152, 27.9776454], [-82.8156391, 27.9776663], [-82.8156392, 27.9777188], [-82.8156204, 27.9777214], [-82.8156206, 27.9777733], [-82.8156391, 27.9777747], [-82.8156428, 27.9778254], [-82.8160871, 27.9778095], [-82.816091, 27.9778562], [-82.8160012, 27.9778606], [-82.8160045, 27.9779557], [-82.8161032, 27.9779526], [-82.8161068, 27.977996], [-82.8156606, 27.9780185]]]}}, {"id": "131", "type": "Feature", "properties": {"id": "8ffbb9bf-751f-4abb-9c18-fa282ea286a5", "name": null, "subtype": null, "class": null, "height": 8.52, "num_floors": null, "surge_class": 7, "surge_ft": 6.5, "flood_active": false, "exposure_score": 0.195, "exposure_category": "low"}, "geometry": {"type": "Polygon", "coordinates": [[[-82.8156131, 27.977734], [-82.8155743, 27.9776814], [-82.8155123, 27.9777174], [-82.8155511, 27.9777701], [-82.8156131, 27.977734]]]}}, {"id": "132", "type": "Feature", "properties": {"id": "d03ba113-d51c-4c27-bf85-0bc71682081e", "name": null, "subtype": "residential", "class": "residential", "height": 16.98, "num_floors": null, "surge_class": 6, "surge_ft": 5.5, "flood_active": false, "exposure_score": 0.165, "exposure_category": "low"}, "geometry": {"type": "Polygon", "coordinates": [[[-82.8153324, 27.9775158], [-82.8153694, 27.9775162], [-82.8160345, 27.9775239], [-82.8160379, 27.9774611], [-82.8161257, 27.9774625], [-82.8161297, 27.9773616], [-82.815305, 27.9773504], [-82.8153026, 27.9774327], [-82.8153345, 27.9774358], [-82.8153324, 27.9775158]]]}}, {"id": "133", "type": "Feature", "properties": {"id": "afe5de29-1d21-485e-88af-2e41a5fa2a7b", "name": null, "subtype": "residential", "class": "residential", "height": 58.89, "num_floors": null, "surge_class": 3, "surge_ft": 2.5, "flood_active": false, "exposure_score": 0.075, "exposure_category": "low"}, "geometry": {"type": "Polygon", "coordinates": [[[-82.8158871, 27.9753133], [-82.8160349, 27.9757029], [-82.8159139, 27.9757411], [-82.8159692, 27.9758924], [-82.8160239, 27.9758778], [-82.8160464, 27.9759326], [-82.8161231, 27.97591], [-82.8161148, 27.9758853], [-82.8162787, 27.9758297], [-82.8162661, 27.9757905], [-82.816293, 27.97578], [-82.8162798, 27.9757455], [-82.8163544, 27.9757218], [-82.8163135, 27.9756124], [-82.816232, 27.9756365], [-82.8161892, 27.9755276], [-82.816166, 27.9755329], [-82.8160549, 27.9752528], [-82.8161433, 27.9752244], [-82.8161035, 27.9751178], [-82.8159783, 27.9751573], [-82.8160212, 27.9752712], [-82.8158871, 27.9753133]]]}}, {"id": "134", "type": "Feature", "properties": {"id": "edf11e9d-54a8-4546-9ec2-c92e36340632", "name": null, "subtype": null, "class": null, "height": 5.46226692199707, "num_floors": null, "surge_class": 4, "surge_ft": 3.5, "flood_active": false, "exposure_score": 0.105, "exposure_category": "low"}, "geometry": {"type": "Polygon", "coordinates": [[[-82.816287, 27.9754576], [-82.8162692, 27.9754108], [-82.816344, 27.9753886], [-82.8162987, 27.9752694], [-82.8161685, 27.975308], [-82.8162316, 27.975474], [-82.816287, 27.9754576]]]}}, {"id": "135", "type": "Feature", "properties": {"id": "c8a86ba2-3ea4-456b-a36f-48c2baf0f764", "name": null, "subtype": null, "class": null, "height": 8.82, "num_floors": null, "surge_class": 6, "surge_ft": 5.5, "flood_active": false, "exposure_score": 0.165, "exposure_category": "low"}, "geometry": {"type": "Polygon", "coordinates": [[[-82.8167814, 27.9755468], [-82.8168242, 27.9755017], [-82.8159895, 27.9748766], [-82.8159467, 27.9749217], [-82.8167814, 27.9755468]]]}}, {"id": "136", "type": "Feature", "properties": {"id": "48c8333f-74ce-4c37-93c9-29ae04e12d5c", "name": null, "subtype": "outbuilding", "class": "roof", "height": 10.22, "num_floors": null, "surge_class": 0, "surge_ft": 0.0, "flood_active": false, "exposure_score": 0.0, "exposure_category": "none"}, "geometry": {"type": "Polygon", "coordinates": [[[-82.8199077, 27.9703894], [-82.8199223, 27.9704013], [-82.8199454, 27.9704013], [-82.8199549, 27.970392], [-82.8199555, 27.9704041], [-82.819956, 27.9704136], [-82.8200124, 27.9704114], [-82.8200117, 27.9703974], [-82.8200083, 27.9703279], [-82.8200033, 27.9703281], [-82.8199631, 27.9703296], [-82.8199532, 27.97033], [-82.8199549, 27.9703637], [-82.8199432, 27.9703548], [-82.8199222, 27.9703549], [-82.8199067, 27.9703696], [-82.8199077, 27.9703894]]]}}, {"id": "137", "type": "Feature", "properties": {"id": "eaa99a93-a493-4851-ba08-ca47ff90ed3d", "name": null, "subtype": null, "class": null, "height": 23.57, "num_floors": null, "surge_class": 6, "surge_ft": 5.5, "flood_active": false, "exposure_score": 0.165, "exposure_category": "low"}, "geometry": {"type": "Polygon", "coordinates": [[[-82.8223004, 27.9714083], [-82.8223027, 27.9714084], [-82.8224099, 27.9714125], [-82.8224489, 27.971383], [-82.8224702, 27.9714043], [-82.8225521, 27.9713395], [-82.8225333, 27.9713185], [-82.8225575, 27.9712977], [-82.822536, 27.9712722], [-82.8226677, 27.9711674], [-82.8226889, 27.9711851], [-82.8227155, 27.971165], [-82.8227323, 27.9711816], [-82.8228096, 27.9711176], [-82.8227881, 27.9710939], [-82.8228265, 27.9710632], [-82.8228297, 27.9709637], [-82.8226165, 27.9709571], [-82.8226153, 27.9709779], [-82.8225655, 27.9709765], [-82.8225253, 27.9710065], [-82.8225038, 27.9710064], [-82.8223643, 27.9711162], [-82.8223632, 27.9711461], [-82.8223241, 27.9711781], [-82.8223223, 27.9712124], [-82.822308, 27.9712362], [-82.8223004, 27.9714083]]]}}, {"id": "138", "type": "Feature", "properties": {"id": "6145eedf-d58f-40b1-89ae-c272ac77f332", "name": null, "subtype": null, "class": null, "height": 19.04, "num_floors": null, "surge_class": 7, "surge_ft": 6.5, "flood_active": false, "exposure_score": 0.195, "exposure_category": "low"}, "geometry": {"type": "Polygon", "coordinates": [[[-82.8224423, 27.97142], [-82.8223404, 27.9715032], [-82.8225001, 27.9716565], [-82.8226013, 27.9715739], [-82.8225624, 27.9715349], [-82.8225494, 27.9715456], [-82.8224684, 27.9714677], [-82.8224803, 27.9714579], [-82.8224423, 27.97142]]]}}, {"id": "139", "type": "Feature", "properties": {"id": "12a15ba1-cafc-4892-8ea3-ac15c8732be1", "name": null, "subtype": null, "class": null, "height": 14.16, "num_floors": null, "surge_class": 6, "surge_ft": 5.5, "flood_active": false, "exposure_score": 0.165, "exposure_category": "low"}, "geometry": {"type": "Polygon", "coordinates": [[[-82.8226918, 27.9715086], [-82.822648, 27.9714929], [-82.8225727, 27.971646], [-82.8226298, 27.9716696], [-82.8227026, 27.9715124], [-82.8226918, 27.9715086]]]}}, {"id": "140", "type": "Feature", "properties": {"id": "bef46927-2441-42c6-a9ca-ce0622536274", "name": null, "subtype": "outbuilding", "class": "roof", "height": null, "num_floors": null, "surge_class": 5, "surge_ft": 4.5, "flood_active": false, "exposure_score": 0.135, "exposure_category": "low"}, "geometry": {"type": "Polygon", "coordinates": [[[-82.8224261, 27.9771986], [-82.822436, 27.9771797], [-82.8223897, 27.9771607], [-82.8223798, 27.9771796], [-82.8224261, 27.9771986]]]}}, {"id": "141", "type": "Feature", "properties": {"id": "1bc3e0cf-4de7-4f7c-9790-34bcee494f09", "name": null, "subtype": null, "class": null, "height": 8.35, "num_floors": null, "surge_class": 0, "surge_ft": 0.0, "flood_active": false, "exposure_score": 0.0, "exposure_category": "none"}, "geometry": {"type": "Polygon", "coordinates": [[[-82.8191226, 27.9764094], [-82.8191719, 27.976444], [-82.8192452, 27.9763619], [-82.8191959, 27.9763273], [-82.8191226, 27.9764094]]]}}, {"id": "142", "type": "Feature", "properties": {"id": "80ee2f1d-ddda-423d-90aa-f9a9dbcb98ef", "name": "Clearwater Marine Aquarium", "subtype": "entertainment", "class": null, "height": 13.38, "num_floors": null, "surge_class": 6, "surge_ft": 5.5, "flood_active": false, "exposure_score": 0.165, "exposure_category": "low"}, "geometry": {"type": "Polygon", "coordinates": [[[-82.8193897, 27.9772759], [-82.8196883, 27.9769712], [-82.8197376, 27.9770096], [-82.8194671, 27.9772901], [-82.8196335, 27.9774145], [-82.8198189, 27.9772167], [-82.819837, 27.9771882], [-82.8198459, 27.9771575], [-82.8198467, 27.9771338], [-82.8198414, 27.9771077], [-82.8198266, 27.977079], [-82.8198159, 27.9770658], [-82.819752, 27.9770193], [-82.8197666, 27.9770071], [-82.8197629, 27.9769864], [-82.8195761, 27.9768477], [-82.8195581, 27.9768467], [-82.8195477, 27.9768561], [-82.8192038, 27.9765982], [-82.8192188, 27.9765834], [-82.8191893, 27.9765567], [-82.8191781, 27.9765669], [-82.8191449, 27.9765401], [-82.8191599, 27.976524], [-82.8190672, 27.9764634], [-82.8189634, 27.9764136], [-82.8189246, 27.9763929], [-82.8188913, 27.9763806], [-82.8188401, 27.976383], [-82.8188057, 27.9763978], [-82.8186414, 27.9765204], [-82.8185176, 27.9766627], [-82.8188714, 27.976931], [-82.8188871, 27.9769129], [-82.8188824, 27.9769093], [-82.8189248, 27.976866], [-82.8189908, 27.9769131], [-82.8189752, 27.9769282], [-82.818966, 27.9769481], [-82.818966, 27.9769684], [-82.8189734, 27.9769888], [-82.8189897, 27.9770039], [-82.8190114, 27.9770133], [-82.8190341, 27.9770161], [-82.8190547, 27.9770114], [-82.8191055, 27.9770532], [-82.8191074, 27.9770745], [-82.8191127, 27.9770935], [-82.8191248, 27.9771101], [-82.8191394, 27.9771219], [-82.8191641, 27.9771304], [-82.8191812, 27.9771314], [-82.8192061, 27.9771267], [-82.8192258, 27.9771146], [-82.8191715, 27.9771734], [-82.8190512, 27.9770827], [-82.8190124, 27.9771284], [-82.819247, 27.9773051], [-82.8193476, 27.9772], [-82.8193546, 27.9772049], [-82.8193319, 27.9772309], [-82.8193897, 27.9772759]]]}}, {"id": "143", "type": "Feature", "properties": {"id": "b87f696e-9242-42eb-a149-84ab5afce32b", "name": null, "subtype": null, "class": null, "height": 18.35, "num_floors": null, "surge_class": 5, "surge_ft": 4.5, "flood_active": false, "exposure_score": 0.135, "exposure_category": "low"}, "geometry": {"type": "Polygon", "coordinates": [[[-82.8187439, 27.9774205], [-82.8187847, 27.9774511], [-82.8188255, 27.9774816], [-82.818907, 27.9775427], [-82.8189478, 27.9775732], [-82.8189886, 27.9776038], [-82.8190611, 27.9775275], [-82.8190973, 27.9774894], [-82.8191335, 27.9774513], [-82.8190927, 27.9774208], [-82.8190519, 27.9773902], [-82.8189703, 27.9773291], [-82.8189295, 27.9772986], [-82.8188887, 27.977268], [-82.8188525, 27.9773061], [-82.8188163, 27.9773443], [-82.8187801, 27.9773824], [-82.8187439, 27.9774205]]]}}, {"id": "144", "type": "Feature", "properties": {"id": "63bd9381-c75f-4850-b93b-82d3f263badc", "name": null, "subtype": null, "class": null, "height": 15.43, "num_floors": null, "surge_class": 3, "surge_ft": 2.5, "flood_active": false, "exposure_score": 0.075, "exposure_category": "low"}, "geometry": {"type": "Polygon", "coordinates": [[[-82.8185351, 27.9777959], [-82.8185631, 27.9778596], [-82.8186833, 27.9778166], [-82.8186554, 27.9777529], [-82.8185351, 27.9777959]]]}}, {"id": "145", "type": "Feature", "properties": {"id": "f9a35990-94c4-421f-b571-ae046a9926e3", "name": null, "subtype": null, "class": null, "height": 15.51, "num_floors": null, "surge_class": 6, "surge_ft": 5.5, "flood_active": false, "exposure_score": 0.165, "exposure_category": "low"}, "geometry": {"type": "Polygon", "coordinates": [[[-82.8186627, 27.9779026], [-82.8186972, 27.9779788], [-82.8188312, 27.9779283], [-82.8187967, 27.977852], [-82.8186627, 27.9779026]]]}}, {"id": "146", "type": "Feature", "properties": {"id": "b56ef393-a933-4680-9e0d-53179719ab8a", "name": null, "subtype": null, "class": null, "height": 15.31, "num_floors": null, "surge_class": 3, "surge_ft": 2.5, "flood_active": false, "exposure_score": 0.075, "exposure_category": "low"}, "geometry": {"type": "Polygon", "coordinates": [[[-82.8185985, 27.9778494], [-82.8186266, 27.9779129], [-82.8187515, 27.977868], [-82.8187227, 27.9778043], [-82.8185985, 27.9778494]]]}}, {"id": "147", "type": "Feature", "properties": {"id": "89f78604-e8f2-4f5b-bdc2-9a2f7aaa29fe", "name": null, "subtype": null, "class": null, "height": 15.47, "num_floors": null, "surge_class": 3, "surge_ft": 2.5, "flood_active": false, "exposure_score": 0.075, "exposure_category": "low"}, "geometry": {"type": "Polygon", "coordinates": [[[-82.8189529, 27.9781677], [-82.8189885, 27.9781752], [-82.8190248, 27.9780385], [-82.8189449, 27.978022], [-82.8189218, 27.9781157], [-82.8189637, 27.9781244], [-82.8189529, 27.9781677]]]}}, {"id": "148", "type": "Feature", "properties": {"id": "143855ab-3f10-41f7-81be-9e2522ac8699", "name": null, "subtype": null, "class": null, "height": 16.49, "num_floors": null, "surge_class": 2, "surge_ft": 1.5, "flood_active": false, "exposure_score": 0.045, "exposure_category": "low"}, "geometry": {"type": "Polygon", "coordinates": [[[-82.8189449, 27.978022], [-82.8189548, 27.9779818], [-82.8188643, 27.9779629], [-82.818853, 27.978008], [-82.818831, 27.9780034], [-82.81882, 27.9780477], [-82.8188719, 27.9780586], [-82.8188608, 27.978103], [-82.8189218, 27.9781157], [-82.8189449, 27.978022]]]}}, {"id": "149", "type": "Feature", "properties": {"id": "1e9a22ed-9e79-48af-9703-227c95d6b182", "name": null, "subtype": null, "class": null, "height": 15.46, "num_floors": null, "surge_class": 2, "surge_ft": 1.5, "flood_active": false, "exposure_score": 0.045, "exposure_category": "low"}, "geometry": {"type": "Polygon", "coordinates": [[[-82.8189885, 27.9781752], [-82.819067, 27.9781916], [-82.8190963, 27.9780845], [-82.8190181, 27.9780694], [-82.8189885, 27.9781752]]]}}, {"id": "150", "type": "Feature", "properties": {"id": "e6c8a8f9-d3fc-49b3-a51b-e9e0d849dc50", "name": null, "subtype": null, "class": null, "height": 8.4, "num_floors": null, "surge_class": 6, "surge_ft": 5.5, "flood_active": false, "exposure_score": 0.165, "exposure_category": "low"}, "geometry": {"type": "Polygon", "coordinates": [[[-82.819312, 27.9775309], [-82.8192777, 27.9775669], [-82.8193934, 27.977653], [-82.8194277, 27.977617], [-82.819312, 27.9775309]]]}}, {"id": "151", "type": "Feature", "properties": {"id": "53e4a913-84a7-4d7f-96bf-acc473a8d45c", "name": null, "subtype": null, "class": null, "height": 8.45, "num_floors": null, "surge_class": 6, "surge_ft": 5.5, "flood_active": false, "exposure_score": 0.165, "exposure_category": "low"}, "geometry": {"type": "Polygon", "coordinates": [[[-82.8193539, 27.9776961], [-82.8193917, 27.977656], [-82.8192754, 27.977569], [-82.8192373, 27.9776095], [-82.8193539, 27.9776961]]]}}, {"id": "152", "type": "Feature", "properties": {"id": "a7841a6e-20ba-4ac1-acad-14ec63741cc6", "name": null, "subtype": null, "class": null, "height": 8.49, "num_floors": null, "surge_class": 6, "surge_ft": 5.5, "flood_active": false, "exposure_score": 0.165, "exposure_category": "low"}, "geometry": {"type": "Polygon", "coordinates": [[[-82.8194284, 27.9776161], [-82.8194637, 27.9775788], [-82.8193517, 27.9774916], [-82.8193164, 27.9775288], [-82.8194284, 27.9776161]]]}}, {"id": "153", "type": "Feature", "properties": {"id": "ca2d49cd-621a-43c9-b290-183589266b6d", "name": null, "subtype": null, "class": null, "height": 9.44, "num_floors": null, "surge_class": 6, "surge_ft": 5.5, "flood_active": false, "exposure_score": 0.165, "exposure_category": "low"}, "geometry": {"type": "Polygon", "coordinates": [[[-82.8194663, 27.9775721], [-82.8195174, 27.9775189], [-82.8194109, 27.9774359], [-82.8193598, 27.977489], [-82.8194663, 27.9775721]]]}}, {"id": "154", "type": "Feature", "properties": {"id": "866c765d-bded-4555-96f2-e44658793309", "name": null, "subtype": null, "class": null, "height": 19.07, "num_floors": null, "surge_class": 6, "surge_ft": 5.5, "flood_active": false, "exposure_score": 0.165, "exposure_category": "low"}, "geometry": {"type": "Polygon", "coordinates": [[[-82.8195048, 27.9779547], [-82.8195331, 27.9779757], [-82.8195709, 27.9780037], [-82.8196088, 27.9780317], [-82.8196362, 27.978052], [-82.8196466, 27.9780597], [-82.8196844, 27.9780877], [-82.8196527, 27.9781215], [-82.8196905, 27.9781495], [-82.8197283, 27.9781775], [-82.8197662, 27.9782055], [-82.819798, 27.9781717], [-82.8198297, 27.9781379], [-82.8198676, 27.9781659], [-82.8199311, 27.9780982], [-82.8199629, 27.9780644], [-82.8199947, 27.9780305], [-82.8199568, 27.9780025], [-82.8199886, 27.9779687], [-82.8200204, 27.9779349], [-82.8199826, 27.9779069], [-82.8199248, 27.9778608], [-82.8198184, 27.9779743], [-82.8196262, 27.9778315], [-82.8195048, 27.9779547]]]}}, {"id": "155", "type": "Feature", "properties": {"id": "c3b56bc5-b260-4559-a52f-e2df05c947bf", "name": null, "subtype": null, "class": null, "height": 15.33, "num_floors": null, "surge_class": 4, "surge_ft": 3.5, "flood_active": false, "exposure_score": 0.105, "exposure_category": "low"}, "geometry": {"type": "Polygon", "coordinates": [[[-82.8205112, 27.978361], [-82.8204585, 27.978321], [-82.8202842, 27.978506], [-82.8203347, 27.978544], [-82.8205112, 27.978361]]]}}, {"id": "156", "type": "Feature", "properties": {"id": "9e061cc6-d469-404b-9061-1af3e1548fd5", "name": null, "subtype": null, "class": null, "height": 15.21, "num_floors": null, "surge_class": 5, "surge_ft": 4.5, "flood_active": false, "exposure_score": 0.135, "exposure_category": "low"}, "geometry": {"type": "Polygon", "coordinates": [[[-82.8200647, 27.9783428], [-82.8200918, 27.9783631], [-82.8202765, 27.9781716], [-82.8202506, 27.9781515], [-82.8202247, 27.9781314], [-82.8200376, 27.9783225], [-82.8200647, 27.9783428]]]}}, {"id": "157", "type": "Feature", "properties": {"id": "1b51ebf6-f243-4f27-b410-50ea5d30b6c6", "name": null, "subtype": null, "class": null, "height": 15.24, "num_floors": null, "surge_class": 3, "surge_ft": 2.5, "flood_active": false, "exposure_score": 0.075, "exposure_category": "low"}, "geometry": {"type": "Polygon", "coordinates": [[[-82.8201201, 27.9783844], [-82.8201485, 27.9784057], [-82.8203314, 27.9782141], [-82.8203039, 27.9781928], [-82.8202765, 27.9781716], [-82.8200918, 27.9783631], [-82.8201201, 27.9783844]]]}}, {"id": "158", "type": "Feature", "properties": {"id": "bf9c8733-8620-4d77-b3b6-7aeca38d9192", "name": null, "subtype": null, "class": null, "height": 15.25, "num_floors": null, "surge_class": 4, "surge_ft": 3.5, "flood_active": false, "exposure_score": 0.105, "exposure_category": "low"}, "geometry": {"type": "Polygon", "coordinates": [[[-82.8201688, 27.9784209], [-82.8202069, 27.9784496], [-82.8203906, 27.9782601], [-82.820361, 27.9782371], [-82.8203314, 27.9782141], [-82.8201485, 27.9784057], [-82.8201688, 27.9784209]]]}}, {"id": "159", "type": "Feature", "properties": {"id": "fedf2593-d1b1-4261-9f49-4165ccb3c027", "name": null, "subtype": null, "class": null, "height": 15.24, "num_floors": null, "surge_class": 4, "surge_ft": 3.5, "flood_active": false, "exposure_score": 0.105, "exposure_category": "low"}, "geometry": {"type": "Polygon", "coordinates": [[[-82.8204381, 27.9782969], [-82.8203906, 27.9782601], [-82.8202069, 27.9784496], [-82.8202526, 27.978484], [-82.8204381, 27.9782969]]]}}, {"id": "160", "type": "Feature", "properties": {"id": "6c719340-26c9-4238-8141-abe3f268d743", "name": null, "subtype": null, "class": null, "height": 15.22, "num_floors": null, "surge_class": 4, "surge_ft": 3.5, "flood_active": false, "exposure_score": 0.105, "exposure_category": "low"}, "geometry": {"type": "Polygon", "coordinates": [[[-82.8203347, 27.978544], [-82.8203629, 27.9785652], [-82.8203911, 27.9785865], [-82.8205675, 27.9784037], [-82.8205394, 27.9783823], [-82.8205112, 27.978361], [-82.8203347, 27.978544]]]}}, {"id": "161", "type": "Feature", "properties": {"id": "aaefec78-d906-4938-a872-e7f569323083", "name": null, "subtype": null, "class": null, "height": 15.21, "num_floors": null, "surge_class": 4, "surge_ft": 3.5, "flood_active": false, "exposure_score": 0.105, "exposure_category": "low"}, "geometry": {"type": "Polygon", "coordinates": [[[-82.8204183, 27.978607], [-82.8204456, 27.9786275], [-82.8206206, 27.978444], [-82.820594, 27.9784239], [-82.8205675, 27.9784037], [-82.8203911, 27.9785865], [-82.8204183, 27.978607]]]}}, {"id": "162", "type": "Feature", "properties": {"id": "4e74a81f-f45b-40fc-b94d-31765d19323b", "name": null, "subtype": null, "class": null, "height": 15.24, "num_floors": null, "surge_class": 4, "surge_ft": 3.5, "flood_active": false, "exposure_score": 0.105, "exposure_category": "low"}, "geometry": {"type": "Polygon", "coordinates": [[[-82.8204717, 27.9786472], [-82.8204978, 27.9786668], [-82.8206711, 27.9784824], [-82.8206458, 27.9784632], [-82.8206206, 27.978444], [-82.8204456, 27.9786275], [-82.8204717, 27.9786472]]]}}, {"id": "163", "type": "Feature", "properties": {"id": "15e90169-8003-4975-a7d8-5c938b0118a2", "name": null, "subtype": null, "class": null, "height": 15.24, "num_floors": null, "surge_class": 6, "surge_ft": 5.5, "flood_active": false, "exposure_score": 0.165, "exposure_category": "low"}, "geometry": {"type": "Polygon", "coordinates": [[[-82.8204978, 27.9786668], [-82.8205266, 27.9786885], [-82.8205554, 27.9787102], [-82.8207288, 27.9785263], [-82.8207, 27.9785043], [-82.8206711, 27.9784824], [-82.8204978, 27.9786668]]]}}, {"id": "164", "type": "Feature", "properties": {"id": "bf5bc3c7-46a8-47bb-9132-253a44e87d87", "name": null, "subtype": "residential", "class": "apartments", "height": 24.26, "num_floors": null, "surge_class": 6, "surge_ft": 5.5, "flood_active": false, "exposure_score": 0.165, "exposure_category": "low"}, "geometry": {"type": "Polygon", "coordinates": [[[-82.8205411, 27.9792074], [-82.8205493, 27.9791885], [-82.820554, 27.9791648], [-82.8205484, 27.9791458], [-82.8205369, 27.9791279], [-82.8205206, 27.9791073], [-82.8204206, 27.9790274], [-82.8204464, 27.9789824], [-82.8203679, 27.9789247], [-82.8203508, 27.9789412], [-82.8203491, 27.978942], [-82.8203008, 27.9789047], [-82.8203224, 27.9788805], [-82.8202385, 27.9788119], [-82.8202213, 27.9788261], [-82.819802, 27.9785036], [-82.81981, 27.9784876], [-82.8197295, 27.9784235], [-82.8197161, 27.9784377], [-82.8196839, 27.9784139], [-82.8196426, 27.9784518], [-82.8196169, 27.9784329], [-82.8195011, 27.9785489], [-82.8195418, 27.9785821], [-82.8194828, 27.9786435], [-82.8193674, 27.9785545], [-82.8193241, 27.9785963], [-82.8197565, 27.9789184], [-82.8197948, 27.9788805], [-82.8203372, 27.9792951], [-82.8203464, 27.9793005], [-82.8203679, 27.9793094], [-82.8203867, 27.9793146], [-82.8204054, 27.9793144], [-82.8204323, 27.9793084], [-82.8204484, 27.9793016], [-82.8204725, 27.9792871], [-82.8204913, 27.9792737], [-82.8205288, 27.9792297], [-82.8205411, 27.9792074]]]}}, {"id": "165", "type": "Feature", "properties": {"id": "9f8f74cd-79fc-4256-99fa-3c056deda8d2", "name": null, "subtype": null, "class": null, "height": 15.15, "num_floors": null, "surge_class": 4, "surge_ft": 3.5, "flood_active": false, "exposure_score": 0.105, "exposure_category": "low"}, "geometry": {"type": "Polygon", "coordinates": [[[-82.8201581, 27.9781074], [-82.8199898, 27.9782866], [-82.8200376, 27.9783225], [-82.8202247, 27.9781314], [-82.8201742, 27.9780922], [-82.8201581, 27.9781074]]]}}, {"id": "166", "type": "Feature", "properties": {"id": "b9beec09-9d32-43fa-a9ee-867984f20f72", "name": null, "subtype": null, "class": null, "height": 8.19, "num_floors": null, "surge_class": 6, "surge_ft": 5.5, "flood_active": false, "exposure_score": 0.165, "exposure_category": "low"}, "geometry": {"type": "Polygon", "coordinates": [[[-82.8193286, 27.9785208], [-82.8193726, 27.9785535], [-82.8195237, 27.9783933], [-82.8194797, 27.9783606], [-82.8193286, 27.9785208]]]}}, {"id": "167", "type": "Feature", "properties": {"id": "af1f7088-bde9-456a-bd6e-05dcee86b2c5", "name": null, "subtype": null, "class": null, "height": 15.3, "num_floors": null, "surge_class": 4, "surge_ft": 3.5, "flood_active": false, "exposure_score": 0.105, "exposure_category": "low"}, "geometry": {"type": "Polygon", "coordinates": [[[-82.8191785, 27.9786801], [-82.8190982, 27.9787653], [-82.8191582, 27.9788115], [-82.8192138, 27.9787528], [-82.8192392, 27.978726], [-82.8191785, 27.9786801]]]}}, {"id": "168", "type": "Feature", "properties": {"id": "35dfe6f0-3d2a-41cc-8d4e-a2b17f96974a", "name": null, "subtype": null, "class": null, "height": 16.66, "num_floors": null, "surge_class": 2, "surge_ft": 1.5, "flood_active": false, "exposure_score": 0.045, "exposure_category": "low"}, "geometry": {"type": "Polygon", "coordinates": [[[-82.8190806, 27.9786305], [-82.8190165, 27.9787023], [-82.8190982, 27.9787653], [-82.8191785, 27.9786801], [-82.8192017, 27.9786555], [-82.8191376, 27.9786102], [-82.8191041, 27.9786482], [-82.8190806, 27.9786305]]]}}, {"id": "169", "type": "Feature", "properties": {"id": "fceac54b-a44f-48ca-a5d7-522237b95c0e", "name": null, "subtype": null, "class": null, "height": 17.01, "num_floors": null, "surge_class": 3, "surge_ft": 2.5, "flood_active": false, "exposure_score": 0.075, "exposure_category": "low"}, "geometry": {"type": "Polygon", "coordinates": [[[-82.819204, 27.9785048], [-82.8190708, 27.9784793], [-82.8190532, 27.978547], [-82.8191844, 27.9785746], [-82.819204, 27.9785048]]]}}, {"id": "170", "type": "Feature", "properties": {"id": "ba8740cc-87fe-4bb8-9da4-8bdee724dbfa", "name": null, "subtype": null, "class": null, "height": 17.01, "num_floors": null, "surge_class": 3, "surge_ft": 2.5, "flood_active": false, "exposure_score": 0.075, "exposure_category": "low"}, "geometry": {"type": "Polygon", "coordinates": [[[-82.8192241, 27.9784333], [-82.8190903, 27.9784043], [-82.8190708, 27.9784793], [-82.819204, 27.9785048], [-82.8192241, 27.9784333]]]}}, {"id": "171", "type": "Feature", "properties": {"id": "c686e11b-5a24-4d44-a780-b5404fa1c5cb", "name": null, "subtype": null, "class": null, "height": 16.24, "num_floors": null, "surge_class": 6, "surge_ft": 5.5, "flood_active": false, "exposure_score": 0.165, "exposure_category": "low"}, "geometry": {"type": "Polygon", "coordinates": [[[-82.8192734, 27.9783552], [-82.8191236, 27.978324], [-82.8191031, 27.9784052], [-82.819253, 27.9784365], [-82.8192734, 27.9783552]]]}}, {"id": "172", "type": "Feature", "properties": {"id": "52c74dab-e983-44f5-9aea-cf0f9bd9acc0", "name": null, "subtype": null, "class": null, "height": 15.51, "num_floors": null, "surge_class": 3, "surge_ft": 2.5, "flood_active": false, "exposure_score": 0.075, "exposure_category": "low"}, "geometry": {"type": "Polygon", "coordinates": [[[-82.8192384, 27.9783202], [-82.8192615, 27.9782274], [-82.8192095, 27.9782165], [-82.8192176, 27.978184], [-82.8191587, 27.9781717], [-82.8191364, 27.9782522], [-82.8191224, 27.978295], [-82.8191364, 27.978299], [-82.8192384, 27.9783202]]]}}, {"id": "173", "type": "Feature", "properties": {"id": "6a49750c-2eb0-478d-8583-404dc26a8383", "name": null, "subtype": null, "class": null, "height": 15.59, "num_floors": null, "surge_class": 2, "surge_ft": 1.5, "flood_active": false, "exposure_score": 0.045, "exposure_category": "low"}, "geometry": {"type": "Polygon", "coordinates": [[[-82.8190957, 27.9782437], [-82.8191364, 27.9782522], [-82.8191668, 27.9781377], [-82.8190861, 27.9781221], [-82.819067, 27.9781916], [-82.8191066, 27.9781999], [-82.8190957, 27.9782437]]]}}, {"id": "174", "type": "Feature", "properties": {"id": "af6e04ae-ac97-46bb-bf4c-269edcd32ea3", "name": null, "subtype": null, "class": null, "height": 15.6, "num_floors": null, "surge_class": 5, "surge_ft": 4.5, "flood_active": false, "exposure_score": 0.135, "exposure_category": "low"}, "geometry": {"type": "Polygon", "coordinates": [[[-82.8188101, 27.978462], [-82.8188545, 27.9785233], [-82.8189643, 27.9784607], [-82.8189215, 27.9784017], [-82.8188101, 27.978462]]]}}, {"id": "175", "type": "Feature", "properties": {"id": "43179c0c-f0fc-4199-a808-e9ef009cc4c1", "name": null, "subtype": null, "class": null, "height": 15.32, "num_floors": null, "surge_class": 5, "surge_ft": 4.5, "flood_active": false, "exposure_score": 0.135, "exposure_category": "low"}, "geometry": {"type": "Polygon", "coordinates": [[[-82.8188015, 27.9783801], [-82.8188455, 27.9784427], [-82.8189616, 27.9783791], [-82.8189166, 27.9783143], [-82.8188015, 27.9783801]]]}}, {"id": "176", "type": "Feature", "properties": {"id": "91595572-ec3e-47d9-bda5-05cb4fd2c224", "name": null, "subtype": null, "class": null, "height": 15.34, "num_floors": null, "surge_class": 6, "surge_ft": 5.5, "flood_active": false, "exposure_score": 0.165, "exposure_category": "low"}, "geometry": {"type": "Polygon", "coordinates": [[[-82.8188635, 27.9782852], [-82.8188848, 27.9781949], [-82.8187714, 27.9781752], [-82.818741, 27.9783104], [-82.8187969, 27.9783208], [-82.8188077, 27.9782748], [-82.8188635, 27.9782852]]]}}, {"id": "177", "type": "Feature", "properties": {"id": "4be6f653-0adc-4d58-9b18-44942e8a14a5", "name": null, "subtype": null, "class": null, "height": 15.65, "num_floors": null, "surge_class": 6, "surge_ft": 5.5, "flood_active": false, "exposure_score": 0.165, "exposure_category": "low"}, "geometry": {"type": "Polygon", "coordinates": [[[-82.8186402, 27.9782437], [-82.8187495, 27.9782644], [-82.8187815, 27.978126], [-82.8186726, 27.9781058], [-82.8186402, 27.9782437]]]}}, {"id": "178", "type": "Feature", "properties": {"id": "b8e81871-9bc3-47b6-8190-c8ebb1b28cdf", "name": null, "subtype": null, "class": null, "height": 16.26, "num_floors": null, "surge_class": 2, "surge_ft": 1.5, "flood_active": false, "exposure_score": 0.045, "exposure_category": "low"}, "geometry": {"type": "Polygon", "coordinates": [[[-82.8188747, 27.9786781], [-82.8188291, 27.9787028], [-82.8188848, 27.978782], [-82.8189997, 27.9787178], [-82.8189453, 27.9786398], [-82.8188747, 27.9786781]]]}}, {"id": "179", "type": "Feature", "properties": {"id": "c1059b2b-1b90-4349-b7db-cfba151197a6", "name": null, "subtype": null, "class": null, "height": 15.52, "num_floors": null, "surge_class": 5, "surge_ft": 4.5, "flood_active": false, "exposure_score": 0.135, "exposure_category": "low"}, "geometry": {"type": "Polygon", "coordinates": [[[-82.8189339, 27.9784784], [-82.8188545, 27.9785233], [-82.8188177, 27.9785441], [-82.8188604, 27.978604], [-82.8189764, 27.9785396], [-82.8189339, 27.9784784]]]}}, {"id": "180", "type": "Feature", "properties": {"id": "89990988-37ef-4770-be04-3d87bb271be6", "name": null, "subtype": null, "class": null, "height": 15.32, "num_floors": null, "surge_class": 3, "surge_ft": 2.5, "flood_active": false, "exposure_score": 0.075, "exposure_category": "low"}, "geometry": {"type": "Polygon", "coordinates": [[[-82.818946, 27.9785568], [-82.8188604, 27.978604], [-82.8188336, 27.9786188], [-82.8188747, 27.9786781], [-82.8189859, 27.9786145], [-82.818946, 27.9785568]]]}}, {"id": "181", "type": "Feature", "properties": {"id": "2d046714-59b7-40b6-bb46-7e9864a0297d", "name": null, "subtype": null, "class": null, "height": 15.16, "num_floors": null, "surge_class": 3, "surge_ft": 2.5, "flood_active": false, "exposure_score": 0.075, "exposure_category": "low"}, "geometry": {"type": "Polygon", "coordinates": [[[-82.818928, 27.9789459], [-82.818985, 27.9789878], [-82.81907, 27.9788986], [-82.8190135, 27.9788573], [-82.818928, 27.9789459]]]}}, {"id": "182", "type": "Feature", "properties": {"id": "c6e363b5-1569-4918-acca-9d4a9c1c0f79", "name": null, "subtype": null, "class": null, "height": 15.82, "num_floors": null, "surge_class": 5, "surge_ft": 4.5, "flood_active": false, "exposure_score": 0.135, "exposure_category": "low"}, "geometry": {"type": "Polygon", "coordinates": [[[-82.8191527, 27.9790466], [-82.8190837, 27.9789978], [-82.8189893, 27.9790957], [-82.8190624, 27.9791474], [-82.8191527, 27.9790466]]]}}, {"id": "183", "type": "Feature", "properties": {"id": "5d2f97b8-f211-4c3b-be86-4847a4ed4b1f", "name": null, "subtype": null, "class": null, "height": 15.49, "num_floors": null, "surge_class": 5, "surge_ft": 4.5, "flood_active": false, "exposure_score": 0.135, "exposure_category": "low"}, "geometry": {"type": "Polygon", "coordinates": [[[-82.8189588, 27.9790182], [-82.8190176, 27.9790622], [-82.819102, 27.9789746], [-82.8190447, 27.9789291], [-82.8189588, 27.9790182]]]}}, {"id": "184", "type": "Feature", "properties": {"id": "8a153aa6-cd85-410c-97bb-24d957f6f31f", "name": null, "subtype": null, "class": null, "height": 17.01, "num_floors": null, "surge_class": 3, "surge_ft": 2.5, "flood_active": false, "exposure_score": 0.075, "exposure_category": "low"}, "geometry": {"type": "Polygon", "coordinates": [[[-82.8188472, 27.9788686], [-82.8188725, 27.9788874], [-82.8188466, 27.9789131], [-82.8189117, 27.9789605], [-82.8190118, 27.9788562], [-82.8189216, 27.9787911], [-82.8188472, 27.9788686]]]}}, {"id": "185", "type": "Feature", "properties": {"id": "33762f9e-49bc-4028-81ed-115a4423787a", "name": null, "subtype": null, "class": null, "height": 16.12, "num_floors": null, "surge_class": 4, "surge_ft": 3.5, "flood_active": false, "exposure_score": 0.105, "exposure_category": "low"}, "geometry": {"type": "Polygon", "coordinates": [[[-82.8193057, 27.9792193], [-82.8193559, 27.9791656], [-82.819254, 27.9790893], [-82.8192034, 27.9791426], [-82.8193057, 27.9792193]]]}}, {"id": "186", "type": "Feature", "properties": {"id": "4ba43127-3a2f-4b36-bd77-f2038a994a39", "name": null, "subtype": null, "class": null, "height": 16.07, "num_floors": null, "surge_class": 4, "surge_ft": 3.5, "flood_active": false, "exposure_score": 0.105, "exposure_category": "low"}, "geometry": {"type": "Polygon", "coordinates": [[[-82.8191271, 27.9791854], [-82.8191493, 27.9792014], [-82.8192528, 27.9792758], [-82.8193057, 27.9792193], [-82.8191804, 27.9791273], [-82.8191271, 27.9791854]]]}}, {"id": "187", "type": "Feature", "properties": {"id": "8c0a7f67-1618-48cc-93c4-901b10f1a9a8", "name": null, "subtype": null, "class": null, "height": 16.15, "num_floors": null, "surge_class": 7, "surge_ft": 6.5, "flood_active": false, "exposure_score": 0.195, "exposure_category": "low"}, "geometry": {"type": "Polygon", "coordinates": [[[-82.8191976, 27.9793344], [-82.8192528, 27.9792758], [-82.8191493, 27.9792014], [-82.8190957, 27.9792567], [-82.8191976, 27.9793344]]]}}, {"id": "188", "type": "Feature", "properties": {"id": "f4eb11d3-f1f6-4bbd-8370-b5e59f4ab978", "name": null, "subtype": null, "class": null, "height": 15.62, "num_floors": null, "surge_class": 4, "surge_ft": 3.5, "flood_active": false, "exposure_score": 0.105, "exposure_category": "low"}, "geometry": {"type": "Polygon", "coordinates": [[[-82.8191718, 27.978822], [-82.8191475, 27.9788485], [-82.819195, 27.9788853], [-82.819248, 27.9788303], [-82.819278, 27.9787992], [-82.8192138, 27.9787528], [-82.8191582, 27.9788115], [-82.8191718, 27.978822]]]}}, {"id": "189", "type": "Feature", "properties": {"id": "a219f371-686f-464a-b097-beaa025342cd", "name": null, "subtype": null, "class": null, "height": 15.6, "num_floors": null, "surge_class": 6, "surge_ft": 5.5, "flood_active": false, "exposure_score": 0.165, "exposure_category": "low"}, "geometry": {"type": "Polygon", "coordinates": [[[-82.819248, 27.9788303], [-82.819195, 27.9788853], [-82.8191636, 27.978918], [-82.8192301, 27.9789696], [-82.8193156, 27.9788807], [-82.819248, 27.9788303]]]}}, {"id": "190", "type": "Feature", "properties": {"id": "e8ff53f4-3df7-4ff5-8b9f-6e5b6ed9e26f", "name": null, "subtype": null, "class": null, "height": 15.81, "num_floors": null, "surge_class": 4, "surge_ft": 3.5, "flood_active": false, "exposure_score": 0.105, "exposure_category": "low"}, "geometry": {"type": "Polygon", "coordinates": [[[-82.8192322, 27.979073], [-82.819254, 27.9790893], [-82.8193559, 27.9791656], [-82.8194086, 27.9791093], [-82.8192849, 27.9790165], [-82.8192322, 27.979073]]]}}, {"id": "191", "type": "Feature", "properties": {"id": "b1b0ae0a-a599-49a4-b83a-a0cfe8c0e0be", "name": null, "subtype": null, "class": null, "height": 16.11, "num_floors": null, "surge_class": 4, "surge_ft": 3.5, "flood_active": false, "exposure_score": 0.105, "exposure_category": "low"}, "geometry": {"type": "Polygon", "coordinates": [[[-82.8194086, 27.9791093], [-82.8194608, 27.979054], [-82.8193533, 27.978976], [-82.8193037, 27.9790304], [-82.8194086, 27.9791093]]]}}, {"id": "192", "type": "Feature", "properties": {"id": "47b2eb16-64ea-454a-b2a4-a2ad6eaed068", "name": null, "subtype": null, "class": null, "height": 15.99, "num_floors": null, "surge_class": 4, "surge_ft": 3.5, "flood_active": false, "exposure_score": 0.105, "exposure_category": "low"}, "geometry": {"type": "Polygon", "coordinates": [[[-82.8194615, 27.9790528], [-82.8195187, 27.9789915], [-82.819393, 27.9788996], [-82.8193356, 27.9789622], [-82.8194615, 27.9790528]]]}}, {"id": "193", "type": "Feature", "properties": {"id": "4a12f03a-a5f6-423e-b46e-b53c56ad08aa", "name": null, "subtype": null, "class": null, "height": 18.55, "num_floors": null, "surge_class": 5, "surge_ft": 4.5, "flood_active": false, "exposure_score": 0.135, "exposure_category": "low"}, "geometry": {"type": "Polygon", "coordinates": [[[-82.8195472, 27.9798831], [-82.8194287, 27.9801491], [-82.8196734, 27.9802356], [-82.8196888, 27.9801985], [-82.8197084, 27.9801531], [-82.8195917, 27.9801124], [-82.8196564, 27.9799602], [-82.8196253, 27.97995], [-82.8196401, 27.9799142], [-82.8195472, 27.9798831]]]}}, {"id": "194", "type": "Feature", "properties": {"id": "22a1cf34-bb16-47f3-ac24-65168b4692e9", "name": null, "subtype": null, "class": null, "height": 38.91, "num_floors": null, "surge_class": 3, "surge_ft": 2.5, "flood_active": false, "exposure_score": 0.075, "exposure_category": "low"}, "geometry": {"type": "Polygon", "coordinates": [[[-82.8183242, 27.9798418], [-82.818353, 27.9800204], [-82.8190108, 27.979925], [-82.818984, 27.9797601], [-82.8186541, 27.9798008], [-82.818643, 27.9797397], [-82.8185978, 27.9797459], [-82.8186049, 27.9797989], [-82.8183242, 27.9798418]]]}}, {"id": "195", "type": "Feature", "properties": {"id": "011f5e0c-b456-4554-b787-4e2cdc79ea0d", "name": null, "subtype": null, "class": null, "height": 16.96, "num_floors": null, "surge_class": 4, "surge_ft": 3.5, "flood_active": false, "exposure_score": 0.105, "exposure_category": "low"}, "geometry": {"type": "Polygon", "coordinates": [[[-82.8188689, 27.9803081], [-82.8187764, 27.9803209], [-82.8188154, 27.9805473], [-82.8189085, 27.9805344], [-82.8188689, 27.9803081]]]}}, {"id": "196", "type": "Feature", "properties": {"id": "03cfcc5d-058e-449e-8eca-8264ba62916e", "name": null, "subtype": null, "class": null, "height": 16.73, "num_floors": null, "surge_class": 4, "surge_ft": 3.5, "flood_active": false, "exposure_score": 0.105, "exposure_category": "low"}, "geometry": {"type": "Polygon", "coordinates": [[[-82.8187764, 27.9803209], [-82.8186911, 27.9803327], [-82.8187306, 27.980559], [-82.8188154, 27.9805473], [-82.8187764, 27.9803209]]]}}, {"id": "197", "type": "Feature", "properties": {"id": "ede2aa94-56a4-4cb0-b874-0448f7ed1b59", "name": null, "subtype": null, "class": null, "height": 19.99, "num_floors": null, "surge_class": 5, "surge_ft": 4.5, "flood_active": false, "exposure_score": 0.135, "exposure_category": "low"}, "geometry": {"type": "Polygon", "coordinates": [[[-82.8190237, 27.980375], [-82.8189148, 27.9803854], [-82.8189416, 27.9805721], [-82.819047, 27.980562], [-82.8190237, 27.980375]]]}}, {"id": "198", "type": "Feature", "properties": {"id": "0b14cfd3-96ce-40b0-942a-1d48ecca0e99", "name": null, "subtype": null, "class": null, "height": 20.02, "num_floors": null, "surge_class": 5, "surge_ft": 4.5, "flood_active": false, "exposure_score": 0.135, "exposure_category": "low"}, "geometry": {"type": "Polygon", "coordinates": [[[-82.8191305, 27.9803649], [-82.8190237, 27.980375], [-82.819047, 27.980562], [-82.8191547, 27.9805517], [-82.8191305, 27.9803649]]]}}, {"id": "199", "type": "Feature", "properties": {"id": "1203fca2-b7f3-4b00-b95f-b682ba6f6bcd", "name": null, "subtype": null, "class": null, "height": 13.97, "num_floors": null, "surge_class": 6, "surge_ft": 5.5, "flood_active": false, "exposure_score": 0.165, "exposure_category": "low"}, "geometry": {"type": "Polygon", "coordinates": [[[-82.8192427, 27.9806803], [-82.8193375, 27.9807113], [-82.8193715, 27.980632], [-82.8193931, 27.9806384], [-82.8194329, 27.9805427], [-82.8193158, 27.9805044], [-82.8192427, 27.9806803]]]}}, {"id": "200", "type": "Feature", "properties": {"id": "e4fe9d61-e5dd-4c3d-bc4e-d2e4e5dee35f", "name": null, "subtype": null, "class": null, "height": 20.02, "num_floors": null, "surge_class": 5, "surge_ft": 4.5, "flood_active": false, "exposure_score": 0.135, "exposure_category": "low"}, "geometry": {"type": "Polygon", "coordinates": [[[-82.8192452, 27.980354], [-82.8191305, 27.9803649], [-82.8191547, 27.9805517], [-82.8192703, 27.9805407], [-82.8192452, 27.980354]]]}}, {"id": "201", "type": "Feature", "properties": {"id": "95b94890-aa0f-445d-8dd8-9a843add5da0", "name": null, "subtype": null, "class": null, "height": 18.32, "num_floors": null, "surge_class": 5, "surge_ft": 4.5, "flood_active": false, "exposure_score": 0.135, "exposure_category": "low"}, "geometry": {"type": "Polygon", "coordinates": [[[-82.8196529, 27.9805954], [-82.8196682, 27.9805621], [-82.8196834, 27.9805288], [-82.8196356, 27.9805115], [-82.8195878, 27.9804942], [-82.81954, 27.9804769], [-82.8195247, 27.9805103], [-82.8195094, 27.9805436], [-82.8195572, 27.9805609], [-82.8196051, 27.9805782], [-82.8196529, 27.9805954]]]}}, {"id": "202", "type": "Feature", "properties": {"id": "70902f74-d403-4d59-8a4b-ee2da5197808", "name": null, "subtype": null, "class": null, "height": 11.55, "num_floors": null, "surge_class": 5, "surge_ft": 4.5, "flood_active": false, "exposure_score": 0.135, "exposure_category": "low"}, "geometry": {"type": "Polygon", "coordinates": [[[-82.8193534, 27.980416], [-82.8193263, 27.9804811], [-82.8194664, 27.9805269], [-82.8194935, 27.9804618], [-82.8193534, 27.980416]]]}}, {"id": "203", "type": "Feature", "properties": {"id": "1350c057-5329-482b-b6cb-5767e2d057e2", "name": null, "subtype": null, "class": null, "height": 13.3, "num_floors": null, "surge_class": 5, "surge_ft": 4.5, "flood_active": false, "exposure_score": 0.135, "exposure_category": "low"}, "geometry": {"type": "Polygon", "coordinates": [[[-82.8195041, 27.9806701], [-82.8194668, 27.9807606], [-82.8195625, 27.9807933], [-82.8196396, 27.9806171], [-82.8195191, 27.9805776], [-82.8194837, 27.980663], [-82.8195041, 27.9806701]]]}}, {"id": "204", "type": "Feature", "properties": {"id": "7483ad03-c871-4c70-8c12-1b77538ee34e", "name": null, "subtype": null, "class": null, "height": 13.649117469787598, "num_floors": null, "surge_class": 5, "surge_ft": 4.5, "flood_active": false, "exposure_score": 0.135, "exposure_category": "low"}, "geometry": {"type": "Polygon", "coordinates": [[[-82.8198195, 27.9799852], [-82.819747, 27.9801863], [-82.8198639, 27.9802192], [-82.8198534, 27.9802482], [-82.8200312, 27.9802982], [-82.8200998, 27.9801079], [-82.8199683, 27.9800709], [-82.8199827, 27.9800311], [-82.8198195, 27.9799852]]]}}, {"id": "205", "type": "Feature", "properties": {"id": "fc406327-7172-4ba2-b778-4b7f38f179ea", "name": null, "subtype": null, "class": null, "height": 18.85, "num_floors": null, "surge_class": 5, "surge_ft": 4.5, "flood_active": false, "exposure_score": 0.135, "exposure_category": "low"}, "geometry": {"type": "Polygon", "coordinates": [[[-82.8201596, 27.9801039], [-82.8201426, 27.980133], [-82.8201033, 27.9802384], [-82.8201298, 27.9802475], [-82.8202416, 27.9803574], [-82.8202508, 27.9803855], [-82.8202523, 27.9803868], [-82.8203884, 27.980347], [-82.8203973, 27.9803449], [-82.820389, 27.980318], [-82.8203746, 27.9802913], [-82.820356, 27.9802574], [-82.8203327, 27.9802277], [-82.8203004, 27.9801952], [-82.8202656, 27.9801622], [-82.8202381, 27.9801413], [-82.8201986, 27.9801184], [-82.8201744, 27.9801097], [-82.8201596, 27.9801039]]]}}, {"id": "206", "type": "Feature", "properties": {"id": "9f4fda69-2022-4220-acbd-760f21074d96", "name": null, "subtype": null, "class": null, "height": 17.97, "num_floors": null, "surge_class": 5, "surge_ft": 4.5, "flood_active": false, "exposure_score": 0.135, "exposure_category": "low"}, "geometry": {"type": "Polygon", "coordinates": [[[-82.8203877, 27.9805502], [-82.820378, 27.980518], [-82.8203744, 27.980506], [-82.8203958, 27.9804985], [-82.8203851, 27.980458], [-82.8201223, 27.9805226], [-82.8201412, 27.9805867], [-82.8200808, 27.9806033], [-82.8201507, 27.980826], [-82.8201974, 27.9808156], [-82.820193, 27.9807952], [-82.820251, 27.9807781], [-82.8203181, 27.9807112], [-82.820364, 27.9806365], [-82.8203877, 27.9805502]]]}}, {"id": "207", "type": "Feature", "properties": {"id": "38137b61-3a37-4d5d-b69a-39cd552e6167", "name": null, "subtype": null, "class": null, "height": 8.04, "num_floors": null, "surge_class": 0, "surge_ft": 0.0, "flood_active": false, "exposure_score": 0.0, "exposure_category": "none"}, "geometry": {"type": "Polygon", "coordinates": [[[-82.8213056, 27.9790235], [-82.8221562, 27.9796583], [-82.8221927, 27.9796856], [-82.8222868, 27.9795896], [-82.821393, 27.9789145], [-82.8211681, 27.9789396], [-82.8211678, 27.9789595], [-82.8210393, 27.9790169], [-82.8210592, 27.9790519], [-82.8210393, 27.9790928], [-82.8210608, 27.9791039], [-82.8210259, 27.9791734], [-82.8209499, 27.9792509], [-82.8209642, 27.9792734], [-82.8209428, 27.9793154], [-82.8209696, 27.9793286], [-82.8214846, 27.9799264], [-82.821368, 27.9800065], [-82.8215545, 27.9802268], [-82.8217904, 27.9800713], [-82.8217577, 27.9800302], [-82.8219701, 27.97988], [-82.821821, 27.9796938], [-82.8216347, 27.9798146], [-82.8215892, 27.9798258], [-82.821101, 27.9792549], [-82.8211721, 27.9790946], [-82.8212486, 27.979081], [-82.8213056, 27.9790235]]]}}, {"id": "208", "type": "Feature", "properties": {"id": "85ac5dd4-fe5a-49db-835d-859208bf4cdb", "name": null, "subtype": null, "class": null, "height": 15.26, "num_floors": null, "surge_class": 6, "surge_ft": 5.5, "flood_active": false, "exposure_score": 0.165, "exposure_category": "low"}, "geometry": {"type": "Polygon", "coordinates": [[[-82.820776, 27.9785621], [-82.8207288, 27.9785263], [-82.8205554, 27.9787102], [-82.8206041, 27.9787468], [-82.8207628, 27.9785763], [-82.8207676, 27.9785698], [-82.8207683, 27.9785703], [-82.820776, 27.9785621]]]}}, {"id": "209", "type": "Feature", "properties": {"id": "7954d416-a831-4b8f-a448-8e0f1a033cf5", "name": null, "subtype": null, "class": null, "height": 8.53, "num_floors": null, "surge_class": 0, "surge_ft": 0.0, "flood_active": false, "exposure_score": 0.0, "exposure_category": "none"}, "geometry": {"type": "Polygon", "coordinates": [[[-82.8246185, 27.9765669], [-82.8245706, 27.97657], [-82.824586, 27.976782], [-82.8246338, 27.976779], [-82.8246185, 27.9765669]]]}}, {"id": "210", "type": "Feature", "properties": {"id": "fa8d5a50-7c04-40d0-9261-1e0a9d0aa874", "name": "The Bait House", "subtype": "commercial", "class": null, "height": 9.2, "num_floors": null, "surge_class": 0, "surge_ft": 0.0, "flood_active": false, "exposure_score": 0.0, "exposure_category": "none"}, "geometry": {"type": "Polygon", "coordinates": [[[-82.8245753, 27.9769719], [-82.8246318, 27.9769671], [-82.8246221, 27.9768651], [-82.8245791, 27.9768688], [-82.8245823, 27.9769025], [-82.8245535, 27.9769049], [-82.824558, 27.9769543], [-82.8244049, 27.976969], [-82.8244102, 27.9770275], [-82.8245792, 27.977014], [-82.8245753, 27.9769719]]]}}, {"id": "211", "type": "Feature", "properties": {"id": "1be169df-46a5-4843-8c26-3642a980981e", "name": null, "subtype": "civic", "class": null, "height": null, "num_floors": null, "surge_class": 5, "surge_ft": 4.5, "flood_active": false, "exposure_score": 0.135, "exposure_category": "low"}, "geometry": {"type": "Polygon", "coordinates": [[[-82.8251276, 27.977741], [-82.8251655, 27.9777399], [-82.8251649, 27.977724], [-82.825127, 27.9777251], [-82.8251276, 27.977741]]]}}, {"id": "212", "type": "Feature", "properties": {"id": "c20a7a1a-0a6e-4484-b15c-2e11960cdf1e", "name": "Barefoot Bay Motel", "subtype": null, "class": null, "height": 12.59, "num_floors": null, "surge_class": 6, "surge_ft": 5.5, "flood_active": false, "exposure_score": 0.165, "exposure_category": "low"}, "geometry": {"type": "Polygon", "coordinates": [[[-82.8253929, 27.9779703], [-82.8253924, 27.9781306], [-82.8255318, 27.9781309], [-82.8255318, 27.9781283], [-82.8259238, 27.9781293], [-82.8259243, 27.9779772], [-82.8258561, 27.977977], [-82.8258559, 27.978053], [-82.8255309, 27.9780522], [-82.8255311, 27.9779956], [-82.8255016, 27.9779956], [-82.8255017, 27.9779705], [-82.8253929, 27.9779703]]]}}, {"id": "213", "type": "Feature", "properties": {"id": "a92cd66f-8381-47fe-a46e-b5d512536a1c", "name": null, "subtype": "civic", "class": null, "height": null, "num_floors": null, "surge_class": 4, "surge_ft": 3.5, "flood_active": false, "exposure_score": 0.105, "exposure_category": "low"}, "geometry": {"type": "Polygon", "coordinates": [[[-82.8253984, 27.9777332], [-82.8254363, 27.9777321], [-82.8254357, 27.9777162], [-82.8253978, 27.9777173], [-82.8253984, 27.9777332]]]}}, {"id": "214", "type": "Feature", "properties": {"id": "d697e4c8-bd41-4ca4-a840-368d0255e80f", "name": null, "subtype": "civic", "class": null, "height": null, "num_floors": null, "surge_class": 5, "surge_ft": 4.5, "flood_active": false, "exposure_score": 0.135, "exposure_category": "low"}, "geometry": {"type": "Polygon", "coordinates": [[[-82.825264, 27.9777369], [-82.8253019, 27.9777359], [-82.8253013, 27.9777199], [-82.8252634, 27.977721], [-82.825264, 27.9777369]]]}}, {"id": "215", "type": "Feature", "properties": {"id": "6900f5f2-3923-4095-8fe1-658e7155f306", "name": "Queen Fleet Deep Sea Fishing", "subtype": null, "class": null, "height": null, "num_floors": null, "surge_class": 7, "surge_ft": 6.5, "flood_active": false, "exposure_score": 0.195, "exposure_category": "low"}, "geometry": {"type": "Polygon", "coordinates": [[[-82.8250773, 27.9767574], [-82.8251198, 27.9767565], [-82.8251189, 27.9767241], [-82.8250764, 27.9767251], [-82.8250773, 27.9767574]]]}}, {"id": "216", "type": "Feature", "properties": {"id": "5d98e6e1-b0b5-4f1c-b027-432989b0d358", "name": null, "subtype": null, "class": null, "height": 8.39, "num_floors": null, "surge_class": 0, "surge_ft": 0.0, "flood_active": false, "exposure_score": 0.0, "exposure_category": "none"}, "geometry": {"type": "Polygon", "coordinates": [[[-82.8253835, 27.9764968], [-82.8253441, 27.9764991], [-82.8253523, 27.97662], [-82.8253917, 27.9766177], [-82.8253835, 27.9764968]]]}}, {"id": "217", "type": "Feature", "properties": {"id": "59576074-a0bc-4ecb-806a-34387c1f78e6", "name": "Clearwater Beach Municipal Marina", "subtype": null, "class": null, "height": 18.7, "num_floors": 3, "surge_class": 6, "surge_ft": 5.5, "flood_active": false, "exposure_score": 0.165, "exposure_category": "low"}, "geometry": {"type": "Polygon", "coordinates": [[[-82.825949, 27.9767864], [-82.8259546, 27.9768612], [-82.8260284, 27.9768562], [-82.8260323, 27.9769091], [-82.8267217, 27.976864], [-82.8267083, 27.9766975], [-82.8259598, 27.9767496], [-82.8259623, 27.9767856], [-82.825949, 27.9767864]]]}}, {"id": "218", "type": "Feature", "properties": {"id": "10909dd5-93a7-42af-8c11-49c9f22b308c", "name": "Walgreens", "subtype": null, "class": null, "height": 14.69, "num_floors": null, "surge_class": 5, "surge_ft": 4.5, "flood_active": false, "exposure_score": 0.135, "exposure_category": "low"}, "geometry": {"type": "Polygon", "coordinates": [[[-82.8261009, 27.9782358], [-82.8260689, 27.9784804], [-82.8263762, 27.9784814], [-82.8263752, 27.9784627], [-82.826427, 27.9784638], [-82.8264459, 27.9782763], [-82.8264683, 27.9782779], [-82.8264748, 27.9782068], [-82.8261652, 27.9781725], [-82.8261621, 27.9781931], [-82.8261264, 27.9781899], [-82.8261209, 27.9782381], [-82.8261009, 27.9782358]]]}}, {"id": "219", "type": "Feature", "properties": {"id": "1bd430e1-df8a-40ab-8065-17b6234213f8", "name": null, "subtype": null, "class": null, "height": 18.43, "num_floors": null, "surge_class": 6, "surge_ft": 5.5, "flood_active": false, "exposure_score": 0.165, "exposure_category": "low"}, "geometry": {"type": "Polygon", "coordinates": [[[-82.8265635, 27.9788541], [-82.8266893, 27.9788544], [-82.8266895, 27.9787977], [-82.8265636, 27.9787974], [-82.8265635, 27.9788541]]]}}, {"id": "220", "type": "Feature", "properties": {"id": "a9082eb4-a292-41a7-a418-2f0dc2bd3ac7", "name": null, "subtype": null, "class": null, "height": 11.44, "num_floors": null, "surge_class": 5, "surge_ft": 4.5, "flood_active": false, "exposure_score": 0.135, "exposure_category": "low"}, "geometry": {"type": "Polygon", "coordinates": [[[-82.8260104, 27.9789717], [-82.8260105, 27.9790606], [-82.8260825, 27.9790605], [-82.8260825, 27.9790685], [-82.8261307, 27.9790684], [-82.8261307, 27.9790533], [-82.8262665, 27.9790532], [-82.8262665, 27.979067], [-82.8263263, 27.9790669], [-82.8263262, 27.9789262], [-82.8260804, 27.9789264], [-82.8260804, 27.9789717], [-82.8260104, 27.9789717]]]}}, {"id": "221", "type": "Feature", "properties": {"id": "68253c3e-37e8-4fb1-8e9a-b10c6d3421b1", "name": null, "subtype": null, "class": null, "height": 18.29, "num_floors": null, "surge_class": 5, "surge_ft": 4.5, "flood_active": false, "exposure_score": 0.135, "exposure_category": "low"}, "geometry": {"type": "Polygon", "coordinates": [[[-82.8259597, 27.9793765], [-82.82596, 27.9794694], [-82.8263027, 27.9794685], [-82.8263024, 27.9793755], [-82.8259597, 27.9793765]]]}}, {"id": "222", "type": "Feature", "properties": {"id": "dce4f6bf-cf27-41e7-add7-9e9e9e5bc6fe", "name": "Coco's Crush Bar North Beach", "subtype": "commercial", "class": null, "height": 12.38, "num_floors": 1, "surge_class": 5, "surge_ft": 4.5, "flood_active": false, "exposure_score": 0.135, "exposure_category": "low"}, "geometry": {"type": "Polygon", "coordinates": [[[-82.8260986, 27.9793148], [-82.8261151, 27.9793166], [-82.8261442, 27.9791105], [-82.826131, 27.979109], [-82.8261326, 27.9790975], [-82.8261019, 27.9790941], [-82.8261031, 27.9790857], [-82.8260094, 27.9790754], [-82.8260073, 27.9790906], [-82.8259898, 27.9790886], [-82.825957, 27.979322], [-82.8260954, 27.9793372], [-82.8260986, 27.9793148]]]}}, {"id": "223", "type": "Feature", "properties": {"id": "13f5eb91-4f39-40d7-a500-7aa8c93490af", "name": null, "subtype": null, "class": null, "height": 18.75, "num_floors": null, "surge_class": 6, "surge_ft": 5.5, "flood_active": false, "exposure_score": 0.165, "exposure_category": "low"}, "geometry": {"type": "Polygon", "coordinates": [[[-82.8255341, 27.978256], [-82.8255331, 27.9783053], [-82.8258936, 27.9783058], [-82.8258945, 27.9782582], [-82.8258955, 27.9782136], [-82.8255348, 27.9782106], [-82.8255341, 27.978256]]]}}, {"id": "224", "type": "Feature", "properties": {"id": "bc92260d-d309-4ef4-a5a7-e60d78a51a8e", "name": null, "subtype": null, "class": null, "height": 19.29, "num_floors": null, "surge_class": 6, "surge_ft": 5.5, "flood_active": false, "exposure_score": 0.165, "exposure_category": "low"}, "geometry": {"type": "Polygon", "coordinates": [[[-82.8254215, 27.9782201], [-82.825423, 27.9783098], [-82.8254961, 27.9783089], [-82.8254946, 27.9782191], [-82.8254215, 27.9782201]]]}}, {"id": "225", "type": "Feature", "properties": {"id": "2ce924f1-f423-4992-9e5f-9ac6fe0c7aa3", "name": null, "subtype": null, "class": null, "height": 10.39, "num_floors": null, "surge_class": 6, "surge_ft": 5.5, "flood_active": false, "exposure_score": 0.165, "exposure_category": "low"}, "geometry": {"type": "Polygon", "coordinates": [[[-82.8257505, 27.9792544], [-82.8257575, 27.9791797], [-82.8255968, 27.9791678], [-82.8255898, 27.9792425], [-82.8257505, 27.9792544]]]}}, {"id": "226", "type": "Feature", "properties": {"id": "46c5b55e-81e3-464a-af22-74a6e5d024b7", "name": null, "subtype": null, "class": null, "height": 10.33, "num_floors": null, "surge_class": 5, "surge_ft": 4.5, "flood_active": false, "exposure_score": 0.135, "exposure_category": "low"}, "geometry": {"type": "Polygon", "coordinates": [[[-82.8255947, 27.9792568], [-82.8255877, 27.9793307], [-82.8257305, 27.9793401], [-82.8257372, 27.9792675], [-82.8255947, 27.9792568]]]}}, {"id": "227", "type": "Feature", "properties": {"id": "3346c203-c7a2-467c-8601-59bce4bdd500", "name": "Frenchy's Oasis", "subtype": null, "class": null, "height": 19.5, "num_floors": null, "surge_class": 6, "surge_ft": 5.5, "flood_active": false, "exposure_score": 0.165, "exposure_category": "low"}, "geometry": {"type": "Polygon", "coordinates": [[[-82.8255524, 27.9793469], [-82.8253496, 27.9795982], [-82.825735, 27.979606], [-82.8257376, 27.9795306], [-82.8255707, 27.9795257], [-82.8256696, 27.9794056], [-82.8256717, 27.9793501], [-82.8255524, 27.9793469]]]}}, {"id": "228", "type": "Feature", "properties": {"id": "af89cff0-8a0d-44d7-9ad5-889d3c4136e2", "name": null, "subtype": null, "class": null, "height": 13.73, "num_floors": null, "surge_class": 6, "surge_ft": 5.5, "flood_active": false, "exposure_score": 0.165, "exposure_category": "low"}, "geometry": {"type": "Polygon", "coordinates": [[[-82.8253113, 27.9796269], [-82.825311, 27.9797429], [-82.8256612, 27.9797435], [-82.8256614, 27.9796405], [-82.825451, 27.9796381], [-82.8254514, 27.9796571], [-82.8254051, 27.9796577], [-82.8254056, 27.9796271], [-82.8253113, 27.9796269]]]}}, {"id": "229", "type": "Feature", "properties": {"id": "56ad5249-d4a5-4ce4-a5aa-94ece2cbcd99", "name": null, "subtype": null, "class": null, "height": 13.93, "num_floors": null, "surge_class": 6, "surge_ft": 5.5, "flood_active": false, "exposure_score": 0.165, "exposure_category": "low"}, "geometry": {"type": "Polygon", "coordinates": [[[-82.8256976, 27.9798854], [-82.8256977, 27.9798589], [-82.825636, 27.9798587], [-82.8256362, 27.9797913], [-82.8253226, 27.9797904], [-82.8253222, 27.9798744], [-82.825629, 27.9798754], [-82.825629, 27.9798852], [-82.8256976, 27.9798854]]]}}, {"id": "230", "type": "Feature", "properties": {"id": "cd60b1a4-4e6a-440c-9e64-2bb86ce926cc", "name": "Courtyard Clearwater Beach", "subtype": null, "class": null, "height": 13.591292381286621, "num_floors": null, "surge_class": 6, "surge_ft": 5.5, "flood_active": false, "exposure_score": 0.165, "exposure_category": "low"}, "geometry": {"type": "Polygon", "coordinates": [[[-82.8255185, 27.9807261], [-82.825585, 27.9807327], [-82.8255931, 27.9806693], [-82.825613, 27.9805141], [-82.8255993, 27.9805127], [-82.825618, 27.9803667], [-82.8256405, 27.9803689], [-82.8256586, 27.980227], [-82.8256697, 27.98014], [-82.8256599, 27.980139], [-82.8256681, 27.9800749], [-82.8252873, 27.9800369], [-82.8251955, 27.980753], [-82.825511, 27.9807845], [-82.8255185, 27.9807261]]]}}, {"id": "231", "type": "Feature", "properties": {"id": "2723df1e-7c34-4ee2-b3fb-f0cd33c525f8", "name": null, "subtype": null, "class": null, "height": 18.25, "num_floors": null, "surge_class": 5, "surge_ft": 4.5, "flood_active": false, "exposure_score": 0.135, "exposure_category": "low"}, "geometry": {"type": "Polygon", "coordinates": [[[-82.8259784, 27.980419], [-82.8258407, 27.9804177], [-82.8258402, 27.9804572], [-82.8258397, 27.9804967], [-82.8258392, 27.9805362], [-82.825977, 27.9805376], [-82.8259779, 27.9804585], [-82.8259784, 27.980419]]]}}, {"id": "232", "type": "Feature", "properties": {"id": "c73a8cc6-1e91-4b87-b322-19bd953fe236", "name": null, "subtype": null, "class": null, "height": 18.17, "num_floors": null, "surge_class": 5, "surge_ft": 4.5, "flood_active": false, "exposure_score": 0.135, "exposure_category": "low"}, "geometry": {"type": "Polygon", "coordinates": [[[-82.8260404, 27.9804128], [-82.8259947, 27.9804127], [-82.8259945, 27.9804538], [-82.8259944, 27.9804948], [-82.8259943, 27.9805359], [-82.82604, 27.980536], [-82.8260857, 27.9805361], [-82.8261314, 27.9805362], [-82.8261315, 27.9804951], [-82.8261316, 27.9804541], [-82.8261318, 27.980413], [-82.8260861, 27.9804129], [-82.8260404, 27.9804128]]]}}, {"id": "233", "type": "Feature", "properties": {"id": "612e7ad8-c931-4402-865b-72fba7a4f979", "name": null, "subtype": null, "class": null, "height": 12.43, "num_floors": null, "surge_class": 5, "surge_ft": 4.5, "flood_active": false, "exposure_score": 0.135, "exposure_category": "low"}, "geometry": {"type": "Polygon", "coordinates": [[[-82.8259791, 27.9803323], [-82.8259789, 27.9804027], [-82.8261659, 27.9804031], [-82.8261661, 27.9803327], [-82.8259791, 27.9803323]]]}}, {"id": "234", "type": "Feature", "properties": {"id": "ea553e0a-4dcf-4abc-b016-917fe59e507b", "name": null, "subtype": null, "class": null, "height": 11.24, "num_floors": null, "surge_class": 5, "surge_ft": 4.5, "flood_active": false, "exposure_score": 0.135, "exposure_category": "low"}, "geometry": {"type": "Polygon", "coordinates": [[[-82.8259973, 27.9802601], [-82.825997, 27.9801739], [-82.826067, 27.9801735], [-82.826067, 27.9801275], [-82.8258579, 27.9801275], [-82.8258577, 27.9801527], [-82.8258371, 27.9801527], [-82.825837, 27.980224], [-82.8258611, 27.9802238], [-82.8258612, 27.9802621], [-82.8259973, 27.9802601]]]}}, {"id": "235", "type": "Feature", "properties": {"id": "b01fa8f0-648b-45ec-9726-d2cab3328e2b", "name": null, "subtype": null, "class": null, "height": 11.16, "num_floors": null, "surge_class": 5, "surge_ft": 4.5, "flood_active": false, "exposure_score": 0.135, "exposure_category": "low"}, "geometry": {"type": "Polygon", "coordinates": [[[-82.8258341, 27.9804003], [-82.8259563, 27.9804005], [-82.8259567, 27.9803016], [-82.8258344, 27.9803013], [-82.8258341, 27.9804003]]]}}, {"id": "236", "type": "Feature", "properties": {"id": "e573474a-792c-40f0-9808-5f51d72067d7", "name": null, "subtype": null, "class": null, "height": 12.18, "num_floors": null, "surge_class": 5, "surge_ft": 4.5, "flood_active": false, "exposure_score": 0.135, "exposure_category": "low"}, "geometry": {"type": "Polygon", "coordinates": [[[-82.8258548, 27.9799], [-82.8260173, 27.9799003], [-82.8260503, 27.9796414], [-82.825935, 27.9796308], [-82.8259199, 27.9797622], [-82.8258732, 27.979763], [-82.8258548, 27.9799]]]}}, {"id": "237", "type": "Feature", "properties": {"id": "b2dbdc32-6d93-43c8-a33e-d3f5efe50fae", "name": null, "subtype": null, "class": null, "height": 9.31, "num_floors": null, "surge_class": 5, "surge_ft": 4.5, "flood_active": false, "exposure_score": 0.135, "exposure_category": "low"}, "geometry": {"type": "Polygon", "coordinates": [[[-82.8259613, 27.9796253], [-82.8260459, 27.9796353], [-82.8260643, 27.9794898], [-82.82598, 27.9794798], [-82.8259613, 27.9796253]]]}}, {"id": "238", "type": "Feature", "properties": {"id": "2afdb493-4921-487d-806a-15ae40373fd8", "name": null, "subtype": null, "class": null, "height": 18.28, "num_floors": null, "surge_class": 5, "surge_ft": 4.5, "flood_active": false, "exposure_score": 0.135, "exposure_category": "low"}, "geometry": {"type": "Polygon", "coordinates": [[[-82.8260684, 27.9797706], [-82.8260548, 27.979892], [-82.826223, 27.9798929], [-82.8262507, 27.979872], [-82.8263012, 27.9794716], [-82.8260751, 27.9794709], [-82.8260688, 27.9795184], [-82.8261152, 27.9795236], [-82.826108, 27.9795817], [-82.8261368, 27.9795851], [-82.8261129, 27.9797756], [-82.8260684, 27.9797706]]]}}, {"id": "239", "type": "Feature", "properties": {"id": "b50466a2-e93d-4e88-b1be-520842794793", "name": "Blue Wave Motel Suites", "subtype": null, "class": null, "height": 18.31, "num_floors": null, "surge_class": 5, "surge_ft": 4.5, "flood_active": false, "exposure_score": 0.135, "exposure_category": "low"}, "geometry": {"type": "Polygon", "coordinates": [[[-82.8258707, 27.9800245], [-82.8258694, 27.9801293], [-82.8262147, 27.9801281], [-82.8262281, 27.9800073], [-82.8262141, 27.9799937], [-82.8261624, 27.9799943], [-82.8261618, 27.9800257], [-82.8258707, 27.9800245]]]}}, {"id": "240", "type": "Feature", "properties": {"id": "1d1ddd24-83a8-4c1a-851e-b46de29ab5ff", "name": null, "subtype": null, "class": null, "height": 11.14, "num_floors": null, "surge_class": 5, "surge_ft": 4.5, "flood_active": false, "exposure_score": 0.135, "exposure_category": "low"}, "geometry": {"type": "Polygon", "coordinates": [[[-82.8264802, 27.9796396], [-82.8264791, 27.9797384], [-82.8268127, 27.9797413], [-82.8268137, 27.9796424], [-82.8264802, 27.9796396]]]}}, {"id": "241", "type": "Feature", "properties": {"id": "24273bb0-5770-47c1-bb61-9d25266eced2", "name": null, "subtype": null, "class": null, "height": 9.96, "num_floors": null, "surge_class": 6, "surge_ft": 5.5, "flood_active": false, "exposure_score": 0.165, "exposure_category": "low"}, "geometry": {"type": "Polygon", "coordinates": [[[-82.8267664, 27.9798554], [-82.8267832, 27.9798559], [-82.8267847, 27.9797506], [-82.8267003, 27.979748], [-82.8266995, 27.9797788], [-82.8266158, 27.9797762], [-82.8266138, 27.9798551], [-82.8266335, 27.9798557], [-82.8266328, 27.9798764], [-82.8267656, 27.9798795], [-82.8267664, 27.9798554]]]}}, {"id": "242", "type": "Feature", "properties": {"id": "655970a4-0250-431c-aa93-0e463627035d", "name": null, "subtype": null, "class": null, "height": 3.674041271209717, "num_floors": null, "surge_class": 6, "surge_ft": 5.5, "flood_active": false, "exposure_score": 0.165, "exposure_category": "low"}, "geometry": {"type": "Polygon", "coordinates": [[[-82.8265248, 27.979876], [-82.8265947, 27.9798765], [-82.8265958, 27.9797683], [-82.8265259, 27.9797677], [-82.8265248, 27.979876]]]}}, {"id": "243", "type": "Feature", "properties": {"id": "ba62f2bd-a527-4274-9907-d63ff7121090", "name": null, "subtype": null, "class": null, "height": 10.77, "num_floors": null, "surge_class": 5, "surge_ft": 4.5, "flood_active": false, "exposure_score": 0.135, "exposure_category": "low"}, "geometry": {"type": "Polygon", "coordinates": [[[-82.8266344, 27.9804104], [-82.826699, 27.980411], [-82.8267005, 27.9802719], [-82.8264856, 27.9802701], [-82.8264847, 27.9803485], [-82.8265026, 27.9803487], [-82.8265018, 27.9804218], [-82.8266342, 27.9804229], [-82.8266344, 27.9804104]]]}}, {"id": "244", "type": "Feature", "properties": {"id": "d87e25e7-20da-419f-8fab-d48f36a57237", "name": "Bob Heilman's Beachcomber", "subtype": "commercial", "class": null, "height": 15.41, "num_floors": null, "surge_class": 5, "surge_ft": 4.5, "flood_active": false, "exposure_score": 0.135, "exposure_category": "low"}, "geometry": {"type": "Polygon", "coordinates": [[[-82.8268112, 27.980004], [-82.8267732, 27.9802713], [-82.8268397, 27.9802726], [-82.826837, 27.9802953], [-82.8268949, 27.9802965], [-82.8268979, 27.9802731], [-82.8269959, 27.9802741], [-82.8269947, 27.9802842], [-82.8270736, 27.980285], [-82.8271054, 27.9800505], [-82.8270326, 27.9800505], [-82.8270407, 27.9799983], [-82.8269101, 27.9799983], [-82.8269027, 27.9800479], [-82.8268624, 27.9800465], [-82.8268686, 27.9800054], [-82.8268112, 27.980004]]]}}, {"id": "245", "type": "Feature", "properties": {"id": "1d9f2558-da1c-42b9-8435-342d767b925e", "name": null, "subtype": null, "class": null, "height": 9.31, "num_floors": null, "surge_class": 6, "surge_ft": 5.5, "flood_active": false, "exposure_score": 0.165, "exposure_category": "low"}, "geometry": {"type": "Polygon", "coordinates": [[[-82.826897, 27.9804083], [-82.8268968, 27.9804626], [-82.8270451, 27.9804629], [-82.8270453, 27.9804086], [-82.826897, 27.9804083]]]}}, {"id": "246", "type": "Feature", "properties": {"id": "345cf187-4e3d-4e98-9ca7-225dfc6bf1cb", "name": "Jimmy Hulas", "subtype": "commercial", "class": null, "height": 12.6, "num_floors": null, "surge_class": 5, "surge_ft": 4.5, "flood_active": false, "exposure_score": 0.135, "exposure_category": "low"}, "geometry": {"type": "Polygon", "coordinates": [[[-82.8273253, 27.9803541], [-82.827305, 27.9804931], [-82.8276036, 27.9805251], [-82.8276221, 27.9803865], [-82.8273253, 27.9803541]]]}}, {"id": "247", "type": "Feature", "properties": {"id": "ba89e977-37a1-46b3-ae9c-6fea19057109", "name": null, "subtype": null, "class": null, "height": 18.39, "num_floors": null, "surge_class": 6, "surge_ft": 5.5, "flood_active": false, "exposure_score": 0.165, "exposure_category": "low"}, "geometry": {"type": "Polygon", "coordinates": [[[-82.8274784, 27.9805151], [-82.8273036, 27.9804954], [-82.8272473, 27.9809075], [-82.8274201, 27.980926], [-82.8274784, 27.9805151]]]}}, {"id": "248", "type": "Feature", "properties": {"id": "e7cd2a4a-ba3a-4dca-9b33-1fe39f6160b6", "name": null, "subtype": null, "class": null, "height": 18.35, "num_floors": null, "surge_class": 5, "surge_ft": 4.5, "flood_active": false, "exposure_score": 0.135, "exposure_category": "low"}, "geometry": {"type": "Polygon", "coordinates": [[[-82.8273293, 27.9803294], [-82.8273257, 27.9803521], [-82.8276219, 27.9803861], [-82.827658, 27.9801305], [-82.8275884, 27.9801214], [-82.8276055, 27.9800083], [-82.8274278, 27.980012], [-82.8274143, 27.9799939], [-82.8273534, 27.9800337], [-82.8273665, 27.980057], [-82.8273396, 27.9802599], [-82.8273284, 27.9802585], [-82.8273179, 27.9803279], [-82.8273293, 27.9803294]]]}}, {"id": "249", "type": "Feature", "properties": {"id": "48fda9c2-a74f-4773-9814-334f637ef154", "name": null, "subtype": null, "class": null, "height": 11.78, "num_floors": null, "surge_class": 5, "surge_ft": 4.5, "flood_active": false, "exposure_score": 0.135, "exposure_category": "low"}, "geometry": {"type": "Polygon", "coordinates": [[[-82.826841, 27.9796289], [-82.8268401, 27.9797497], [-82.8271433, 27.97975], [-82.8271529, 27.979629], [-82.826841, 27.9796289]]]}}, {"id": "250", "type": "Feature", "properties": {"id": "631685d3-e6d7-475a-be36-c39402fd5816", "name": null, "subtype": null, "class": null, "height": 14.72, "num_floors": null, "surge_class": 6, "surge_ft": 5.5, "flood_active": false, "exposure_score": 0.165, "exposure_category": "low"}, "geometry": {"type": "Polygon", "coordinates": [[[-82.8270151, 27.9798745], [-82.8271298, 27.9798906], [-82.8271486, 27.9797712], [-82.8269872, 27.9797506], [-82.8268109, 27.9797506], [-82.8267898, 27.9798887], [-82.8268191, 27.9798928], [-82.8268224, 27.9798717], [-82.8270117, 27.979896], [-82.8270151, 27.9798745]]]}}, {"id": "251", "type": "Feature", "properties": {"id": "3e03bd40-f4fa-42d6-9a36-b9cc7826ba85", "name": null, "subtype": null, "class": null, "height": 18.26, "num_floors": null, "surge_class": 5, "surge_ft": 4.5, "flood_active": false, "exposure_score": 0.135, "exposure_category": "low"}, "geometry": {"type": "Polygon", "coordinates": [[[-82.8272209, 27.979209], [-82.827242, 27.9790693], [-82.8269034, 27.9790716], [-82.8269024, 27.9792096], [-82.8272209, 27.979209]]]}}, {"id": "252", "type": "Feature", "properties": {"id": "1f731852-e703-46e2-81b0-764e27451af0", "name": null, "subtype": null, "class": null, "height": 18.26, "num_floors": null, "surge_class": 5, "surge_ft": 4.5, "flood_active": false, "exposure_score": 0.135, "exposure_category": "low"}, "geometry": {"type": "Polygon", "coordinates": [[[-82.8269458, 27.9793724], [-82.8269461, 27.9793561], [-82.8270479, 27.9793588], [-82.8270472, 27.9793978], [-82.8270904, 27.9793987], [-82.8270899, 27.9794241], [-82.8270892, 27.9794648], [-82.8271797, 27.9794674], [-82.8271843, 27.9794272], [-82.8272092, 27.9792103], [-82.8268824, 27.9792112], [-82.8268835, 27.9790854], [-82.8267529, 27.9790839], [-82.8267527, 27.9792003], [-82.8267409, 27.9791999], [-82.8267389, 27.9793711], [-82.8269458, 27.9793724]]]}}, {"id": "253", "type": "Feature", "properties": {"id": "a86e2796-0b54-41a0-8453-9bb8a6ccc6e8", "name": null, "subtype": null, "class": null, "height": 8.99, "num_floors": null, "surge_class": 6, "surge_ft": 5.5, "flood_active": false, "exposure_score": 0.165, "exposure_category": "low"}, "geometry": {"type": "Polygon", "coordinates": [[[-82.8269141, 27.9789354], [-82.8269082, 27.9790046], [-82.8272494, 27.9790037], [-82.8272588, 27.9789337], [-82.8269141, 27.9789354]]]}}, {"id": "254", "type": "Feature", "properties": {"id": "6dc97e47-5fc0-4dd3-96fc-7430a8f705c8", "name": null, "subtype": null, "class": null, "height": 18.22, "num_floors": null, "surge_class": 5, "surge_ft": 4.5, "flood_active": false, "exposure_score": 0.135, "exposure_category": "low"}, "geometry": {"type": "Polygon", "coordinates": [[[-82.8272494, 27.9790037], [-82.8269089, 27.9790052], [-82.8269056, 27.9790694], [-82.8272409, 27.979067], [-82.8272494, 27.9790037]]]}}, {"id": "255", "type": "Feature", "properties": {"id": "e07bcccb-4276-47b9-8c05-839504880b90", "name": null, "subtype": null, "class": null, "height": 16.01, "num_floors": null, "surge_class": 6, "surge_ft": 5.5, "flood_active": false, "exposure_score": 0.165, "exposure_category": "low"}, "geometry": {"type": "Polygon", "coordinates": [[[-82.8272647, 27.978866], [-82.8269229, 27.9788644], [-82.8269122, 27.9788762], [-82.8269128, 27.9788762], [-82.8269139, 27.9789319], [-82.8272646, 27.9789325], [-82.8272647, 27.978866]]]}}, {"id": "256", "type": "Feature", "properties": {"id": "af9eec8a-90a6-4322-b588-e5969dafa945", "name": null, "subtype": null, "class": null, "height": 15.9, "num_floors": null, "surge_class": 5, "surge_ft": 4.5, "flood_active": false, "exposure_score": 0.135, "exposure_category": "low"}, "geometry": {"type": "Polygon", "coordinates": [[[-82.8272648, 27.9788016], [-82.8268679, 27.978801], [-82.8268677, 27.9788765], [-82.8269122, 27.9788762], [-82.8269229, 27.9788644], [-82.8272647, 27.978866], [-82.8272648, 27.9788016]]]}}, {"id": "257", "type": "Feature", "properties": {"id": "31472df7-6681-4a8d-85f6-47b232f7f3f8", "name": null, "subtype": null, "class": null, "height": 18.16, "num_floors": null, "surge_class": 5, "surge_ft": 4.5, "flood_active": false, "exposure_score": 0.135, "exposure_category": "low"}, "geometry": {"type": "Polygon", "coordinates": [[[-82.8268246, 27.9780755], [-82.8267715, 27.9784919], [-82.8269635, 27.9785129], [-82.8270261, 27.9780502], [-82.8268824, 27.9780311], [-82.8268518, 27.9779973], [-82.8267934, 27.9780376], [-82.8268246, 27.9780755]]]}}, {"id": "258", "type": "Feature", "properties": {"id": "26a8e28c-7bbb-4c41-967c-dea8bcbd5c72", "name": null, "subtype": null, "class": null, "height": 18.14, "num_floors": null, "surge_class": 5, "surge_ft": 4.5, "flood_active": false, "exposure_score": 0.135, "exposure_category": "low"}, "geometry": {"type": "Polygon", "coordinates": [[[-82.8270898, 27.978184], [-82.8270643, 27.9783853], [-82.8273306, 27.9783871], [-82.8273614, 27.978184], [-82.8270898, 27.978184]]]}}, {"id": "259", "type": "Feature", "properties": {"id": "cc5cf2d9-75b0-4072-b999-c40e0b08c284", "name": null, "subtype": "residential", "class": "apartments", "height": 12.46, "num_floors": null, "surge_class": 5, "surge_ft": 4.5, "flood_active": false, "exposure_score": 0.135, "exposure_category": "low"}, "geometry": {"type": "Polygon", "coordinates": [[[-82.8270647, 27.978388], [-82.8270531, 27.9784627], [-82.8273153, 27.9784638], [-82.8273262, 27.9783903], [-82.8270647, 27.978388]]]}}, {"id": "260", "type": "Feature", "properties": {"id": "804d78fe-161c-410c-b262-a8bc2bfa0041", "name": null, "subtype": null, "class": null, "height": 8.37, "num_floors": null, "surge_class": 6, "surge_ft": 5.5, "flood_active": false, "exposure_score": 0.165, "exposure_category": "low"}, "geometry": {"type": "Polygon", "coordinates": [[[-82.8269919, 27.9784652], [-82.8269837, 27.9785239], [-82.8273036, 27.9785245], [-82.8273118, 27.9784658], [-82.8269919, 27.9784652]]]}}, {"id": "261", "type": "Feature", "properties": {"id": "266c4b50-f5bd-4b98-8f26-7f4adfa81102", "name": null, "subtype": null, "class": null, "height": 18.16, "num_floors": null, "surge_class": 5, "surge_ft": 4.5, "flood_active": false, "exposure_score": 0.135, "exposure_category": "low"}, "geometry": {"type": "Polygon", "coordinates": [[[-82.8273124, 27.9785268], [-82.8271039, 27.9785268], [-82.8270878, 27.9786695], [-82.8272917, 27.9786666], [-82.8273124, 27.9785268]]]}}, {"id": "262", "type": "Feature", "properties": {"id": "848d771b-1f4c-4f76-a5f3-cf1593aa7df5", "name": null, "subtype": null, "class": null, "height": 11.29, "num_floors": null, "surge_class": 5, "surge_ft": 4.5, "flood_active": false, "exposure_score": 0.135, "exposure_category": "low"}, "geometry": {"type": "Polygon", "coordinates": [[[-82.8270945, 27.9786713], [-82.8270795, 27.9788004], [-82.8272666, 27.9787998], [-82.8272836, 27.9786701], [-82.8270945, 27.9786713]]]}}, {"id": "263", "type": "Feature", "properties": {"id": "1a71fd75-dcb2-480b-8b9d-7e92af219f51", "name": "Hilton Clearwater Beach", "subtype": "commercial", "class": "hotel", "height": 34.14, "num_floors": null, "surge_class": 5, "surge_ft": 4.5, "flood_active": false, "exposure_score": 0.135, "exposure_category": "low"}, "geometry": {"type": "Polygon", "coordinates": [[[-82.8285361, 27.978913], [-82.8285631, 27.9787022], [-82.8283716, 27.9786774], [-82.8283743, 27.9786454], [-82.8281409, 27.9786169], [-82.8281342, 27.9786501], [-82.8281339, 27.9786525], [-82.8278655, 27.9786252], [-82.8276742, 27.9786058], [-82.827671, 27.9786264], [-82.8276474, 27.9786242], [-82.8276344, 27.9787093], [-82.8276045, 27.9787062], [-82.8275347, 27.9792521], [-82.8277593, 27.9792751], [-82.8279479, 27.9792944], [-82.8280149, 27.9793013], [-82.8280371, 27.9791468], [-82.8284011, 27.9791858], [-82.8283768, 27.9793868], [-82.8284869, 27.979402], [-82.8285251, 27.9791475], [-82.8285593, 27.9791507], [-82.8285902, 27.9789201], [-82.8285361, 27.978913]]]}}, {"id": "264", "type": "Feature", "properties": {"id": "eea63461-00ad-457b-a36d-b127ecdcb540", "name": null, "subtype": null, "class": null, "height": 11.87, "num_floors": null, "surge_class": 2, "surge_ft": 1.5, "flood_active": false, "exposure_score": 0.045, "exposure_category": "low"}, "geometry": {"type": "Polygon", "coordinates": [[[-82.8286092, 27.9783366], [-82.8286144, 27.9783266], [-82.82862, 27.978303], [-82.8286173, 27.9782911], [-82.8286051, 27.9782683], [-82.8285932, 27.9782567], [-82.828583, 27.9782503], [-82.8285649, 27.978244], [-82.8285683, 27.9782208], [-82.8285108, 27.9782138], [-82.8284858, 27.9783844], [-82.8285431, 27.9783918], [-82.8285466, 27.9783677], [-82.8285597, 27.9783672], [-82.8285717, 27.9783643], [-82.828583, 27.9783597], [-82.8285932, 27.9783534], [-82.828602, 27.9783456], [-82.8286092, 27.9783366]]]}}, {"id": "265", "type": "Feature", "properties": {"id": "08878777-322f-41a6-9c1c-13b5e4e8663f", "name": "Mandalay Beach Club", "subtype": "commercial", "class": "hotel", "height": 59.45, "num_floors": null, "surge_class": 5, "surge_ft": 4.5, "flood_active": false, "exposure_score": 0.135, "exposure_category": "low"}, "geometry": {"type": "Polygon", "coordinates": [[[-82.8282326, 27.9809959], [-82.8283571, 27.9800782], [-82.8282675, 27.980068], [-82.8281772, 27.9800577], [-82.8276908, 27.9800022], [-82.8275665, 27.9809215], [-82.8282326, 27.9809959]]]}}, {"id": "266", "type": "Feature", "properties": {"id": "aa5b0706-d01b-479d-ac64-cdebb0088333", "name": null, "subtype": "outbuilding", "class": "roof", "height": 15.21, "num_floors": null, "surge_class": 4, "surge_ft": 3.5, "flood_active": false, "exposure_score": 0.105, "exposure_category": "low"}, "geometry": {"type": "Polygon", "coordinates": [[[-82.8286651, 27.9777664], [-82.8288507, 27.9777856], [-82.8288779, 27.9775634], [-82.8286926, 27.9775428], [-82.8286651, 27.9777664]]]}}, {"id": "267", "type": "Feature", "properties": {"id": "49063fbe-21b3-498f-b371-0a87e0fb2e44", "name": null, "subtype": "outbuilding", "class": "roof", "height": null, "num_floors": null, "surge_class": 4, "surge_ft": 3.5, "flood_active": false, "exposure_score": 0.105, "exposure_category": "low"}, "geometry": {"type": "Polygon", "coordinates": [[[-82.8292809, 27.9773023], [-82.8293426, 27.9773114], [-82.8293536, 27.9772528], [-82.8292926, 27.9772438], [-82.8292809, 27.9773023]]]}}, {"id": "268", "type": "Feature", "properties": {"id": "aa4aee9f-f97e-4551-afe4-44aee7fc612a", "name": "Tower 4", "subtype": null, "class": null, "height": null, "num_floors": null, "surge_class": 6, "surge_ft": 5.5, "flood_active": false, "exposure_score": 0.165, "exposure_category": "low"}, "geometry": {"type": "Polygon", "coordinates": [[[-82.8296817, 27.9780337], [-82.8297162, 27.9780396], [-82.8297243, 27.9780026], [-82.8296898, 27.9779967], [-82.8296817, 27.9780337]]]}}, {"id": "269", "type": "Feature", "properties": {"id": "640ebffb-1857-4096-95bd-d5afd195a0fa", "name": null, "subtype": "outbuilding", "class": "roof", "height": null, "num_floors": null, "surge_class": 0, "surge_ft": 0.0, "flood_active": false, "exposure_score": 0.0, "exposure_category": "none"}, "geometry": {"type": "Polygon", "coordinates": [[[-82.8303802, 27.9774607], [-82.8304497, 27.9774714], [-82.8304571, 27.9774242], [-82.8303889, 27.9774139], [-82.8303802, 27.9774607]]]}}, {"id": "270", "type": "Feature", "properties": {"id": "83fa84a1-7459-434c-8f9c-b349606114e5", "name": null, "subtype": null, "class": null, "height": 10.52, "num_floors": null, "surge_class": 6, "surge_ft": 5.5, "flood_active": false, "exposure_score": 0.165, "exposure_category": "low"}, "geometry": {"type": "Polygon", "coordinates": [[[-82.8297461, 27.9773709], [-82.8298807, 27.9773909], [-82.829882, 27.9773841], [-82.8298906, 27.977339], [-82.8298918, 27.9773329], [-82.8297572, 27.9773128], [-82.8297461, 27.9773709]]]}}, {"id": "271", "type": "Feature", "properties": {"id": "2ec87c42-8f1b-4402-94f9-d7bc006d53b7", "name": "Tower 4", "subtype": null, "class": null, "height": null, "num_floors": null, "surge_class": 6, "surge_ft": 5.5, "flood_active": false, "exposure_score": 0.165, "exposure_category": "low"}, "geometry": {"type": "Polygon", "coordinates": [[[-82.8297828, 27.9764391], [-82.8298229, 27.9764409], [-82.8298252, 27.9764027], [-82.829785, 27.9764008], [-82.8297828, 27.9764391]]]}}, {"id": "272", "type": "Feature", "properties": {"id": "a6aa3010-c4d6-416a-b774-e461717e94de", "name": "Beach Lifeguard Station Tower 0", "subtype": null, "class": null, "height": 14.85, "num_floors": null, "surge_class": 4, "surge_ft": 3.5, "flood_active": false, "exposure_score": 0.105, "exposure_category": "low"}, "geometry": {"type": "Polygon", "coordinates": [[[-82.8290861, 27.975895], [-82.8291544, 27.9758972], [-82.8291606, 27.9757472], [-82.8290683, 27.9757442], [-82.8290636, 27.9758559], [-82.8290877, 27.9758567], [-82.8290861, 27.975895]]]}}, {"id": "273", "type": "Feature", "properties": {"id": "05e0a907-2123-4967-a943-31eafbb58c0d", "name": null, "subtype": null, "class": null, "height": 13.5, "num_floors": null, "surge_class": 3, "surge_ft": 2.5, "flood_active": false, "exposure_score": 0.075, "exposure_category": "low"}, "geometry": {"type": "Polygon", "coordinates": [[[-82.8285021, 27.9771174], [-82.8284999, 27.9771325], [-82.8286179, 27.9771465], [-82.8286466, 27.9771583], [-82.8287022, 27.9771647], [-82.8287378, 27.9771529], [-82.8288162, 27.9771613], [-82.8288308, 27.977057], [-82.828755, 27.9770477], [-82.8287206, 27.9770293], [-82.8286623, 27.9770224], [-82.8286279, 27.9770308], [-82.8284641, 27.9770133], [-82.8284503, 27.9771113], [-82.8285021, 27.9771174]]]}}, {"id": "274", "type": "Feature", "properties": {"id": "b52f5915-1408-46a5-b764-f23bb5f923b8", "name": null, "subtype": "outbuilding", "class": "roof", "height": 13.63, "num_floors": null, "surge_class": 4, "surge_ft": 3.5, "flood_active": false, "exposure_score": 0.105, "exposure_category": "low"}, "geometry": {"type": "Polygon", "coordinates": [[[-82.8281305, 27.9773083], [-82.8282377, 27.9774153], [-82.8283789, 27.9773038], [-82.8282718, 27.9771968], [-82.8281305, 27.9773083]]]}}, {"id": "275", "type": "Feature", "properties": {"id": "7726e41c-4fa8-446e-9771-fdee4b59bfa8", "name": null, "subtype": "outbuilding", "class": "roof", "height": 13.1, "num_floors": null, "surge_class": 4, "surge_ft": 3.5, "flood_active": false, "exposure_score": 0.105, "exposure_category": "low"}, "geometry": {"type": "Polygon", "coordinates": [[[-82.8285356, 27.9772291], [-82.8284225, 27.9773099], [-82.8285157, 27.9774127], [-82.8286288, 27.9773319], [-82.8285356, 27.9772291]]]}}, {"id": "276", "type": "Feature", "properties": {"id": "b05e156a-6891-4210-b1da-ae92d008952c", "name": null, "subtype": null, "class": null, "height": 10.79, "num_floors": null, "surge_class": 3, "surge_ft": 2.5, "flood_active": false, "exposure_score": 0.075, "exposure_category": "low"}, "geometry": {"type": "Polygon", "coordinates": [[[-82.8286638, 27.9778108], [-82.8286525, 27.9778909], [-82.8287572, 27.9779025], [-82.8287685, 27.9778224], [-82.8286638, 27.9778108]]]}}, {"id": "277", "type": "Feature", "properties": {"id": "342be148-4ed1-4576-94bd-0003218b2f91", "name": null, "subtype": null, "class": null, "height": null, "num_floors": null, "surge_class": 4, "surge_ft": 3.5, "flood_active": false, "exposure_score": 0.105, "exposure_category": "low"}, "geometry": {"type": "Polygon", "coordinates": [[[-82.8281318, 27.9771076], [-82.8281996, 27.9771128], [-82.8282049, 27.9770582], [-82.8281371, 27.9770531], [-82.8281318, 27.9771076]]]}}, {"id": "278", "type": "Feature", "properties": {"id": "0315edc9-97e7-4b15-99ee-d34b25f3eef5", "name": "Crabby\u2019s Dockside", "subtype": "commercial", "class": null, "height": 15.6, "num_floors": 3, "surge_class": 5, "surge_ft": 4.5, "flood_active": false, "exposure_score": 0.135, "exposure_category": "low"}, "geometry": {"type": "Polygon", "coordinates": [[[-82.8274747, 27.9769582], [-82.8275454, 27.9769524], [-82.8275369, 27.976871], [-82.8274216, 27.9768803], [-82.8274179, 27.9768454], [-82.8272537, 27.9768587], [-82.8272564, 27.9768846], [-82.8272146, 27.976888], [-82.8272269, 27.9770065], [-82.8273194, 27.976999], [-82.8273209, 27.9770133], [-82.8273697, 27.9770094], [-82.8274335, 27.9770558], [-82.8275044, 27.9769798], [-82.8274747, 27.9769582]]]}}, {"id": "279", "type": "Feature", "properties": {"id": "c42034e2-b261-4845-baf5-905a165466d7", "name": "Hooters", "subtype": "commercial", "class": null, "height": 20.69, "num_floors": null, "surge_class": 5, "surge_ft": 4.5, "flood_active": false, "exposure_score": 0.135, "exposure_category": "low"}, "geometry": {"type": "Polygon", "coordinates": [[[-82.8270701, 27.9781102], [-82.8270605, 27.9781802], [-82.8273581, 27.978183], [-82.8273872, 27.9779797], [-82.8272682, 27.9779657], [-82.8272653, 27.977986], [-82.827165, 27.9779742], [-82.8271596, 27.9780139], [-82.8271208, 27.9780093], [-82.827117, 27.9780352], [-82.8271581, 27.9780401], [-82.827147, 27.9781192], [-82.8270701, 27.9781102]]]}}, {"id": "280", "type": "Feature", "properties": {"id": "7941958d-ad97-4f6e-a741-e1288ba9e062", "name": null, "subtype": null, "class": null, "height": 11.13, "num_floors": null, "surge_class": 7, "surge_ft": 6.5, "flood_active": false, "exposure_score": 0.195, "exposure_category": "low"}, "geometry": {"type": "Polygon", "coordinates": [[[-82.8271534, 27.9751583], [-82.8270965, 27.9751541], [-82.8271014, 27.9751021], [-82.8271583, 27.9751063], [-82.8271632, 27.9750542], [-82.8269358, 27.9750374], [-82.8269261, 27.9751415], [-82.8269829, 27.9751457], [-82.826978, 27.9751978], [-82.8271485, 27.9752104], [-82.8271534, 27.9751583]]]}}, {"id": "281", "type": "Feature", "properties": {"id": "c121501e-69af-4ca5-9767-345d112db933", "name": null, "subtype": null, "class": null, "height": 11.84, "num_floors": null, "surge_class": 7, "surge_ft": 6.5, "flood_active": false, "exposure_score": 0.195, "exposure_category": "low"}, "geometry": {"type": "Polygon", "coordinates": [[[-82.8269815, 27.974883], [-82.8269856, 27.9750015], [-82.8270371, 27.9750001], [-82.8270384, 27.9750396], [-82.827193, 27.9750354], [-82.8271889, 27.9749168], [-82.8271374, 27.9749182], [-82.827136, 27.9748787], [-82.8269815, 27.974883]]]}}, {"id": "282", "type": "Feature", "properties": {"id": "6f68a497-5c0f-4899-895d-340196835f63", "name": null, "subtype": null, "class": null, "height": null, "num_floors": null, "surge_class": 7, "surge_ft": 6.5, "flood_active": false, "exposure_score": 0.195, "exposure_category": "low"}, "geometry": {"type": "Polygon", "coordinates": [[[-82.8276661, 27.9756645], [-82.827712, 27.9752775], [-82.8276514, 27.9752709], [-82.827653, 27.9752573], [-82.8275675, 27.975249], [-82.8275652, 27.9752674], [-82.8274428, 27.9752558], [-82.8274435, 27.9752443], [-82.8273486, 27.9752357], [-82.8273469, 27.9752591], [-82.8272866, 27.9752541], [-82.8272856, 27.9752724], [-82.827239, 27.9752686], [-82.8272085, 27.9755771], [-82.8273241, 27.9755836], [-82.8273298, 27.9755229], [-82.8273178, 27.9755226], [-82.8273305, 27.975408], [-82.8275511, 27.9754279], [-82.8275344, 27.975571], [-82.8275241, 27.9755703], [-82.8275164, 27.9756497], [-82.8276661, 27.9756645]]]}}, {"id": "283", "type": "Feature", "properties": {"id": "cee7edf0-39ab-4938-a437-61c89ad12479", "name": null, "subtype": null, "class": null, "height": 18.49, "num_floors": null, "surge_class": 6, "surge_ft": 5.5, "flood_active": false, "exposure_score": 0.165, "exposure_category": "low"}, "geometry": {"type": "Polygon", "coordinates": [[[-82.8275195, 27.9745155], [-82.8275106, 27.974601], [-82.8276686, 27.9746139], [-82.8276775, 27.9745283], [-82.8275195, 27.9745155]]]}}, {"id": "284", "type": "Feature", "properties": {"id": "b5b958d8-4a9e-4b5c-8f68-5a4d7af75133", "name": "Echo Sails Motel", "subtype": null, "class": null, "height": 9.94012451171875, "num_floors": null, "surge_class": 5, "surge_ft": 4.5, "flood_active": false, "exposure_score": 0.135, "exposure_category": "low"}, "geometry": {"type": "Polygon", "coordinates": [[[-82.8275287, 27.9743549], [-82.8276952, 27.974371], [-82.8276789, 27.9745183], [-82.8277049, 27.9745208], [-82.8277528, 27.974526], [-82.8277997, 27.9745309], [-82.8278047, 27.9744873], [-82.8278096, 27.9744448], [-82.8278145, 27.9744025], [-82.827824, 27.9743173], [-82.8278287, 27.9742767], [-82.82778, 27.9742718], [-82.8277322, 27.9742671], [-82.8276364, 27.9742586], [-82.8275885, 27.974254], [-82.8275413, 27.9742493], [-82.8275361, 27.9742931], [-82.8275287, 27.9743549]]]}}, {"id": "285", "type": "Feature", "properties": {"id": "3c1b500a-e9ff-47b3-8d21-41518d875bf5", "name": null, "subtype": null, "class": null, "height": 14.53, "num_floors": null, "surge_class": 6, "surge_ft": 5.5, "flood_active": false, "exposure_score": 0.165, "exposure_category": "low"}, "geometry": {"type": "Polygon", "coordinates": [[[-82.8270855, 27.9748339], [-82.8270789, 27.9748016], [-82.8271202, 27.9747946], [-82.8271022, 27.9747065], [-82.8270412, 27.9747173], [-82.8269004, 27.9746166], [-82.8267932, 27.9747313], [-82.8269626, 27.9748552], [-82.8270855, 27.9748339]]]}}, {"id": "286", "type": "Feature", "properties": {"id": "e16a53ec-01c1-4b55-9a87-3f8a55af5884", "name": null, "subtype": null, "class": null, "height": 10.91, "num_floors": null, "surge_class": 6, "surge_ft": 5.5, "flood_active": false, "exposure_score": 0.165, "exposure_category": "low"}, "geometry": {"type": "Polygon", "coordinates": [[[-82.8268895, 27.9746186], [-82.8269392, 27.9745216], [-82.8267821, 27.9744582], [-82.8267324, 27.9745552], [-82.8268895, 27.9746186]]]}}, {"id": "287", "type": "Feature", "properties": {"id": "3dbc8ecd-b341-4904-9320-c00bd61b4ebf", "name": null, "subtype": null, "class": null, "height": 12.56, "num_floors": null, "surge_class": 6, "surge_ft": 5.5, "flood_active": false, "exposure_score": 0.165, "exposure_category": "low"}, "geometry": {"type": "Polygon", "coordinates": [[[-82.8267818, 27.9740991], [-82.8268717, 27.9741394], [-82.8269721, 27.9739562], [-82.8268131, 27.9738868], [-82.8267263, 27.9740456], [-82.8267941, 27.9740767], [-82.8267818, 27.9740991]]]}}, {"id": "288", "type": "Feature", "properties": {"id": "928666dc-b5f8-49e5-b888-475e12e637b7", "name": null, "subtype": null, "class": null, "height": 14.54, "num_floors": null, "surge_class": 6, "surge_ft": 5.5, "flood_active": false, "exposure_score": 0.165, "exposure_category": "low"}, "geometry": {"type": "Polygon", "coordinates": [[[-82.8269406, 27.9741774], [-82.8269251, 27.9742162], [-82.8270666, 27.9742608], [-82.8270886, 27.9742062], [-82.8270679, 27.9741993], [-82.8270968, 27.9741276], [-82.827065, 27.9741172], [-82.8270912, 27.9740519], [-82.8270004, 27.9740222], [-82.8269679, 27.9741045], [-82.8269185, 27.9740883], [-82.8268897, 27.9741606], [-82.8269406, 27.9741774]]]}}, {"id": "289", "type": "Feature", "properties": {"id": "b27b692c-f9f6-43e6-bd7f-0d39b58e396a", "name": null, "subtype": null, "class": null, "height": 12.03, "num_floors": null, "surge_class": 6, "surge_ft": 5.5, "flood_active": false, "exposure_score": 0.165, "exposure_category": "low"}, "geometry": {"type": "Polygon", "coordinates": [[[-82.8271405, 27.9740206], [-82.8271235, 27.9741751], [-82.8271725, 27.9741809], [-82.8272159, 27.974186], [-82.8272255, 27.9741111], [-82.8272581, 27.9741147], [-82.8272852, 27.9739009], [-82.8272587, 27.9738788], [-82.8272278, 27.9738681], [-82.8271997, 27.9738718], [-82.827174, 27.9738885], [-82.8271625, 27.9739171], [-82.8271682, 27.9739591], [-82.8271604, 27.9740229], [-82.8271405, 27.9740206]]]}}, {"id": "290", "type": "Feature", "properties": {"id": "e984b221-777a-4059-9a8b-95373c330ed6", "name": "Sunrise Resort Motel", "subtype": null, "class": null, "height": 18.57, "num_floors": null, "surge_class": 5, "surge_ft": 4.5, "flood_active": false, "exposure_score": 0.135, "exposure_category": "low"}, "geometry": {"type": "Polygon", "coordinates": [[[-82.8275492, 27.9738565], [-82.8275363, 27.973956], [-82.8281476, 27.9740156], [-82.8281763, 27.9737862], [-82.8278729, 27.9737561], [-82.8278586, 27.9738723], [-82.8277998, 27.9738653], [-82.8277975, 27.9738811], [-82.8275492, 27.9738565]]]}}, {"id": "291", "type": "Feature", "properties": {"id": "35a1a5b3-a09b-4757-9eaf-3619f0a4259d", "name": "SpringHill Suites Clearwater Beach", "subtype": null, "class": null, "height": 14.213699340820312, "num_floors": null, "surge_class": 5, "surge_ft": 4.5, "flood_active": false, "exposure_score": 0.135, "exposure_category": "low"}, "geometry": {"type": "Polygon", "coordinates": [[[-82.8279022, 27.9735442], [-82.8281706, 27.9735765], [-82.8282241, 27.9732295], [-82.8282603, 27.9729949], [-82.8279319, 27.9729554], [-82.8277177, 27.9729297], [-82.8277139, 27.9729541], [-82.827674, 27.9729493], [-82.8276649, 27.9730086], [-82.8276331, 27.9730047], [-82.8276242, 27.9730623], [-82.8276116, 27.9731444], [-82.8276555, 27.9731497], [-82.827633, 27.9732952], [-82.8275918, 27.9732903], [-82.827559, 27.9735029], [-82.8279022, 27.9735442]]]}}, {"id": "292", "type": "Feature", "properties": {"id": "09a63d1b-7dc2-4ddd-8111-43e6e57ca57e", "name": null, "subtype": null, "class": null, "height": 9.99, "num_floors": null, "surge_class": 6, "surge_ft": 5.5, "flood_active": false, "exposure_score": 0.165, "exposure_category": "low"}, "geometry": {"type": "Polygon", "coordinates": [[[-82.8278568, 27.9747474], [-82.8280537, 27.9747672], [-82.8280671, 27.9746615], [-82.8277818, 27.9746335], [-82.827771, 27.9747165], [-82.8278595, 27.9747264], [-82.8278568, 27.9747474]]]}}, {"id": "293", "type": "Feature", "properties": {"id": "b8b76b25-b1e7-43bb-9fb6-5bd88cfe0117", "name": null, "subtype": "residential", "class": "parking", "height": 9.634176254272461, "num_floors": null, "surge_class": 6, "surge_ft": 5.5, "flood_active": false, "exposure_score": 0.165, "exposure_category": "low"}, "geometry": {"type": "Polygon", "coordinates": [[[-82.8280161, 27.9749732], [-82.8280369, 27.9748108], [-82.8277247, 27.9747796], [-82.8277407, 27.9746552], [-82.8274682, 27.974628], [-82.8274537, 27.9747413], [-82.8274392, 27.9748546], [-82.8274472, 27.9749054], [-82.8274719, 27.9749476], [-82.8275162, 27.9749804], [-82.8275719, 27.9749984], [-82.8277218, 27.9750134], [-82.8278934, 27.9750306], [-82.8279023, 27.9749619], [-82.8280161, 27.9749732]]]}}, {"id": "294", "type": "Feature", "properties": {"id": "71ebac66-7250-4496-8fca-6548e0b4988a", "name": "Pier House 60", "subtype": null, "class": null, "height": 36.93, "num_floors": null, "surge_class": 6, "surge_ft": 5.5, "flood_active": false, "exposure_score": 0.165, "exposure_category": "low"}, "geometry": {"type": "Polygon", "coordinates": [[[-82.8279853, 27.9757018], [-82.828035, 27.9752562], [-82.8279404, 27.9752465], [-82.8277654, 27.9752285], [-82.8277157, 27.9756745], [-82.8279853, 27.9757018]]]}}, {"id": "295", "type": "Feature", "properties": {"id": "93af7a34-2fd8-40fa-9a6c-64a5dd2ecd37", "name": "Wyndham Grand", "subtype": null, "class": null, "height": null, "num_floors": null, "surge_class": 0, "surge_ft": 0.0, "flood_active": false, "exposure_score": 0.0, "exposure_category": "none"}, "geometry": {"type": "Polygon", "coordinates": [[[-82.8287452, 27.9756999], [-82.8288494, 27.9756667], [-82.82886, 27.9755777], [-82.8289082, 27.9755767], [-82.8289258, 27.9754683], [-82.8289864, 27.9754697], [-82.8290043, 27.9752411], [-82.8287187, 27.9752268], [-82.828723, 27.9751121], [-82.8286421, 27.9750325], [-82.8286708, 27.974761], [-82.828741, 27.9747283], [-82.8287489, 27.9746698], [-82.8290656, 27.9746923], [-82.8290872, 27.9745118], [-82.8291313, 27.9745201], [-82.8291496, 27.9743579], [-82.8289677, 27.9743414], [-82.8285761, 27.9743057], [-82.8284084, 27.9742905], [-82.8283761, 27.974613], [-82.8284179, 27.9746265], [-82.8283958, 27.9748413], [-82.8283771, 27.9748404], [-82.8283136, 27.9748364], [-82.8282951, 27.9749819], [-82.8283611, 27.9749862], [-82.8283753, 27.9749871], [-82.8283482, 27.9752009], [-82.8283009, 27.9756034], [-82.8283926, 27.9756669], [-82.8284972, 27.9756956], [-82.828618, 27.9757101], [-82.8287452, 27.9756999]]]}}, {"id": "296", "type": "Feature", "properties": {"id": "c70ae068-f7e4-4925-adad-cee0c9ba7a18", "name": "Tower 3", "subtype": null, "class": null, "height": null, "num_floors": null, "surge_class": 6, "surge_ft": 5.5, "flood_active": false, "exposure_score": 0.165, "exposure_category": "low"}, "geometry": {"type": "Polygon", "coordinates": [[[-82.8299457, 27.9750253], [-82.8299804, 27.9750261], [-82.8299813, 27.9749943], [-82.8299466, 27.9749936], [-82.8299457, 27.9750253]]]}}, {"id": "297", "type": "Feature", "properties": {"id": "ee3a556c-5d01-4aeb-ab35-2ab35f120b92", "name": "Tower 2", "subtype": null, "class": null, "height": null, "num_floors": null, "surge_class": 7, "surge_ft": 6.5, "flood_active": false, "exposure_score": 0.195, "exposure_category": "low"}, "geometry": {"type": "Polygon", "coordinates": [[[-82.830259, 27.9735277], [-82.8302962, 27.9735296], [-82.8302987, 27.973492], [-82.8302615, 27.9734901], [-82.830259, 27.9735277]]]}}, {"id": "298", "type": "Feature", "properties": {"id": "3c0a9e06-c564-4c54-821b-25f0c4ebb7ad", "name": null, "subtype": null, "class": null, "height": 2.6785218715667725, "num_floors": null, "surge_class": 5, "surge_ft": 4.5, "flood_active": false, "exposure_score": 0.135, "exposure_category": "low"}, "geometry": {"type": "Polygon", "coordinates": [[[-82.8295142, 27.9739798], [-82.8295695, 27.9739849], [-82.8296083, 27.9739566], [-82.8296151, 27.9739052], [-82.829585, 27.9738692], [-82.8295307, 27.9738632], [-82.829488, 27.9738941], [-82.8294822, 27.9739429], [-82.8295142, 27.9739798]]]}}, {"id": "299", "type": "Feature", "properties": {"id": "ef6c7757-c4ef-46a9-b182-9cfae42f9057", "name": "Hyatt Regency", "subtype": null, "class": null, "height": 59.15, "num_floors": null, "surge_class": 6, "surge_ft": 5.5, "flood_active": false, "exposure_score": 0.165, "exposure_category": "low"}, "geometry": {"type": "Polygon", "coordinates": [[[-82.8284295, 27.9738407], [-82.8284033, 27.9740753], [-82.8291456, 27.9741518], [-82.8292515, 27.9733595], [-82.82851, 27.9732822], [-82.8284718, 27.9735538], [-82.8284268, 27.973549], [-82.8283877, 27.9738333], [-82.8284295, 27.9738407]]]}}, {"id": "300", "type": "Feature", "properties": {"id": "17e0cd27-b950-4619-90a6-cb4df649a4b1", "name": "Surf Style", "subtype": null, "class": null, "height": 27.34, "num_floors": null, "surge_class": 3, "surge_ft": 2.5, "flood_active": false, "exposure_score": 0.075, "exposure_category": "low"}, "geometry": {"type": "Polygon", "coordinates": [[[-82.8285271, 27.9729504], [-82.828478, 27.9732255], [-82.8292245, 27.9733259], [-82.8293034, 27.9728844], [-82.8285915, 27.9727863], [-82.8285616, 27.9729555], [-82.8285271, 27.9729504]]]}}, {"id": "301", "type": "Feature", "properties": {"id": "a25b5a6f-51af-4652-8b93-4c9fabe75ad3", "name": null, "subtype": null, "class": null, "height": 10.93, "num_floors": null, "surge_class": 1, "surge_ft": 0.5, "flood_active": false, "exposure_score": 0.015, "exposure_category": "low"}, "geometry": {"type": "Polygon", "coordinates": [[[-82.8288563, 27.9727975], [-82.8288785, 27.9726786], [-82.8287802, 27.9726642], [-82.8287875, 27.9726245], [-82.8286401, 27.9726029], [-82.8286105, 27.9727615], [-82.8288563, 27.9727975]]]}}, {"id": "302", "type": "Feature", "properties": {"id": "2179c782-4068-4320-aabf-9ca9af130979", "name": "The Beachview Inn Clearwater Beach", "subtype": null, "class": null, "height": 18.12, "num_floors": null, "surge_class": 3, "surge_ft": 2.5, "flood_active": false, "exposure_score": 0.075, "exposure_category": "low"}, "geometry": {"type": "Polygon", "coordinates": [[[-82.828955, 27.9725253], [-82.8290454, 27.97254], [-82.8290076, 27.9727208], [-82.8289814, 27.9727165], [-82.8289725, 27.9727593], [-82.8291367, 27.9727861], [-82.8292433, 27.9722765], [-82.8291929, 27.9722683], [-82.8291998, 27.9722352], [-82.8289063, 27.9721873], [-82.8288481, 27.9724657], [-82.8289093, 27.9724757], [-82.8289041, 27.9725007], [-82.8289583, 27.9725096], [-82.828955, 27.9725253]]]}}, {"id": "303", "type": "Feature", "properties": {"id": "75525e47-4906-49ee-b918-dccfd55085e5", "name": "McDonald's", "subtype": "commercial", "class": null, "height": 12.38, "num_floors": null, "surge_class": 6, "surge_ft": 5.5, "flood_active": false, "exposure_score": 0.165, "exposure_category": "low"}, "geometry": {"type": "Polygon", "coordinates": [[[-82.8291075, 27.9719313], [-82.8290936, 27.9719905], [-82.8293523, 27.9720365], [-82.8293794, 27.9719197], [-82.8291739, 27.9718821], [-82.8291693, 27.9719015], [-82.8291326, 27.9718939], [-82.8291229, 27.9719344], [-82.8291075, 27.9719313]]]}}, {"id": "304", "type": "Feature", "properties": {"id": "820cb93c-8552-45a5-b587-591629d180cb", "name": "Crabby's Bar & Grill", "subtype": "commercial", "class": null, "height": 14.16, "num_floors": null, "surge_class": 4, "surge_ft": 3.5, "flood_active": false, "exposure_score": 0.105, "exposure_category": "low"}, "geometry": {"type": "Polygon", "coordinates": [[[-82.8290419, 27.972123], [-82.8290326, 27.9721627], [-82.8293237, 27.9722167], [-82.829363, 27.9720507], [-82.8292492, 27.9720287], [-82.8292392, 27.9720714], [-82.8292062, 27.972065], [-82.8292159, 27.972024], [-82.8291739, 27.9720158], [-82.8291639, 27.9720586], [-82.8291095, 27.9720479], [-82.8291191, 27.9720071], [-82.8290218, 27.9719881], [-82.8289924, 27.9721133], [-82.8290419, 27.972123]]]}}, {"id": "305", "type": "Feature", "properties": {"id": "d95403e2-60aa-4097-985c-a9f8f6d713d9", "name": null, "subtype": null, "class": null, "height": 13.2, "num_floors": 1, "surge_class": 6, "surge_ft": 5.5, "flood_active": false, "exposure_score": 0.165, "exposure_category": "low"}, "geometry": {"type": "Polygon", "coordinates": [[[-82.8298751, 27.9726197], [-82.8298582, 27.9727022], [-82.8300676, 27.9727374], [-82.8300868, 27.9726444], [-82.8300042, 27.9726304], [-82.8300514, 27.9724057], [-82.8300096, 27.9723987], [-82.8300019, 27.9724366], [-82.8298602, 27.9724116], [-82.8298201, 27.9726104], [-82.8298751, 27.9726197]]]}}, {"id": "306", "type": "Feature", "properties": {"id": "3e0855a7-0123-4e86-bdb9-35eeb51d9c39", "name": "Tower 1", "subtype": null, "class": null, "height": null, "num_floors": null, "surge_class": 6, "surge_ft": 5.5, "flood_active": false, "exposure_score": 0.165, "exposure_category": "low"}, "geometry": {"type": "Polygon", "coordinates": [[[-82.8305354, 27.971412], [-82.8305765, 27.9714198], [-82.8305864, 27.9713791], [-82.8305453, 27.9713713], [-82.8305354, 27.971412]]]}}, {"id": "307", "type": "Feature", "properties": {"id": "5c607405-c328-4cc1-a801-d489fc25bd33", "name": "Opal Sol Resort", "subtype": "commercial", "class": "hotel", "height": 40.0, "num_floors": 16, "surge_class": 4, "surge_ft": 3.5, "flood_active": false, "exposure_score": 0.105, "exposure_category": "low"}, "geometry": {"type": "Polygon", "coordinates": [[[-82.8293133, 27.9712014], [-82.8296925, 27.9712353], [-82.8297289, 27.9711175], [-82.8297632, 27.9709607], [-82.8297832, 27.9707924], [-82.8297885, 27.970707], [-82.8297313, 27.9706544], [-82.8296888, 27.9706075], [-82.8296965, 27.9705918], [-82.8297, 27.9705585], [-82.82969, 27.9704819], [-82.8296784, 27.9704085], [-82.8296759, 27.9703809], [-82.8296684, 27.9702976], [-82.829668, 27.9702946], [-82.8296566, 27.9702085], [-82.8296242, 27.9700782], [-82.8295693, 27.9700908], [-82.8295627, 27.9700717], [-82.8295559, 27.9700515], [-82.8295899, 27.9700424], [-82.8295849, 27.9700284], [-82.8295706, 27.9699904], [-82.829585, 27.9699836], [-82.8295688, 27.9699393], [-82.8295388, 27.9698569], [-82.8294907, 27.9698702], [-82.8294761, 27.9698313], [-82.8289322, 27.9699845], [-82.8289529, 27.9700364], [-82.829, 27.9701548], [-82.829016, 27.9702159], [-82.8290508, 27.9703492], [-82.8290529, 27.9703736], [-82.8290557, 27.9704054], [-82.829056, 27.9704764], [-82.8290536, 27.9705709], [-82.8290467, 27.9706362], [-82.8290397, 27.970706], [-82.8290182, 27.9707884], [-82.8291071, 27.9708032], [-82.8291256, 27.9708063], [-82.8290916, 27.9709147], [-82.82905, 27.9710284], [-82.8290221, 27.9711148], [-82.8289899, 27.9711862], [-82.829133, 27.9711955], [-82.8292892, 27.9712006], [-82.8293133, 27.9712014]]]}}, {"id": "308", "type": "Feature", "properties": {"id": "106294a1-cc5e-40f9-a75f-db892d0ed0eb", "name": "Frenchy's South Beach Cafe", "subtype": "commercial", "class": null, "height": 18.4, "num_floors": null, "surge_class": 6, "surge_ft": 5.5, "flood_active": false, "exposure_score": 0.165, "exposure_category": "low"}, "geometry": {"type": "Polygon", "coordinates": [[[-82.8294828, 27.9715957], [-82.8292726, 27.9715588], [-82.8292493, 27.9716625], [-82.8294594, 27.9716994], [-82.8294828, 27.9715957]]]}}, {"id": "309", "type": "Feature", "properties": {"id": "9a3a94b0-b036-4339-8c70-fdfbf74db069", "name": "The Hiatus Clearwater Beach, Curio Collection by Hilton", "subtype": null, "class": null, "height": 17.393320083618164, "num_floors": 6, "surge_class": 6, "surge_ft": 5.5, "flood_active": false, "exposure_score": 0.165, "exposure_category": "low"}, "geometry": {"type": "Polygon", "coordinates": [[[-82.8295818, 27.9715882], [-82.8295873, 27.9714685], [-82.8295147, 27.9714627], [-82.8289327, 27.9714158], [-82.8289246, 27.9714984], [-82.8289436, 27.971502], [-82.8288555, 27.9718036], [-82.8290343, 27.9718431], [-82.8291143, 27.9715247], [-82.8293758, 27.9715415], [-82.8293758, 27.9715654], [-82.8295001, 27.971588], [-82.8295602, 27.9715989], [-82.8295615, 27.9715846], [-82.8295818, 27.9715882]]]}}, {"id": "310", "type": "Feature", "properties": {"id": "d0b3698a-d475-4fac-9af8-709b9a428d7c", "name": "Sun West Palms Condos", "subtype": null, "class": null, "height": 20.73, "num_floors": null, "surge_class": 5, "surge_ft": 4.5, "flood_active": false, "exposure_score": 0.135, "exposure_category": "low"}, "geometry": {"type": "Polygon", "coordinates": [[[-82.8275955, 27.9707377], [-82.8276692, 27.9707516], [-82.827908, 27.9707957], [-82.8279707, 27.9705411], [-82.8276612, 27.9704764], [-82.8275955, 27.9707377]]]}}, {"id": "311", "type": "Feature", "properties": {"id": "3bc3ad8c-cdac-4e75-8089-8e59e90e9a89", "name": "AC Hotel by Marriott Clearwater Beach", "subtype": null, "class": null, "height": 11.296541213989258, "num_floors": 10, "surge_class": 6, "surge_ft": 5.5, "flood_active": false, "exposure_score": 0.165, "exposure_category": "low"}, "geometry": {"type": "Polygon", "coordinates": [[[-82.827937, 27.9716675], [-82.8285646, 27.9717878], [-82.8285821, 27.9717166], [-82.8285461, 27.9717098], [-82.8285736, 27.9715976], [-82.8285992, 27.9714935], [-82.8285393, 27.971482], [-82.8285714, 27.9713511], [-82.8281151, 27.9712638], [-82.8280882, 27.9713734], [-82.8280407, 27.9713643], [-82.8280095, 27.9714912], [-82.8279929, 27.971559], [-82.827965, 27.9715537], [-82.8279458, 27.9716314], [-82.827937, 27.9716675]]]}}, {"id": "312", "type": "Feature", "properties": {"id": "3f28fabd-57b0-4998-beb4-537577e436d2", "name": null, "subtype": null, "class": null, "height": 18.37, "num_floors": null, "surge_class": 5, "surge_ft": 4.5, "flood_active": false, "exposure_score": 0.135, "exposure_category": "low"}, "geometry": {"type": "Polygon", "coordinates": [[[-82.828516, 27.9718089], [-82.8282391, 27.9717574], [-82.8282019, 27.9719133], [-82.8283102, 27.9719334], [-82.8283212, 27.9718869], [-82.8282788, 27.971879], [-82.8282889, 27.9718367], [-82.8284289, 27.9718627], [-82.8284191, 27.9719038], [-82.8283815, 27.9718968], [-82.8283698, 27.971946], [-82.8284784, 27.9719662], [-82.828516, 27.9718089]]]}}, {"id": "313", "type": "Feature", "properties": {"id": "280c23f6-62d4-4d8a-8808-ef23919aff89", "name": "Tropical Sky Ranch Motel", "subtype": null, "class": null, "height": 9.49, "num_floors": null, "surge_class": 5, "surge_ft": 4.5, "flood_active": false, "exposure_score": 0.135, "exposure_category": "low"}, "geometry": {"type": "Polygon", "coordinates": [[[-82.8284283, 27.972138], [-82.8283695, 27.972127], [-82.8283548, 27.9721918], [-82.8282283, 27.972168], [-82.8282419, 27.9721077], [-82.8281643, 27.9720931], [-82.8281332, 27.9722337], [-82.8283948, 27.9722822], [-82.8284283, 27.972138]]]}}, {"id": "314", "type": "Feature", "properties": {"id": "eb5a7b1e-62a6-4ac2-9251-b1b32bbc85d7", "name": null, "subtype": null, "class": null, "height": 10.96, "num_floors": null, "surge_class": 6, "surge_ft": 5.5, "flood_active": false, "exposure_score": 0.165, "exposure_category": "low"}, "geometry": {"type": "Polygon", "coordinates": [[[-82.8281977, 27.97257], [-82.8283461, 27.9725936], [-82.8283718, 27.9724663], [-82.8282233, 27.9724428], [-82.8281977, 27.97257]]]}}, {"id": "315", "type": "Feature", "properties": {"id": "be8a0b74-ed09-49f3-9825-6bbf71be39d3", "name": null, "subtype": null, "class": null, "height": 11.47, "num_floors": null, "surge_class": 6, "surge_ft": 5.5, "flood_active": false, "exposure_score": 0.165, "exposure_category": "low"}, "geometry": {"type": "Polygon", "coordinates": [[[-82.8282053, 27.9724205], [-82.8283699, 27.9724459], [-82.8283968, 27.9723088], [-82.8282321, 27.9722835], [-82.8282053, 27.9724205]]]}}, {"id": "316", "type": "Feature", "properties": {"id": "fe688cf1-8525-45cd-a474-2afa91d657b3", "name": null, "subtype": null, "class": null, "height": 4.498168468475342, "num_floors": null, "surge_class": 5, "surge_ft": 4.5, "flood_active": false, "exposure_score": 0.135, "exposure_category": "low"}, "geometry": {"type": "Polygon", "coordinates": [[[-82.8281896, 27.9723543], [-82.8282089, 27.9722652], [-82.8281339, 27.9722525], [-82.8281146, 27.9723416], [-82.8281896, 27.9723543]]]}}, {"id": "317", "type": "Feature", "properties": {"id": "312b661b-6453-4819-ad6d-519b01cbb04e", "name": null, "subtype": null, "class": null, "height": 10.25, "num_floors": null, "surge_class": 6, "surge_ft": 5.5, "flood_active": false, "exposure_score": 0.165, "exposure_category": "low"}, "geometry": {"type": "Polygon", "coordinates": [[[-82.8282119, 27.9727605], [-82.8283151, 27.972776], [-82.8283399, 27.9726356], [-82.8282357, 27.9726199], [-82.8282277, 27.9726648], [-82.82808, 27.9726429], [-82.8280663, 27.9727191], [-82.8282154, 27.9727407], [-82.8282119, 27.9727605]]]}}, {"id": "318", "type": "Feature", "properties": {"id": "59b98fb3-7f58-4caf-b48c-da958e9b3ac2", "name": null, "subtype": null, "class": null, "height": 9.03, "num_floors": null, "surge_class": 5, "surge_ft": 4.5, "flood_active": false, "exposure_score": 0.135, "exposure_category": "low"}, "geometry": {"type": "Polygon", "coordinates": [[[-82.8281206, 27.9729066], [-82.8282678, 27.9729242], [-82.8282796, 27.9728469], [-82.8281324, 27.9728292], [-82.8281383, 27.9727906], [-82.8280402, 27.9727788], [-82.8280284, 27.9728561], [-82.8281265, 27.9728679], [-82.8281206, 27.9729066]]]}}, {"id": "319", "type": "Feature", "properties": {"id": "5e80485f-d436-4ace-8467-5dabf80d10ec", "name": "Residence Inn Clearwater Beach", "subtype": null, "class": null, "height": null, "num_floors": null, "surge_class": 8, "surge_ft": 7.5, "flood_active": false, "exposure_score": 0.225, "exposure_category": "low"}, "geometry": {"type": "Polygon", "coordinates": [[[-82.8277177, 27.9729297], [-82.8279319, 27.9729554], [-82.8280494, 27.9723197], [-82.8278186, 27.9722846], [-82.8278156, 27.9723], [-82.8277573, 27.9722911], [-82.8277252, 27.9724556], [-82.8278086, 27.9724683], [-82.8277177, 27.9729297]]]}}, {"id": "320", "type": "Feature", "properties": {"id": "92a7148c-352e-4602-9446-a6056a745f39", "name": "Rose Motel", "subtype": null, "class": null, "height": 15.88, "num_floors": null, "surge_class": 5, "surge_ft": 4.5, "flood_active": false, "exposure_score": 0.135, "exposure_category": "low"}, "geometry": {"type": "Polygon", "coordinates": [[[-82.827829, 27.9721109], [-82.8278015, 27.9722388], [-82.8280991, 27.9722887], [-82.8281419, 27.9720881], [-82.8280173, 27.9720657], [-82.8280072, 27.9721094], [-82.8279528, 27.9721503], [-82.8278704, 27.9721349], [-82.8278741, 27.9721193], [-82.827829, 27.9721109]]]}}, {"id": "321", "type": "Feature", "properties": {"id": "f47682a4-c3ad-4255-aaab-59ac7111493d", "name": "Brightwater Suites", "subtype": null, "class": null, "height": 18.43, "num_floors": null, "surge_class": 6, "surge_ft": 5.5, "flood_active": false, "exposure_score": 0.165, "exposure_category": "low"}, "geometry": {"type": "Polygon", "coordinates": [[[-82.8282187, 27.9717552], [-82.8279222, 27.9716954], [-82.8278944, 27.9718029], [-82.8279678, 27.9718177], [-82.8279742, 27.9717932], [-82.828114, 27.9718214], [-82.8280958, 27.9718917], [-82.828179, 27.9719085], [-82.8282187, 27.9717552]]]}}, {"id": "322", "type": "Feature", "properties": {"id": "05c622d5-6175-431f-98f2-9d5c13b54651", "name": null, "subtype": null, "class": null, "height": 8.9, "num_floors": null, "surge_class": 6, "surge_ft": 5.5, "flood_active": false, "exposure_score": 0.165, "exposure_category": "low"}, "geometry": {"type": "Polygon", "coordinates": [[[-82.8275906, 27.9717406], [-82.8275775, 27.9718084], [-82.8276485, 27.9718192], [-82.8276616, 27.9717514], [-82.8275906, 27.9717406]]]}}, {"id": "323", "type": "Feature", "properties": {"id": "712a0683-1d4b-4108-b787-962911bfdb25", "name": "Sta'n Pla Motel", "subtype": null, "class": null, "height": 19.28, "num_floors": null, "surge_class": 6, "surge_ft": 5.5, "flood_active": false, "exposure_score": 0.165, "exposure_category": "low"}, "geometry": {"type": "Polygon", "coordinates": [[[-82.8275546, 27.9718085], [-82.8275918, 27.9716249], [-82.827671, 27.9716383], [-82.827688, 27.9715558], [-82.8275051, 27.971526], [-82.8274527, 27.9717913], [-82.8275546, 27.9718085]]]}}, {"id": "324", "type": "Feature", "properties": {"id": "b81fb4df-81da-4752-ab3b-17fe8cc4df01", "name": null, "subtype": null, "class": null, "height": 12.61, "num_floors": null, "surge_class": 6, "surge_ft": 5.5, "flood_active": false, "exposure_score": 0.165, "exposure_category": "low"}, "geometry": {"type": "Polygon", "coordinates": [[[-82.8272739, 27.9717576], [-82.8274453, 27.9717824], [-82.827492, 27.9715284], [-82.8273207, 27.9715035], [-82.8272739, 27.9717576]]]}}, {"id": "325", "type": "Feature", "properties": {"id": "2a75a627-6ab3-47dd-9584-15ea8f6d54db", "name": null, "subtype": null, "class": null, "height": 14.24, "num_floors": null, "surge_class": 7, "surge_ft": 6.5, "flood_active": false, "exposure_score": 0.195, "exposure_category": "low"}, "geometry": {"type": "Polygon", "coordinates": [[[-82.8272004, 27.9719341], [-82.8271548, 27.9721977], [-82.8275628, 27.9722536], [-82.8275829, 27.9721379], [-82.8273048, 27.9720993], [-82.8273303, 27.9719544], [-82.8272004, 27.9719341]]]}}, {"id": "326", "type": "Feature", "properties": {"id": "6a359a30-edbb-482d-9e5b-94b4eb817b39", "name": null, "subtype": null, "class": null, "height": 9.07, "num_floors": null, "surge_class": 6, "surge_ft": 5.5, "flood_active": false, "exposure_score": 0.165, "exposure_category": "low"}, "geometry": {"type": "Polygon", "coordinates": [[[-82.8275524, 27.9720689], [-82.8276024, 27.9720781], [-82.827612, 27.9720302], [-82.8275719, 27.9719798], [-82.8275229, 27.9719732], [-82.8275142, 27.9720193], [-82.8275524, 27.9720689]]]}}, {"id": "327", "type": "Feature", "properties": {"id": "1b117456-eb5d-4f45-9e42-579afbb336f8", "name": null, "subtype": null, "class": null, "height": 17.59, "num_floors": null, "surge_class": 5, "surge_ft": 4.5, "flood_active": false, "exposure_score": 0.135, "exposure_category": "low"}, "geometry": {"type": "Polygon", "coordinates": [[[-82.8266536, 27.9718925], [-82.8266195, 27.972095], [-82.8269513, 27.9721395], [-82.8269875, 27.9719372], [-82.8266536, 27.9718925]]]}}, {"id": "328", "type": "Feature", "properties": {"id": "071f101a-461e-484f-9c64-2dd67e9f94ab", "name": null, "subtype": null, "class": null, "height": 19.25, "num_floors": null, "surge_class": 7, "surge_ft": 6.5, "flood_active": false, "exposure_score": 0.195, "exposure_category": "low"}, "geometry": {"type": "Polygon", "coordinates": [[[-82.8271313, 27.9722178], [-82.8271418, 27.9721656], [-82.8271523, 27.9721135], [-82.827105, 27.972106], [-82.8270577, 27.9720985], [-82.8270103, 27.972091], [-82.8269998, 27.9721431], [-82.8269893, 27.9721952], [-82.8270367, 27.9722027], [-82.827084, 27.9722103], [-82.8271313, 27.9722178]]]}}, {"id": "329", "type": "Feature", "properties": {"id": "12aa413e-7657-42c5-8593-f364b6c3c451", "name": null, "subtype": null, "class": null, "height": 5.0529866218566895, "num_floors": null, "surge_class": 6, "surge_ft": 5.5, "flood_active": false, "exposure_score": 0.165, "exposure_category": "low"}, "geometry": {"type": "Polygon", "coordinates": [[[-82.8268643, 27.9715034], [-82.8268427, 27.9716694], [-82.827081, 27.9716935], [-82.8271, 27.9715472], [-82.8270747, 27.9715446], [-82.8270773, 27.971525], [-82.8268643, 27.9715034]]]}}, {"id": "330", "type": "Feature", "properties": {"id": "f7fbf9b2-e8fc-49ff-9177-48b3f310784e", "name": null, "subtype": null, "class": null, "height": 2.6836867332458496, "num_floors": null, "surge_class": 6, "surge_ft": 5.5, "flood_active": false, "exposure_score": 0.165, "exposure_category": "low"}, "geometry": {"type": "Polygon", "coordinates": [[[-82.8272935, 27.9715829], [-82.8273056, 27.9715028], [-82.827079, 27.9714762], [-82.8270754, 27.9714994], [-82.8271809, 27.9715118], [-82.8271738, 27.9715584], [-82.827129, 27.9715531], [-82.8271059, 27.9717067], [-82.8272192, 27.9717201], [-82.8272408, 27.9715767], [-82.8272935, 27.9715829]]]}}, {"id": "331", "type": "Feature", "properties": {"id": "f8cd43f1-a3d9-447d-a30f-8180d9011070", "name": null, "subtype": "residential", "class": "house", "height": 19.71, "num_floors": null, "surge_class": 5, "surge_ft": 4.5, "flood_active": false, "exposure_score": 0.135, "exposure_category": "low"}, "geometry": {"type": "Polygon", "coordinates": [[[-82.827371, 27.970666], [-82.8275673, 27.9706898], [-82.8275908, 27.9705381], [-82.82758, 27.9705368], [-82.8275845, 27.9705081], [-82.8275026, 27.9704982], [-82.8274991, 27.9705208], [-82.8274706, 27.9705174], [-82.8274717, 27.9705101], [-82.8274594, 27.9705086], [-82.8274626, 27.9704881], [-82.8273998, 27.9704805], [-82.827371, 27.970666]]]}}, {"id": "332", "type": "Feature", "properties": {"id": "9d425775-a04e-48f7-b06e-fbdbcb95830c", "name": null, "subtype": "residential", "class": "detached", "height": 11.53, "num_floors": null, "surge_class": 5, "surge_ft": 4.5, "flood_active": false, "exposure_score": 0.135, "exposure_category": "low"}, "geometry": {"type": "Polygon", "coordinates": [[[-82.8272621, 27.9704574], [-82.8272072, 27.9704507], [-82.8271871, 27.9705783], [-82.8272237, 27.9705828], [-82.8272216, 27.9705956], [-82.8272896, 27.970604], [-82.8272915, 27.9705919], [-82.8273327, 27.970597], [-82.8273521, 27.9704734], [-82.8272908, 27.9704659], [-82.8272878, 27.9704854], [-82.8272583, 27.9704818], [-82.8272621, 27.9704574]]]}}, {"id": "333", "type": "Feature", "properties": {"id": "f71bfc68-cfb8-4f42-a4d3-aa8f487f418f", "name": null, "subtype": "residential", "class": "detached", "height": 13.51, "num_floors": null, "surge_class": 5, "surge_ft": 4.5, "flood_active": false, "exposure_score": 0.135, "exposure_category": "low"}, "geometry": {"type": "Polygon", "coordinates": [[[-82.8270827, 27.9706564], [-82.8271427, 27.9706636], [-82.8271765, 27.9704458], [-82.8270145, 27.9704262], [-82.8269841, 27.9706223], [-82.8270861, 27.9706346], [-82.8270827, 27.9706564]]]}}, {"id": "334", "type": "Feature", "properties": {"id": "0dd3b96e-c2d4-48d3-ae20-d6f2cd746256", "name": null, "subtype": "residential", "class": "detached", "height": 12.44, "num_floors": null, "surge_class": 5, "surge_ft": 4.5, "flood_active": false, "exposure_score": 0.135, "exposure_category": "low"}, "geometry": {"type": "Polygon", "coordinates": [[[-82.8269277, 27.9705622], [-82.8269699, 27.9705674], [-82.8269895, 27.9704423], [-82.8269256, 27.9704345], [-82.8269226, 27.9704533], [-82.8269065, 27.9704513], [-82.8269122, 27.9704146], [-82.8268243, 27.9704039], [-82.8268019, 27.970547], [-82.8268563, 27.9705537], [-82.8268545, 27.9705653], [-82.8269258, 27.970574], [-82.8269277, 27.9705622]]]}}, {"id": "335", "type": "Feature", "properties": {"id": "e4aeb831-58bb-47bd-8737-d04031a8bb8c", "name": null, "subtype": "residential", "class": "detached", "height": 12.59, "num_floors": null, "surge_class": 5, "surge_ft": 4.5, "flood_active": false, "exposure_score": 0.135, "exposure_category": "low"}, "geometry": {"type": "Polygon", "coordinates": [[[-82.826786, 27.9705204], [-82.8268002, 27.9704164], [-82.8266534, 27.9704008], [-82.8266563, 27.9703793], [-82.8265466, 27.9703676], [-82.8265202, 27.9705619], [-82.8266675, 27.9705776], [-82.8266722, 27.9705431], [-82.8266827, 27.9705442], [-82.8266874, 27.9705099], [-82.826786, 27.9705204]]]}}, {"id": "336", "type": "Feature", "properties": {"id": "2b33d913-ddab-4004-93b1-ac1460b1b8b2", "name": null, "subtype": "residential", "class": "detached", "height": 13.17, "num_floors": null, "surge_class": 6, "surge_ft": 5.5, "flood_active": false, "exposure_score": 0.165, "exposure_category": "low"}, "geometry": {"type": "Polygon", "coordinates": [[[-82.8262537, 27.9703638], [-82.8262429, 27.9705092], [-82.8264756, 27.9705226], [-82.8264875, 27.9703617], [-82.8263856, 27.9703558], [-82.8263846, 27.9703695], [-82.8263643, 27.9703683], [-82.8263626, 27.9703906], [-82.8263473, 27.9703897], [-82.8263488, 27.9703693], [-82.8262537, 27.9703638]]]}}, {"id": "337", "type": "Feature", "properties": {"id": "9fff8ef2-f9ca-4582-90ad-2b5038bf9651", "name": null, "subtype": null, "class": null, "height": 11.78, "num_floors": null, "surge_class": 6, "surge_ft": 5.5, "flood_active": false, "exposure_score": 0.165, "exposure_category": "low"}, "geometry": {"type": "Polygon", "coordinates": [[[-82.8266792, 27.9716728], [-82.8266917, 27.9715313], [-82.8267421, 27.9715362], [-82.8267561, 27.9714198], [-82.8266903, 27.971413], [-82.8266926, 27.9713946], [-82.8266143, 27.9713865], [-82.8266112, 27.9714131], [-82.8265862, 27.9714105], [-82.826561, 27.9716629], [-82.8266792, 27.9716728]]]}}, {"id": "338", "type": "Feature", "properties": {"id": "4843362b-b02b-4e1d-8642-a5cb28e813aa", "name": null, "subtype": null, "class": null, "height": 17.85, "num_floors": null, "surge_class": 5, "surge_ft": 4.5, "flood_active": false, "exposure_score": 0.135, "exposure_category": "low"}, "geometry": {"type": "Polygon", "coordinates": [[[-82.8262295, 27.9714102], [-82.8262135, 27.9716127], [-82.826546, 27.9716321], [-82.8265608, 27.9714296], [-82.8262295, 27.9714102]]]}}, {"id": "339", "type": "Feature", "properties": {"id": "d12393da-24a4-4c41-8aef-0c2b35f8574d", "name": null, "subtype": null, "class": null, "height": 11.55, "num_floors": null, "surge_class": 6, "surge_ft": 5.5, "flood_active": false, "exposure_score": 0.165, "exposure_category": "low"}, "geometry": {"type": "Polygon", "coordinates": [[[-82.8260336, 27.9716185], [-82.8261472, 27.9716219], [-82.8261493, 27.9715003], [-82.826179, 27.9715012], [-82.8261813, 27.9713846], [-82.8260359, 27.9713813], [-82.8260336, 27.9716185]]]}}, {"id": "340", "type": "Feature", "properties": {"id": "fe862139-3775-4121-8242-7b7ee0091dca", "name": "Castaways Motel", "subtype": null, "class": null, "height": 11.22, "num_floors": null, "surge_class": 6, "surge_ft": 5.5, "flood_active": false, "exposure_score": 0.165, "exposure_category": "low"}, "geometry": {"type": "Polygon", "coordinates": [[[-82.8259011, 27.9714849], [-82.8259034, 27.9716419], [-82.8260192, 27.9716405], [-82.8260148, 27.9713551], [-82.8259561, 27.9713551], [-82.8259573, 27.9713826], [-82.825842, 27.971384], [-82.8258427, 27.9714856], [-82.8259011, 27.9714849]]]}}, {"id": "341", "type": "Feature", "properties": {"id": "1be9e735-b3ab-4f9a-baeb-d37d900e0c9d", "name": null, "subtype": null, "class": null, "height": 14.56, "num_floors": null, "surge_class": 5, "surge_ft": 4.5, "flood_active": false, "exposure_score": 0.135, "exposure_category": "low"}, "geometry": {"type": "Polygon", "coordinates": [[[-82.8257685, 27.9714259], [-82.8257728, 27.9716019], [-82.8258351, 27.9716006], [-82.8258339, 27.9714252], [-82.8257685, 27.9714259]]]}}, {"id": "342", "type": "Feature", "properties": {"id": "f01d161a-6e16-4206-8735-c492f263a5db", "name": null, "subtype": null, "class": null, "height": 14.61, "num_floors": null, "surge_class": 5, "surge_ft": 4.5, "flood_active": false, "exposure_score": 0.135, "exposure_category": "low"}, "geometry": {"type": "Polygon", "coordinates": [[[-82.8257399, 27.9714262], [-82.8257114, 27.9714265], [-82.8257143, 27.9716032], [-82.8257435, 27.9716026], [-82.8257728, 27.9716019], [-82.8257685, 27.9714259], [-82.8257399, 27.9714262]]]}}, {"id": "343", "type": "Feature", "properties": {"id": "d0817310-bebe-4141-b77c-3fce0514352f", "name": null, "subtype": "outbuilding", "class": "roof", "height": null, "num_floors": null, "surge_class": 0, "surge_ft": 0.0, "flood_active": false, "exposure_score": 0.0, "exposure_category": "none"}, "geometry": {"type": "Polygon", "coordinates": [[[-82.8257526, 27.970765], [-82.8258004, 27.9707639], [-82.8257973, 27.9706601], [-82.8257972, 27.9706565], [-82.8257494, 27.9706576], [-82.8257495, 27.9706604], [-82.8257526, 27.970765]]]}}, {"id": "344", "type": "Feature", "properties": {"id": "8d890303-1a18-4634-b323-70cbe9196534", "name": null, "subtype": "residential", "class": "detached", "height": 11.03, "num_floors": null, "surge_class": 5, "surge_ft": 4.5, "flood_active": false, "exposure_score": 0.135, "exposure_category": "low"}, "geometry": {"type": "Polygon", "coordinates": [[[-82.8260066, 27.9705866], [-82.8260816, 27.970589], [-82.8260819, 27.9705796], [-82.8261089, 27.9705804], [-82.8261107, 27.9705364], [-82.8261554, 27.9705378], [-82.8261566, 27.9705095], [-82.8261943, 27.9705107], [-82.8261966, 27.9704526], [-82.8262186, 27.9704533], [-82.8262224, 27.9703571], [-82.8261431, 27.9703546], [-82.8261398, 27.9704371], [-82.8260957, 27.9704358], [-82.8260967, 27.9704105], [-82.8259896, 27.9704072], [-82.8259871, 27.9704691], [-82.8260112, 27.9704698], [-82.8260066, 27.9705866]]]}}, {"id": "345", "type": "Feature", "properties": {"id": "94f5a51f-f70a-4ad7-8fe5-6424c6fd66f6", "name": null, "subtype": "residential", "class": "detached", "height": 10.86, "num_floors": null, "surge_class": 5, "surge_ft": 4.5, "flood_active": false, "exposure_score": 0.135, "exposure_category": "low"}, "geometry": {"type": "Polygon", "coordinates": [[[-82.8256923, 27.9704734], [-82.8257622, 27.9704716], [-82.8257632, 27.9705008], [-82.8258525, 27.9704985], [-82.8258515, 27.9704706], [-82.8259237, 27.9704687], [-82.8259206, 27.970375], [-82.8258454, 27.970377], [-82.8258448, 27.9703579], [-82.8257932, 27.9703592], [-82.8257934, 27.9703669], [-82.8256888, 27.9703697], [-82.8256923, 27.9704734]]]}}, {"id": "346", "type": "Feature", "properties": {"id": "b2912d4e-e89c-4256-a3be-bbfd53d5b96c", "name": null, "subtype": "residential", "class": "detached", "height": 13.47, "num_floors": null, "surge_class": 5, "surge_ft": 4.5, "flood_active": false, "exposure_score": 0.135, "exposure_category": "low"}, "geometry": {"type": "Polygon", "coordinates": [[[-82.8254963, 27.9703685], [-82.8255001, 27.9705265], [-82.8256629, 27.9705234], [-82.8256592, 27.9703674], [-82.8256209, 27.9703681], [-82.8256211, 27.9703784], [-82.8256134, 27.9703786], [-82.8256131, 27.9703663], [-82.8254963, 27.9703685]]]}}, {"id": "347", "type": "Feature", "properties": {"id": "6fb97f80-2dd8-4d66-a47f-0adc26e76f58", "name": null, "subtype": "outbuilding", "class": "roof", "height": 10.08, "num_floors": null, "surge_class": 0, "surge_ft": 0.0, "flood_active": false, "exposure_score": 0.0, "exposure_category": "none"}, "geometry": {"type": "Polygon", "coordinates": [[[-82.8254205, 27.9706607], [-82.8253603, 27.9706622], [-82.825363, 27.9707491], [-82.8254233, 27.9707476], [-82.8254207, 27.9706657], [-82.8254205, 27.9706607]]]}}, {"id": "348", "type": "Feature", "properties": {"id": "f885c2b6-f606-4243-bde7-25f5d3d52464", "name": null, "subtype": "residential", "class": "detached", "height": 11.76, "num_floors": null, "surge_class": 5, "surge_ft": 4.5, "flood_active": false, "exposure_score": 0.135, "exposure_category": "low"}, "geometry": {"type": "Polygon", "coordinates": [[[-82.8253086, 27.9703745], [-82.8253142, 27.9705557], [-82.8253653, 27.9705545], [-82.8253649, 27.9705426], [-82.8254276, 27.9705411], [-82.8254271, 27.9705258], [-82.8254723, 27.9705247], [-82.8254692, 27.9704225], [-82.8253754, 27.9704247], [-82.8253738, 27.9703729], [-82.8253086, 27.9703745]]]}}, {"id": "349", "type": "Feature", "properties": {"id": "83295bea-36e4-49bb-a15d-802d4a19e635", "name": null, "subtype": "residential", "class": "detached", "height": 10.35, "num_floors": null, "surge_class": 5, "surge_ft": 4.5, "flood_active": false, "exposure_score": 0.135, "exposure_category": "low"}, "geometry": {"type": "Polygon", "coordinates": [[[-82.8251166, 27.9703756], [-82.8251197, 27.9705082], [-82.8252126, 27.9705065], [-82.8252118, 27.9704723], [-82.8252903, 27.9704709], [-82.8252881, 27.9703726], [-82.8252336, 27.9703736], [-82.8252337, 27.9703802], [-82.8251699, 27.9703813], [-82.8251698, 27.9703746], [-82.8251166, 27.9703756]]]}}, {"id": "350", "type": "Feature", "properties": {"id": "08f54c19-39d9-430e-9816-cc8b767090ba", "name": null, "subtype": "residential", "class": "detached", "height": 12.91, "num_floors": null, "surge_class": 5, "surge_ft": 4.5, "flood_active": false, "exposure_score": 0.135, "exposure_category": "low"}, "geometry": {"type": "Polygon", "coordinates": [[[-82.8249502, 27.9705231], [-82.8249514, 27.9705931], [-82.8251034, 27.9705911], [-82.8251022, 27.9705231], [-82.825094, 27.9705232], [-82.8250923, 27.970427], [-82.8251035, 27.9704269], [-82.8251026, 27.9703781], [-82.8249876, 27.9703797], [-82.824988, 27.9704049], [-82.8249357, 27.9704056], [-82.8249377, 27.9705233], [-82.8249502, 27.9705231]]]}}, {"id": "351", "type": "Feature", "properties": {"id": "ec3812ee-d63e-4999-9963-28211f21f608", "name": null, "subtype": "residential", "class": "detached", "height": 11.49, "num_floors": null, "surge_class": 5, "surge_ft": 4.5, "flood_active": false, "exposure_score": 0.135, "exposure_category": "low"}, "geometry": {"type": "Polygon", "coordinates": [[[-82.8247434, 27.9704016], [-82.8247481, 27.9705533], [-82.8248317, 27.9705513], [-82.824832, 27.9705629], [-82.8249207, 27.9705607], [-82.8249166, 27.9704281], [-82.8248296, 27.9704302], [-82.8248286, 27.9703996], [-82.8247434, 27.9704016]]]}}, {"id": "352", "type": "Feature", "properties": {"id": "4adf9fdb-5c33-4a08-a3ef-3355f4f963d5", "name": null, "subtype": "outbuilding", "class": "roof", "height": null, "num_floors": null, "surge_class": 0, "surge_ft": 0.0, "flood_active": false, "exposure_score": 0.0, "exposure_category": "none"}, "geometry": {"type": "Polygon", "coordinates": [[[-82.8248448, 27.970765], [-82.8248905, 27.9707643], [-82.8248904, 27.9707582], [-82.824889, 27.9706815], [-82.8248342, 27.9706822], [-82.8248357, 27.9707651], [-82.8248448, 27.970765]]]}}, {"id": "353", "type": "Feature", "properties": {"id": "48ba07dc-0ce5-479b-9cbe-b48d08a3bb69", "name": null, "subtype": null, "class": null, "height": 14.71, "num_floors": null, "surge_class": 6, "surge_ft": 5.5, "flood_active": false, "exposure_score": 0.165, "exposure_category": "low"}, "geometry": {"type": "Polygon", "coordinates": [[[-82.8247461, 27.9714219], [-82.8247435, 27.9716259], [-82.8247955, 27.9716254], [-82.8247945, 27.9714215], [-82.8247461, 27.9714219]]]}}, {"id": "354", "type": "Feature", "properties": {"id": "e4f5a4c3-7670-4f74-b800-fa056d2d0550", "name": null, "subtype": null, "class": null, "height": 14.74, "num_floors": null, "surge_class": 6, "surge_ft": 5.5, "flood_active": false, "exposure_score": 0.165, "exposure_category": "low"}, "geometry": {"type": "Polygon", "coordinates": [[[-82.8248228, 27.9714213], [-82.8247945, 27.9714215], [-82.8247955, 27.9716254], [-82.8248238, 27.9716251], [-82.8248521, 27.9716248], [-82.8248511, 27.971421], [-82.8248228, 27.9714213]]]}}, {"id": "355", "type": "Feature", "properties": {"id": "6e8ec358-9f0b-4bb2-ac54-11b779daa4e8", "name": null, "subtype": null, "class": null, "height": 14.77, "num_floors": null, "surge_class": 5, "surge_ft": 4.5, "flood_active": false, "exposure_score": 0.135, "exposure_category": "low"}, "geometry": {"type": "Polygon", "coordinates": [[[-82.8248511, 27.971421], [-82.8248521, 27.9716248], [-82.824878, 27.9716246], [-82.8249038, 27.9716243], [-82.8249019, 27.9714206], [-82.8248765, 27.9714208], [-82.8248511, 27.971421]]]}}, {"id": "356", "type": "Feature", "properties": {"id": "c62e300a-f7cc-4bc2-9baf-bdd0f3422f7d", "name": null, "subtype": null, "class": null, "height": 14.77, "num_floors": null, "surge_class": 5, "surge_ft": 4.5, "flood_active": false, "exposure_score": 0.135, "exposure_category": "low"}, "geometry": {"type": "Polygon", "coordinates": [[[-82.8249019, 27.9714206], [-82.8249038, 27.9716243], [-82.8249308, 27.9716241], [-82.8249577, 27.9716238], [-82.8249549, 27.9714201], [-82.8249284, 27.9714204], [-82.8249019, 27.9714206]]]}}, {"id": "357", "type": "Feature", "properties": {"id": "016af527-591a-4d47-90b9-181733672603", "name": null, "subtype": null, "class": null, "height": 14.77, "num_floors": null, "surge_class": 5, "surge_ft": 4.5, "flood_active": false, "exposure_score": 0.135, "exposure_category": "low"}, "geometry": {"type": "Polygon", "coordinates": [[[-82.8250312, 27.9714195], [-82.8250045, 27.9714197], [-82.8250068, 27.9716233], [-82.8250333, 27.9716231], [-82.8250599, 27.9716228], [-82.8250579, 27.9714193], [-82.8250312, 27.9714195]]]}}, {"id": "358", "type": "Feature", "properties": {"id": "9d100692-03b4-4274-a60e-0e24804f632c", "name": null, "subtype": null, "class": null, "height": 14.77, "num_floors": null, "surge_class": 5, "surge_ft": 4.5, "flood_active": false, "exposure_score": 0.135, "exposure_category": "low"}, "geometry": {"type": "Polygon", "coordinates": [[[-82.8249797, 27.9714199], [-82.8249549, 27.9714201], [-82.8249577, 27.9716238], [-82.8249823, 27.9716236], [-82.8250068, 27.9716233], [-82.8250045, 27.9714197], [-82.8249797, 27.9714199]]]}}, {"id": "359", "type": "Feature", "properties": {"id": "f25d727b-baad-4b33-b7da-a4826012af07", "name": null, "subtype": null, "class": null, "height": 14.76, "num_floors": null, "surge_class": 5, "surge_ft": 4.5, "flood_active": false, "exposure_score": 0.135, "exposure_category": "low"}, "geometry": {"type": "Polygon", "coordinates": [[[-82.825141, 27.9714186], [-82.8251145, 27.9714188], [-82.825116, 27.9716223], [-82.8251429, 27.971622], [-82.8251698, 27.9716218], [-82.8251676, 27.9714184], [-82.825141, 27.9714186]]]}}, {"id": "360", "type": "Feature", "properties": {"id": "21ec61be-af29-4b3c-8862-70d6cc8379a0", "name": null, "subtype": null, "class": null, "height": 14.76, "num_floors": null, "surge_class": 5, "surge_ft": 4.5, "flood_active": false, "exposure_score": 0.135, "exposure_category": "low"}, "geometry": {"type": "Polygon", "coordinates": [[[-82.8250862, 27.971419], [-82.8250579, 27.9714193], [-82.8250599, 27.9716228], [-82.8250879, 27.9716225], [-82.825116, 27.9716223], [-82.8251145, 27.9714188], [-82.8250862, 27.971419]]]}}, {"id": "361", "type": "Feature", "properties": {"id": "8d79f216-6351-4ce4-8707-1edb0ce55f52", "name": null, "subtype": null, "class": null, "height": 14.76, "num_floors": null, "surge_class": 5, "surge_ft": 4.5, "flood_active": false, "exposure_score": 0.135, "exposure_category": "low"}, "geometry": {"type": "Polygon", "coordinates": [[[-82.8251923, 27.9714181], [-82.8251676, 27.9714184], [-82.8251698, 27.9716218], [-82.8251939, 27.9716215], [-82.825218, 27.9716213], [-82.825217, 27.9714179], [-82.8251923, 27.9714181]]]}}, {"id": "362", "type": "Feature", "properties": {"id": "84f40008-ac47-4822-bb2f-d8ce7b92cba3", "name": null, "subtype": null, "class": null, "height": 14.75, "num_floors": null, "surge_class": 5, "surge_ft": 4.5, "flood_active": false, "exposure_score": 0.135, "exposure_category": "low"}, "geometry": {"type": "Polygon", "coordinates": [[[-82.825217, 27.9714179], [-82.825218, 27.9716213], [-82.8252789, 27.9716207], [-82.8252756, 27.9714174], [-82.825217, 27.9714179]]]}}, {"id": "363", "type": "Feature", "properties": {"id": "dc9acb49-87e4-4c28-b53c-d2614b405c9f", "name": null, "subtype": null, "class": null, "height": 14.59, "num_floors": null, "surge_class": 5, "surge_ft": 4.5, "flood_active": false, "exposure_score": 0.135, "exposure_category": "low"}, "geometry": {"type": "Polygon", "coordinates": [[[-82.8253904, 27.97143], [-82.8253604, 27.9714303], [-82.8253636, 27.9716059], [-82.8253943, 27.9716052], [-82.825425, 27.9716045], [-82.8254205, 27.9714296], [-82.8253904, 27.97143]]]}}, {"id": "364", "type": "Feature", "properties": {"id": "15f9a95f-6ad5-4ad9-8f24-d5708b4e3cc1", "name": null, "subtype": null, "class": null, "height": 14.57, "num_floors": null, "surge_class": 5, "surge_ft": 4.5, "flood_active": false, "exposure_score": 0.135, "exposure_category": "low"}, "geometry": {"type": "Polygon", "coordinates": [[[-82.8253301, 27.9714306], [-82.8252998, 27.9714309], [-82.8253033, 27.9716072], [-82.8253334, 27.9716065], [-82.8253636, 27.9716059], [-82.8253604, 27.9714303], [-82.8253301, 27.9714306]]]}}, {"id": "365", "type": "Feature", "properties": {"id": "338bcb37-e5d2-4a81-9435-137a4589cc6a", "name": null, "subtype": null, "class": null, "height": 14.66, "num_floors": null, "surge_class": 5, "surge_ft": 4.5, "flood_active": false, "exposure_score": 0.135, "exposure_category": "low"}, "geometry": {"type": "Polygon", "coordinates": [[[-82.8255053, 27.9714287], [-82.8254748, 27.9714291], [-82.8254782, 27.9716033], [-82.8255347, 27.9716021], [-82.8255409, 27.971602], [-82.8255358, 27.9714284], [-82.8255053, 27.9714287]]]}}, {"id": "366", "type": "Feature", "properties": {"id": "f050999d-09de-4bf7-aab7-da764cd4a687", "name": null, "subtype": null, "class": null, "height": 14.64, "num_floors": null, "surge_class": 5, "surge_ft": 4.5, "flood_active": false, "exposure_score": 0.135, "exposure_category": "low"}, "geometry": {"type": "Polygon", "coordinates": [[[-82.8254205, 27.9714296], [-82.825425, 27.9716045], [-82.8254516, 27.9716039], [-82.8254782, 27.9716033], [-82.8254748, 27.9714291], [-82.8254476, 27.9714293], [-82.8254205, 27.9714296]]]}}, {"id": "367", "type": "Feature", "properties": {"id": "5fb964d3-4520-47f8-b1f1-b3e159040e30", "name": null, "subtype": null, "class": null, "height": 14.68, "num_floors": null, "surge_class": 6, "surge_ft": 5.5, "flood_active": false, "exposure_score": 0.165, "exposure_category": "low"}, "geometry": {"type": "Polygon", "coordinates": [[[-82.8255678, 27.9714281], [-82.8255358, 27.9714284], [-82.8255409, 27.971602], [-82.8255347, 27.9716021], [-82.8255353, 27.9716313], [-82.8255418, 27.9716313], [-82.8255737, 27.9716316], [-82.8256055, 27.9716318], [-82.8256232, 27.9716319], [-82.8256231, 27.9716052], [-82.8256048, 27.9716056], [-82.8255997, 27.9714277], [-82.8255678, 27.9714281]]]}}, {"id": "368", "type": "Feature", "properties": {"id": "bd2d2a18-0806-4566-9878-ff1d7cc63100", "name": null, "subtype": null, "class": null, "height": 14.68, "num_floors": null, "surge_class": 5, "surge_ft": 4.5, "flood_active": false, "exposure_score": 0.135, "exposure_category": "low"}, "geometry": {"type": "Polygon", "coordinates": [[[-82.8255997, 27.9714277], [-82.8256048, 27.9716056], [-82.8256231, 27.9716052], [-82.8256553, 27.9716045], [-82.8256512, 27.9714272], [-82.8256254, 27.9714274], [-82.8255997, 27.9714277]]]}}, {"id": "369", "type": "Feature", "properties": {"id": "89f8e0db-19b8-41eb-983b-40b2a1c9557d", "name": null, "subtype": null, "class": null, "height": 14.64, "num_floors": null, "surge_class": 5, "surge_ft": 4.5, "flood_active": false, "exposure_score": 0.135, "exposure_category": "low"}, "geometry": {"type": "Polygon", "coordinates": [[[-82.8256813, 27.9714268], [-82.8256512, 27.9714272], [-82.8256553, 27.9716045], [-82.8256848, 27.9716039], [-82.8257143, 27.9716032], [-82.8257114, 27.9714265], [-82.8256813, 27.9714268]]]}}, {"id": "370", "type": "Feature", "properties": {"id": "9012e56d-3926-43e1-bb7b-5a483b8bdf03", "name": null, "subtype": null, "class": null, "height": 18.91, "num_floors": null, "surge_class": 6, "surge_ft": 5.5, "flood_active": false, "exposure_score": 0.165, "exposure_category": "low"}, "geometry": {"type": "Polygon", "coordinates": [[[-82.8254832, 27.9718501], [-82.8254843, 27.9719484], [-82.8254853, 27.9720468], [-82.8255365, 27.9720464], [-82.8255555, 27.9720462], [-82.8255512, 27.9718495], [-82.8255344, 27.9718496], [-82.8254832, 27.9718501]]]}}, {"id": "371", "type": "Feature", "properties": {"id": "3080a9f8-bcb5-4d45-afe1-e81b33927cc4", "name": null, "subtype": null, "class": null, "height": 18.96, "num_floors": null, "surge_class": 6, "surge_ft": 5.5, "flood_active": false, "exposure_score": 0.165, "exposure_category": "low"}, "geometry": {"type": "Polygon", "coordinates": [[[-82.8255821, 27.9718492], [-82.8255512, 27.9718495], [-82.8255555, 27.9720462], [-82.8255873, 27.972046], [-82.825619, 27.9720457], [-82.825613, 27.971849], [-82.8255821, 27.9718492]]]}}, {"id": "372", "type": "Feature", "properties": {"id": "5ce7c8cb-06bf-4fec-98c8-e4c28585e7ca", "name": null, "subtype": null, "class": null, "height": 18.98, "num_floors": null, "surge_class": 6, "surge_ft": 5.5, "flood_active": false, "exposure_score": 0.165, "exposure_category": "low"}, "geometry": {"type": "Polygon", "coordinates": [[[-82.8256368, 27.9718488], [-82.825613, 27.971849], [-82.825619, 27.9720457], [-82.825639, 27.9720456], [-82.8256659, 27.9720453], [-82.8256625, 27.9718486], [-82.8256368, 27.9718488]]]}}, {"id": "373", "type": "Feature", "properties": {"id": "79ced7f8-3683-4674-83da-02d508b75dd7", "name": null, "subtype": null, "class": null, "height": 18.98, "num_floors": null, "surge_class": 6, "surge_ft": 5.5, "flood_active": false, "exposure_score": 0.165, "exposure_category": "low"}, "geometry": {"type": "Polygon", "coordinates": [[[-82.825688, 27.9718484], [-82.8256625, 27.9718486], [-82.8256659, 27.9720453], [-82.8256902, 27.9720451], [-82.8257191, 27.9720449], [-82.8257182, 27.9718481], [-82.825688, 27.9718484]]]}}, {"id": "374", "type": "Feature", "properties": {"id": "c8aa9148-1edc-4541-a002-5be68b238bff", "name": null, "subtype": null, "class": null, "height": 7.16337251663208, "num_floors": null, "surge_class": 5, "surge_ft": 4.5, "flood_active": false, "exposure_score": 0.135, "exposure_category": "low"}, "geometry": {"type": "Polygon", "coordinates": [[[-82.825368, 27.9720633], [-82.8254343, 27.9720627], [-82.8254324, 27.9719027], [-82.8253653, 27.9719034], [-82.8253661, 27.9719716], [-82.8251497, 27.9719736], [-82.8251488, 27.9719056], [-82.8250125, 27.9719069], [-82.8250133, 27.9719751], [-82.824801, 27.9719771], [-82.8248002, 27.971915], [-82.8246679, 27.9719163], [-82.8246687, 27.9719834], [-82.8244442, 27.9719855], [-82.8244433, 27.9719176], [-82.8243829, 27.9719182], [-82.8243849, 27.9720758], [-82.8244486, 27.9720752], [-82.8244489, 27.9720974], [-82.8246652, 27.9720953], [-82.8246649, 27.9720689], [-82.8248005, 27.9720675], [-82.8248008, 27.9720921], [-82.8250187, 27.97209], [-82.8250184, 27.972066], [-82.8251497, 27.9720648], [-82.82515, 27.9720894], [-82.8253683, 27.9720873], [-82.825368, 27.9720633]]]}}, {"id": "375", "type": "Feature", "properties": {"id": "ef04b189-9176-44a5-abcb-66bbc0b8933d", "name": "Sea Pines Apartment Motel", "subtype": null, "class": null, "height": 11.23, "num_floors": null, "surge_class": 7, "surge_ft": 6.5, "flood_active": false, "exposure_score": 0.195, "exposure_category": "low"}, "geometry": {"type": "Polygon", "coordinates": [[[-82.8258521, 27.9718386], [-82.8258556, 27.9720992], [-82.8260336, 27.9720983], [-82.8260337, 27.9719921], [-82.8259598, 27.9719917], [-82.8259591, 27.9718386], [-82.8258521, 27.9718386]]]}}, {"id": "376", "type": "Feature", "properties": {"id": "8dcaf8fa-3b0f-4ba5-ae53-97844b036395", "name": null, "subtype": null, "class": null, "height": 18.98, "num_floors": null, "surge_class": 6, "surge_ft": 5.5, "flood_active": false, "exposure_score": 0.165, "exposure_category": "low"}, "geometry": {"type": "Polygon", "coordinates": [[[-82.8257392, 27.9718479], [-82.8257182, 27.9718481], [-82.8257191, 27.9720449], [-82.8257414, 27.9720447], [-82.8257763, 27.9720444], [-82.8257744, 27.9718476], [-82.8257392, 27.9718479]]]}}, {"id": "377", "type": "Feature", "properties": {"id": "b5739953-d5bf-49bc-8c0e-186f5a409564", "name": null, "subtype": null, "class": null, "height": 18.97, "num_floors": null, "surge_class": 6, "surge_ft": 5.5, "flood_active": false, "exposure_score": 0.165, "exposure_category": "low"}, "geometry": {"type": "Polygon", "coordinates": [[[-82.8257904, 27.9718475], [-82.8257744, 27.9718476], [-82.8257763, 27.9720444], [-82.8257926, 27.9720443], [-82.8258438, 27.9720439], [-82.8258427, 27.9719455], [-82.8258417, 27.9718471], [-82.8257904, 27.9718475]]]}}, {"id": "378", "type": "Feature", "properties": {"id": "f5080c39-0b57-4459-b62e-9712f9a1d3d6", "name": null, "subtype": null, "class": null, "height": 14.43, "num_floors": null, "surge_class": 6, "surge_ft": 5.5, "flood_active": false, "exposure_score": 0.165, "exposure_category": "low"}, "geometry": {"type": "Polygon", "coordinates": [[[-82.8260406, 27.9720392], [-82.8261609, 27.9720372], [-82.8262467, 27.9720358], [-82.8263567, 27.9720419], [-82.8265927, 27.9720709], [-82.8266155, 27.9718896], [-82.8263884, 27.9718568], [-82.8262762, 27.971852], [-82.8260482, 27.9718594], [-82.8260406, 27.9720392]]]}}, {"id": "379", "type": "Feature", "properties": {"id": "b00de7c6-6526-4e13-88f5-a130b74050c9", "name": null, "subtype": null, "class": null, "height": 4.4425859451293945, "num_floors": null, "surge_class": 6, "surge_ft": 5.5, "flood_active": false, "exposure_score": 0.165, "exposure_category": "low"}, "geometry": {"type": "Polygon", "coordinates": [[[-82.8261448, 27.9737916], [-82.8261774, 27.9736506], [-82.8259673, 27.9736126], [-82.8259226, 27.9738059], [-82.8259767, 27.9738157], [-82.8259888, 27.9737634], [-82.8261448, 27.9737916]]]}}, {"id": "380", "type": "Feature", "properties": {"id": "a73398c7-5b0a-496a-89f5-dac5e0ccf124", "name": null, "subtype": null, "class": null, "height": 12.66, "num_floors": null, "surge_class": 6, "surge_ft": 5.5, "flood_active": false, "exposure_score": 0.165, "exposure_category": "low"}, "geometry": {"type": "Polygon", "coordinates": [[[-82.8256503, 27.9736479], [-82.8256335, 27.9737428], [-82.8257747, 27.9737622], [-82.8257716, 27.9737796], [-82.8258417, 27.9737893], [-82.8258577, 27.9736986], [-82.8258423, 27.9736965], [-82.8258525, 27.9736388], [-82.8257263, 27.9736214], [-82.8257199, 27.9736575], [-82.8256503, 27.9736479]]]}}, {"id": "381", "type": "Feature", "properties": {"id": "f1adaf01-6092-4c55-aed6-86d72596b2f3", "name": null, "subtype": "residential", "class": "house", "height": 11.62, "num_floors": null, "surge_class": 6, "surge_ft": 5.5, "flood_active": false, "exposure_score": 0.165, "exposure_category": "low"}, "geometry": {"type": "Polygon", "coordinates": [[[-82.8257412, 27.9742583], [-82.8258762, 27.9742846], [-82.8259229, 27.9740976], [-82.8257879, 27.9740713], [-82.8257412, 27.9742583]]]}}, {"id": "382", "type": "Feature", "properties": {"id": "4a17756f-f367-4367-a07b-052c0d304c1e", "name": null, "subtype": null, "class": null, "height": 10.43, "num_floors": null, "surge_class": 6, "surge_ft": 5.5, "flood_active": false, "exposure_score": 0.165, "exposure_category": "low"}, "geometry": {"type": "Polygon", "coordinates": [[[-82.8260494, 27.9743021], [-82.8260874, 27.9742032], [-82.8260401, 27.9741888], [-82.8260591, 27.9741394], [-82.8259644, 27.9741107], [-82.8259074, 27.9742591], [-82.8260494, 27.9743021]]]}}, {"id": "383", "type": "Feature", "properties": {"id": "ab6dd483-0fc0-4be8-97b9-27f04ca6ff9e", "name": null, "subtype": null, "class": null, "height": 12.33, "num_floors": null, "surge_class": 6, "surge_ft": 5.5, "flood_active": false, "exposure_score": 0.165, "exposure_category": "low"}, "geometry": {"type": "Polygon", "coordinates": [[[-82.8262576, 27.9738948], [-82.8263611, 27.9739359], [-82.8264637, 27.9737319], [-82.8262566, 27.9736498], [-82.8262014, 27.9737597], [-82.8263051, 27.9738], [-82.8262576, 27.9738948]]]}}, {"id": "384", "type": "Feature", "properties": {"id": "4afbcb07-1a48-4915-b9ee-faca7038025a", "name": null, "subtype": null, "class": null, "height": 14.33, "num_floors": null, "surge_class": 6, "surge_ft": 5.5, "flood_active": false, "exposure_score": 0.165, "exposure_category": "low"}, "geometry": {"type": "Polygon", "coordinates": [[[-82.826439, 27.9739696], [-82.8265169, 27.974003], [-82.8266055, 27.9738315], [-82.8264511, 27.9737684], [-82.8263509, 27.9739633], [-82.8264256, 27.9739954], [-82.826439, 27.9739696]]]}}, {"id": "385", "type": "Feature", "properties": {"id": "76ab38b4-d867-42b5-a2db-eeaccbcfb2b4", "name": null, "subtype": "residential", "class": "house", "height": 5.753939151763916, "num_floors": null, "surge_class": 6, "surge_ft": 5.5, "flood_active": false, "exposure_score": 0.165, "exposure_category": "low"}, "geometry": {"type": "Polygon", "coordinates": [[[-82.8266424, 27.9740703], [-82.8266843, 27.9740892], [-82.8268439, 27.9738136], [-82.8267798, 27.9737847], [-82.8267568, 27.9738244], [-82.8266702, 27.9737853], [-82.8265333, 27.9740218], [-82.8265799, 27.9740428], [-82.8265729, 27.9740548], [-82.8266351, 27.9740829], [-82.8266424, 27.9740703]]]}}, {"id": "386", "type": "Feature", "properties": {"id": "8eda1866-9188-49bd-91a9-f1b39a2b06a4", "name": null, "subtype": null, "class": null, "height": 12.6, "num_floors": null, "surge_class": 6, "surge_ft": 5.5, "flood_active": false, "exposure_score": 0.165, "exposure_category": "low"}, "geometry": {"type": "Polygon", "coordinates": [[[-82.8266315, 27.9743737], [-82.8265246, 27.9745658], [-82.8266722, 27.9746326], [-82.8267576, 27.9744779], [-82.8266588, 27.9744328], [-82.8266796, 27.9743956], [-82.8266315, 27.9743737]]]}}, {"id": "387", "type": "Feature", "properties": {"id": "47f4a182-5f7a-42be-8d13-3779ee66f95d", "name": null, "subtype": null, "class": null, "height": 17.36, "num_floors": null, "surge_class": 6, "surge_ft": 5.5, "flood_active": false, "exposure_score": 0.165, "exposure_category": "low"}, "geometry": {"type": "Polygon", "coordinates": [[[-82.8264236, 27.974493], [-82.8265067, 27.9745311], [-82.8266003, 27.9743697], [-82.8264757, 27.9743127], [-82.8264054, 27.9744337], [-82.826447, 27.9744527], [-82.8264236, 27.974493]]]}}, {"id": "388", "type": "Feature", "properties": {"id": "28bc2c77-7a83-47ff-b4ab-ae06694f24e1", "name": null, "subtype": null, "class": null, "height": 12.27, "num_floors": null, "surge_class": 6, "surge_ft": 5.5, "flood_active": false, "exposure_score": 0.165, "exposure_category": "low"}, "geometry": {"type": "Polygon", "coordinates": [[[-82.8262921, 27.9742243], [-82.8261937, 27.9744045], [-82.8263412, 27.974468], [-82.8264396, 27.9742878], [-82.8263904, 27.9742666], [-82.8263658, 27.9743117], [-82.8263167, 27.9742905], [-82.8263413, 27.9742455], [-82.8262921, 27.9742243]]]}}, {"id": "389", "type": "Feature", "properties": {"id": "db7c6081-213c-494d-b428-0fdc15bb981e", "name": null, "subtype": null, "class": null, "height": 13.3, "num_floors": null, "surge_class": 6, "surge_ft": 5.5, "flood_active": false, "exposure_score": 0.165, "exposure_category": "low"}, "geometry": {"type": "Polygon", "coordinates": [[[-82.8260505, 27.9743355], [-82.8261968, 27.9743861], [-82.8262718, 27.974215], [-82.8261255, 27.9741644], [-82.8260505, 27.9743355]]]}}, {"id": "390", "type": "Feature", "properties": {"id": "aea01a66-8d3c-42c4-9585-25a7c154254b", "name": null, "subtype": "residential", "class": "house", "height": 10.3, "num_floors": null, "surge_class": 6, "surge_ft": 5.5, "flood_active": false, "exposure_score": 0.165, "exposure_category": "low"}, "geometry": {"type": "Polygon", "coordinates": [[[-82.8248092, 27.9742266], [-82.8248522, 27.9742262], [-82.8248505, 27.9740653], [-82.8247939, 27.9740657], [-82.8247948, 27.9741494], [-82.8247452, 27.9741499], [-82.8247448, 27.9741085], [-82.8247353, 27.9741086], [-82.8247346, 27.9740494], [-82.8246613, 27.9740501], [-82.8246626, 27.9741622], [-82.8246929, 27.9741619], [-82.8246932, 27.974189], [-82.8247114, 27.9741888], [-82.8247119, 27.974225], [-82.8247473, 27.9742247], [-82.8247475, 27.974243], [-82.8248094, 27.9742425], [-82.8248092, 27.9742266]]]}}, {"id": "391", "type": "Feature", "properties": {"id": "c007621d-63ee-4c8e-81cb-b264dad11753", "name": null, "subtype": null, "class": null, "height": 13.07, "num_floors": null, "surge_class": 5, "surge_ft": 4.5, "flood_active": false, "exposure_score": 0.135, "exposure_category": "low"}, "geometry": {"type": "Polygon", "coordinates": [[[-82.8247439, 27.9737211], [-82.8249479, 27.9737212], [-82.8249481, 27.9735654], [-82.8246932, 27.9735652], [-82.824693, 27.9736691], [-82.824744, 27.9736692], [-82.8247439, 27.9737211]]]}}, {"id": "392", "type": "Feature", "properties": {"id": "c63e7d4c-7222-4d22-b84a-d762fd0a37e8", "name": null, "subtype": null, "class": null, "height": 13.5, "num_floors": null, "surge_class": 6, "surge_ft": 5.5, "flood_active": false, "exposure_score": 0.165, "exposure_category": "low"}, "geometry": {"type": "Polygon", "coordinates": [[[-82.8249694, 27.9737782], [-82.8251587, 27.9737789], [-82.8251598, 27.9735756], [-82.8250178, 27.9735751], [-82.8250176, 27.9736157], [-82.8249703, 27.9736156], [-82.8249694, 27.9737782]]]}}, {"id": "393", "type": "Feature", "properties": {"id": "076ccb78-8692-4bdf-9898-309d9f75933b", "name": null, "subtype": "residential", "class": "house", "height": 12.0, "num_floors": null, "surge_class": 6, "surge_ft": 5.5, "flood_active": false, "exposure_score": 0.165, "exposure_category": "low"}, "geometry": {"type": "Polygon", "coordinates": [[[-82.8249879, 27.9742421], [-82.8250428, 27.9742423], [-82.8250439, 27.9740293], [-82.8249857, 27.9740291], [-82.8249855, 27.9740587], [-82.8249544, 27.9740586], [-82.8249546, 27.9740151], [-82.8248753, 27.9740148], [-82.8248744, 27.9742354], [-82.8249375, 27.9742356], [-82.8249377, 27.9742044], [-82.8249881, 27.9742046], [-82.8249879, 27.9742421]]]}}, {"id": "394", "type": "Feature", "properties": {"id": "3c61ae17-b335-4cc8-b19c-bac445a0e17a", "name": null, "subtype": null, "class": null, "height": 11.9, "num_floors": null, "surge_class": 7, "surge_ft": 6.5, "flood_active": false, "exposure_score": 0.195, "exposure_category": "low"}, "geometry": {"type": "Polygon", "coordinates": [[[-82.8251152, 27.974024], [-82.8250555, 27.974024], [-82.8250557, 27.974259], [-82.8251732, 27.9742589], [-82.8251732, 27.9742121], [-82.8252319, 27.974212], [-82.8252318, 27.9740247], [-82.8251721, 27.974024], [-82.8251731, 27.9740716], [-82.8251143, 27.9740717], [-82.8251152, 27.974024]]]}}, {"id": "395", "type": "Feature", "properties": {"id": "565840dd-ecc7-4e8f-aff5-12574e0d3d3e", "name": null, "subtype": null, "class": null, "height": 17.39, "num_floors": null, "surge_class": 6, "surge_ft": 5.5, "flood_active": false, "exposure_score": 0.165, "exposure_category": "low"}, "geometry": {"type": "Polygon", "coordinates": [[[-82.8254084, 27.9742271], [-82.82541, 27.9740775], [-82.8253011, 27.9740766], [-82.8253016, 27.9740268], [-82.8252472, 27.9740263], [-82.825245, 27.9742257], [-82.8254084, 27.9742271]]]}}, {"id": "396", "type": "Feature", "properties": {"id": "2c0c2aa3-a577-4e6f-8fbe-ac3feef9bc6e", "name": null, "subtype": null, "class": null, "height": 12.19, "num_floors": null, "surge_class": 6, "surge_ft": 5.5, "flood_active": false, "exposure_score": 0.165, "exposure_category": "low"}, "geometry": {"type": "Polygon", "coordinates": [[[-82.8254191, 27.9742424], [-82.8255667, 27.9742494], [-82.8255803, 27.9740233], [-82.8254327, 27.9740162], [-82.8254191, 27.9742424]]]}}, {"id": "397", "type": "Feature", "properties": {"id": "13507068-494c-47c5-a142-2060d95a7c81", "name": null, "subtype": null, "class": null, "height": 18.05, "num_floors": null, "surge_class": 6, "surge_ft": 5.5, "flood_active": false, "exposure_score": 0.165, "exposure_category": "low"}, "geometry": {"type": "Polygon", "coordinates": [[[-82.8256187, 27.9740418], [-82.8255797, 27.9742304], [-82.8257281, 27.9742546], [-82.8257573, 27.9741132], [-82.8257079, 27.9741051], [-82.8257176, 27.974058], [-82.8256187, 27.9740418]]]}}, {"id": "398", "type": "Feature", "properties": {"id": "c25d66df-3f67-4e05-9cac-5830f9350b87", "name": null, "subtype": "residential", "class": "house", "height": 13.53, "num_floors": null, "surge_class": 6, "surge_ft": 5.5, "flood_active": false, "exposure_score": 0.165, "exposure_category": "low"}, "geometry": {"type": "Polygon", "coordinates": [[[-82.825545, 27.9737832], [-82.8255923, 27.9737842], [-82.8255944, 27.973707], [-82.825616, 27.9737075], [-82.8256201, 27.9735604], [-82.825553, 27.9735589], [-82.8255525, 27.9735767], [-82.8254426, 27.9735743], [-82.8254369, 27.9737779], [-82.8254997, 27.9737793], [-82.8254999, 27.9737718], [-82.8255453, 27.9737728], [-82.825545, 27.9737832]]]}}, {"id": "399", "type": "Feature", "properties": {"id": "2e4b7eb9-9f4b-4614-b523-c5c0877adeac", "name": null, "subtype": null, "class": null, "height": 12.77, "num_floors": null, "surge_class": 5, "surge_ft": 4.5, "flood_active": false, "exposure_score": 0.135, "exposure_category": "low"}, "geometry": {"type": "Polygon", "coordinates": [[[-82.8252471, 27.9737749], [-82.8253577, 27.9737783], [-82.8253594, 27.9737341], [-82.8254147, 27.9737357], [-82.8254215, 27.9735589], [-82.8252556, 27.9735538], [-82.8252471, 27.9737749]]]}}, {"id": "400", "type": "Feature", "properties": {"id": "7db3784f-b003-448e-9ed0-8c3ffb1199f6", "name": null, "subtype": "residential", "class": "house", "height": 12.03, "num_floors": null, "surge_class": 6, "surge_ft": 5.5, "flood_active": false, "exposure_score": 0.165, "exposure_category": "low"}, "geometry": {"type": "Polygon", "coordinates": [[[-82.8242374, 27.9737095], [-82.8242371, 27.9736092], [-82.8240845, 27.9736096], [-82.8240848, 27.9736859], [-82.8240724, 27.9736859], [-82.8240725, 27.9737086], [-82.8240454, 27.9737087], [-82.8240456, 27.9737753], [-82.8241047, 27.9737752], [-82.8241045, 27.9737163], [-82.8241916, 27.9737161], [-82.8241917, 27.9737427], [-82.8242448, 27.9737426], [-82.8242447, 27.9737095], [-82.8242374, 27.9737095]]]}}, {"id": "401", "type": "Feature", "properties": {"id": "13d78fc8-1fdf-43cc-9c80-1238a33f6b57", "name": null, "subtype": "residential", "class": "house", "height": 12.44, "num_floors": null, "surge_class": 6, "surge_ft": 5.5, "flood_active": false, "exposure_score": 0.165, "exposure_category": "low"}, "geometry": {"type": "Polygon", "coordinates": [[[-82.8239797, 27.9737439], [-82.8239796, 27.9736753], [-82.8238992, 27.9736754], [-82.8238991, 27.9736374], [-82.8239144, 27.9736374], [-82.8239144, 27.9736001], [-82.8238983, 27.9736002], [-82.8238982, 27.973551], [-82.8238111, 27.9735511], [-82.8238113, 27.9736332], [-82.8237859, 27.9736332], [-82.823786, 27.9737253], [-82.8238892, 27.9737251], [-82.8238892, 27.973744], [-82.8239797, 27.9737439]]]}}, {"id": "402", "type": "Feature", "properties": {"id": "3d541e39-a682-474c-bd17-0196b73fd48a", "name": null, "subtype": "residential", "class": "house", "height": 12.53, "num_floors": null, "surge_class": 6, "surge_ft": 5.5, "flood_active": false, "exposure_score": 0.165, "exposure_category": "low"}, "geometry": {"type": "Polygon", "coordinates": [[[-82.8241526, 27.9742087], [-82.8241529, 27.9740379], [-82.8239531, 27.9740376], [-82.8239528, 27.9742084], [-82.8241526, 27.9742087]]]}}, {"id": "403", "type": "Feature", "properties": {"id": "7edf7365-0b4f-4d01-b5f1-be12e460b819", "name": null, "subtype": "residential", "class": "house", "height": 11.98, "num_floors": null, "surge_class": 6, "surge_ft": 5.5, "flood_active": false, "exposure_score": 0.165, "exposure_category": "low"}, "geometry": {"type": "Polygon", "coordinates": [[[-82.8242454, 27.9742151], [-82.8243601, 27.974215], [-82.8243599, 27.9740164], [-82.8242888, 27.9740165], [-82.8242889, 27.9741152], [-82.8242531, 27.9741152], [-82.824253, 27.974082], [-82.8242005, 27.974082], [-82.8242006, 27.9741969], [-82.8242454, 27.9741968], [-82.8242454, 27.9742151]]]}}, {"id": "404", "type": "Feature", "properties": {"id": "ce4c1c8b-5b8d-4753-b09e-367518a701cd", "name": null, "subtype": null, "class": null, "height": 12.76, "num_floors": null, "surge_class": 5, "surge_ft": 4.5, "flood_active": false, "exposure_score": 0.135, "exposure_category": "low"}, "geometry": {"type": "Polygon", "coordinates": [[[-82.824331, 27.9737542], [-82.824331, 27.9737365], [-82.8243835, 27.9737366], [-82.8243834, 27.9737821], [-82.8244883, 27.9737823], [-82.8244887, 27.9736004], [-82.8244362, 27.9736003], [-82.8244363, 27.9735548], [-82.8243314, 27.9735546], [-82.8243312, 27.9736456], [-82.8242787, 27.9736455], [-82.8242785, 27.973755], [-82.824331, 27.9737542]]]}}, {"id": "405", "type": "Feature", "properties": {"id": "efe42269-da1a-4c50-b67f-931aa97ee2ab", "name": null, "subtype": null, "class": null, "height": 17.59, "num_floors": null, "surge_class": 6, "surge_ft": 5.5, "flood_active": false, "exposure_score": 0.165, "exposure_category": "low"}, "geometry": {"type": "Polygon", "coordinates": [[[-82.8243947, 27.9740328], [-82.8243947, 27.9741873], [-82.824608, 27.9741891], [-82.8246097, 27.9740346], [-82.8243947, 27.9740328]]]}}, {"id": "406", "type": "Feature", "properties": {"id": "1b83a5ef-bd8a-4fcc-abc5-f9baea8df0ee", "name": null, "subtype": null, "class": null, "height": 18.19, "num_floors": null, "surge_class": 5, "surge_ft": 4.5, "flood_active": false, "exposure_score": 0.135, "exposure_category": "low"}, "geometry": {"type": "Polygon", "coordinates": [[[-82.8229606, 27.9738598], [-82.8230263, 27.9737696], [-82.822897, 27.9736953], [-82.8227815, 27.9738539], [-82.822863, 27.9739007], [-82.8229129, 27.9738324], [-82.8229606, 27.9738598]]]}}, {"id": "407", "type": "Feature", "properties": {"id": "27c5c8ab-7f14-4e98-a93c-53cd215403d4", "name": null, "subtype": null, "class": null, "height": 19.31, "num_floors": null, "surge_class": 6, "surge_ft": 5.5, "flood_active": false, "exposure_score": 0.165, "exposure_category": "low"}, "geometry": {"type": "Polygon", "coordinates": [[[-82.8230988, 27.9737254], [-82.8231901, 27.9737266], [-82.8231927, 27.9735611], [-82.8230309, 27.9735591], [-82.8229996, 27.9735904], [-82.8229599, 27.9735922], [-82.8229155, 27.9736329], [-82.8229153, 27.9736449], [-82.8230515, 27.9737666], [-82.8230693, 27.9737666], [-82.8231, 27.9737474], [-82.8230988, 27.9737254]]]}}, {"id": "408", "type": "Feature", "properties": {"id": "9152c183-c891-4dfd-a8ae-0dd8e330d141", "name": null, "subtype": null, "class": null, "height": 11.49, "num_floors": null, "surge_class": 6, "surge_ft": 5.5, "flood_active": false, "exposure_score": 0.165, "exposure_category": "low"}, "geometry": {"type": "Polygon", "coordinates": [[[-82.8229366, 27.9742153], [-82.8229662, 27.974195], [-82.8230129, 27.974248], [-82.8230713, 27.9742079], [-82.8230473, 27.9741807], [-82.8231103, 27.9741374], [-82.8230696, 27.9740912], [-82.8229933, 27.9741436], [-82.822932, 27.9740741], [-82.8229427, 27.97406], [-82.82291, 27.9740228], [-82.8228929, 27.9740345], [-82.822857, 27.9739936], [-82.8228104, 27.9740254], [-82.8228221, 27.9740387], [-82.8227969, 27.974056], [-82.8228233, 27.9740861], [-82.8228115, 27.9740942], [-82.8228945, 27.9741886], [-82.8229061, 27.9741806], [-82.8229366, 27.9742153]]]}}, {"id": "409", "type": "Feature", "properties": {"id": "4bf7b065-c274-489d-93f2-c8bf9cff1c2e", "name": null, "subtype": null, "class": null, "height": 16.01, "num_floors": null, "surge_class": 6, "surge_ft": 5.5, "flood_active": false, "exposure_score": 0.165, "exposure_category": "low"}, "geometry": {"type": "Polygon", "coordinates": [[[-82.8232791, 27.9741792], [-82.8234503, 27.9741789], [-82.8234501, 27.9740754], [-82.8233855, 27.9740755], [-82.8233856, 27.9741108], [-82.8233533, 27.9741108], [-82.8233532, 27.9740435], [-82.8233112, 27.9740435], [-82.8233113, 27.9741134], [-82.8232797, 27.9741134], [-82.8232797, 27.9740936], [-82.8232603, 27.9740937], [-82.8232602, 27.9740765], [-82.8232025, 27.9740766], [-82.8232025, 27.9740933], [-82.8231861, 27.9740933], [-82.8231864, 27.9742237], [-82.8232792, 27.9742235], [-82.8232791, 27.9741792]]]}}, {"id": "410", "type": "Feature", "properties": {"id": "000bb14e-c82e-4ca9-bdc1-d441d0bb2883", "name": null, "subtype": null, "class": null, "height": 10.59, "num_floors": null, "surge_class": 6, "surge_ft": 5.5, "flood_active": false, "exposure_score": 0.165, "exposure_category": "low"}, "geometry": {"type": "Polygon", "coordinates": [[[-82.8234865, 27.9741946], [-82.8234865, 27.9742509], [-82.8237295, 27.9742546], [-82.8237323, 27.9740649], [-82.823635, 27.974062], [-82.8236353, 27.9740353], [-82.8234909, 27.9740315], [-82.8234887, 27.9740942], [-82.8236186, 27.9740977], [-82.8236167, 27.9741992], [-82.8234865, 27.9741946]]]}}, {"id": "411", "type": "Feature", "properties": {"id": "1705cca1-336b-489c-8285-dc63da2af98e", "name": null, "subtype": null, "class": null, "height": 14.21, "num_floors": null, "surge_class": 5, "surge_ft": 4.5, "flood_active": false, "exposure_score": 0.135, "exposure_category": "low"}, "geometry": {"type": "Polygon", "coordinates": [[[-82.8233394, 27.9737993], [-82.8234372, 27.9738001], [-82.8234382, 27.9737019], [-82.8236338, 27.9737035], [-82.8236332, 27.9737527], [-82.823731, 27.9737535], [-82.8237321, 27.9736553], [-82.8236832, 27.9736549], [-82.8236837, 27.9736057], [-82.8236348, 27.9736053], [-82.8236354, 27.9735562], [-82.8234887, 27.973555], [-82.8234882, 27.9736041], [-82.8233415, 27.9736028], [-82.8233421, 27.9735537], [-82.8231954, 27.9735525], [-82.8231933, 27.9737489], [-82.8232911, 27.9737497], [-82.8232916, 27.9737006], [-82.8233405, 27.973701], [-82.8233394, 27.9737993]]]}}, {"id": "412", "type": "Feature", "properties": {"id": "8f0692b3-bcb3-4c4d-b0a3-a4628e7d9888", "name": null, "subtype": null, "class": null, "height": 14.0, "num_floors": null, "surge_class": 6, "surge_ft": 5.5, "flood_active": false, "exposure_score": 0.165, "exposure_category": "low"}, "geometry": {"type": "Polygon", "coordinates": [[[-82.8229331, 27.9715587], [-82.8228613, 27.9717113], [-82.8229162, 27.9717327], [-82.8229167, 27.971732], [-82.8229261, 27.9717174], [-82.822924, 27.9717166], [-82.8229996, 27.9715561], [-82.8229457, 27.9715357], [-82.8229377, 27.971549], [-82.822932, 27.9715583], [-82.8229331, 27.9715587]]]}}, {"id": "413", "type": "Feature", "properties": {"id": "241377a4-b4eb-4d3e-a667-7e0607255435", "name": null, "subtype": null, "class": null, "height": 13.92, "num_floors": null, "surge_class": 6, "surge_ft": 5.5, "flood_active": false, "exposure_score": 0.165, "exposure_category": "low"}, "geometry": {"type": "Polygon", "coordinates": [[[-82.8230261, 27.9715662], [-82.8229996, 27.9715561], [-82.822924, 27.9717166], [-82.8229261, 27.9717174], [-82.822927, 27.9717177], [-82.8229718, 27.971735], [-82.8230526, 27.9715762], [-82.8230261, 27.9715662]]]}}, {"id": "414", "type": "Feature", "properties": {"id": "b1deb977-b803-4f0b-9796-435f3a92915d", "name": null, "subtype": null, "class": null, "height": 13.9, "num_floors": null, "surge_class": 5, "surge_ft": 4.5, "flood_active": false, "exposure_score": 0.135, "exposure_category": "low"}, "geometry": {"type": "Polygon", "coordinates": [[[-82.8230789, 27.9715862], [-82.8230526, 27.9715762], [-82.8229718, 27.971735], [-82.8229991, 27.9717455], [-82.8230264, 27.971756], [-82.8231053, 27.9715962], [-82.8230789, 27.9715862]]]}}, {"id": "415", "type": "Feature", "properties": {"id": "38fe34be-59eb-485f-b651-6a744c63dc70", "name": null, "subtype": null, "class": null, "height": 13.87, "num_floors": null, "surge_class": 5, "surge_ft": 4.5, "flood_active": false, "exposure_score": 0.135, "exposure_category": "low"}, "geometry": {"type": "Polygon", "coordinates": [[[-82.823132, 27.9716063], [-82.8231053, 27.9715962], [-82.8230264, 27.971756], [-82.823052, 27.9717659], [-82.8230777, 27.9717757], [-82.8231587, 27.9716164], [-82.823132, 27.9716063]]]}}, {"id": "416", "type": "Feature", "properties": {"id": "24d7dd45-0a4e-49a3-8e8e-5b193291e986", "name": null, "subtype": null, "class": null, "height": 13.84, "num_floors": null, "surge_class": 5, "surge_ft": 4.5, "flood_active": false, "exposure_score": 0.135, "exposure_category": "low"}, "geometry": {"type": "Polygon", "coordinates": [[[-82.8232177, 27.9716388], [-82.8231587, 27.9716164], [-82.8230777, 27.9717757], [-82.8231362, 27.9717982], [-82.8232177, 27.9716388]]]}}, {"id": "417", "type": "Feature", "properties": {"id": "21e7cb4b-306e-4d31-ba9a-e3054fd3372e", "name": "BrightWater Blue 188-1", "subtype": null, "class": null, "height": null, "num_floors": null, "surge_class": 5, "surge_ft": 4.5, "flood_active": false, "exposure_score": 0.135, "exposure_category": "low"}, "geometry": {"type": "Polygon", "coordinates": [[[-82.8232355, 27.9718832], [-82.8234287, 27.9719573], [-82.8234403, 27.9719336], [-82.8234803, 27.9718521], [-82.8232964, 27.9717817], [-82.8233268, 27.9717199], [-82.8232479, 27.9716897], [-82.8231768, 27.9718345], [-82.8232463, 27.9718612], [-82.8232355, 27.9718832]]]}}, {"id": "418", "type": "Feature", "properties": {"id": "a6306af4-b809-42c4-a3e8-243ef41cb7f7", "name": null, "subtype": null, "class": null, "height": 7.304961204528809, "num_floors": null, "surge_class": 5, "surge_ft": 4.5, "flood_active": false, "exposure_score": 0.135, "exposure_category": "low"}, "geometry": {"type": "Polygon", "coordinates": [[[-82.8239605, 27.9720613], [-82.824167, 27.9720903], [-82.8241737, 27.9720637], [-82.8242528, 27.972072], [-82.8242756, 27.971918], [-82.8242046, 27.9719097], [-82.8241938, 27.9719713], [-82.8239947, 27.9719494], [-82.8240074, 27.9718842], [-82.8238451, 27.9718659], [-82.8238304, 27.9719322], [-82.8236386, 27.9718878], [-82.8236567, 27.9718244], [-82.8235099, 27.9717901], [-82.8234803, 27.9718521], [-82.8232964, 27.9717817], [-82.8233268, 27.9717199], [-82.8232557, 27.9716852], [-82.8231768, 27.9718345], [-82.8232463, 27.9718612], [-82.8232355, 27.9718832], [-82.8234287, 27.9719573], [-82.8234403, 27.9719336], [-82.8236024, 27.9719748], [-82.8235957, 27.9719962], [-82.8238022, 27.97204], [-82.8238076, 27.9720199], [-82.8239645, 27.9720376], [-82.8239605, 27.9720613]]]}}, {"id": "419", "type": "Feature", "properties": {"id": "80010934-b414-4826-8698-d35f44949940", "name": null, "subtype": null, "class": null, "height": 21.25, "num_floors": null, "surge_class": 6, "surge_ft": 5.5, "flood_active": false, "exposure_score": 0.165, "exposure_category": "low"}, "geometry": {"type": "Polygon", "coordinates": [[[-82.8238851, 27.9713901], [-82.8238557, 27.9713853], [-82.8238186, 27.9715747], [-82.8238471, 27.9715793], [-82.8238756, 27.9715839], [-82.8239145, 27.9713949], [-82.8238851, 27.9713901]]]}}, {"id": "420", "type": "Feature", "properties": {"id": "2e7eaf88-990c-46b3-b5bc-d09c98d82ed6", "name": null, "subtype": null, "class": null, "height": 21.25, "num_floors": null, "surge_class": 6, "surge_ft": 5.5, "flood_active": false, "exposure_score": 0.165, "exposure_category": "low"}, "geometry": {"type": "Polygon", "coordinates": [[[-82.8238557, 27.9713853], [-82.823776, 27.9713723], [-82.8237369, 27.9715614], [-82.8238186, 27.9715747], [-82.8238557, 27.9713853]]]}}, {"id": "421", "type": "Feature", "properties": {"id": "80b0b558-e491-4181-9cd6-5a9882b22f10", "name": null, "subtype": null, "class": null, "height": 21.23, "num_floors": null, "surge_class": 6, "surge_ft": 5.5, "flood_active": false, "exposure_score": 0.165, "exposure_category": "low"}, "geometry": {"type": "Polygon", "coordinates": [[[-82.8240589, 27.9714184], [-82.8240284, 27.9714134], [-82.8239894, 27.9716025], [-82.8240194, 27.9716074], [-82.8240493, 27.9716122], [-82.8240895, 27.9714234], [-82.8240589, 27.9714184]]]}}, {"id": "422", "type": "Feature", "properties": {"id": "3b287cee-7d46-4451-bfe8-ae9628f71b20", "name": null, "subtype": null, "class": null, "height": 21.22, "num_floors": null, "surge_class": 6, "surge_ft": 5.5, "flood_active": false, "exposure_score": 0.165, "exposure_category": "low"}, "geometry": {"type": "Polygon", "coordinates": [[[-82.8239998, 27.9714088], [-82.8239713, 27.9714041], [-82.8239314, 27.971593], [-82.8239604, 27.9715978], [-82.8239894, 27.9716025], [-82.8240284, 27.9714134], [-82.8239998, 27.9714088]]]}}, {"id": "423", "type": "Feature", "properties": {"id": "5e77bf46-2b89-4103-9cea-33f64a5851c5", "name": null, "subtype": null, "class": null, "height": 21.24, "num_floors": null, "surge_class": 6, "surge_ft": 5.5, "flood_active": false, "exposure_score": 0.165, "exposure_category": "low"}, "geometry": {"type": "Polygon", "coordinates": [[[-82.8239429, 27.9713995], [-82.8239145, 27.9713949], [-82.8238756, 27.9715839], [-82.8239035, 27.9715885], [-82.8239314, 27.971593], [-82.8239713, 27.9714041], [-82.8239429, 27.9713995]]]}}, {"id": "424", "type": "Feature", "properties": {"id": "746d16f0-e9cb-40f4-8e2a-ce4426a495e2", "name": null, "subtype": null, "class": null, "height": 21.26, "num_floors": null, "surge_class": 6, "surge_ft": 5.5, "flood_active": false, "exposure_score": 0.165, "exposure_category": "low"}, "geometry": {"type": "Polygon", "coordinates": [[[-82.8241681, 27.9714362], [-82.8240895, 27.9714234], [-82.8240493, 27.9716122], [-82.8241291, 27.9716252], [-82.8241681, 27.9714362]]]}}, {"id": "425", "type": "Feature", "properties": {"id": "dfa6a290-ab51-4146-9802-68c1058faf3a", "name": null, "subtype": null, "class": null, "height": 15.11, "num_floors": null, "surge_class": 6, "surge_ft": 5.5, "flood_active": false, "exposure_score": 0.165, "exposure_category": "low"}, "geometry": {"type": "Polygon", "coordinates": [[[-82.8241554, 27.9716451], [-82.8242764, 27.9716514], [-82.8242911, 27.9714285], [-82.8241702, 27.9714222], [-82.8241554, 27.9716451]]]}}, {"id": "426", "type": "Feature", "properties": {"id": "b85228e1-babf-4c20-8c48-3ab42022a0ce", "name": null, "subtype": null, "class": null, "height": 14.73, "num_floors": null, "surge_class": 6, "surge_ft": 5.5, "flood_active": false, "exposure_score": 0.165, "exposure_category": "low"}, "geometry": {"type": "Polygon", "coordinates": [[[-82.8243972, 27.9714246], [-82.8244066, 27.9716632], [-82.8245374, 27.9716592], [-82.824528, 27.9714206], [-82.8243972, 27.9714246]]]}}, {"id": "427", "type": "Feature", "properties": {"id": "1bcc32cb-4225-43d5-baad-a182b1b56bcc", "name": null, "subtype": "outbuilding", "class": "roof", "height": null, "num_floors": null, "surge_class": 0, "surge_ft": 0.0, "flood_active": false, "exposure_score": 0.0, "exposure_category": "none"}, "geometry": {"type": "Polygon", "coordinates": [[[-82.824626, 27.9707628], [-82.824674, 27.9707625], [-82.8246739, 27.9707589], [-82.8246732, 27.9706803], [-82.8246252, 27.9706806], [-82.8246259, 27.9707566], [-82.824626, 27.9707628]]]}}, {"id": "428", "type": "Feature", "properties": {"id": "06c07049-c948-4c88-bf39-63ae4cdb7a70", "name": null, "subtype": "residential", "class": "detached", "height": 12.2, "num_floors": null, "surge_class": 5, "surge_ft": 4.5, "flood_active": false, "exposure_score": 0.135, "exposure_category": "low"}, "geometry": {"type": "Polygon", "coordinates": [[[-82.8245363, 27.970554], [-82.8245368, 27.9703984], [-82.8244468, 27.9703982], [-82.8244466, 27.9704592], [-82.8244343, 27.9704592], [-82.8244345, 27.9703993], [-82.8243751, 27.9703991], [-82.8243745, 27.9705675], [-82.8244496, 27.9705677], [-82.8244495, 27.9705896], [-82.8245256, 27.9705898], [-82.8245258, 27.970554], [-82.8245363, 27.970554]]]}}, {"id": "429", "type": "Feature", "properties": {"id": "3ed67e6e-f7e1-4a9d-859e-9e6213febbd3", "name": null, "subtype": "residential", "class": "detached", "height": 12.47, "num_floors": null, "surge_class": 5, "surge_ft": 4.5, "flood_active": false, "exposure_score": 0.135, "exposure_category": "low"}, "geometry": {"type": "Polygon", "coordinates": [[[-82.8246621, 27.9703938], [-82.8246627, 27.9704252], [-82.824628, 27.9704257], [-82.8246284, 27.9704475], [-82.824561, 27.9704485], [-82.8245641, 27.9706147], [-82.8246577, 27.9706133], [-82.8246572, 27.9705865], [-82.8247067, 27.9705857], [-82.8247064, 27.9705664], [-82.8247315, 27.970566], [-82.8247283, 27.9703928], [-82.8246621, 27.9703938]]]}}, {"id": "430", "type": "Feature", "properties": {"id": "f2aa7484-8c98-4ab6-ba30-a4ba3270c305", "name": null, "subtype": "residential", "class": "detached", "height": 10.41, "num_floors": null, "surge_class": 5, "surge_ft": 4.5, "flood_active": false, "exposure_score": 0.135, "exposure_category": "low"}, "geometry": {"type": "Polygon", "coordinates": [[[-82.8243287, 27.9705842], [-82.8243387, 27.9704713], [-82.8242544, 27.9704655], [-82.8242613, 27.9703863], [-82.8241802, 27.9703807], [-82.8241632, 27.9705728], [-82.8243287, 27.9705842]]]}}, {"id": "431", "type": "Feature", "properties": {"id": "cf5d2e04-013a-41d6-977c-eaf8ff0fa11c", "name": null, "subtype": "residential", "class": "detached", "height": 12.15, "num_floors": null, "surge_class": 5, "surge_ft": 4.5, "flood_active": false, "exposure_score": 0.135, "exposure_category": "low"}, "geometry": {"type": "Polygon", "coordinates": [[[-82.8241204, 27.9705624], [-82.824137, 27.9704657], [-82.824065, 27.9704561], [-82.8240803, 27.9703667], [-82.8239862, 27.9703541], [-82.8239626, 27.9704913], [-82.8239866, 27.9704945], [-82.8239753, 27.9705598], [-82.824077, 27.9705734], [-82.8240798, 27.9705569], [-82.8241204, 27.9705624]]]}}, {"id": "432", "type": "Feature", "properties": {"id": "480c92c6-1de3-4424-b45b-419daabbb919", "name": null, "subtype": "residential", "class": "detached", "height": 12.45, "num_floors": null, "surge_class": 5, "surge_ft": 4.5, "flood_active": false, "exposure_score": 0.135, "exposure_category": "low"}, "geometry": {"type": "Polygon", "coordinates": [[[-82.8237572, 27.9705015], [-82.8239067, 27.9705367], [-82.8239594, 27.9703623], [-82.8238935, 27.9703468], [-82.8238809, 27.9703885], [-82.8238712, 27.9703862], [-82.8238865, 27.9703356], [-82.8238126, 27.9703182], [-82.8237572, 27.9705015]]]}}, {"id": "433", "type": "Feature", "properties": {"id": "0356e3ca-fc5e-489d-bb95-7b260169e69b", "name": null, "subtype": "residential", "class": "detached", "height": 10.48, "num_floors": null, "surge_class": 5, "surge_ft": 4.5, "flood_active": false, "exposure_score": 0.135, "exposure_category": "low"}, "geometry": {"type": "Polygon", "coordinates": [[[-82.8236453, 27.9704181], [-82.8236558, 27.9703915], [-82.8237381, 27.9704168], [-82.8237748, 27.9703238], [-82.8236991, 27.9703005], [-82.8236927, 27.9703168], [-82.8236572, 27.9703059], [-82.8236599, 27.9702992], [-82.8236092, 27.9702836], [-82.8235757, 27.9703686], [-82.8235986, 27.9703756], [-82.8235887, 27.9704007], [-82.8236453, 27.9704181]]]}}, {"id": "434", "type": "Feature", "properties": {"id": "f43c1676-b4cb-4889-a012-7b910ec0bd62", "name": null, "subtype": null, "class": null, "height": 19.2, "num_floors": null, "surge_class": 6, "surge_ft": 5.5, "flood_active": false, "exposure_score": 0.165, "exposure_category": "low"}, "geometry": {"type": "Polygon", "coordinates": [[[-82.8236208, 27.9713115], [-82.8235513, 27.9715117], [-82.8237113, 27.9715556], [-82.8237808, 27.9713553], [-82.8236208, 27.9713115]]]}}, {"id": "435", "type": "Feature", "properties": {"id": "844faedd-5a27-4caf-a516-9eb454da0446", "name": null, "subtype": null, "class": null, "height": 16.0, "num_floors": null, "surge_class": 6, "surge_ft": 5.5, "flood_active": false, "exposure_score": 0.165, "exposure_category": "low"}, "geometry": {"type": "Polygon", "coordinates": [[[-82.8233632, 27.9714268], [-82.8235319, 27.9714821], [-82.8236087, 27.9712972], [-82.82344, 27.9712419], [-82.8233632, 27.9714268]]]}}, {"id": "436", "type": "Feature", "properties": {"id": "43e0d025-179e-4f0b-93d3-866f6da2dfff", "name": null, "subtype": null, "class": null, "height": 14.0, "num_floors": null, "surge_class": 6, "surge_ft": 5.5, "flood_active": false, "exposure_score": 0.165, "exposure_category": "low"}, "geometry": {"type": "Polygon", "coordinates": [[[-82.822932, 27.9715583], [-82.8228796, 27.9715382], [-82.8228108, 27.9716916], [-82.8228116, 27.9716919], [-82.8228613, 27.9717113], [-82.8229331, 27.9715587], [-82.822932, 27.9715583]]]}}, {"id": "437", "type": "Feature", "properties": {"id": "6d2ab048-60fd-48ce-9846-1309e5381856", "name": null, "subtype": null, "class": null, "height": 14.12, "num_floors": null, "surge_class": 5, "surge_ft": 4.5, "flood_active": false, "exposure_score": 0.135, "exposure_category": "low"}, "geometry": {"type": "Polygon", "coordinates": [[[-82.8228143, 27.971537], [-82.8228166, 27.9715379], [-82.822743, 27.9716934], [-82.8228, 27.9717147], [-82.8228037, 27.9717075], [-82.8228116, 27.9716919], [-82.8228108, 27.9716916], [-82.8228796, 27.9715382], [-82.8228529, 27.971528], [-82.8228262, 27.9715177], [-82.822825, 27.9715173], [-82.8228143, 27.971537]]]}}, {"id": "438", "type": "Feature", "properties": {"id": "ebf4c579-a9b4-4730-9487-389fe5b6a8b4", "name": null, "subtype": null, "class": null, "height": 14.09, "num_floors": null, "surge_class": 6, "surge_ft": 5.5, "flood_active": false, "exposure_score": 0.165, "exposure_category": "low"}, "geometry": {"type": "Polygon", "coordinates": [[[-82.8228143, 27.971537], [-82.8227626, 27.9715169], [-82.8226901, 27.9716737], [-82.822692, 27.9716744], [-82.822743, 27.9716934], [-82.8228166, 27.9715379], [-82.8228143, 27.971537]]]}}, {"id": "439", "type": "Feature", "properties": {"id": "e8cf763a-e801-48c8-b27a-0557f2a05dbb", "name": null, "subtype": null, "class": null, "height": 14.2, "num_floors": null, "surge_class": 6, "surge_ft": 5.5, "flood_active": false, "exposure_score": 0.165, "exposure_category": "low"}, "geometry": {"type": "Polygon", "coordinates": [[[-82.8226918, 27.9715086], [-82.8227026, 27.9715124], [-82.8226298, 27.9716696], [-82.8226559, 27.9716804], [-82.822682, 27.9716912], [-82.8226829, 27.9716915], [-82.822692, 27.9716744], [-82.8226901, 27.9716737], [-82.8227626, 27.9715169], [-82.8227363, 27.9715067], [-82.82271, 27.9714964], [-82.8227017, 27.9714932], [-82.8226918, 27.9715086]]]}}, {"id": "440", "type": "Feature", "properties": {"id": "8c640818-9bc1-43d4-b099-3ea9b7728611", "name": null, "subtype": "residential", "class": "detached", "height": 14.12, "num_floors": null, "surge_class": 6, "surge_ft": 5.5, "flood_active": false, "exposure_score": 0.165, "exposure_category": "low"}, "geometry": {"type": "Polygon", "coordinates": [[[-82.8227049, 27.9700646], [-82.8228111, 27.9701089], [-82.8228666, 27.9700053], [-82.8228195, 27.9699856], [-82.8228478, 27.9699327], [-82.8227766, 27.969903], [-82.8227088, 27.9700298], [-82.8227208, 27.9700349], [-82.8227049, 27.9700646]]]}}, {"id": "441", "type": "Feature", "properties": {"id": "00debb9a-06b1-43a1-8f35-c6a8d49bbdfb", "name": null, "subtype": "residential", "class": "detached", "height": 11.89, "num_floors": null, "surge_class": 6, "surge_ft": 5.5, "flood_active": false, "exposure_score": 0.165, "exposure_category": "low"}, "geometry": {"type": "Polygon", "coordinates": [[[-82.8231728, 27.9702676], [-82.8232373, 27.9701466], [-82.8231821, 27.9701237], [-82.8231779, 27.9701317], [-82.8231447, 27.9701179], [-82.8231697, 27.9700709], [-82.8231094, 27.9700459], [-82.8230711, 27.9701178], [-82.8230831, 27.9701227], [-82.8230423, 27.9701992], [-82.8231218, 27.9702323], [-82.8231157, 27.9702438], [-82.8231728, 27.9702676]]]}}, {"id": "442", "type": "Feature", "properties": {"id": "7c2a341e-096b-4594-855d-66b89c5f8056", "name": null, "subtype": "residential", "class": "detached", "height": 12.47, "num_floors": null, "surge_class": 6, "surge_ft": 5.5, "flood_active": false, "exposure_score": 0.165, "exposure_category": "low"}, "geometry": {"type": "Polygon", "coordinates": [[[-82.8229992, 27.9702086], [-82.8230533, 27.9701089], [-82.8229709, 27.970074], [-82.82301, 27.9700019], [-82.8229372, 27.9699711], [-82.822844, 27.9701429], [-82.8229992, 27.9702086]]]}}, {"id": "443", "type": "Feature", "properties": {"id": "c165fad1-abe6-46c8-898b-797d37d878a7", "name": null, "subtype": "residential", "class": "detached", "height": 15.24, "num_floors": null, "surge_class": 5, "surge_ft": 4.5, "flood_active": false, "exposure_score": 0.135, "exposure_category": "low"}, "geometry": {"type": "Polygon", "coordinates": [[[-82.8233087, 27.9703272], [-82.8233425, 27.9703412], [-82.8234227, 27.9701902], [-82.8234047, 27.9701827], [-82.823411, 27.9701709], [-82.8233651, 27.9701519], [-82.8233603, 27.9701608], [-82.8233403, 27.9701525], [-82.8233449, 27.970144], [-82.8232754, 27.9701152], [-82.82322, 27.9702195], [-82.8232689, 27.9702398], [-82.8232646, 27.970248], [-82.823286, 27.9702568], [-82.8232682, 27.9702903], [-82.8233175, 27.9703107], [-82.8233087, 27.9703272]]]}}, {"id": "444", "type": "Feature", "properties": {"id": "cf7081fb-7a0f-4d2f-b5c1-87bd29c0629e", "name": null, "subtype": "residential", "class": "detached", "height": 17.37, "num_floors": null, "surge_class": 5, "surge_ft": 4.5, "flood_active": false, "exposure_score": 0.135, "exposure_category": "low"}, "geometry": {"type": "Polygon", "coordinates": [[[-82.8233679, 27.9703447], [-82.8235108, 27.9704001], [-82.8235836, 27.9702537], [-82.8234406, 27.9701983], [-82.8233679, 27.9703447]]]}}, {"id": "445", "type": "Feature", "properties": {"id": "32b7ac51-99ed-4b7b-b423-051dab00d221", "name": null, "subtype": "residential", "class": "detached", "height": 16.78, "num_floors": null, "surge_class": 4, "surge_ft": 3.5, "flood_active": false, "exposure_score": 0.105, "exposure_category": "low"}, "geometry": {"type": "Polygon", "coordinates": [[[-82.8236102, 27.9699559], [-82.8236718, 27.9699818], [-82.8237577, 27.9698221], [-82.8237168, 27.9698049], [-82.8237114, 27.9698149], [-82.8235791, 27.9697595], [-82.8235871, 27.9697445], [-82.8235357, 27.969723], [-82.8234478, 27.9698868], [-82.8235191, 27.9699166], [-82.8235343, 27.9698881], [-82.8235548, 27.9698967], [-82.8235464, 27.9699123], [-82.8235506, 27.9699312], [-82.8235767, 27.9699417], [-82.8235989, 27.9699309], [-82.8236052, 27.9699191], [-82.8236254, 27.9699276], [-82.8236102, 27.9699559]]]}}, {"id": "446", "type": "Feature", "properties": {"id": "67948cbb-8fab-4d8c-b810-6f90314559f2", "name": null, "subtype": "residential", "class": "detached", "height": 12.18, "num_floors": null, "surge_class": 6, "surge_ft": 5.5, "flood_active": false, "exposure_score": 0.165, "exposure_category": "low"}, "geometry": {"type": "Polygon", "coordinates": [[[-82.8232886, 27.9698254], [-82.8233037, 27.9697987], [-82.8234031, 27.9698426], [-82.8234585, 27.9697446], [-82.8233839, 27.9697116], [-82.8233922, 27.9696969], [-82.8233346, 27.9696714], [-82.8233254, 27.9696876], [-82.8232769, 27.9696662], [-82.8232071, 27.9697894], [-82.8232886, 27.9698254]]]}}, {"id": "447", "type": "Feature", "properties": {"id": "e83122d8-6f69-409d-a195-b48cd6e5677b", "name": null, "subtype": "residential", "class": "detached", "height": 19.46, "num_floors": null, "surge_class": 4, "surge_ft": 3.5, "flood_active": false, "exposure_score": 0.105, "exposure_category": "low"}, "geometry": {"type": "Polygon", "coordinates": [[[-82.8231317, 27.9697225], [-82.8231829, 27.9697443], [-82.8232606, 27.9696018], [-82.8231896, 27.9695716], [-82.8231792, 27.9695909], [-82.8230262, 27.9695258], [-82.8229725, 27.9696244], [-82.822979, 27.9696272], [-82.8229587, 27.9696643], [-82.8230055, 27.9696842], [-82.8230017, 27.9696911], [-82.8230675, 27.9697191], [-82.8230717, 27.9697113], [-82.8231254, 27.9697341], [-82.8231317, 27.9697225]]]}}, {"id": "448", "type": "Feature", "properties": {"id": "27c22c20-ee57-46db-9cd3-222d483ea5ab", "name": null, "subtype": "residential", "class": "detached", "height": 7.5, "num_floors": null, "surge_class": 5, "surge_ft": 4.5, "flood_active": false, "exposure_score": 0.135, "exposure_category": "low"}, "geometry": {"type": "Polygon", "coordinates": [[[-82.8229151, 27.9696345], [-82.8229278, 27.9696401], [-82.8230113, 27.9694915], [-82.8228596, 27.969425], [-82.8227757, 27.9695743], [-82.8227846, 27.9695782], [-82.8227795, 27.9695874], [-82.8228126, 27.9696019], [-82.8228175, 27.9695932], [-82.8228283, 27.9695979], [-82.8228185, 27.9696153], [-82.82286, 27.9696335], [-82.8228701, 27.9696153], [-82.8228832, 27.9696211], [-82.8228777, 27.9696309], [-82.8229094, 27.9696447], [-82.8229151, 27.9696345]]]}}, {"id": "449", "type": "Feature", "properties": {"id": "5a742476-9309-44b2-8f20-e41c1d03fa6d", "name": null, "subtype": "residential", "class": "detached", "height": 16.78, "num_floors": null, "surge_class": 5, "surge_ft": 4.5, "flood_active": false, "exposure_score": 0.135, "exposure_category": "low"}, "geometry": {"type": "Polygon", "coordinates": [[[-82.8227258, 27.9695349], [-82.8227294, 27.9695282], [-82.8227704, 27.9695458], [-82.8228299, 27.9694375], [-82.8227783, 27.9694155], [-82.8227729, 27.969417], [-82.8227315, 27.9693991], [-82.8227286, 27.9693926], [-82.8226766, 27.9693702], [-82.8226241, 27.9694654], [-82.8226289, 27.9694674], [-82.8226211, 27.9694815], [-82.8226272, 27.969484], [-82.8226021, 27.9695297], [-82.8226726, 27.9695599], [-82.8226939, 27.9695212], [-82.8227258, 27.9695349]]]}}, {"id": "450", "type": "Feature", "properties": {"id": "74cd9afc-1cdb-4303-8f7c-f9ad60595262", "name": null, "subtype": "outbuilding", "class": "roof", "height": null, "num_floors": null, "surge_class": 0, "surge_ft": 0.0, "flood_active": false, "exposure_score": 0.0, "exposure_category": "none"}, "geometry": {"type": "Polygon", "coordinates": [[[-82.8226833, 27.9692007], [-82.822716, 27.9692165], [-82.8227643, 27.9691384], [-82.8227211, 27.9691176], [-82.8226729, 27.9691957], [-82.8226833, 27.9692007]]]}}, {"id": "451", "type": "Feature", "properties": {"id": "7f3c1e8a-7896-4d0d-b44f-5081574d893c", "name": null, "subtype": "residential", "class": "detached", "height": 10.5, "num_floors": null, "surge_class": 5, "surge_ft": 4.5, "flood_active": false, "exposure_score": 0.135, "exposure_category": "low"}, "geometry": {"type": "Polygon", "coordinates": [[[-82.8240944, 27.9700594], [-82.8241066, 27.9699676], [-82.8240439, 27.9699612], [-82.8240474, 27.9699346], [-82.8240418, 27.9699341], [-82.8240457, 27.9699043], [-82.8239924, 27.9698988], [-82.8239883, 27.9699298], [-82.8239513, 27.969926], [-82.8239478, 27.969952], [-82.8239426, 27.9699515], [-82.8239267, 27.9700717], [-82.8239878, 27.970078], [-82.8239902, 27.9700601], [-82.8240423, 27.9700655], [-82.8240438, 27.9700542], [-82.8240944, 27.9700594]]]}}, {"id": "452", "type": "Feature", "properties": {"id": "bcb4787f-0276-46bb-a438-202593283845", "name": null, "subtype": "residential", "class": "detached", "height": 10.91, "num_floors": null, "surge_class": 6, "surge_ft": 5.5, "flood_active": false, "exposure_score": 0.165, "exposure_category": "low"}, "geometry": {"type": "Polygon", "coordinates": [[[-82.8238719, 27.9700437], [-82.8239197, 27.9699468], [-82.823759, 27.969885], [-82.8237166, 27.9699709], [-82.823766, 27.9699899], [-82.8237691, 27.9699836], [-82.8238043, 27.9699972], [-82.8237958, 27.9700144], [-82.8238719, 27.9700437]]]}}, {"id": "453", "type": "Feature", "properties": {"id": "3f268ebe-4b81-4580-9278-a93b069b5b0c", "name": null, "subtype": "residential", "class": "detached", "height": 17.47, "num_floors": null, "surge_class": 5, "surge_ft": 4.5, "flood_active": false, "exposure_score": 0.135, "exposure_category": "low"}, "geometry": {"type": "Polygon", "coordinates": [[[-82.8241397, 27.9700357], [-82.8241332, 27.9700898], [-82.8242184, 27.9700978], [-82.824216, 27.9701176], [-82.8243337, 27.9701286], [-82.8243436, 27.9700459], [-82.8243338, 27.970045], [-82.824337, 27.9700183], [-82.8243273, 27.9700174], [-82.8243384, 27.9699247], [-82.8242107, 27.9699128], [-82.8242101, 27.9699177], [-82.8241641, 27.9699134], [-82.8241494, 27.9700366], [-82.8241397, 27.9700357]]]}}, {"id": "454", "type": "Feature", "properties": {"id": "2d43ccdc-c977-4e76-bf2d-99b6b0fb011e", "name": null, "subtype": "outbuilding", "class": "roof", "height": null, "num_floors": null, "surge_class": 0, "surge_ft": 0.0, "flood_active": false, "exposure_score": 0.0, "exposure_category": "none"}, "geometry": {"type": "Polygon", "coordinates": [[[-82.8246182, 27.9698065], [-82.8246596, 27.9698052], [-82.8246566, 27.9697289], [-82.8246562, 27.9697187], [-82.8246146, 27.9697201], [-82.8246182, 27.9698065]]]}}, {"id": "455", "type": "Feature", "properties": {"id": "ad89106f-2da7-4eef-848a-1694b4c041b8", "name": null, "subtype": "residential", "class": "detached", "height": 11.26, "num_floors": null, "surge_class": 5, "surge_ft": 4.5, "flood_active": false, "exposure_score": 0.135, "exposure_category": "low"}, "geometry": {"type": "Polygon", "coordinates": [[[-82.8245846, 27.9701195], [-82.8246389, 27.970118], [-82.8246392, 27.9701274], [-82.8247027, 27.9701257], [-82.8247024, 27.9701167], [-82.8247542, 27.9701153], [-82.8247478, 27.9699355], [-82.8246999, 27.9699368], [-82.8246992, 27.9699159], [-82.8246294, 27.9699178], [-82.8246301, 27.9699399], [-82.8245783, 27.9699413], [-82.8245846, 27.9701195]]]}}, {"id": "456", "type": "Feature", "properties": {"id": "de55d1ca-5481-4f62-997f-c86e73fb80a9", "name": null, "subtype": "residential", "class": "detached", "height": 19.4, "num_floors": null, "surge_class": 5, "surge_ft": 4.5, "flood_active": false, "exposure_score": 0.135, "exposure_category": "low"}, "geometry": {"type": "Polygon", "coordinates": [[[-82.824781, 27.9699677], [-82.8247851, 27.9701153], [-82.8248611, 27.9701137], [-82.8248758, 27.9701255], [-82.8249144, 27.9700878], [-82.8249391, 27.9700871], [-82.8249399, 27.9701107], [-82.8250129, 27.9701087], [-82.8250058, 27.9699075], [-82.8248954, 27.9699105], [-82.8248359, 27.9699666], [-82.824781, 27.9699677]]]}}, {"id": "457", "type": "Feature", "properties": {"id": "ea654942-9e5d-4dd0-a67f-11adfc1e910b", "name": null, "subtype": "residential", "class": "detached", "height": 7.5, "num_floors": null, "surge_class": 5, "surge_ft": 4.5, "flood_active": false, "exposure_score": 0.135, "exposure_category": "low"}, "geometry": {"type": "Polygon", "coordinates": [[[-82.8250403, 27.9701184], [-82.8252069, 27.9701136], [-82.8251992, 27.9699071], [-82.8250326, 27.9699119], [-82.8250403, 27.9701184]]]}}, {"id": "458", "type": "Feature", "properties": {"id": "cfd66145-272c-4177-b3f7-c93bc07f713a", "name": null, "subtype": "residential", "class": "detached", "height": 18.42, "num_floors": null, "surge_class": 5, "surge_ft": 4.5, "flood_active": false, "exposure_score": 0.135, "exposure_category": "low"}, "geometry": {"type": "Polygon", "coordinates": [[[-82.8256689, 27.9700972], [-82.8257675, 27.9700954], [-82.8257628, 27.9698951], [-82.8255947, 27.9698981], [-82.8255984, 27.9700564], [-82.8256437, 27.9700555], [-82.8256433, 27.9700379], [-82.8256675, 27.9700375], [-82.8256689, 27.9700972]]]}}, {"id": "459", "type": "Feature", "properties": {"id": "44b9e87d-7a36-4de0-9ca5-0d776f73708a", "name": null, "subtype": "residential", "class": "detached", "height": 10.92, "num_floors": null, "surge_class": 5, "surge_ft": 4.5, "flood_active": false, "exposure_score": 0.135, "exposure_category": "low"}, "geometry": {"type": "Polygon", "coordinates": [[[-82.8254968, 27.9700555], [-82.8254959, 27.9700239], [-82.8255496, 27.9700227], [-82.8255494, 27.9700167], [-82.8255831, 27.970016], [-82.8255796, 27.9698859], [-82.8255259, 27.9698871], [-82.8255256, 27.9698779], [-82.8254625, 27.9698793], [-82.8254634, 27.9699114], [-82.8254098, 27.9699126], [-82.8254138, 27.9700573], [-82.8254968, 27.9700555]]]}}, {"id": "460", "type": "Feature", "properties": {"id": "870232f9-a8ff-43df-a64a-8f47041e6db5", "name": null, "subtype": "residential", "class": "detached", "height": 10.98, "num_floors": null, "surge_class": 6, "surge_ft": 5.5, "flood_active": false, "exposure_score": 0.165, "exposure_category": "low"}, "geometry": {"type": "Polygon", "coordinates": [[[-82.8253307, 27.9700991], [-82.8253915, 27.9700977], [-82.8253859, 27.9699071], [-82.8252938, 27.9699092], [-82.8252933, 27.9698922], [-82.8252302, 27.9698936], [-82.8252346, 27.9700402], [-82.8253, 27.9700386], [-82.8252987, 27.9699964], [-82.8253277, 27.9699957], [-82.8253307, 27.9700991]]]}}, {"id": "461", "type": "Feature", "properties": {"id": "a8d9260e-6833-4d2a-84f2-350e867459cd", "name": null, "subtype": "residential", "class": "detached", "height": 13.08, "num_floors": null, "surge_class": 5, "surge_ft": 4.5, "flood_active": false, "exposure_score": 0.135, "exposure_category": "low"}, "geometry": {"type": "Polygon", "coordinates": [[[-82.825919, 27.9700882], [-82.8259455, 27.9700877], [-82.8259438, 27.9700213], [-82.8259115, 27.970022], [-82.825908, 27.9698802], [-82.8257887, 27.9698825], [-82.8257932, 27.9700658], [-82.8258017, 27.9700656], [-82.825809, 27.9700724], [-82.8258323, 27.9700718], [-82.825837, 27.9700649], [-82.8258472, 27.9700648], [-82.825848, 27.9700969], [-82.8259192, 27.9700955], [-82.825919, 27.9700882]]]}}, {"id": "462", "type": "Feature", "properties": {"id": "2029ef45-7bfe-4258-864e-d2fe20ef4df4", "name": null, "subtype": "residential", "class": "detached", "height": 12.64, "num_floors": null, "surge_class": 5, "surge_ft": 4.5, "flood_active": false, "exposure_score": 0.135, "exposure_category": "low"}, "geometry": {"type": "Polygon", "coordinates": [[[-82.8259747, 27.9699078], [-82.8259782, 27.9700307], [-82.8260362, 27.9700294], [-82.8260356, 27.9700072], [-82.8260933, 27.9700059], [-82.8260939, 27.9700266], [-82.8261387, 27.9700256], [-82.8261353, 27.9699043], [-82.8261027, 27.969905], [-82.8261023, 27.9698906], [-82.8260116, 27.9698926], [-82.826012, 27.969907], [-82.8259747, 27.9699078]]]}}, {"id": "463", "type": "Feature", "properties": {"id": "ac3b3ef4-0de5-4ae0-a576-19aa974a9d02", "name": null, "subtype": "residential", "class": "detached", "height": 12.29, "num_floors": null, "surge_class": 5, "surge_ft": 4.5, "flood_active": false, "exposure_score": 0.135, "exposure_category": "low"}, "geometry": {"type": "Polygon", "coordinates": [[[-82.8265498, 27.9700453], [-82.826557, 27.9699438], [-82.8265041, 27.9699409], [-82.8265066, 27.9699056], [-82.8263534, 27.9698971], [-82.8263437, 27.9700339], [-82.8265498, 27.9700453]]]}}, {"id": "464", "type": "Feature", "properties": {"id": "a56950aa-eac2-4788-855f-2b42050627cb", "name": null, "subtype": "residential", "class": "detached", "height": 10.87, "num_floors": null, "surge_class": 5, "surge_ft": 4.5, "flood_active": false, "exposure_score": 0.135, "exposure_category": "low"}, "geometry": {"type": "Polygon", "coordinates": [[[-82.8261551, 27.9699063], [-82.8261561, 27.9700327], [-82.8262329, 27.9700322], [-82.8262334, 27.9700915], [-82.8263123, 27.970091], [-82.8263117, 27.9700158], [-82.826298, 27.9700158], [-82.826297, 27.9698907], [-82.8262099, 27.9698912], [-82.8262101, 27.9699059], [-82.8261551, 27.9699063]]]}}, {"id": "465", "type": "Feature", "properties": {"id": "152eac3f-c5e8-4b41-945f-71137d0a18c2", "name": "Bay Harbor", "subtype": null, "class": null, "height": 25.16, "num_floors": 5, "surge_class": 4, "surge_ft": 3.5, "flood_active": false, "exposure_score": 0.105, "exposure_category": "low"}, "geometry": {"type": "Polygon", "coordinates": [[[-82.826415, 27.9680556], [-82.8263479, 27.9682081], [-82.8268035, 27.9683684], [-82.8269061, 27.96814], [-82.8268457, 27.9681163], [-82.8268355, 27.9681376], [-82.8267123, 27.9680935], [-82.8267259, 27.968057], [-82.8266372, 27.9680226], [-82.8266169, 27.9680618], [-82.826495, 27.9680196], [-82.8265003, 27.9680049], [-82.8263878, 27.9679644], [-82.8263656, 27.9680097], [-82.826425, 27.9680327], [-82.8264154, 27.9680547], [-82.8264163, 27.9680557], [-82.826415, 27.9680556]]]}}, {"id": "466", "type": "Feature", "properties": {"id": "ed232210-535c-4d67-b8c8-66e64b4755ac", "name": null, "subtype": null, "class": null, "height": 21.24, "num_floors": null, "surge_class": 5, "surge_ft": 4.5, "flood_active": false, "exposure_score": 0.135, "exposure_category": "low"}, "geometry": {"type": "Polygon", "coordinates": [[[-82.8259808, 27.9679188], [-82.8259246, 27.96811], [-82.8262827, 27.9681928], [-82.8263388, 27.9680017], [-82.8259808, 27.9679188]]]}}, {"id": "467", "type": "Feature", "properties": {"id": "0be5efc6-c65e-44e9-b4ba-20f6e7b90cd4", "name": null, "subtype": null, "class": null, "height": 14.94, "num_floors": null, "surge_class": 5, "surge_ft": 4.5, "flood_active": false, "exposure_score": 0.135, "exposure_category": "low"}, "geometry": {"type": "Polygon", "coordinates": [[[-82.825259, 27.9679498], [-82.8255198, 27.9680137], [-82.8257961, 27.9680815], [-82.8258562, 27.9679007], [-82.8258095, 27.9678872], [-82.8258001, 27.9679149], [-82.8254179, 27.9678216], [-82.8254265, 27.9677894], [-82.8253187, 27.9677597], [-82.825259, 27.9679498]]]}}, {"id": "468", "type": "Feature", "properties": {"id": "17630df7-6be0-46e4-a60c-f42a581bb9b9", "name": null, "subtype": null, "class": null, "height": 14.73, "num_floors": null, "surge_class": 5, "surge_ft": 4.5, "flood_active": false, "exposure_score": 0.135, "exposure_category": "low"}, "geometry": {"type": "Polygon", "coordinates": [[[-82.8251349, 27.9677383], [-82.8251055, 27.967728], [-82.8250257, 27.9678805], [-82.825055, 27.9678914], [-82.8250843, 27.9679024], [-82.8251642, 27.9677486], [-82.8251349, 27.9677383]]]}}, {"id": "469", "type": "Feature", "properties": {"id": "c8a00460-07e1-4a91-9c18-9781ef04392c", "name": null, "subtype": null, "class": null, "height": 14.73, "num_floors": null, "surge_class": 5, "surge_ft": 4.5, "flood_active": false, "exposure_score": 0.135, "exposure_category": "low"}, "geometry": {"type": "Polygon", "coordinates": [[[-82.8252275, 27.9677708], [-82.8251642, 27.9677486], [-82.8250843, 27.9679024], [-82.8251512, 27.9679274], [-82.8252275, 27.9677708]]]}}, {"id": "470", "type": "Feature", "properties": {"id": "bb9e9ce1-e88a-4c20-bb31-731243bdcd3e", "name": null, "subtype": null, "class": null, "height": 14.74, "num_floors": null, "surge_class": 5, "surge_ft": 4.5, "flood_active": false, "exposure_score": 0.135, "exposure_category": "low"}, "geometry": {"type": "Polygon", "coordinates": [[[-82.8250758, 27.9677176], [-82.8250461, 27.9677072], [-82.8249699, 27.9678596], [-82.8249715, 27.9678602], [-82.8250257, 27.9678805], [-82.8251055, 27.967728], [-82.8250758, 27.9677176]]]}}, {"id": "471", "type": "Feature", "properties": {"id": "4f76c1b2-d70b-442c-9f6d-852f9ba7c61e", "name": null, "subtype": null, "class": null, "height": 14.88, "num_floors": null, "surge_class": 6, "surge_ft": 5.5, "flood_active": false, "exposure_score": 0.165, "exposure_category": "low"}, "geometry": {"type": "Polygon", "coordinates": [[[-82.8250173, 27.9676971], [-82.8249884, 27.9676869], [-82.8249023, 27.9678558], [-82.8249317, 27.9678663], [-82.8249612, 27.9678769], [-82.8249634, 27.9678776], [-82.8249715, 27.9678602], [-82.8249699, 27.9678596], [-82.8250461, 27.9677072], [-82.8250173, 27.9676971]]]}}, {"id": "472", "type": "Feature", "properties": {"id": "6ad5e5fc-9f1c-4a82-8b37-8ee547e46af8", "name": null, "subtype": null, "class": null, "height": 14.88, "num_floors": null, "surge_class": 7, "surge_ft": 6.5, "flood_active": false, "exposure_score": 0.195, "exposure_category": "low"}, "geometry": {"type": "Polygon", "coordinates": [[[-82.8249151, 27.9676817], [-82.8249181, 27.9676827], [-82.8248425, 27.9678345], [-82.824891, 27.9678518], [-82.8249023, 27.9678558], [-82.8249884, 27.9676869], [-82.8249576, 27.9676761], [-82.8249267, 27.9676653], [-82.8249235, 27.9676642], [-82.8249151, 27.9676817]]]}}, {"id": "473", "type": "Feature", "properties": {"id": "3f2d5ca3-c04f-4c61-b46d-8cfa0a7c8cf2", "name": null, "subtype": null, "class": null, "height": 14.85, "num_floors": null, "surge_class": 5, "surge_ft": 4.5, "flood_active": false, "exposure_score": 0.135, "exposure_category": "low"}, "geometry": {"type": "Polygon", "coordinates": [[[-82.8249151, 27.9676817], [-82.8248665, 27.9676641], [-82.8247874, 27.9678149], [-82.8248149, 27.9678247], [-82.8248425, 27.9678345], [-82.8249181, 27.9676827], [-82.8249151, 27.9676817]]]}}, {"id": "474", "type": "Feature", "properties": {"id": "36afe771-8a48-44d8-9ef2-f1aee4daf787", "name": null, "subtype": null, "class": null, "height": 14.82, "num_floors": null, "surge_class": 5, "surge_ft": 4.5, "flood_active": false, "exposure_score": 0.135, "exposure_category": "low"}, "geometry": {"type": "Polygon", "coordinates": [[[-82.8247335, 27.967784], [-82.8247284, 27.9677938], [-82.8247579, 27.9678043], [-82.8247874, 27.9678149], [-82.8248665, 27.9676641], [-82.8248367, 27.9676533], [-82.8248069, 27.9676425], [-82.8247335, 27.967784]]]}}, {"id": "475", "type": "Feature", "properties": {"id": "609cf22c-1650-43c0-8f8c-c5ff605c95ab", "name": null, "subtype": null, "class": null, "height": 14.93, "num_floors": null, "surge_class": 5, "surge_ft": 4.5, "flood_active": false, "exposure_score": 0.135, "exposure_category": "low"}, "geometry": {"type": "Polygon", "coordinates": [[[-82.8247795, 27.9676326], [-82.8247521, 27.9676227], [-82.8246626, 27.9677939], [-82.8247166, 27.9678136], [-82.824728, 27.9677937], [-82.8247284, 27.9677938], [-82.8247335, 27.967784], [-82.8248069, 27.9676425], [-82.8247795, 27.9676326]]]}}, {"id": "476", "type": "Feature", "properties": {"id": "37bc9eda-e300-477d-81f6-7f6404db3f5f", "name": "Surf Style", "subtype": null, "class": null, "height": 17.78, "num_floors": null, "surge_class": 4, "surge_ft": 3.5, "flood_active": false, "exposure_score": 0.105, "exposure_category": "low"}, "geometry": {"type": "Polygon", "coordinates": [[[-82.8253066, 27.9670314], [-82.8250025, 27.9669465], [-82.8248821, 27.9673143], [-82.8251764, 27.9673932], [-82.8251876, 27.9673615], [-82.825188, 27.9673616], [-82.8252486, 27.9671944], [-82.825249, 27.9671945], [-82.8252673, 27.9671426], [-82.8253066, 27.9670314]]]}}, {"id": "477", "type": "Feature", "properties": {"id": "195fab5d-959b-4ba7-8030-525146c662f5", "name": null, "subtype": "outbuilding", "class": "carport", "height": 41.99, "num_floors": null, "surge_class": 4, "surge_ft": 3.5, "flood_active": false, "exposure_score": 0.105, "exposure_category": "low"}, "geometry": {"type": "Polygon", "coordinates": [[[-82.8253326, 27.9663133], [-82.8252103, 27.9662956], [-82.8251416, 27.9665673], [-82.8252603, 27.9665879], [-82.8253326, 27.9663133]]]}}, {"id": "478", "type": "Feature", "properties": {"id": "1368747b-7b51-4ba6-8ae1-32c8c820c7d2", "name": null, "subtype": "outbuilding", "class": "carport", "height": 10.34, "num_floors": null, "surge_class": 4, "surge_ft": 3.5, "flood_active": false, "exposure_score": 0.105, "exposure_category": "low"}, "geometry": {"type": "Polygon", "coordinates": [[[-82.8253098, 27.9666291], [-82.8254311, 27.9666534], [-82.8255062, 27.9663629], [-82.8253831, 27.966339], [-82.8253098, 27.9666291]]]}}, {"id": "479", "type": "Feature", "properties": {"id": "4b8c41d2-8b6d-4096-ab0b-da3f6c2558b7", "name": null, "subtype": "outbuilding", "class": "carport", "height": 6.675992965698242, "num_floors": null, "surge_class": 4, "surge_ft": 3.5, "flood_active": false, "exposure_score": 0.105, "exposure_category": "low"}, "geometry": {"type": "Polygon", "coordinates": [[[-82.8254824, 27.966691], [-82.8255415, 27.9667038], [-82.8255934, 27.9665034], [-82.825643, 27.9663194], [-82.8255813, 27.9663063], [-82.8254824, 27.966691]]]}}, {"id": "480", "type": "Feature", "properties": {"id": "de58acda-2cab-46a9-a429-9c6c6e849b03", "name": null, "subtype": null, "class": null, "height": 18.64, "num_floors": null, "surge_class": 4, "surge_ft": 3.5, "flood_active": false, "exposure_score": 0.105, "exposure_category": "low"}, "geometry": {"type": "Polygon", "coordinates": [[[-82.8257026, 27.9670076], [-82.8255422, 27.9669549], [-82.8254594, 27.9672245], [-82.8256116, 27.967286], [-82.8256181, 27.967267], [-82.8256197, 27.9672674], [-82.8257026, 27.9670076]]]}}, {"id": "481", "type": "Feature", "properties": {"id": "18a0c6b8-b29d-4e28-8297-465f25216d9f", "name": null, "subtype": null, "class": null, "height": 12.85, "num_floors": null, "surge_class": 4, "surge_ft": 3.5, "flood_active": false, "exposure_score": 0.105, "exposure_category": "low"}, "geometry": {"type": "Polygon", "coordinates": [[[-82.8253743, 27.9674136], [-82.8255451, 27.9674536], [-82.8255924, 27.967296], [-82.8254216, 27.967256], [-82.8253743, 27.9674136]]]}}, {"id": "482", "type": "Feature", "properties": {"id": "3e5122d6-929f-44a9-93c3-d41aec053b1c", "name": null, "subtype": null, "class": null, "height": 17.69, "num_floors": null, "surge_class": 3, "surge_ft": 2.5, "flood_active": false, "exposure_score": 0.075, "exposure_category": "low"}, "geometry": {"type": "Polygon", "coordinates": [[[-82.825249, 27.9671945], [-82.8252486, 27.9671944], [-82.825188, 27.9673616], [-82.8253659, 27.9674146], [-82.8254194, 27.9672438], [-82.825249, 27.9671945]]]}}, {"id": "483", "type": "Feature", "properties": {"id": "b9197dbc-12fa-4758-8577-9033c07ae1b7", "name": null, "subtype": null, "class": null, "height": 18.61, "num_floors": null, "surge_class": 4, "surge_ft": 3.5, "flood_active": false, "exposure_score": 0.105, "exposure_category": "low"}, "geometry": {"type": "Polygon", "coordinates": [[[-82.825802, 27.9670403], [-82.8257026, 27.9670076], [-82.8256197, 27.9672674], [-82.8257998, 27.9673199], [-82.8258631, 27.9671073], [-82.8257905, 27.9670866], [-82.825802, 27.9670403]]]}}, {"id": "484", "type": "Feature", "properties": {"id": "1e50c1dc-6a63-4b8d-b482-b133889054bb", "name": null, "subtype": null, "class": null, "height": 13.75, "num_floors": null, "surge_class": 4, "surge_ft": 3.5, "flood_active": false, "exposure_score": 0.105, "exposure_category": "low"}, "geometry": {"type": "Polygon", "coordinates": [[[-82.8257796, 27.9673344], [-82.8257553, 27.9674167], [-82.8257931, 27.9674254], [-82.8261086, 27.9674985], [-82.8261344, 27.9674115], [-82.8259187, 27.9673611], [-82.8259422, 27.967282], [-82.8258951, 27.9672702], [-82.8258822, 27.9673136], [-82.8258372, 27.9673025], [-82.8258243, 27.9673457], [-82.8258164, 27.9673437], [-82.8257796, 27.9673344]]]}}, {"id": "485", "type": "Feature", "properties": {"id": "821ef072-7fb8-4673-b8be-b1ca705387d6", "name": "Speedway", "subtype": "commercial", "class": "retail", "height": 18.0, "num_floors": 1, "surge_class": 5, "surge_ft": 4.5, "flood_active": false, "exposure_score": 0.135, "exposure_category": "low"}, "geometry": {"type": "Polygon", "coordinates": [[[-82.8264823, 27.9675004], [-82.8264145, 27.9676455], [-82.8265911, 27.9677098], [-82.8266588, 27.9675646], [-82.8264823, 27.9675004]]]}}, {"id": "486", "type": "Feature", "properties": {"id": "de443172-e5e8-4594-b9d2-4aab79b720a8", "name": "Gulfview Hotel on the Beach", "subtype": null, "class": null, "height": 16.83, "num_floors": null, "surge_class": 3, "surge_ft": 2.5, "flood_active": false, "exposure_score": 0.075, "exposure_category": "low"}, "geometry": {"type": "Polygon", "coordinates": [[[-82.8262885, 27.9667873], [-82.8263397, 27.9667977], [-82.8265301, 27.9668361], [-82.8265954, 27.9665794], [-82.8265483, 27.9665676], [-82.8265578, 27.9665273], [-82.8264121, 27.9664951], [-82.8264011, 27.9665368], [-82.8263531, 27.9665286], [-82.8262885, 27.9667873]]]}}, {"id": "487", "type": "Feature", "properties": {"id": "863b8c0c-0ce8-474f-ab07-a3e20b022da2", "name": null, "subtype": null, "class": null, "height": 12.804141998291016, "num_floors": null, "surge_class": 3, "surge_ft": 2.5, "flood_active": false, "exposure_score": 0.075, "exposure_category": "low"}, "geometry": {"type": "Polygon", "coordinates": [[[-82.8262081, 27.9669903], [-82.8263275, 27.9664901], [-82.8263031, 27.9664855], [-82.8262926, 27.9665294], [-82.8262581, 27.966523], [-82.8262635, 27.9665004], [-82.8260848, 27.9664672], [-82.8259367, 27.9665468], [-82.8259303, 27.9665752], [-82.8258981, 27.9665895], [-82.825889, 27.9666249], [-82.8258123, 27.9666096], [-82.8257897, 27.9666981], [-82.8258223, 27.9667046], [-82.8258438, 27.9667088], [-82.8258184, 27.9668082], [-82.8258601, 27.9668165], [-82.8258498, 27.9668567], [-82.8261234, 27.9669846], [-82.826132, 27.9669761], [-82.8262081, 27.9669903]]]}}, {"id": "488", "type": "Feature", "properties": {"id": "06d5931c-0670-4312-b68a-b78a6b42edc1", "name": "Winter the Dolphin's Beach Club, Ascend Hotel Collection", "subtype": null, "class": null, "height": 17.41, "num_floors": null, "surge_class": 3, "surge_ft": 2.5, "flood_active": false, "exposure_score": 0.075, "exposure_category": "low"}, "geometry": {"type": "Polygon", "coordinates": [[[-82.8256256, 27.9665105], [-82.8255934, 27.9665034], [-82.8255415, 27.9667038], [-82.8255741, 27.9667078], [-82.8255698, 27.9667471], [-82.8256435, 27.9667655], [-82.8256829, 27.966746], [-82.8257758, 27.9667603], [-82.8257897, 27.9666981], [-82.8258123, 27.9666096], [-82.8258876, 27.9663559], [-82.8260145, 27.9663849], [-82.8260451, 27.9662747], [-82.8257087, 27.9662056], [-82.8256256, 27.9665105]]]}}, {"id": "489", "type": "Feature", "properties": {"id": "189f2060-451d-4c1f-ad6d-18aee5b6b847", "name": null, "subtype": null, "class": null, "height": 41.99, "num_floors": null, "surge_class": 3, "surge_ft": 2.5, "flood_active": false, "exposure_score": 0.075, "exposure_category": "low"}, "geometry": {"type": "Polygon", "coordinates": [[[-82.8249853, 27.9661397], [-82.825214, 27.9662204], [-82.8253212, 27.9662499], [-82.8255468, 27.9663292], [-82.8256358, 27.9661231], [-82.8250772, 27.9659275], [-82.8249853, 27.9661397]]]}}, {"id": "490", "type": "Feature", "properties": {"id": "e14d3d5a-6cf0-4d76-8382-769770fee038", "name": null, "subtype": "outbuilding", "class": "carport", "height": 10.32, "num_floors": null, "surge_class": 4, "surge_ft": 3.5, "flood_active": false, "exposure_score": 0.105, "exposure_category": "low"}, "geometry": {"type": "Polygon", "coordinates": [[[-82.8249662, 27.9665046], [-82.8250893, 27.9665303], [-82.8251637, 27.9662491], [-82.8250405, 27.9662234], [-82.8249662, 27.9665046]]]}}, {"id": "491", "type": "Feature", "properties": {"id": "aab5cd83-07d4-44e4-b435-68c06631a4ba", "name": null, "subtype": "outbuilding", "class": "carport", "height": 8.38, "num_floors": null, "surge_class": 4, "surge_ft": 3.5, "flood_active": false, "exposure_score": 0.105, "exposure_category": "low"}, "geometry": {"type": "Polygon", "coordinates": [[[-82.8248581, 27.9664623], [-82.8249183, 27.9664762], [-82.8250073, 27.9661482], [-82.8249493, 27.96613], [-82.8248581, 27.9664623]]]}}, {"id": "492", "type": "Feature", "properties": {"id": "0ac6103f-846a-426e-b724-843460204280", "name": null, "subtype": null, "class": null, "height": 5.50108528137207, "num_floors": null, "surge_class": 6, "surge_ft": 5.5, "flood_active": false, "exposure_score": 0.165, "exposure_category": "low"}, "geometry": {"type": "Polygon", "coordinates": [[[-82.8238743, 27.9660256], [-82.8238331, 27.966187], [-82.8240057, 27.9662213], [-82.8240469, 27.9660599], [-82.8238743, 27.9660256]]]}}, {"id": "493", "type": "Feature", "properties": {"id": "8478ffc3-477f-443d-946c-bd9915ca5499", "name": null, "subtype": null, "class": null, "height": 23.320199966430664, "num_floors": null, "surge_class": 3, "surge_ft": 2.5, "flood_active": false, "exposure_score": 0.075, "exposure_category": "low"}, "geometry": {"type": "Polygon", "coordinates": [[[-82.8248287, 27.9663882], [-82.8249661, 27.9658398], [-82.8243345, 27.9657539], [-82.8242198, 27.966178], [-82.8242855, 27.9661898], [-82.8242641, 27.9662804], [-82.8243567, 27.9662987], [-82.8246942, 27.966362], [-82.8248287, 27.9663882]]]}}, {"id": "494", "type": "Feature", "properties": {"id": "933eeca2-542a-4dbc-8227-00ac12751fc9", "name": "Coconut Cove All-Suite Resort", "subtype": "commercial", "class": "hotel", "height": 18.06, "num_floors": null, "surge_class": 4, "surge_ft": 3.5, "flood_active": false, "exposure_score": 0.105, "exposure_category": "low"}, "geometry": {"type": "Polygon", "coordinates": [[[-82.8243549, 27.9665525], [-82.8243246, 27.9666315], [-82.8243094, 27.9666709], [-82.8242791, 27.9667499], [-82.8243245, 27.9667637], [-82.8243699, 27.9667774], [-82.8244003, 27.9666984], [-82.8244154, 27.966659], [-82.8244458, 27.96658], [-82.8243549, 27.9665525]]]}}, {"id": "495", "type": "Feature", "properties": {"id": "707896cb-c195-4d0e-be61-e96960e09a96", "name": null, "subtype": null, "class": null, "height": 18.03, "num_floors": null, "surge_class": 5, "surge_ft": 4.5, "flood_active": false, "exposure_score": 0.135, "exposure_category": "low"}, "geometry": {"type": "Polygon", "coordinates": [[[-82.8242893, 27.9670724], [-82.8242508, 27.96716], [-82.8244463, 27.967228], [-82.8244731, 27.967162], [-82.8244522, 27.9671546], [-82.8244642, 27.9671257], [-82.8245172, 27.9669976], [-82.8245461, 27.9670035], [-82.8245714, 27.9669431], [-82.8243697, 27.9668735], [-82.8242893, 27.9670724]]]}}, {"id": "496", "type": "Feature", "properties": {"id": "e960c6e8-a114-4356-a9cc-01b053757be6", "name": "Gondolier Pizza", "subtype": "commercial", "class": null, "height": 14.26, "num_floors": null, "surge_class": 4, "surge_ft": 3.5, "flood_active": false, "exposure_score": 0.105, "exposure_category": "low"}, "geometry": {"type": "Polygon", "coordinates": [[[-82.8246378, 27.9669171], [-82.824613, 27.9669767], [-82.824829, 27.9670525], [-82.8248971, 27.9668895], [-82.8246032, 27.9667939], [-82.8246254, 27.9667411], [-82.8244633, 27.9666846], [-82.8243995, 27.9668372], [-82.8246378, 27.9669171]]]}}, {"id": "497", "type": "Feature", "properties": {"id": "5136cfd9-55f3-4029-a6e1-9f6dd74bb2d9", "name": null, "subtype": null, "class": null, "height": 18.01, "num_floors": null, "surge_class": 5, "surge_ft": 4.5, "flood_active": false, "exposure_score": 0.135, "exposure_category": "low"}, "geometry": {"type": "Polygon", "coordinates": [[[-82.8245276, 27.9672524], [-82.8245772, 27.9672686], [-82.8246269, 27.9672847], [-82.8246766, 27.9673009], [-82.8247262, 27.9673171], [-82.8247447, 27.9672725], [-82.8248184, 27.967094], [-82.8247687, 27.9670778], [-82.8247191, 27.9670616], [-82.8246694, 27.9670455], [-82.8246197, 27.9670293], [-82.824546, 27.9672078], [-82.8245276, 27.9672524]]]}}, {"id": "498", "type": "Feature", "properties": {"id": "1c1e78bb-a873-46eb-aeea-cd9c727bc6b5", "name": null, "subtype": null, "class": null, "height": 14.9, "num_floors": null, "surge_class": 5, "surge_ft": 4.5, "flood_active": false, "exposure_score": 0.135, "exposure_category": "low"}, "geometry": {"type": "Polygon", "coordinates": [[[-82.8246787, 27.9676144], [-82.8246831, 27.9676161], [-82.8246011, 27.9677715], [-82.8246318, 27.9677827], [-82.8246626, 27.9677939], [-82.8247521, 27.9676227], [-82.8247217, 27.9676117], [-82.8246912, 27.9676007], [-82.8246871, 27.9675992], [-82.8246787, 27.9676144]]]}}, {"id": "499", "type": "Feature", "properties": {"id": "47d61e66-06a2-4005-bcb0-55432d30a812", "name": null, "subtype": null, "class": null, "height": 14.89, "num_floors": null, "surge_class": 6, "surge_ft": 5.5, "flood_active": false, "exposure_score": 0.165, "exposure_category": "low"}, "geometry": {"type": "Polygon", "coordinates": [[[-82.8246787, 27.9676144], [-82.8246261, 27.9675945], [-82.824547, 27.9677519], [-82.824574, 27.9677617], [-82.8246011, 27.9677715], [-82.8246831, 27.9676161], [-82.8246787, 27.9676144]]]}}, {"id": "500", "type": "Feature", "properties": {"id": "25d77fef-1177-42de-874f-eba59ca243bb", "name": null, "subtype": null, "class": null, "height": 14.89, "num_floors": null, "surge_class": 5, "surge_ft": 4.5, "flood_active": false, "exposure_score": 0.135, "exposure_category": "low"}, "geometry": {"type": "Polygon", "coordinates": [[[-82.8246261, 27.9675945], [-82.8245638, 27.9675708], [-82.8244833, 27.9677287], [-82.824547, 27.9677519], [-82.8246261, 27.9675945]]]}}, {"id": "501", "type": "Feature", "properties": {"id": "df5f6e0f-1d8a-4a2b-9a29-9f2c7103961c", "name": null, "subtype": null, "class": null, "height": 21.24, "num_floors": null, "surge_class": 5, "surge_ft": 4.5, "flood_active": false, "exposure_score": 0.135, "exposure_category": "low"}, "geometry": {"type": "Polygon", "coordinates": [[[-82.8245426, 27.9675396], [-82.8244694, 27.9675175], [-82.8243994, 27.967703], [-82.8244714, 27.9677248], [-82.8245426, 27.9675396]]]}}, {"id": "502", "type": "Feature", "properties": {"id": "c5eda546-8d93-4166-b654-469c615b2131", "name": null, "subtype": null, "class": null, "height": 21.23, "num_floors": null, "surge_class": 6, "surge_ft": 5.5, "flood_active": false, "exposure_score": 0.165, "exposure_category": "low"}, "geometry": {"type": "Polygon", "coordinates": [[[-82.8244421, 27.9675092], [-82.8244148, 27.9675009], [-82.8243441, 27.9676862], [-82.8243717, 27.9676946], [-82.8243994, 27.967703], [-82.8244694, 27.9675175], [-82.8244421, 27.9675092]]]}}, {"id": "503", "type": "Feature", "properties": {"id": "c36a2dbf-5b29-430a-9c3e-872634ccf5ce", "name": null, "subtype": null, "class": null, "height": 21.2, "num_floors": null, "surge_class": 9, "surge_ft": 8.5, "flood_active": false, "exposure_score": 0.255, "exposure_category": "moderate"}, "geometry": {"type": "Polygon", "coordinates": [[[-82.8243887, 27.967493], [-82.8243626, 27.9674851], [-82.824289, 27.9676695], [-82.8243165, 27.9676779], [-82.8243441, 27.9676862], [-82.8244148, 27.9675009], [-82.8243887, 27.967493]]]}}, {"id": "504", "type": "Feature", "properties": {"id": "a6c26f30-a87d-4768-9b75-1d07548ae58c", "name": null, "subtype": null, "class": null, "height": 21.18, "num_floors": null, "surge_class": 5, "surge_ft": 4.5, "flood_active": false, "exposure_score": 0.135, "exposure_category": "low"}, "geometry": {"type": "Polygon", "coordinates": [[[-82.8243359, 27.9674771], [-82.8243093, 27.967469], [-82.8242349, 27.9676532], [-82.824262, 27.9676614], [-82.824289, 27.9676695], [-82.8243626, 27.9674851], [-82.8243359, 27.9674771]]]}}, {"id": "505", "type": "Feature", "properties": {"id": "c5ead23a-4cda-480c-a836-0cbe9cfd5f9d", "name": null, "subtype": null, "class": null, "height": 21.25, "num_floors": null, "surge_class": 6, "surge_ft": 5.5, "flood_active": false, "exposure_score": 0.165, "exposure_category": "low"}, "geometry": {"type": "Polygon", "coordinates": [[[-82.8242561, 27.9674529], [-82.8241892, 27.9674326], [-82.8241181, 27.9676178], [-82.8241834, 27.9676376], [-82.8242561, 27.9674529]]]}}, {"id": "506", "type": "Feature", "properties": {"id": "340e9591-9d9d-49c3-a110-f5671559f8a1", "name": null, "subtype": null, "class": null, "height": 21.2, "num_floors": null, "surge_class": 5, "surge_ft": 4.5, "flood_active": false, "exposure_score": 0.135, "exposure_category": "low"}, "geometry": {"type": "Polygon", "coordinates": [[[-82.8242827, 27.9674609], [-82.8242561, 27.9674529], [-82.8241834, 27.9676376], [-82.8242092, 27.9676454], [-82.8242349, 27.9676532], [-82.8243093, 27.967469], [-82.8242827, 27.9674609]]]}}, {"id": "507", "type": "Feature", "properties": {"id": "55dda59b-1445-4f82-b021-a856e9d6bf2c", "name": null, "subtype": null, "class": null, "height": 18.37, "num_floors": null, "surge_class": 6, "surge_ft": 5.5, "flood_active": false, "exposure_score": 0.165, "exposure_category": "low"}, "geometry": {"type": "Polygon", "coordinates": [[[-82.8236138, 27.9674455], [-82.8238476, 27.967523], [-82.8240703, 27.9675969], [-82.8241485, 27.9674135], [-82.8241695, 27.967419], [-82.8241886, 27.9673827], [-82.8236974, 27.9672156], [-82.8236787, 27.9672515], [-82.8236948, 27.9672574], [-82.8236138, 27.9674455]]]}}, {"id": "508", "type": "Feature", "properties": {"id": "c23af6db-dbd2-47da-b339-5ed55b528a30", "name": null, "subtype": null, "class": null, "height": 18.14, "num_floors": null, "surge_class": 6, "surge_ft": 5.5, "flood_active": false, "exposure_score": 0.165, "exposure_category": "low"}, "geometry": {"type": "Polygon", "coordinates": [[[-82.8238808, 27.9670332], [-82.8239312, 27.9670497], [-82.8239817, 27.9670662], [-82.8240825, 27.9670992], [-82.8241017, 27.9670529], [-82.8241136, 27.9670229], [-82.8241209, 27.9670067], [-82.8241401, 27.9669605], [-82.8241593, 27.9669143], [-82.8241785, 27.966868], [-82.8240776, 27.966835], [-82.8240272, 27.9668185], [-82.8239768, 27.966802], [-82.8239576, 27.9668483], [-82.8239384, 27.9668945], [-82.8239192, 27.9669407], [-82.8239, 27.9669869], [-82.8238808, 27.9670332]]]}}, {"id": "509", "type": "Feature", "properties": {"id": "ec82a400-2350-4673-950f-1aa84ea47a42", "name": null, "subtype": null, "class": null, "height": 11.75, "num_floors": null, "surge_class": 4, "surge_ft": 3.5, "flood_active": false, "exposure_score": 0.105, "exposure_category": "low"}, "geometry": {"type": "Polygon", "coordinates": [[[-82.8240341, 27.9667775], [-82.8241754, 27.9668247], [-82.8242774, 27.9665869], [-82.8241361, 27.9665397], [-82.8240341, 27.9667775]]]}}, {"id": "510", "type": "Feature", "properties": {"id": "bbb063e6-f5cc-4928-9ee8-ed7573d36b50", "name": "Clearwater Police Department District 1 Station", "subtype": "civic", "class": null, "height": 18.82, "num_floors": null, "surge_class": 6, "surge_ft": 5.5, "flood_active": false, "exposure_score": 0.165, "exposure_category": "low"}, "geometry": {"type": "Polygon", "coordinates": [[[-82.8236191, 27.9673207], [-82.823648, 27.967239], [-82.8236624, 27.9671981], [-82.823615, 27.9671849], [-82.8235675, 27.9671717], [-82.8235201, 27.9671585], [-82.8234726, 27.9671452], [-82.8234582, 27.9671861], [-82.8234293, 27.9672678], [-82.8234004, 27.9673495], [-82.823386, 27.9673904], [-82.8234334, 27.9674036], [-82.8234809, 27.9674168], [-82.8235283, 27.96743], [-82.8235758, 27.9674433], [-82.8235902, 27.9674024], [-82.8236191, 27.9673207]]]}}, {"id": "511", "type": "Feature", "properties": {"id": "6c636af3-86b3-43ef-ac1f-83afd3f4fedd", "name": null, "subtype": null, "class": null, "height": 9.725671768188477, "num_floors": null, "surge_class": 6, "surge_ft": 5.5, "flood_active": false, "exposure_score": 0.165, "exposure_category": "low"}, "geometry": {"type": "Polygon", "coordinates": [[[-82.8230936, 27.9673165], [-82.8233721, 27.9673715], [-82.8233841, 27.9673243], [-82.8233969, 27.9673268], [-82.8234078, 27.9672838], [-82.8233959, 27.9672815], [-82.8234275, 27.9671564], [-82.8231474, 27.9671011], [-82.8231152, 27.9672288], [-82.8231035, 27.9672265], [-82.823093, 27.9672681], [-82.8231052, 27.9672705], [-82.8230936, 27.9673165]]]}}, {"id": "512", "type": "Feature", "properties": {"id": "6ce92344-992d-4852-ba4f-3bef0c089dfd", "name": null, "subtype": null, "class": null, "height": 9.06, "num_floors": null, "surge_class": 5, "surge_ft": 4.5, "flood_active": false, "exposure_score": 0.135, "exposure_category": "low"}, "geometry": {"type": "Polygon", "coordinates": [[[-82.8227831, 27.9670621], [-82.8227694, 27.967139], [-82.8230297, 27.9671755], [-82.8230434, 27.9670987], [-82.8227831, 27.9670621]]]}}, {"id": "513", "type": "Feature", "properties": {"id": "1e892589-9649-4bef-8fd9-bbb2b4bc39d3", "name": null, "subtype": null, "class": null, "height": 15.42, "num_floors": null, "surge_class": 6, "surge_ft": 5.5, "flood_active": false, "exposure_score": 0.165, "exposure_category": "low"}, "geometry": {"type": "Polygon", "coordinates": [[[-82.8230371, 27.9671913], [-82.8229678, 27.9671823], [-82.822943, 27.9673378], [-82.8230117, 27.9673467], [-82.8230371, 27.9671913]]]}}, {"id": "514", "type": "Feature", "properties": {"id": "c381ca98-e05f-45b5-b6a2-27272b2fd33c", "name": null, "subtype": null, "class": null, "height": 15.44, "num_floors": null, "surge_class": 6, "surge_ft": 5.5, "flood_active": false, "exposure_score": 0.165, "exposure_category": "low"}, "geometry": {"type": "Polygon", "coordinates": [[[-82.8229402, 27.9671787], [-82.8229126, 27.9671752], [-82.8228866, 27.9673305], [-82.8229148, 27.9673341], [-82.822943, 27.9673378], [-82.8229678, 27.9671823], [-82.8229402, 27.9671787]]]}}, {"id": "515", "type": "Feature", "properties": {"id": "fb066676-2f00-4f68-aadd-e578b82f43d8", "name": null, "subtype": null, "class": null, "height": 15.42, "num_floors": null, "surge_class": 6, "surge_ft": 5.5, "flood_active": false, "exposure_score": 0.165, "exposure_category": "low"}, "geometry": {"type": "Polygon", "coordinates": [[[-82.8227765, 27.9671576], [-82.8227498, 27.9671541], [-82.8227235, 27.9673094], [-82.8227515, 27.967313], [-82.8227795, 27.9673166], [-82.8228033, 27.967161], [-82.8227765, 27.9671576]]]}}, {"id": "516", "type": "Feature", "properties": {"id": "b673ff85-d88b-4dc0-9696-d190860a5f54", "name": null, "subtype": null, "class": null, "height": 15.43, "num_floors": null, "surge_class": 6, "surge_ft": 5.5, "flood_active": false, "exposure_score": 0.165, "exposure_category": "low"}, "geometry": {"type": "Polygon", "coordinates": [[[-82.8228858, 27.9671717], [-82.822859, 27.9671682], [-82.8228367, 27.967324], [-82.8228616, 27.9673273], [-82.8228866, 27.9673305], [-82.8229126, 27.9671752], [-82.8228858, 27.9671717]]]}}, {"id": "517", "type": "Feature", "properties": {"id": "a1dd0eab-5f4c-4b11-a7d8-75aaa460ea4f", "name": null, "subtype": null, "class": null, "height": 15.43, "num_floors": null, "surge_class": 6, "surge_ft": 5.5, "flood_active": false, "exposure_score": 0.165, "exposure_category": "low"}, "geometry": {"type": "Polygon", "coordinates": [[[-82.8228312, 27.9671646], [-82.8228033, 27.967161], [-82.8227795, 27.9673166], [-82.8228081, 27.9673203], [-82.8228367, 27.967324], [-82.822859, 27.9671682], [-82.8228312, 27.9671646]]]}}, {"id": "518", "type": "Feature", "properties": {"id": "aba7386f-3655-41e0-a743-ed5a78f71adf", "name": null, "subtype": null, "class": null, "height": 15.38, "num_floors": null, "surge_class": 6, "surge_ft": 5.5, "flood_active": false, "exposure_score": 0.165, "exposure_category": "low"}, "geometry": {"type": "Polygon", "coordinates": [[[-82.8227498, 27.9671541], [-82.8226898, 27.9671463], [-82.8226643, 27.9673018], [-82.8227235, 27.9673094], [-82.8227498, 27.9671541]]]}}, {"id": "519", "type": "Feature", "properties": {"id": "7e3c8042-8aaa-469d-947e-32f7df5e34a1", "name": null, "subtype": null, "class": null, "height": 12.26, "num_floors": null, "surge_class": 4, "surge_ft": 3.5, "flood_active": false, "exposure_score": 0.105, "exposure_category": "low"}, "geometry": {"type": "Polygon", "coordinates": [[[-82.8233162, 27.9666432], [-82.8233204, 27.9666279], [-82.8236788, 27.9667048], [-82.8237078, 27.9666052], [-82.8237377, 27.9665792], [-82.8236971, 27.9665325], [-82.8236676, 27.9665437], [-82.8235228, 27.9665126], [-82.8235093, 27.9665611], [-82.823217, 27.9664996], [-82.8231869, 27.96661], [-82.8231151, 27.9665942], [-82.8231485, 27.9664608], [-82.8229074, 27.9664063], [-82.8228831, 27.9664939], [-82.8228415, 27.9664925], [-82.8228474, 27.9663968], [-82.8223426, 27.9663754], [-82.8223275, 27.9666645], [-82.8228173, 27.9666922], [-82.823276, 27.9667886], [-82.8233162, 27.9666432]]]}}, {"id": "520", "type": "Feature", "properties": {"id": "cdf71395-42b0-46f0-8663-abc89b104f27", "name": null, "subtype": null, "class": null, "height": 12.39, "num_floors": null, "surge_class": 6, "surge_ft": 5.5, "flood_active": false, "exposure_score": 0.165, "exposure_category": "low"}, "geometry": {"type": "Polygon", "coordinates": [[[-82.8272139, 27.9667175], [-82.8272521, 27.966643], [-82.8271257, 27.966592], [-82.8270875, 27.9666665], [-82.8272139, 27.9667175]]]}}, {"id": "521", "type": "Feature", "properties": {"id": "68fd7438-e28a-4594-94ed-512d1704dfc4", "name": null, "subtype": null, "class": null, "height": 9.68, "num_floors": null, "surge_class": 4, "surge_ft": 3.5, "flood_active": false, "exposure_score": 0.105, "exposure_category": "low"}, "geometry": {"type": "Polygon", "coordinates": [[[-82.8269016, 27.9667721], [-82.8269702, 27.9667998], [-82.8270025, 27.9667367], [-82.8269339, 27.966709], [-82.8269016, 27.9667721]]]}}, {"id": "522", "type": "Feature", "properties": {"id": "542ada50-06e9-4f60-8b24-0207162d5c1b", "name": null, "subtype": null, "class": null, "height": 9.85, "num_floors": null, "surge_class": 4, "surge_ft": 3.5, "flood_active": false, "exposure_score": 0.105, "exposure_category": "low"}, "geometry": {"type": "Polygon", "coordinates": [[[-82.8267988, 27.966769], [-82.8268726, 27.9667988], [-82.8269088, 27.966728], [-82.8268351, 27.9666982], [-82.8267988, 27.966769]]]}}, {"id": "523", "type": "Feature", "properties": {"id": "d3a1c917-3d64-48fc-9efc-edc86596f4ec", "name": null, "subtype": null, "class": null, "height": 13.2, "num_floors": null, "surge_class": 4, "surge_ft": 3.5, "flood_active": false, "exposure_score": 0.105, "exposure_category": "low"}, "geometry": {"type": "Polygon", "coordinates": [[[-82.827035, 27.9669204], [-82.8270758, 27.9669297], [-82.8270564, 27.9670006], [-82.827198, 27.9670316], [-82.8272503, 27.9668399], [-82.8270901, 27.9668034], [-82.8270112, 27.9667653], [-82.8269707, 27.966837], [-82.8270486, 27.9668728], [-82.827035, 27.9669204]]]}}, {"id": "524", "type": "Feature", "properties": {"id": "8253d5c2-2ebb-4f53-9eac-8d8440855874", "name": "Shephard's Beach Resort", "subtype": null, "class": null, "height": 28.22, "num_floors": null, "surge_class": 4, "surge_ft": 3.5, "flood_active": false, "exposure_score": 0.105, "exposure_category": "low"}, "geometry": {"type": "Polygon", "coordinates": [[[-82.8265994, 27.9672445], [-82.8271818, 27.9673761], [-82.8271384, 27.9675417], [-82.8273159, 27.9676558], [-82.82745, 27.9676874], [-82.8274441, 27.9677147], [-82.8275171, 27.9677323], [-82.8276191, 27.9673677], [-82.8273509, 27.9673123], [-82.8273644, 27.9672664], [-82.827445, 27.9672794], [-82.8274798, 27.9672623], [-82.8275545, 27.9669807], [-82.8275527, 27.9669803], [-82.827281, 27.9669227], [-82.8272006, 27.9672149], [-82.8271791, 27.9672107], [-82.8272143, 27.967075], [-82.8271518, 27.96706], [-82.8271525, 27.9670595], [-82.8271579, 27.9670348], [-82.8266802, 27.966931], [-82.8265994, 27.9672445]]]}}, {"id": "525", "type": "Feature", "properties": {"id": "cd29a0bb-ad85-4350-8a64-e8bd9c4e62ad", "name": null, "subtype": null, "class": null, "height": 23.09, "num_floors": null, "surge_class": 4, "surge_ft": 3.5, "flood_active": false, "exposure_score": 0.105, "exposure_category": "low"}, "geometry": {"type": "Polygon", "coordinates": [[[-82.8275904, 27.9669211], [-82.8275707, 27.9669174], [-82.8275542, 27.9669747], [-82.8275527, 27.9669803], [-82.8275545, 27.9669807], [-82.8274798, 27.9672623], [-82.827445, 27.9672794], [-82.8273644, 27.9672664], [-82.8273509, 27.9673123], [-82.8276191, 27.9673677], [-82.827627, 27.9673396], [-82.8276726, 27.9673497], [-82.827731, 27.9671343], [-82.8276914, 27.9671239], [-82.8277355, 27.9669566], [-82.8276458, 27.9669352], [-82.8276523, 27.9669092], [-82.8275975, 27.9668956], [-82.8275904, 27.9669211]]]}}, {"id": "526", "type": "Feature", "properties": {"id": "bb164827-07b4-4924-a795-9b4eb924a21e", "name": "Holiday Inn & Suites Clearwater Beach", "subtype": null, "class": null, "height": 9.548405647277832, "num_floors": null, "surge_class": 3, "surge_ft": 2.5, "flood_active": false, "exposure_score": 0.075, "exposure_category": "low"}, "geometry": {"type": "Polygon", "coordinates": [[[-82.82844, 27.9679987], [-82.8285681, 27.9678451], [-82.8282473, 27.9676365], [-82.8284264, 27.9674216], [-82.8281944, 27.9672707], [-82.8281138, 27.9673674], [-82.828079, 27.9673448], [-82.8279285, 27.9675252], [-82.8279656, 27.9675494], [-82.8279015, 27.9676262], [-82.8278242, 27.967576], [-82.827701, 27.9677236], [-82.8278522, 27.9678221], [-82.827868, 27.9678032], [-82.8279116, 27.9678316], [-82.8278606, 27.9678928], [-82.8279696, 27.9679636], [-82.828116, 27.967788], [-82.82844, 27.9679987]]]}}, {"id": "527", "type": "Feature", "properties": {"id": "831e05b2-9d25-4454-8109-20792e62e784", "name": null, "subtype": null, "class": null, "height": 19.17, "num_floors": null, "surge_class": 4, "surge_ft": 3.5, "flood_active": false, "exposure_score": 0.105, "exposure_category": "low"}, "geometry": {"type": "Polygon", "coordinates": [[[-82.8277346, 27.9672096], [-82.8278243, 27.9672678], [-82.8278692, 27.9672968], [-82.8279589, 27.967355], [-82.8279866, 27.9673212], [-82.8280144, 27.9672874], [-82.82807, 27.9672199], [-82.8280978, 27.9671861], [-82.8281256, 27.9671523], [-82.8280807, 27.9671232], [-82.8280359, 27.9670941], [-82.8279911, 27.9670651], [-82.8279014, 27.9670069], [-82.8278736, 27.9670407], [-82.8278458, 27.9670745], [-82.827818, 27.9671083], [-82.8277902, 27.967142], [-82.8277624, 27.9671758], [-82.8277346, 27.9672096]]]}}, {"id": "528", "type": "Feature", "properties": {"id": "b094d2ae-9881-4f03-a1aa-67ff45964c12", "name": null, "subtype": null, "class": null, "height": 4.682178020477295, "num_floors": null, "surge_class": 5, "surge_ft": 4.5, "flood_active": false, "exposure_score": 0.135, "exposure_category": "low"}, "geometry": {"type": "Polygon", "coordinates": [[[-82.8287347, 27.969007], [-82.8287737, 27.9689943], [-82.8287232, 27.9688733], [-82.8285992, 27.9689138], [-82.8286628, 27.969066], [-82.8287477, 27.9690383], [-82.8287347, 27.969007]]]}}, {"id": "529", "type": "Feature", "properties": {"id": "055f0fca-3e8a-4a39-bde8-382bb0f93fb8", "name": "Clearwater Beach Hotel", "subtype": "commercial", "class": "hotel", "height": 22.61, "num_floors": 5, "surge_class": 4, "surge_ft": 3.5, "flood_active": false, "exposure_score": 0.105, "exposure_category": "low"}, "geometry": {"type": "Polygon", "coordinates": [[[-82.8279898, 27.9689194], [-82.8282145, 27.968966], [-82.8282958, 27.9686545], [-82.8281072, 27.9686132], [-82.8280431, 27.9688672], [-82.8280321, 27.968868], [-82.8280053, 27.9688623], [-82.8279898, 27.9689194]]]}}, {"id": "530", "type": "Feature", "properties": {"id": "7256b12d-d956-4c33-8960-c72d22b53215", "name": null, "subtype": null, "class": null, "height": 8.88, "num_floors": null, "surge_class": 0, "surge_ft": 0.0, "flood_active": false, "exposure_score": 0.0, "exposure_category": "none"}, "geometry": {"type": "Polygon", "coordinates": [[[-82.8276751, 27.9687904], [-82.8276957, 27.9688212], [-82.8278285, 27.968752], [-82.8278338, 27.9687599], [-82.8278867, 27.9687322], [-82.8278608, 27.9686935], [-82.8276751, 27.9687904]]]}}, {"id": "531", "type": "Feature", "properties": {"id": "198d58b3-0eb2-4cd3-948d-21caf959a433", "name": "Speedway", "subtype": "outbuilding", "class": "roof", "height": 11.0, "num_floors": null, "surge_class": 6, "surge_ft": 5.5, "flood_active": false, "exposure_score": 0.165, "exposure_category": "low"}, "geometry": {"type": "Polygon", "coordinates": [[[-82.8267209, 27.9677834], [-82.8268144, 27.9678163], [-82.8268798, 27.9676699], [-82.8267864, 27.967637], [-82.8267209, 27.9677834]]]}}, {"id": "532", "type": "Feature", "properties": {"id": "4a6767eb-92f9-4eba-8312-82256c8b6dcf", "name": null, "subtype": null, "class": null, "height": 35.1, "num_floors": null, "surge_class": 5, "surge_ft": 4.5, "flood_active": false, "exposure_score": 0.135, "exposure_category": "low"}, "geometry": {"type": "Polygon", "coordinates": [[[-82.8275338, 27.968693], [-82.8275687, 27.9686761], [-82.8276181, 27.9687557], [-82.8277422, 27.9686957], [-82.8278446, 27.9686461], [-82.8278273, 27.9686182], [-82.8278463, 27.968609], [-82.8278133, 27.9685559], [-82.8277886, 27.9685678], [-82.8277755, 27.9685466], [-82.8277273, 27.9685698], [-82.8276421, 27.9684323], [-82.8275583, 27.9684728], [-82.8275247, 27.9684186], [-82.8275208, 27.9684123], [-82.8275707, 27.9683882], [-82.8275216, 27.9683089], [-82.8274306, 27.9683529], [-82.8274013, 27.9683056], [-82.8273616, 27.9683248], [-82.827347, 27.9683012], [-82.8272934, 27.9683272], [-82.8272565, 27.9682676], [-82.8272169, 27.9682868], [-82.827164, 27.9682014], [-82.8271023, 27.9682311], [-82.8271158, 27.9682529], [-82.8270253, 27.9682966], [-82.8269604, 27.968328], [-82.8270106, 27.9684091], [-82.8270627, 27.9683839], [-82.8271018, 27.9684471], [-82.8271381, 27.9684295], [-82.8271855, 27.968506], [-82.8272388, 27.9684802], [-82.827278, 27.9685434], [-82.8273088, 27.9685285], [-82.8273569, 27.9686061], [-82.8274003, 27.9685851], [-82.8274428, 27.9686538], [-82.8274941, 27.968629], [-82.8275338, 27.968693]]]}}, {"id": "533", "type": "Feature", "properties": {"id": "11b2df0e-60d9-4e5e-a223-dd56df39c854", "name": null, "subtype": "residential", "class": "detached", "height": 20.28, "num_floors": null, "surge_class": 5, "surge_ft": 4.5, "flood_active": false, "exposure_score": 0.135, "exposure_category": "low"}, "geometry": {"type": "Polygon", "coordinates": [[[-82.8267685, 27.9701302], [-82.826881, 27.970144], [-82.8269066, 27.9699774], [-82.8269004, 27.9699532], [-82.82692, 27.9699454], [-82.8268988, 27.9699151], [-82.8268677, 27.9698943], [-82.8268342, 27.9698839], [-82.8266829, 27.9698652], [-82.8266441, 27.9698675], [-82.8266094, 27.9698805], [-82.8265787, 27.9699039], [-82.8265975, 27.9699165], [-82.8265828, 27.9699387], [-82.8265593, 27.970105], [-82.8266721, 27.9701189], [-82.8266832, 27.9700421], [-82.8266897, 27.9700424], [-82.8266983, 27.9700586], [-82.826718, 27.9700693], [-82.8267386, 27.9700722], [-82.8267582, 27.9700664], [-82.8267717, 27.9700526], [-82.8267801, 27.9700534], [-82.8267685, 27.9701302]]]}}, {"id": "534", "type": "Feature", "properties": {"id": "7bc1a4df-7a52-4eb1-8fd9-3353e5a85b1e", "name": null, "subtype": "residential", "class": "detached", "height": 11.48, "num_floors": null, "surge_class": 5, "surge_ft": 4.5, "flood_active": false, "exposure_score": 0.135, "exposure_category": "low"}, "geometry": {"type": "Polygon", "coordinates": [[[-82.8269787, 27.9701319], [-82.8269897, 27.9700618], [-82.8270857, 27.9700735], [-82.8270797, 27.9701116], [-82.8271492, 27.9701201], [-82.8271707, 27.969983], [-82.8271203, 27.9699769], [-82.8271229, 27.9699604], [-82.8270345, 27.9699495], [-82.8270317, 27.9699672], [-82.8269508, 27.9699573], [-82.8269397, 27.970028], [-82.826923, 27.9700259], [-82.8269077, 27.9701232], [-82.8269787, 27.9701319]]]}}, {"id": "535", "type": "Feature", "properties": {"id": "8c8ba068-fc46-4eb6-ad72-b15e72a672e3", "name": null, "subtype": "residential", "class": "detached", "height": 17.2, "num_floors": null, "surge_class": 5, "surge_ft": 4.5, "flood_active": false, "exposure_score": 0.135, "exposure_category": "low"}, "geometry": {"type": "Polygon", "coordinates": [[[-82.8272015, 27.9700055], [-82.8271747, 27.970183], [-82.8272347, 27.9701901], [-82.8272359, 27.9701823], [-82.8272831, 27.9701879], [-82.8272847, 27.9701773], [-82.8273063, 27.9701798], [-82.8273039, 27.9701959], [-82.8273621, 27.9702027], [-82.8273642, 27.970189], [-82.8274252, 27.9701962], [-82.8274514, 27.9700236], [-82.8273483, 27.9700114], [-82.8273503, 27.9699982], [-82.8272506, 27.9699865], [-82.8272469, 27.9700109], [-82.8272015, 27.9700055]]]}}, {"id": "536", "type": "Feature", "properties": {"id": "20150b72-9045-4673-ac0a-b1cc3d1208ad", "name": null, "subtype": "residential", "class": "detached", "height": 10.67, "num_floors": null, "surge_class": 5, "surge_ft": 4.5, "flood_active": false, "exposure_score": 0.135, "exposure_category": "low"}, "geometry": {"type": "Polygon", "coordinates": [[[-82.8276912, 27.9701672], [-82.8277012, 27.9701098], [-82.8276007, 27.9700962], [-82.8276058, 27.970067], [-82.827536, 27.9700576], [-82.8275265, 27.9701129], [-82.8274839, 27.9701072], [-82.8274798, 27.9701308], [-82.8274646, 27.9701288], [-82.8274476, 27.9702268], [-82.8275293, 27.9702378], [-82.8275347, 27.9702072], [-82.8275881, 27.9701893], [-82.8275895, 27.970181], [-82.8276728, 27.9701922], [-82.8276774, 27.9701653], [-82.8276912, 27.9701672]]]}}, {"id": "537", "type": "Feature", "properties": {"id": "5a20e27f-93f8-4534-b5cf-e43c094c832d", "name": "Beachouse Inn & Suites", "subtype": null, "class": null, "height": 14.79, "num_floors": null, "surge_class": 5, "surge_ft": 4.5, "flood_active": false, "exposure_score": 0.135, "exposure_category": "low"}, "geometry": {"type": "Polygon", "coordinates": [[[-82.8277569, 27.9700162], [-82.8277211, 27.9701541], [-82.8280516, 27.9702207], [-82.8280749, 27.9701315], [-82.8279326, 27.9701029], [-82.8279352, 27.9700931], [-82.8278887, 27.9700829], [-82.8278987, 27.9700453], [-82.8277569, 27.9700162]]]}}, {"id": "538", "type": "Feature", "properties": {"id": "b1c56795-474c-47ca-9ee4-76ba312f1ab7", "name": "Silver Sands Motel", "subtype": null, "class": null, "height": 18.46, "num_floors": null, "surge_class": 6, "surge_ft": 5.5, "flood_active": false, "exposure_score": 0.165, "exposure_category": "low"}, "geometry": {"type": "Polygon", "coordinates": [[[-82.8277955, 27.9703219], [-82.827809, 27.9702702], [-82.828036, 27.9703176], [-82.8280587, 27.9702297], [-82.8277244, 27.9701626], [-82.8276889, 27.9702996], [-82.8277955, 27.9703219]]]}}, {"id": "539", "type": "Feature", "properties": {"id": "a1084062-2c2c-414c-a6da-45d10da25d99", "name": null, "subtype": null, "class": null, "height": 31.03, "num_floors": null, "surge_class": 4, "surge_ft": 3.5, "flood_active": false, "exposure_score": 0.105, "exposure_category": "low"}, "geometry": {"type": "Polygon", "coordinates": [[[-82.8282561, 27.969325], [-82.8282792, 27.9692363], [-82.8281438, 27.9692089], [-82.8280611, 27.9691922], [-82.8279516, 27.9695821], [-82.8279976, 27.9695929], [-82.8280224, 27.9695987], [-82.8280163, 27.9696231], [-82.8279656, 27.9698249], [-82.828088, 27.969853], [-82.8280959, 27.9698309], [-82.8281228, 27.9698356], [-82.8281701, 27.9696542], [-82.8282561, 27.969325]]]}}, {"id": "540", "type": "Feature", "properties": {"id": "869bd2bb-6a63-403f-9cb2-0805e8c02862", "name": "Sands Point Motel", "subtype": null, "class": null, "height": 18.38, "num_floors": null, "surge_class": 6, "surge_ft": 5.5, "flood_active": false, "exposure_score": 0.165, "exposure_category": "low"}, "geometry": {"type": "Polygon", "coordinates": [[[-82.8283734, 27.9698799], [-82.8283306, 27.9700327], [-82.8285617, 27.9700808], [-82.8286812, 27.970038], [-82.8286095, 27.9699292], [-82.8285333, 27.9699623], [-82.8285074, 27.9699563], [-82.8285103, 27.9699464], [-82.8284313, 27.9699284], [-82.8284405, 27.9698949], [-82.8283734, 27.9698799]]]}}, {"id": "541", "type": "Feature", "properties": {"id": "861c2c9c-9773-4b6a-81b2-0690596e9954", "name": "Salty's Island Bar & Grille", "subtype": "commercial", "class": null, "height": 18.19, "num_floors": null, "surge_class": 6, "surge_ft": 5.5, "flood_active": false, "exposure_score": 0.165, "exposure_category": "low"}, "geometry": {"type": "Polygon", "coordinates": [[[-82.8293271, 27.9698297], [-82.8293425, 27.9698575], [-82.8294902, 27.9697936], [-82.8294838, 27.969782], [-82.8295153, 27.9697684], [-82.8294627, 27.9696734], [-82.8294441, 27.9696815], [-82.8294307, 27.9696574], [-82.8291974, 27.9697584], [-82.8292544, 27.9698612], [-82.8293271, 27.9698297]]]}}, {"id": "542", "type": "Feature", "properties": {"id": "609a7a85-ad0a-40ea-8448-cd30d0b939c8", "name": "Pelican Pointe", "subtype": null, "class": null, "height": 14.73, "num_floors": null, "surge_class": 4, "surge_ft": 3.5, "flood_active": false, "exposure_score": 0.105, "exposure_category": "low"}, "geometry": {"type": "Polygon", "coordinates": [[[-82.8290079, 27.9698896], [-82.8291189, 27.9698479], [-82.8291133, 27.9697711], [-82.8293739, 27.9696645], [-82.8293267, 27.9695674], [-82.8290855, 27.9696636], [-82.8290738, 27.9695058], [-82.829107, 27.9694577], [-82.8290798, 27.9694034], [-82.8290492, 27.9693423], [-82.828938, 27.9693888], [-82.8289341, 27.9693968], [-82.8289327, 27.9694019], [-82.8289318, 27.9694016], [-82.8288923, 27.9694821], [-82.8289258, 27.9695252], [-82.8289494, 27.9695555], [-82.828973, 27.9698256], [-82.8289997, 27.969817], [-82.8290079, 27.9698896]]]}}, {"id": "543", "type": "Feature", "properties": {"id": "57394147-ad7b-427a-89f3-558938e7ac1f", "name": null, "subtype": null, "class": null, "height": 18.43, "num_floors": null, "surge_class": 5, "surge_ft": 4.5, "flood_active": false, "exposure_score": 0.135, "exposure_category": "low"}, "geometry": {"type": "Polygon", "coordinates": [[[-82.828752, 27.9693417], [-82.8285913, 27.9694515], [-82.8286811, 27.9695557], [-82.8291103, 27.9692555], [-82.8290271, 27.969159], [-82.8288619, 27.9692744], [-82.8286781, 27.9690611], [-82.8285728, 27.9691341], [-82.828752, 27.9693417]]]}}, {"id": "544", "type": "Feature", "properties": {"id": "011b531d-09c0-41ae-aa6f-9ba549000c89", "name": "Edge Hotel Clearwater Beach", "subtype": null, "class": null, "height": 22.831296920776367, "num_floors": null, "surge_class": 4, "surge_ft": 3.5, "flood_active": false, "exposure_score": 0.105, "exposure_category": "low"}, "geometry": {"type": "Polygon", "coordinates": [[[-82.8286681, 27.9685091], [-82.8287077, 27.9685334], [-82.8287546, 27.9684736], [-82.8287722, 27.9684844], [-82.8288424, 27.9683951], [-82.8288335, 27.9683857], [-82.8288558, 27.9683577], [-82.8288411, 27.9683486], [-82.8288757, 27.968305], [-82.8288562, 27.968293], [-82.8289093, 27.9682261], [-82.8288896, 27.9682139], [-82.8289293, 27.9681639], [-82.8289731, 27.968191], [-82.8291084, 27.9680203], [-82.8291227, 27.9680291], [-82.8291615, 27.9679801], [-82.8291413, 27.9679677], [-82.8291823, 27.9679158], [-82.8291161, 27.9678752], [-82.8291279, 27.9678604], [-82.8290488, 27.9678112], [-82.8290394, 27.9678231], [-82.828971, 27.9677813], [-82.8289901, 27.967757], [-82.8288248, 27.9676557], [-82.8287908, 27.9676989], [-82.8287579, 27.9676788], [-82.8285745, 27.9679125], [-82.8286039, 27.9679305], [-82.8285242, 27.9680321], [-82.8284922, 27.9680125], [-82.8283109, 27.9682435], [-82.8283385, 27.9682604], [-82.8283136, 27.9682921], [-82.8285944, 27.968464], [-82.8286681, 27.9685091]]]}}, {"id": "545", "type": "Feature", "properties": {"id": "b9fe770a-86e0-45a4-a5b7-47a988a4e32c", "name": null, "subtype": null, "class": null, "height": 48.55, "num_floors": null, "surge_class": 0, "surge_ft": 0.0, "flood_active": false, "exposure_score": 0.0, "exposure_category": "none"}, "geometry": {"type": "Polygon", "coordinates": [[[-82.8295006, 27.9683979], [-82.8295252, 27.96833], [-82.8295895, 27.9683509], [-82.8296439, 27.9682178], [-82.8295653, 27.9681906], [-82.8295744, 27.968161], [-82.8295358, 27.9681481], [-82.8295453, 27.9681183], [-82.8295224, 27.9681109], [-82.8295211, 27.9680875], [-82.8294366, 27.9680599], [-82.8294286, 27.9680758], [-82.8293856, 27.9680624], [-82.829377, 27.9680828], [-82.8293347, 27.9680718], [-82.8292804, 27.9682155], [-82.8293695, 27.9682463], [-82.8292998, 27.968424], [-82.8292328, 27.968404], [-82.8292068, 27.9684642], [-82.8292703, 27.9684862], [-82.8292247, 27.9686054], [-82.8293964, 27.9686612], [-82.8294143, 27.9686229], [-82.8294527, 27.9686351], [-82.8295414, 27.9684121], [-82.8295006, 27.9683979]]]}}, {"id": "546", "type": "Feature", "properties": {"id": "90ebeb09-a23b-416f-8cda-e0a6979d0f23", "name": null, "subtype": null, "class": null, "height": 53.48, "num_floors": null, "surge_class": 0, "surge_ft": 0.0, "flood_active": false, "exposure_score": 0.0, "exposure_category": "none"}, "geometry": {"type": "Polygon", "coordinates": [[[-82.8298099, 27.9690422], [-82.8298072, 27.9689803], [-82.8300277, 27.9689686], [-82.8300342, 27.9690564], [-82.8302476, 27.9690464], [-82.8302422, 27.9688882], [-82.8301805, 27.9688891], [-82.8301752, 27.9688293], [-82.8301242, 27.9688319], [-82.8301192, 27.9687745], [-82.8296334, 27.9687947], [-82.8296341, 27.9688243], [-82.8295931, 27.9688266], [-82.8295999, 27.9689853], [-82.8297407, 27.9689812], [-82.8297443, 27.9690446], [-82.8298099, 27.9690422]]]}}, {"id": "547", "type": "Feature", "properties": {"id": "cc4d4462-ff04-4955-b6a4-0a898e666783", "name": null, "subtype": null, "class": null, "height": 8.41, "num_floors": null, "surge_class": 3, "surge_ft": 2.5, "flood_active": false, "exposure_score": 0.075, "exposure_category": "low"}, "geometry": {"type": "Polygon", "coordinates": [[[-82.8297841, 27.9685388], [-82.8298036, 27.9684999], [-82.8297819, 27.9684669], [-82.829736, 27.9684688], [-82.8297124, 27.9685049], [-82.8297377, 27.9685407], [-82.8297841, 27.9685388]]]}}, {"id": "548", "type": "Feature", "properties": {"id": "e7eb818e-e883-4c52-8c3c-5bf37aa071ce", "name": "Opal Sands Resort", "subtype": null, "class": null, "height": 47.0, "num_floors": 19, "surge_class": 3, "surge_ft": 2.5, "flood_active": false, "exposure_score": 0.075, "exposure_category": "low"}, "geometry": {"type": "Polygon", "coordinates": [[[-82.829852, 27.9699054], [-82.8298747, 27.9700498], [-82.8299881, 27.9700256], [-82.8300812, 27.9699975], [-82.8301405, 27.9699739], [-82.8301698, 27.9699528], [-82.8302038, 27.9699804], [-82.8302729, 27.9699252], [-82.8303229, 27.9699562], [-82.8303583, 27.9699126], [-82.8304151, 27.9699288], [-82.8304722, 27.9698689], [-82.8304925, 27.9698394], [-82.8305144, 27.969844], [-82.8305415, 27.9697799], [-82.8306127, 27.9697991], [-82.8306343, 27.9697487], [-82.8306461, 27.969699], [-82.8306597, 27.9696301], [-82.8306919, 27.9696302], [-82.8306902, 27.9695818], [-82.8306884, 27.9695122], [-82.8306793, 27.969452], [-82.8306608, 27.9694532], [-82.8306434, 27.9693858], [-82.8306054, 27.9692804], [-82.8305479, 27.9691588], [-82.8304365, 27.9691913], [-82.8304334, 27.9691821], [-82.8303066, 27.9692189], [-82.8302417, 27.9692377], [-82.8301965, 27.9692576], [-82.8300845, 27.9693069], [-82.8300923, 27.969329], [-82.8297058, 27.9694641], [-82.8298243, 27.9697656], [-82.829802, 27.9697725], [-82.8297746, 27.9697809], [-82.8297905, 27.969821], [-82.8298064, 27.9698611], [-82.8298318, 27.969853], [-82.8298593, 27.9698441], [-82.8299156, 27.9698273], [-82.8299202, 27.9698401], [-82.8299313, 27.9698705], [-82.829936, 27.9698834], [-82.829902, 27.9698954], [-82.829852, 27.9699054]]]}}, {"id": "549", "type": "Feature", "properties": {"id": "3489912a-2818-4595-a9a1-b604dc34e903", "name": null, "subtype": null, "class": null, "height": 10.0, "num_floors": null, "surge_class": 7, "surge_ft": 6.5, "flood_active": false, "exposure_score": 0.195, "exposure_category": "low"}, "geometry": {"type": "Polygon", "coordinates": [[[-82.8295706, 27.9699904], [-82.8295849, 27.9700284], [-82.8296236, 27.9700087], [-82.8297046, 27.9699673], [-82.8297559, 27.9699411], [-82.8298409, 27.9699069], [-82.8299313, 27.9698705], [-82.8299202, 27.9698401], [-82.829838, 27.9698721], [-82.8297429, 27.9699091], [-82.8296921, 27.9699331], [-82.8296103, 27.9699717], [-82.829585, 27.9699836], [-82.8295706, 27.9699904]]]}}, {"id": "550", "type": "Feature", "properties": {"id": "f460cde4-b81e-44f5-b385-5076e3d6bcdf", "name": "Sandbar", "subtype": "commercial", "class": null, "height": 3.4042856693267822, "num_floors": null, "surge_class": 0, "surge_ft": 0.0, "flood_active": false, "exposure_score": 0.0, "exposure_category": "none"}, "geometry": {"type": "Polygon", "coordinates": [[[-82.8306582, 27.9698578], [-82.8307048, 27.9698629], [-82.8307378, 27.9698398], [-82.8307455, 27.9698021], [-82.8307193, 27.9697695], [-82.8306766, 27.9697635], [-82.8306407, 27.9697849], [-82.830631, 27.9698243], [-82.8306582, 27.9698578]]]}}, {"id": "551", "type": "Feature", "properties": {"id": "f6f0cb49-2a30-4ad3-b322-01bf43a786a2", "name": null, "subtype": null, "class": null, "height": null, "num_floors": null, "surge_class": 0, "surge_ft": 0.0, "flood_active": false, "exposure_score": 0.0, "exposure_category": "none"}, "geometry": {"type": "Polygon", "coordinates": [[[-82.8310994, 27.9776649], [-82.831117, 27.9775733], [-82.8309636, 27.9775503], [-82.830946, 27.9776418], [-82.8310994, 27.9776649]]]}}, {"id": "552", "type": "Feature", "properties": {"id": "a9c6089e-73dd-499f-bab7-7583944a303d", "name": null, "subtype": "outbuilding", "class": "roof", "height": null, "num_floors": null, "surge_class": 0, "surge_ft": 0.0, "flood_active": false, "exposure_score": 0.0, "exposure_category": "none"}, "geometry": {"type": "Polygon", "coordinates": [[[-82.8309636, 27.9775503], [-82.831117, 27.9775733], [-82.8311281, 27.9775749], [-82.8311374, 27.9775263], [-82.8311255, 27.9775245], [-82.8309622, 27.9775001], [-82.8309529, 27.9775488], [-82.8309636, 27.9775503]]]}}, {"id": "553", "type": "Feature", "properties": {"id": "0c02791c-4b04-4736-8000-f3682d8d4050", "name": null, "subtype": "outbuilding", "class": "roof", "height": null, "num_floors": null, "surge_class": 0, "surge_ft": 0.0, "flood_active": false, "exposure_score": 0.0, "exposure_category": "none"}, "geometry": {"type": "Polygon", "coordinates": [[[-82.8316007, 27.9776458], [-82.8316734, 27.9776567], [-82.8316819, 27.9776093], [-82.8316101, 27.9775983], [-82.8316007, 27.9776458]]]}}, {"id": "554", "type": "Feature", "properties": {"id": "8ab0c062-adab-40ca-897a-3d2b44bfdce6", "name": null, "subtype": "outbuilding", "class": "roof", "height": null, "num_floors": null, "surge_class": 0, "surge_ft": 0.0, "flood_active": false, "exposure_score": 0.0, "exposure_category": "none"}, "geometry": {"type": "Polygon", "coordinates": [[[-82.8321844, 27.9778547], [-82.8322377, 27.977863], [-82.8322508, 27.9777976], [-82.8321975, 27.9777893], [-82.8321844, 27.9778547]]]}}, {"id": "555", "type": "Feature", "properties": {"id": "ca229f90-9355-4173-aff8-66c90b398c98", "name": null, "subtype": "outbuilding", "class": "roof", "height": null, "num_floors": null, "surge_class": 0, "surge_ft": 0.0, "flood_active": false, "exposure_score": 0.0, "exposure_category": "none"}, "geometry": {"type": "Polygon", "coordinates": [[[-82.832224, 27.9776371], [-82.8322775, 27.9776455], [-82.8322903, 27.9775818], [-82.8322367, 27.9775735], [-82.832224, 27.9776371]]]}}, {"id": "556", "type": "Feature", "properties": {"id": "92eb383c-0db8-4886-a274-91199b6a2c1a", "name": "Tower 5", "subtype": null, "class": null, "height": null, "num_floors": null, "surge_class": 6, "surge_ft": 5.5, "flood_active": false, "exposure_score": 0.165, "exposure_category": "low"}, "geometry": {"type": "Polygon", "coordinates": [[[-82.8289224, 27.9848171], [-82.8289634, 27.9848177], [-82.828964, 27.9847828], [-82.8289231, 27.9847822], [-82.8289224, 27.9848171]]]}}, {"id": "557", "type": "Feature", "properties": {"id": "7c028199-85c2-4077-9d9c-140343537a7c", "name": "Frenchy's", "subtype": "commercial", "class": null, "height": 15.2, "num_floors": null, "surge_class": 4, "surge_ft": 3.5, "flood_active": false, "exposure_score": 0.105, "exposure_category": "low"}, "geometry": {"type": "Polygon", "coordinates": [[[-82.827681, 27.9833538], [-82.8276786, 27.9835848], [-82.8279939, 27.9835874], [-82.8279964, 27.9833565], [-82.827681, 27.9833538]]]}}, {"id": "558", "type": "Feature", "properties": {"id": "df2bd3bd-df20-464a-9f6d-10ba67c5891f", "name": "Palm Pavilion", "subtype": "commercial", "class": null, "height": 17.94, "num_floors": null, "surge_class": 5, "surge_ft": 4.5, "flood_active": false, "exposure_score": 0.135, "exposure_category": "low"}, "geometry": {"type": "Polygon", "coordinates": [[[-82.8276339, 27.9850374], [-82.8276297, 27.9853487], [-82.8279374, 27.9853534], [-82.8279401, 27.9849877], [-82.8277643, 27.9849832], [-82.8276866, 27.9850388], [-82.8276339, 27.9850374]]]}}, {"id": "559", "type": "Feature", "properties": {"id": "ad9c0ce2-63d2-4fb7-b508-a382a094c368", "name": "Fire Station #46", "subtype": "civic", "class": null, "height": 5.111690998077393, "num_floors": null, "surge_class": 6, "surge_ft": 5.5, "flood_active": false, "exposure_score": 0.165, "exposure_category": "low"}, "geometry": {"type": "Polygon", "coordinates": [[[-82.8267711, 27.984757], [-82.8270082, 27.9847655], [-82.8270157, 27.9846225], [-82.8270511, 27.9846206], [-82.8270522, 27.9845401], [-82.8270683, 27.984542], [-82.8270683, 27.9844605], [-82.8267722, 27.984451], [-82.8267657, 27.9846121], [-82.8267775, 27.9846121], [-82.8267711, 27.984757]]]}}, {"id": "560", "type": "Feature", "properties": {"id": "eb3542f3-d04c-4751-b703-dbc3789cd93a", "name": null, "subtype": null, "class": null, "height": 9.83, "num_floors": null, "surge_class": 4, "surge_ft": 3.5, "flood_active": false, "exposure_score": 0.105, "exposure_category": "low"}, "geometry": {"type": "Polygon", "coordinates": [[[-82.8272034, 27.984192], [-82.8271153, 27.9841863], [-82.8271088, 27.9842651], [-82.8271969, 27.9842708], [-82.8271998, 27.9842354], [-82.8272034, 27.984192]]]}}, {"id": "561", "type": "Feature", "properties": {"id": "bf6f1c01-737d-4ed6-bc4b-b8bac938c0a6", "name": null, "subtype": null, "class": null, "height": 14.05, "num_floors": null, "surge_class": 5, "surge_ft": 4.5, "flood_active": false, "exposure_score": 0.135, "exposure_category": "low"}, "geometry": {"type": "Polygon", "coordinates": [[[-82.8273095, 27.983563], [-82.8274609, 27.9835629], [-82.8274686, 27.9833383], [-82.8273556, 27.9833361], [-82.8273521, 27.9834275], [-82.8273148, 27.9834265], [-82.8273095, 27.983563]]]}}, {"id": "562", "type": "Feature", "properties": {"id": "16712483-94bb-4415-833b-689843972706", "name": null, "subtype": null, "class": null, "height": 18.47, "num_floors": null, "surge_class": 5, "surge_ft": 4.5, "flood_active": false, "exposure_score": 0.135, "exposure_category": "low"}, "geometry": {"type": "Polygon", "coordinates": [[[-82.82679, 27.9833432], [-82.8267881, 27.9834271], [-82.8270009, 27.9834357], [-82.8269926, 27.9835776], [-82.827084, 27.9835796], [-82.8270974, 27.9833548], [-82.8268568, 27.983344], [-82.8268568, 27.9833519], [-82.8268213, 27.9833496], [-82.8268209, 27.9833437], [-82.82679, 27.9833432]]]}}, {"id": "563", "type": "Feature", "properties": {"id": "02c835a1-b97c-4b68-b6ee-1f507891320c", "name": null, "subtype": null, "class": null, "height": 18.45, "num_floors": null, "surge_class": 6, "surge_ft": 5.5, "flood_active": false, "exposure_score": 0.165, "exposure_category": "low"}, "geometry": {"type": "Polygon", "coordinates": [[[-82.8269719, 27.9831013], [-82.8269627, 27.9830882], [-82.8267994, 27.9830863], [-82.8267887, 27.9833317], [-82.8269646, 27.9833345], [-82.8269719, 27.9831013]]]}}, {"id": "564", "type": "Feature", "properties": {"id": "c0360774-0d63-4839-a2a5-f865aa509df2", "name": "Sandpearl Resort", "subtype": null, "class": null, "height": 39.95, "num_floors": null, "surge_class": 4, "surge_ft": 3.5, "flood_active": false, "exposure_score": 0.105, "exposure_category": "low"}, "geometry": {"type": "Polygon", "coordinates": [[[-82.8275544, 27.9831449], [-82.8274717, 27.9831397], [-82.8274541, 27.9833107], [-82.8274905, 27.9833138], [-82.8274913, 27.9833273], [-82.8278634, 27.9833379], [-82.8278928, 27.9830406], [-82.8279036, 27.9830407], [-82.8279085, 27.9830051], [-82.8279277, 27.9830059], [-82.8279424, 27.9828488], [-82.827925, 27.9828469], [-82.8279297, 27.9827896], [-82.8275683, 27.9827606], [-82.8275355, 27.9827043], [-82.8275617, 27.9826759], [-82.8275739, 27.9826404], [-82.8275677, 27.9826048], [-82.8275438, 27.9825717], [-82.8275676, 27.9825527], [-82.8275961, 27.9825172], [-82.8276061, 27.9824817], [-82.8276675, 27.982485], [-82.8276878, 27.9822732], [-82.827638, 27.9822669], [-82.8276371, 27.9822566], [-82.8274798, 27.9822428], [-82.8274771, 27.9822601], [-82.8273991, 27.9822544], [-82.8273028, 27.9822474], [-82.8272991, 27.9822685], [-82.8272572, 27.9822663], [-82.8272305, 27.982548], [-82.8272013, 27.982546], [-82.8270882, 27.9825382], [-82.8270748, 27.9826583], [-82.8271935, 27.9826698], [-82.8272169, 27.9826721], [-82.8272142, 27.9827706], [-82.8271874, 27.9827699], [-82.8271874, 27.9827659], [-82.8271875, 27.9827564], [-82.8268387, 27.9827508], [-82.8268332, 27.9830264], [-82.8271848, 27.9830351], [-82.8271861, 27.9830219], [-82.8275629, 27.9830478], [-82.8275544, 27.9831449]]]}}, {"id": "565", "type": "Feature", "properties": {"id": "9e843669-24c3-4002-99cc-4c120f783866", "name": null, "subtype": null, "class": null, "height": 12.94, "num_floors": null, "surge_class": 4, "surge_ft": 3.5, "flood_active": false, "exposure_score": 0.105, "exposure_category": "low"}, "geometry": {"type": "Polygon", "coordinates": [[[-82.8280477, 27.9833482], [-82.828048, 27.9832552], [-82.8278942, 27.9832549], [-82.827894, 27.9833479], [-82.8280477, 27.9833482]]]}}, {"id": "566", "type": "Feature", "properties": {"id": "0320bd5a-82c4-4cf7-8389-4331eff39b6f", "name": null, "subtype": null, "class": null, "height": 13.62, "num_floors": null, "surge_class": 4, "surge_ft": 3.5, "flood_active": false, "exposure_score": 0.105, "exposure_category": "low"}, "geometry": {"type": "Polygon", "coordinates": [[[-82.8279518, 27.9823579], [-82.8280102, 27.982389], [-82.8280328, 27.9823546], [-82.8280698, 27.9823743], [-82.8280844, 27.9823519], [-82.8281354, 27.9823416], [-82.8281212, 27.9822913], [-82.8281334, 27.9822726], [-82.8280701, 27.9822392], [-82.8280477, 27.9822734], [-82.8279969, 27.9822464], [-82.8279763, 27.9822775], [-82.8279295, 27.9822526], [-82.8279129, 27.9822776], [-82.8278608, 27.9822498], [-82.8278166, 27.982317], [-82.8279369, 27.9823805], [-82.8279518, 27.9823579]]]}}, {"id": "567", "type": "Feature", "properties": {"id": "5b23f32f-929c-49b9-81e9-b44221ab3528", "name": null, "subtype": null, "class": null, "height": 51.6, "num_floors": null, "surge_class": 4, "surge_ft": 3.5, "flood_active": false, "exposure_score": 0.105, "exposure_category": "low"}, "geometry": {"type": "Polygon", "coordinates": [[[-82.8274798, 27.981577], [-82.8274204, 27.9820044], [-82.8275292, 27.9820009], [-82.8280938, 27.9819826], [-82.8280955, 27.98197], [-82.8280946, 27.98197], [-82.8280958, 27.9819677], [-82.828205, 27.9811446], [-82.8276474, 27.9810829], [-82.8275359, 27.9810706], [-82.8275258, 27.9811232], [-82.8274528, 27.9811144], [-82.8274555, 27.9810901], [-82.8274581, 27.9810658], [-82.8272194, 27.981036], [-82.8271451, 27.9815378], [-82.8274798, 27.981577]]]}}, {"id": "568", "type": "Feature", "properties": {"id": "62b0553a-b080-4f69-987c-cb1994b1c69d", "name": "Clear Sky Cafe", "subtype": null, "class": null, "height": 11.86, "num_floors": null, "surge_class": 4, "surge_ft": 3.5, "flood_active": false, "exposure_score": 0.105, "exposure_category": "low"}, "geometry": {"type": "Polygon", "coordinates": [[[-82.8272447, 27.9820452], [-82.8273966, 27.9820621], [-82.8274619, 27.9815991], [-82.82731, 27.9815822], [-82.8272447, 27.9820452]]]}}, {"id": "569", "type": "Feature", "properties": {"id": "20b94f8c-d966-444c-a766-e81994fa1686", "name": null, "subtype": null, "class": null, "height": null, "num_floors": null, "surge_class": 7, "surge_ft": 6.5, "flood_active": false, "exposure_score": 0.195, "exposure_category": "low"}, "geometry": {"type": "Polygon", "coordinates": [[[-82.8268526, 27.9820259], [-82.8268543, 27.9819202], [-82.8265488, 27.9819163], [-82.8265468, 27.9820388], [-82.8268278, 27.9820425], [-82.8268526, 27.9820259]]]}}, {"id": "570", "type": "Feature", "properties": {"id": "046d9cc1-6ca8-4f6e-a523-603cbe432210", "name": null, "subtype": "commercial", "class": "commercial", "height": 12.47, "num_floors": null, "surge_class": 5, "surge_ft": 4.5, "flood_active": false, "exposure_score": 0.135, "exposure_category": "low"}, "geometry": {"type": "Polygon", "coordinates": [[[-82.8269706, 27.9810938], [-82.8266715, 27.9810927], [-82.8265613, 27.9819086], [-82.8268647, 27.9819145], [-82.8268852, 27.9817736], [-82.8268539, 27.9817694], [-82.8268588, 27.9817381], [-82.8268707, 27.981731], [-82.8268867, 27.9817191], [-82.826895, 27.9817073], [-82.8268973, 27.9816883], [-82.8268933, 27.9816765], [-82.826881, 27.9816623], [-82.8268647, 27.9816575], [-82.8268513, 27.9816588], [-82.8268343, 27.9816646], [-82.8268496, 27.981532], [-82.8268808, 27.9815341], [-82.8268968, 27.9815307], [-82.8269128, 27.9815201], [-82.8269185, 27.9815036], [-82.8269182, 27.9814846], [-82.8269126, 27.9814704], [-82.8269001, 27.9814609], [-82.826862, 27.9814564], [-82.8268824, 27.9812762], [-82.8268915, 27.9812846], [-82.8269129, 27.9812868], [-82.8269334, 27.9812809], [-82.8269451, 27.9812687], [-82.8269706, 27.9810938]]]}}, {"id": "571", "type": "Feature", "properties": {"id": "f0e64582-1968-4bee-a3b0-b60133aeb702", "name": "CVS Pharmacy", "subtype": "medical", "class": null, "height": 18.42, "num_floors": null, "surge_class": 6, "surge_ft": 5.5, "flood_active": false, "exposure_score": 0.165, "exposure_category": "low"}, "geometry": {"type": "Polygon", "coordinates": [[[-82.8270054, 27.9808199], [-82.8266947, 27.9808203], [-82.8266627, 27.9810883], [-82.8269704, 27.9810897], [-82.8270054, 27.9808199]]]}}, {"id": "572", "type": "Feature", "properties": {"id": "5f3922c9-6f94-4853-9776-e74d2d0c8735", "name": null, "subtype": null, "class": null, "height": 9.06, "num_floors": null, "surge_class": 6, "surge_ft": 5.5, "flood_active": false, "exposure_score": 0.165, "exposure_category": "low"}, "geometry": {"type": "Polygon", "coordinates": [[[-82.8259809, 27.9809848], [-82.8259696, 27.9810548], [-82.8260833, 27.9810693], [-82.8260946, 27.9809992], [-82.8259809, 27.9809848]]]}}, {"id": "573", "type": "Feature", "properties": {"id": "86c260a5-1127-4ea0-b37e-8a57318403ba", "name": null, "subtype": null, "class": null, "height": 11.47, "num_floors": null, "surge_class": 6, "surge_ft": 5.5, "flood_active": false, "exposure_score": 0.165, "exposure_category": "low"}, "geometry": {"type": "Polygon", "coordinates": [[[-82.8258013, 27.9808237], [-82.8258033, 27.980939], [-82.8259689, 27.9809368], [-82.825967, 27.9808215], [-82.8258013, 27.9808237]]]}}, {"id": "574", "type": "Feature", "properties": {"id": "21848ee8-f0ec-4075-8872-a240be79a81c", "name": null, "subtype": null, "class": null, "height": 10.78, "num_floors": null, "surge_class": 5, "surge_ft": 4.5, "flood_active": false, "exposure_score": 0.135, "exposure_category": "low"}, "geometry": {"type": "Polygon", "coordinates": [[[-82.825688, 27.9813489], [-82.8258219, 27.9813617], [-82.825828, 27.9813113], [-82.8258727, 27.9813155], [-82.825885, 27.9812146], [-82.8257957, 27.981206], [-82.8257896, 27.9812565], [-82.8257003, 27.9812479], [-82.825688, 27.9813489]]]}}, {"id": "575", "type": "Feature", "properties": {"id": "16478ef7-f94c-4bd8-97ff-ae53ffeec665", "name": null, "subtype": null, "class": null, "height": 4.892430305480957, "num_floors": null, "surge_class": 5, "surge_ft": 4.5, "flood_active": false, "exposure_score": 0.135, "exposure_category": "low"}, "geometry": {"type": "Polygon", "coordinates": [[[-82.8258758, 27.9813659], [-82.8258736, 27.9813266], [-82.8258334, 27.9813284], [-82.8258357, 27.9813677], [-82.8258758, 27.9813659]]]}}, {"id": "576", "type": "Feature", "properties": {"id": "669e817f-f040-4395-8d78-a71f2b7712da", "name": null, "subtype": null, "class": null, "height": 11.06, "num_floors": null, "surge_class": 6, "surge_ft": 5.5, "flood_active": false, "exposure_score": 0.165, "exposure_category": "low"}, "geometry": {"type": "Polygon", "coordinates": [[[-82.8258856, 27.9815842], [-82.8260038, 27.9816008], [-82.8260213, 27.9815027], [-82.8259031, 27.9814861], [-82.8258856, 27.9815842]]]}}, {"id": "577", "type": "Feature", "properties": {"id": "d8ac85e1-9a7a-4516-9519-b101864adec8", "name": null, "subtype": null, "class": null, "height": 10.22, "num_floors": null, "surge_class": 5, "surge_ft": 4.5, "flood_active": false, "exposure_score": 0.135, "exposure_category": "low"}, "geometry": {"type": "Polygon", "coordinates": [[[-82.8257142, 27.9813698], [-82.825712, 27.9814454], [-82.8258792, 27.9814493], [-82.8258814, 27.9813737], [-82.8257142, 27.9813698]]]}}, {"id": "578", "type": "Feature", "properties": {"id": "9d9548cd-b3ac-4b34-8802-4e7a171e1308", "name": null, "subtype": null, "class": null, "height": 11.38, "num_floors": null, "surge_class": 6, "surge_ft": 5.5, "flood_active": false, "exposure_score": 0.165, "exposure_category": "low"}, "geometry": {"type": "Polygon", "coordinates": [[[-82.8256768, 27.9815668], [-82.8257865, 27.9815774], [-82.825799, 27.9814745], [-82.8256893, 27.9814639], [-82.8256768, 27.9815668]]]}}, {"id": "579", "type": "Feature", "properties": {"id": "cebc1a3b-4ba9-436f-834d-088a1eb3e429", "name": null, "subtype": null, "class": null, "height": 11.1, "num_floors": null, "surge_class": 6, "surge_ft": 5.5, "flood_active": false, "exposure_score": 0.165, "exposure_category": "low"}, "geometry": {"type": "Polygon", "coordinates": [[[-82.8256631, 27.9816053], [-82.8256498, 27.9817079], [-82.8257582, 27.9817208], [-82.8257721, 27.981618], [-82.8256631, 27.9816053]]]}}, {"id": "580", "type": "Feature", "properties": {"id": "e4229e7d-3906-4e9e-a760-0ce9c985e548", "name": null, "subtype": null, "class": null, "height": 7.9, "num_floors": null, "surge_class": 5, "surge_ft": 4.5, "flood_active": false, "exposure_score": 0.135, "exposure_category": "low"}, "geometry": {"type": "Polygon", "coordinates": [[[-82.8257881, 27.981574], [-82.8257836, 27.9816216], [-82.8258807, 27.9816288], [-82.8258852, 27.9815812], [-82.8257881, 27.981574]]]}}, {"id": "581", "type": "Feature", "properties": {"id": "22804f51-a71d-4586-bc2c-df1db1f72414", "name": null, "subtype": null, "class": null, "height": 11.21, "num_floors": null, "surge_class": 6, "surge_ft": 5.5, "flood_active": false, "exposure_score": 0.165, "exposure_category": "low"}, "geometry": {"type": "Polygon", "coordinates": [[[-82.8258511, 27.981874], [-82.82597, 27.9818868], [-82.8259827, 27.9817841], [-82.8258652, 27.9817715], [-82.8258511, 27.981874]]]}}, {"id": "582", "type": "Feature", "properties": {"id": "5f6041dd-2030-49a6-83e6-795ae3ff1f58", "name": null, "subtype": null, "class": null, "height": 8.68, "num_floors": null, "surge_class": 5, "surge_ft": 4.5, "flood_active": false, "exposure_score": 0.135, "exposure_category": "low"}, "geometry": {"type": "Polygon", "coordinates": [[[-82.825772, 27.9817102], [-82.8257638, 27.9817763], [-82.8258561, 27.9817868], [-82.8258643, 27.9817208], [-82.825772, 27.9817102]]]}}, {"id": "583", "type": "Feature", "properties": {"id": "f7145abd-29d9-4102-8466-b858e7bcc84a", "name": null, "subtype": null, "class": null, "height": 18.31, "num_floors": null, "surge_class": 6, "surge_ft": 5.5, "flood_active": false, "exposure_score": 0.165, "exposure_category": "low"}, "geometry": {"type": "Polygon", "coordinates": [[[-82.8259653, 27.982006], [-82.8259656, 27.9819608], [-82.825966, 27.9819156], [-82.8259135, 27.9819152], [-82.8257559, 27.9819142], [-82.8257034, 27.9819139], [-82.8255983, 27.9819132], [-82.825598, 27.9819584], [-82.8255976, 27.9820036], [-82.8255972, 27.9820488], [-82.8257023, 27.9820495], [-82.8257548, 27.9820498], [-82.8259124, 27.9820508], [-82.8259649, 27.9820512], [-82.8259653, 27.982006]]]}}, {"id": "584", "type": "Feature", "properties": {"id": "44fc17a3-5bd8-47bc-8072-65c2a1cbbf43", "name": null, "subtype": null, "class": null, "height": 10.71, "num_floors": null, "surge_class": 6, "surge_ft": 5.5, "flood_active": false, "exposure_score": 0.165, "exposure_category": "low"}, "geometry": {"type": "Polygon", "coordinates": [[[-82.8261637, 27.9820282], [-82.8262711, 27.9820285], [-82.8262714, 27.9819212], [-82.826164, 27.981921], [-82.8261637, 27.9820282]]]}}, {"id": "585", "type": "Feature", "properties": {"id": "3d8b3c98-aa6e-4c49-85f5-91c7916821a7", "name": null, "subtype": null, "class": null, "height": 10.84, "num_floors": null, "surge_class": 7, "surge_ft": 6.5, "flood_active": false, "exposure_score": 0.195, "exposure_category": "low"}, "geometry": {"type": "Polygon", "coordinates": [[[-82.8264059, 27.9820553], [-82.8264813, 27.9820552], [-82.8264969, 27.9819595], [-82.8264967, 27.981914], [-82.8264165, 27.9819131], [-82.8264175, 27.9819316], [-82.8263996, 27.9819309], [-82.8263987, 27.9819348], [-82.8262988, 27.9819349], [-82.8262986, 27.9820464], [-82.826407, 27.9820457], [-82.8264059, 27.9820553]]]}}, {"id": "586", "type": "Feature", "properties": {"id": "ae3d6a4e-f3e4-44e8-9190-703ebc08cec0", "name": null, "subtype": "transportation", "class": "parking", "height": null, "num_floors": null, "surge_class": 6, "surge_ft": 5.5, "flood_active": false, "exposure_score": 0.165, "exposure_category": "low"}, "geometry": {"type": "Polygon", "coordinates": [[[-82.826277, 27.9810448], [-82.8261663, 27.9818466], [-82.8262408, 27.9818546], [-82.8262388, 27.9818688], [-82.826401, 27.9818862], [-82.8263997, 27.9818957], [-82.8265143, 27.9819079], [-82.8265223, 27.9818492], [-82.8265498, 27.9818521], [-82.8266479, 27.9811318], [-82.8266037, 27.9811271], [-82.8266187, 27.9810174], [-82.8265525, 27.9810104], [-82.8265545, 27.9809959], [-82.8263909, 27.9809784], [-82.8263927, 27.9809652], [-82.8262673, 27.9809518], [-82.8262548, 27.9810424], [-82.826277, 27.9810448]]]}}, {"id": "587", "type": "Feature", "properties": {"id": "04a19956-43b8-49f1-87ba-9532e5997d78", "name": null, "subtype": null, "class": null, "height": 10.33, "num_floors": null, "surge_class": 5, "surge_ft": 4.5, "flood_active": false, "exposure_score": 0.135, "exposure_category": "low"}, "geometry": {"type": "Polygon", "coordinates": [[[-82.8263555, 27.9828487], [-82.8262945, 27.9828485], [-82.8262943, 27.9829109], [-82.8263568, 27.9829111], [-82.8263566, 27.9829503], [-82.8263566, 27.982955], [-82.8263898, 27.9829551], [-82.8263898, 27.9829506], [-82.82639, 27.9829071], [-82.8264121, 27.9829071], [-82.8264123, 27.982856], [-82.8263907, 27.982856], [-82.8263908, 27.982819], [-82.8263908, 27.9828119], [-82.8263556, 27.9828118], [-82.8263556, 27.9828194], [-82.8263555, 27.9828487]]]}}, {"id": "588", "type": "Feature", "properties": {"id": "531cc2a6-5ff6-4e36-b126-0d34892738db", "name": null, "subtype": null, "class": null, "height": 40.95, "num_floors": null, "surge_class": 0, "surge_ft": 0.0, "flood_active": false, "exposure_score": 0.0, "exposure_category": "none"}, "geometry": {"type": "Polygon", "coordinates": [[[-82.8250163, 27.9822674], [-82.8250104, 27.9827448], [-82.8250726, 27.9827484], [-82.8250739, 27.9827187], [-82.8253676, 27.98272], [-82.8256171, 27.9827212], [-82.8257539, 27.9827218], [-82.8263949, 27.9827246], [-82.8263989, 27.9823896], [-82.8263252, 27.982387], [-82.8262635, 27.9823367], [-82.826264, 27.9822711], [-82.825727, 27.9822658], [-82.8257241, 27.9823777], [-82.8256788, 27.9823777], [-82.8256794, 27.9822664], [-82.8250163, 27.9822674]]]}}, {"id": "589", "type": "Feature", "properties": {"id": "233f4671-2bb1-466d-a881-eae6c3dc0282", "name": null, "subtype": null, "class": null, "height": 50.22, "num_floors": null, "surge_class": 0, "surge_ft": 0.0, "flood_active": false, "exposure_score": 0.0, "exposure_category": "none"}, "geometry": {"type": "Polygon", "coordinates": [[[-82.8255286, 27.9835299], [-82.8255312, 27.9834341], [-82.8257244, 27.9834331], [-82.8257249, 27.9835288], [-82.8262796, 27.98353], [-82.8262773, 27.9830432], [-82.8250967, 27.9830462], [-82.8250949, 27.9830243], [-82.8249036, 27.9830226], [-82.824892, 27.9835297], [-82.8255286, 27.9835299]]]}}, {"id": "590", "type": "Feature", "properties": {"id": "3ccc0872-8d66-43d8-b4af-d87afc0807e0", "name": null, "subtype": null, "class": null, "height": 16.97, "num_floors": null, "surge_class": 0, "surge_ft": 0.0, "flood_active": false, "exposure_score": 0.0, "exposure_category": "none"}, "geometry": {"type": "Polygon", "coordinates": [[[-82.8250848, 27.9829571], [-82.8252358, 27.9829595], [-82.8252377, 27.9828669], [-82.8252578, 27.9828673], [-82.8252591, 27.9828043], [-82.8250879, 27.9828015], [-82.8250848, 27.9829571]]]}}, {"id": "591", "type": "Feature", "properties": {"id": "c59eeb30-1e4a-45d9-99b3-dcbb42875008", "name": null, "subtype": null, "class": null, "height": 14.83, "num_floors": null, "surge_class": 6, "surge_ft": 5.5, "flood_active": false, "exposure_score": 0.165, "exposure_category": "low"}, "geometry": {"type": "Polygon", "coordinates": [[[-82.8250892, 27.9818028], [-82.8251929, 27.9818151], [-82.8252127, 27.9816835], [-82.8251089, 27.9816713], [-82.8250892, 27.9818028]]]}}, {"id": "592", "type": "Feature", "properties": {"id": "a229949a-15bd-4ec9-a8e1-eec895e5171c", "name": null, "subtype": null, "class": null, "height": 14.78, "num_floors": null, "surge_class": 6, "surge_ft": 5.5, "flood_active": false, "exposure_score": 0.165, "exposure_category": "low"}, "geometry": {"type": "Polygon", "coordinates": [[[-82.8250571, 27.9820336], [-82.8251619, 27.9820469], [-82.8251825, 27.9819192], [-82.8250777, 27.9819058], [-82.8250571, 27.9820336]]]}}, {"id": "593", "type": "Feature", "properties": {"id": "0a488e2a-db81-4dd8-9c78-87b2e84a2a25", "name": null, "subtype": null, "class": null, "height": 14.26, "num_floors": null, "surge_class": 6, "surge_ft": 5.5, "flood_active": false, "exposure_score": 0.165, "exposure_category": "low"}, "geometry": {"type": "Polygon", "coordinates": [[[-82.8252121, 27.9819354], [-82.8251972, 27.9820345], [-82.8253424, 27.9820517], [-82.8253573, 27.9819525], [-82.8252121, 27.9819354]]]}}, {"id": "594", "type": "Feature", "properties": {"id": "9a132d1f-c33d-4368-aedb-7a9a69d3f037", "name": null, "subtype": null, "class": null, "height": 14.07, "num_floors": null, "surge_class": 5, "surge_ft": 4.5, "flood_active": false, "exposure_score": 0.135, "exposure_category": "low"}, "geometry": {"type": "Polygon", "coordinates": [[[-82.8252305, 27.9817752], [-82.8253698, 27.9817927], [-82.8253822, 27.9817129], [-82.8253984, 27.9817151], [-82.825404, 27.9816793], [-82.8253497, 27.9816718], [-82.8253456, 27.9816985], [-82.8252443, 27.9816851], [-82.8252305, 27.9817752]]]}}, {"id": "595", "type": "Feature", "properties": {"id": "7201cc2b-1265-4a5c-a89c-16953771bfd0", "name": null, "subtype": null, "class": null, "height": 12.73, "num_floors": null, "surge_class": 5, "surge_ft": 4.5, "flood_active": false, "exposure_score": 0.135, "exposure_category": "low"}, "geometry": {"type": "Polygon", "coordinates": [[[-82.8253491, 27.9819398], [-82.8254178, 27.9819489], [-82.825426, 27.9818952], [-82.8254516, 27.9818986], [-82.825458, 27.9818571], [-82.8254311, 27.9818534], [-82.8254383, 27.981807], [-82.8253707, 27.9817987], [-82.8253624, 27.9818523], [-82.8253154, 27.9818458], [-82.8253085, 27.9818901], [-82.8253558, 27.9818965], [-82.8253491, 27.9819398]]]}}, {"id": "596", "type": "Feature", "properties": {"id": "669a27de-8a7d-40a4-bc11-08ba0da5ad69", "name": null, "subtype": null, "class": null, "height": 10.64, "num_floors": null, "surge_class": 6, "surge_ft": 5.5, "flood_active": false, "exposure_score": 0.165, "exposure_category": "low"}, "geometry": {"type": "Polygon", "coordinates": [[[-82.8256363, 27.9817513], [-82.8256245, 27.9818485], [-82.8257471, 27.9818603], [-82.8257589, 27.9817631], [-82.8256363, 27.9817513]]]}}, {"id": "597", "type": "Feature", "properties": {"id": "51bc2880-72ee-478c-a375-94d7867ffd5f", "name": null, "subtype": null, "class": null, "height": 22.55, "num_floors": null, "surge_class": 6, "surge_ft": 5.5, "flood_active": false, "exposure_score": 0.165, "exposure_category": "low"}, "geometry": {"type": "Polygon", "coordinates": [[[-82.8251394, 27.9814143], [-82.8251388, 27.9816114], [-82.8254047, 27.981612], [-82.8254052, 27.9814149], [-82.8251394, 27.9814143]]]}}, {"id": "598", "type": "Feature", "properties": {"id": "f33a0c58-df40-4c35-89d9-76b26b5a6e7d", "name": null, "subtype": null, "class": null, "height": 19.41, "num_floors": null, "surge_class": 6, "surge_ft": 5.5, "flood_active": false, "exposure_score": 0.165, "exposure_category": "low"}, "geometry": {"type": "Polygon", "coordinates": [[[-82.825477, 27.9813321], [-82.8254773, 27.9812018], [-82.8254298, 27.9812017], [-82.8253348, 27.9812014], [-82.8252873, 27.9812013], [-82.8252398, 27.9812012], [-82.8251923, 27.9812011], [-82.8251448, 27.981201], [-82.8251445, 27.9813314], [-82.825192, 27.9813315], [-82.8252395, 27.9813316], [-82.825287, 27.9813317], [-82.8253345, 27.9813318], [-82.8254295, 27.981332], [-82.825477, 27.9813321]]]}}, {"id": "599", "type": "Feature", "properties": {"id": "1dfbf656-bf1c-444a-b192-fab077854cba", "name": null, "subtype": null, "class": null, "height": 11.14, "num_floors": null, "surge_class": 6, "surge_ft": 5.5, "flood_active": false, "exposure_score": 0.165, "exposure_category": "low"}, "geometry": {"type": "Polygon", "coordinates": [[[-82.8255226, 27.9810231], [-82.8254225, 27.9810231], [-82.825422, 27.9810767], [-82.825118, 27.9810791], [-82.8251174, 27.9811827], [-82.8255211, 27.9811802], [-82.8255226, 27.9810231]]]}}, {"id": "600", "type": "Feature", "properties": {"id": "5bd81a56-20a9-48cc-b9d8-4ea4b8715240", "name": null, "subtype": null, "class": null, "height": 10.06, "num_floors": null, "surge_class": 6, "surge_ft": 5.5, "flood_active": false, "exposure_score": 0.165, "exposure_category": "low"}, "geometry": {"type": "Polygon", "coordinates": [[[-82.8254681, 27.9809699], [-82.8255515, 27.9809779], [-82.8255643, 27.9808734], [-82.8254809, 27.9808654], [-82.8254681, 27.9809699]]]}}, {"id": "601", "type": "Feature", "properties": {"id": "5b27712d-e731-4b44-9664-aaf5128a3612", "name": null, "subtype": null, "class": null, "height": 14.49, "num_floors": null, "surge_class": 6, "surge_ft": 5.5, "flood_active": false, "exposure_score": 0.165, "exposure_category": "low"}, "geometry": {"type": "Polygon", "coordinates": [[[-82.8251593, 27.9809785], [-82.8252928, 27.9809855], [-82.8253007, 27.9808668], [-82.8251672, 27.9808598], [-82.8251593, 27.9809785]]]}}, {"id": "602", "type": "Feature", "properties": {"id": "bd110bf4-516b-4c21-9cc4-897ca3737a40", "name": null, "subtype": null, "class": null, "height": 1.8496731519699097, "num_floors": null, "surge_class": 7, "surge_ft": 6.5, "flood_active": false, "exposure_score": 0.195, "exposure_category": "low"}, "geometry": {"type": "Polygon", "coordinates": [[[-82.8251596, 27.9809062], [-82.8251619, 27.980866], [-82.8251378, 27.9808649], [-82.8251355, 27.9809051], [-82.8251596, 27.9809062]]]}}, {"id": "603", "type": "Feature", "properties": {"id": "994feabf-0c18-4498-a453-8c47b2466657", "name": null, "subtype": null, "class": null, "height": 5.773195743560791, "num_floors": null, "surge_class": 6, "surge_ft": 5.5, "flood_active": false, "exposure_score": 0.165, "exposure_category": "low"}, "geometry": {"type": "Polygon", "coordinates": [[[-82.8241088, 27.9844263], [-82.8241078, 27.9843955], [-82.8240676, 27.9843965], [-82.8240686, 27.9844273], [-82.8241088, 27.9844263]]]}}, {"id": "604", "type": "Feature", "properties": {"id": "1067a985-05ab-447d-a31c-0f5d1789a7f2", "name": "Clearwater Recreational Center", "subtype": "civic", "class": null, "height": 18.55, "num_floors": null, "surge_class": 6, "surge_ft": 5.5, "flood_active": false, "exposure_score": 0.165, "exposure_category": "low"}, "geometry": {"type": "Polygon", "coordinates": [[[-82.8240998, 27.9844705], [-82.8240632, 27.9844706], [-82.824063, 27.9843935], [-82.8241242, 27.9843933], [-82.8241239, 27.9843283], [-82.8240646, 27.9843285], [-82.8240645, 27.9843166], [-82.8240608, 27.9843166], [-82.8238148, 27.9843173], [-82.823816, 27.9846556], [-82.8238232, 27.9846556], [-82.8238233, 27.9846984], [-82.824055, 27.9846977], [-82.8240548, 27.9846587], [-82.8240609, 27.9846587], [-82.8240606, 27.9845726], [-82.8241001, 27.9845725], [-82.8240998, 27.9844705]]]}}, {"id": "605", "type": "Feature", "properties": {"id": "8e7e29ca-84cd-4460-84c4-7644ca4ed8e2", "name": null, "subtype": null, "class": null, "height": 18.24, "num_floors": null, "surge_class": 5, "surge_ft": 4.5, "flood_active": false, "exposure_score": 0.135, "exposure_category": "low"}, "geometry": {"type": "Polygon", "coordinates": [[[-82.8252498, 27.9852186], [-82.8252491, 27.9854617], [-82.8254792, 27.9854623], [-82.8254785, 27.9856665], [-82.8254965, 27.9856666], [-82.8254964, 27.9856756], [-82.8255778, 27.9856758], [-82.825579, 27.9851316], [-82.8254534, 27.9851314], [-82.8254534, 27.9850939], [-82.8255029, 27.985094], [-82.825503, 27.985039], [-82.8254851, 27.985039], [-82.8254852, 27.9850328], [-82.8255041, 27.9850328], [-82.8255043, 27.9849743], [-82.8254464, 27.9849741], [-82.8254463, 27.9849823], [-82.8253881, 27.9849821], [-82.8253882, 27.9849646], [-82.8253264, 27.9849645], [-82.8253263, 27.9849844], [-82.8252912, 27.9849843], [-82.8252905, 27.9851505], [-82.8252317, 27.9851504], [-82.8252318, 27.9851339], [-82.8251882, 27.9851338], [-82.8251879, 27.9851965], [-82.8252276, 27.9851966], [-82.8252277, 27.9851816], [-82.8252912, 27.9851817], [-82.825291, 27.9852187], [-82.8252498, 27.9852186]]]}}, {"id": "606", "type": "Feature", "properties": {"id": "07f8d936-9f79-4dff-a8af-bb3f9ccaeb1a", "name": "Clearwater Beach Family Aquatic Center", "subtype": null, "class": null, "height": 11.52, "num_floors": null, "surge_class": 4, "surge_ft": 3.5, "flood_active": false, "exposure_score": 0.105, "exposure_category": "low"}, "geometry": {"type": "Polygon", "coordinates": [[[-82.8257285, 27.9842987], [-82.8257288, 27.9843861], [-82.825871, 27.9843858], [-82.8258711, 27.9844061], [-82.8259257, 27.984406], [-82.8259256, 27.9843852], [-82.8260049, 27.984385], [-82.8260046, 27.9842981], [-82.8257285, 27.9842987]]]}}, {"id": "607", "type": "Feature", "properties": {"id": "58eca4d7-f98d-4ac0-89a0-fa2f1b1d68c1", "name": null, "subtype": "civic", "class": null, "height": null, "num_floors": null, "surge_class": 5, "surge_ft": 4.5, "flood_active": false, "exposure_score": 0.135, "exposure_category": "low"}, "geometry": {"type": "Polygon", "coordinates": [[[-82.8262444, 27.9841463], [-82.826294, 27.9841461], [-82.8262937, 27.9841037], [-82.8262441, 27.9841039], [-82.8262444, 27.9841463]]]}}, {"id": "608", "type": "Feature", "properties": {"id": "864628bb-fe20-4b0b-ae0e-cb6eadae6640", "name": "Chase", "subtype": null, "class": null, "height": 18.47, "num_floors": null, "surge_class": 6, "surge_ft": 5.5, "flood_active": false, "exposure_score": 0.165, "exposure_category": "low"}, "geometry": {"type": "Polygon", "coordinates": [[[-82.8263607, 27.9849806], [-82.8261907, 27.9849777], [-82.8261853, 27.9852272], [-82.8263553, 27.9852301], [-82.8263607, 27.9849806]]]}}, {"id": "609", "type": "Feature", "properties": {"id": "8570e16c-6819-4ea5-a681-6db7546248a7", "name": null, "subtype": null, "class": null, "height": 12.26, "num_floors": null, "surge_class": 4, "surge_ft": 3.5, "flood_active": false, "exposure_score": 0.105, "exposure_category": "low"}, "geometry": {"type": "Polygon", "coordinates": [[[-82.8190485, 27.9852112], [-82.8192044, 27.9852159], [-82.8192117, 27.9850257], [-82.8191078, 27.9850225], [-82.8191096, 27.984975], [-82.8190057, 27.9849718], [-82.8189984, 27.985162], [-82.8190503, 27.9851636], [-82.8190485, 27.9852112]]]}}, {"id": "610", "type": "Feature", "properties": {"id": "30a23808-3693-4eb3-898d-abafdf0d7a4f", "name": null, "subtype": null, "class": null, "height": 13.95, "num_floors": null, "surge_class": 4, "surge_ft": 3.5, "flood_active": false, "exposure_score": 0.105, "exposure_category": "low"}, "geometry": {"type": "Polygon", "coordinates": [[[-82.8187135, 27.9850513], [-82.8187579, 27.9852349], [-82.8189792, 27.9851927], [-82.8189238, 27.9849633], [-82.8188131, 27.9849844], [-82.8188242, 27.9850303], [-82.8187135, 27.9850513]]]}}, {"id": "611", "type": "Feature", "properties": {"id": "994f3340-2c8f-4c74-9294-d09c1f4f5298", "name": null, "subtype": null, "class": null, "height": 11.62, "num_floors": null, "surge_class": 5, "surge_ft": 4.5, "flood_active": false, "exposure_score": 0.135, "exposure_category": "low"}, "geometry": {"type": "Polygon", "coordinates": [[[-82.818783, 27.9846236], [-82.8187919, 27.984489], [-82.818585, 27.9844782], [-82.8185731, 27.9846576], [-82.8186766, 27.984663], [-82.8186796, 27.9846182], [-82.818783, 27.9846236]]]}}, {"id": "612", "type": "Feature", "properties": {"id": "7b7ef35d-0319-4a17-8e2e-d05e7c4979c7", "name": null, "subtype": null, "class": null, "height": 12.81, "num_floors": null, "surge_class": 4, "surge_ft": 3.5, "flood_active": false, "exposure_score": 0.105, "exposure_category": "low"}, "geometry": {"type": "Polygon", "coordinates": [[[-82.81905, 27.9846625], [-82.819066, 27.9845182], [-82.8190151, 27.9845135], [-82.8190193, 27.9844736], [-82.8188632, 27.9844604], [-82.8188433, 27.9846672], [-82.8189459, 27.9846765], [-82.8189483, 27.9846529], [-82.81905, 27.9846625]]]}}, {"id": "613", "type": "Feature", "properties": {"id": "3a35c148-8b4d-4a47-a55c-23de294ac80c", "name": null, "subtype": null, "class": null, "height": 16.5, "num_floors": null, "surge_class": 5, "surge_ft": 4.5, "flood_active": false, "exposure_score": 0.135, "exposure_category": "low"}, "geometry": {"type": "Polygon", "coordinates": [[[-82.8186949, 27.9838148], [-82.8189167, 27.9838209], [-82.8189245, 27.9836006], [-82.8187027, 27.9835945], [-82.8186949, 27.9838148]]]}}, {"id": "614", "type": "Feature", "properties": {"id": "892f20ef-98e0-4d45-a663-d53cc45d2e50", "name": null, "subtype": null, "class": null, "height": 12.68, "num_floors": null, "surge_class": 5, "surge_ft": 4.5, "flood_active": false, "exposure_score": 0.135, "exposure_category": "low"}, "geometry": {"type": "Polygon", "coordinates": [[[-82.8191127, 27.9837782], [-82.8191681, 27.9837787], [-82.8191696, 27.9836393], [-82.8190589, 27.9836383], [-82.8190605, 27.9835909], [-82.8189487, 27.9835909], [-82.8189461, 27.9838233], [-82.8191122, 27.9838247], [-82.8191127, 27.9837782]]]}}, {"id": "615", "type": "Feature", "properties": {"id": "c9fa5dac-c06c-4bd7-a8b8-a3ead6223a1f", "name": null, "subtype": null, "class": null, "height": 12.16, "num_floors": null, "surge_class": 5, "surge_ft": 4.5, "flood_active": false, "exposure_score": 0.135, "exposure_category": "low"}, "geometry": {"type": "Polygon", "coordinates": [[[-82.8192019, 27.983637], [-82.8192049, 27.9838125], [-82.8194427, 27.9838093], [-82.8194405, 27.9836777], [-82.8193453, 27.983679], [-82.8193446, 27.9836351], [-82.8192019, 27.983637]]]}}, {"id": "616", "type": "Feature", "properties": {"id": "07ef5e84-b1b0-4d32-9f7a-e3a4cc729968", "name": null, "subtype": null, "class": null, "height": 21.36, "num_floors": null, "surge_class": 5, "surge_ft": 4.5, "flood_active": false, "exposure_score": 0.135, "exposure_category": "low"}, "geometry": {"type": "Polygon", "coordinates": [[[-82.8195365, 27.9837583], [-82.8195663, 27.9837233], [-82.8196041, 27.9837487], [-82.8197233, 27.9836089], [-82.8196855, 27.9835835], [-82.8197153, 27.9835485], [-82.8196019, 27.9834724], [-82.8194529, 27.9836472], [-82.8194907, 27.9836726], [-82.8194609, 27.9837075], [-82.8195365, 27.9837583]]]}}, {"id": "617", "type": "Feature", "properties": {"id": "e8a316da-7c6f-40f7-a037-b6cf97059249", "name": null, "subtype": null, "class": null, "height": 12.91, "num_floors": null, "surge_class": 4, "surge_ft": 3.5, "flood_active": false, "exposure_score": 0.105, "exposure_category": "low"}, "geometry": {"type": "Polygon", "coordinates": [[[-82.819099, 27.9845208], [-82.8190874, 27.9846436], [-82.8192001, 27.9846519], [-82.8191962, 27.9846929], [-82.8193088, 27.9847012], [-82.8193281, 27.9844965], [-82.8191591, 27.984484], [-82.8191553, 27.984525], [-82.819099, 27.9845208]]]}}, {"id": "618", "type": "Feature", "properties": {"id": "2cedbafe-e18e-4bfc-b212-c6d0eff119a7", "name": null, "subtype": null, "class": null, "height": 12.17, "num_floors": null, "surge_class": 4, "surge_ft": 3.5, "flood_active": false, "exposure_score": 0.105, "exposure_category": "low"}, "geometry": {"type": "Polygon", "coordinates": [[[-82.8195501, 27.9846671], [-82.8195733, 27.9845426], [-82.8194678, 27.9845256], [-82.8194748, 27.9844872], [-82.8193699, 27.9844702], [-82.8193326, 27.9846766], [-82.8194378, 27.9846937], [-82.8194459, 27.9846501], [-82.8195501, 27.9846671]]]}}, {"id": "619", "type": "Feature", "properties": {"id": "44e1aed3-51f7-4891-a036-b33e8e4fb97f", "name": null, "subtype": null, "class": null, "height": 9.31, "num_floors": null, "surge_class": 6, "surge_ft": 5.5, "flood_active": false, "exposure_score": 0.165, "exposure_category": "low"}, "geometry": {"type": "Polygon", "coordinates": [[[-82.8194027, 27.9844329], [-82.8194608, 27.9844385], [-82.8194723, 27.9843442], [-82.8194142, 27.9843386], [-82.8194027, 27.9844329]]]}}, {"id": "620", "type": "Feature", "properties": {"id": "58a5c941-73ec-4c4b-890a-d877de1c0c6f", "name": null, "subtype": null, "class": null, "height": 13.01, "num_floors": null, "surge_class": 4, "surge_ft": 3.5, "flood_active": false, "exposure_score": 0.105, "exposure_category": "low"}, "geometry": {"type": "Polygon", "coordinates": [[[-82.8198546, 27.9846285], [-82.8196848, 27.9845063], [-82.8195892, 27.9846166], [-82.819708, 27.9846949], [-82.8196988, 27.9847051], [-82.8197281, 27.9847727], [-82.8198882, 27.9847172], [-82.8198546, 27.9846285]]]}}, {"id": "621", "type": "Feature", "properties": {"id": "9bfdd0d3-7242-440e-9930-4f395bb1a68c", "name": null, "subtype": null, "class": null, "height": 14.35, "num_floors": null, "surge_class": 4, "surge_ft": 3.5, "flood_active": false, "exposure_score": 0.105, "exposure_category": "low"}, "geometry": {"type": "Polygon", "coordinates": [[[-82.8199138, 27.9850053], [-82.819947, 27.984856], [-82.819902, 27.9848481], [-82.819913, 27.9847983], [-82.819823, 27.9847825], [-82.8198119, 27.9848323], [-82.8197669, 27.9848245], [-82.8197337, 27.9849738], [-82.8199138, 27.9850053]]]}}, {"id": "622", "type": "Feature", "properties": {"id": "aaeb8d33-9961-4d6e-b4d8-a3ac54f0eafb", "name": null, "subtype": null, "class": null, "height": 18.77, "num_floors": null, "surge_class": 5, "surge_ft": 4.5, "flood_active": false, "exposure_score": 0.135, "exposure_category": "low"}, "geometry": {"type": "Polygon", "coordinates": [[[-82.8198495, 27.9808814], [-82.8199278, 27.9808995], [-82.81994, 27.9808577], [-82.8199926, 27.9808699], [-82.8200049, 27.9808282], [-82.8200172, 27.9807864], [-82.8199646, 27.9807742], [-82.8199119, 27.980762], [-82.8199365, 27.9806785], [-82.8198313, 27.9806542], [-82.8197787, 27.980642], [-82.8197541, 27.9807255], [-82.8196489, 27.9807011], [-82.8196366, 27.9807429], [-82.8196244, 27.9807847], [-82.819677, 27.9807969], [-82.8196647, 27.9808386], [-82.8197173, 27.9808508], [-82.8197358, 27.9808551], [-82.8197512, 27.9808036], [-82.8198641, 27.98083], [-82.8198495, 27.9808814]]]}}, {"id": "623", "type": "Feature", "properties": {"id": "542d506f-ef41-4f86-a930-0925be6218fa", "name": null, "subtype": null, "class": null, "height": 18.43, "num_floors": null, "surge_class": 3, "surge_ft": 2.5, "flood_active": false, "exposure_score": 0.075, "exposure_category": "low"}, "geometry": {"type": "Polygon", "coordinates": [[[-82.8195959, 27.9834636], [-82.8196367, 27.9834469], [-82.8196592, 27.9834902], [-82.8197814, 27.9834402], [-82.8196464, 27.9831803], [-82.8195242, 27.9832304], [-82.8195467, 27.9832737], [-82.8195059, 27.9832904], [-82.8195959, 27.9834636]]]}}, {"id": "624", "type": "Feature", "properties": {"id": "9c2a10f9-925e-4772-9fb0-491930042ee0", "name": null, "subtype": null, "class": null, "height": 25.28, "num_floors": null, "surge_class": 6, "surge_ft": 5.5, "flood_active": false, "exposure_score": 0.165, "exposure_category": "low"}, "geometry": {"type": "Polygon", "coordinates": [[[-82.8193744, 27.9822015], [-82.8194221, 27.9822141], [-82.819413, 27.9822489], [-82.8196206, 27.9822927], [-82.8196474, 27.982192], [-82.8196689, 27.982195], [-82.8197175, 27.9820144], [-82.8196954, 27.9820073], [-82.819721, 27.9819078], [-82.819516, 27.9818596], [-82.8195027, 27.9819007], [-82.8194543, 27.9818903], [-82.8194326, 27.9819717], [-82.8194811, 27.9819834], [-82.819471, 27.9820239], [-82.8194543, 27.9820202], [-82.8194335, 27.9820878], [-82.8194516, 27.9820932], [-82.8194436, 27.9821307], [-82.819398, 27.982122], [-82.8193744, 27.9822015]]]}}, {"id": "625", "type": "Feature", "properties": {"id": "eb10f4c1-eff8-4a1c-a218-b5f1b37945cf", "name": null, "subtype": null, "class": null, "height": 19.7, "num_floors": null, "surge_class": 4, "surge_ft": 3.5, "flood_active": false, "exposure_score": 0.105, "exposure_category": "low"}, "geometry": {"type": "Polygon", "coordinates": [[[-82.8192702, 27.9832453], [-82.8193852, 27.9832487], [-82.8194612, 27.9832971], [-82.8195444, 27.9831936], [-82.8194049, 27.9831048], [-82.8192736, 27.9831008], [-82.8192702, 27.9832453]]]}}, {"id": "626", "type": "Feature", "properties": {"id": "e18c8e89-a829-4eca-84b1-97123810346f", "name": null, "subtype": null, "class": null, "height": 12.09, "num_floors": null, "surge_class": 4, "surge_ft": 3.5, "flood_active": false, "exposure_score": 0.105, "exposure_category": "low"}, "geometry": {"type": "Polygon", "coordinates": [[[-82.8190378, 27.9833035], [-82.8191437, 27.9833035], [-82.8191447, 27.9832053], [-82.8191977, 27.9832058], [-82.8191971, 27.9832548], [-82.81925, 27.9832553], [-82.8192522, 27.9830576], [-82.8190934, 27.9830576], [-82.8190929, 27.9831067], [-82.8190399, 27.9831062], [-82.8190378, 27.9833035]]]}}, {"id": "627", "type": "Feature", "properties": {"id": "cb23452c-83c7-4076-9521-9a6bbc830c8f", "name": null, "subtype": null, "class": null, "height": 11.25, "num_floors": null, "surge_class": 5, "surge_ft": 4.5, "flood_active": false, "exposure_score": 0.135, "exposure_category": "low"}, "geometry": {"type": "Polygon", "coordinates": [[[-82.8189074, 27.9830963], [-82.8187969, 27.9830967], [-82.8187969, 27.9833072], [-82.8189085, 27.9833068], [-82.8189082, 27.9832647], [-82.8190187, 27.9832643], [-82.8190183, 27.9831801], [-82.818963, 27.9831803], [-82.8189628, 27.9831382], [-82.8189076, 27.9831384], [-82.8189074, 27.9830963]]]}}, {"id": "628", "type": "Feature", "properties": {"id": "a360f61d-58d2-4a2f-b388-16f76928814f", "name": null, "subtype": null, "class": null, "height": 12.87, "num_floors": null, "surge_class": 5, "surge_ft": 4.5, "flood_active": false, "exposure_score": 0.135, "exposure_category": "low"}, "geometry": {"type": "Polygon", "coordinates": [[[-82.8186785, 27.9830861], [-82.818572, 27.9830861], [-82.8185721, 27.9833077], [-82.8186785, 27.9833077], [-82.8186785, 27.9832634], [-82.818785, 27.9832634], [-82.8187849, 27.9831304], [-82.8186785, 27.9831304], [-82.8186785, 27.9830861]]]}}, {"id": "629", "type": "Feature", "properties": {"id": "91c477df-92bc-491a-a3d7-2e7fc320f4b7", "name": null, "subtype": null, "class": null, "height": 12.71, "num_floors": null, "surge_class": 5, "surge_ft": 4.5, "flood_active": false, "exposure_score": 0.135, "exposure_category": "low"}, "geometry": {"type": "Polygon", "coordinates": [[[-82.818809, 27.9823191], [-82.8190192, 27.9823676], [-82.8193035, 27.9824333], [-82.8193609, 27.9822454], [-82.8188663, 27.9821302], [-82.818809, 27.9823191]]]}}, {"id": "630", "type": "Feature", "properties": {"id": "1dcf918d-307d-40d8-a1d1-82075912ca2c", "name": null, "subtype": null, "class": null, "height": 11.8, "num_floors": null, "surge_class": 5, "surge_ft": 4.5, "flood_active": false, "exposure_score": 0.135, "exposure_category": "low"}, "geometry": {"type": "Polygon", "coordinates": [[[-82.8186144, 27.9822956], [-82.8187594, 27.9823258], [-82.8188295, 27.9820607], [-82.8186845, 27.9820305], [-82.8186144, 27.9822956]]]}}, {"id": "631", "type": "Feature", "properties": {"id": "dae7ccfb-da84-470a-8587-239bf8743316", "name": null, "subtype": null, "class": null, "height": 18.34, "num_floors": null, "surge_class": 6, "surge_ft": 5.5, "flood_active": false, "exposure_score": 0.165, "exposure_category": "low"}, "geometry": {"type": "Polygon", "coordinates": [[[-82.8188251, 27.98179], [-82.8188748, 27.9818016], [-82.8188938, 27.9817366], [-82.8188441, 27.9817251], [-82.8187944, 27.9817136], [-82.8187447, 27.9817021], [-82.8187256, 27.981767], [-82.8187753, 27.9817785], [-82.8188251, 27.98179]]]}}, {"id": "632", "type": "Feature", "properties": {"id": "6a91454c-e737-4955-b58e-d8c81ae1628b", "name": null, "subtype": null, "class": null, "height": 18.61, "num_floors": null, "surge_class": 5, "surge_ft": 4.5, "flood_active": false, "exposure_score": 0.135, "exposure_category": "low"}, "geometry": {"type": "Polygon", "coordinates": [[[-82.8187992, 27.981491], [-82.8187246, 27.9814589], [-82.8186822, 27.9815406], [-82.8185943, 27.9815034], [-82.8185326, 27.9815189], [-82.8184748, 27.9816319], [-82.8186832, 27.9817168], [-82.8187992, 27.981491]], [[-82.818663, 27.9815712], [-82.81864, 27.9816153], [-82.818601, 27.9815988], [-82.8186242, 27.9815545], [-82.818663, 27.9815712]]]}}, {"id": "633", "type": "Feature", "properties": {"id": "705f2da3-56e7-4e7a-a5f0-f17a6b3f796e", "name": null, "subtype": null, "class": null, "height": 13.21, "num_floors": null, "surge_class": 6, "surge_ft": 5.5, "flood_active": false, "exposure_score": 0.165, "exposure_category": "low"}, "geometry": {"type": "Polygon", "coordinates": [[[-82.8188285, 27.9814935], [-82.8187798, 27.9816762], [-82.8189025, 27.9817033], [-82.8189264, 27.981615], [-82.8188928, 27.9816073], [-82.818918, 27.981514], [-82.8188285, 27.9814935]]]}}, {"id": "634", "type": "Feature", "properties": {"id": "16d4f633-91ac-470f-85f1-466442c90b9c", "name": null, "subtype": null, "class": null, "height": 13.17, "num_floors": null, "surge_class": 6, "surge_ft": 5.5, "flood_active": false, "exposure_score": 0.165, "exposure_category": "low"}, "geometry": {"type": "Polygon", "coordinates": [[[-82.8189746, 27.9817208], [-82.8191006, 27.9817485], [-82.8191492, 27.9815652], [-82.8190487, 27.9815423], [-82.8190232, 27.9816368], [-82.8189986, 27.9816312], [-82.8189746, 27.9817208]]]}}, {"id": "635", "type": "Feature", "properties": {"id": "fcef66a6-ce5c-4797-9de4-82d130ffb77f", "name": null, "subtype": null, "class": null, "height": 18.3, "num_floors": null, "surge_class": 7, "surge_ft": 6.5, "flood_active": false, "exposure_score": 0.195, "exposure_category": "low"}, "geometry": {"type": "Polygon", "coordinates": [[[-82.8190229, 27.9818324], [-82.8190718, 27.9818434], [-82.8190897, 27.9817802], [-82.8190408, 27.9817692], [-82.8189919, 27.9817583], [-82.818943, 27.9817474], [-82.818925, 27.9818105], [-82.818974, 27.9818215], [-82.8190229, 27.9818324]]]}}, {"id": "636", "type": "Feature", "properties": {"id": "95727d4d-30a8-4052-91ae-b7e1442a6537", "name": null, "subtype": null, "class": null, "height": 18.33, "num_floors": null, "surge_class": 6, "surge_ft": 5.5, "flood_active": false, "exposure_score": 0.165, "exposure_category": "low"}, "geometry": {"type": "Polygon", "coordinates": [[[-82.8182091, 27.980965], [-82.8182222, 27.9810035], [-82.81828, 27.9809879], [-82.8182668, 27.9809495], [-82.8182537, 27.980911], [-82.8182406, 27.9808725], [-82.8182275, 27.9808341], [-82.8181697, 27.9808496], [-82.8181828, 27.9808881], [-82.818196, 27.9809265], [-82.8182091, 27.980965]]]}}, {"id": "637", "type": "Feature", "properties": {"id": "25a8cbcd-1f31-4b40-b4b9-d06cd4cb75f1", "name": null, "subtype": null, "class": null, "height": 16.26, "num_floors": null, "surge_class": 4, "surge_ft": 3.5, "flood_active": false, "exposure_score": 0.105, "exposure_category": "low"}, "geometry": {"type": "Polygon", "coordinates": [[[-82.8184713, 27.9814903], [-82.8186488, 27.9814444], [-82.8186189, 27.9813539], [-82.8186369, 27.9813503], [-82.8186212, 27.9812993], [-82.8186024, 27.9813041], [-82.8185845, 27.9812461], [-82.8186037, 27.9812412], [-82.8185715, 27.9811402], [-82.818551, 27.9811465], [-82.8185319, 27.9810854], [-82.8185532, 27.9810811], [-82.818521, 27.9809807], [-82.8185008, 27.9809859], [-82.818483, 27.9809285], [-82.8185003, 27.9809241], [-82.818485, 27.9808742], [-82.8184666, 27.9808789], [-82.8184388, 27.9807898], [-82.8182607, 27.9808359], [-82.818309, 27.9809867], [-82.8183529, 27.9809754], [-82.8184663, 27.9813283], [-82.8184229, 27.9813393], [-82.8184713, 27.9814903]]]}}, {"id": "638", "type": "Feature", "properties": {"id": "4bb46a90-1e51-4ea0-9e87-01dfacdb875e", "name": null, "subtype": null, "class": null, "height": 18.43, "num_floors": null, "surge_class": 6, "surge_ft": 5.5, "flood_active": false, "exposure_score": 0.165, "exposure_category": "low"}, "geometry": {"type": "Polygon", "coordinates": [[[-82.8183777, 27.9814822], [-82.8183904, 27.9815207], [-82.8184472, 27.9815059], [-82.8184345, 27.9814674], [-82.8184218, 27.9814289], [-82.8184091, 27.9813904], [-82.8183964, 27.9813519], [-82.8183396, 27.9813667], [-82.8183523, 27.9814052], [-82.818365, 27.9814437], [-82.8183777, 27.9814822]]]}}, {"id": "639", "type": "Feature", "properties": {"id": "e5e31634-f4e8-449e-8249-08a9dc46170c", "name": null, "subtype": null, "class": null, "height": 18.55, "num_floors": null, "surge_class": 4, "surge_ft": 3.5, "flood_active": false, "exposure_score": 0.105, "exposure_category": "low"}, "geometry": {"type": "Polygon", "coordinates": [[[-82.8183428, 27.9819733], [-82.8182901, 27.9819895], [-82.8182373, 27.9820058], [-82.8182564, 27.9820547], [-82.8183092, 27.9820384], [-82.8183619, 27.9820221], [-82.8184147, 27.9820059], [-82.8183956, 27.981957], [-82.8183428, 27.9819733]]]}}, {"id": "640", "type": "Feature", "properties": {"id": "068abfad-e400-4aed-a41a-2c6920e11146", "name": null, "subtype": "outbuilding", "class": "carport", "height": 18.27, "num_floors": null, "surge_class": 6, "surge_ft": 5.5, "flood_active": false, "exposure_score": 0.165, "exposure_category": "low"}, "geometry": {"type": "Polygon", "coordinates": [[[-82.817994, 27.9817137], [-82.8181074, 27.9816833], [-82.8179826, 27.9813195], [-82.8178691, 27.9813499], [-82.817994, 27.9817137]]]}}, {"id": "641", "type": "Feature", "properties": {"id": "c126db29-2b2f-4760-9c2a-a8a53d387664", "name": null, "subtype": "outbuilding", "class": "carport", "height": 10.64, "num_floors": null, "surge_class": 6, "surge_ft": 5.5, "flood_active": false, "exposure_score": 0.165, "exposure_category": "low"}, "geometry": {"type": "Polygon", "coordinates": [[[-82.8176473, 27.9815242], [-82.817533, 27.9815549], [-82.8176248, 27.9818217], [-82.817739, 27.9817911], [-82.8176473, 27.9815242]]]}}, {"id": "642", "type": "Feature", "properties": {"id": "00d9158d-a199-40c3-8dfb-5347018f6f64", "name": null, "subtype": "outbuilding", "class": "carport", "height": 10.65, "num_floors": null, "surge_class": 6, "surge_ft": 5.5, "flood_active": false, "exposure_score": 0.165, "exposure_category": "low"}, "geometry": {"type": "Polygon", "coordinates": [[[-82.8177207, 27.981493], [-82.8178096, 27.9817655], [-82.8179247, 27.9817362], [-82.8178284, 27.981441], [-82.8177667, 27.9814567], [-82.8177741, 27.9814794], [-82.8177207, 27.981493]]]}}, {"id": "643", "type": "Feature", "properties": {"id": "92405f01-0f2c-49bc-88d9-05d70b203600", "name": "Clipper Cove Condominiums", "subtype": "residential", "class": "apartments", "height": 53.08, "num_floors": null, "surge_class": 2, "surge_ft": 1.5, "flood_active": false, "exposure_score": 0.045, "exposure_category": "low"}, "geometry": {"type": "Polygon", "coordinates": [[[-82.8173201, 27.9812142], [-82.8173261, 27.9812293], [-82.8173483, 27.9812243], [-82.817423, 27.981473], [-82.8176822, 27.9814132], [-82.8175722, 27.9810109], [-82.8175507, 27.9810147], [-82.8174783, 27.9807611], [-82.8172181, 27.9808219], [-82.8172868, 27.9810774], [-82.8172017, 27.9810987], [-82.8172386, 27.9812314], [-82.8173201, 27.9812142]]]}}, {"id": "644", "type": "Feature", "properties": {"id": "131b3d39-42ab-4134-ae90-31f99013c364", "name": null, "subtype": null, "class": null, "height": 1.978723406791687, "num_floors": null, "surge_class": 5, "surge_ft": 4.5, "flood_active": false, "exposure_score": 0.135, "exposure_category": "low"}, "geometry": {"type": "Polygon", "coordinates": [[[-82.8173041, 27.9812581], [-82.8172968, 27.9812337], [-82.8172391, 27.9812471], [-82.8172464, 27.9812715], [-82.8173041, 27.9812581]]]}}, {"id": "645", "type": "Feature", "properties": {"id": "82b65703-1225-4284-9d7a-5d700cdbc90b", "name": null, "subtype": null, "class": null, "height": 1.8551965951919556, "num_floors": null, "surge_class": 5, "surge_ft": 4.5, "flood_active": false, "exposure_score": 0.135, "exposure_category": "low"}, "geometry": {"type": "Polygon", "coordinates": [[[-82.8171271, 27.9808328], [-82.8171823, 27.9810912], [-82.8172433, 27.9810811], [-82.817188, 27.9808226], [-82.8171271, 27.9808328]]]}}, {"id": "646", "type": "Feature", "properties": {"id": "54d87aad-0bf2-4e2f-8346-6c830e5c5d27", "name": null, "subtype": null, "class": null, "height": 3.0248000621795654, "num_floors": null, "surge_class": 5, "surge_ft": 4.5, "flood_active": false, "exposure_score": 0.135, "exposure_category": "low"}, "geometry": {"type": "Polygon", "coordinates": [[[-82.8173892, 27.9815301], [-82.8173573, 27.9814013], [-82.8172985, 27.9814126], [-82.8173304, 27.9815415], [-82.8173892, 27.9815301]]]}}, {"id": "647", "type": "Feature", "properties": {"id": "b4d95bb0-8674-4ade-96eb-5eeb1b04faa0", "name": null, "subtype": "outbuilding", "class": "carport", "height": 10.45, "num_floors": null, "surge_class": 6, "surge_ft": 5.5, "flood_active": false, "exposure_score": 0.165, "exposure_category": "low"}, "geometry": {"type": "Polygon", "coordinates": [[[-82.8174698, 27.9815971], [-82.8173549, 27.9816289], [-82.8174401, 27.9818689], [-82.8175549, 27.9818371], [-82.8174698, 27.9815971]]]}}, {"id": "648", "type": "Feature", "properties": {"id": "293f11fe-4df5-4a4f-9e5c-9e54105feebe", "name": null, "subtype": null, "class": null, "height": 16.42, "num_floors": null, "surge_class": 3, "surge_ft": 2.5, "flood_active": false, "exposure_score": 0.075, "exposure_category": "low"}, "geometry": {"type": "Polygon", "coordinates": [[[-82.8167741, 27.9822459], [-82.8169048, 27.9822081], [-82.8168235, 27.9819803], [-82.81658, 27.9820496], [-82.8166225, 27.9821683], [-82.8167741, 27.9822459]]]}}, {"id": "649", "type": "Feature", "properties": {"id": "20cdc7fa-309e-4c91-b041-d10a355e1952", "name": null, "subtype": null, "class": null, "height": 10.32, "num_floors": null, "surge_class": 4, "surge_ft": 3.5, "flood_active": false, "exposure_score": 0.105, "exposure_category": "low"}, "geometry": {"type": "Polygon", "coordinates": [[[-82.8172599, 27.9834188], [-82.8172346, 27.9833255], [-82.8173333, 27.9833044], [-82.8173081, 27.9832111], [-82.8172587, 27.9832217], [-82.8172461, 27.983175], [-82.8171474, 27.9831961], [-82.81716, 27.9832427], [-82.8170613, 27.9832638], [-82.8170866, 27.9833571], [-82.8171359, 27.9833465], [-82.8171612, 27.9834399], [-82.8172599, 27.9834188]]]}}, {"id": "650", "type": "Feature", "properties": {"id": "1aff06bd-b01a-4826-9fae-552a9c966cbd", "name": null, "subtype": null, "class": null, "height": 12.13, "num_floors": null, "surge_class": 3, "surge_ft": 2.5, "flood_active": false, "exposure_score": 0.075, "exposure_category": "low"}, "geometry": {"type": "Polygon", "coordinates": [[[-82.8170043, 27.9830014], [-82.8170483, 27.9831833], [-82.8172466, 27.9831456], [-82.8172246, 27.9830546], [-82.817175, 27.9830641], [-82.8171531, 27.9829731], [-82.8170043, 27.9830014]]]}}, {"id": "651", "type": "Feature", "properties": {"id": "7c1c20ab-0fc2-48c6-88f4-d6adcaea04e7", "name": null, "subtype": null, "class": null, "height": 12.6, "num_floors": null, "surge_class": 3, "surge_ft": 2.5, "flood_active": false, "exposure_score": 0.075, "exposure_category": "low"}, "geometry": {"type": "Polygon", "coordinates": [[[-82.8170277, 27.9829334], [-82.817188, 27.9828955], [-82.8171316, 27.9827076], [-82.8170247, 27.9827329], [-82.8170388, 27.9827798], [-82.8169854, 27.9827925], [-82.8170277, 27.9829334]]]}}, {"id": "652", "type": "Feature", "properties": {"id": "041c8c8d-08f0-46e2-bb1d-cfa50d817cef", "name": null, "subtype": null, "class": null, "height": 11.3, "num_floors": null, "surge_class": 4, "surge_ft": 3.5, "flood_active": false, "exposure_score": 0.105, "exposure_category": "low"}, "geometry": {"type": "Polygon", "coordinates": [[[-82.8178592, 27.9834154], [-82.817903, 27.9833974], [-82.817926, 27.9834416], [-82.8180576, 27.9833877], [-82.8179657, 27.9832109], [-82.8177903, 27.9832827], [-82.8178592, 27.9834154]]]}}, {"id": "653", "type": "Feature", "properties": {"id": "722cfd25-1d79-4398-afe0-b8dbadb7f3b0", "name": null, "subtype": null, "class": null, "height": 12.17, "num_floors": null, "surge_class": 3, "surge_ft": 2.5, "flood_active": false, "exposure_score": 0.075, "exposure_category": "low"}, "geometry": {"type": "Polygon", "coordinates": [[[-82.8177123, 27.9830646], [-82.8177484, 27.9831571], [-82.81798, 27.9830858], [-82.8179439, 27.9829933], [-82.8179037, 27.9830057], [-82.8178322, 27.982973], [-82.8178151, 27.9829293], [-82.8177225, 27.9829579], [-82.8177586, 27.9830504], [-82.8177123, 27.9830646]]]}}, {"id": "654", "type": "Feature", "properties": {"id": "9b968740-2be4-480f-8539-d521b27359bc", "name": null, "subtype": null, "class": null, "height": 12.52, "num_floors": null, "surge_class": 3, "surge_ft": 2.5, "flood_active": false, "exposure_score": 0.075, "exposure_category": "low"}, "geometry": {"type": "Polygon", "coordinates": [[[-82.8176085, 27.9827416], [-82.8176803, 27.9829253], [-82.8178829, 27.9828629], [-82.817847, 27.9827711], [-82.8177964, 27.9827867], [-82.8177605, 27.9826948], [-82.8176085, 27.9827416]]]}}, {"id": "655", "type": "Feature", "properties": {"id": "0d61f021-989e-4f34-b5c1-c124fff33f36", "name": null, "subtype": null, "class": null, "height": 21.88, "num_floors": null, "surge_class": 4, "surge_ft": 3.5, "flood_active": false, "exposure_score": 0.105, "exposure_category": "low"}, "geometry": {"type": "Polygon", "coordinates": [[[-82.8175973, 27.9824682], [-82.8178407, 27.9824182], [-82.8177884, 27.9822198], [-82.8176672, 27.9822447], [-82.8176738, 27.9822698], [-82.8176624, 27.9822887], [-82.8176328, 27.9822935], [-82.8176171, 27.9822838], [-82.8175982, 27.9823077], [-82.8176165, 27.982319], [-82.8176221, 27.9823403], [-82.8176062, 27.9823614], [-82.8175711, 27.9823686], [-82.8175973, 27.9824682]]]}}, {"id": "656", "type": "Feature", "properties": {"id": "fb708ad9-6e60-4b4f-94c3-0c618fddccb4", "name": null, "subtype": null, "class": null, "height": 18.3, "num_floors": null, "surge_class": 5, "surge_ft": 4.5, "flood_active": false, "exposure_score": 0.135, "exposure_category": "low"}, "geometry": {"type": "Polygon", "coordinates": [[[-82.8179939, 27.9820805], [-82.817945, 27.9820955], [-82.8178962, 27.9821106], [-82.8179151, 27.9821589], [-82.8179639, 27.9821439], [-82.8180128, 27.9821288], [-82.8180616, 27.9821138], [-82.8180427, 27.9820654], [-82.8179939, 27.9820805]]]}}, {"id": "657", "type": "Feature", "properties": {"id": "52289cd4-1b19-4333-af4a-05793f938aa1", "name": null, "subtype": null, "class": null, "height": 15.97, "num_floors": null, "surge_class": 4, "surge_ft": 3.5, "flood_active": false, "exposure_score": 0.105, "exposure_category": "low"}, "geometry": {"type": "Polygon", "coordinates": [[[-82.8183495, 27.9822798], [-82.818447, 27.9822497], [-82.818363, 27.9820341], [-82.8182649, 27.9820643], [-82.8182818, 27.9821078], [-82.8180377, 27.9821832], [-82.8180212, 27.9821404], [-82.8178749, 27.9821855], [-82.8179589, 27.9824011], [-82.818057, 27.9823709], [-82.8180463, 27.982343], [-82.8183385, 27.9822512], [-82.8183495, 27.9822798]]]}}, {"id": "658", "type": "Feature", "properties": {"id": "82f70a70-4988-48b9-a1fe-a39a2f49eb60", "name": null, "subtype": null, "class": null, "height": 10.29, "num_floors": null, "surge_class": 5, "surge_ft": 4.5, "flood_active": false, "exposure_score": 0.135, "exposure_category": "low"}, "geometry": {"type": "Polygon", "coordinates": [[[-82.8184501, 27.9821494], [-82.8184812, 27.9821592], [-82.8184515, 27.9822888], [-82.8185728, 27.9823158], [-82.8185845, 27.9822717], [-82.8185942, 27.9822748], [-82.8186253, 27.9821704], [-82.8185731, 27.9821598], [-82.818615, 27.9820117], [-82.8186056, 27.9820097], [-82.8186193, 27.9819688], [-82.8184965, 27.9819411], [-82.8184831, 27.9819835], [-82.8184957, 27.9819882], [-82.8184501, 27.9821494]]]}}, {"id": "659", "type": "Feature", "properties": {"id": "22581f38-9ba0-48fd-87ad-ac25a0a6d9c3", "name": null, "subtype": null, "class": null, "height": 10.27, "num_floors": null, "surge_class": 6, "surge_ft": 5.5, "flood_active": false, "exposure_score": 0.165, "exposure_category": "low"}, "geometry": {"type": "Polygon", "coordinates": [[[-82.8183262, 27.9830142], [-82.8183956, 27.9830143], [-82.8183959, 27.9829142], [-82.8183265, 27.982914], [-82.8183262, 27.9830142]]]}}, {"id": "660", "type": "Feature", "properties": {"id": "9ee28d25-f419-4df7-9ec5-ef1ccebb4465", "name": null, "subtype": null, "class": null, "height": 12.01, "num_floors": null, "surge_class": 5, "surge_ft": 4.5, "flood_active": false, "exposure_score": 0.135, "exposure_category": "low"}, "geometry": {"type": "Polygon", "coordinates": [[[-82.8182515, 27.9833177], [-82.8183059, 27.983311], [-82.8182783, 27.983134], [-82.8180607, 27.9831608], [-82.8180883, 27.9833378], [-82.8181971, 27.9833244], [-82.8181902, 27.9832801], [-82.8182446, 27.9832734], [-82.8182515, 27.9833177]]]}}, {"id": "661", "type": "Feature", "properties": {"id": "df4674b1-b825-4aed-bc47-c3e5ce5fd5f9", "name": null, "subtype": null, "class": null, "height": 14.09, "num_floors": null, "surge_class": 5, "surge_ft": 4.5, "flood_active": false, "exposure_score": 0.135, "exposure_category": "low"}, "geometry": {"type": "Polygon", "coordinates": [[[-82.8185213, 27.9830888], [-82.8183014, 27.9831097], [-82.8183231, 27.9833248], [-82.818543, 27.9833028], [-82.8185213, 27.9830888]]]}}, {"id": "662", "type": "Feature", "properties": {"id": "e50653d8-c6d2-4364-8419-ab20f64698fd", "name": null, "subtype": null, "class": null, "height": 11.79, "num_floors": null, "surge_class": 6, "surge_ft": 5.5, "flood_active": false, "exposure_score": 0.165, "exposure_category": "low"}, "geometry": {"type": "Polygon", "coordinates": [[[-82.8184499, 27.983685], [-82.8185008, 27.9838168], [-82.8186799, 27.9837622], [-82.8186146, 27.9835855], [-82.818524, 27.9836131], [-82.8185401, 27.9836576], [-82.8184499, 27.983685]]]}}, {"id": "663", "type": "Feature", "properties": {"id": "2fd15a5a-6d51-4a81-b5bb-eeed5eb65bd2", "name": null, "subtype": null, "class": null, "height": 13.94, "num_floors": null, "surge_class": 4, "surge_ft": 3.5, "flood_active": false, "exposure_score": 0.105, "exposure_category": "low"}, "geometry": {"type": "Polygon", "coordinates": [[[-82.8182749, 27.9837863], [-82.818296, 27.98384], [-82.8183677, 27.9838711], [-82.8184394, 27.9838474], [-82.8184207, 27.9838007], [-82.8184707, 27.9837844], [-82.8184125, 27.9836457], [-82.8183109, 27.9836794], [-82.8182923, 27.9836331], [-82.818191, 27.9836666], [-82.8182453, 27.9837962], [-82.8182749, 27.9837863]]]}}, {"id": "664", "type": "Feature", "properties": {"id": "8a36d17d-7d76-4f15-b202-7297ce36733d", "name": null, "subtype": null, "class": null, "height": 12.53, "num_floors": null, "surge_class": 3, "surge_ft": 2.5, "flood_active": false, "exposure_score": 0.075, "exposure_category": "low"}, "geometry": {"type": "Polygon", "coordinates": [[[-82.8182967, 27.9840701], [-82.81828, 27.9840251], [-82.8183767, 27.9839956], [-82.8183441, 27.9839058], [-82.8182752, 27.9838779], [-82.8180813, 27.9839372], [-82.8181142, 27.9840267], [-82.8180671, 27.9840411], [-82.8181, 27.9841304], [-82.8182967, 27.9840701]]]}}, {"id": "665", "type": "Feature", "properties": {"id": "0c88b716-354a-4282-8690-883571948f86", "name": null, "subtype": null, "class": null, "height": 13.37, "num_floors": null, "surge_class": 3, "surge_ft": 2.5, "flood_active": false, "exposure_score": 0.075, "exposure_category": "low"}, "geometry": {"type": "Polygon", "coordinates": [[[-82.8179575, 27.9837327], [-82.8180192, 27.9839049], [-82.8182277, 27.9838457], [-82.8181656, 27.9836731], [-82.8179575, 27.9837327]]]}}, {"id": "666", "type": "Feature", "properties": {"id": "229de20a-2f61-4fb2-90f6-9ec69965348d", "name": null, "subtype": null, "class": null, "height": 14.26, "num_floors": null, "surge_class": 3, "surge_ft": 2.5, "flood_active": false, "exposure_score": 0.075, "exposure_category": "low"}, "geometry": {"type": "Polygon", "coordinates": [[[-82.817473, 27.9843664], [-82.8175357, 27.9845403], [-82.8177549, 27.9844781], [-82.8176923, 27.9843042], [-82.817473, 27.9843664]]]}}, {"id": "667", "type": "Feature", "properties": {"id": "d115ca42-a6ea-4ec5-8c48-d823cc5db60b", "name": null, "subtype": null, "class": null, "height": 12.9, "num_floors": null, "surge_class": 3, "surge_ft": 2.5, "flood_active": false, "exposure_score": 0.075, "exposure_category": "low"}, "geometry": {"type": "Polygon", "coordinates": [[[-82.8176256, 27.9847338], [-82.8178069, 27.9847033], [-82.8177666, 27.9845137], [-82.8175399, 27.9845517], [-82.8175601, 27.9846465], [-82.8176055, 27.9846389], [-82.8176256, 27.9847338]]]}}, {"id": "668", "type": "Feature", "properties": {"id": "d7b3f1fd-a3d3-4a3c-af38-abaa08d6250c", "name": null, "subtype": null, "class": null, "height": 12.13, "num_floors": null, "surge_class": 3, "surge_ft": 2.5, "flood_active": false, "exposure_score": 0.075, "exposure_category": "low"}, "geometry": {"type": "Polygon", "coordinates": [[[-82.8181594, 27.9843003], [-82.8181942, 27.9843895], [-82.8183952, 27.9843276], [-82.8183101, 27.9841046], [-82.8181253, 27.9841609], [-82.818142, 27.9842057], [-82.8181748, 27.9841956], [-82.8182096, 27.9842848], [-82.8181594, 27.9843003]]]}}, {"id": "669", "type": "Feature", "properties": {"id": "83468cc7-4a11-41c5-871c-5963ca95ddab", "name": null, "subtype": null, "class": null, "height": 11.74, "num_floors": null, "surge_class": 3, "surge_ft": 2.5, "flood_active": false, "exposure_score": 0.075, "exposure_category": "low"}, "geometry": {"type": "Polygon", "coordinates": [[[-82.818418, 27.9845617], [-82.8184028, 27.9845227], [-82.8184979, 27.9844934], [-82.8184523, 27.9843767], [-82.8184047, 27.9843913], [-82.8183895, 27.9843524], [-82.8181994, 27.9844109], [-82.8182298, 27.9844888], [-82.8182773, 27.9844742], [-82.818323, 27.9845909], [-82.818418, 27.9845617]]]}}, {"id": "670", "type": "Feature", "properties": {"id": "81a04053-72ad-4da8-ab97-90afdedd9c85", "name": null, "subtype": null, "class": null, "height": 11.44, "num_floors": null, "surge_class": 4, "surge_ft": 3.5, "flood_active": false, "exposure_score": 0.105, "exposure_category": "low"}, "geometry": {"type": "Polygon", "coordinates": [[[-82.8183108, 27.9847241], [-82.8183596, 27.9847085], [-82.8183925, 27.9847899], [-82.818539, 27.9847432], [-82.8184731, 27.9845805], [-82.8182778, 27.9846428], [-82.8183108, 27.9847241]]]}}, {"id": "671", "type": "Feature", "properties": {"id": "b5460054-d56d-48e5-80e0-cab13cc5303c", "name": null, "subtype": null, "class": null, "height": 11.63, "num_floors": null, "surge_class": 4, "surge_ft": 3.5, "flood_active": false, "exposure_score": 0.105, "exposure_category": "low"}, "geometry": {"type": "Polygon", "coordinates": [[[-82.8173513, 27.9847367], [-82.8173836, 27.9848132], [-82.8175658, 27.9847526], [-82.8175174, 27.9846378], [-82.8173807, 27.9846833], [-82.8173969, 27.9847215], [-82.8173513, 27.9847367]]]}}, {"id": "672", "type": "Feature", "properties": {"id": "bdbe40df-913a-49b4-947c-9b2b2ddd511b", "name": null, "subtype": null, "class": null, "height": 16.99, "num_floors": null, "surge_class": 3, "surge_ft": 2.5, "flood_active": false, "exposure_score": 0.075, "exposure_category": "low"}, "geometry": {"type": "Polygon", "coordinates": [[[-82.817163, 27.9848842], [-82.8172402, 27.9848568], [-82.8172484, 27.9848763], [-82.8173343, 27.9848468], [-82.8172674, 27.9846903], [-82.8171045, 27.9847472], [-82.817163, 27.9848842]]]}}, {"id": "673", "type": "Feature", "properties": {"id": "5895d086-d7d3-4225-9495-e4fd90a77b10", "name": null, "subtype": null, "class": null, "height": 11.96, "num_floors": null, "surge_class": 5, "surge_ft": 4.5, "flood_active": false, "exposure_score": 0.135, "exposure_category": "low"}, "geometry": {"type": "Polygon", "coordinates": [[[-82.8169316, 27.985002], [-82.8170318, 27.9849661], [-82.817013, 27.9849247], [-82.8171132, 27.9848889], [-82.8170569, 27.9847647], [-82.8168564, 27.9848364], [-82.8169316, 27.985002]]]}}, {"id": "674", "type": "Feature", "properties": {"id": "7147121b-785f-44c6-9971-6d6236c2632f", "name": null, "subtype": null, "class": null, "height": 12.36, "num_floors": null, "surge_class": 5, "surge_ft": 4.5, "flood_active": false, "exposure_score": 0.135, "exposure_category": "low"}, "geometry": {"type": "Polygon", "coordinates": [[[-82.8166921, 27.9850809], [-82.8167898, 27.9850459], [-82.81677, 27.9850023], [-82.8168677, 27.9849673], [-82.8168083, 27.9848365], [-82.8166617, 27.9848889], [-82.8166815, 27.9849325], [-82.8166327, 27.98495], [-82.8166921, 27.9850809]]]}}, {"id": "675", "type": "Feature", "properties": {"id": "722500f9-ac09-41db-909b-b3612018efab", "name": null, "subtype": null, "class": null, "height": 11.89, "num_floors": null, "surge_class": 0, "surge_ft": 0.0, "flood_active": false, "exposure_score": 0.0, "exposure_category": "none"}, "geometry": {"type": "Polygon", "coordinates": [[[-82.8165657, 27.9840108], [-82.8166235, 27.9841381], [-82.8168179, 27.9840686], [-82.8167408, 27.9838989], [-82.8166437, 27.9839337], [-82.8166629, 27.9839761], [-82.8165657, 27.9840108]]]}}, {"id": "676", "type": "Feature", "properties": {"id": "7ecbc3cb-509b-4dc6-ae25-dda9db8539e4", "name": null, "subtype": null, "class": null, "height": 12.84, "num_floors": null, "surge_class": 3, "surge_ft": 2.5, "flood_active": false, "exposure_score": 0.075, "exposure_category": "low"}, "geometry": {"type": "Polygon", "coordinates": [[[-82.8174408, 27.9842971], [-82.8174855, 27.9842834], [-82.8175032, 27.9843287], [-82.8176819, 27.9842737], [-82.8176465, 27.984183], [-82.8176018, 27.9841968], [-82.8175664, 27.9841061], [-82.817343, 27.9841749], [-82.8173784, 27.9842656], [-82.8174231, 27.9842518], [-82.8174408, 27.9842971]]]}}, {"id": "677", "type": "Feature", "properties": {"id": "9c33f30e-07bd-4690-9304-6c8d75fba907", "name": null, "subtype": null, "class": null, "height": 14.05, "num_floors": null, "surge_class": 3, "surge_ft": 2.5, "flood_active": false, "exposure_score": 0.075, "exposure_category": "low"}, "geometry": {"type": "Polygon", "coordinates": [[[-82.8172864, 27.9839652], [-82.8173505, 27.9841433], [-82.8176129, 27.9840688], [-82.8175809, 27.9839798], [-82.8175284, 27.9839947], [-82.8174963, 27.9839056], [-82.8172864, 27.9839652]]]}}, {"id": "678", "type": "Feature", "properties": {"id": "8590ee88-af49-4fce-a405-760f2cb27c38", "name": null, "subtype": null, "class": null, "height": 12.76, "num_floors": null, "surge_class": 5, "surge_ft": 4.5, "flood_active": false, "exposure_score": 0.135, "exposure_category": "low"}, "geometry": {"type": "Polygon", "coordinates": [[[-82.8170841, 27.9839523], [-82.817182, 27.9839176], [-82.8171973, 27.9839545], [-82.8172856, 27.9839247], [-82.8172078, 27.9837437], [-82.8170187, 27.9838073], [-82.8170841, 27.9839523]]]}}, {"id": "679", "type": "Feature", "properties": {"id": "726cb150-e6fc-48c0-b4c9-e6949ccb5c39", "name": null, "subtype": null, "class": null, "height": 12.03, "num_floors": null, "surge_class": 3, "surge_ft": 2.5, "flood_active": false, "exposure_score": 0.075, "exposure_category": "low"}, "geometry": {"type": "Polygon", "coordinates": [[[-82.8175055, 27.9838603], [-82.8175093, 27.9837611], [-82.817402, 27.9837579], [-82.8174039, 27.9837083], [-82.8172967, 27.983705], [-82.817289, 27.9839034], [-82.8174499, 27.9839083], [-82.8174518, 27.9838587], [-82.8175055, 27.9838603]]]}}, {"id": "680", "type": "Feature", "properties": {"id": "ae2e2c54-e897-49c7-95c5-86ee803afddb", "name": null, "subtype": null, "class": null, "height": 14.09, "num_floors": null, "surge_class": 4, "surge_ft": 3.5, "flood_active": false, "exposure_score": 0.105, "exposure_category": "low"}, "geometry": {"type": "Polygon", "coordinates": [[[-82.817007, 27.9832283], [-82.8168039, 27.983296], [-82.8169051, 27.9835377], [-82.817107, 27.9834705], [-82.817007, 27.9832283]]]}}, {"id": "681", "type": "Feature", "properties": {"id": "7dcd90de-af09-4367-b601-32549996531c", "name": null, "subtype": null, "class": null, "height": 12.47, "num_floors": null, "surge_class": 8, "surge_ft": 7.5, "flood_active": false, "exposure_score": 0.225, "exposure_category": "low"}, "geometry": {"type": "Polygon", "coordinates": [[[-82.8168788, 27.9838513], [-82.8167844, 27.9838851], [-82.8168634, 27.9840592], [-82.8170523, 27.9839916], [-82.816993, 27.983861], [-82.8168985, 27.9838948], [-82.8168788, 27.9838513]]]}}, {"id": "682", "type": "Feature", "properties": {"id": "da8c7e5a-e1c7-4024-b6c8-e22968d91785", "name": null, "subtype": null, "class": null, "height": 12.88, "num_floors": null, "surge_class": 5, "surge_ft": 4.5, "flood_active": false, "exposure_score": 0.135, "exposure_category": "low"}, "geometry": {"type": "Polygon", "coordinates": [[[-82.8166206, 27.9834912], [-82.8166755, 27.9836169], [-82.8168811, 27.983546], [-82.8167896, 27.9833365], [-82.8166868, 27.983372], [-82.8167234, 27.9834558], [-82.8166206, 27.9834912]]]}}, {"id": "683", "type": "Feature", "properties": {"id": "9525778e-57f5-432c-80c8-4cb046ec4130", "name": null, "subtype": null, "class": null, "height": 11.82, "num_floors": null, "surge_class": 5, "surge_ft": 4.5, "flood_active": false, "exposure_score": 0.135, "exposure_category": "low"}, "geometry": {"type": "Polygon", "coordinates": [[[-82.8164488, 27.9837018], [-82.8165474, 27.9836665], [-82.8165271, 27.9836217], [-82.8166257, 27.9835864], [-82.8165647, 27.9834521], [-82.8164168, 27.983505], [-82.8164371, 27.9835498], [-82.8163878, 27.9835674], [-82.8164488, 27.9837018]]]}}, {"id": "684", "type": "Feature", "properties": {"id": "98aaa616-05db-410e-9bfd-353263fb93e3", "name": null, "subtype": null, "class": null, "height": 15.2, "num_floors": null, "surge_class": 5, "surge_ft": 4.5, "flood_active": false, "exposure_score": 0.135, "exposure_category": "low"}, "geometry": {"type": "Polygon", "coordinates": [[[-82.8162242, 27.9837755], [-82.8163603, 27.9837268], [-82.816343, 27.9836886], [-82.8163884, 27.9836724], [-82.8163364, 27.9835579], [-82.8162456, 27.9835903], [-82.8162283, 27.9835522], [-82.8161376, 27.9835846], [-82.8162242, 27.9837755]]]}}, {"id": "685", "type": "Feature", "properties": {"id": "875dc21e-d0fe-4739-9979-316fb0076fe4", "name": null, "subtype": null, "class": null, "height": 12.46, "num_floors": null, "surge_class": 5, "surge_ft": 4.5, "flood_active": false, "exposure_score": 0.135, "exposure_category": "low"}, "geometry": {"type": "Polygon", "coordinates": [[[-82.8158012, 27.9837171], [-82.8156466, 27.9837721], [-82.8157218, 27.9839388], [-82.8158214, 27.9839055], [-82.8158123, 27.983884], [-82.8159173, 27.9838492], [-82.815871, 27.9837406], [-82.8158188, 27.9837587], [-82.8158012, 27.9837171]]]}}, {"id": "686", "type": "Feature", "properties": {"id": "fbc86c5b-3e83-473a-ae74-32df3b3aa087", "name": null, "subtype": null, "class": null, "height": 11.93, "num_floors": null, "surge_class": 5, "surge_ft": 4.5, "flood_active": false, "exposure_score": 0.135, "exposure_category": "low"}, "geometry": {"type": "Polygon", "coordinates": [[[-82.815951, 27.9838143], [-82.8160522, 27.9837806], [-82.81607, 27.9838228], [-82.8161093, 27.9838097], [-82.8161711, 27.9837891], [-82.8161001, 27.9836206], [-82.8158977, 27.9836879], [-82.815951, 27.9838143]]]}}, {"id": "687", "type": "Feature", "properties": {"id": "938955c4-38a7-4588-84e0-ec93247a3ebe", "name": null, "subtype": null, "class": null, "height": 11.67, "num_floors": null, "surge_class": 5, "surge_ft": 4.5, "flood_active": false, "exposure_score": 0.135, "exposure_category": "low"}, "geometry": {"type": "Polygon", "coordinates": [[[-82.8159802, 27.9843542], [-82.8161127, 27.9843092], [-82.8160568, 27.9841793], [-82.8159684, 27.9842093], [-82.8159498, 27.984166], [-82.8158615, 27.984196], [-82.8159174, 27.9843259], [-82.8159615, 27.9843109], [-82.8159802, 27.9843542]]]}}, {"id": "688", "type": "Feature", "properties": {"id": "ca7f0a25-68c6-4ac4-9bea-f70adfa964e2", "name": null, "subtype": null, "class": null, "height": 12.22, "num_floors": null, "surge_class": 5, "surge_ft": 4.5, "flood_active": false, "exposure_score": 0.135, "exposure_category": "low"}, "geometry": {"type": "Polygon", "coordinates": [[[-82.8156394, 27.9843223], [-82.8156945, 27.9844529], [-82.8158917, 27.9843874], [-82.8158181, 27.9842131], [-82.8157196, 27.9842459], [-82.815738, 27.9842895], [-82.8156394, 27.9843223]]]}}, {"id": "689", "type": "Feature", "properties": {"id": "2b71d129-ffb9-4b72-a681-231e094d1dd9", "name": null, "subtype": null, "class": null, "height": 12.63, "num_floors": null, "surge_class": 6, "surge_ft": 5.5, "flood_active": false, "exposure_score": 0.165, "exposure_category": "low"}, "geometry": {"type": "Polygon", "coordinates": [[[-82.816138, 27.9842647], [-82.8161888, 27.9842472], [-82.8162089, 27.9842935], [-82.8163612, 27.9842412], [-82.8162806, 27.9840562], [-82.8162288, 27.984074], [-82.8160776, 27.9841258], [-82.816138, 27.9842647]]]}}, {"id": "690", "type": "Feature", "properties": {"id": "86d7fea6-d831-4f65-b9d0-6d349f6631c0", "name": null, "subtype": null, "class": null, "height": 11.99, "num_floors": null, "surge_class": 5, "surge_ft": 4.5, "flood_active": false, "exposure_score": 0.135, "exposure_category": "low"}, "geometry": {"type": "Polygon", "coordinates": [[[-82.8164152, 27.9841514], [-82.8164334, 27.9841933], [-82.8165841, 27.9841417], [-82.8165295, 27.984016], [-82.816429, 27.9840504], [-82.8164108, 27.9840086], [-82.8163104, 27.984043], [-82.8163649, 27.9841686], [-82.8164152, 27.9841514]]]}}, {"id": "691", "type": "Feature", "properties": {"id": "f97b31af-1a0d-497f-8b30-ae3034af4926", "name": null, "subtype": null, "class": null, "height": 12.12, "num_floors": null, "surge_class": 6, "surge_ft": 5.5, "flood_active": false, "exposure_score": 0.165, "exposure_category": "low"}, "geometry": {"type": "Polygon", "coordinates": [[[-82.8162117, 27.9851964], [-82.8163085, 27.9851618], [-82.8163279, 27.9852045], [-82.8164246, 27.9851699], [-82.8163471, 27.984999], [-82.8162019, 27.9850509], [-82.8162213, 27.9850936], [-82.816173, 27.9851109], [-82.8162117, 27.9851964]]]}}, {"id": "692", "type": "Feature", "properties": {"id": "d9add23e-60ad-4b39-8281-0837a8a82dd6", "name": null, "subtype": null, "class": null, "height": 12.15, "num_floors": null, "surge_class": 5, "surge_ft": 4.5, "flood_active": false, "exposure_score": 0.135, "exposure_category": "low"}, "geometry": {"type": "Polygon", "coordinates": [[[-82.8164584, 27.9851144], [-82.8165514, 27.9850811], [-82.816571, 27.9851241], [-82.8166639, 27.9850909], [-82.8165858, 27.9849187], [-82.8163998, 27.9849852], [-82.8164584, 27.9851144]]]}}, {"id": "693", "type": "Feature", "properties": {"id": "563c9a4d-b427-4544-9e7a-61423652ab06", "name": null, "subtype": null, "class": null, "height": 10.9, "num_floors": null, "surge_class": 5, "surge_ft": 4.5, "flood_active": false, "exposure_score": 0.135, "exposure_category": "low"}, "geometry": {"type": "Polygon", "coordinates": [[[-82.8147765, 27.9842097], [-82.8148732, 27.9841754], [-82.8148924, 27.9842182], [-82.8149892, 27.9841839], [-82.8149124, 27.984013], [-82.814864, 27.9840302], [-82.8148832, 27.9840729], [-82.8147865, 27.9841071], [-82.8148057, 27.9841499], [-82.8147573, 27.984167], [-82.8147765, 27.9842097]]]}}, {"id": "694", "type": "Feature", "properties": {"id": "5157e370-f0f1-4142-8178-9cbe36ca97cd", "name": null, "subtype": null, "class": null, "height": 14.68, "num_floors": null, "surge_class": 5, "surge_ft": 4.5, "flood_active": false, "exposure_score": 0.135, "exposure_category": "low"}, "geometry": {"type": "Polygon", "coordinates": [[[-82.8149789, 27.9846772], [-82.8151071, 27.9846313], [-82.8151244, 27.9846694], [-82.8152099, 27.9846388], [-82.8151235, 27.9844484], [-82.8149098, 27.9845249], [-82.8149789, 27.9846772]]]}}, {"id": "695", "type": "Feature", "properties": {"id": "7fbd6bef-0c73-4f3e-ba2a-1e38972ad967", "name": null, "subtype": null, "class": null, "height": 11.36, "num_floors": null, "surge_class": 5, "surge_ft": 4.5, "flood_active": false, "exposure_score": 0.135, "exposure_category": "low"}, "geometry": {"type": "Polygon", "coordinates": [[[-82.8152099, 27.9845565], [-82.8153071, 27.9845229], [-82.8153239, 27.9845634], [-82.8154206, 27.98453], [-82.8153502, 27.984369], [-82.8152532, 27.9844024], [-82.8152605, 27.9844196], [-82.8151645, 27.9844519], [-82.8152099, 27.9845565]]]}}, {"id": "696", "type": "Feature", "properties": {"id": "b79b3f55-b204-4297-bb90-0964102cc861", "name": null, "subtype": null, "class": null, "height": 15.34, "num_floors": null, "surge_class": 6, "surge_ft": 5.5, "flood_active": false, "exposure_score": 0.165, "exposure_category": "low"}, "geometry": {"type": "Polygon", "coordinates": [[[-82.8156425, 27.9843983], [-82.8155938, 27.9842841], [-82.8153784, 27.9843567], [-82.8154434, 27.9845088], [-82.8154865, 27.9844943], [-82.8155027, 27.9845324], [-82.8155889, 27.9845034], [-82.8155726, 27.9844653], [-82.8156157, 27.9844508], [-82.8155995, 27.9844128], [-82.8156425, 27.9843983]]]}}, {"id": "697", "type": "Feature", "properties": {"id": "6f65020d-45eb-4100-9517-71d7224349d9", "name": null, "subtype": null, "class": null, "height": 14.35, "num_floors": null, "surge_class": 5, "surge_ft": 4.5, "flood_active": false, "exposure_score": 0.135, "exposure_category": "low"}, "geometry": {"type": "Polygon", "coordinates": [[[-82.8149957, 27.984133], [-82.8150818, 27.9841044], [-82.8151007, 27.9841492], [-82.8152299, 27.9841063], [-82.8151542, 27.983927], [-82.815025, 27.9839699], [-82.8150439, 27.9840147], [-82.8149578, 27.9840434], [-82.8149957, 27.984133]]]}}, {"id": "698", "type": "Feature", "properties": {"id": "0de5ebe9-6ec8-4874-b6ea-846aa2baf5aa", "name": null, "subtype": null, "class": null, "height": 12.28, "num_floors": null, "surge_class": 5, "surge_ft": 4.5, "flood_active": false, "exposure_score": 0.135, "exposure_category": "low"}, "geometry": {"type": "Polygon", "coordinates": [[[-82.8152317, 27.984056], [-82.8153358, 27.9840188], [-82.8153557, 27.9840625], [-82.8154598, 27.9840253], [-82.8153804, 27.9838503], [-82.8151722, 27.9839247], [-82.8152317, 27.984056]]]}}, {"id": "699", "type": "Feature", "properties": {"id": "d1bd953e-ddb9-4462-9233-0c7e8fa7a7b3", "name": null, "subtype": null, "class": null, "height": 13.93, "num_floors": null, "surge_class": 5, "surge_ft": 4.5, "flood_active": false, "exposure_score": 0.135, "exposure_category": "low"}, "geometry": {"type": "Polygon", "coordinates": [[[-82.8154142, 27.9838578], [-82.8154804, 27.9840168], [-82.8156871, 27.9839489], [-82.8156209, 27.9837899], [-82.8154142, 27.9838578]]]}}, {"id": "700", "type": "Feature", "properties": {"id": "28fb6aed-8a82-49d1-b7e8-8c465fb6797f", "name": null, "subtype": null, "class": null, "height": 11.21, "num_floors": null, "surge_class": 5, "surge_ft": 4.5, "flood_active": false, "exposure_score": 0.135, "exposure_category": "low"}, "geometry": {"type": "Polygon", "coordinates": [[[-82.8150613, 27.9824886], [-82.8150641, 27.9825137], [-82.814982, 27.982497], [-82.8149634, 27.9825688], [-82.8149859, 27.9825735], [-82.8149567, 27.9826886], [-82.8150609, 27.9827102], [-82.8150909, 27.9825936], [-82.8151218, 27.9825904], [-82.8151884, 27.9827057], [-82.8152899, 27.9826586], [-82.8151978, 27.982502], [-82.815153, 27.9825229], [-82.8151477, 27.9824796], [-82.8150613, 27.9824886]]]}}, {"id": "701", "type": "Feature", "properties": {"id": "48d51da0-7e02-4f76-9356-96f7a7065103", "name": null, "subtype": null, "class": null, "height": 11.91, "num_floors": null, "surge_class": 5, "surge_ft": 4.5, "flood_active": false, "exposure_score": 0.135, "exposure_category": "low"}, "geometry": {"type": "Polygon", "coordinates": [[[-82.8153246, 27.9822127], [-82.8153212, 27.9823023], [-82.8155257, 27.9823085], [-82.8155309, 27.9821742], [-82.8154798, 27.9821726], [-82.8154815, 27.9821278], [-82.8152769, 27.9821216], [-82.8152735, 27.9822112], [-82.8153246, 27.9822127]]]}}, {"id": "702", "type": "Feature", "properties": {"id": "9899f013-7e0d-46cc-9799-e1fd9ba6461e", "name": null, "subtype": null, "class": null, "height": 12.74, "num_floors": null, "surge_class": 6, "surge_ft": 5.5, "flood_active": false, "exposure_score": 0.165, "exposure_category": "low"}, "geometry": {"type": "Polygon", "coordinates": [[[-82.8154398, 27.9825771], [-82.8155009, 27.9824939], [-82.8154149, 27.9824431], [-82.8154452, 27.9824023], [-82.8153162, 27.982327], [-82.8152673, 27.9823935], [-82.8153026, 27.9824149], [-82.815282, 27.982443], [-82.8152469, 27.9824221], [-82.8151939, 27.9824942], [-82.8153661, 27.9825942], [-82.8153975, 27.9825517], [-82.8154398, 27.9825771]]]}}, {"id": "703", "type": "Feature", "properties": {"id": "db82bb26-034b-4be1-abea-ad76c12ab9d2", "name": null, "subtype": null, "class": null, "height": 9.70249080657959, "num_floors": null, "surge_class": 7, "surge_ft": 6.5, "flood_active": false, "exposure_score": 0.195, "exposure_category": "low"}, "geometry": {"type": "Polygon", "coordinates": [[[-82.8165222, 27.9811704], [-82.8162407, 27.9812436], [-82.8164839, 27.9819732], [-82.8168866, 27.9818685], [-82.8168001, 27.9816087], [-82.8166107, 27.9816578], [-82.8164831, 27.9812746], [-82.816551, 27.9812569], [-82.8165222, 27.9811704]]]}}, {"id": "704", "type": "Feature", "properties": {"id": "288a4684-5ee3-435e-873b-1a390fc808b1", "name": null, "subtype": null, "class": null, "height": 15.19, "num_floors": null, "surge_class": 6, "surge_ft": 5.5, "flood_active": false, "exposure_score": 0.165, "exposure_category": "low"}, "geometry": {"type": "Polygon", "coordinates": [[[-82.8161207, 27.9809698], [-82.8161885, 27.9812094], [-82.816535, 27.981132], [-82.8164982, 27.9810017], [-82.8163276, 27.9810381], [-82.8163, 27.9809298], [-82.8161207, 27.9809698]]]}}, {"id": "705", "type": "Feature", "properties": {"id": "92067f9c-ea4b-4692-8fe7-d539e0fec466", "name": null, "subtype": null, "class": null, "height": 16.51, "num_floors": null, "surge_class": 6, "surge_ft": 5.5, "flood_active": false, "exposure_score": 0.165, "exposure_category": "low"}, "geometry": {"type": "Polygon", "coordinates": [[[-82.8162967, 27.980718], [-82.8163004, 27.9807324], [-82.816317, 27.9807968], [-82.8163755, 27.9807851], [-82.8163713, 27.9807697], [-82.8163543, 27.9807065], [-82.8162967, 27.980718]]]}}, {"id": "706", "type": "Feature", "properties": {"id": "458ef2af-e4f0-41bc-889f-4ca1fa81a2fc", "name": null, "subtype": null, "class": null, "height": 16.32, "num_floors": null, "surge_class": 6, "surge_ft": 5.5, "flood_active": false, "exposure_score": 0.165, "exposure_category": "low"}, "geometry": {"type": "Polygon", "coordinates": [[[-82.8163004, 27.9807324], [-82.8162482, 27.980744], [-82.8162688, 27.9808267], [-82.8163219, 27.9808157], [-82.816317, 27.9807968], [-82.8163004, 27.9807324]]]}}, {"id": "707", "type": "Feature", "properties": {"id": "8e0ab754-464b-419b-8066-2b70612ef127", "name": null, "subtype": null, "class": null, "height": 16.11, "num_floors": null, "surge_class": 6, "surge_ft": 5.5, "flood_active": false, "exposure_score": 0.165, "exposure_category": "low"}, "geometry": {"type": "Polygon", "coordinates": [[[-82.8162507, 27.9807545], [-82.8162007, 27.9807644], [-82.8162246, 27.9808621], [-82.8162736, 27.9808513], [-82.8162507, 27.9807545]]]}}, {"id": "708", "type": "Feature", "properties": {"id": "d75c761f-321d-476d-84f2-3237fc5e99e9", "name": null, "subtype": null, "class": null, "height": 17.97, "num_floors": null, "surge_class": 6, "surge_ft": 5.5, "flood_active": false, "exposure_score": 0.165, "exposure_category": "low"}, "geometry": {"type": "Polygon", "coordinates": [[[-82.8162108, 27.9808123], [-82.8161067, 27.980834], [-82.8161186, 27.9808825], [-82.8162226, 27.980862], [-82.8162108, 27.9808123]]]}}, {"id": "709", "type": "Feature", "properties": {"id": "14907878-f9fd-4cb0-9784-4a9bbe34764c", "name": null, "subtype": null, "class": null, "height": 18.03, "num_floors": null, "surge_class": 6, "surge_ft": 5.5, "flood_active": false, "exposure_score": 0.165, "exposure_category": "low"}, "geometry": {"type": "Polygon", "coordinates": [[[-82.8162108, 27.9808123], [-82.8162056, 27.9807902], [-82.8162003, 27.9807682], [-82.8160955, 27.9807887], [-82.8161011, 27.9808113], [-82.8161067, 27.980834], [-82.8162108, 27.9808123]]]}}, {"id": "710", "type": "Feature", "properties": {"id": "37f7583c-4931-4a21-8d58-4f1aa9d832e7", "name": null, "subtype": null, "class": null, "height": 18.1, "num_floors": null, "surge_class": 5, "surge_ft": 4.5, "flood_active": false, "exposure_score": 0.135, "exposure_category": "low"}, "geometry": {"type": "Polygon", "coordinates": [[[-82.8160892, 27.980763], [-82.8160955, 27.9807887], [-82.8162003, 27.9807682], [-82.8161941, 27.9807421], [-82.8161879, 27.9807161], [-82.8160829, 27.9807374], [-82.8160892, 27.980763]]]}}, {"id": "711", "type": "Feature", "properties": {"id": "8f9ba085-fef5-4467-8d11-df3d01ba24b0", "name": null, "subtype": null, "class": null, "height": 12.5, "num_floors": null, "surge_class": 5, "surge_ft": 4.5, "flood_active": false, "exposure_score": 0.135, "exposure_category": "low"}, "geometry": {"type": "Polygon", "coordinates": [[[-82.8149274, 27.9812915], [-82.8149783, 27.9814791], [-82.8152029, 27.9814311], [-82.8151647, 27.9812904], [-82.8151198, 27.9813], [-82.815107, 27.9812531], [-82.8149274, 27.9812915]]]}}, {"id": "712", "type": "Feature", "properties": {"id": "3ba2c802-fcd1-429a-abff-bf100d4a1b48", "name": null, "subtype": null, "class": null, "height": 12.09, "num_floors": null, "surge_class": 5, "surge_ft": 4.5, "flood_active": false, "exposure_score": 0.135, "exposure_category": "low"}, "geometry": {"type": "Polygon", "coordinates": [[[-82.8150786, 27.9818033], [-82.8151526, 27.9817845], [-82.8151837, 27.9818866], [-82.8153461, 27.981845], [-82.8152884, 27.981666], [-82.8150549, 27.9817247], [-82.8150786, 27.9818033]]]}}, {"id": "713", "type": "Feature", "properties": {"id": "e62d9617-16f9-41dd-8558-a3a0e427f59b", "name": null, "subtype": null, "class": null, "height": 13.45, "num_floors": null, "surge_class": 5, "surge_ft": 4.5, "flood_active": false, "exposure_score": 0.135, "exposure_category": "low"}, "geometry": {"type": "Polygon", "coordinates": [[[-82.8151524, 27.9820249], [-82.815202, 27.9820123], [-82.8152309, 27.9821025], [-82.8154295, 27.9820523], [-82.8153717, 27.981872], [-82.8151235, 27.9819347], [-82.8151524, 27.9820249]]]}}, {"id": "714", "type": "Feature", "properties": {"id": "b5e49487-246a-4961-b449-9dab44113839", "name": null, "subtype": null, "class": null, "height": 11.25, "num_floors": null, "surge_class": 6, "surge_ft": 5.5, "flood_active": false, "exposure_score": 0.165, "exposure_category": "low"}, "geometry": {"type": "Polygon", "coordinates": [[[-82.8150628, 27.9815773], [-82.8151079, 27.9815656], [-82.8151353, 27.9816489], [-82.8152706, 27.9816137], [-82.8152157, 27.9814472], [-82.8150353, 27.9814941], [-82.8150628, 27.9815773]]]}}, {"id": "715", "type": "Feature", "properties": {"id": "b0146235-4fe8-485a-8e5d-dfad48ca53fb", "name": null, "subtype": null, "class": null, "height": 14.12, "num_floors": null, "surge_class": 5, "surge_ft": 4.5, "flood_active": false, "exposure_score": 0.135, "exposure_category": "low"}, "geometry": {"type": "Polygon", "coordinates": [[[-82.8148671, 27.981079], [-82.81492, 27.9812749], [-82.8151832, 27.9812189], [-82.8151303, 27.9810231], [-82.8148671, 27.981079]]]}}, {"id": "716", "type": "Feature", "properties": {"id": "573f7112-850b-4c93-8937-f68aae2c2075", "name": null, "subtype": null, "class": null, "height": 12.56, "num_floors": null, "surge_class": 6, "surge_ft": 5.5, "flood_active": false, "exposure_score": 0.165, "exposure_category": "low"}, "geometry": {"type": "Polygon", "coordinates": [[[-82.8148457, 27.9809591], [-82.8148684, 27.9810514], [-82.8151248, 27.9810018], [-82.8151021, 27.9809095], [-82.8150508, 27.9809194], [-82.8150281, 27.9808271], [-82.8149255, 27.980847], [-82.8149369, 27.9808931], [-82.8148856, 27.9809031], [-82.814897, 27.9809492], [-82.8148457, 27.9809591]]]}}]}