{"type": "FeatureCollection", "features": [{"id": "0", "type": "Feature", "properties": {"id": "9e28077b-7570-4d21-9c9b-266d48a77109", "name": null, "subtype": "commercial", "class": "hotel", "height": 14.893486022949219, "num_floors": null, "surge_class": 5, "surge_ft": 4.5, "flood_active": false, "exposure_score": 0.135, "exposure_category": "low"}, "geometry": {"type": "Polygon", "coordinates": [[[-81.9648663, 26.4601914], [-81.9648883, 26.4602134], [-81.965047, 26.4600858], [-81.9650231, 26.460062], [-81.9650409, 26.4600477], [-81.9649903, 26.4599972], [-81.9650201, 26.4599733], [-81.9647937, 26.4597475], [-81.964716, 26.45981], [-81.9646973, 26.4597914], [-81.964664, 26.4598182], [-81.9648083, 26.4599621], [-81.9647594, 26.4600015], [-81.9648229, 26.4600647], [-81.9648824, 26.4600169], [-81.9649179, 26.4600523], [-81.964847, 26.4601092], [-81.9648671, 26.4601292], [-81.9648503, 26.4601426], [-81.9648845, 26.4601768], [-81.9648663, 26.4601914]]]}}, {"id": "1", "type": "Feature", "properties": {"id": "975e745a-02e0-4c4c-b32d-1edde4e807ee", "name": "Pink Shell Beach Resort & Marina", "subtype": "commercial", "class": "hotel", "height": 21.473623275756836, "num_floors": null, "surge_class": 6, "surge_ft": 5.5, "flood_active": false, "exposure_score": 0.165, "exposure_category": "low"}, "geometry": {"type": "Polygon", "coordinates": [[[-81.9650738, 26.460548], [-81.9650866, 26.4603326], [-81.9650437, 26.4602908], [-81.9650221, 26.4602937], [-81.9647903, 26.4604768], [-81.9647878, 26.4604875], [-81.9648127, 26.4605161], [-81.9648332, 26.4605187], [-81.9648841, 26.4604822], [-81.9649304, 26.4605123], [-81.9649259, 26.4605604], [-81.9648644, 26.4605576], [-81.9648602, 26.4606539], [-81.9648711, 26.4606703], [-81.9648253, 26.4607135], [-81.9648944, 26.4607838], [-81.9649692, 26.4608599], [-81.9650193, 26.4608232], [-81.9650322, 26.4608288], [-81.9651391, 26.4608356], [-81.9651873, 26.4608672], [-81.9651839, 26.4608808], [-81.9652094, 26.4609091], [-81.9652247, 26.4609087], [-81.9654481, 26.4607197], [-81.9654512, 26.4606949], [-81.9654156, 26.4606558], [-81.9651732, 26.4606458], [-81.9651746, 26.4606299], [-81.9650955, 26.4605466], [-81.9650738, 26.460548]]]}}, {"id": "2", "type": "Feature", "properties": {"id": "f49cc5a7-a3b9-4388-8e32-9bd622972f50", "name": null, "subtype": null, "class": null, "height": 4.014134407043457, "num_floors": null, "surge_class": 8, "surge_ft": 7.5, "flood_active": false, "exposure_score": 0.225, "exposure_category": "low"}, "geometry": {"type": "Polygon", "coordinates": [[[-81.9627002, 26.4593157], [-81.9626292, 26.4592487], [-81.9625002, 26.4593582], [-81.9625712, 26.4594252], [-81.9627002, 26.4593157]]]}}, {"id": "3", "type": "Feature", "properties": {"id": "480fe59c-f92c-4426-a4e9-d5cd8d6f39da", "name": null, "subtype": null, "class": null, "height": 3.5082125663757324, "num_floors": null, "surge_class": 8, "surge_ft": 7.5, "flood_active": false, "exposure_score": 0.225, "exposure_category": "low"}, "geometry": {"type": "Polygon", "coordinates": [[[-81.9625742, 26.459531], [-81.9626601, 26.4596221], [-81.9628546, 26.459475], [-81.9628135, 26.4594315], [-81.9627915, 26.4594481], [-81.9627544, 26.4594089], [-81.9626971, 26.4594522], [-81.9626893, 26.4594439], [-81.9625742, 26.459531]]]}}, {"id": "4", "type": "Feature", "properties": {"id": "dd57d317-0b36-4141-b33e-732d4972c24e", "name": null, "subtype": null, "class": null, "height": null, "num_floors": null, "surge_class": 8, "surge_ft": 7.5, "flood_active": false, "exposure_score": 0.225, "exposure_category": "low"}, "geometry": {"type": "Polygon", "coordinates": [[[-81.9627277, 26.4587289], [-81.9628007, 26.4586705], [-81.9627248, 26.4585944], [-81.9626517, 26.4586529], [-81.9627277, 26.4587289]]]}}, {"id": "5", "type": "Feature", "properties": {"id": "788a2558-8edc-4be3-9236-418e5700c62f", "name": null, "subtype": null, "class": null, "height": 17.996135711669922, "num_floors": null, "surge_class": 6, "surge_ft": 5.5, "flood_active": false, "exposure_score": 0.165, "exposure_category": "low"}, "geometry": {"type": "Polygon", "coordinates": [[[-81.9626747, 26.4580344], [-81.9627325, 26.4580925], [-81.9627664, 26.4580654], [-81.9627543, 26.4580533], [-81.9628807, 26.4579523], [-81.9628493, 26.4579207], [-81.962862, 26.4579106], [-81.9628305, 26.457879], [-81.9628427, 26.4578692], [-81.9627355, 26.4577617], [-81.9627233, 26.4577715], [-81.9626922, 26.4577402], [-81.9626795, 26.4577504], [-81.9626477, 26.4577185], [-81.9625213, 26.4578195], [-81.9625103, 26.4578085], [-81.9624764, 26.4578355], [-81.9625348, 26.4578942], [-81.962557, 26.4578765], [-81.9625958, 26.4579155], [-81.9625914, 26.457919], [-81.9626486, 26.4579763], [-81.962653, 26.4579728], [-81.9626968, 26.4580168], [-81.9626747, 26.4580344]]]}}, {"id": "6", "type": "Feature", "properties": {"id": "ebfd9b6a-7a4e-4655-b12e-fed26b62e6a7", "name": null, "subtype": null, "class": null, "height": 5.617249011993408, "num_floors": null, "surge_class": 6, "surge_ft": 5.5, "flood_active": false, "exposure_score": 0.165, "exposure_category": "low"}, "geometry": {"type": "Polygon", "coordinates": [[[-81.9631542, 26.4580416], [-81.9630793, 26.4579694], [-81.9629944, 26.4580401], [-81.9630693, 26.4581122], [-81.9631542, 26.4580416]]]}}, {"id": "7", "type": "Feature", "properties": {"id": "4f815334-5378-4e32-9a8a-6f5f18a312f7", "name": null, "subtype": null, "class": null, "height": null, "num_floors": null, "surge_class": 7, "surge_ft": 6.5, "flood_active": false, "exposure_score": 0.195, "exposure_category": "low"}, "geometry": {"type": "Polygon", "coordinates": [[[-81.9631273, 26.4583903], [-81.9630589, 26.4583263], [-81.9629861, 26.4583887], [-81.9630544, 26.4584526], [-81.9631273, 26.4583903]]]}}, {"id": "8", "type": "Feature", "properties": {"id": "c1058f95-537e-4f5b-9cc0-7bd4fe5e1345", "name": null, "subtype": null, "class": null, "height": 3.0433526039123535, "num_floors": null, "surge_class": 8, "surge_ft": 7.5, "flood_active": false, "exposure_score": 0.225, "exposure_category": "low"}, "geometry": {"type": "Polygon", "coordinates": [[[-81.963098, 26.4587057], [-81.9629976, 26.4587461], [-81.9630348, 26.45882], [-81.9631351, 26.4587795], [-81.963098, 26.4587057]]]}}, {"id": "9", "type": "Feature", "properties": {"id": "3b1e6ef6-cfd0-4f7f-880e-cd0cccffe623", "name": null, "subtype": null, "class": null, "height": null, "num_floors": null, "surge_class": 8, "surge_ft": 7.5, "flood_active": false, "exposure_score": 0.225, "exposure_category": "low"}, "geometry": {"type": "Polygon", "coordinates": [[[-81.9630696, 26.4586639], [-81.9630246, 26.4585897], [-81.9629397, 26.4586309], [-81.9629846, 26.4587051], [-81.9630696, 26.4586639]]]}}, {"id": "10", "type": "Feature", "properties": {"id": "c05bead2-604d-4f9c-83b4-0cda22217eb5", "name": null, "subtype": "residential", "class": "apartments", "height": 5.737184047698975, "num_floors": null, "surge_class": 7, "surge_ft": 6.5, "flood_active": false, "exposure_score": 0.195, "exposure_category": "low"}, "geometry": {"type": "Polygon", "coordinates": [[[-81.9625512, 26.4585033], [-81.9626491, 26.4585981], [-81.9631305, 26.4581827], [-81.963034, 26.458083], [-81.9625512, 26.4585033]]]}}, {"id": "11", "type": "Feature", "properties": {"id": "c928c12b-fa35-458a-9bf7-9e404f9eb921", "name": null, "subtype": null, "class": null, "height": null, "num_floors": null, "surge_class": 8, "surge_ft": 7.5, "flood_active": false, "exposure_score": 0.225, "exposure_category": "low"}, "geometry": {"type": "Polygon", "coordinates": [[[-81.9629415, 26.4587667], [-81.9628811, 26.4587006], [-81.9627805, 26.4587742], [-81.9628409, 26.4588404], [-81.9629415, 26.4587667]]]}}, {"id": "12", "type": "Feature", "properties": {"id": "172ae82d-6bd4-4a68-af32-afff31eed148", "name": null, "subtype": null, "class": null, "height": 3.1683804988861084, "num_floors": null, "surge_class": 8, "surge_ft": 7.5, "flood_active": false, "exposure_score": 0.225, "exposure_category": "low"}, "geometry": {"type": "Polygon", "coordinates": [[[-81.9629834, 26.4584993], [-81.9629261, 26.4584419], [-81.962829, 26.4585194], [-81.9628863, 26.4585769], [-81.9629834, 26.4584993]]]}}, {"id": "13", "type": "Feature", "properties": {"id": "28c07998-d3e0-4fe1-8673-e8642dcc0bd9", "name": null, "subtype": null, "class": null, "height": 3.817347764968872, "num_floors": null, "surge_class": 8, "surge_ft": 7.5, "flood_active": false, "exposure_score": 0.225, "exposure_category": "low"}, "geometry": {"type": "Polygon", "coordinates": [[[-81.9629714, 26.4587958], [-81.962889, 26.4588291], [-81.9629282, 26.4589069], [-81.9630106, 26.4588736], [-81.9629714, 26.4587958]]]}}, {"id": "14", "type": "Feature", "properties": {"id": "54bfa095-0fc1-487e-9f17-2489c04708ef", "name": null, "subtype": null, "class": null, "height": null, "num_floors": null, "surge_class": 9, "surge_ft": 8.5, "flood_active": false, "exposure_score": 0.255, "exposure_category": "moderate"}, "geometry": {"type": "Polygon", "coordinates": [[[-81.9629212, 26.4597801], [-81.9628862, 26.4597455], [-81.9628313, 26.4597933], [-81.9628384, 26.4597996], [-81.9628165, 26.4598178], [-81.9628455, 26.4598447], [-81.9628394, 26.4598497], [-81.9628856, 26.4598943], [-81.9629619, 26.4598287], [-81.9629156, 26.4597846], [-81.9629212, 26.4597801]]]}}, {"id": "15", "type": "Feature", "properties": {"id": "cc64ef6f-2666-48ff-bfd9-afa2c9fadca0", "name": null, "subtype": null, "class": null, "height": 3.772911548614502, "num_floors": null, "surge_class": 9, "surge_ft": 8.5, "flood_active": false, "exposure_score": 0.255, "exposure_category": "moderate"}, "geometry": {"type": "Polygon", "coordinates": [[[-81.9632869, 26.4599285], [-81.9630412, 26.4598083], [-81.9629622, 26.4599377], [-81.9630799, 26.4599953], [-81.9631149, 26.459938], [-81.9632429, 26.4600006], [-81.9632869, 26.4599285]]]}}, {"id": "16", "type": "Feature", "properties": {"id": "c9953c88-be3a-4fe1-b403-2c1dd070b6cd", "name": null, "subtype": "residential", "class": "detached", "height": 5.55480432510376, "num_floors": 3, "surge_class": 11, "surge_ft": 10.5, "flood_active": false, "exposure_score": 0.315, "exposure_category": "moderate"}, "geometry": {"type": "Polygon", "coordinates": [[[-81.9632662, 26.4600973], [-81.9632938, 26.4601251], [-81.9634258, 26.4600201], [-81.9634241, 26.4600183], [-81.9634469, 26.4600001], [-81.9634133, 26.4599663], [-81.9634089, 26.4599698], [-81.9633992, 26.45996], [-81.9634036, 26.4599565], [-81.963372, 26.4599247], [-81.9632315, 26.4600365], [-81.9632352, 26.4600402], [-81.9632178, 26.4600541], [-81.9632631, 26.4600998], [-81.9632662, 26.4600973]]]}}, {"id": "17", "type": "Feature", "properties": {"id": "d17a25a4-32ef-412a-b5c8-6cfe1b968d54", "name": null, "subtype": null, "class": null, "height": 4.470911502838135, "num_floors": null, "surge_class": 8, "surge_ft": 7.5, "flood_active": false, "exposure_score": 0.225, "exposure_category": "low"}, "geometry": {"type": "Polygon", "coordinates": [[[-81.9633797, 26.4582827], [-81.9632274, 26.4584078], [-81.9633002, 26.4584789], [-81.9634525, 26.4583538], [-81.9633797, 26.4582827]]]}}, {"id": "18", "type": "Feature", "properties": {"id": "9aaccaba-5e5a-4cec-b26e-680acfe5a370", "name": null, "subtype": null, "class": null, "height": 4.047915458679199, "num_floors": null, "surge_class": 7, "surge_ft": 6.5, "flood_active": false, "exposure_score": 0.195, "exposure_category": "low"}, "geometry": {"type": "Polygon", "coordinates": [[[-81.9632167, 26.4583243], [-81.9633277, 26.4582302], [-81.9632601, 26.4581662], [-81.963149, 26.4582602], [-81.9632167, 26.4583243]]]}}, {"id": "19", "type": "Feature", "properties": {"id": "8325e747-7c70-4902-842e-643e76b8bad1", "name": null, "subtype": "commercial", "class": "hotel", "height": 3.787151336669922, "num_floors": null, "surge_class": 7, "surge_ft": 6.5, "flood_active": false, "exposure_score": 0.195, "exposure_category": "low"}, "geometry": {"type": "Polygon", "coordinates": [[[-81.963088, 26.4590365], [-81.9634121, 26.4587736], [-81.9633366, 26.4586992], [-81.9630086, 26.4589581], [-81.963088, 26.4590365]]]}}, {"id": "20", "type": "Feature", "properties": {"id": "b23bdf21-df1a-4291-9684-6f54903f5a5b", "name": null, "subtype": null, "class": null, "height": 3.0653812885284424, "num_floors": null, "surge_class": 8, "surge_ft": 7.5, "flood_active": false, "exposure_score": 0.225, "exposure_category": "low"}, "geometry": {"type": "Polygon", "coordinates": [[[-81.9631416, 26.4584816], [-81.9630741, 26.4585366], [-81.9631375, 26.458599], [-81.963205, 26.458544], [-81.9631416, 26.4584816]]]}}, {"id": "21", "type": "Feature", "properties": {"id": "8e801383-d3c3-4c4b-8e36-f7f7bed2864b", "name": null, "subtype": null, "class": null, "height": 4.678069591522217, "num_floors": null, "surge_class": 9, "surge_ft": 8.5, "flood_active": false, "exposure_score": 0.255, "exposure_category": "moderate"}, "geometry": {"type": "Polygon", "coordinates": [[[-81.9635089, 26.4599943], [-81.9634112, 26.4600874], [-81.9634896, 26.4601533], [-81.9635873, 26.4600603], [-81.9635089, 26.4599943]]]}}, {"id": "22", "type": "Feature", "properties": {"id": "7363a98f-22b7-4035-b512-9a1a55a9b489", "name": null, "subtype": null, "class": null, "height": null, "num_floors": null, "surge_class": 8, "surge_ft": 7.5, "flood_active": false, "exposure_score": 0.225, "exposure_category": "low"}, "geometry": {"type": "Polygon", "coordinates": [[[-81.9635486, 26.4592962], [-81.9634586, 26.4591939], [-81.9633831, 26.4592471], [-81.9634731, 26.4593494], [-81.9635486, 26.4592962]]]}}, {"id": "23", "type": "Feature", "properties": {"id": "a390b699-4b80-452f-beaa-19c7d57ba2ea", "name": null, "subtype": null, "class": null, "height": 4.9314775466918945, "num_floors": null, "surge_class": 8, "surge_ft": 7.5, "flood_active": false, "exposure_score": 0.225, "exposure_category": "low"}, "geometry": {"type": "Polygon", "coordinates": [[[-81.9636122, 26.4601168], [-81.96353, 26.4601837], [-81.9636115, 26.4602639], [-81.9636937, 26.4601969], [-81.9636122, 26.4601168]]]}}, {"id": "24", "type": "Feature", "properties": {"id": "0de59fc0-d879-4547-878e-04778258fe1a", "name": "Dock Master", "subtype": null, "class": null, "height": 4.082180023193359, "num_floors": null, "surge_class": 0, "surge_ft": 0.0, "flood_active": false, "exposure_score": 0.0, "exposure_category": "none"}, "geometry": {"type": "Polygon", "coordinates": [[[-81.9645694, 26.461059], [-81.964503, 26.4609788], [-81.9644371, 26.4610225], [-81.9645035, 26.4611028], [-81.9645694, 26.461059]]]}}, {"id": "25", "type": "Feature", "properties": {"id": "b6cd2aaf-c994-4e1a-8be6-3964aac1d188", "name": null, "subtype": null, "class": null, "height": 3.76308536529541, "num_floors": null, "surge_class": 8, "surge_ft": 7.5, "flood_active": false, "exposure_score": 0.225, "exposure_category": "low"}, "geometry": {"type": "Polygon", "coordinates": [[[-81.964295, 26.4600162], [-81.9642361, 26.459922], [-81.9641605, 26.4599599], [-81.9642194, 26.460054], [-81.964295, 26.4600162]]]}}, {"id": "26", "type": "Feature", "properties": {"id": "f16b2fb9-3426-41cc-ab84-e568ef36afbd", "name": null, "subtype": null, "class": null, "height": 6.632478713989258, "num_floors": null, "surge_class": 7, "surge_ft": 6.5, "flood_active": false, "exposure_score": 0.195, "exposure_category": "low"}, "geometry": {"type": "Polygon", "coordinates": [[[-81.9645729, 26.4595955], [-81.9643983, 26.4597404], [-81.9644632, 26.4598031], [-81.9646378, 26.4596582], [-81.9645729, 26.4595955]]]}}, {"id": "27", "type": "Feature", "properties": {"id": "d4e1cdb5-5f26-487a-a0ea-d9f6164d6eac", "name": null, "subtype": null, "class": null, "height": 11.615314483642578, "num_floors": null, "surge_class": 6, "surge_ft": 5.5, "flood_active": false, "exposure_score": 0.165, "exposure_category": "low"}, "geometry": {"type": "Polygon", "coordinates": [[[-81.9641712, 26.4598624], [-81.964363, 26.4597087], [-81.9643375, 26.4596739], [-81.9643482, 26.4596655], [-81.9643174, 26.4596343], [-81.9643026, 26.4596403], [-81.9642664, 26.4596114], [-81.9640747, 26.4597735], [-81.9641712, 26.4598624]]]}}, {"id": "28", "type": "Feature", "properties": {"id": "86d70158-c57e-4611-8fa1-729cc1879d04", "name": null, "subtype": null, "class": null, "height": 3.959155559539795, "num_floors": null, "surge_class": 8, "surge_ft": 7.5, "flood_active": false, "exposure_score": 0.225, "exposure_category": "low"}, "geometry": {"type": "Polygon", "coordinates": [[[-81.9641134, 26.4599829], [-81.9640217, 26.4600582], [-81.9640892, 26.4601241], [-81.9641256, 26.4600942], [-81.964155, 26.4601228], [-81.9642103, 26.4600774], [-81.9641134, 26.4599829]]]}}, {"id": "29", "type": "Feature", "properties": {"id": "dfbf304e-e099-4ca6-ad75-23ec252227be", "name": null, "subtype": "commercial", "class": "hotel", "height": 14.214986801147461, "num_floors": 7, "surge_class": 6, "surge_ft": 5.5, "flood_active": false, "exposure_score": 0.165, "exposure_category": "low"}, "geometry": {"type": "Polygon", "coordinates": [[[-81.9638333, 26.4593651], [-81.9640042, 26.4594164], [-81.9640754, 26.4593611], [-81.9640954, 26.4592855], [-81.9642214, 26.4591835], [-81.9641155, 26.4590754], [-81.9639103, 26.4592375], [-81.9638962, 26.4592915], [-81.963856, 26.4592806], [-81.9638312, 26.4593072], [-81.9638131, 26.4593466], [-81.9638359, 26.4593528], [-81.9638333, 26.4593651]]]}}, {"id": "30", "type": "Feature", "properties": {"id": "22e62e13-284b-44ad-8120-499c178c005a", "name": null, "subtype": "commercial", "class": "hotel", "height": 13.21038818359375, "num_floors": 7, "surge_class": 6, "surge_ft": 5.5, "flood_active": false, "exposure_score": 0.165, "exposure_category": "low"}, "geometry": {"type": "Polygon", "coordinates": [[[-81.9637821, 26.459596], [-81.96394, 26.4597531], [-81.9641126, 26.4596141], [-81.9639547, 26.459457], [-81.9637821, 26.459596]]]}}, {"id": "31", "type": "Feature", "properties": {"id": "84e8e923-8260-4129-97f7-0f55c0123ce1", "name": null, "subtype": null, "class": null, "height": 4.959646701812744, "num_floors": null, "surge_class": 9, "surge_ft": 8.5, "flood_active": false, "exposure_score": 0.255, "exposure_category": "moderate"}, "geometry": {"type": "Polygon", "coordinates": [[[-81.9638315, 26.4604213], [-81.9639579, 26.4603622], [-81.9639023, 26.4602669], [-81.9637759, 26.4603261], [-81.9638315, 26.4604213]]]}}, {"id": "32", "type": "Feature", "properties": {"id": "94764383-5a3d-444f-a65c-fe2fa9183a92", "name": null, "subtype": null, "class": null, "height": 5.812033653259277, "num_floors": null, "surge_class": 8, "surge_ft": 7.5, "flood_active": false, "exposure_score": 0.225, "exposure_category": "low"}, "geometry": {"type": "Polygon", "coordinates": [[[-81.9637236, 26.4603517], [-81.9638044, 26.460286], [-81.9637737, 26.4602557], [-81.9638001, 26.4602342], [-81.9637561, 26.4601908], [-81.9636488, 26.460278], [-81.9637236, 26.4603517]]]}}, {"id": "33", "type": "Feature", "properties": {"id": "7875fa92-a80f-43ef-9dd1-047fe577ddbf", "name": null, "subtype": "commercial", "class": "hotel", "height": 10.314453125, "num_floors": null, "surge_class": 7, "surge_ft": 6.5, "flood_active": false, "exposure_score": 0.195, "exposure_category": "low"}, "geometry": {"type": "Polygon", "coordinates": [[[-81.9637151, 26.4588636], [-81.9638645, 26.4590105], [-81.9639669, 26.4589271], [-81.963664, 26.458629], [-81.9635629, 26.4587113], [-81.9636577, 26.4588046], [-81.9636429, 26.4588166], [-81.9637017, 26.4588745], [-81.9637151, 26.4588636]]]}}, {"id": "34", "type": "Feature", "properties": {"id": "7614477d-ca12-48c1-ba86-ffba4a2b768c", "name": null, "subtype": null, "class": null, "height": 4.33590030670166, "num_floors": null, "surge_class": 7, "surge_ft": 6.5, "flood_active": false, "exposure_score": 0.195, "exposure_category": "low"}, "geometry": {"type": "Polygon", "coordinates": [[[-81.9611541, 26.4563279], [-81.9611281, 26.4564245], [-81.9612345, 26.4564475], [-81.9612605, 26.4563509], [-81.9611541, 26.4563279]]]}}, {"id": "35", "type": "Feature", "properties": {"id": "c410d739-5d99-4269-803d-61a5faa89041", "name": null, "subtype": null, "class": null, "height": null, "num_floors": null, "surge_class": 8, "surge_ft": 7.5, "flood_active": false, "exposure_score": 0.225, "exposure_category": "low"}, "geometry": {"type": "Polygon", "coordinates": [[[-81.9612634, 26.4573049], [-81.9613425, 26.4572504], [-81.9612821, 26.4571803], [-81.9612031, 26.4572348], [-81.9612634, 26.4573049]]]}}, {"id": "36", "type": "Feature", "properties": {"id": "ce004849-8f81-44e6-8971-b5ee46aa723f", "name": null, "subtype": "commercial", "class": "hotel", "height": 9.580580711364746, "num_floors": null, "surge_class": 6, "surge_ft": 5.5, "flood_active": false, "exposure_score": 0.165, "exposure_category": "low"}, "geometry": {"type": "Polygon", "coordinates": [[[-81.9612299, 26.4565852], [-81.9615085, 26.4568608], [-81.9616236, 26.4567675], [-81.9613451, 26.4564919], [-81.9612299, 26.4565852]]]}}, {"id": "37", "type": "Feature", "properties": {"id": "bf2fb3b3-edcb-4857-9bc8-ceb720201f67", "name": null, "subtype": null, "class": null, "height": null, "num_floors": null, "surge_class": 8, "surge_ft": 7.5, "flood_active": false, "exposure_score": 0.225, "exposure_category": "low"}, "geometry": {"type": "Polygon", "coordinates": [[[-81.9614301, 26.4572762], [-81.9613906, 26.4573079], [-81.9614152, 26.4573325], [-81.961349, 26.4573855], [-81.9613938, 26.4574303], [-81.9614995, 26.4573455], [-81.9614301, 26.4572762]]]}}, {"id": "38", "type": "Feature", "properties": {"id": "ed4d5392-718a-4702-8941-a6e21ff0c88b", "name": null, "subtype": null, "class": null, "height": 3.4569475650787354, "num_floors": null, "surge_class": 8, "surge_ft": 7.5, "flood_active": false, "exposure_score": 0.225, "exposure_category": "low"}, "geometry": {"type": "Polygon", "coordinates": [[[-81.9614025, 26.4583622], [-81.9614915, 26.4582442], [-81.9613709, 26.4581713], [-81.9612819, 26.4582894], [-81.9614025, 26.4583622]]]}}, {"id": "39", "type": "Feature", "properties": {"id": "92d53c40-f7e9-43ab-b079-4831d846e85d", "name": null, "subtype": null, "class": null, "height": 3.334009885787964, "num_floors": null, "surge_class": 8, "surge_ft": 7.5, "flood_active": false, "exposure_score": 0.225, "exposure_category": "low"}, "geometry": {"type": "Polygon", "coordinates": [[[-81.9614075, 26.4578219], [-81.9613164, 26.4577244], [-81.9611941, 26.4578161], [-81.9612331, 26.4578578], [-81.9612126, 26.4578732], [-81.9612647, 26.4579289], [-81.9614075, 26.4578219]]]}}, {"id": "40", "type": "Feature", "properties": {"id": "4003c5ca-6916-4fc6-b693-c1f568a1dfd4", "name": null, "subtype": null, "class": null, "height": null, "num_floors": null, "surge_class": 8, "surge_ft": 7.5, "flood_active": false, "exposure_score": 0.225, "exposure_category": "low"}, "geometry": {"type": "Polygon", "coordinates": [[[-81.9612972, 26.4580948], [-81.9614253, 26.4579882], [-81.961351, 26.4579166], [-81.9612229, 26.4580232], [-81.9612972, 26.4580948]]]}}, {"id": "41", "type": "Feature", "properties": {"id": "369ea5ae-7e4b-4219-b812-2f8c4634808c", "name": null, "subtype": null, "class": null, "height": 5.3054094314575195, "num_floors": null, "surge_class": 8, "surge_ft": 7.5, "flood_active": false, "exposure_score": 0.225, "exposure_category": "low"}, "geometry": {"type": "Polygon", "coordinates": [[[-81.9612221, 26.4588096], [-81.9613442, 26.45886], [-81.9614367, 26.4586919], [-81.9613133, 26.4586355], [-81.9612221, 26.4588096]]]}}, {"id": "42", "type": "Feature", "properties": {"id": "9be44f51-30bf-43e9-b902-61e0450c1150", "name": null, "subtype": null, "class": null, "height": null, "num_floors": null, "surge_class": 0, "surge_ft": 0.0, "flood_active": false, "exposure_score": 0.0, "exposure_category": "none"}, "geometry": {"type": "Polygon", "coordinates": [[[-81.961367, 26.4592585], [-81.9614421, 26.4592969], [-81.9614743, 26.4592392], [-81.9614005, 26.4592092], [-81.961367, 26.4592585]]]}}, {"id": "43", "type": "Feature", "properties": {"id": "522670d8-3f8d-4188-9561-c337bc2a0907", "name": null, "subtype": null, "class": null, "height": null, "num_floors": null, "surge_class": 0, "surge_ft": 0.0, "flood_active": false, "exposure_score": 0.0, "exposure_category": "none"}, "geometry": {"type": "Polygon", "coordinates": [[[-81.9610974, 26.4591276], [-81.961194, 26.459172], [-81.9612194, 26.45913], [-81.9611229, 26.4590856], [-81.9610974, 26.4591276]]]}}, {"id": "44", "type": "Feature", "properties": {"id": "c013d237-239f-4927-bd6d-e6784abb0de2", "name": null, "subtype": null, "class": null, "height": null, "num_floors": null, "surge_class": 8, "surge_ft": 7.5, "flood_active": false, "exposure_score": 0.225, "exposure_category": "low"}, "geometry": {"type": "Polygon", "coordinates": [[[-81.9612664, 26.4576881], [-81.9612063, 26.4576205], [-81.9611232, 26.4576796], [-81.9611834, 26.4577472], [-81.9612664, 26.4576881]]]}}, {"id": "45", "type": "Feature", "properties": {"id": "7957bc9a-1dae-4d23-b16d-f9311e704bfc", "name": null, "subtype": null, "class": null, "height": 3.3489441871643066, "num_floors": null, "surge_class": 9, "surge_ft": 8.5, "flood_active": false, "exposure_score": 0.255, "exposure_category": "moderate"}, "geometry": {"type": "Polygon", "coordinates": [[[-81.961082, 26.45821], [-81.961114, 26.458184], [-81.961201, 26.458267], [-81.96129, 26.458193], [-81.961157, 26.458067], [-81.961037, 26.458168], [-81.961082, 26.45821]]]}}, {"id": "46", "type": "Feature", "properties": {"id": "f65d10fd-a617-42cc-9d88-6058e2a5d334", "name": null, "subtype": null, "class": null, "height": null, "num_floors": null, "surge_class": 9, "surge_ft": 8.5, "flood_active": false, "exposure_score": 0.255, "exposure_category": "moderate"}, "geometry": {"type": "Polygon", "coordinates": [[[-81.9610675, 26.4577345], [-81.9610085, 26.4577823], [-81.9610778, 26.4578511], [-81.9611369, 26.4578033], [-81.9610675, 26.4577345]]]}}, {"id": "47", "type": "Feature", "properties": {"id": "6b3d5469-6dd3-417e-ba54-1ac991546d1b", "name": null, "subtype": null, "class": null, "height": 3.1986560821533203, "num_floors": null, "surge_class": 8, "surge_ft": 7.5, "flood_active": false, "exposure_score": 0.225, "exposure_category": "low"}, "geometry": {"type": "Polygon", "coordinates": [[[-81.9610096, 26.4581245], [-81.9611013, 26.4580388], [-81.9609888, 26.4579423], [-81.96094, 26.4579879], [-81.9609811, 26.4580232], [-81.9609383, 26.4580633], [-81.9610096, 26.4581245]]]}}, {"id": "48", "type": "Feature", "properties": {"id": "a83bfd2e-abd1-44d3-938a-52b5be3be9d7", "name": null, "subtype": null, "class": null, "height": 5.775319576263428, "num_floors": null, "surge_class": 7, "surge_ft": 6.5, "flood_active": false, "exposure_score": 0.195, "exposure_category": "low"}, "geometry": {"type": "Polygon", "coordinates": [[[-81.9610022, 26.4587435], [-81.9611001, 26.4587856], [-81.9611323, 26.4587711], [-81.9611993, 26.4586511], [-81.9610531, 26.458585], [-81.9609874, 26.4587003], [-81.9610022, 26.4587435]]]}}, {"id": "49", "type": "Feature", "properties": {"id": "6f5eaceb-8b88-4e36-b451-b48289c49a60", "name": null, "subtype": null, "class": null, "height": 3.5867111682891846, "num_floors": null, "surge_class": 8, "surge_ft": 7.5, "flood_active": false, "exposure_score": 0.225, "exposure_category": "low"}, "geometry": {"type": "Polygon", "coordinates": [[[-81.960891, 26.4569093], [-81.9610057, 26.456818], [-81.9609578, 26.4567697], [-81.960933, 26.4567894], [-81.9608991, 26.4567553], [-81.9608092, 26.4568268], [-81.960891, 26.4569093]]]}}, {"id": "50", "type": "Feature", "properties": {"id": "1150828c-a9b7-4fec-a1e7-51c1912450c2", "name": null, "subtype": null, "class": null, "height": 3.209428071975708, "num_floors": null, "surge_class": 7, "surge_ft": 6.5, "flood_active": false, "exposure_score": 0.195, "exposure_category": "low"}, "geometry": {"type": "Polygon", "coordinates": [[[-81.961013, 26.4562034], [-81.9609571, 26.456158], [-81.9608743, 26.4562397], [-81.9609303, 26.4562851], [-81.961013, 26.4562034]]]}}, {"id": "51", "type": "Feature", "properties": {"id": "8fa6d33a-9034-4d42-871c-db096c8b9817", "name": null, "subtype": null, "class": null, "height": 3.6709280014038086, "num_floors": null, "surge_class": 7, "surge_ft": 6.5, "flood_active": false, "exposure_score": 0.195, "exposure_category": "low"}, "geometry": {"type": "Polygon", "coordinates": [[[-81.9609498, 26.4565302], [-81.9608467, 26.4566139], [-81.9609201, 26.4566864], [-81.9610232, 26.4566028], [-81.9609498, 26.4565302]]]}}, {"id": "52", "type": "Feature", "properties": {"id": "3d5e4b69-8260-4bb4-a29b-6261893c2f9e", "name": null, "subtype": null, "class": null, "height": 4.024090766906738, "num_floors": null, "surge_class": 7, "surge_ft": 6.5, "flood_active": false, "exposure_score": 0.195, "exposure_category": "low"}, "geometry": {"type": "Polygon", "coordinates": [[[-81.9610362, 26.456405], [-81.9611413, 26.4563398], [-81.9610736, 26.4562522], [-81.9609684, 26.4563173], [-81.9610362, 26.456405]]]}}, {"id": "53", "type": "Feature", "properties": {"id": "1cf933d5-cb00-4d76-8f11-a3b077914f89", "name": null, "subtype": null, "class": null, "height": 4.1400322914123535, "num_floors": null, "surge_class": 7, "surge_ft": 6.5, "flood_active": false, "exposure_score": 0.195, "exposure_category": "low"}, "geometry": {"type": "Polygon", "coordinates": [[[-81.9610614, 26.456577], [-81.9611482, 26.4565008], [-81.9610705, 26.4564298], [-81.9609836, 26.456506], [-81.9610614, 26.456577]]]}}, {"id": "54", "type": "Feature", "properties": {"id": "57d54d52-97b2-484e-bbb4-a72ea425c1f3", "name": null, "subtype": null, "class": null, "height": null, "num_floors": null, "surge_class": 7, "surge_ft": 6.5, "flood_active": false, "exposure_score": 0.195, "exposure_category": "low"}, "geometry": {"type": "Polygon", "coordinates": [[[-81.9608168, 26.4561915], [-81.9609057, 26.4561159], [-81.9608575, 26.4560705], [-81.9607686, 26.456146], [-81.9608168, 26.4561915]]]}}, {"id": "55", "type": "Feature", "properties": {"id": "1b38e376-2fe5-4e1e-906f-c04c748c04c8", "name": null, "subtype": null, "class": null, "height": 4.048019886016846, "num_floors": null, "surge_class": 8, "surge_ft": 7.5, "flood_active": false, "exposure_score": 0.225, "exposure_category": "low"}, "geometry": {"type": "Polygon", "coordinates": [[[-81.9608106, 26.4566442], [-81.9607122, 26.4567269], [-81.9607858, 26.4567971], [-81.9608842, 26.4567144], [-81.9608106, 26.4566442]]]}}, {"id": "56", "type": "Feature", "properties": {"id": "d0c11135-810a-43e7-94a0-86e80a6b0baf", "name": null, "subtype": null, "class": null, "height": 4.368715286254883, "num_floors": null, "surge_class": 7, "surge_ft": 6.5, "flood_active": false, "exposure_score": 0.195, "exposure_category": "low"}, "geometry": {"type": "Polygon", "coordinates": [[[-81.9607809, 26.4564148], [-81.9608615, 26.4563446], [-81.9608132, 26.4563002], [-81.9607326, 26.4563704], [-81.9607809, 26.4564148]]]}}, {"id": "57", "type": "Feature", "properties": {"id": "b2d31245-2dd1-4f9a-ae6a-9471a6d812e7", "name": null, "subtype": null, "class": null, "height": 3.7708866596221924, "num_floors": null, "surge_class": 7, "surge_ft": 6.5, "flood_active": false, "exposure_score": 0.195, "exposure_category": "low"}, "geometry": {"type": "Polygon", "coordinates": [[[-81.960695, 26.4559161], [-81.9606035, 26.4560303], [-81.9606761, 26.4560769], [-81.9607676, 26.4559628], [-81.960695, 26.4559161]]]}}, {"id": "58", "type": "Feature", "properties": {"id": "381db8b3-fdd4-4fa4-a3ce-220656c32689", "name": null, "subtype": null, "class": null, "height": 4.5679931640625, "num_floors": null, "surge_class": 7, "surge_ft": 6.5, "flood_active": false, "exposure_score": 0.195, "exposure_category": "low"}, "geometry": {"type": "Polygon", "coordinates": [[[-81.9607192, 26.4561795], [-81.9606305, 26.4562538], [-81.9606792, 26.4563005], [-81.9607679, 26.4562262], [-81.9607192, 26.4561795]]]}}, {"id": "59", "type": "Feature", "properties": {"id": "1db81866-9cff-49ea-95e7-27ce9950bca1", "name": null, "subtype": null, "class": null, "height": 5.115853786468506, "num_floors": null, "surge_class": 7, "surge_ft": 6.5, "flood_active": false, "exposure_score": 0.195, "exposure_category": "low"}, "geometry": {"type": "Polygon", "coordinates": [[[-81.9606795, 26.4565022], [-81.9607438, 26.4564502], [-81.9606891, 26.4563959], [-81.9606248, 26.4564479], [-81.9606795, 26.4565022]]]}}, {"id": "60", "type": "Feature", "properties": {"id": "a65d8a94-e908-4802-9e92-ce07fc874fc4", "name": null, "subtype": null, "class": null, "height": 5.075618743896484, "num_floors": null, "surge_class": 7, "surge_ft": 6.5, "flood_active": false, "exposure_score": 0.195, "exposure_category": "low"}, "geometry": {"type": "Polygon", "coordinates": [[[-81.9607397, 26.4571861], [-81.960609, 26.4572925], [-81.960719, 26.4574009], [-81.960835, 26.4573065], [-81.960763, 26.4572355], [-81.9607776, 26.4572235], [-81.9607397, 26.4571861]]]}}, {"id": "61", "type": "Feature", "properties": {"id": "34223048-7cf5-4bcd-a901-8acc872cbc06", "name": null, "subtype": null, "class": null, "height": 4.923360824584961, "num_floors": null, "surge_class": 8, "surge_ft": 7.5, "flood_active": false, "exposure_score": 0.225, "exposure_category": "low"}, "geometry": {"type": "Polygon", "coordinates": [[[-81.9607245, 26.4576068], [-81.9607275, 26.457518], [-81.9605506, 26.4575132], [-81.9605476, 26.457602], [-81.9607245, 26.4576068]]]}}, {"id": "62", "type": "Feature", "properties": {"id": "23d37062-8829-408f-83d7-c8748a121ad4", "name": null, "subtype": "residential", "class": "house", "height": 4.993721008300781, "num_floors": null, "surge_class": 8, "surge_ft": 7.5, "flood_active": false, "exposure_score": 0.225, "exposure_category": "low"}, "geometry": {"type": "Polygon", "coordinates": [[[-81.9603483, 26.4570136], [-81.9602877, 26.4570623], [-81.9603254, 26.4570999], [-81.960339, 26.4570889], [-81.9603808, 26.4571306], [-81.9604713, 26.4570578], [-81.9604742, 26.4570607], [-81.9605057, 26.4570353], [-81.9605006, 26.4570302], [-81.9605567, 26.456985], [-81.9605214, 26.4569498], [-81.9604941, 26.4569718], [-81.9604872, 26.4569648], [-81.9605144, 26.4569429], [-81.9604795, 26.456908], [-81.9604098, 26.4569641], [-81.9604044, 26.4569587], [-81.9603429, 26.4570082], [-81.9603483, 26.4570136]]]}}, {"id": "63", "type": "Feature", "properties": {"id": "06d1a8d7-0e0a-40fc-9a9f-f88b55deb2db", "name": null, "subtype": null, "class": null, "height": 5.820821762084961, "num_floors": null, "surge_class": 8, "surge_ft": 7.5, "flood_active": false, "exposure_score": 0.225, "exposure_category": "low"}, "geometry": {"type": "Polygon", "coordinates": [[[-81.9605601, 26.4564127], [-81.9604986, 26.4563532], [-81.9604163, 26.4564215], [-81.9604778, 26.4564809], [-81.9605601, 26.4564127]]]}}, {"id": "64", "type": "Feature", "properties": {"id": "8cab9898-1266-4c5e-98a8-37862b3f700a", "name": null, "subtype": null, "class": null, "height": 4.5711894035339355, "num_floors": null, "surge_class": 8, "surge_ft": 7.5, "flood_active": false, "exposure_score": 0.225, "exposure_category": "low"}, "geometry": {"type": "Polygon", "coordinates": [[[-81.9605743, 26.4563883], [-81.9606523, 26.4563436], [-81.9606024, 26.4562738], [-81.9605244, 26.4563185], [-81.9605743, 26.4563883]]]}}, {"id": "65", "type": "Feature", "properties": {"id": "2d915de0-bf33-4190-9229-599ab3f04694", "name": null, "subtype": null, "class": null, "height": 5.346189022064209, "num_floors": null, "surge_class": 8, "surge_ft": 7.5, "flood_active": false, "exposure_score": 0.225, "exposure_category": "low"}, "geometry": {"type": "Polygon", "coordinates": [[[-81.9606429, 26.4565372], [-81.9605917, 26.4564853], [-81.9605155, 26.4565455], [-81.9605667, 26.4565974], [-81.9606429, 26.4565372]]]}}, {"id": "66", "type": "Feature", "properties": {"id": "36346b47-5c01-42f7-8efb-997001fafa4a", "name": null, "subtype": "residential", "class": "house", "height": 5.8406829833984375, "num_floors": null, "surge_class": 8, "surge_ft": 7.5, "flood_active": false, "exposure_score": 0.225, "exposure_category": "low"}, "geometry": {"type": "Polygon", "coordinates": [[[-81.9604568, 26.4571379], [-81.9603962, 26.4571867], [-81.9604339, 26.4572242], [-81.9604476, 26.4572133], [-81.9604894, 26.4572549], [-81.9605798, 26.4571822], [-81.9605827, 26.457185], [-81.9606143, 26.4571596], [-81.9606091, 26.4571545], [-81.9606653, 26.4571094], [-81.96063, 26.4570742], [-81.9606027, 26.4570961], [-81.9605957, 26.4570892], [-81.960623, 26.4570672], [-81.960588, 26.4570324], [-81.9605184, 26.4570884], [-81.960513, 26.4570831], [-81.9604514, 26.4571326], [-81.9604568, 26.4571379]]]}}, {"id": "67", "type": "Feature", "properties": {"id": "e4e3b226-3231-45b5-a289-1ad5d3b3add0", "name": null, "subtype": null, "class": null, "height": 4.86563777923584, "num_floors": null, "surge_class": 8, "surge_ft": 7.5, "flood_active": false, "exposure_score": 0.225, "exposure_category": "low"}, "geometry": {"type": "Polygon", "coordinates": [[[-81.9604818, 26.4577722], [-81.9605891, 26.4577938], [-81.9606227, 26.4576618], [-81.9605449, 26.4576425], [-81.9605368, 26.457687], [-81.9605033, 26.4576798], [-81.9604818, 26.4577722]]]}}, {"id": "68", "type": "Feature", "properties": {"id": "7d0a5b5f-9638-4722-94c6-0768793b056d", "name": null, "subtype": null, "class": null, "height": 5.983600616455078, "num_floors": null, "surge_class": 8, "surge_ft": 7.5, "flood_active": false, "exposure_score": 0.225, "exposure_category": "low"}, "geometry": {"type": "Polygon", "coordinates": [[[-81.960345, 26.4579283], [-81.960569, 26.4580183], [-81.9606401, 26.4578911], [-81.9604202, 26.4577927], [-81.960345, 26.4579283]]]}}, {"id": "69", "type": "Feature", "properties": {"id": "4b45fca1-ecca-443e-a166-eae0c1842ffa", "name": null, "subtype": null, "class": null, "height": 6.188628196716309, "num_floors": null, "surge_class": 7, "surge_ft": 6.5, "flood_active": false, "exposure_score": 0.195, "exposure_category": "low"}, "geometry": {"type": "Polygon", "coordinates": [[[-81.9604047, 26.4580348], [-81.9603541, 26.458017], [-81.9603473, 26.458037], [-81.9603206, 26.4580251], [-81.9602783, 26.4581394], [-81.9603659, 26.4581712], [-81.9603743, 26.4581577], [-81.9604975, 26.4581318], [-81.9604785, 26.4580322], [-81.9604047, 26.4580348]]]}}, {"id": "70", "type": "Feature", "properties": {"id": "3b1b956a-4df1-43e6-be04-6c343f3af99a", "name": null, "subtype": null, "class": null, "height": 4.133731365203857, "num_floors": null, "surge_class": 8, "surge_ft": 7.5, "flood_active": false, "exposure_score": 0.225, "exposure_category": "low"}, "geometry": {"type": "Polygon", "coordinates": [[[-81.9603772, 26.4585046], [-81.9604564, 26.4585466], [-81.960506, 26.458447], [-81.9604778, 26.458435], [-81.9604966, 26.4584013], [-81.9604778, 26.4583881], [-81.9605046, 26.4583449], [-81.960388, 26.4583065], [-81.9603678, 26.4583677], [-81.9604349, 26.4583941], [-81.9603772, 26.4585046]]]}}, {"id": "71", "type": "Feature", "properties": {"id": "c10d1206-f98b-4bd0-915a-734ac27b18fa", "name": null, "subtype": null, "class": null, "height": 5.314487457275391, "num_floors": null, "surge_class": 8, "surge_ft": 7.5, "flood_active": false, "exposure_score": 0.225, "exposure_category": "low"}, "geometry": {"type": "Polygon", "coordinates": [[[-81.9605194, 26.4585418], [-81.9606884, 26.4586151], [-81.9607527, 26.4584938], [-81.9607246, 26.4584818], [-81.9607447, 26.4584446], [-81.960679, 26.4584194], [-81.9606589, 26.4584578], [-81.960569, 26.4584218], [-81.9605502, 26.458477], [-81.9605301, 26.458471], [-81.9605113, 26.4585094], [-81.9605315, 26.4585166], [-81.9605194, 26.4585418]]]}}, {"id": "72", "type": "Feature", "properties": {"id": "8249c7bd-4692-4f07-94b9-e44db2c44072", "name": null, "subtype": null, "class": null, "height": null, "num_floors": null, "surge_class": 0, "surge_ft": 0.0, "flood_active": false, "exposure_score": 0.0, "exposure_category": "none"}, "geometry": {"type": "Polygon", "coordinates": [[[-81.960687, 26.4590039], [-81.960848, 26.4590808], [-81.9609083, 26.4589751], [-81.9607501, 26.4588959], [-81.960687, 26.4590039]]]}}, {"id": "73", "type": "Feature", "properties": {"id": "92886cba-a065-4b36-bba6-817a41ac064b", "name": null, "subtype": null, "class": null, "height": 3.623209238052368, "num_floors": null, "surge_class": 8, "surge_ft": 7.5, "flood_active": false, "exposure_score": 0.225, "exposure_category": "low"}, "geometry": {"type": "Polygon", "coordinates": [[[-81.9607594, 26.4586439], [-81.9608091, 26.4586631], [-81.960852, 26.4586475], [-81.9608694, 26.4586079], [-81.96086, 26.4585718], [-81.9608131, 26.4585514], [-81.9607688, 26.4585646], [-81.9607487, 26.4586031], [-81.9607594, 26.4586439]]]}}, {"id": "74", "type": "Feature", "properties": {"id": "c20fdf33-f478-47a8-97a0-e2860100d0e3", "name": null, "subtype": null, "class": null, "height": null, "num_floors": null, "surge_class": 8, "surge_ft": 7.5, "flood_active": false, "exposure_score": 0.225, "exposure_category": "low"}, "geometry": {"type": "Polygon", "coordinates": [[[-81.9615541, 26.4581491], [-81.9616269, 26.4580934], [-81.9615553, 26.4580185], [-81.9614826, 26.4580743], [-81.9615541, 26.4581491]]]}}, {"id": "75", "type": "Feature", "properties": {"id": "730b9c78-d1d1-4f84-a732-4fdc34f0abf6", "name": null, "subtype": null, "class": null, "height": 4.874233245849609, "num_floors": null, "surge_class": 8, "surge_ft": 7.5, "flood_active": false, "exposure_score": 0.225, "exposure_category": "low"}, "geometry": {"type": "Polygon", "coordinates": [[[-81.9614756, 26.4583353], [-81.961552, 26.4584074], [-81.961654, 26.4583185], [-81.9615789, 26.4582489], [-81.9614756, 26.4583353]]]}}, {"id": "76", "type": "Feature", "properties": {"id": "275ae496-099e-456c-bb70-e232695e6124", "name": null, "subtype": null, "class": null, "height": 4.587994575500488, "num_floors": null, "surge_class": 8, "surge_ft": 7.5, "flood_active": false, "exposure_score": 0.225, "exposure_category": "low"}, "geometry": {"type": "Polygon", "coordinates": [[[-81.9613702, 26.4589653], [-81.9615011, 26.4590251], [-81.9615759, 26.4588721], [-81.9614477, 26.4588242], [-81.9613702, 26.4589653]]]}}, {"id": "77", "type": "Feature", "properties": {"id": "48aa51c1-dff5-4efd-8c01-ecdfb6ec6cc0", "name": null, "subtype": null, "class": null, "height": null, "num_floors": null, "surge_class": 8, "surge_ft": 7.5, "flood_active": false, "exposure_score": 0.225, "exposure_category": "low"}, "geometry": {"type": "Polygon", "coordinates": [[[-81.9615212, 26.4573279], [-81.9615948, 26.4572682], [-81.9615267, 26.457201], [-81.9614531, 26.4572607], [-81.9615212, 26.4573279]]]}}, {"id": "78", "type": "Feature", "properties": {"id": "d2146393-2279-4124-b211-7b1ff7173c14", "name": null, "subtype": null, "class": null, "height": null, "num_floors": null, "surge_class": 7, "surge_ft": 6.5, "flood_active": false, "exposure_score": 0.195, "exposure_category": "low"}, "geometry": {"type": "Polygon", "coordinates": [[[-81.9615058, 26.4571341], [-81.9616225, 26.4570557], [-81.9615497, 26.4569688], [-81.961433, 26.4570472], [-81.9615058, 26.4571341]]]}}, {"id": "79", "type": "Feature", "properties": {"id": "09a2c356-66a2-404c-99b2-555cd6978246", "name": null, "subtype": null, "class": null, "height": null, "num_floors": null, "surge_class": 6, "surge_ft": 5.5, "flood_active": false, "exposure_score": 0.165, "exposure_category": "low"}, "geometry": {"type": "Polygon", "coordinates": [[[-81.9618188, 26.457179], [-81.9615907, 26.4573687], [-81.9616844, 26.4574589], [-81.9619124, 26.4572692], [-81.9618188, 26.457179]]]}}, {"id": "80", "type": "Feature", "properties": {"id": "23d3c2a7-e6ab-41eb-be14-06cebfda5ba5", "name": null, "subtype": null, "class": null, "height": null, "num_floors": null, "surge_class": 7, "surge_ft": 6.5, "flood_active": false, "exposure_score": 0.195, "exposure_category": "low"}, "geometry": {"type": "Polygon", "coordinates": [[[-81.9618138, 26.4570854], [-81.9617573, 26.4570237], [-81.961682, 26.457079], [-81.9617385, 26.4571407], [-81.9618138, 26.4570854]]]}}, {"id": "81", "type": "Feature", "properties": {"id": "fd2958a7-b5e0-4276-85ec-c4f1ce0abdc3", "name": null, "subtype": null, "class": null, "height": null, "num_floors": null, "surge_class": 7, "surge_ft": 6.5, "flood_active": false, "exposure_score": 0.195, "exposure_category": "low"}, "geometry": {"type": "Polygon", "coordinates": [[[-81.9618126, 26.4567534], [-81.9617103, 26.4568303], [-81.9617703, 26.4568943], [-81.9618726, 26.4568175], [-81.9618126, 26.4567534]]]}}, {"id": "82", "type": "Feature", "properties": {"id": "04be490c-4fe5-4e91-8cc5-064ed03f30e0", "name": null, "subtype": null, "class": null, "height": null, "num_floors": null, "surge_class": 7, "surge_ft": 6.5, "flood_active": false, "exposure_score": 0.195, "exposure_category": "low"}, "geometry": {"type": "Polygon", "coordinates": [[[-81.9619363, 26.4568807], [-81.9618373, 26.4569627], [-81.9618942, 26.4570178], [-81.9619932, 26.4569358], [-81.9619363, 26.4568807]]]}}, {"id": "83", "type": "Feature", "properties": {"id": "9330dfd0-0306-4ca8-9411-39012951c2fb", "name": null, "subtype": null, "class": null, "height": null, "num_floors": null, "surge_class": 6, "surge_ft": 5.5, "flood_active": false, "exposure_score": 0.165, "exposure_category": "low"}, "geometry": {"type": "Polygon", "coordinates": [[[-81.9619632, 26.4573364], [-81.961742, 26.4575182], [-81.9618355, 26.4576094], [-81.9620567, 26.4574276], [-81.9619632, 26.4573364]]]}}, {"id": "84", "type": "Feature", "properties": {"id": "71e1f737-1851-4ff5-ad59-55e99786eb75", "name": null, "subtype": null, "class": null, "height": 3.61552357673645, "num_floors": null, "surge_class": 8, "surge_ft": 7.5, "flood_active": false, "exposure_score": 0.225, "exposure_category": "low"}, "geometry": {"type": "Polygon", "coordinates": [[[-81.9618441, 26.4583108], [-81.961712, 26.4584197], [-81.9617721, 26.4584781], [-81.9619042, 26.4583693], [-81.9618441, 26.4583108]]]}}, {"id": "85", "type": "Feature", "properties": {"id": "0838c778-032d-40e5-a0da-563234c76cbd", "name": null, "subtype": null, "class": null, "height": null, "num_floors": null, "surge_class": 8, "surge_ft": 7.5, "flood_active": false, "exposure_score": 0.225, "exposure_category": "low"}, "geometry": {"type": "Polygon", "coordinates": [[[-81.9618235, 26.4582881], [-81.9617636, 26.458214], [-81.9616791, 26.4582687], [-81.9617389, 26.4583428], [-81.9618235, 26.4582881]]]}}, {"id": "86", "type": "Feature", "properties": {"id": "a98fdca0-bbc2-48ea-94db-ed3c9a68f31c", "name": null, "subtype": null, "class": null, "height": 4.473230361938477, "num_floors": null, "surge_class": 8, "surge_ft": 7.5, "flood_active": false, "exposure_score": 0.225, "exposure_category": "low"}, "geometry": {"type": "Polygon", "coordinates": [[[-81.9616747, 26.4589821], [-81.9618617, 26.4589534], [-81.961835, 26.4588266], [-81.9616507, 26.4588577], [-81.9616747, 26.4589821]]]}}, {"id": "87", "type": "Feature", "properties": {"id": "6145a743-0f40-4d1b-9d1e-bbda351776a9", "name": null, "subtype": null, "class": null, "height": 5.815237045288086, "num_floors": null, "surge_class": 8, "surge_ft": 7.5, "flood_active": false, "exposure_score": 0.225, "exposure_category": "low"}, "geometry": {"type": "Polygon", "coordinates": [[[-81.9621813, 26.4586953], [-81.9622091, 26.4587016], [-81.96223, 26.458627], [-81.9621619, 26.4586117], [-81.9621701, 26.4585824], [-81.9621247, 26.4585721], [-81.9620841, 26.4587167], [-81.9621699, 26.458736], [-81.9621813, 26.4586953]]]}}, {"id": "88", "type": "Feature", "properties": {"id": "a0d360ec-f913-4358-93f4-b5dd6110981a", "name": null, "subtype": null, "class": null, "height": null, "num_floors": null, "surge_class": 0, "surge_ft": 0.0, "flood_active": false, "exposure_score": 0.0, "exposure_category": "none"}, "geometry": {"type": "Polygon", "coordinates": [[[-81.9621341, 26.4590965], [-81.9622038, 26.4591686], [-81.9623218, 26.4590785], [-81.9622521, 26.4590113], [-81.9621341, 26.4590965]]]}}, {"id": "89", "type": "Feature", "properties": {"id": "d5d7c514-7447-431b-9dd9-8ba366bc65ce", "name": null, "subtype": null, "class": null, "height": 3.9476394653320312, "num_floors": null, "surge_class": 8, "surge_ft": 7.5, "flood_active": false, "exposure_score": 0.225, "exposure_category": "low"}, "geometry": {"type": "Polygon", "coordinates": [[[-81.9619673, 26.458823], [-81.9620474, 26.4588091], [-81.9620278, 26.4587188], [-81.9619477, 26.4587327], [-81.9619673, 26.458823]]]}}, {"id": "90", "type": "Feature", "properties": {"id": "b335c77a-8957-454f-a2f6-ab425006bc5a", "name": null, "subtype": null, "class": null, "height": null, "num_floors": null, "surge_class": 7, "surge_ft": 6.5, "flood_active": false, "exposure_score": 0.195, "exposure_category": "low"}, "geometry": {"type": "Polygon", "coordinates": [[[-81.9619544, 26.4579354], [-81.9620201, 26.4579942], [-81.9620992, 26.4579294], [-81.9620322, 26.4578729], [-81.9619544, 26.4579354]]]}}, {"id": "91", "type": "Feature", "properties": {"id": "259cb77f-5b6d-4646-b132-d634f5b5dce6", "name": null, "subtype": null, "class": null, "height": 11.388715744018555, "num_floors": null, "surge_class": 6, "surge_ft": 5.5, "flood_active": false, "exposure_score": 0.165, "exposure_category": "low"}, "geometry": {"type": "Polygon", "coordinates": [[[-81.961949, 26.4571985], [-81.9621488, 26.4573906], [-81.9623037, 26.4572729], [-81.9620717, 26.4570334], [-81.9618819, 26.4571757], [-81.9619242, 26.4572153], [-81.961949, 26.4571985]]]}}, {"id": "92", "type": "Feature", "properties": {"id": "272ff854-9429-4ca3-8bf6-d718f62b0282", "name": null, "subtype": "commercial", "class": "hotel", "height": 14.096129417419434, "num_floors": null, "surge_class": 6, "surge_ft": 5.5, "flood_active": false, "exposure_score": 0.165, "exposure_category": "low"}, "geometry": {"type": "Polygon", "coordinates": [[[-81.9623084, 26.4575476], [-81.962417, 26.4576436], [-81.9625766, 26.4575127], [-81.9624774, 26.4574203], [-81.9623084, 26.4575476]]]}}, {"id": "93", "type": "Feature", "properties": {"id": "aecac090-3e0f-46cc-bc78-68b93b8d8fcd", "name": null, "subtype": null, "class": null, "height": 3.964963436126709, "num_floors": null, "surge_class": 8, "surge_ft": 7.5, "flood_active": false, "exposure_score": 0.225, "exposure_category": "low"}, "geometry": {"type": "Polygon", "coordinates": [[[-81.9623852, 26.4588127], [-81.9623157, 26.4587451], [-81.9622097, 26.4588325], [-81.9622792, 26.4589001], [-81.9623852, 26.4588127]]]}}, {"id": "94", "type": "Feature", "properties": {"id": "06ec824f-d221-41cf-90e9-0c2f38b87db1", "name": null, "subtype": null, "class": null, "height": null, "num_floors": null, "surge_class": 8, "surge_ft": 7.5, "flood_active": false, "exposure_score": 0.225, "exposure_category": "low"}, "geometry": {"type": "Polygon", "coordinates": [[[-81.9622615, 26.4590098], [-81.9623312, 26.4590722], [-81.9624305, 26.4589954], [-81.9623574, 26.4589281], [-81.9622615, 26.4590098]]]}}, {"id": "95", "type": "Feature", "properties": {"id": "6fa0384f-74f7-47ef-b6fa-44c7be91a534", "name": null, "subtype": null, "class": null, "height": null, "num_floors": null, "surge_class": 9, "surge_ft": 8.5, "flood_active": false, "exposure_score": 0.255, "exposure_category": "moderate"}, "geometry": {"type": "Polygon", "coordinates": [[[-81.9622575, 26.4591577], [-81.9623272, 26.459225], [-81.9624908, 26.4591025], [-81.9624197, 26.4590317], [-81.9622575, 26.4591577]]]}}, {"id": "96", "type": "Feature", "properties": {"id": "9ce5ee8c-6f5e-486c-9aeb-39ac2cdc164a", "name": null, "subtype": null, "class": null, "height": null, "num_floors": 2, "surge_class": 9, "surge_ft": 8.5, "flood_active": false, "exposure_score": 0.255, "exposure_category": "moderate"}, "geometry": {"type": "Polygon", "coordinates": [[[-81.9623311, 26.4592795], [-81.9622482, 26.4593488], [-81.9623293, 26.4594274], [-81.9624189, 26.4593525], [-81.9624537, 26.4593235], [-81.9624548, 26.4593226], [-81.962532, 26.459258], [-81.9625554, 26.4592384], [-81.9625756, 26.4592216], [-81.9625801, 26.4592178], [-81.9626026, 26.459199], [-81.9626183, 26.4591859], [-81.9626333, 26.4591734], [-81.9626069, 26.4591478], [-81.9625919, 26.4591603], [-81.9625845, 26.4591665], [-81.9625699, 26.4591524], [-81.96258, 26.459144], [-81.9625481, 26.4591131], [-81.9625381, 26.4591215], [-81.9625305, 26.4591279], [-81.9625064, 26.459148], [-81.9624772, 26.4591724], [-81.9624592, 26.4591874], [-81.9623958, 26.4592404], [-81.9623954, 26.4592408], [-81.9623702, 26.4592618], [-81.9623461, 26.459282], [-81.9623311, 26.4592795]]]}}, {"id": "97", "type": "Feature", "properties": {"id": "a60f339b-4e66-4f10-ae56-66733a58336a", "name": null, "subtype": null, "class": null, "height": 4.407276630401611, "num_floors": null, "surge_class": 8, "surge_ft": 7.5, "flood_active": false, "exposure_score": 0.225, "exposure_category": "low"}, "geometry": {"type": "Polygon", "coordinates": [[[-81.9581334, 26.4575072], [-81.9580874, 26.4576357], [-81.9581774, 26.4576615], [-81.9582234, 26.457533], [-81.9581334, 26.4575072]]]}}, {"id": "98", "type": "Feature", "properties": {"id": "ea3ba92b-b579-473b-af8d-ef65ca8234c6", "name": null, "subtype": null, "class": null, "height": 7.047901630401611, "num_floors": null, "surge_class": 7, "surge_ft": 6.5, "flood_active": false, "exposure_score": 0.195, "exposure_category": "low"}, "geometry": {"type": "Polygon", "coordinates": [[[-81.9581231, 26.4554364], [-81.9581423, 26.4554507], [-81.9581656, 26.4554585], [-81.9581905, 26.4554589], [-81.9582142, 26.4554519], [-81.9582339, 26.4554383], [-81.9582475, 26.4554196], [-81.9582533, 26.4553988], [-81.9582514, 26.4553773], [-81.9582419, 26.4553576], [-81.9582258, 26.4553416], [-81.9582049, 26.455331], [-81.9581813, 26.455327], [-81.9581575, 26.4553299], [-81.958136, 26.4553396], [-81.9581191, 26.4553548], [-81.9581085, 26.4553741], [-81.9581054, 26.4553954], [-81.9581103, 26.4554173], [-81.9581231, 26.4554364]]]}}, {"id": "99", "type": "Feature", "properties": {"id": "012f329c-f9a5-4039-80ae-4c643126f6c1", "name": null, "subtype": null, "class": null, "height": 5.769321441650391, "num_floors": null, "surge_class": 7, "surge_ft": 6.5, "flood_active": false, "exposure_score": 0.195, "exposure_category": "low"}, "geometry": {"type": "Polygon", "coordinates": [[[-81.9582067, 26.4553197], [-81.9582898, 26.455369], [-81.9583542, 26.4552753], [-81.9582764, 26.4552285], [-81.9582067, 26.4553197]]]}}, {"id": "100", "type": "Feature", "properties": {"id": "5fa6aec8-8c1d-4b85-949e-a0e76e45456d", "name": null, "subtype": null, "class": null, "height": 4.593730449676514, "num_floors": null, "surge_class": 7, "surge_ft": 6.5, "flood_active": false, "exposure_score": 0.195, "exposure_category": "low"}, "geometry": {"type": "Polygon", "coordinates": [[[-81.9582504, 26.4543759], [-81.9581065, 26.4546935], [-81.9582171, 26.4547337], [-81.958361, 26.4544161], [-81.9582504, 26.4543759]]]}}, {"id": "101", "type": "Feature", "properties": {"id": "9529ad54-cefe-4e3e-a52b-c90c798985b7", "name": null, "subtype": null, "class": null, "height": 7.020244598388672, "num_floors": null, "surge_class": 7, "surge_ft": 6.5, "flood_active": false, "exposure_score": 0.195, "exposure_category": "low"}, "geometry": {"type": "Polygon", "coordinates": [[[-81.958267, 26.4542544], [-81.9582188, 26.4543502], [-81.9583513, 26.4544037], [-81.9583995, 26.4543079], [-81.958267, 26.4542544]]]}}, {"id": "102", "type": "Feature", "properties": {"id": "967f5b93-a83d-4db3-827e-b87ed656f4eb", "name": null, "subtype": null, "class": null, "height": 4.797756195068359, "num_floors": null, "surge_class": 6, "surge_ft": 5.5, "flood_active": false, "exposure_score": 0.165, "exposure_category": "low"}, "geometry": {"type": "Polygon", "coordinates": [[[-81.9582455, 26.4555875], [-81.9583072, 26.4556283], [-81.9584507, 26.4554518], [-81.9583783, 26.4554134], [-81.9582455, 26.4555875]]]}}, {"id": "103", "type": "Feature", "properties": {"id": "8256bba0-8e74-4478-9808-1e1c1ff81742", "name": null, "subtype": null, "class": null, "height": 4.941403388977051, "num_floors": null, "surge_class": 7, "surge_ft": 6.5, "flood_active": false, "exposure_score": 0.195, "exposure_category": "low"}, "geometry": {"type": "Polygon", "coordinates": [[[-81.9581792, 26.4561357], [-81.9582677, 26.4561261], [-81.9582677, 26.4561093], [-81.9583213, 26.4561033], [-81.9582891, 26.4559856], [-81.958202, 26.4559929], [-81.9582033, 26.4560097], [-81.958159, 26.4560085], [-81.9581792, 26.4561357]]]}}, {"id": "104", "type": "Feature", "properties": {"id": "04f08e93-93aa-4212-813f-fc7f1affe754", "name": null, "subtype": null, "class": null, "height": 3.051177978515625, "num_floors": null, "surge_class": 9, "surge_ft": 8.5, "flood_active": false, "exposure_score": 0.255, "exposure_category": "moderate"}, "geometry": {"type": "Polygon", "coordinates": [[[-81.95836, 26.457131], [-81.958397, 26.457147], [-81.958375, 26.457188], [-81.958419, 26.457207], [-81.95847, 26.457111], [-81.958389, 26.457076], [-81.95836, 26.457131]]]}}, {"id": "105", "type": "Feature", "properties": {"id": "1f43e7fd-0be7-4521-b3a6-a0dfd739c2a4", "name": null, "subtype": null, "class": null, "height": 3.3410346508026123, "num_floors": null, "surge_class": 7, "surge_ft": 6.5, "flood_active": false, "exposure_score": 0.195, "exposure_category": "low"}, "geometry": {"type": "Polygon", "coordinates": [[[-81.9584212, 26.4556523], [-81.9585392, 26.4557232], [-81.9585889, 26.4556547], [-81.9584695, 26.4555839], [-81.9584212, 26.4556523]]]}}, {"id": "106", "type": "Feature", "properties": {"id": "60a609be-6fb9-403d-ae53-15a7e6ffa64b", "name": null, "subtype": null, "class": null, "height": 4.711212158203125, "num_floors": null, "surge_class": 6, "surge_ft": 5.5, "flood_active": false, "exposure_score": 0.165, "exposure_category": "low"}, "geometry": {"type": "Polygon", "coordinates": [[[-81.9585654, 26.4544481], [-81.9583663, 26.4548581], [-81.9584769, 26.4549011], [-81.9586759, 26.4544911], [-81.9585654, 26.4544481]]]}}, {"id": "107", "type": "Feature", "properties": {"id": "996736c9-4bdc-4d97-be73-e7c8cc85001d", "name": null, "subtype": null, "class": null, "height": null, "num_floors": 1, "surge_class": 7, "surge_ft": 6.5, "flood_active": false, "exposure_score": 0.195, "exposure_category": "low"}, "geometry": {"type": "Polygon", "coordinates": [[[-81.9586302, 26.4549879], [-81.9586058, 26.4550323], [-81.9586387, 26.4550469], [-81.9586631, 26.4550025], [-81.9586302, 26.4549879]]]}}, {"id": "108", "type": "Feature", "properties": {"id": "18a6e67f-bf88-4ffc-ae44-567c2fb987e4", "name": null, "subtype": null, "class": null, "height": 4.905613422393799, "num_floors": null, "surge_class": 8, "surge_ft": 7.5, "flood_active": false, "exposure_score": 0.225, "exposure_category": "low"}, "geometry": {"type": "Polygon", "coordinates": [[[-81.9584514, 26.4562558], [-81.9585439, 26.4563002], [-81.9586003, 26.4562066], [-81.9585171, 26.4561609], [-81.9584514, 26.4562558]]]}}, {"id": "109", "type": "Feature", "properties": {"id": "f05043d5-1062-4a67-9e54-d6aa8b5a1566", "name": null, "subtype": null, "class": null, "height": 5.213890075683594, "num_floors": null, "surge_class": 8, "surge_ft": 7.5, "flood_active": false, "exposure_score": 0.225, "exposure_category": "low"}, "geometry": {"type": "Polygon", "coordinates": [[[-81.9585102, 26.4576757], [-81.9584774, 26.457759], [-81.9585037, 26.4577673], [-81.9584883, 26.4578066], [-81.958597, 26.4578408], [-81.9586452, 26.4577183], [-81.9585102, 26.4576757]]]}}, {"id": "110", "type": "Feature", "properties": {"id": "837a3310-b495-4b3f-adc6-ef708a61b5c9", "name": null, "subtype": null, "class": null, "height": 4.835608959197998, "num_floors": null, "surge_class": 6, "surge_ft": 5.5, "flood_active": false, "exposure_score": 0.165, "exposure_category": "low"}, "geometry": {"type": "Polygon", "coordinates": [[[-81.9582596, 26.4577242], [-81.9583535, 26.4577614], [-81.9583924, 26.4576858], [-81.958442, 26.4577038], [-81.9584849, 26.4576161], [-81.9584299, 26.4575921], [-81.9584165, 26.4576161], [-81.9582972, 26.4575717], [-81.958273, 26.4576149], [-81.9583066, 26.4576257], [-81.9582596, 26.4577242]]]}}, {"id": "111", "type": "Feature", "properties": {"id": "7eca3eaa-e065-4c94-a420-0959628b7ce4", "name": null, "subtype": null, "class": null, "height": 4.82346773147583, "num_floors": null, "surge_class": 8, "surge_ft": 7.5, "flood_active": false, "exposure_score": 0.225, "exposure_category": "low"}, "geometry": {"type": "Polygon", "coordinates": [[[-81.9586606, 26.4578611], [-81.9588443, 26.4579307], [-81.9589034, 26.4578028], [-81.9588202, 26.4577677], [-81.958784, 26.4578234], [-81.9587444, 26.457808], [-81.9587582, 26.4577883], [-81.958706, 26.4577641], [-81.9586834, 26.4578214], [-81.9586606, 26.4578611]]]}}, {"id": "112", "type": "Feature", "properties": {"id": "21af2d77-3ed7-431b-b067-1aec9f9dc437", "name": null, "subtype": null, "class": null, "height": 4.413741588592529, "num_floors": null, "surge_class": 9, "surge_ft": 8.5, "flood_active": false, "exposure_score": 0.255, "exposure_category": "moderate"}, "geometry": {"type": "Polygon", "coordinates": [[[-81.958665, 26.4568551], [-81.9587099, 26.4567978], [-81.9586794, 26.4567786], [-81.9586995, 26.4567528], [-81.958651, 26.4567223], [-81.9585859, 26.4568054], [-81.958665, 26.4568551]]]}}, {"id": "113", "type": "Feature", "properties": {"id": "b9355978-08e0-4358-b40e-e0aeabba65bc", "name": null, "subtype": null, "class": null, "height": 5.582907676696777, "num_floors": null, "surge_class": 8, "surge_ft": 7.5, "flood_active": false, "exposure_score": 0.225, "exposure_category": "low"}, "geometry": {"type": "Polygon", "coordinates": [[[-81.9587772, 26.4564348], [-81.9588371, 26.4563087], [-81.9587439, 26.4562732], [-81.9586841, 26.4563994], [-81.9587772, 26.4564348]]]}}, {"id": "114", "type": "Feature", "properties": {"id": "1afb9dab-ddb2-4024-affc-5e3a492254f6", "name": null, "subtype": "commercial", "class": "hotel", "height": 7.314638614654541, "num_floors": null, "surge_class": 6, "surge_ft": 5.5, "flood_active": false, "exposure_score": 0.165, "exposure_category": "low"}, "geometry": {"type": "Polygon", "coordinates": [[[-81.9586097, 26.4548809], [-81.9587424, 26.4549409], [-81.958906, 26.4546324], [-81.9587786, 26.4545699], [-81.9586097, 26.4548809]]]}}, {"id": "115", "type": "Feature", "properties": {"id": "2c3c9c46-77a8-45ea-a28b-5ccb02e301ce", "name": null, "subtype": null, "class": null, "height": null, "num_floors": null, "surge_class": 8, "surge_ft": 7.5, "flood_active": false, "exposure_score": 0.225, "exposure_category": "low"}, "geometry": {"type": "Polygon", "coordinates": [[[-81.9587808, 26.4555825], [-81.9587151, 26.4557045], [-81.9588175, 26.4557487], [-81.9588831, 26.4556266], [-81.9587808, 26.4555825]]]}}, {"id": "116", "type": "Feature", "properties": {"id": "170d8309-cac7-46b3-a7ae-ea979829b734", "name": null, "subtype": null, "class": null, "height": 4.31532621383667, "num_floors": null, "surge_class": 8, "surge_ft": 7.5, "flood_active": false, "exposure_score": 0.225, "exposure_category": "low"}, "geometry": {"type": "Polygon", "coordinates": [[[-81.9588581, 26.4557841], [-81.9588468, 26.4558058], [-81.9587973, 26.4557851], [-81.9587506, 26.4558745], [-81.9588904, 26.455933], [-81.9589285, 26.4558601], [-81.9588954, 26.4558463], [-81.9589154, 26.4558081], [-81.9588581, 26.4557841]]]}}, {"id": "117", "type": "Feature", "properties": {"id": "2a0b5d92-9984-412e-80ad-6fa6d85dccff", "name": null, "subtype": null, "class": null, "height": 6.567782878875732, "num_floors": null, "surge_class": 7, "surge_ft": 6.5, "flood_active": false, "exposure_score": 0.195, "exposure_category": "low"}, "geometry": {"type": "Polygon", "coordinates": [[[-81.9588272, 26.4549969], [-81.9587491, 26.4551509], [-81.9588616, 26.4551966], [-81.9589085, 26.4551042], [-81.9589209, 26.4551093], [-81.958948, 26.4550559], [-81.95889, 26.4550323], [-81.9588858, 26.4550404], [-81.958861, 26.4550304], [-81.9588693, 26.455014], [-81.9588272, 26.4549969]]]}}, {"id": "118", "type": "Feature", "properties": {"id": "48c8e6ac-81c9-4cd2-8c5f-11d1a3b545f9", "name": null, "subtype": null, "class": null, "height": 4.513503551483154, "num_floors": null, "surge_class": 8, "surge_ft": 7.5, "flood_active": false, "exposure_score": 0.225, "exposure_category": "low"}, "geometry": {"type": "Polygon", "coordinates": [[[-81.9589449, 26.4571149], [-81.959066, 26.4569925], [-81.9589864, 26.4569293], [-81.9588652, 26.4570517], [-81.9589449, 26.4571149]]]}}, {"id": "119", "type": "Feature", "properties": {"id": "f285fe4d-b936-4c79-ab42-1989282d1cb8", "name": null, "subtype": null, "class": null, "height": 4.367053508758545, "num_floors": null, "surge_class": 8, "surge_ft": 7.5, "flood_active": false, "exposure_score": 0.225, "exposure_category": "low"}, "geometry": {"type": "Polygon", "coordinates": [[[-81.9590273, 26.4564571], [-81.9589654, 26.4563959], [-81.9588408, 26.4564969], [-81.9589027, 26.4565581], [-81.9590273, 26.4564571]]]}}, {"id": "120", "type": "Feature", "properties": {"id": "6b8eb19b-84b0-4cbc-b192-18b4cd621e92", "name": null, "subtype": null, "class": null, "height": 6.566605567932129, "num_floors": null, "surge_class": 7, "surge_ft": 6.5, "flood_active": false, "exposure_score": 0.195, "exposure_category": "low"}, "geometry": {"type": "Polygon", "coordinates": [[[-81.9588832, 26.4548905], [-81.9588457, 26.4549588], [-81.9588957, 26.4549808], [-81.9588918, 26.4549879], [-81.9589386, 26.4550086], [-81.9589425, 26.4550015], [-81.9589911, 26.4550229], [-81.9590286, 26.4549546], [-81.9590228, 26.4549521], [-81.9590294, 26.4549402], [-81.9590384, 26.4549442], [-81.9590877, 26.4548547], [-81.9590786, 26.4548507], [-81.9590834, 26.454842], [-81.9590274, 26.4548172], [-81.9590321, 26.4548086], [-81.9590232, 26.4548047], [-81.9590312, 26.4547901], [-81.9589656, 26.4547612], [-81.9589576, 26.4547757], [-81.9589486, 26.4547718], [-81.9588898, 26.4548787], [-81.9588937, 26.4548804], [-81.9588872, 26.4548922], [-81.9588832, 26.4548905]]]}}, {"id": "121", "type": "Feature", "properties": {"id": "67c479c5-0aaf-4e4f-84b6-b0c92552b6ac", "name": null, "subtype": null, "class": null, "height": 3.507373094558716, "num_floors": null, "surge_class": 7, "surge_ft": 6.5, "flood_active": false, "exposure_score": 0.195, "exposure_category": "low"}, "geometry": {"type": "Polygon", "coordinates": [[[-81.9590104, 26.4552068], [-81.9589712, 26.4552917], [-81.9590078, 26.4553052], [-81.9589968, 26.4553291], [-81.9590609, 26.4553528], [-81.9591112, 26.4552442], [-81.9590104, 26.4552068]]]}}, {"id": "122", "type": "Feature", "properties": {"id": "fe593d03-77ce-4c11-9725-0e2bc99b36c3", "name": null, "subtype": null, "class": null, "height": 3.2277822494506836, "num_floors": null, "surge_class": 7, "surge_ft": 6.5, "flood_active": false, "exposure_score": 0.195, "exposure_category": "low"}, "geometry": {"type": "Polygon", "coordinates": [[[-81.9592892, 26.4549044], [-81.9591693, 26.4548396], [-81.9590945, 26.4549504], [-81.9591859, 26.4549998], [-81.9592215, 26.454947], [-81.95925, 26.4549625], [-81.9592892, 26.4549044]]]}}, {"id": "123", "type": "Feature", "properties": {"id": "d0344218-230e-4c81-9239-3e5c20f128f8", "name": null, "subtype": null, "class": null, "height": null, "num_floors": null, "surge_class": 7, "surge_ft": 6.5, "flood_active": false, "exposure_score": 0.195, "exposure_category": "low"}, "geometry": {"type": "Polygon", "coordinates": [[[-81.9591601, 26.4551838], [-81.9592019, 26.4550823], [-81.959105, 26.4550504], [-81.9590633, 26.4551519], [-81.9591601, 26.4551838]]]}}, {"id": "124", "type": "Feature", "properties": {"id": "c8d9cf9d-2ffd-4ec8-8b0d-4ee57400f2ab", "name": null, "subtype": null, "class": null, "height": null, "num_floors": null, "surge_class": 8, "surge_ft": 7.5, "flood_active": false, "exposure_score": 0.225, "exposure_category": "low"}, "geometry": {"type": "Polygon", "coordinates": [[[-81.9590885, 26.4557394], [-81.9589177, 26.4559854], [-81.9591499, 26.4561146], [-81.9593147, 26.4558773], [-81.9592295, 26.4558299], [-81.9591213, 26.4559858], [-81.9590555, 26.4559492], [-81.9591698, 26.4557847], [-81.9590885, 26.4557394]]]}}, {"id": "125", "type": "Feature", "properties": {"id": "a31c0122-bcba-4294-af83-1b2de7a9528a", "name": null, "subtype": null, "class": null, "height": null, "num_floors": null, "surge_class": 8, "surge_ft": 7.5, "flood_active": false, "exposure_score": 0.225, "exposure_category": "low"}, "geometry": {"type": "Polygon", "coordinates": [[[-81.9591849, 26.4572079], [-81.9592619, 26.4571207], [-81.959176, 26.4570599], [-81.959099, 26.4571471], [-81.9591849, 26.4572079]]]}}, {"id": "126", "type": "Feature", "properties": {"id": "2db3403c-5d03-4bae-b622-51e537b4b3b6", "name": null, "subtype": null, "class": null, "height": 6.20557165145874, "num_floors": null, "surge_class": 8, "surge_ft": 7.5, "flood_active": false, "exposure_score": 0.225, "exposure_category": "low"}, "geometry": {"type": "Polygon", "coordinates": [[[-81.9588671, 26.4579559], [-81.9590629, 26.4580243], [-81.9591126, 26.4579175], [-81.9590562, 26.4578959], [-81.9590643, 26.4578719], [-81.9589878, 26.4578407], [-81.9589771, 26.4578683], [-81.9589127, 26.4578467], [-81.9588671, 26.4579559]]]}}, {"id": "127", "type": "Feature", "properties": {"id": "be3bd5db-b4ec-43c5-bc1d-a07e80da89c8", "name": null, "subtype": null, "class": null, "height": 3.2577126026153564, "num_floors": null, "surge_class": 8, "surge_ft": 7.5, "flood_active": false, "exposure_score": 0.225, "exposure_category": "low"}, "geometry": {"type": "Polygon", "coordinates": [[[-81.9600426, 26.4576881], [-81.9600455, 26.457585], [-81.9600133, 26.4575842], [-81.9600144, 26.4575458], [-81.9598923, 26.4575431], [-81.9598883, 26.4576847], [-81.9600426, 26.4576881]]]}}, {"id": "128", "type": "Feature", "properties": {"id": "717e8a4d-7177-46c3-b62f-e7d6f1dbd259", "name": null, "subtype": null, "class": null, "height": null, "num_floors": null, "surge_class": 9, "surge_ft": 8.5, "flood_active": false, "exposure_score": 0.255, "exposure_category": "moderate"}, "geometry": {"type": "Polygon", "coordinates": [[[-81.9601439, 26.4583923], [-81.9602753, 26.4584404], [-81.9603504, 26.4582819], [-81.9602029, 26.4582243], [-81.9601439, 26.4583923]]]}}, {"id": "129", "type": "Feature", "properties": {"id": "08130ac2-e607-4b34-ba46-4f6bb62442fb", "name": null, "subtype": null, "class": null, "height": 5.05339241027832, "num_floors": null, "surge_class": 8, "surge_ft": 7.5, "flood_active": false, "exposure_score": 0.225, "exposure_category": "low"}, "geometry": {"type": "Polygon", "coordinates": [[[-81.9599762, 26.4574048], [-81.9601372, 26.4574192], [-81.9601452, 26.4573172], [-81.959987, 26.4573076], [-81.9599762, 26.4574048]]]}}, {"id": "130", "type": "Feature", "properties": {"id": "4e345c24-a69a-4df6-9d2e-7cad6c5288b8", "name": null, "subtype": "residential", "class": "house", "height": 5.640789985656738, "num_floors": null, "surge_class": 8, "surge_ft": 7.5, "flood_active": false, "exposure_score": 0.225, "exposure_category": "low"}, "geometry": {"type": "Polygon", "coordinates": [[[-81.960158, 26.4565927], [-81.9601203, 26.4565556], [-81.9600297, 26.4566293], [-81.9600279, 26.4566275], [-81.9599741, 26.4566713], [-81.9599759, 26.4566731], [-81.9599352, 26.4567063], [-81.9600127, 26.4567826], [-81.9600804, 26.4567275], [-81.960087, 26.4567341], [-81.9601447, 26.4566871], [-81.9601381, 26.4566805], [-81.9601615, 26.4566615], [-81.9601714, 26.4566713], [-81.960213, 26.4566375], [-81.9601758, 26.4566008], [-81.9601643, 26.4566102], [-81.9601517, 26.4565979], [-81.960158, 26.4565927]]]}}, {"id": "131", "type": "Feature", "properties": {"id": "b9ada7f2-4e24-4b59-968d-3f1ff68c28ad", "name": null, "subtype": "residential", "class": "house", "height": 6.27833366394043, "num_floors": null, "surge_class": 7, "surge_ft": 6.5, "flood_active": false, "exposure_score": 0.195, "exposure_category": "low"}, "geometry": {"type": "Polygon", "coordinates": [[[-81.9602787, 26.4567047], [-81.960241, 26.4566676], [-81.9601504, 26.4567413], [-81.9601486, 26.4567395], [-81.9600948, 26.4567833], [-81.9600966, 26.4567851], [-81.9600559, 26.4568182], [-81.9601334, 26.4568946], [-81.9602011, 26.4568395], [-81.9602077, 26.456846], [-81.9602654, 26.456799], [-81.9602588, 26.4567925], [-81.9602822, 26.4567735], [-81.9602921, 26.4567833], [-81.9603337, 26.4567494], [-81.9602965, 26.4567128], [-81.960285, 26.4567222], [-81.9602724, 26.4567098], [-81.9602787, 26.4567047]]]}}, {"id": "132", "type": "Feature", "properties": {"id": "87144b26-2282-4ee5-8e5d-8cf33965de20", "name": null, "subtype": null, "class": null, "height": 4.127313613891602, "num_floors": null, "surge_class": 7, "surge_ft": 6.5, "flood_active": false, "exposure_score": 0.195, "exposure_category": "low"}, "geometry": {"type": "Polygon", "coordinates": [[[-81.9603511, 26.4569724], [-81.960353, 26.4569004], [-81.9602177, 26.4568975], [-81.9602153, 26.4569911], [-81.9602957, 26.4569928], [-81.9602963, 26.4569712], [-81.9603511, 26.4569724]]]}}, {"id": "133", "type": "Feature", "properties": {"id": "2254af75-76d8-447b-873f-46a70fb97865", "name": null, "subtype": "commercial", "class": "hotel", "height": 9.180941581726074, "num_floors": 5, "surge_class": 7, "surge_ft": 6.5, "flood_active": false, "exposure_score": 0.195, "exposure_category": "low"}, "geometry": {"type": "Polygon", "coordinates": [[[-81.960462, 26.4560367], [-81.9604822, 26.4560576], [-81.960496, 26.4560471], [-81.960504, 26.4560553], [-81.960511, 26.4560499], [-81.9605994, 26.4559812], [-81.9606177, 26.4559669], [-81.9605615, 26.4559087], [-81.960543, 26.4559232], [-81.9599895, 26.4555375], [-81.9599802, 26.4555484], [-81.959939, 26.4555962], [-81.9599296, 26.4556071], [-81.959924, 26.4556136], [-81.9599409, 26.4556254], [-81.9599297, 26.4556385], [-81.9599563, 26.455657], [-81.9599675, 26.455644], [-81.9600473, 26.4556995], [-81.9601028, 26.4557383], [-81.9600785, 26.4557666], [-81.9601317, 26.4558036], [-81.9602042, 26.4558541], [-81.9602285, 26.4558259], [-81.9603494, 26.4559101], [-81.9603382, 26.4559231], [-81.9603647, 26.4559417], [-81.960376, 26.4559286], [-81.9604531, 26.4559824], [-81.9604533, 26.4559825], [-81.9604423, 26.4559905], [-81.9604759, 26.4560261], [-81.960462, 26.4560367]]]}}, {"id": "134", "type": "Feature", "properties": {"id": "fd2259a6-0c26-4979-90ed-f9889126934a", "name": null, "subtype": null, "class": null, "height": 5.051948070526123, "num_floors": null, "surge_class": 7, "surge_ft": 6.5, "flood_active": false, "exposure_score": 0.195, "exposure_category": "low"}, "geometry": {"type": "Polygon", "coordinates": [[[-81.96013, 26.4558652], [-81.9601531, 26.4558372], [-81.9600957, 26.4557993], [-81.9600726, 26.4558273], [-81.96013, 26.4558652]]]}}, {"id": "135", "type": "Feature", "properties": {"id": "68567619-bf69-408f-9e04-1a76402476e9", "name": null, "subtype": null, "class": null, "height": 5.836669445037842, "num_floors": null, "surge_class": 6, "surge_ft": 5.5, "flood_active": false, "exposure_score": 0.165, "exposure_category": "low"}, "geometry": {"type": "Polygon", "coordinates": [[[-81.9598595, 26.4553077], [-81.9598414, 26.4553911], [-81.9599345, 26.4554072], [-81.9599525, 26.4553239], [-81.9598595, 26.4553077]]]}}, {"id": "136", "type": "Feature", "properties": {"id": "6490f95e-dfd0-47e6-8383-ca252069fb5b", "name": null, "subtype": "residential", "class": "house", "height": 5.625407695770264, "num_floors": null, "surge_class": 8, "surge_ft": 7.5, "flood_active": false, "exposure_score": 0.225, "exposure_category": "low"}, "geometry": {"type": "Polygon", "coordinates": [[[-81.9600376, 26.4564802], [-81.9599999, 26.456443], [-81.9599094, 26.4565168], [-81.9599075, 26.4565149], [-81.9598537, 26.4565588], [-81.9598556, 26.4565606], [-81.9598148, 26.4565937], [-81.9598923, 26.45667], [-81.95996, 26.456615], [-81.9599666, 26.4566215], [-81.9600243, 26.4565745], [-81.9600177, 26.456568], [-81.9600411, 26.4565489], [-81.9600511, 26.4565588], [-81.9600927, 26.4565249], [-81.9600555, 26.4564883], [-81.9600439, 26.4564977], [-81.9600314, 26.4564853], [-81.9600376, 26.4564802]]]}}, {"id": "137", "type": "Feature", "properties": {"id": "c6043368-9070-4d46-b38f-59684c36fc7f", "name": null, "subtype": "residential", "class": "house", "height": 5.865981578826904, "num_floors": null, "surge_class": 8, "surge_ft": 7.5, "flood_active": false, "exposure_score": 0.225, "exposure_category": "low"}, "geometry": {"type": "Polygon", "coordinates": [[[-81.9599167, 26.4563689], [-81.959879, 26.4563317], [-81.9597885, 26.4564054], [-81.9597866, 26.4564036], [-81.9597328, 26.4564474], [-81.9597346, 26.4564492], [-81.9596939, 26.4564824], [-81.9597714, 26.4565587], [-81.9598391, 26.4565036], [-81.9598457, 26.4565102], [-81.9599034, 26.4564632], [-81.9598968, 26.4564566], [-81.9599202, 26.4564376], [-81.9599302, 26.4564474], [-81.9599718, 26.4564136], [-81.9599345, 26.4563769], [-81.959923, 26.4563863], [-81.9599105, 26.456374], [-81.9599167, 26.4563689]]]}}, {"id": "138", "type": "Feature", "properties": {"id": "b0ddeaf2-8636-4fa2-95b7-1bc6c4937617", "name": null, "subtype": null, "class": null, "height": 3.784731864929199, "num_floors": null, "surge_class": 9, "surge_ft": 8.5, "flood_active": false, "exposure_score": 0.255, "exposure_category": "moderate"}, "geometry": {"type": "Polygon", "coordinates": [[[-81.9597577, 26.4571743], [-81.9598358, 26.4570872], [-81.9597705, 26.4570403], [-81.9596925, 26.4571274], [-81.9597577, 26.4571743]]]}}, {"id": "139", "type": "Feature", "properties": {"id": "82096509-64b1-4577-9312-82077df2f4fc", "name": null, "subtype": null, "class": null, "height": 5.9772210121154785, "num_floors": null, "surge_class": 8, "surge_ft": 7.5, "flood_active": false, "exposure_score": 0.225, "exposure_category": "low"}, "geometry": {"type": "Polygon", "coordinates": [[[-81.95977, 26.4563432], [-81.9598589, 26.4562716], [-81.9597882, 26.4562013], [-81.9596993, 26.4562729], [-81.95977, 26.4563432]]]}}, {"id": "140", "type": "Feature", "properties": {"id": "b3b90ef8-7328-440e-bd8e-4efefb44982e", "name": null, "subtype": null, "class": null, "height": 4.616888046264648, "num_floors": null, "surge_class": 7, "surge_ft": 6.5, "flood_active": false, "exposure_score": 0.195, "exposure_category": "low"}, "geometry": {"type": "Polygon", "coordinates": [[[-81.9598344, 26.4556046], [-81.959869, 26.4555226], [-81.959781, 26.4554928], [-81.9597464, 26.4555747], [-81.9598344, 26.4556046]]]}}, {"id": "141", "type": "Feature", "properties": {"id": "42990983-2752-4297-9a1d-82647f8fc828", "name": null, "subtype": null, "class": null, "height": 5.967267990112305, "num_floors": null, "surge_class": 6, "surge_ft": 5.5, "flood_active": false, "exposure_score": 0.165, "exposure_category": "low"}, "geometry": {"type": "Polygon", "coordinates": [[[-81.9598074, 26.4552554], [-81.9597139, 26.4552302], [-81.959682, 26.4553249], [-81.9597755, 26.4553501], [-81.9598074, 26.4552554]]]}}, {"id": "142", "type": "Feature", "properties": {"id": "9f91691e-f9a0-46f7-92af-bdb1fc01fde5", "name": null, "subtype": null, "class": null, "height": 4.588420391082764, "num_floors": null, "surge_class": 7, "surge_ft": 6.5, "flood_active": false, "exposure_score": 0.195, "exposure_category": "low"}, "geometry": {"type": "Polygon", "coordinates": [[[-81.9597815, 26.4556863], [-81.9596971, 26.4556561], [-81.9596504, 26.4557609], [-81.9597348, 26.4557911], [-81.9597815, 26.4556863]]]}}, {"id": "143", "type": "Feature", "properties": {"id": "08011a73-72ac-4f6a-9c1e-68d2283fe732", "name": null, "subtype": null, "class": null, "height": 6.2551398277282715, "num_floors": null, "surge_class": 7, "surge_ft": 6.5, "flood_active": false, "exposure_score": 0.195, "exposure_category": "low"}, "geometry": {"type": "Polygon", "coordinates": [[[-81.9597215, 26.4551365], [-81.9596284, 26.4551109], [-81.9595873, 26.4552307], [-81.9596805, 26.4552563], [-81.9597215, 26.4551365]]]}}, {"id": "144", "type": "Feature", "properties": {"id": "899a7769-ec5d-4de2-aae9-a9789b04fd57", "name": null, "subtype": null, "class": null, "height": 5.619080066680908, "num_floors": null, "surge_class": 7, "surge_ft": 6.5, "flood_active": false, "exposure_score": 0.195, "exposure_category": "low"}, "geometry": {"type": "Polygon", "coordinates": [[[-81.9597122, 26.4554424], [-81.9596239, 26.4554032], [-81.9595759, 26.45549], [-81.9596642, 26.4555292], [-81.9597122, 26.4554424]]]}}, {"id": "145", "type": "Feature", "properties": {"id": "1a55c584-8db4-4e02-935e-71c1c018204c", "name": null, "subtype": null, "class": null, "height": 8.54913330078125, "num_floors": null, "surge_class": 7, "surge_ft": 6.5, "flood_active": false, "exposure_score": 0.195, "exposure_category": "low"}, "geometry": {"type": "Polygon", "coordinates": [[[-81.9595942, 26.4553816], [-81.9595079, 26.4553568], [-81.9594744, 26.4554505], [-81.9595607, 26.4554752], [-81.9595942, 26.4553816]]]}}, {"id": "146", "type": "Feature", "properties": {"id": "66782c65-d3a1-421d-9e42-e1802aa6fa93", "name": null, "subtype": null, "class": null, "height": 5.300872325897217, "num_floors": null, "surge_class": 8, "surge_ft": 7.5, "flood_active": false, "exposure_score": 0.225, "exposure_category": "low"}, "geometry": {"type": "Polygon", "coordinates": [[[-81.9595723, 26.4556931], [-81.9596155, 26.4556014], [-81.9595335, 26.4555704], [-81.9594903, 26.4556622], [-81.9595723, 26.4556931]]]}}, {"id": "147", "type": "Feature", "properties": {"id": "e3f5d837-25ed-4fa4-8613-a2012cb62c9a", "name": null, "subtype": null, "class": null, "height": 9.518367767333984, "num_floors": null, "surge_class": 6, "surge_ft": 5.5, "flood_active": false, "exposure_score": 0.165, "exposure_category": "low"}, "geometry": {"type": "Polygon", "coordinates": [[[-81.9595581, 26.4552578], [-81.9595292, 26.4553384], [-81.9596181, 26.4553639], [-81.9596469, 26.4552833], [-81.9595581, 26.4552578]]]}}, {"id": "148", "type": "Feature", "properties": {"id": "99fbd16c-d187-411c-9dc4-78e2501990d9", "name": null, "subtype": null, "class": null, "height": 3.446410894393921, "num_floors": null, "surge_class": 8, "surge_ft": 7.5, "flood_active": false, "exposure_score": 0.225, "exposure_category": "low"}, "geometry": {"type": "Polygon", "coordinates": [[[-81.9594514, 26.4570686], [-81.95954, 26.4571383], [-81.9596759, 26.4569997], [-81.9595872, 26.45693], [-81.9594514, 26.4570686]]]}}, {"id": "149", "type": "Feature", "properties": {"id": "0533867e-7eda-42b9-92bb-c3c7b51c4024", "name": null, "subtype": null, "class": null, "height": 4.511044979095459, "num_floors": null, "surge_class": 8, "surge_ft": 7.5, "flood_active": false, "exposure_score": 0.225, "exposure_category": "low"}, "geometry": {"type": "Polygon", "coordinates": [[[-81.9597373, 26.4564074], [-81.9596192, 26.4562922], [-81.9595478, 26.4563508], [-81.9596659, 26.4564661], [-81.9597373, 26.4564074]]]}}, {"id": "150", "type": "Feature", "properties": {"id": "353311de-0b3a-4706-afe1-3a2a1058c6f5", "name": null, "subtype": null, "class": null, "height": 4.625730991363525, "num_floors": null, "surge_class": 6, "surge_ft": 5.5, "flood_active": false, "exposure_score": 0.165, "exposure_category": "low"}, "geometry": {"type": "Polygon", "coordinates": [[[-81.9596946, 26.4579427], [-81.9598596, 26.4578791], [-81.9598099, 26.4577746], [-81.9596436, 26.4578419], [-81.9596946, 26.4579427]]]}}, {"id": "151", "type": "Feature", "properties": {"id": "9a2432e9-2f64-4e87-827f-8db104ce2d12", "name": null, "subtype": null, "class": null, "height": 4.428515911102295, "num_floors": null, "surge_class": 8, "surge_ft": 7.5, "flood_active": false, "exposure_score": 0.225, "exposure_category": "low"}, "geometry": {"type": "Polygon", "coordinates": [[[-81.9595931, 26.458138], [-81.9595913, 26.4580276], [-81.9594412, 26.4580295], [-81.959443, 26.45814], [-81.9595931, 26.458138]]]}}, {"id": "152", "type": "Feature", "properties": {"id": "3c0716ff-8974-48d0-aaa1-af73afb1b28a", "name": null, "subtype": null, "class": null, "height": null, "num_floors": null, "surge_class": 0, "surge_ft": 0.0, "flood_active": false, "exposure_score": 0.0, "exposure_category": "none"}, "geometry": {"type": "Polygon", "coordinates": [[[-81.9593808, 26.4584818], [-81.9592923, 26.458465], [-81.9592775, 26.4585142], [-81.959366, 26.4585334], [-81.9593808, 26.4584818]]]}}, {"id": "153", "type": "Feature", "properties": {"id": "9bacb603-03f4-4c86-bf59-0aa0422c1ef8", "name": null, "subtype": null, "class": null, "height": 5.109464645385742, "num_floors": null, "surge_class": 8, "surge_ft": 7.5, "flood_active": false, "exposure_score": 0.225, "exposure_category": "low"}, "geometry": {"type": "Polygon", "coordinates": [[[-81.9593082, 26.4581091], [-81.9593338, 26.4580199], [-81.9592573, 26.4580022], [-81.9592651, 26.4579752], [-81.9591519, 26.4579491], [-81.9591184, 26.4580653], [-81.9593082, 26.4581091]]]}}, {"id": "154", "type": "Feature", "properties": {"id": "cbe0033d-f540-4964-86d2-bf1e3dbccd62", "name": null, "subtype": null, "class": null, "height": 4.811507225036621, "num_floors": null, "surge_class": 8, "surge_ft": 7.5, "flood_active": false, "exposure_score": 0.225, "exposure_category": "low"}, "geometry": {"type": "Polygon", "coordinates": [[[-81.9592838, 26.4567767], [-81.9593746, 26.4566659], [-81.9592866, 26.4566081], [-81.9591958, 26.4567189], [-81.9592838, 26.4567767]]]}}, {"id": "155", "type": "Feature", "properties": {"id": "9fde99cd-a14a-4904-881a-c4e4c874c4ba", "name": null, "subtype": null, "class": null, "height": 3.998103380203247, "num_floors": null, "surge_class": 0, "surge_ft": 0.0, "flood_active": false, "exposure_score": 0.0, "exposure_category": "none"}, "geometry": {"type": "Polygon", "coordinates": [[[-81.9592455, 26.4560958], [-81.9591859, 26.4561795], [-81.9593014, 26.4562453], [-81.9593609, 26.4561616], [-81.9592455, 26.4560958]]]}}, {"id": "156", "type": "Feature", "properties": {"id": "9251487c-c374-450c-a87a-622a12593134", "name": null, "subtype": null, "class": null, "height": 5.165153503417969, "num_floors": null, "surge_class": 8, "surge_ft": 7.5, "flood_active": false, "exposure_score": 0.225, "exposure_category": "low"}, "geometry": {"type": "Polygon", "coordinates": [[[-81.9593662, 26.4568337], [-81.959308, 26.456916], [-81.9594344, 26.4569876], [-81.9595326, 26.4568487], [-81.9593851, 26.4567652], [-81.9593451, 26.4568218], [-81.9593662, 26.4568337]]]}}, {"id": "157", "type": "Feature", "properties": {"id": "9589c673-548a-4664-9a44-50c08e74adb6", "name": null, "subtype": null, "class": null, "height": 3.6386666297912598, "num_floors": null, "surge_class": 8, "surge_ft": 7.5, "flood_active": false, "exposure_score": 0.225, "exposure_category": "low"}, "geometry": {"type": "Polygon", "coordinates": [[[-81.9593469, 26.455919], [-81.9592713, 26.4560158], [-81.9594055, 26.4560998], [-81.9594811, 26.456003], [-81.9593469, 26.455919]]]}}, {"id": "158", "type": "Feature", "properties": {"id": "4c075910-8691-447f-b07e-83560eb895f5", "name": null, "subtype": "commercial", "class": "hotel", "height": 10.54751968383789, "num_floors": 4, "surge_class": 7, "surge_ft": 6.5, "flood_active": false, "exposure_score": 0.195, "exposure_category": "low"}, "geometry": {"type": "Polygon", "coordinates": [[[-81.9592621, 26.455233], [-81.9593821, 26.4552828], [-81.9593929, 26.4552654], [-81.9594056, 26.4552678], [-81.9594163, 26.4552462], [-81.9594364, 26.455254], [-81.9595256, 26.4550901], [-81.9594794, 26.4550745], [-81.9595102, 26.4550187], [-81.9594157, 26.4549754], [-81.9593835, 26.4550319], [-81.9593392, 26.4550097], [-81.9592527, 26.4551766], [-81.9592715, 26.4551856], [-81.9592614, 26.4552078], [-81.9592688, 26.4552138], [-81.9592621, 26.455233]]]}}, {"id": "159", "type": "Feature", "properties": {"id": "4f0b67c5-9728-4894-8a24-fc67424cff24", "name": null, "subtype": null, "class": null, "height": 5.8430914878845215, "num_floors": null, "surge_class": 8, "surge_ft": 7.5, "flood_active": false, "exposure_score": 0.225, "exposure_category": "low"}, "geometry": {"type": "Polygon", "coordinates": [[[-81.9595311, 26.4555034], [-81.9594407, 26.4554801], [-81.9594136, 26.4555644], [-81.959504, 26.4555877], [-81.9595311, 26.4555034]]]}}, {"id": "160", "type": "Feature", "properties": {"id": "57220408-1d7c-4374-b35d-7043f2394377", "name": null, "subtype": "commercial", "class": "hotel", "height": 9.795449256896973, "num_floors": null, "surge_class": 6, "surge_ft": 5.5, "flood_active": false, "exposure_score": 0.165, "exposure_category": "low"}, "geometry": {"type": "Polygon", "coordinates": [[[-81.9580293, 26.4543238], [-81.9581145, 26.454336], [-81.958121, 26.4542997], [-81.9581356, 26.4543018], [-81.9581473, 26.4542363], [-81.9581185, 26.4542322], [-81.9581253, 26.4541795], [-81.9580947, 26.4541722], [-81.9581061, 26.4541156], [-81.9579781, 26.454089], [-81.9579666, 26.4541406], [-81.957957, 26.4541386], [-81.957922, 26.4541557], [-81.9579082, 26.4542042], [-81.9578632, 26.4542476], [-81.9578656, 26.4542762], [-81.9578468, 26.4542874], [-81.9578469, 26.4543097], [-81.9578831, 26.4543182], [-81.9578964, 26.4543078], [-81.9579316, 26.4543156], [-81.9579206, 26.4543554], [-81.9579407, 26.4543686], [-81.9579823, 26.4543758], [-81.9580011, 26.4543674], [-81.9580046, 26.454348], [-81.9580245, 26.4543509], [-81.9580293, 26.4543238]]]}}, {"id": "161", "type": "Feature", "properties": {"id": "58f88a2a-8c89-4f07-b7eb-6a71a75a2915", "name": null, "subtype": null, "class": null, "height": 3.086653470993042, "num_floors": null, "surge_class": 6, "surge_ft": 5.5, "flood_active": false, "exposure_score": 0.165, "exposure_category": "low"}, "geometry": {"type": "Polygon", "coordinates": [[[-81.9573783, 26.4539799], [-81.957319, 26.4539335], [-81.9572587, 26.4539953], [-81.957318, 26.4540417], [-81.9573783, 26.4539799]]]}}, {"id": "162", "type": "Feature", "properties": {"id": "73d30c60-1852-4f67-8fed-257294d5f5ea", "name": null, "subtype": null, "class": null, "height": 5.016114711761475, "num_floors": null, "surge_class": 7, "surge_ft": 6.5, "flood_active": false, "exposure_score": 0.195, "exposure_category": "low"}, "geometry": {"type": "Polygon", "coordinates": [[[-81.9571715, 26.4538653], [-81.9572916, 26.4538491], [-81.9572755, 26.4537533], [-81.9571795, 26.4537662], [-81.9571638, 26.4536727], [-81.9570381, 26.4536896], [-81.9570552, 26.4537913], [-81.9571568, 26.4537776], [-81.9571715, 26.4538653]]]}}, {"id": "163", "type": "Feature", "properties": {"id": "4f345502-658a-4661-8933-56a42e12c77a", "name": null, "subtype": null, "class": null, "height": 3.6154823303222656, "num_floors": null, "surge_class": 6, "surge_ft": 5.5, "flood_active": false, "exposure_score": 0.165, "exposure_category": "low"}, "geometry": {"type": "Polygon", "coordinates": [[[-81.9558873, 26.4529561], [-81.9559422, 26.4528229], [-81.9558751, 26.4528007], [-81.9558202, 26.4529339], [-81.9558873, 26.4529561]]]}}, {"id": "164", "type": "Feature", "properties": {"id": "c742b8ca-f8d4-4c12-8b6c-4882cc13dd8f", "name": null, "subtype": null, "class": null, "height": null, "num_floors": null, "surge_class": 7, "surge_ft": 6.5, "flood_active": false, "exposure_score": 0.195, "exposure_category": "low"}, "geometry": {"type": "Polygon", "coordinates": [[[-81.9558264, 26.453342], [-81.9557819, 26.4534535], [-81.9558736, 26.4534828], [-81.9558986, 26.4534212], [-81.9559233, 26.4533606], [-81.9558739, 26.453347], [-81.9558718, 26.4533565], [-81.9558264, 26.453342]]]}}, {"id": "165", "type": "Feature", "properties": {"id": "3229fb10-6d81-47f5-9e44-6986ef5b1494", "name": null, "subtype": null, "class": null, "height": null, "num_floors": null, "surge_class": 8, "surge_ft": 7.5, "flood_active": false, "exposure_score": 0.225, "exposure_category": "low"}, "geometry": {"type": "Polygon", "coordinates": [[[-81.9558986, 26.4534212], [-81.9558736, 26.4534828], [-81.9559591, 26.4535109], [-81.9559814, 26.4535042], [-81.9560038, 26.453452], [-81.9558986, 26.4534212]]]}}, {"id": "166", "type": "Feature", "properties": {"id": "d42e6d9f-f078-4294-8f83-e7fcb6603a60", "name": null, "subtype": null, "class": null, "height": null, "num_floors": null, "surge_class": 8, "surge_ft": 7.5, "flood_active": false, "exposure_score": 0.225, "exposure_category": "low"}, "geometry": {"type": "Polygon", "coordinates": [[[-81.9561392, 26.4543009], [-81.9561907, 26.454323], [-81.9562536, 26.4542105], [-81.9561475, 26.4541602], [-81.955962, 26.4540802], [-81.9559385, 26.4540721], [-81.9558807, 26.4541919], [-81.9561392, 26.4543009]]]}}, {"id": "167", "type": "Feature", "properties": {"id": "6aa0a780-b149-4b8b-b001-77d6d8c5fea2", "name": null, "subtype": null, "class": null, "height": null, "num_floors": null, "surge_class": 7, "surge_ft": 6.5, "flood_active": false, "exposure_score": 0.195, "exposure_category": "low"}, "geometry": {"type": "Polygon", "coordinates": [[[-81.9559972, 26.4540097], [-81.955962, 26.4540802], [-81.9561475, 26.4541602], [-81.956184, 26.4540913], [-81.9559972, 26.4540097]]]}}, {"id": "168", "type": "Feature", "properties": {"id": "12cfe696-1ac4-4b8f-855b-a222426611e5", "name": null, "subtype": null, "class": null, "height": null, "num_floors": null, "surge_class": 7, "surge_ft": 6.5, "flood_active": false, "exposure_score": 0.195, "exposure_category": "low"}, "geometry": {"type": "Polygon", "coordinates": [[[-81.956029, 26.4539557], [-81.9559972, 26.4540097], [-81.956184, 26.4540913], [-81.9562145, 26.4540357], [-81.956029, 26.4539557]]]}}, {"id": "169", "type": "Feature", "properties": {"id": "faf9f672-f252-42ca-acb2-25c114aad411", "name": null, "subtype": null, "class": null, "height": null, "num_floors": null, "surge_class": 7, "surge_ft": 6.5, "flood_active": false, "exposure_score": 0.195, "exposure_category": "low"}, "geometry": {"type": "Polygon", "coordinates": [[[-81.956029, 26.4539557], [-81.9562145, 26.4540357], [-81.9562764, 26.4539139], [-81.9561236, 26.4538175], [-81.9561209, 26.4538091], [-81.9560551, 26.4538191], [-81.9560604, 26.4538347], [-81.9560002, 26.4539412], [-81.956029, 26.4539557]]]}}, {"id": "170", "type": "Feature", "properties": {"id": "d738bb88-1e68-4512-be31-2aeeb70e7a46", "name": null, "subtype": null, "class": null, "height": 3.4155824184417725, "num_floors": null, "surge_class": 6, "surge_ft": 5.5, "flood_active": false, "exposure_score": 0.165, "exposure_category": "low"}, "geometry": {"type": "Polygon", "coordinates": [[[-81.9560662, 26.452987], [-81.9560447, 26.4530384], [-81.9562079, 26.4530932], [-81.9563225, 26.4528195], [-81.9561579, 26.4527642], [-81.9561996, 26.4526644], [-81.9561032, 26.4526321], [-81.9560045, 26.4528679], [-81.9560562, 26.4528853], [-81.9560201, 26.4529716], [-81.9560662, 26.452987]]]}}, {"id": "171", "type": "Feature", "properties": {"id": "fed6753e-2578-4aad-bc7d-d3f1ea085400", "name": null, "subtype": "commercial", "class": "commercial", "height": null, "num_floors": 2, "surge_class": 8, "surge_ft": 7.5, "flood_active": false, "exposure_score": 0.225, "exposure_category": "low"}, "geometry": {"type": "Polygon", "coordinates": [[[-81.9563213, 26.4539465], [-81.9562314, 26.4540645], [-81.9563473, 26.4541361], [-81.9564372, 26.4540181], [-81.9563919, 26.4539901], [-81.9563692, 26.4539761], [-81.9563213, 26.4539465]]]}}, {"id": "172", "type": "Feature", "properties": {"id": "0f44e5df-d541-4628-b730-b64462d8c5a3", "name": null, "subtype": null, "class": null, "height": 5.105410575866699, "num_floors": null, "surge_class": 8, "surge_ft": 7.5, "flood_active": false, "exposure_score": 0.225, "exposure_category": "low"}, "geometry": {"type": "Polygon", "coordinates": [[[-81.9564975, 26.4540936], [-81.9564388, 26.4540554], [-81.9563763, 26.4541324], [-81.956435, 26.4541706], [-81.9564975, 26.4540936]]]}}, {"id": "173", "type": "Feature", "properties": {"id": "bb0b7fe0-bbdb-472a-8be9-b12ea8bafa3c", "name": null, "subtype": null, "class": null, "height": 4.125899314880371, "num_floors": null, "surge_class": 8, "surge_ft": 7.5, "flood_active": false, "exposure_score": 0.225, "exposure_category": "low"}, "geometry": {"type": "Polygon", "coordinates": [[[-81.95661, 26.4541495], [-81.9565411, 26.4541068], [-81.9564733, 26.4541945], [-81.9565422, 26.4542372], [-81.95661, 26.4541495]]]}}, {"id": "174", "type": "Feature", "properties": {"id": "153d5f31-aeea-4fe2-85c1-4ab30df90d6e", "name": null, "subtype": null, "class": null, "height": 4.4637603759765625, "num_floors": null, "surge_class": 8, "surge_ft": 7.5, "flood_active": false, "exposure_score": 0.225, "exposure_category": "low"}, "geometry": {"type": "Polygon", "coordinates": [[[-81.9566035, 26.4543157], [-81.9566922, 26.4542041], [-81.9566192, 26.4541576], [-81.9565305, 26.4542692], [-81.9566035, 26.4543157]]]}}, {"id": "175", "type": "Feature", "properties": {"id": "415ae4c6-da43-455f-a4fc-f6f816ed614b", "name": null, "subtype": null, "class": null, "height": 3.6730000972747803, "num_floors": null, "surge_class": 7, "surge_ft": 6.5, "flood_active": false, "exposure_score": 0.195, "exposure_category": "low"}, "geometry": {"type": "Polygon", "coordinates": [[[-81.9569262, 26.453692], [-81.9568574, 26.4536559], [-81.9568118, 26.4537256], [-81.9568806, 26.4537617], [-81.9569262, 26.453692]]]}}, {"id": "176", "type": "Feature", "properties": {"id": "eb426f4b-c0b7-4036-9c12-cf8c6229e80c", "name": null, "subtype": "commercial", "class": "hotel", "height": 6.00206995010376, "num_floors": null, "surge_class": 7, "surge_ft": 6.5, "flood_active": false, "exposure_score": 0.195, "exposure_category": "low"}, "geometry": {"type": "Polygon", "coordinates": [[[-81.9569826, 26.4547434], [-81.9571747, 26.4544919], [-81.9570917, 26.454441], [-81.9570532, 26.4544914], [-81.9570666, 26.4544997], [-81.9569637, 26.4546344], [-81.9567979, 26.4545328], [-81.9569037, 26.4543943], [-81.956923, 26.454406], [-81.9569631, 26.4543535], [-81.9568716, 26.4542975], [-81.9566749, 26.4545549], [-81.9569826, 26.4547434]]]}}, {"id": "177", "type": "Feature", "properties": {"id": "dfb720c8-8c0e-4545-acd6-e3e990c070e7", "name": null, "subtype": null, "class": null, "height": 4.394985675811768, "num_floors": null, "surge_class": 7, "surge_ft": 6.5, "flood_active": false, "exposure_score": 0.195, "exposure_category": "low"}, "geometry": {"type": "Polygon", "coordinates": [[[-81.9568605, 26.4559503], [-81.956917, 26.4558299], [-81.9568064, 26.4557883], [-81.9567499, 26.4559088], [-81.9568605, 26.4559503]]]}}, {"id": "178", "type": "Feature", "properties": {"id": "10c191d3-af24-499a-a15e-b7a8e168ab62", "name": null, "subtype": null, "class": null, "height": 4.742440700531006, "num_floors": null, "surge_class": 8, "surge_ft": 7.5, "flood_active": false, "exposure_score": 0.225, "exposure_category": "low"}, "geometry": {"type": "Polygon", "coordinates": [[[-81.9568174, 26.4552696], [-81.9569126, 26.4552279], [-81.9568522, 26.4551175], [-81.9567678, 26.4551545], [-81.9568127, 26.4552366], [-81.9568019, 26.4552413], [-81.9568174, 26.4552696]]]}}, {"id": "179", "type": "Feature", "properties": {"id": "a757b1f4-3583-4472-8de2-0abfa7c4c5cb", "name": null, "subtype": null, "class": null, "height": 4.935097694396973, "num_floors": null, "surge_class": 8, "surge_ft": 7.5, "flood_active": false, "exposure_score": 0.225, "exposure_category": "low"}, "geometry": {"type": "Polygon", "coordinates": [[[-81.9566876, 26.4547655], [-81.9567879, 26.4547245], [-81.9567216, 26.4545949], [-81.9566214, 26.454636], [-81.9566876, 26.4547655]]]}}, {"id": "180", "type": "Feature", "properties": {"id": "2e8f6541-e112-4ee4-a6de-3e6b714aae74", "name": null, "subtype": null, "class": null, "height": 3.5975749492645264, "num_floors": null, "surge_class": 8, "surge_ft": 7.5, "flood_active": false, "exposure_score": 0.225, "exposure_category": "low"}, "geometry": {"type": "Polygon", "coordinates": [[[-81.9568349, 26.4548698], [-81.9568324, 26.4548204], [-81.9566423, 26.4548283], [-81.9566455, 26.4548896], [-81.9567927, 26.4548836], [-81.9567921, 26.4548716], [-81.9568349, 26.4548698]]]}}, {"id": "181", "type": "Feature", "properties": {"id": "612dd956-b6c7-47a3-bb8f-f5afc1aa7436", "name": null, "subtype": null, "class": null, "height": 5.558341979980469, "num_floors": null, "surge_class": 8, "surge_ft": 7.5, "flood_active": false, "exposure_score": 0.225, "exposure_category": "low"}, "geometry": {"type": "Polygon", "coordinates": [[[-81.9566666, 26.455082], [-81.9568015, 26.4550778], [-81.9567987, 26.4550234], [-81.9568356, 26.4550212], [-81.9568337, 26.4549613], [-81.9567965, 26.4549624], [-81.9567937, 26.4548953], [-81.9566571, 26.4548975], [-81.9566666, 26.455082]]]}}, {"id": "182", "type": "Feature", "properties": {"id": "9fa3b185-0e8d-4b79-b042-fbbd35add1f9", "name": null, "subtype": null, "class": null, "height": 4.572376728057861, "num_floors": null, "surge_class": 7, "surge_ft": 6.5, "flood_active": false, "exposure_score": 0.195, "exposure_category": "low"}, "geometry": {"type": "Polygon", "coordinates": [[[-81.9566606, 26.4557325], [-81.9566146, 26.4558556], [-81.956728, 26.4558896], [-81.956774, 26.4557664], [-81.9566606, 26.4557325]]]}}, {"id": "183", "type": "Feature", "properties": {"id": "b9087452-684d-4b88-852c-7497d4a803d4", "name": null, "subtype": null, "class": null, "height": null, "num_floors": null, "surge_class": 7, "surge_ft": 6.5, "flood_active": false, "exposure_score": 0.195, "exposure_category": "low"}, "geometry": {"type": "Polygon", "coordinates": [[[-81.9569073, 26.4565875], [-81.9567536, 26.456524], [-81.9567183, 26.4565926], [-81.956872, 26.456656], [-81.9569073, 26.4565875]]]}}, {"id": "184", "type": "Feature", "properties": {"id": "9f91a65c-29fc-4101-9d71-7579e0b1f4b5", "name": null, "subtype": null, "class": null, "height": 4.50914192199707, "num_floors": null, "surge_class": 6, "surge_ft": 5.5, "flood_active": false, "exposure_score": 0.165, "exposure_category": "low"}, "geometry": {"type": "Polygon", "coordinates": [[[-81.9566657, 26.4562593], [-81.9567448, 26.4562941], [-81.9568039, 26.4561944], [-81.9567288, 26.4561584], [-81.9566657, 26.4562593]]]}}, {"id": "185", "type": "Feature", "properties": {"id": "79d35c04-3f47-4a4a-9b1a-c8f58217e8ab", "name": null, "subtype": null, "class": null, "height": 3.120589017868042, "num_floors": null, "surge_class": 9, "surge_ft": 8.5, "flood_active": false, "exposure_score": 0.255, "exposure_category": "moderate"}, "geometry": {"type": "Polygon", "coordinates": [[[-81.9566258, 26.457233], [-81.9568391, 26.45733], [-81.9569307, 26.4571684], [-81.9567174, 26.4570715], [-81.9566258, 26.457233]]]}}, {"id": "186", "type": "Feature", "properties": {"id": "08b6ff97-7b4b-4960-ab03-03b591c258d0", "name": null, "subtype": null, "class": null, "height": 5.176175117492676, "num_floors": null, "surge_class": 7, "surge_ft": 6.5, "flood_active": false, "exposure_score": 0.195, "exposure_category": "low"}, "geometry": {"type": "Polygon", "coordinates": [[[-81.9568014, 26.4564997], [-81.9568983, 26.4565417], [-81.9569593, 26.4564291], [-81.9568624, 26.456387], [-81.9568014, 26.4564997]]]}}, {"id": "187", "type": "Feature", "properties": {"id": "9fb14bcf-a1c7-4cdd-8063-af2b38ef938d", "name": null, "subtype": null, "class": null, "height": null, "num_floors": 1, "surge_class": 7, "surge_ft": 6.5, "flood_active": false, "exposure_score": 0.195, "exposure_category": "low"}, "geometry": {"type": "Polygon", "coordinates": [[[-81.9568411, 26.4563478], [-81.9568493, 26.4563514], [-81.9568604, 26.4563561], [-81.9568769, 26.4563633], [-81.9569761, 26.4564061], [-81.9570065, 26.4563491], [-81.9570093, 26.4563503], [-81.9570331, 26.4563057], [-81.9569807, 26.456283], [-81.9569614, 26.4562747], [-81.9569601, 26.4562772], [-81.9569023, 26.4562522], [-81.9568652, 26.4563216], [-81.9568559, 26.456339], [-81.9568477, 26.4563354], [-81.9568411, 26.4563478]]]}}, {"id": "188", "type": "Feature", "properties": {"id": "a31acf5c-5623-4009-ae50-60f62db2c3fc", "name": null, "subtype": null, "class": null, "height": 3.5703630447387695, "num_floors": null, "surge_class": 6, "surge_ft": 5.5, "flood_active": false, "exposure_score": 0.165, "exposure_category": "low"}, "geometry": {"type": "Polygon", "coordinates": [[[-81.9563493, 26.4561405], [-81.9564373, 26.456187], [-81.9565057, 26.4560636], [-81.956411, 26.4560231], [-81.9563493, 26.4561405]]]}}, {"id": "189", "type": "Feature", "properties": {"id": "cb8630a0-27aa-4689-8f2f-23c0bb80d30c", "name": null, "subtype": null, "class": null, "height": 3.4325897693634033, "num_floors": null, "surge_class": 7, "surge_ft": 6.5, "flood_active": false, "exposure_score": 0.195, "exposure_category": "low"}, "geometry": {"type": "Polygon", "coordinates": [[[-81.9564297, 26.456628], [-81.9565558, 26.4566796], [-81.9566013, 26.4565884], [-81.9564766, 26.4565404], [-81.9564297, 26.456628]]]}}, {"id": "190", "type": "Feature", "properties": {"id": "a0424541-3fb4-47f4-b427-c45fd6ae4d95", "name": null, "subtype": null, "class": null, "height": 3.4930508136749268, "num_floors": null, "surge_class": 8, "surge_ft": 7.5, "flood_active": false, "exposure_score": 0.225, "exposure_category": "low"}, "geometry": {"type": "Polygon", "coordinates": [[[-81.956482, 26.4564971], [-81.9566711, 26.4565704], [-81.9567207, 26.4564731], [-81.9566765, 26.4564551], [-81.9566684, 26.4564707], [-81.9565249, 26.4564155], [-81.956482, 26.4564971]]]}}, {"id": "191", "type": "Feature", "properties": {"id": "5361705e-ee09-494d-aa79-23359cf26fa7", "name": null, "subtype": null, "class": null, "height": 3.247549057006836, "num_floors": null, "surge_class": 7, "surge_ft": 6.5, "flood_active": false, "exposure_score": 0.195, "exposure_category": "low"}, "geometry": {"type": "Polygon", "coordinates": [[[-81.9565348, 26.4556597], [-81.9564696, 26.4557696], [-81.9565714, 26.4558194], [-81.9566338, 26.4556998], [-81.9565348, 26.4556597]]]}}, {"id": "192", "type": "Feature", "properties": {"id": "74a8dbbf-985c-4729-806e-4842974ad484", "name": null, "subtype": null, "class": null, "height": 3.070552110671997, "num_floors": null, "surge_class": 8, "surge_ft": 7.5, "flood_active": false, "exposure_score": 0.225, "exposure_category": "low"}, "geometry": {"type": "Polygon", "coordinates": [[[-81.956614, 26.4546036], [-81.9566563, 26.4545434], [-81.9566063, 26.4545152], [-81.956564, 26.4545755], [-81.956614, 26.4546036]]]}}, {"id": "193", "type": "Feature", "properties": {"id": "510f5863-744c-4304-80a4-03d68b50fa87", "name": null, "subtype": null, "class": null, "height": 5.873687744140625, "num_floors": null, "surge_class": 9, "surge_ft": 8.5, "flood_active": false, "exposure_score": 0.255, "exposure_category": "moderate"}, "geometry": {"type": "Polygon", "coordinates": [[[-81.9564557, 26.4545213], [-81.9566039, 26.4543227], [-81.9565334, 26.4542805], [-81.9563852, 26.4544791], [-81.9564557, 26.4545213]]]}}, {"id": "194", "type": "Feature", "properties": {"id": "6f355d78-c1f1-4f6a-a750-e5f7591f767c", "name": null, "subtype": null, "class": null, "height": 3.018489122390747, "num_floors": null, "surge_class": 7, "surge_ft": 6.5, "flood_active": false, "exposure_score": 0.195, "exposure_category": "low"}, "geometry": {"type": "Polygon", "coordinates": [[[-81.9563519, 26.4556937], [-81.9564391, 26.455731], [-81.9564907, 26.4556361], [-81.9564589, 26.4556235], [-81.9564738, 26.4556004], [-81.9564021, 26.4555744], [-81.9563948, 26.4556013], [-81.9563519, 26.4556937]]]}}, {"id": "195", "type": "Feature", "properties": {"id": "8459d6ca-2496-4060-8516-61a57ecb66ea", "name": null, "subtype": null, "class": null, "height": 6.012544631958008, "num_floors": null, "surge_class": 8, "surge_ft": 7.5, "flood_active": false, "exposure_score": 0.225, "exposure_category": "low"}, "geometry": {"type": "Polygon", "coordinates": [[[-81.9564811, 26.4543222], [-81.9564131, 26.454276], [-81.9563562, 26.454343], [-81.9564243, 26.4543892], [-81.9564811, 26.4543222]]]}}, {"id": "196", "type": "Feature", "properties": {"id": "18e4e8db-eff9-4d46-a12e-3dd3401cea1d", "name": null, "subtype": null, "class": null, "height": 5.412868499755859, "num_floors": null, "surge_class": 8, "surge_ft": 7.5, "flood_active": false, "exposure_score": 0.225, "exposure_category": "low"}, "geometry": {"type": "Polygon", "coordinates": [[[-81.9562931, 26.4542121], [-81.9562538, 26.4542898], [-81.9563307, 26.454321], [-81.95637, 26.4542432], [-81.9562931, 26.4542121]]]}}, {"id": "197", "type": "Feature", "properties": {"id": "a205ad99-8859-4a85-9a27-122ca0aaccc7", "name": null, "subtype": null, "class": null, "height": 3.5006141662597656, "num_floors": null, "surge_class": 8, "surge_ft": 7.5, "flood_active": false, "exposure_score": 0.225, "exposure_category": "low"}, "geometry": {"type": "Polygon", "coordinates": [[[-81.9562178, 26.4556397], [-81.9563023, 26.4556793], [-81.9563479, 26.4555845], [-81.956254, 26.4555497], [-81.9562258, 26.4555989], [-81.9562366, 26.4556061], [-81.9562178, 26.4556397]]]}}, {"id": "198", "type": "Feature", "properties": {"id": "ea882366-43dc-40e2-b66c-b149cdfd15b7", "name": null, "subtype": null, "class": null, "height": null, "num_floors": null, "surge_class": 6, "surge_ft": 5.5, "flood_active": false, "exposure_score": 0.165, "exposure_category": "low"}, "geometry": {"type": "Polygon", "coordinates": [[[-81.9562473, 26.4562521], [-81.9563345, 26.4562893], [-81.956376, 26.4562172], [-81.9562875, 26.45618], [-81.9562473, 26.4562521]]]}}, {"id": "199", "type": "Feature", "properties": {"id": "7bc02507-8232-4801-b706-00036c467504", "name": null, "subtype": null, "class": null, "height": 3.6897411346435547, "num_floors": null, "surge_class": 8, "surge_ft": 7.5, "flood_active": false, "exposure_score": 0.225, "exposure_category": "low"}, "geometry": {"type": "Polygon", "coordinates": [[[-81.9562044, 26.4560924], [-81.9562875, 26.4561296], [-81.9563546, 26.4560047], [-81.9562701, 26.4559759], [-81.9562044, 26.4560924]]]}}, {"id": "200", "type": "Feature", "properties": {"id": "84f64e3b-a109-4e23-b653-f51fc601e178", "name": null, "subtype": null, "class": null, "height": 3.6248981952667236, "num_floors": null, "surge_class": 7, "surge_ft": 6.5, "flood_active": false, "exposure_score": 0.195, "exposure_category": "low"}, "geometry": {"type": "Polygon", "coordinates": [[[-81.9560408, 26.45658], [-81.9561481, 26.4566256], [-81.9562285, 26.4564827], [-81.9561253, 26.4564311], [-81.9560408, 26.45658]]]}}, {"id": "201", "type": "Feature", "properties": {"id": "d8c87357-288f-4c0c-8a67-95b0ceadd52c", "name": null, "subtype": null, "class": null, "height": null, "num_floors": null, "surge_class": 6, "surge_ft": 5.5, "flood_active": false, "exposure_score": 0.165, "exposure_category": "low"}, "geometry": {"type": "Polygon", "coordinates": [[[-81.9561025, 26.4563615], [-81.9562285, 26.4564203], [-81.9562755, 26.4563458], [-81.9561427, 26.4562846], [-81.9561025, 26.4563615]]]}}, {"id": "202", "type": "Feature", "properties": {"id": "027a3444-a6da-4c0e-8a1f-08ff4ca697fc", "name": null, "subtype": null, "class": null, "height": 3.5148117542266846, "num_floors": null, "surge_class": 8, "surge_ft": 7.5, "flood_active": false, "exposure_score": 0.225, "exposure_category": "low"}, "geometry": {"type": "Polygon", "coordinates": [[[-81.9560944, 26.4560011], [-81.9561789, 26.4560335], [-81.9562218, 26.4559567], [-81.9561333, 26.4559195], [-81.9560944, 26.4560011]]]}}, {"id": "203", "type": "Feature", "properties": {"id": "a7848583-2b12-43aa-8a0b-f6d3420f6983", "name": null, "subtype": null, "class": null, "height": null, "num_floors": null, "surge_class": 8, "surge_ft": 7.5, "flood_active": false, "exposure_score": 0.225, "exposure_category": "low"}, "geometry": {"type": "Polygon", "coordinates": [[[-81.9560797, 26.4555845], [-81.9561641, 26.4556253], [-81.9562218, 26.4555269], [-81.9561829, 26.4555112], [-81.9561977, 26.4554872], [-81.956132, 26.4554572], [-81.9560864, 26.4555413], [-81.9560984, 26.4555485], [-81.9560797, 26.4555845]]]}}, {"id": "204", "type": "Feature", "properties": {"id": "c212e0d2-07cc-43e5-b9a4-6504192cb076", "name": null, "subtype": null, "class": null, "height": 5.899379730224609, "num_floors": null, "surge_class": 8, "surge_ft": 7.5, "flood_active": false, "exposure_score": 0.225, "exposure_category": "low"}, "geometry": {"type": "Polygon", "coordinates": [[[-81.9562092, 26.4543207], [-81.9561539, 26.4544027], [-81.9562374, 26.4544479], [-81.9562928, 26.454366], [-81.9562092, 26.4543207]]]}}, {"id": "205", "type": "Feature", "properties": {"id": "f15e5e64-2ad0-430b-b579-1813a6b6fc32", "name": "Manatee Bay Inn", "subtype": null, "class": null, "height": null, "num_floors": null, "surge_class": 8, "surge_ft": 7.5, "flood_active": false, "exposure_score": 0.225, "exposure_category": "low"}, "geometry": {"type": "Polygon", "coordinates": [[[-81.9559492, 26.4555075], [-81.9560391, 26.4555448], [-81.9560914, 26.4554547], [-81.9559948, 26.4554163], [-81.9559492, 26.4555075]]]}}, {"id": "206", "type": "Feature", "properties": {"id": "839fdc79-9ba8-415e-8a89-74855f46a3a1", "name": null, "subtype": null, "class": null, "height": 4.779850959777832, "num_floors": null, "surge_class": 7, "surge_ft": 6.5, "flood_active": false, "exposure_score": 0.195, "exposure_category": "low"}, "geometry": {"type": "Polygon", "coordinates": [[[-81.9560186, 26.4546522], [-81.9561196, 26.4544543], [-81.9560482, 26.4544251], [-81.9559472, 26.454623], [-81.9560186, 26.4546522]]]}}, {"id": "207", "type": "Feature", "properties": {"id": "52d722e2-a8b7-406b-bf1b-69d60839059e", "name": null, "subtype": null, "class": null, "height": null, "num_floors": null, "surge_class": 8, "surge_ft": 7.5, "flood_active": false, "exposure_score": 0.225, "exposure_category": "low"}, "geometry": {"type": "Polygon", "coordinates": [[[-81.9561028, 26.4543702], [-81.9561392, 26.4543009], [-81.9558807, 26.4541919], [-81.9558442, 26.4542612], [-81.9559111, 26.4542894], [-81.9561028, 26.4543702]]]}}, {"id": "208", "type": "Feature", "properties": {"id": "5ee8695e-898e-45cf-a6c9-60e3e0748f65", "name": null, "subtype": null, "class": null, "height": null, "num_floors": null, "surge_class": 6, "surge_ft": 5.5, "flood_active": false, "exposure_score": 0.165, "exposure_category": "low"}, "geometry": {"type": "Polygon", "coordinates": [[[-81.9558762, 26.4543745], [-81.9559843, 26.45445], [-81.956029, 26.4543987], [-81.9559209, 26.4543232], [-81.9558762, 26.4543745]]]}}, {"id": "209", "type": "Feature", "properties": {"id": "49a8c6db-2b3a-4c1d-bc71-cfdd343ed8fe", "name": null, "subtype": null, "class": null, "height": null, "num_floors": null, "surge_class": 8, "surge_ft": 7.5, "flood_active": false, "exposure_score": 0.225, "exposure_category": "low"}, "geometry": {"type": "Polygon", "coordinates": [[[-81.9560415, 26.4547325], [-81.955913, 26.4546836], [-81.9558773, 26.4547589], [-81.9560058, 26.4548078], [-81.9560415, 26.4547325]]]}}, {"id": "210", "type": "Feature", "properties": {"id": "6471f540-8c4f-4d0b-88f3-780d58bb80b8", "name": null, "subtype": null, "class": null, "height": 3.762343645095825, "num_floors": null, "surge_class": 7, "surge_ft": 6.5, "flood_active": false, "exposure_score": 0.195, "exposure_category": "low"}, "geometry": {"type": "Polygon", "coordinates": [[[-81.955811, 26.4545947], [-81.955909, 26.4546123], [-81.9559278, 26.4545475], [-81.9558232, 26.4545319], [-81.9557898, 26.4545168], [-81.9557548, 26.4545823], [-81.9558058, 26.4546051], [-81.955811, 26.4545947]]]}}, {"id": "211", "type": "Feature", "properties": {"id": "e0802e2f-dddf-4579-9459-8a3a43532cff", "name": null, "subtype": null, "class": null, "height": 4.597856521606445, "num_floors": null, "surge_class": 8, "surge_ft": 7.5, "flood_active": false, "exposure_score": 0.225, "exposure_category": "low"}, "geometry": {"type": "Polygon", "coordinates": [[[-81.95579, 26.4554704], [-81.9558865, 26.4555112], [-81.9559549, 26.4553828], [-81.9558973, 26.4553588], [-81.9558879, 26.4553828], [-81.9558423, 26.4553672], [-81.95579, 26.4554704]]]}}, {"id": "212", "type": "Feature", "properties": {"id": "2dffca6d-cae9-4ef4-86c0-a41322a7641b", "name": null, "subtype": null, "class": null, "height": 3.221841335296631, "num_floors": null, "surge_class": 8, "surge_ft": 7.5, "flood_active": false, "exposure_score": 0.225, "exposure_category": "low"}, "geometry": {"type": "Polygon", "coordinates": [[[-81.9558114, 26.4558774], [-81.9559147, 26.4559231], [-81.955971, 26.455821], [-81.9558624, 26.4557826], [-81.9558114, 26.4558774]]]}}, {"id": "213", "type": "Feature", "properties": {"id": "15a27709-bb1e-4922-b014-acafb29ba12a", "name": null, "subtype": null, "class": null, "height": 3.5459671020507812, "num_floors": null, "surge_class": 8, "surge_ft": 7.5, "flood_active": false, "exposure_score": 0.225, "exposure_category": "low"}, "geometry": {"type": "Polygon", "coordinates": [[[-81.9559362, 26.4559711], [-81.9560233, 26.4560083], [-81.9560797, 26.4558967], [-81.9559952, 26.455857], [-81.9559362, 26.4559711]]]}}, {"id": "214", "type": "Feature", "properties": {"id": "c214caee-a7d6-400c-a933-cab5ca614726", "name": null, "subtype": null, "class": null, "height": 6.019099712371826, "num_floors": null, "surge_class": 8, "surge_ft": 7.5, "flood_active": false, "exposure_score": 0.225, "exposure_category": "low"}, "geometry": {"type": "Polygon", "coordinates": [[[-81.9559068, 26.4567042], [-81.9557634, 26.457025], [-81.9562836, 26.4572114], [-81.956427, 26.4568906], [-81.9559068, 26.4567042]]]}}, {"id": "215", "type": "Feature", "properties": {"id": "bd3f064a-ac73-498c-b031-bc2023428202", "name": null, "subtype": null, "class": null, "height": 3.946333408355713, "num_floors": null, "surge_class": 7, "surge_ft": 6.5, "flood_active": false, "exposure_score": 0.195, "exposure_category": "low"}, "geometry": {"type": "Polygon", "coordinates": [[[-81.9560013, 26.465865], [-81.9561354, 26.4658071], [-81.9560717, 26.4656888], [-81.9559376, 26.4657467], [-81.9560013, 26.465865]]]}}, {"id": "216", "type": "Feature", "properties": {"id": "ae7a30d6-5083-4a9f-8fcc-12810725a5fb", "name": null, "subtype": null, "class": null, "height": 5.812083721160889, "num_floors": null, "surge_class": 7, "surge_ft": 6.5, "flood_active": false, "exposure_score": 0.195, "exposure_category": "low"}, "geometry": {"type": "Polygon", "coordinates": [[[-81.9558027, 26.4655341], [-81.9558832, 26.4656833], [-81.9560319, 26.4656189], [-81.9559513, 26.4654698], [-81.9558027, 26.4655341]]]}}, {"id": "217", "type": "Feature", "properties": {"id": "8db3711f-ddb0-4294-90f4-08f0a10b11a3", "name": null, "subtype": null, "class": null, "height": null, "num_floors": null, "surge_class": 8, "surge_ft": 7.5, "flood_active": false, "exposure_score": 0.225, "exposure_category": "low"}, "geometry": {"type": "Polygon", "coordinates": [[[-81.9560161, 26.4666964], [-81.9560899, 26.4666516], [-81.9560709, 26.4666265], [-81.9560814, 26.4666202], [-81.9560621, 26.4665948], [-81.9560524, 26.4666006], [-81.9560339, 26.4665761], [-81.9559594, 26.4666213], [-81.9560161, 26.4666964]]]}}, {"id": "218", "type": "Feature", "properties": {"id": "d38363c4-ccdc-4e71-94e4-d2247ef4b8e8", "name": null, "subtype": null, "class": null, "height": 3.4619596004486084, "num_floors": null, "surge_class": 6, "surge_ft": 5.5, "flood_active": false, "exposure_score": 0.165, "exposure_category": "low"}, "geometry": {"type": "Polygon", "coordinates": [[[-81.9563212, 26.4662701], [-81.9562647, 26.4661336], [-81.9561763, 26.4661629], [-81.9561979, 26.4662152], [-81.9561195, 26.4662412], [-81.9561544, 26.4663255], [-81.9563212, 26.4662701]]]}}, {"id": "219", "type": "Feature", "properties": {"id": "1228f38c-6515-4217-aaf9-4f0d8fcbc365", "name": null, "subtype": null, "class": null, "height": 5.419508457183838, "num_floors": null, "surge_class": 7, "surge_ft": 6.5, "flood_active": false, "exposure_score": 0.195, "exposure_category": "low"}, "geometry": {"type": "Polygon", "coordinates": [[[-81.956332, 26.4664745], [-81.9562485, 26.4663601], [-81.9560962, 26.4664491], [-81.9561011, 26.4664558], [-81.9560138, 26.4665069], [-81.9560752, 26.4665911], [-81.9561701, 26.4665356], [-81.9561872, 26.4665592], [-81.956332, 26.4664745]]]}}, {"id": "220", "type": "Feature", "properties": {"id": "e1dd4c01-b9c2-494a-bc9e-a1a8bc8da6cf", "name": null, "subtype": null, "class": null, "height": 3.1149044036865234, "num_floors": null, "surge_class": 7, "surge_ft": 6.5, "flood_active": false, "exposure_score": 0.195, "exposure_category": "low"}, "geometry": {"type": "Polygon", "coordinates": [[[-81.9560373, 26.4660162], [-81.9560725, 26.4661033], [-81.9561543, 26.4660768], [-81.956181, 26.4661426], [-81.9562806, 26.4661103], [-81.9562188, 26.4659575], [-81.9560373, 26.4660162]]]}}, {"id": "221", "type": "Feature", "properties": {"id": "bfcb4da4-4a97-4d59-91bc-52cc0fcfac9b", "name": null, "subtype": null, "class": null, "height": null, "num_floors": null, "surge_class": 6, "surge_ft": 5.5, "flood_active": false, "exposure_score": 0.165, "exposure_category": "low"}, "geometry": {"type": "Polygon", "coordinates": [[[-81.9564001, 26.4661321], [-81.9563851, 26.4660958], [-81.9562864, 26.4661285], [-81.956297, 26.4661539], [-81.9563159, 26.4661477], [-81.9563204, 26.4661586], [-81.9564001, 26.4661321]]]}}, {"id": "222", "type": "Feature", "properties": {"id": "42ade492-0b96-470e-88c7-7e864577c486", "name": null, "subtype": null, "class": null, "height": 3.139582633972168, "num_floors": null, "surge_class": 7, "surge_ft": 6.5, "flood_active": false, "exposure_score": 0.195, "exposure_category": "low"}, "geometry": {"type": "Polygon", "coordinates": [[[-81.956908, 26.4569991], [-81.9570685, 26.4570704], [-81.9571206, 26.4569763], [-81.9569602, 26.456905], [-81.956908, 26.4569991]]]}}, {"id": "223", "type": "Feature", "properties": {"id": "6f009c67-9613-43b1-b974-fe21abc12cae", "name": null, "subtype": null, "class": null, "height": 3.1538889408111572, "num_floors": null, "surge_class": 7, "surge_ft": 6.5, "flood_active": false, "exposure_score": 0.195, "exposure_category": "low"}, "geometry": {"type": "Polygon", "coordinates": [[[-81.957151, 26.456952], [-81.957204, 26.456844], [-81.957012, 26.456769], [-81.956959, 26.456876], [-81.957151, 26.456952]]]}}, {"id": "224", "type": "Feature", "properties": {"id": "b4e5efcf-4502-4544-aad1-8dc405b43023", "name": null, "subtype": null, "class": null, "height": 3.784313678741455, "num_floors": null, "surge_class": 7, "surge_ft": 6.5, "flood_active": false, "exposure_score": 0.195, "exposure_category": "low"}, "geometry": {"type": "Polygon", "coordinates": [[[-81.9569956, 26.4560083], [-81.9570536, 26.4558845], [-81.956943, 26.455843], [-81.956885, 26.4559667], [-81.9569956, 26.4560083]]]}}, {"id": "225", "type": "Feature", "properties": {"id": "9c0eeb0b-97a8-4566-b129-cb680759e9cf", "name": null, "subtype": "residential", "class": "house", "height": 5.413440704345703, "num_floors": null, "surge_class": 8, "surge_ft": 7.5, "flood_active": false, "exposure_score": 0.225, "exposure_category": "low"}, "geometry": {"type": "Polygon", "coordinates": [[[-81.956963, 26.4554395], [-81.9569976, 26.4554609], [-81.957073, 26.4553635], [-81.9570658, 26.4553591], [-81.9571207, 26.4552882], [-81.9570955, 26.4552726], [-81.9571046, 26.4552608], [-81.95708, 26.4552456], [-81.9570888, 26.4552343], [-81.9570808, 26.4552293], [-81.957089, 26.4552187], [-81.9570611, 26.4552013], [-81.9570528, 26.455212], [-81.9570445, 26.4552068], [-81.9570357, 26.4552181], [-81.957002, 26.4551972], [-81.9569929, 26.4552089], [-81.9569771, 26.4551991], [-81.9569223, 26.4552701], [-81.9569147, 26.4552654], [-81.9568394, 26.4553628], [-81.9568749, 26.4553848], [-81.9568715, 26.4553893], [-81.9569595, 26.455444], [-81.956963, 26.4554395]]]}}, {"id": "226", "type": "Feature", "properties": {"id": "51c8d409-4525-40f8-b907-9d64dfd274fc", "name": null, "subtype": null, "class": null, "height": null, "num_floors": null, "surge_class": 8, "surge_ft": 7.5, "flood_active": false, "exposure_score": 0.225, "exposure_category": "low"}, "geometry": {"type": "Polygon", "coordinates": [[[-81.9570694, 26.4555347], [-81.9571807, 26.4555827], [-81.9572444, 26.4554653], [-81.957113, 26.4554089], [-81.9570801, 26.4554713], [-81.9570245, 26.4554599], [-81.957005, 26.4555073], [-81.9570694, 26.4555347]]]}}, {"id": "227", "type": "Feature", "properties": {"id": "1b9d2a66-2235-4fac-a718-421a6aeefc3e", "name": null, "subtype": null, "class": null, "height": 3.7700705528259277, "num_floors": null, "surge_class": 8, "surge_ft": 7.5, "flood_active": false, "exposure_score": 0.225, "exposure_category": "low"}, "geometry": {"type": "Polygon", "coordinates": [[[-81.9571394, 26.4548588], [-81.957136, 26.4549571], [-81.9572378, 26.4549599], [-81.9572412, 26.4548616], [-81.9571394, 26.4548588]]]}}, {"id": "228", "type": "Feature", "properties": {"id": "6c82f4c3-defb-4a99-bb89-5c6fb53fbc74", "name": null, "subtype": null, "class": null, "height": null, "num_floors": null, "surge_class": 8, "surge_ft": 7.5, "flood_active": false, "exposure_score": 0.225, "exposure_category": "low"}, "geometry": {"type": "Polygon", "coordinates": [[[-81.9571344, 26.4553831], [-81.9572149, 26.4554257], [-81.9572732, 26.4553447], [-81.9571867, 26.4552942], [-81.9571344, 26.4553831]]]}}, {"id": "229", "type": "Feature", "properties": {"id": "8cb9d620-52ff-4a61-8fc0-2a2210205f49", "name": null, "subtype": null, "class": null, "height": 4.216305732727051, "num_floors": null, "surge_class": 7, "surge_ft": 6.5, "flood_active": false, "exposure_score": 0.195, "exposure_category": "low"}, "geometry": {"type": "Polygon", "coordinates": [[[-81.9570265, 26.4559867], [-81.9571418, 26.4560359], [-81.9572048, 26.4559219], [-81.9570895, 26.455869], [-81.9570265, 26.4559867]]]}}, {"id": "230", "type": "Feature", "properties": {"id": "8234d604-b4aa-4549-b430-d99f517931c4", "name": null, "subtype": null, "class": null, "height": 3.249232053756714, "num_floors": null, "surge_class": 8, "surge_ft": 7.5, "flood_active": false, "exposure_score": 0.225, "exposure_category": "low"}, "geometry": {"type": "Polygon", "coordinates": [[[-81.9571767, 26.4567719], [-81.9572236, 26.4567947], [-81.9572625, 26.4567215], [-81.9571056, 26.4566555], [-81.9570654, 26.4567239], [-81.9570922, 26.4567383], [-81.9570801, 26.4567647], [-81.9571633, 26.4567983], [-81.9571767, 26.4567719]]]}}, {"id": "231", "type": "Feature", "properties": {"id": "8d50de32-57df-4b00-acf4-6930642f2faf", "name": null, "subtype": null, "class": null, "height": null, "num_floors": null, "surge_class": 8, "surge_ft": 7.5, "flood_active": false, "exposure_score": 0.225, "exposure_category": "low"}, "geometry": {"type": "Polygon", "coordinates": [[[-81.9571786, 26.456605], [-81.9571897, 26.4566648], [-81.9573006, 26.4566483], [-81.9572823, 26.4565494], [-81.9571874, 26.4565635], [-81.9571946, 26.4566026], [-81.9571786, 26.456605]]]}}, {"id": "232", "type": "Feature", "properties": {"id": "81dcd2fb-c959-40ff-8e49-f71ec0a1c506", "name": null, "subtype": null, "class": null, "height": 3.510016679763794, "num_floors": null, "surge_class": 9, "surge_ft": 8.5, "flood_active": false, "exposure_score": 0.255, "exposure_category": "moderate"}, "geometry": {"type": "Polygon", "coordinates": [[[-81.957317, 26.4559829], [-81.9572276, 26.4559562], [-81.9571987, 26.456034], [-81.957288, 26.4560607], [-81.957317, 26.4559829]]]}}, {"id": "233", "type": "Feature", "properties": {"id": "b68df05c-7f57-4fd5-a2e3-4281c85d0587", "name": null, "subtype": null, "class": null, "height": 5.775808811187744, "num_floors": null, "surge_class": 7, "surge_ft": 6.5, "flood_active": false, "exposure_score": 0.195, "exposure_category": "low"}, "geometry": {"type": "Polygon", "coordinates": [[[-81.9574047, 26.4548862], [-81.9574528, 26.4547903], [-81.9573077, 26.454732], [-81.9572596, 26.4548279], [-81.9574047, 26.4548862]]]}}, {"id": "234", "type": "Feature", "properties": {"id": "b786bfa2-223b-4cea-9836-b3a943a090f7", "name": null, "subtype": null, "class": null, "height": 4.3902363777160645, "num_floors": null, "surge_class": 8, "surge_ft": 7.5, "flood_active": false, "exposure_score": 0.225, "exposure_category": "low"}, "geometry": {"type": "Polygon", "coordinates": [[[-81.9572437, 26.4550172], [-81.9574167, 26.4551252], [-81.9574851, 26.45504], [-81.9573081, 26.4549367], [-81.9572437, 26.4550172]]]}}, {"id": "235", "type": "Feature", "properties": {"id": "0e399fa8-3ad5-47a0-a73e-a7bf9562d234", "name": null, "subtype": null, "class": null, "height": 6.382737636566162, "num_floors": null, "surge_class": 8, "surge_ft": 7.5, "flood_active": false, "exposure_score": 0.225, "exposure_category": "low"}, "geometry": {"type": "Polygon", "coordinates": [[[-81.9572777, 26.4555507], [-81.9572388, 26.45563], [-81.9573951, 26.4556914], [-81.957434, 26.4556122], [-81.9572777, 26.4555507]]]}}, {"id": "236", "type": "Feature", "properties": {"id": "64ab393d-9950-43dc-9f32-aee331acd684", "name": null, "subtype": null, "class": null, "height": 6.089237213134766, "num_floors": null, "surge_class": 8, "surge_ft": 7.5, "flood_active": false, "exposure_score": 0.225, "exposure_category": "low"}, "geometry": {"type": "Polygon", "coordinates": [[[-81.9573821, 26.4554126], [-81.9573414, 26.4555008], [-81.957433, 26.4555347], [-81.9574737, 26.4554466], [-81.9573821, 26.4554126]]]}}, {"id": "237", "type": "Feature", "properties": {"id": "3b0ed46a-70b1-4ecc-8288-575dff057b2b", "name": null, "subtype": null, "class": null, "height": 4.357791423797607, "num_floors": null, "surge_class": 8, "surge_ft": 7.5, "flood_active": false, "exposure_score": 0.225, "exposure_category": "low"}, "geometry": {"type": "Polygon", "coordinates": [[[-81.9575449, 26.456216], [-81.9575474, 26.4561762], [-81.957427, 26.4561702], [-81.9574219, 26.4562531], [-81.9575075, 26.4562574], [-81.9575102, 26.4562143], [-81.9575449, 26.456216]]]}}, {"id": "238", "type": "Feature", "properties": {"id": "6ab8a2a8-12a4-4a47-aedf-dcad9a787b5a", "name": null, "subtype": null, "class": null, "height": 5.679738521575928, "num_floors": null, "surge_class": 8, "surge_ft": 7.5, "flood_active": false, "exposure_score": 0.225, "exposure_category": "low"}, "geometry": {"type": "Polygon", "coordinates": [[[-81.9573934, 26.455976], [-81.9573489, 26.456081], [-81.9574474, 26.4561144], [-81.9574919, 26.4560094], [-81.9573934, 26.455976]]]}}, {"id": "239", "type": "Feature", "properties": {"id": "07388118-601b-45d5-9db1-4badf60d74f8", "name": null, "subtype": null, "class": null, "height": null, "num_floors": null, "surge_class": 8, "surge_ft": 7.5, "flood_active": false, "exposure_score": 0.225, "exposure_category": "low"}, "geometry": {"type": "Polygon", "coordinates": [[[-81.9573745, 26.4562883], [-81.9573335, 26.4563673], [-81.9574217, 26.456404], [-81.9574627, 26.456325], [-81.9573745, 26.4562883]]]}}, {"id": "240", "type": "Feature", "properties": {"id": "e011bd74-0c89-462c-a78a-a3e24369c626", "name": null, "subtype": null, "class": null, "height": 5.085730075836182, "num_floors": null, "surge_class": 7, "surge_ft": 6.5, "flood_active": false, "exposure_score": 0.195, "exposure_category": "low"}, "geometry": {"type": "Polygon", "coordinates": [[[-81.9574134, 26.4573844], [-81.9575502, 26.4574408], [-81.9576038, 26.4572992], [-81.9576736, 26.4572908], [-81.9576494, 26.4572007], [-81.9575623, 26.4572151], [-81.9575408, 26.4571515], [-81.9574429, 26.4571707], [-81.9574751, 26.4572679], [-81.9574134, 26.4573844]]]}}, {"id": "241", "type": "Feature", "properties": {"id": "19185433-a43d-4df2-a9a1-3b5d727315f1", "name": null, "subtype": null, "class": null, "height": null, "num_floors": null, "surge_class": 8, "surge_ft": 7.5, "flood_active": false, "exposure_score": 0.225, "exposure_category": "low"}, "geometry": {"type": "Polygon", "coordinates": [[[-81.9576011, 26.4570326], [-81.9577098, 26.457047], [-81.9577259, 26.4569666], [-81.9575073, 26.4569402], [-81.9575073, 26.4569798], [-81.9574711, 26.4569738], [-81.957463, 26.4570458], [-81.9575958, 26.4570626], [-81.9576011, 26.4570326]]]}}, {"id": "242", "type": "Feature", "properties": {"id": "e70b5921-b50c-4681-af3d-34838d788945", "name": null, "subtype": null, "class": null, "height": 4.422080039978027, "num_floors": null, "surge_class": 7, "surge_ft": 6.5, "flood_active": false, "exposure_score": 0.195, "exposure_category": "low"}, "geometry": {"type": "Polygon", "coordinates": [[[-81.9575468, 26.4549595], [-81.9576286, 26.4548527], [-81.9575213, 26.4547938], [-81.9574409, 26.4548899], [-81.9575468, 26.4549595]]]}}, {"id": "243", "type": "Feature", "properties": {"id": "2e2bfd14-2226-490b-a2c4-691ef57862d5", "name": null, "subtype": null, "class": null, "height": 3.6386518478393555, "num_floors": null, "surge_class": 8, "surge_ft": 7.5, "flood_active": false, "exposure_score": 0.225, "exposure_category": "low"}, "geometry": {"type": "Polygon", "coordinates": [[[-81.9576823, 26.4555869], [-81.9576929, 26.4554966], [-81.9575469, 26.455483], [-81.9575336, 26.455597], [-81.9576079, 26.4556039], [-81.9576107, 26.4555802], [-81.9576823, 26.4555869]]]}}, {"id": "244", "type": "Feature", "properties": {"id": "77e19249-defa-4bfa-8a70-0c20519ee5a4", "name": null, "subtype": null, "class": null, "height": 3.6267528533935547, "num_floors": null, "surge_class": 8, "surge_ft": 7.5, "flood_active": false, "exposure_score": 0.225, "exposure_category": "low"}, "geometry": {"type": "Polygon", "coordinates": [[[-81.9578184, 26.4549153], [-81.9577374, 26.4548645], [-81.9576601, 26.4549634], [-81.9577411, 26.4550142], [-81.9578184, 26.4549153]]]}}, {"id": "245", "type": "Feature", "properties": {"id": "ef6cfa53-a76d-4ff6-ac67-1473159def10", "name": null, "subtype": null, "class": null, "height": 3.502178907394409, "num_floors": null, "surge_class": 8, "surge_ft": 7.5, "flood_active": false, "exposure_score": 0.225, "exposure_category": "low"}, "geometry": {"type": "Polygon", "coordinates": [[[-81.9576418, 26.4567114], [-81.9577697, 26.4567604], [-81.9578365, 26.4566205], [-81.9577294, 26.4565795], [-81.9577052, 26.4566302], [-81.9576844, 26.4566222], [-81.9576418, 26.4567114]]]}}, {"id": "246", "type": "Feature", "properties": {"id": "68e88125-3cff-4c91-a3f6-17a5a5982b70", "name": null, "subtype": null, "class": null, "height": 4.074019432067871, "num_floors": null, "surge_class": 7, "surge_ft": 6.5, "flood_active": false, "exposure_score": 0.195, "exposure_category": "low"}, "geometry": {"type": "Polygon", "coordinates": [[[-81.9577319, 26.4569411], [-81.9577488, 26.4568574], [-81.9575967, 26.4568328], [-81.9575798, 26.4569165], [-81.9577319, 26.4569411]]]}}, {"id": "247", "type": "Feature", "properties": {"id": "3e4b438e-c849-4a4a-a593-4ba20e55de9c", "name": null, "subtype": null, "class": null, "height": null, "num_floors": null, "surge_class": 7, "surge_ft": 6.5, "flood_active": false, "exposure_score": 0.195, "exposure_category": "low"}, "geometry": {"type": "Polygon", "coordinates": [[[-81.9577259, 26.457454], [-81.9578546, 26.4575069], [-81.9579351, 26.4573436], [-81.9578023, 26.4572908], [-81.9577259, 26.457454]]]}}, {"id": "248", "type": "Feature", "properties": {"id": "b395cdfe-980f-4a06-8279-76b9ff74c0c2", "name": null, "subtype": null, "class": null, "height": 5.3865838050842285, "num_floors": null, "surge_class": 9, "surge_ft": 8.5, "flood_active": false, "exposure_score": 0.255, "exposure_category": "moderate"}, "geometry": {"type": "Polygon", "coordinates": [[[-81.9578626, 26.4565702], [-81.9579284, 26.4564262], [-81.9578295, 26.45639], [-81.9577638, 26.4565341], [-81.9578626, 26.4565702]]]}}, {"id": "249", "type": "Feature", "properties": {"id": "422b1707-b2a9-4daf-9339-57b4beb2f2bc", "name": null, "subtype": "residential", "class": "house", "height": null, "num_floors": null, "surge_class": 7, "surge_ft": 6.5, "flood_active": false, "exposure_score": 0.195, "exposure_category": "low"}, "geometry": {"type": "Polygon", "coordinates": [[[-81.9577385, 26.4556225], [-81.9579345, 26.455592], [-81.9579233, 26.4555345], [-81.9579163, 26.4555356], [-81.9579059, 26.4554822], [-81.9578738, 26.4554831], [-81.9578419, 26.4554868], [-81.9578112, 26.4554929], [-81.9577814, 26.4555016], [-81.957787, 26.4555302], [-81.9577724, 26.4555325], [-81.9577653, 26.4555216], [-81.9577525, 26.4555163], [-81.9577386, 26.4555187], [-81.9577288, 26.4555278], [-81.9577264, 26.4555385], [-81.9577304, 26.4555488], [-81.9577396, 26.4555559], [-81.9577516, 26.4555579], [-81.9577526, 26.4555634], [-81.9577278, 26.4555672], [-81.9577385, 26.4556225]]]}}, {"id": "250", "type": "Feature", "properties": {"id": "4848fe54-3b52-4d6b-8c4e-461a20376223", "name": null, "subtype": null, "class": null, "height": 4.572930335998535, "num_floors": null, "surge_class": 9, "surge_ft": 8.5, "flood_active": false, "exposure_score": 0.255, "exposure_category": "moderate"}, "geometry": {"type": "Polygon", "coordinates": [[[-81.9580598, 26.4566619], [-81.9581108, 26.4566627], [-81.9581128, 26.4565562], [-81.9579868, 26.4565543], [-81.9579844, 26.4566775], [-81.9580595, 26.4566787], [-81.9580598, 26.4566619]]]}}, {"id": "251", "type": "Feature", "properties": {"id": "cf83adb1-239a-4889-8c07-019ec7018aef", "name": null, "subtype": null, "class": null, "height": 3.8314273357391357, "num_floors": null, "surge_class": 8, "surge_ft": 7.5, "flood_active": false, "exposure_score": 0.225, "exposure_category": "low"}, "geometry": {"type": "Polygon", "coordinates": [[[-81.9579933, 26.4562443], [-81.9580086, 26.4562177], [-81.9580478, 26.4562357], [-81.958095, 26.4561532], [-81.957975, 26.4560982], [-81.9579126, 26.4562073], [-81.9579933, 26.4562443]]]}}, {"id": "252", "type": "Feature", "properties": {"id": "b831443c-3ede-415e-b33a-77838fdabcd7", "name": null, "subtype": null, "class": null, "height": 3.5409326553344727, "num_floors": null, "surge_class": 8, "surge_ft": 7.5, "flood_active": false, "exposure_score": 0.225, "exposure_category": "low"}, "geometry": {"type": "Polygon", "coordinates": [[[-81.9580502, 26.4563465], [-81.9579847, 26.4563211], [-81.9579327, 26.456301], [-81.9579112, 26.4563456], [-81.9580288, 26.456391], [-81.9580502, 26.4563465]]]}}, {"id": "253", "type": "Feature", "properties": {"id": "7aa6149c-5cef-4697-82b4-7e1b09472d2c", "name": null, "subtype": null, "class": null, "height": 3.7909584045410156, "num_floors": null, "surge_class": 8, "surge_ft": 7.5, "flood_active": false, "exposure_score": 0.225, "exposure_category": "low"}, "geometry": {"type": "Polygon", "coordinates": [[[-81.9578613, 26.4575801], [-81.9579927, 26.4576269], [-81.9580665, 26.4574829], [-81.9579364, 26.4574324], [-81.9578613, 26.4575801]]]}}, {"id": "254", "type": "Feature", "properties": {"id": "5395670d-12a7-4287-88bc-a03c95ee1888", "name": null, "subtype": null, "class": null, "height": 6.429506301879883, "num_floors": null, "surge_class": 6, "surge_ft": 5.5, "flood_active": false, "exposure_score": 0.165, "exposure_category": "low"}, "geometry": {"type": "Polygon", "coordinates": [[[-81.953588, 26.464771], [-81.953715, 26.464732], [-81.953659, 26.464583], [-81.953498, 26.464632], [-81.95352, 26.464692], [-81.953554, 26.464681], [-81.953588, 26.464771]]]}}, {"id": "255", "type": "Feature", "properties": {"id": "40c7327e-5413-42c7-90aa-6805370b0c7c", "name": null, "subtype": null, "class": null, "height": 5.347567558288574, "num_floors": null, "surge_class": 6, "surge_ft": 5.5, "flood_active": false, "exposure_score": 0.165, "exposure_category": "low"}, "geometry": {"type": "Polygon", "coordinates": [[[-81.953678, 26.465041], [-81.953743, 26.46489], [-81.953632, 26.464852], [-81.953567, 26.465003], [-81.953678, 26.465041]]]}}, {"id": "256", "type": "Feature", "properties": {"id": "277048eb-daeb-45bf-94e9-ea4cef498a1c", "name": null, "subtype": null, "class": null, "height": 5.380295276641846, "num_floors": null, "surge_class": 5, "surge_ft": 4.5, "flood_active": false, "exposure_score": 0.135, "exposure_category": "low"}, "geometry": {"type": "Polygon", "coordinates": [[[-81.953767, 26.465179], [-81.95387, 26.464953], [-81.953788, 26.464923], [-81.953685, 26.465149], [-81.953767, 26.465179]]]}}, {"id": "257", "type": "Feature", "properties": {"id": "094221d8-8cae-4586-953d-f2b46c9c8e05", "name": null, "subtype": null, "class": null, "height": 4.417472839355469, "num_floors": null, "surge_class": 6, "surge_ft": 5.5, "flood_active": false, "exposure_score": 0.165, "exposure_category": "low"}, "geometry": {"type": "Polygon", "coordinates": [[[-81.9539, 26.464689], [-81.953893, 26.46462], [-81.953946, 26.464615], [-81.953936, 26.464529], [-81.953777, 26.464544], [-81.953794, 26.464698], [-81.9539, 26.464689]]]}}, {"id": "258", "type": "Feature", "properties": {"id": "ef513f82-34f6-4456-aafa-67df160b9faa", "name": null, "subtype": null, "class": null, "height": 4.279632568359375, "num_floors": null, "surge_class": 7, "surge_ft": 6.5, "flood_active": false, "exposure_score": 0.195, "exposure_category": "low"}, "geometry": {"type": "Polygon", "coordinates": [[[-81.953834, 26.465499], [-81.953752, 26.465661], [-81.953872, 26.465709], [-81.953954, 26.465547], [-81.953834, 26.465499]]]}}, {"id": "259", "type": "Feature", "properties": {"id": "a3082a46-d24a-4466-b465-9da08e1c4528", "name": null, "subtype": "residential", "class": "house", "height": 4.473684310913086, "num_floors": null, "surge_class": 8, "surge_ft": 7.5, "flood_active": false, "exposure_score": 0.225, "exposure_category": "low"}, "geometry": {"type": "Polygon", "coordinates": [[[-81.9536987, 26.4661884], [-81.953777, 26.4662241], [-81.9538387, 26.4661158], [-81.9537603, 26.46608], [-81.9536987, 26.4661884]]]}}, {"id": "260", "type": "Feature", "properties": {"id": "d6e64a8f-b6da-468e-83d6-1750049dadff", "name": null, "subtype": null, "class": null, "height": 5.925893306732178, "num_floors": null, "surge_class": 12, "surge_ft": 11.5, "flood_active": false, "exposure_score": 0.345, "exposure_category": "moderate"}, "geometry": {"type": "Polygon", "coordinates": [[[-81.9537198, 26.4666297], [-81.9538354, 26.4666764], [-81.9538746, 26.4665986], [-81.9537534, 26.4665496], [-81.9537243, 26.4666074], [-81.9537299, 26.4666096], [-81.9537198, 26.4666297]]]}}, {"id": "261", "type": "Feature", "properties": {"id": "94f6aa2c-132c-4bf6-ad15-1c10febfbd38", "name": null, "subtype": null, "class": null, "height": 4.659548282623291, "num_floors": null, "surge_class": 7, "surge_ft": 6.5, "flood_active": false, "exposure_score": 0.195, "exposure_category": "low"}, "geometry": {"type": "Polygon", "coordinates": [[[-81.9538217, 26.4662507], [-81.9539325, 26.4662998], [-81.9540127, 26.4661548], [-81.9539019, 26.4661057], [-81.9538217, 26.4662507]]]}}, {"id": "262", "type": "Feature", "properties": {"id": "89972891-6c42-4ed4-b9a5-d5ac4f8f3e33", "name": null, "subtype": null, "class": null, "height": 4.3531622886657715, "num_floors": null, "surge_class": 11, "surge_ft": 10.5, "flood_active": false, "exposure_score": 0.315, "exposure_category": "moderate"}, "geometry": {"type": "Polygon", "coordinates": [[[-81.9538865, 26.466734], [-81.9540207, 26.4668027], [-81.9540956, 26.4666855], [-81.9539614, 26.4666167], [-81.9538865, 26.466734]]]}}, {"id": "263", "type": "Feature", "properties": {"id": "5d8b99d6-4852-457f-8f10-3c9b8745fdc7", "name": null, "subtype": null, "class": null, "height": 4.43202543258667, "num_floors": null, "surge_class": 8, "surge_ft": 7.5, "flood_active": false, "exposure_score": 0.225, "exposure_category": "low"}, "geometry": {"type": "Polygon", "coordinates": [[[-81.9540559, 26.4668645], [-81.9541294, 26.4669079], [-81.9541482, 26.4668822], [-81.9541553, 26.4668864], [-81.9542436, 26.4667666], [-81.9541575, 26.4667158], [-81.9540707, 26.4668337], [-81.9540762, 26.4668369], [-81.9540559, 26.4668645]]]}}, {"id": "264", "type": "Feature", "properties": {"id": "e453d97f-2252-4a4c-99a5-f89acd8cdd08", "name": null, "subtype": null, "class": null, "height": 4.50488805770874, "num_floors": null, "surge_class": 8, "surge_ft": 7.5, "flood_active": false, "exposure_score": 0.225, "exposure_category": "low"}, "geometry": {"type": "Polygon", "coordinates": [[[-81.9540429, 26.4662658], [-81.9541462, 26.4663146], [-81.9541904, 26.4662398], [-81.9541721, 26.4662312], [-81.9542093, 26.4661681], [-81.9541242, 26.4661279], [-81.9540429, 26.4662658]]]}}, {"id": "265", "type": "Feature", "properties": {"id": "939f7d39-b6c8-4d13-a0dc-f7440c5e260f", "name": null, "subtype": null, "class": null, "height": 4.025959014892578, "num_floors": null, "surge_class": 7, "surge_ft": 6.5, "flood_active": false, "exposure_score": 0.195, "exposure_category": "low"}, "geometry": {"type": "Polygon", "coordinates": [[[-81.954038, 26.465724], [-81.954119, 26.465587], [-81.954026, 26.465544], [-81.953945, 26.465681], [-81.954038, 26.465724]]]}}, {"id": "266", "type": "Feature", "properties": {"id": "6cd7e4ab-bd7a-44b5-aa26-1d848731470a", "name": null, "subtype": null, "class": null, "height": 5.85261869430542, "num_floors": null, "surge_class": 4, "surge_ft": 3.5, "flood_active": false, "exposure_score": 0.105, "exposure_category": "low"}, "geometry": {"type": "Polygon", "coordinates": [[[-81.9542187, 26.4645627], [-81.9541137, 26.4645332], [-81.9540976, 26.4645791], [-81.9542026, 26.4646086], [-81.9542187, 26.4645627]]]}}, {"id": "267", "type": "Feature", "properties": {"id": "c329815a-59d5-4f8c-9f20-da19580f865c", "name": null, "subtype": null, "class": null, "height": 5.201998710632324, "num_floors": null, "surge_class": 3, "surge_ft": 2.5, "flood_active": false, "exposure_score": 0.075, "exposure_category": "low"}, "geometry": {"type": "Polygon", "coordinates": [[[-81.9539946, 26.4636756], [-81.953997, 26.4635784], [-81.953871, 26.463576], [-81.9538686, 26.4636731], [-81.9539946, 26.4636756]]]}}, {"id": "268", "type": "Feature", "properties": {"id": "02d73d66-5476-4004-bc53-3140fc6d9738", "name": null, "subtype": null, "class": null, "height": 4.023417949676514, "num_floors": null, "surge_class": 6, "surge_ft": 5.5, "flood_active": false, "exposure_score": 0.165, "exposure_category": "low"}, "geometry": {"type": "Polygon", "coordinates": [[[-81.9538487, 26.4635234], [-81.9539716, 26.4635131], [-81.9539613, 26.4634145], [-81.9538384, 26.4634248], [-81.9538487, 26.4635234]]]}}, {"id": "269", "type": "Feature", "properties": {"id": "7ec37de0-412c-4f9d-88d4-2b0357f5414f", "name": null, "subtype": null, "class": null, "height": null, "num_floors": null, "surge_class": 8, "surge_ft": 7.5, "flood_active": false, "exposure_score": 0.225, "exposure_category": "low"}, "geometry": {"type": "Polygon", "coordinates": [[[-81.9541863, 26.4620632], [-81.9542224, 26.4620611], [-81.9542157, 26.4619694], [-81.9540724, 26.4619778], [-81.9540797, 26.4620782], [-81.9541911, 26.4620717], [-81.9541863, 26.4620632]]]}}, {"id": "270", "type": "Feature", "properties": {"id": "d2292be4-f1aa-4ad4-9994-295bd5564681", "name": null, "subtype": null, "class": null, "height": null, "num_floors": null, "surge_class": 8, "surge_ft": 7.5, "flood_active": false, "exposure_score": 0.225, "exposure_category": "low"}, "geometry": {"type": "Polygon", "coordinates": [[[-81.9541835, 26.4611396], [-81.9541784, 26.4610222], [-81.9541087, 26.4610246], [-81.9541138, 26.4611421], [-81.9541835, 26.4611396]]]}}, {"id": "271", "type": "Feature", "properties": {"id": "1ca0e2b8-89bf-48c1-bb46-46524664280d", "name": null, "subtype": null, "class": null, "height": null, "num_floors": null, "surge_class": 8, "surge_ft": 7.5, "flood_active": false, "exposure_score": 0.225, "exposure_category": "low"}, "geometry": {"type": "Polygon", "coordinates": [[[-81.9540863, 26.4611427], [-81.9540821, 26.4610251], [-81.9540034, 26.4610274], [-81.9540076, 26.461145], [-81.9540863, 26.4611427]]]}}, {"id": "272", "type": "Feature", "properties": {"id": "7e1d4628-aef3-41a0-81df-75779d642520", "name": null, "subtype": null, "class": null, "height": 4.364372253417969, "num_floors": null, "surge_class": 8, "surge_ft": 7.5, "flood_active": false, "exposure_score": 0.225, "exposure_category": "low"}, "geometry": {"type": "Polygon", "coordinates": [[[-81.953884, 26.4611299], [-81.9539306, 26.4611292], [-81.9539286, 26.4610271], [-81.9538821, 26.4610278], [-81.953884, 26.4611299]]]}}, {"id": "273", "type": "Feature", "properties": {"id": "18403e32-45a9-4acf-887a-6086575830b2", "name": null, "subtype": null, "class": null, "height": null, "num_floors": 2, "surge_class": 6, "surge_ft": 5.5, "flood_active": false, "exposure_score": 0.165, "exposure_category": "low"}, "geometry": {"type": "Polygon", "coordinates": [[[-81.9538278, 26.4632571], [-81.9537441, 26.4632729], [-81.9537697, 26.4633833], [-81.9538535, 26.4633675], [-81.9538516, 26.4633594], [-81.9538885, 26.4633525], [-81.9539563, 26.4633397], [-81.9539863, 26.4633341], [-81.9539643, 26.4632398], [-81.9539344, 26.4632455], [-81.9538666, 26.4632583], [-81.9538297, 26.4632652], [-81.9538278, 26.4632571]]]}}, {"id": "274", "type": "Feature", "properties": {"id": "a2b818e4-922e-4e5a-861f-8cc55a4dcfe8", "name": null, "subtype": null, "class": null, "height": 4.868826866149902, "num_floors": null, "surge_class": 6, "surge_ft": 5.5, "flood_active": false, "exposure_score": 0.165, "exposure_category": "low"}, "geometry": {"type": "Polygon", "coordinates": [[[-81.9537871, 26.4638089], [-81.9539239, 26.4638408], [-81.9539566, 26.4637283], [-81.9538198, 26.4636965], [-81.9537871, 26.4638089]]]}}, {"id": "275", "type": "Feature", "properties": {"id": "ad7191fd-f23d-459d-9e1d-341046dac7a1", "name": null, "subtype": null, "class": null, "height": 3.5695605278015137, "num_floors": null, "surge_class": 7, "surge_ft": 6.5, "flood_active": false, "exposure_score": 0.195, "exposure_category": "low"}, "geometry": {"type": "Polygon", "coordinates": [[[-81.9537242, 26.4639537], [-81.9538442, 26.4639923], [-81.9538836, 26.4638939], [-81.9538503, 26.4638832], [-81.9538593, 26.4638609], [-81.9537725, 26.4638331], [-81.9537242, 26.4639537]]]}}, {"id": "276", "type": "Feature", "properties": {"id": "a2ae0bc2-3716-45a9-a141-eeeb021a1508", "name": null, "subtype": null, "class": null, "height": 5.090979099273682, "num_floors": null, "surge_class": 7, "surge_ft": 6.5, "flood_active": false, "exposure_score": 0.195, "exposure_category": "low"}, "geometry": {"type": "Polygon", "coordinates": [[[-81.9536735, 26.4630771], [-81.9538765, 26.4630275], [-81.9538444, 26.4629222], [-81.9536413, 26.4629717], [-81.9536735, 26.4630771]]]}}, {"id": "277", "type": "Feature", "properties": {"id": "d73c6cca-b7b9-4a9f-a0e9-d909eeb00238", "name": null, "subtype": null, "class": null, "height": 3.424252986907959, "num_floors": null, "surge_class": 7, "surge_ft": 6.5, "flood_active": false, "exposure_score": 0.195, "exposure_category": "low"}, "geometry": {"type": "Polygon", "coordinates": [[[-81.9536242, 26.4640488], [-81.9537558, 26.4641493], [-81.9538221, 26.4640798], [-81.9537945, 26.4640587], [-81.9538102, 26.4640423], [-81.9537326, 26.463983], [-81.9537155, 26.4640009], [-81.9536891, 26.4639808], [-81.9536242, 26.4640488]]]}}, {"id": "278", "type": "Feature", "properties": {"id": "1c337e9b-868c-4abd-ab9b-bc10ad8d6ee6", "name": null, "subtype": null, "class": null, "height": null, "num_floors": null, "surge_class": 7, "surge_ft": 6.5, "flood_active": false, "exposure_score": 0.195, "exposure_category": "low"}, "geometry": {"type": "Polygon", "coordinates": [[[-81.9535316, 26.4641736], [-81.9536001, 26.4642562], [-81.953696, 26.4641925], [-81.9536276, 26.4641099], [-81.9535316, 26.4641736]]]}}, {"id": "279", "type": "Feature", "properties": {"id": "272bbccb-3bad-4910-9cb5-2f488d0656de", "name": null, "subtype": null, "class": null, "height": null, "num_floors": 1, "surge_class": 6, "surge_ft": 5.5, "flood_active": false, "exposure_score": 0.165, "exposure_category": "low"}, "geometry": {"type": "Polygon", "coordinates": [[[-81.953618, 26.4623021], [-81.9535861, 26.4624153], [-81.953591, 26.4624555], [-81.9536335, 26.4624512], [-81.9536495, 26.4624496], [-81.9537579, 26.4624388], [-81.9537534, 26.4624025], [-81.9537701, 26.4624009], [-81.9537655, 26.4623633], [-81.9537588, 26.4623639], [-81.9537561, 26.4623421], [-81.9537628, 26.4623414], [-81.953759, 26.4623113], [-81.9537572, 26.4622964], [-81.9537531, 26.4622636], [-81.9537228, 26.4622667], [-81.9536766, 26.4622713], [-81.9536506, 26.4622739], [-81.9536536, 26.4622985], [-81.953618, 26.4623021]]]}}, {"id": "280", "type": "Feature", "properties": {"id": "88b73b10-dee7-44db-9ce9-5a17f9883786", "name": null, "subtype": null, "class": null, "height": 5.212894439697266, "num_floors": null, "surge_class": 7, "surge_ft": 6.5, "flood_active": false, "exposure_score": 0.195, "exposure_category": "low"}, "geometry": {"type": "Polygon", "coordinates": [[[-81.9536428, 26.4626368], [-81.9538111, 26.4626077], [-81.9537882, 26.4625014], [-81.9536199, 26.4625306], [-81.9536428, 26.4626368]]]}}, {"id": "281", "type": "Feature", "properties": {"id": "95da0bc4-e8c9-418d-81ca-e28a7b424485", "name": null, "subtype": null, "class": null, "height": null, "num_floors": null, "surge_class": 8, "surge_ft": 7.5, "flood_active": false, "exposure_score": 0.225, "exposure_category": "low"}, "geometry": {"type": "Polygon", "coordinates": [[[-81.953629, 26.461135], [-81.953632, 26.4612718], [-81.9536749, 26.4612711], [-81.9536719, 26.4611343], [-81.953629, 26.461135]]]}}, {"id": "282", "type": "Feature", "properties": {"id": "153ea407-5fcc-462f-a492-4165a1418a29", "name": null, "subtype": null, "class": null, "height": null, "num_floors": null, "surge_class": 8, "surge_ft": 7.5, "flood_active": false, "exposure_score": 0.225, "exposure_category": "low"}, "geometry": {"type": "Polygon", "coordinates": [[[-81.953677, 26.46088], [-81.953606, 26.460865], [-81.953577, 26.460969], [-81.953648, 26.460984], [-81.953677, 26.46088]]]}}, {"id": "283", "type": "Feature", "properties": {"id": "cfd13d09-b0cc-47af-9be7-e496ed31af7f", "name": null, "subtype": null, "class": null, "height": null, "num_floors": null, "surge_class": 8, "surge_ft": 7.5, "flood_active": false, "exposure_score": 0.225, "exposure_category": "low"}, "geometry": {"type": "Polygon", "coordinates": [[[-81.953677, 26.460715], [-81.953618, 26.460714], [-81.953615, 26.460806], [-81.953675, 26.460808], [-81.953677, 26.460715]]]}}, {"id": "284", "type": "Feature", "properties": {"id": "09888b4c-6266-4676-89bd-38a8eda41ac6", "name": null, "subtype": null, "class": null, "height": null, "num_floors": null, "surge_class": 8, "surge_ft": 7.5, "flood_active": false, "exposure_score": 0.225, "exposure_category": "low"}, "geometry": {"type": "Polygon", "coordinates": [[[-81.953684, 26.46055], [-81.953622, 26.46054], [-81.953601, 26.460645], [-81.953663, 26.460655], [-81.953684, 26.46055]]]}}, {"id": "285", "type": "Feature", "properties": {"id": "06cf21bf-76f6-44d0-bccc-d8167a537e71", "name": "Diversified Collateral Recovery Corporation", "subtype": null, "class": null, "height": 7.406395435333252, "num_floors": null, "surge_class": 7, "surge_ft": 6.5, "flood_active": false, "exposure_score": 0.195, "exposure_category": "low"}, "geometry": {"type": "Polygon", "coordinates": [[[-81.9535951, 26.4585522], [-81.9538296, 26.4586051], [-81.9538638, 26.4584837], [-81.9537181, 26.4584508], [-81.9537212, 26.4584398], [-81.9536324, 26.4584198], [-81.9535951, 26.4585522]]]}}, {"id": "286", "type": "Feature", "properties": {"id": "940726c9-068f-482e-b691-24821b1277d3", "name": null, "subtype": null, "class": null, "height": null, "num_floors": null, "surge_class": 9, "surge_ft": 8.5, "flood_active": false, "exposure_score": 0.255, "exposure_category": "moderate"}, "geometry": {"type": "Polygon", "coordinates": [[[-81.953671, 26.454535], [-81.95367, 26.45447], [-81.953574, 26.454472], [-81.953576, 26.454537], [-81.953671, 26.454535]]]}}, {"id": "287", "type": "Feature", "properties": {"id": "0a766b95-c3dd-44f6-bc50-6d87bf20a052", "name": null, "subtype": null, "class": null, "height": 3.5220866203308105, "num_floors": null, "surge_class": 9, "surge_ft": 8.5, "flood_active": false, "exposure_score": 0.255, "exposure_category": "moderate"}, "geometry": {"type": "Polygon", "coordinates": [[[-81.9536093, 26.4543259], [-81.9537159, 26.4543204], [-81.9537073, 26.4541875], [-81.9536007, 26.454193], [-81.9536093, 26.4543259]]]}}, {"id": "288", "type": "Feature", "properties": {"id": "9e5327d5-2fcf-42e8-b2fc-c47ecb72a1f0", "name": null, "subtype": null, "class": null, "height": 4.502378463745117, "num_floors": null, "surge_class": 8, "surge_ft": 7.5, "flood_active": false, "exposure_score": 0.225, "exposure_category": "low"}, "geometry": {"type": "Polygon", "coordinates": [[[-81.9536378, 26.4549437], [-81.9536335, 26.4550372], [-81.9537058, 26.4550399], [-81.9537101, 26.4549464], [-81.9536378, 26.4549437]]]}}, {"id": "289", "type": "Feature", "properties": {"id": "8afbe762-402b-4366-94a9-c049707f5ebb", "name": null, "subtype": null, "class": null, "height": 4.053652763366699, "num_floors": null, "surge_class": 8, "surge_ft": 7.5, "flood_active": false, "exposure_score": 0.225, "exposure_category": "low"}, "geometry": {"type": "Polygon", "coordinates": [[[-81.9538944, 26.4556794], [-81.9539641, 26.4557102], [-81.9539896, 26.4556639], [-81.9539511, 26.4556468], [-81.9539616, 26.4556277], [-81.9539306, 26.4556139], [-81.9538944, 26.4556794]]]}}, {"id": "290", "type": "Feature", "properties": {"id": "8991eeaf-7893-4317-a8b2-7329da86adc0", "name": null, "subtype": null, "class": null, "height": 3.9051918983459473, "num_floors": null, "surge_class": 8, "surge_ft": 7.5, "flood_active": false, "exposure_score": 0.225, "exposure_category": "low"}, "geometry": {"type": "Polygon", "coordinates": [[[-81.9539132, 26.4549854], [-81.9538778, 26.4551016], [-81.9539464, 26.4551183], [-81.9539818, 26.4550021], [-81.9539132, 26.4549854]]]}}, {"id": "291", "type": "Feature", "properties": {"id": "1f842553-35d1-4fef-b248-fbbb709cd911", "name": null, "subtype": null, "class": null, "height": null, "num_floors": null, "surge_class": 8, "surge_ft": 7.5, "flood_active": false, "exposure_score": 0.225, "exposure_category": "low"}, "geometry": {"type": "Polygon", "coordinates": [[[-81.9540502, 26.4545587], [-81.9539268, 26.4545068], [-81.9538927, 26.4545717], [-81.9540162, 26.4546236], [-81.9540502, 26.4545587]]]}}, {"id": "292", "type": "Feature", "properties": {"id": "2cc19220-c13f-43a4-84ca-ddcd6744ac8d", "name": null, "subtype": null, "class": null, "height": 3.8263473510742188, "num_floors": null, "surge_class": 8, "surge_ft": 7.5, "flood_active": false, "exposure_score": 0.225, "exposure_category": "low"}, "geometry": {"type": "Polygon", "coordinates": [[[-81.9539079, 26.4555885], [-81.9540065, 26.4556319], [-81.9540454, 26.4555611], [-81.9539467, 26.4555177], [-81.9539079, 26.4555885]]]}}, {"id": "293", "type": "Feature", "properties": {"id": "e4989896-f9a9-40d5-88ba-b741fba6dc8a", "name": null, "subtype": null, "class": null, "height": null, "num_floors": null, "surge_class": 8, "surge_ft": 7.5, "flood_active": false, "exposure_score": 0.225, "exposure_category": "low"}, "geometry": {"type": "Polygon", "coordinates": [[[-81.9540294, 26.4551505], [-81.954107, 26.4549971], [-81.9540335, 26.4549673], [-81.953968, 26.4550968], [-81.9539836, 26.4551032], [-81.9539715, 26.4551271], [-81.9540294, 26.4551505]]]}}, {"id": "294", "type": "Feature", "properties": {"id": "cdae8957-b309-4ea7-add5-79a8974b4351", "name": null, "subtype": null, "class": null, "height": 7.079565525054932, "num_floors": null, "surge_class": 8, "surge_ft": 7.5, "flood_active": false, "exposure_score": 0.225, "exposure_category": "low"}, "geometry": {"type": "Polygon", "coordinates": [[[-81.9539972, 26.4544906], [-81.9542861, 26.4543248], [-81.9541804, 26.4541771], [-81.9540487, 26.4542526], [-81.9540646, 26.4542747], [-81.9539602, 26.4543346], [-81.9539829, 26.4543664], [-81.95393, 26.4543968], [-81.9539972, 26.4544906]]]}}, {"id": "295", "type": "Feature", "properties": {"id": "c9948e9d-65a3-4933-a36c-482981d2098f", "name": null, "subtype": null, "class": null, "height": null, "num_floors": null, "surge_class": 8, "surge_ft": 7.5, "flood_active": false, "exposure_score": 0.225, "exposure_category": "low"}, "geometry": {"type": "Polygon", "coordinates": [[[-81.9538753, 26.4608503], [-81.9538789, 26.4609703], [-81.953954, 26.4609685], [-81.9539504, 26.4608485], [-81.9538753, 26.4608503]]]}}, {"id": "296", "type": "Feature", "properties": {"id": "69eae1f3-8a41-440c-b862-e51bc41b28e6", "name": null, "subtype": null, "class": null, "height": null, "num_floors": null, "surge_class": 8, "surge_ft": 7.5, "flood_active": false, "exposure_score": 0.225, "exposure_category": "low"}, "geometry": {"type": "Polygon", "coordinates": [[[-81.954058, 26.4608452], [-81.9539936, 26.4608438], [-81.9539927, 26.4608785], [-81.9539856, 26.4608784], [-81.9539834, 26.4609648], [-81.9540548, 26.4609663], [-81.954058, 26.4608452]]]}}, {"id": "297", "type": "Feature", "properties": {"id": "283b8f0d-d5ad-4add-b16d-f9c8d204e10b", "name": null, "subtype": null, "class": null, "height": null, "num_floors": null, "surge_class": 8, "surge_ft": 7.5, "flood_active": false, "exposure_score": 0.225, "exposure_category": "low"}, "geometry": {"type": "Polygon", "coordinates": [[[-81.9541596, 26.4608368], [-81.9540899, 26.460838], [-81.9540925, 26.4609652], [-81.9541622, 26.460964], [-81.9541596, 26.4608368]]]}}, {"id": "298", "type": "Feature", "properties": {"id": "84eb854f-86f5-4a41-b258-6c0cfed3edc6", "name": null, "subtype": null, "class": null, "height": 3.7103705406188965, "num_floors": null, "surge_class": 8, "surge_ft": 7.5, "flood_active": false, "exposure_score": 0.225, "exposure_category": "low"}, "geometry": {"type": "Polygon", "coordinates": [[[-81.9540845, 26.4606271], [-81.9543078, 26.4606179], [-81.9543011, 26.4604867], [-81.9540777, 26.4604959], [-81.9540845, 26.4606271]]]}}, {"id": "299", "type": "Feature", "properties": {"id": "4c51dde4-3029-48ed-8f4c-4b1624575e4a", "name": null, "subtype": null, "class": null, "height": 5.343027114868164, "num_floors": null, "surge_class": 8, "surge_ft": 7.5, "flood_active": false, "exposure_score": 0.225, "exposure_category": "low"}, "geometry": {"type": "Polygon", "coordinates": [[[-81.9541045, 26.4604698], [-81.9543123, 26.4604652], [-81.9543082, 26.4603171], [-81.9541004, 26.4603217], [-81.9541045, 26.4604698]]]}}, {"id": "300", "type": "Feature", "properties": {"id": "7501de13-edba-40c1-88d7-d440a5c6de63", "name": null, "subtype": null, "class": null, "height": 3.7929024696350098, "num_floors": null, "surge_class": 8, "surge_ft": 7.5, "flood_active": false, "exposure_score": 0.225, "exposure_category": "low"}, "geometry": {"type": "Polygon", "coordinates": [[[-81.9541872, 26.4602809], [-81.9542708, 26.4602766], [-81.954268, 26.4602334], [-81.9542944, 26.460232], [-81.9542906, 26.460173], [-81.9541817, 26.4601786], [-81.954182, 26.4601835], [-81.9541606, 26.4601846], [-81.9541625, 26.4602143], [-81.9541829, 26.4602132], [-81.9541872, 26.4602809]]]}}, {"id": "301", "type": "Feature", "properties": {"id": "3403cdf7-f3c0-43b6-8ef6-7bcb3028320a", "name": null, "subtype": null, "class": null, "height": 4.063889980316162, "num_floors": null, "surge_class": 7, "surge_ft": 6.5, "flood_active": false, "exposure_score": 0.195, "exposure_category": "low"}, "geometry": {"type": "Polygon", "coordinates": [[[-81.9540581, 26.4599585], [-81.9542934, 26.4599614], [-81.9542957, 26.4598135], [-81.9540644, 26.4598106], [-81.9540677, 26.4598156], [-81.9540549, 26.4598224], [-81.9540553, 26.4598396], [-81.9540627, 26.4598469], [-81.9540625, 26.4598651], [-81.9540669, 26.4598652], [-81.9540668, 26.4598723], [-81.9540594, 26.4598722], [-81.9540581, 26.4599585]]]}}, {"id": "302", "type": "Feature", "properties": {"id": "f211b77b-4f46-4893-a8ad-baaf6120f05a", "name": null, "subtype": null, "class": null, "height": 3.9788119792938232, "num_floors": null, "surge_class": 6, "surge_ft": 5.5, "flood_active": false, "exposure_score": 0.165, "exposure_category": "low"}, "geometry": {"type": "Polygon", "coordinates": [[[-81.954071, 26.4597518], [-81.9542924, 26.4597778], [-81.9543126, 26.4596404], [-81.9540947, 26.4596148], [-81.9540898, 26.4596482], [-81.9540584, 26.4596445], [-81.9540488, 26.4597098], [-81.9540767, 26.4597131], [-81.954071, 26.4597518]]]}}, {"id": "303", "type": "Feature", "properties": {"id": "4e24c24b-9644-44a1-8e37-33ea39d84cc0", "name": null, "subtype": null, "class": null, "height": 3.646909713745117, "num_floors": null, "surge_class": 8, "surge_ft": 7.5, "flood_active": false, "exposure_score": 0.225, "exposure_category": "low"}, "geometry": {"type": "Polygon", "coordinates": [[[-81.9541439, 26.4601226], [-81.954312, 26.4601132], [-81.9543059, 26.4600261], [-81.9541378, 26.4600355], [-81.9541439, 26.4601226]]]}}, {"id": "304", "type": "Feature", "properties": {"id": "b54449f8-f307-490a-bcb0-1bfbcc2c3b25", "name": null, "subtype": null, "class": null, "height": null, "num_floors": null, "surge_class": 8, "surge_ft": 7.5, "flood_active": false, "exposure_score": 0.225, "exposure_category": "low"}, "geometry": {"type": "Polygon", "coordinates": [[[-81.9542753, 26.4609661], [-81.954296, 26.4608427], [-81.9542304, 26.4608339], [-81.9542097, 26.4609572], [-81.9542753, 26.4609661]]]}}, {"id": "305", "type": "Feature", "properties": {"id": "07fa1390-b4c5-4cd5-a68b-ac301e9970b9", "name": null, "subtype": null, "class": null, "height": null, "num_floors": null, "surge_class": 9, "surge_ft": 8.5, "flood_active": false, "exposure_score": 0.255, "exposure_category": "moderate"}, "geometry": {"type": "Polygon", "coordinates": [[[-81.9544, 26.4609601], [-81.9544048, 26.4608402], [-81.9543271, 26.4608377], [-81.9543223, 26.4609576], [-81.9544, 26.4609601]]]}}, {"id": "306", "type": "Feature", "properties": {"id": "dec9036d-5664-4716-bbc7-e6508dc9e30e", "name": "USCG", "subtype": null, "class": null, "height": null, "num_floors": null, "surge_class": 7, "surge_ft": 6.5, "flood_active": false, "exposure_score": 0.195, "exposure_category": "low"}, "geometry": {"type": "Polygon", "coordinates": [[[-81.9544392, 26.458997], [-81.9544716, 26.4588706], [-81.9543849, 26.4588528], [-81.9543525, 26.4589792], [-81.9544392, 26.458997]]]}}, {"id": "307", "type": "Feature", "properties": {"id": "0bd92ab8-0a2f-485d-a43d-9a80be973af6", "name": "USCG", "subtype": "service", "class": "service", "height": null, "num_floors": null, "surge_class": 9, "surge_ft": 8.5, "flood_active": false, "exposure_score": 0.255, "exposure_category": "moderate"}, "geometry": {"type": "Polygon", "coordinates": [[[-81.9541853, 26.4587307], [-81.954227, 26.4587531], [-81.9542591, 26.4587052], [-81.9542174, 26.4586828], [-81.9541853, 26.4587307]]]}}, {"id": "308", "type": "Feature", "properties": {"id": "1ddb9dec-879a-445d-b796-39eb5d11a901", "name": "U.S. Coast Guard Station", "subtype": null, "class": null, "height": null, "num_floors": null, "surge_class": 6, "surge_ft": 5.5, "flood_active": false, "exposure_score": 0.165, "exposure_category": "low"}, "geometry": {"type": "Polygon", "coordinates": [[[-81.9541181, 26.4590304], [-81.9540422, 26.4594513], [-81.9542375, 26.4594795], [-81.9543134, 26.4590586], [-81.9541181, 26.4590304]]]}}, {"id": "309", "type": "Feature", "properties": {"id": "21bae52e-05c4-487c-9e41-13594070bde8", "name": null, "subtype": null, "class": null, "height": 27.436052322387695, "num_floors": null, "surge_class": 8, "surge_ft": 7.5, "flood_active": false, "exposure_score": 0.225, "exposure_category": "low"}, "geometry": {"type": "Polygon", "coordinates": [[[-81.9543504, 26.4565717], [-81.9544606, 26.4563665], [-81.9543546, 26.4563209], [-81.9543345, 26.4563545], [-81.9541452, 26.4562763], [-81.9540703, 26.4564217], [-81.9540878, 26.4564289], [-81.9540687, 26.456478], [-81.9541723, 26.4565106], [-81.9541763, 26.4564986], [-81.9543504, 26.4565717]]]}}, {"id": "310", "type": "Feature", "properties": {"id": "1eb101c4-49d9-425e-bab6-0c3bf6a7fbe8", "name": null, "subtype": null, "class": null, "height": 3.6368730068206787, "num_floors": null, "surge_class": 9, "surge_ft": 8.5, "flood_active": false, "exposure_score": 0.255, "exposure_category": "moderate"}, "geometry": {"type": "Polygon", "coordinates": [[[-81.9542571, 26.4552179], [-81.9543247, 26.4550857], [-81.9543135, 26.4550801], [-81.95427, 26.4550621], [-81.9542449, 26.4551111], [-81.9541612, 26.4550768], [-81.9541866, 26.455027], [-81.9541441, 26.4550094], [-81.9541329, 26.4550038], [-81.9540639, 26.4551387], [-81.9542571, 26.4552179]]]}}, {"id": "311", "type": "Feature", "properties": {"id": "c90aa830-238b-43c8-b68c-7760ec606c6d", "name": null, "subtype": null, "class": null, "height": 5.287428855895996, "num_floors": null, "surge_class": 9, "surge_ft": 8.5, "flood_active": false, "exposure_score": 0.255, "exposure_category": "moderate"}, "geometry": {"type": "Polygon", "coordinates": [[[-81.954236, 26.4547563], [-81.9543284, 26.4547962], [-81.9543781, 26.4547039], [-81.9540761, 26.4545736], [-81.9540328, 26.4546541], [-81.9542424, 26.4547445], [-81.954236, 26.4547563]]]}}, {"id": "312", "type": "Feature", "properties": {"id": "37418947-89e9-43c8-a7b4-154f63095896", "name": null, "subtype": null, "class": null, "height": null, "num_floors": null, "surge_class": 8, "surge_ft": 7.5, "flood_active": false, "exposure_score": 0.225, "exposure_category": "low"}, "geometry": {"type": "Polygon", "coordinates": [[[-81.9542008, 26.4558045], [-81.9543332, 26.4558621], [-81.9543983, 26.4557424], [-81.9542659, 26.4556847], [-81.9542008, 26.4558045]]]}}, {"id": "313", "type": "Feature", "properties": {"id": "7ca6fd0f-1176-490a-ab0d-1139b5179cd6", "name": null, "subtype": null, "class": null, "height": null, "num_floors": null, "surge_class": 9, "surge_ft": 8.5, "flood_active": false, "exposure_score": 0.255, "exposure_category": "moderate"}, "geometry": {"type": "Polygon", "coordinates": [[[-81.9544831, 26.4545237], [-81.954351, 26.4544653], [-81.9543106, 26.4545387], [-81.9544427, 26.4545971], [-81.9544831, 26.4545237]]]}}, {"id": "314", "type": "Feature", "properties": {"id": "78c08d7d-0c0c-4281-b7f3-bd95ee61cd5c", "name": null, "subtype": null, "class": null, "height": null, "num_floors": null, "surge_class": 9, "surge_ft": 8.5, "flood_active": false, "exposure_score": 0.255, "exposure_category": "moderate"}, "geometry": {"type": "Polygon", "coordinates": [[[-81.9544269, 26.4548776], [-81.9544925, 26.4547592], [-81.9544159, 26.4547252], [-81.9543503, 26.4548436], [-81.9544269, 26.4548776]]]}}, {"id": "315", "type": "Feature", "properties": {"id": "e2f57b22-78e6-4adb-9662-c0f139b9ab44", "name": null, "subtype": "commercial", "class": "hotel", "height": 13.954208374023438, "num_floors": null, "surge_class": 8, "surge_ft": 7.5, "flood_active": false, "exposure_score": 0.225, "exposure_category": "low"}, "geometry": {"type": "Polygon", "coordinates": [[[-81.9541363, 26.4561374], [-81.9545069, 26.4562948], [-81.9547465, 26.4558427], [-81.9545186, 26.4557458], [-81.9543933, 26.4559821], [-81.954487, 26.456022], [-81.954443, 26.456105], [-81.9544278, 26.4560986], [-81.9544381, 26.4560791], [-81.9543774, 26.4560533], [-81.954371, 26.4560655], [-81.9542106, 26.4559973], [-81.9541363, 26.4561374]]]}}, {"id": "316", "type": "Feature", "properties": {"id": "6584082c-38e2-4323-b779-0cae397c0535", "name": null, "subtype": null, "class": null, "height": 3.3614189624786377, "num_floors": null, "surge_class": 9, "surge_ft": 8.5, "flood_active": false, "exposure_score": 0.255, "exposure_category": "moderate"}, "geometry": {"type": "Polygon", "coordinates": [[[-81.954544, 26.455436], [-81.954462, 26.455418], [-81.954433, 26.455528], [-81.954515, 26.455545], [-81.954544, 26.455436]]]}}, {"id": "317", "type": "Feature", "properties": {"id": "89b397ce-8574-41c6-82f9-de2e1360d001", "name": null, "subtype": null, "class": null, "height": null, "num_floors": null, "surge_class": 8, "surge_ft": 7.5, "flood_active": false, "exposure_score": 0.225, "exposure_category": "low"}, "geometry": {"type": "Polygon", "coordinates": [[[-81.9545127, 26.45469], [-81.9545782, 26.4545717], [-81.9545016, 26.4545377], [-81.9544361, 26.454656], [-81.9545127, 26.45469]]]}}, {"id": "318", "type": "Feature", "properties": {"id": "2f3ddb78-80b5-4d65-8026-95009a804f5f", "name": null, "subtype": null, "class": null, "height": 3.486501455307007, "num_floors": null, "surge_class": 9, "surge_ft": 8.5, "flood_active": false, "exposure_score": 0.255, "exposure_category": "moderate"}, "geometry": {"type": "Polygon", "coordinates": [[[-81.9545674, 26.4553271], [-81.954609, 26.4553421], [-81.9546583, 26.4552326], [-81.9545763, 26.455203], [-81.9545149, 26.4553394], [-81.9545553, 26.455354], [-81.9545674, 26.4553271]]]}}, {"id": "319", "type": "Feature", "properties": {"id": "61e06e43-b8f4-4018-9720-ea1a2d02ece9", "name": null, "subtype": null, "class": null, "height": 5.220620632171631, "num_floors": null, "surge_class": 8, "surge_ft": 7.5, "flood_active": false, "exposure_score": 0.225, "exposure_category": "low"}, "geometry": {"type": "Polygon", "coordinates": [[[-81.9547083, 26.4542466], [-81.9547323, 26.4542004], [-81.9546579, 26.4541694], [-81.9546059, 26.4542691], [-81.954568, 26.4542533], [-81.954535, 26.4543166], [-81.9546565, 26.4543674], [-81.95469, 26.4543031], [-81.9546622, 26.4542915], [-81.9546715, 26.4542735], [-81.9546817, 26.4542777], [-81.9546997, 26.454243], [-81.9547083, 26.4542466]]]}}, {"id": "320", "type": "Feature", "properties": {"id": "42d48e19-b36e-470c-a0a3-b43e7a7fcf8f", "name": null, "subtype": null, "class": null, "height": null, "num_floors": null, "surge_class": 9, "surge_ft": 8.5, "flood_active": false, "exposure_score": 0.255, "exposure_category": "moderate"}, "geometry": {"type": "Polygon", "coordinates": [[[-81.9547924, 26.455715], [-81.9548376, 26.4556296], [-81.954732, 26.4555848], [-81.9547176, 26.4556121], [-81.954688, 26.4555995], [-81.9546953, 26.4555856], [-81.9546187, 26.4555531], [-81.9545806, 26.4556252], [-81.9547924, 26.455715]]]}}, {"id": "321", "type": "Feature", "properties": {"id": "266ff5bf-9ecb-4e43-9ff7-8c352d021de5", "name": null, "subtype": null, "class": null, "height": null, "num_floors": 2, "surge_class": 4, "surge_ft": 3.5, "flood_active": false, "exposure_score": 0.105, "exposure_category": "low"}, "geometry": {"type": "Polygon", "coordinates": [[[-81.9545961, 26.4635053], [-81.9546147, 26.4635372], [-81.9546174, 26.463536], [-81.9546435, 26.4635237], [-81.9546463, 26.4635285], [-81.9547028, 26.4635019], [-81.9547, 26.463497], [-81.9547037, 26.4634952], [-81.9547496, 26.4634736], [-81.9547866, 26.4634561], [-81.9548152, 26.4634426], [-81.9548096, 26.4634329], [-81.9548368, 26.46342], [-81.9548226, 26.4633957], [-81.95484, 26.4633874], [-81.9547936, 26.4633078], [-81.9547772, 26.4633155], [-81.9547602, 26.4632863], [-81.9547069, 26.4633114], [-81.9547033, 26.4633131], [-81.9546663, 26.4633306], [-81.9546033, 26.4633603], [-81.9546012, 26.4633567], [-81.9545709, 26.4633709], [-81.954573, 26.4633746], [-81.9545395, 26.4633904], [-81.9545179, 26.4634006], [-81.9545373, 26.463434], [-81.9545483, 26.4634288], [-81.9545626, 26.4634533], [-81.9545491, 26.4634597], [-81.9545628, 26.4634833], [-81.9545763, 26.4634769], [-81.9545816, 26.4634744], [-81.9545988, 26.463504], [-81.9545961, 26.4635053]]]}}, {"id": "322", "type": "Feature", "properties": {"id": "e77d53a1-fc01-46ce-bbb2-5bd9372d022f", "name": null, "subtype": null, "class": null, "height": 5.945260047912598, "num_floors": null, "surge_class": 6, "surge_ft": 5.5, "flood_active": false, "exposure_score": 0.165, "exposure_category": "low"}, "geometry": {"type": "Polygon", "coordinates": [[[-81.9543915, 26.4633564], [-81.9544758, 26.4633227], [-81.9544924, 26.463356], [-81.9546391, 26.4632973], [-81.9546228, 26.4632647], [-81.9546414, 26.4632572], [-81.9546046, 26.4631835], [-81.9543683, 26.4632779], [-81.9543811, 26.4633036], [-81.9543678, 26.4633089], [-81.9543915, 26.4633564]]]}}, {"id": "323", "type": "Feature", "properties": {"id": "2c98e320-8823-4686-9e59-18342cb48acb", "name": null, "subtype": null, "class": null, "height": null, "num_floors": null, "surge_class": 8, "surge_ft": 7.5, "flood_active": false, "exposure_score": 0.225, "exposure_category": "low"}, "geometry": {"type": "Polygon", "coordinates": [[[-81.9543361, 26.4611334], [-81.9544192, 26.4611309], [-81.9544148, 26.4610133], [-81.9543317, 26.4610158], [-81.9543361, 26.4611334]]]}}, {"id": "324", "type": "Feature", "properties": {"id": "f993a0d8-45f8-4888-a17b-21de2cff447b", "name": null, "subtype": null, "class": null, "height": null, "num_floors": null, "surge_class": 8, "surge_ft": 7.5, "flood_active": false, "exposure_score": 0.225, "exposure_category": "low"}, "geometry": {"type": "Polygon", "coordinates": [[[-81.9542976, 26.4625904], [-81.9544455, 26.4625646], [-81.9544289, 26.4624884], [-81.954445, 26.4624856], [-81.9544557, 26.462472], [-81.9544486, 26.4624444], [-81.9544362, 26.4624362], [-81.9542731, 26.4624623], [-81.9542801, 26.4624973], [-81.9542681, 26.4625027], [-81.954279, 26.462553], [-81.9542891, 26.4625513], [-81.9542976, 26.4625904]]]}}, {"id": "325", "type": "Feature", "properties": {"id": "a3588986-4ddd-4876-8f15-2afde7515203", "name": null, "subtype": null, "class": null, "height": null, "num_floors": 2, "surge_class": 8, "surge_ft": 7.5, "flood_active": false, "exposure_score": 0.225, "exposure_category": "low"}, "geometry": {"type": "Polygon", "coordinates": [[[-81.9541184, 26.4612169], [-81.9541428, 26.4612162], [-81.9541437, 26.4612401], [-81.9541407, 26.4612402], [-81.9541414, 26.4612603], [-81.9541322, 26.4612606], [-81.9541337, 26.4613001], [-81.954149, 26.4612996], [-81.9541673, 26.4612991], [-81.9542305, 26.4612972], [-81.9543078, 26.4612949], [-81.9543103, 26.4612948], [-81.9543408, 26.4612939], [-81.9543557, 26.4612935], [-81.9544947, 26.4612894], [-81.9544902, 26.4611665], [-81.9543818, 26.4611697], [-81.9543512, 26.4611706], [-81.9543058, 26.461172], [-81.9543033, 26.461172], [-81.9541943, 26.4611753], [-81.9541928, 26.4611753], [-81.9541546, 26.4611765], [-81.954117, 26.4611776], [-81.9541184, 26.4612169]]]}}, {"id": "326", "type": "Feature", "properties": {"id": "d4a03c74-0706-4d82-90fb-4e9d3855c3b7", "name": null, "subtype": null, "class": null, "height": 5.145262241363525, "num_floors": null, "surge_class": 7, "surge_ft": 6.5, "flood_active": false, "exposure_score": 0.195, "exposure_category": "low"}, "geometry": {"type": "Polygon", "coordinates": [[[-81.9541873, 26.4618001], [-81.9544004, 26.4617932], [-81.9543984, 26.4617435], [-81.9543468, 26.4617451], [-81.9543447, 26.4616936], [-81.9543966, 26.4616919], [-81.9543948, 26.4616488], [-81.95418, 26.4616557], [-81.9541817, 26.4616998], [-81.9541544, 26.4617007], [-81.9541565, 26.4617524], [-81.9541853, 26.4617515], [-81.9541873, 26.4618001]]]}}, {"id": "327", "type": "Feature", "properties": {"id": "93f4226e-43ba-4d76-81bf-548213c0dda9", "name": null, "subtype": null, "class": null, "height": 3.649263381958008, "num_floors": null, "surge_class": 8, "surge_ft": 7.5, "flood_active": false, "exposure_score": 0.225, "exposure_category": "low"}, "geometry": {"type": "Polygon", "coordinates": [[[-81.9542455, 26.4614592], [-81.9543532, 26.4614557], [-81.9543498, 26.4613724], [-81.9543865, 26.4613712], [-81.9543843, 26.4613183], [-81.9541659, 26.4613254], [-81.954168, 26.4613771], [-81.9542421, 26.4613746], [-81.9542455, 26.4614592]]]}}, {"id": "328", "type": "Feature", "properties": {"id": "b48019e3-323a-41de-9e20-f1e66a0f1ae5", "name": null, "subtype": null, "class": null, "height": null, "num_floors": null, "surge_class": 9, "surge_ft": 8.5, "flood_active": false, "exposure_score": 0.255, "exposure_category": "moderate"}, "geometry": {"type": "Polygon", "coordinates": [[[-81.9542923, 26.4610183], [-81.9542173, 26.4610202], [-81.9542212, 26.4611391], [-81.9542962, 26.4611371], [-81.9542923, 26.4610183]]]}}, {"id": "329", "type": "Feature", "properties": {"id": "96e29b8c-e53c-4a1e-97b3-e28b91dd073b", "name": null, "subtype": null, "class": null, "height": null, "num_floors": null, "surge_class": 8, "surge_ft": 7.5, "flood_active": false, "exposure_score": 0.225, "exposure_category": "low"}, "geometry": {"type": "Polygon", "coordinates": [[[-81.954079, 26.4622838], [-81.9543732, 26.4622476], [-81.9543608, 26.4621673], [-81.9543419, 26.4621696], [-81.9543264, 26.4620685], [-81.9542555, 26.4620772], [-81.9542696, 26.462169], [-81.9542276, 26.4621742], [-81.954223, 26.4621446], [-81.9540607, 26.4621646], [-81.954079, 26.4622838]]]}}, {"id": "330", "type": "Feature", "properties": {"id": "9096532f-62d8-43e6-9e1e-196287442ecb", "name": null, "subtype": null, "class": null, "height": 6.050144672393799, "num_floors": null, "surge_class": 7, "surge_ft": 6.5, "flood_active": false, "exposure_score": 0.195, "exposure_category": "low"}, "geometry": {"type": "Polygon", "coordinates": [[[-81.9542089, 26.4624382], [-81.9544023, 26.4624072], [-81.9543786, 26.4622891], [-81.9541771, 26.4623215], [-81.9541924, 26.4623978], [-81.9542006, 26.4623965], [-81.9542089, 26.4624382]]]}}, {"id": "331", "type": "Feature", "properties": {"id": "6b64b81b-4765-4174-839b-1cf48bcdf1d8", "name": null, "subtype": null, "class": null, "height": 5.640313625335693, "num_floors": null, "surge_class": 7, "surge_ft": 6.5, "flood_active": false, "exposure_score": 0.195, "exposure_category": "low"}, "geometry": {"type": "Polygon", "coordinates": [[[-81.9544337, 26.4626636], [-81.9544658, 26.4626575], [-81.954451, 26.4625958], [-81.9542985, 26.4626252], [-81.9543011, 26.4626359], [-81.9542319, 26.4626492], [-81.9542392, 26.4626797], [-81.9541803, 26.462691], [-81.9541985, 26.4627666], [-81.9543389, 26.4627395], [-81.9543365, 26.4627294], [-81.9544094, 26.4627153], [-81.954393, 26.4626472], [-81.9544305, 26.4626504], [-81.9544337, 26.4626636]]]}}, {"id": "332", "type": "Feature", "properties": {"id": "87cb4ecd-1ba5-483e-95b3-1a558b534c98", "name": null, "subtype": null, "class": null, "height": 6.671295166015625, "num_floors": null, "surge_class": 7, "surge_ft": 6.5, "flood_active": false, "exposure_score": 0.195, "exposure_category": "low"}, "geometry": {"type": "Polygon", "coordinates": [[[-81.9543819, 26.4628729], [-81.9544489, 26.4628575], [-81.9544226, 26.4627658], [-81.9543852, 26.4627744], [-81.9543842, 26.4627709], [-81.9543099, 26.462788], [-81.9543144, 26.4628036], [-81.9542604, 26.462816], [-81.9542706, 26.4628515], [-81.9542671, 26.4628523], [-81.9542799, 26.4628967], [-81.9542928, 26.4628937], [-81.9542979, 26.4629116], [-81.9543871, 26.4628911], [-81.9543819, 26.4628729]]]}}, {"id": "333", "type": "Feature", "properties": {"id": "b6a7c8e7-cbb3-449e-bc20-5a93dd5e92d2", "name": null, "subtype": null, "class": null, "height": 5.069252967834473, "num_floors": null, "surge_class": 8, "surge_ft": 7.5, "flood_active": false, "exposure_score": 0.225, "exposure_category": "low"}, "geometry": {"type": "Polygon", "coordinates": [[[-81.9543594, 26.4632013], [-81.9543742, 26.4632359], [-81.954499, 26.463193], [-81.9544959, 26.4631859], [-81.9546111, 26.4631464], [-81.9545619, 26.4630316], [-81.9542819, 26.4631278], [-81.9543053, 26.4631824], [-81.9543348, 26.4631723], [-81.9543488, 26.4632049], [-81.9543594, 26.4632013]]]}}, {"id": "334", "type": "Feature", "properties": {"id": "af4e49d1-86eb-41fc-88da-63a11a4533a7", "name": null, "subtype": null, "class": null, "height": 4.213403701782227, "num_floors": null, "surge_class": 4, "surge_ft": 3.5, "flood_active": false, "exposure_score": 0.105, "exposure_category": "low"}, "geometry": {"type": "Polygon", "coordinates": [[[-81.954552, 26.464731], [-81.954396, 26.46462], [-81.954317, 26.464709], [-81.954473, 26.46482], [-81.954552, 26.464731]]]}}, {"id": "335", "type": "Feature", "properties": {"id": "acea1902-a9f9-415f-aacd-ae85d8225e91", "name": null, "subtype": null, "class": null, "height": 5.072052478790283, "num_floors": null, "surge_class": 7, "surge_ft": 6.5, "flood_active": false, "exposure_score": 0.195, "exposure_category": "low"}, "geometry": {"type": "Polygon", "coordinates": [[[-81.9543653, 26.4658644], [-81.9543714, 26.4658672], [-81.9544499, 26.4657325], [-81.9543626, 26.4656918], [-81.9542841, 26.4658265], [-81.9543247, 26.4658455], [-81.9543185, 26.4658561], [-81.9543591, 26.4658751], [-81.9543653, 26.4658644]]]}}, {"id": "336", "type": "Feature", "properties": {"id": "2fb6a4b8-d6bb-4022-83d9-81a0a87a5f77", "name": null, "subtype": null, "class": null, "height": 4.353804588317871, "num_floors": null, "surge_class": 7, "surge_ft": 6.5, "flood_active": false, "exposure_score": 0.195, "exposure_category": "low"}, "geometry": {"type": "Polygon", "coordinates": [[[-81.954425, 26.465168], [-81.954293, 26.465115], [-81.954241, 26.465219], [-81.954374, 26.465272], [-81.954425, 26.465168]]]}}, {"id": "337", "type": "Feature", "properties": {"id": "6feec2d1-e847-43b2-a6d0-50dd613d16a7", "name": null, "subtype": null, "class": null, "height": 3.648977279663086, "num_floors": null, "surge_class": 6, "surge_ft": 5.5, "flood_active": false, "exposure_score": 0.165, "exposure_category": "low"}, "geometry": {"type": "Polygon", "coordinates": [[[-81.954154, 26.465008], [-81.954087, 26.465178], [-81.9542, 26.465214], [-81.954268, 26.465044], [-81.954154, 26.465008]]]}}, {"id": "338", "type": "Feature", "properties": {"id": "d1b51112-4489-4604-afdf-3a52fd210a31", "name": null, "subtype": null, "class": null, "height": 4.686268329620361, "num_floors": null, "surge_class": 7, "surge_ft": 6.5, "flood_active": false, "exposure_score": 0.195, "exposure_category": "low"}, "geometry": {"type": "Polygon", "coordinates": [[[-81.9542211, 26.4658049], [-81.9542984, 26.4656565], [-81.954208, 26.4656188], [-81.9541963, 26.4656412], [-81.9541746, 26.4656321], [-81.9541089, 26.4657581], [-81.9542211, 26.4658049]]]}}, {"id": "339", "type": "Feature", "properties": {"id": "7cc52d22-ead4-49cd-be1a-ddaa584b7a92", "name": null, "subtype": null, "class": null, "height": 4.202362537384033, "num_floors": null, "surge_class": 8, "surge_ft": 7.5, "flood_active": false, "exposure_score": 0.225, "exposure_category": "low"}, "geometry": {"type": "Polygon", "coordinates": [[[-81.9541865, 26.4663553], [-81.9543009, 26.4664337], [-81.9543748, 26.4663474], [-81.954369, 26.4663434], [-81.9543771, 26.466334], [-81.9543702, 26.4663293], [-81.9544123, 26.4662799], [-81.9542978, 26.4662017], [-81.9542443, 26.4662645], [-81.9542499, 26.4662683], [-81.9542518, 26.4662789], [-81.9541865, 26.4663553]]]}}, {"id": "340", "type": "Feature", "properties": {"id": "930be2a5-bdc2-4915-b2ba-fb455281f692", "name": null, "subtype": null, "class": null, "height": 4.5946879386901855, "num_floors": null, "surge_class": 9, "surge_ft": 8.5, "flood_active": false, "exposure_score": 0.255, "exposure_category": "moderate"}, "geometry": {"type": "Polygon", "coordinates": [[[-81.9542069, 26.4670323], [-81.9542605, 26.4670659], [-81.9543711, 26.4669244], [-81.9542572, 26.4668529], [-81.9541639, 26.4669722], [-81.9542243, 26.4670101], [-81.9542069, 26.4670323]]]}}, {"id": "341", "type": "Feature", "properties": {"id": "89e62837-33c6-4464-8e4a-3b04a9a11e40", "name": null, "subtype": null, "class": null, "height": null, "num_floors": null, "surge_class": 8, "surge_ft": 7.5, "flood_active": false, "exposure_score": 0.225, "exposure_category": "low"}, "geometry": {"type": "Polygon", "coordinates": [[[-81.9543467, 26.4664782], [-81.954406, 26.4665228], [-81.9544614, 26.4664638], [-81.9543912, 26.466411], [-81.9543491, 26.4664559], [-81.95436, 26.4664641], [-81.9543467, 26.4664782]]]}}, {"id": "342", "type": "Feature", "properties": {"id": "af767f77-6143-4745-b8c9-cd93bc56c040", "name": null, "subtype": null, "class": null, "height": null, "num_floors": 1, "surge_class": 7, "surge_ft": 6.5, "flood_active": false, "exposure_score": 0.195, "exposure_category": "low"}, "geometry": {"type": "Polygon", "coordinates": [[[-81.9544424, 26.4661551], [-81.9544086, 26.4661941], [-81.9543974, 26.4662072], [-81.9544167, 26.4662207], [-81.9544456, 26.466241], [-81.9544569, 26.4662279], [-81.9544907, 26.4661889], [-81.9544424, 26.4661551]]]}}, {"id": "343", "type": "Feature", "properties": {"id": "43ec72ad-9f2f-48f3-aaf3-03cc7d5b00e7", "name": null, "subtype": null, "class": null, "height": 3.6506054401397705, "num_floors": null, "surge_class": 8, "surge_ft": 7.5, "flood_active": false, "exposure_score": 0.225, "exposure_category": "low"}, "geometry": {"type": "Polygon", "coordinates": [[[-81.954442, 26.4671013], [-81.954489, 26.4671397], [-81.9545832, 26.4670473], [-81.9545176, 26.4669938], [-81.9545003, 26.4670108], [-81.9544324, 26.4669554], [-81.9543265, 26.4670592], [-81.9544129, 26.4671298], [-81.954442, 26.4671013]]]}}, {"id": "344", "type": "Feature", "properties": {"id": "f38c0433-3e65-4f9a-aa74-265b8ee1b353", "name": null, "subtype": null, "class": null, "height": null, "num_floors": null, "surge_class": 8, "surge_ft": 7.5, "flood_active": false, "exposure_score": 0.225, "exposure_category": "low"}, "geometry": {"type": "Polygon", "coordinates": [[[-81.9544066, 26.4663866], [-81.954473, 26.4664346], [-81.9545384, 26.4663622], [-81.9544721, 26.4663142], [-81.9544066, 26.4663866]]]}}, {"id": "345", "type": "Feature", "properties": {"id": "d8caaf71-5c61-4d19-90f8-350b96b272ad", "name": null, "subtype": null, "class": null, "height": 4.546338081359863, "num_floors": null, "surge_class": 6, "surge_ft": 5.5, "flood_active": false, "exposure_score": 0.165, "exposure_category": "low"}, "geometry": {"type": "Polygon", "coordinates": [[[-81.954474, 26.465161], [-81.954418, 26.465282], [-81.954554, 26.465332], [-81.954609, 26.46521], [-81.954474, 26.465161]]]}}, {"id": "346", "type": "Feature", "properties": {"id": "9c54ccb0-dbe6-42ad-8888-66e8d6d0e95a", "name": null, "subtype": null, "class": null, "height": 5.0254998207092285, "num_floors": null, "surge_class": 7, "surge_ft": 6.5, "flood_active": false, "exposure_score": 0.195, "exposure_category": "low"}, "geometry": {"type": "Polygon", "coordinates": [[[-81.954607, 26.465821], [-81.954517, 26.465779], [-81.954424, 26.465938], [-81.954513, 26.46598], [-81.954607, 26.465821]]]}}, {"id": "347", "type": "Feature", "properties": {"id": "af3d9c93-fe39-48b5-ab53-919a96498c92", "name": null, "subtype": null, "class": null, "height": null, "num_floors": null, "surge_class": 5, "surge_ft": 4.5, "flood_active": false, "exposure_score": 0.135, "exposure_category": "low"}, "geometry": {"type": "Polygon", "coordinates": [[[-81.95471, 26.464859], [-81.954603, 26.464769], [-81.954543, 26.464827], [-81.954592, 26.464867], [-81.95457, 26.464888], [-81.954629, 26.464937], [-81.95471, 26.464859]]]}}, {"id": "348", "type": "Feature", "properties": {"id": "97481cc1-0f85-4886-aee4-65ec341ab7c2", "name": null, "subtype": null, "class": null, "height": 3.8333332538604736, "num_floors": null, "surge_class": 7, "surge_ft": 6.5, "flood_active": false, "exposure_score": 0.195, "exposure_category": "low"}, "geometry": {"type": "Polygon", "coordinates": [[[-81.954703, 26.465432], [-81.95477, 26.465321], [-81.954639, 26.465259], [-81.954573, 26.46537], [-81.954703, 26.465432]]]}}, {"id": "349", "type": "Feature", "properties": {"id": "230354ba-9bf4-43f2-a4bc-a4f6420c1cd0", "name": null, "subtype": null, "class": null, "height": 3.9329187870025635, "num_floors": null, "surge_class": 7, "surge_ft": 6.5, "flood_active": false, "exposure_score": 0.195, "exposure_category": "low"}, "geometry": {"type": "Polygon", "coordinates": [[[-81.954783, 26.46592], [-81.95465, 26.46585], [-81.954576, 26.465962], [-81.954709, 26.466032], [-81.954783, 26.46592]]]}}, {"id": "350", "type": "Feature", "properties": {"id": "9b87143a-8275-411c-9a87-63d45832a242", "name": null, "subtype": null, "class": null, "height": 5.188889026641846, "num_floors": null, "surge_class": 8, "surge_ft": 7.5, "flood_active": false, "exposure_score": 0.225, "exposure_category": "low"}, "geometry": {"type": "Polygon", "coordinates": [[[-81.9545359, 26.4665254], [-81.9546167, 26.4665766], [-81.9547199, 26.4664508], [-81.9546366, 26.4663968], [-81.9545359, 26.4665254]]]}}, {"id": "351", "type": "Feature", "properties": {"id": "2ea7b612-317a-4fce-a105-246dd9b3e53b", "name": null, "subtype": null, "class": null, "height": 3.536892890930176, "num_floors": null, "surge_class": 8, "surge_ft": 7.5, "flood_active": false, "exposure_score": 0.225, "exposure_category": "low"}, "geometry": {"type": "Polygon", "coordinates": [[[-81.954699, 26.4672869], [-81.9547825, 26.4672143], [-81.9546388, 26.4670818], [-81.954629, 26.4670903], [-81.9546224, 26.4670842], [-81.9546028, 26.4671012], [-81.9546113, 26.4671091], [-81.9545572, 26.4671562], [-81.954699, 26.4672869]]]}}, {"id": "352", "type": "Feature", "properties": {"id": "ff0663f0-77cc-4b63-bae3-47c894127578", "name": null, "subtype": null, "class": null, "height": 4.66692590713501, "num_floors": null, "surge_class": 8, "surge_ft": 7.5, "flood_active": false, "exposure_score": 0.225, "exposure_category": "low"}, "geometry": {"type": "Polygon", "coordinates": [[[-81.9547363, 26.4660614], [-81.954822, 26.4661081], [-81.9549174, 26.4659675], [-81.9548317, 26.4659209], [-81.9547363, 26.4660614]]]}}, {"id": "353", "type": "Feature", "properties": {"id": "3569ad52-b101-4cee-b6a6-b7f9c25260e5", "name": null, "subtype": null, "class": null, "height": 4.353273868560791, "num_floors": null, "surge_class": 7, "surge_ft": 6.5, "flood_active": false, "exposure_score": 0.195, "exposure_category": "low"}, "geometry": {"type": "Polygon", "coordinates": [[[-81.954826, 26.4667431], [-81.9549159, 26.4668183], [-81.9550575, 26.4666828], [-81.9549675, 26.4666075], [-81.954826, 26.4667431]]]}}, {"id": "354", "type": "Feature", "properties": {"id": "b2fa9a44-e178-446a-82d6-a91e58487cde", "name": null, "subtype": null, "class": null, "height": 5.051314830780029, "num_floors": null, "surge_class": 7, "surge_ft": 6.5, "flood_active": false, "exposure_score": 0.195, "exposure_category": "low"}, "geometry": {"type": "Polygon", "coordinates": [[[-81.9549818, 26.4662212], [-81.9550628, 26.4660926], [-81.9549732, 26.4660474], [-81.9548922, 26.4661761], [-81.9549818, 26.4662212]]]}}, {"id": "355", "type": "Feature", "properties": {"id": "6d543724-31e4-4556-a802-215c8ce768a3", "name": null, "subtype": null, "class": null, "height": 4.833244323730469, "num_floors": null, "surge_class": 8, "surge_ft": 7.5, "flood_active": false, "exposure_score": 0.225, "exposure_category": "low"}, "geometry": {"type": "Polygon", "coordinates": [[[-81.9548297, 26.466475], [-81.9549038, 26.4665257], [-81.9549635, 26.4664557], [-81.9548698, 26.4663917], [-81.9548357, 26.4664316], [-81.9548553, 26.466445], [-81.9548297, 26.466475]]]}}, {"id": "356", "type": "Feature", "properties": {"id": "e560c081-628e-4f90-9256-708159f8e60e", "name": null, "subtype": null, "class": null, "height": 4.398151874542236, "num_floors": null, "surge_class": 6, "surge_ft": 5.5, "flood_active": false, "exposure_score": 0.165, "exposure_category": "low"}, "geometry": {"type": "Polygon", "coordinates": [[[-81.954984, 26.465038], [-81.954793, 26.465116], [-81.954851, 26.465229], [-81.955042, 26.465151], [-81.954984, 26.465038]]]}}, {"id": "357", "type": "Feature", "properties": {"id": "9ff7e659-3fad-444c-9fbd-8316ef202529", "name": null, "subtype": null, "class": null, "height": 3.0303030014038086, "num_floors": null, "surge_class": 6, "surge_ft": 5.5, "flood_active": false, "exposure_score": 0.165, "exposure_category": "low"}, "geometry": {"type": "Polygon", "coordinates": [[[-81.955052, 26.465629], [-81.954991, 26.465589], [-81.955002, 26.465575], [-81.95494, 26.465535], [-81.954893, 26.465594], [-81.955017, 26.465673], [-81.955052, 26.465629]]]}}, {"id": "358", "type": "Feature", "properties": {"id": "0d56357a-7525-4e52-9d59-85ecb672fa62", "name": null, "subtype": null, "class": null, "height": 3.926398515701294, "num_floors": null, "surge_class": 6, "surge_ft": 5.5, "flood_active": false, "exposure_score": 0.165, "exposure_category": "low"}, "geometry": {"type": "Polygon", "coordinates": [[[-81.954901, 26.465421], [-81.954785, 26.465373], [-81.954738, 26.465464], [-81.954855, 26.465512], [-81.954901, 26.465421]]]}}, {"id": "359", "type": "Feature", "properties": {"id": "01633a58-3f55-49fc-a2d6-a0b6d08576f9", "name": null, "subtype": null, "class": null, "height": 4.199192523956299, "num_floors": null, "surge_class": 6, "surge_ft": 5.5, "flood_active": false, "exposure_score": 0.165, "exposure_category": "low"}, "geometry": {"type": "Polygon", "coordinates": [[[-81.9548862, 26.4650357], [-81.9548205, 26.4649111], [-81.9546615, 26.4649782], [-81.9546826, 26.4650184], [-81.954732, 26.4649975], [-81.9547765, 26.465082], [-81.9548862, 26.4650357]]]}}, {"id": "360", "type": "Feature", "properties": {"id": "025d26c4-4659-4b3f-9af3-3c2184a6f285", "name": null, "subtype": null, "class": null, "height": 4.899157524108887, "num_floors": null, "surge_class": 6, "surge_ft": 5.5, "flood_active": false, "exposure_score": 0.165, "exposure_category": "low"}, "geometry": {"type": "Polygon", "coordinates": [[[-81.9547871, 26.4636788], [-81.9549235, 26.4636152], [-81.9548494, 26.4634879], [-81.9547152, 26.4635505], [-81.954734, 26.4635829], [-81.9547173, 26.4635907], [-81.9547406, 26.4636306], [-81.9547551, 26.4636238], [-81.9547871, 26.4636788]]]}}, {"id": "361", "type": "Feature", "properties": {"id": "5848b196-ce25-49c6-8cd3-31c048577e71", "name": null, "subtype": null, "class": null, "height": 5.8345947265625, "num_floors": null, "surge_class": 6, "surge_ft": 5.5, "flood_active": false, "exposure_score": 0.165, "exposure_category": "low"}, "geometry": {"type": "Polygon", "coordinates": [[[-81.9549732, 26.4636965], [-81.9549354, 26.463686], [-81.9548948, 26.4637048], [-81.9548858, 26.4636893], [-81.9548278, 26.4637161], [-81.9548323, 26.4637239], [-81.9547871, 26.4637449], [-81.9547923, 26.4637539], [-81.9547767, 26.4637611], [-81.9547924, 26.4637884], [-81.9547793, 26.4637945], [-81.954801, 26.4638321], [-81.9548184, 26.463824], [-81.9548305, 26.4638449], [-81.9548518, 26.4638351], [-81.9548779, 26.4638804], [-81.9548619, 26.4638878], [-81.9548794, 26.4639183], [-81.9550275, 26.4638498], [-81.9550055, 26.4638115], [-81.9549624, 26.4638314], [-81.9549544, 26.4638174], [-81.9549881, 26.4638018], [-81.9549756, 26.4637801], [-81.9549861, 26.4637753], [-81.9549987, 26.4637388], [-81.9549732, 26.4636965]]]}}, {"id": "362", "type": "Feature", "properties": {"id": "8303b59a-ac0f-4a63-bd12-203a1b50786a", "name": null, "subtype": null, "class": null, "height": 5.30948543548584, "num_floors": null, "surge_class": 8, "surge_ft": 7.5, "flood_active": false, "exposure_score": 0.225, "exposure_category": "low"}, "geometry": {"type": "Polygon", "coordinates": [[[-81.9549375, 26.4643065], [-81.9550273, 26.4642644], [-81.9549912, 26.4641994], [-81.9548981, 26.4642402], [-81.9549375, 26.4643065]]]}}, {"id": "363", "type": "Feature", "properties": {"id": "afd6db29-71b3-43e3-afcf-52c7ef5cf7bb", "name": null, "subtype": null, "class": null, "height": 3.9952445030212402, "num_floors": null, "surge_class": 7, "surge_ft": 6.5, "flood_active": false, "exposure_score": 0.195, "exposure_category": "low"}, "geometry": {"type": "Polygon", "coordinates": [[[-81.9552376, 26.4640559], [-81.9551608, 26.4639152], [-81.955021, 26.4639764], [-81.9550978, 26.4641171], [-81.9552376, 26.4640559]]]}}, {"id": "364", "type": "Feature", "properties": {"id": "8c4bd27a-0d9b-42d0-870e-4e19c5ac1017", "name": null, "subtype": null, "class": null, "height": 6.087055683135986, "num_floors": null, "surge_class": 4, "surge_ft": 3.5, "flood_active": false, "exposure_score": 0.105, "exposure_category": "low"}, "geometry": {"type": "Polygon", "coordinates": [[[-81.9553323, 26.4642109], [-81.9552574, 26.4640823], [-81.9550936, 26.4641588], [-81.9551685, 26.4642873], [-81.9553323, 26.4642109]]]}}, {"id": "365", "type": "Feature", "properties": {"id": "0a5d965e-7d62-436f-b163-3eb105242c81", "name": null, "subtype": null, "class": null, "height": 4.467837810516357, "num_floors": null, "surge_class": 5, "surge_ft": 4.5, "flood_active": false, "exposure_score": 0.135, "exposure_category": "low"}, "geometry": {"type": "Polygon", "coordinates": [[[-81.9552226, 26.4644848], [-81.9553908, 26.4644066], [-81.9553206, 26.4642856], [-81.9551524, 26.4643638], [-81.9552226, 26.4644848]]]}}, {"id": "366", "type": "Feature", "properties": {"id": "ac23fcaa-5599-4dd5-85fd-eb3a01917533", "name": null, "subtype": null, "class": null, "height": 3.802412509918213, "num_floors": null, "surge_class": 5, "surge_ft": 4.5, "flood_active": false, "exposure_score": 0.135, "exposure_category": "low"}, "geometry": {"type": "Polygon", "coordinates": [[[-81.955323, 26.465883], [-81.955236, 26.465663], [-81.955135, 26.465695], [-81.955148, 26.465729], [-81.9551, 26.465745], [-81.95512, 26.465796], [-81.955157, 26.465784], [-81.955171, 26.465821], [-81.955203, 26.46581], [-81.955242, 26.465908], [-81.955323, 26.465883]]]}}, {"id": "367", "type": "Feature", "properties": {"id": "204c3838-a4a1-44e3-af4f-e03446d16038", "name": null, "subtype": null, "class": null, "height": 5.154152870178223, "num_floors": null, "surge_class": 7, "surge_ft": 6.5, "flood_active": false, "exposure_score": 0.195, "exposure_category": "low"}, "geometry": {"type": "Polygon", "coordinates": [[[-81.955075, 26.465203], [-81.954955, 26.465233], [-81.955, 26.465376], [-81.955119, 26.465346], [-81.955075, 26.465203]]]}}, {"id": "368", "type": "Feature", "properties": {"id": "a09818f4-6509-404b-ac05-4dfd4c5bb131", "name": null, "subtype": "residential", "class": "house", "height": 3.6337289810180664, "num_floors": null, "surge_class": 6, "surge_ft": 5.5, "flood_active": false, "exposure_score": 0.165, "exposure_category": "low"}, "geometry": {"type": "Polygon", "coordinates": [[[-81.955224, 26.4655674], [-81.9551532, 26.4653892], [-81.9550481, 26.4654226], [-81.9550676, 26.4654716], [-81.9550783, 26.4654682], [-81.9550928, 26.4655049], [-81.9551042, 26.4655012], [-81.9551184, 26.4655369], [-81.9551267, 26.4655342], [-81.9551372, 26.4655607], [-81.9551452, 26.4655581], [-81.9551573, 26.4655886], [-81.955224, 26.4655674]]]}}, {"id": "369", "type": "Feature", "properties": {"id": "73fd856b-87d4-40e4-8d0a-37dcdebf8fb8", "name": null, "subtype": null, "class": null, "height": 4.744844436645508, "num_floors": null, "surge_class": 7, "surge_ft": 6.5, "flood_active": false, "exposure_score": 0.195, "exposure_category": "low"}, "geometry": {"type": "Polygon", "coordinates": [[[-81.9552933, 26.4671066], [-81.9552795, 26.4670901], [-81.9553093, 26.4670701], [-81.955277, 26.4670316], [-81.9552918, 26.4670217], [-81.955225, 26.4669419], [-81.9551424, 26.4669973], [-81.9551387, 26.4669929], [-81.9551102, 26.467012], [-81.9551196, 26.4670232], [-81.9550806, 26.4670494], [-81.9551055, 26.4670791], [-81.9550935, 26.4670872], [-81.9551459, 26.4671498], [-81.9551741, 26.4671309], [-81.9552016, 26.4671637], [-81.9552367, 26.4671402], [-81.9552391, 26.467143], [-81.9552933, 26.4671066]]]}}, {"id": "370", "type": "Feature", "properties": {"id": "bcaa538b-ea9f-4000-b0d8-25cdbfec2771", "name": null, "subtype": null, "class": null, "height": 4.42553186416626, "num_floors": null, "surge_class": 8, "surge_ft": 7.5, "flood_active": false, "exposure_score": 0.225, "exposure_category": "low"}, "geometry": {"type": "Polygon", "coordinates": [[[-81.955219, 26.466178], [-81.955155, 26.466123], [-81.955078, 26.466195], [-81.955141, 26.46625], [-81.955219, 26.466178]]]}}, {"id": "371", "type": "Feature", "properties": {"id": "5e161df3-7bef-4c1a-b29e-bf6936be0ecb", "name": null, "subtype": null, "class": null, "height": 4.119443416595459, "num_floors": null, "surge_class": 7, "surge_ft": 6.5, "flood_active": false, "exposure_score": 0.195, "exposure_category": "low"}, "geometry": {"type": "Polygon", "coordinates": [[[-81.955311, 26.466295], [-81.955243, 26.46623], [-81.955111, 26.466342], [-81.95518, 26.466406], [-81.955311, 26.466295]]]}}, {"id": "372", "type": "Feature", "properties": {"id": "4890dcf5-6e97-4758-91a6-946940327571", "name": null, "subtype": null, "class": null, "height": 6.362276077270508, "num_floors": null, "surge_class": 7, "surge_ft": 6.5, "flood_active": false, "exposure_score": 0.195, "exposure_category": "low"}, "geometry": {"type": "Polygon", "coordinates": [[[-81.9553787, 26.4670338], [-81.9555139, 26.4669547], [-81.9554197, 26.4668256], [-81.9552845, 26.4669046], [-81.9553787, 26.4670338]]]}}, {"id": "373", "type": "Feature", "properties": {"id": "4aad0d96-55e6-4df8-9314-8c47fd548000", "name": null, "subtype": null, "class": null, "height": 4.471043586730957, "num_floors": null, "surge_class": 7, "surge_ft": 6.5, "flood_active": false, "exposure_score": 0.195, "exposure_category": "low"}, "geometry": {"type": "Polygon", "coordinates": [[[-81.955371, 26.466352], [-81.955212, 26.466483], [-81.955282, 26.466551], [-81.95544, 26.46642], [-81.955371, 26.466352]]]}}, {"id": "374", "type": "Feature", "properties": {"id": "fde2d093-5ed3-463e-aa6a-695de4408f29", "name": null, "subtype": null, "class": null, "height": 4.826070785522461, "num_floors": null, "surge_class": 7, "surge_ft": 6.5, "flood_active": false, "exposure_score": 0.195, "exposure_category": "low"}, "geometry": {"type": "Polygon", "coordinates": [[[-81.955417, 26.46665], [-81.955558, 26.466548], [-81.955493, 26.466476], [-81.955352, 26.466579], [-81.955417, 26.46665]]]}}, {"id": "375", "type": "Feature", "properties": {"id": "04d5b052-4115-4f9a-ab22-a413ee0e5e49", "name": null, "subtype": null, "class": null, "height": 3.7693369388580322, "num_floors": null, "surge_class": 9, "surge_ft": 8.5, "flood_active": false, "exposure_score": 0.255, "exposure_category": "moderate"}, "geometry": {"type": "Polygon", "coordinates": [[[-81.9556829, 26.4668119], [-81.9557359, 26.4668684], [-81.955799, 26.4668238], [-81.9557217, 26.4667365], [-81.955731, 26.4667314], [-81.9556781, 26.4666753], [-81.9555497, 26.4667693], [-81.9555585, 26.4667788], [-81.9555338, 26.466795], [-81.9555925, 26.4668589], [-81.9556326, 26.4668277], [-81.9556437, 26.4668396], [-81.9556829, 26.4668119]]]}}, {"id": "376", "type": "Feature", "properties": {"id": "1c46df99-b24a-4f5a-b874-0a32bfe5afde", "name": null, "subtype": null, "class": null, "height": 3.5564217567443848, "num_floors": null, "surge_class": 7, "surge_ft": 6.5, "flood_active": false, "exposure_score": 0.195, "exposure_category": "low"}, "geometry": {"type": "Polygon", "coordinates": [[[-81.95585, 26.4652414], [-81.9557891, 26.4651193], [-81.9556706, 26.4651667], [-81.9557315, 26.4652888], [-81.95585, 26.4652414]]]}}, {"id": "377", "type": "Feature", "properties": {"id": "36293b45-9b28-40ef-9b8f-29986feb255a", "name": null, "subtype": null, "class": null, "height": 5.059808731079102, "num_floors": null, "surge_class": 8, "surge_ft": 7.5, "flood_active": false, "exposure_score": 0.225, "exposure_category": "low"}, "geometry": {"type": "Polygon", "coordinates": [[[-81.9558004, 26.4654894], [-81.9559541, 26.4654358], [-81.9559405, 26.4654046], [-81.9559615, 26.4653972], [-81.9559152, 26.4652909], [-81.9556521, 26.4653827], [-81.9556866, 26.4654619], [-81.955775, 26.4654311], [-81.9558004, 26.4654894]]]}}, {"id": "378", "type": "Feature", "properties": {"id": "8e4b570f-5c8e-4151-ad4d-b26e0cf28e9d", "name": null, "subtype": null, "class": null, "height": 5.166042804718018, "num_floors": null, "surge_class": 8, "surge_ft": 7.5, "flood_active": false, "exposure_score": 0.225, "exposure_category": "low"}, "geometry": {"type": "Polygon", "coordinates": [[[-81.9555356, 26.4651313], [-81.9556932, 26.465062], [-81.9556396, 26.4649643], [-81.9556983, 26.4649385], [-81.9556734, 26.4648931], [-81.955464, 26.4649851], [-81.9554887, 26.4650302], [-81.9554336, 26.4650544], [-81.9554637, 26.4651094], [-81.9554987, 26.465094], [-81.9555078, 26.4651107], [-81.955521, 26.4651048], [-81.9555356, 26.4651313]]]}}, {"id": "379", "type": "Feature", "properties": {"id": "e0bb9f49-1d9c-48e8-a044-4bf458f87880", "name": null, "subtype": null, "class": null, "height": 4.956121444702148, "num_floors": null, "surge_class": 7, "surge_ft": 6.5, "flood_active": false, "exposure_score": 0.195, "exposure_category": "low"}, "geometry": {"type": "Polygon", "coordinates": [[[-81.9555504, 26.4649051], [-81.9557127, 26.4648352], [-81.9556453, 26.4647099], [-81.9554954, 26.4647745], [-81.9554982, 26.4647797], [-81.9554858, 26.4647851], [-81.9555504, 26.4649051]]]}}, {"id": "380", "type": "Feature", "properties": {"id": "e7d36929-f955-4af6-967a-e6a4b8cac29a", "name": null, "subtype": null, "class": null, "height": 7.949336528778076, "num_floors": null, "surge_class": 7, "surge_ft": 6.5, "flood_active": false, "exposure_score": 0.195, "exposure_category": "low"}, "geometry": {"type": "Polygon", "coordinates": [[[-81.955319, 26.4567979], [-81.9556459, 26.4569408], [-81.955811, 26.456638], [-81.9554841, 26.4564951], [-81.955319, 26.4567979]]]}}, {"id": "381", "type": "Feature", "properties": {"id": "9e2f204f-be6c-4acf-a524-b8adb0a788c5", "name": null, "subtype": null, "class": null, "height": 8.46426773071289, "num_floors": null, "surge_class": 7, "surge_ft": 6.5, "flood_active": false, "exposure_score": 0.195, "exposure_category": "low"}, "geometry": {"type": "Polygon", "coordinates": [[[-81.9558778, 26.4565316], [-81.9560878, 26.4561458], [-81.9557729, 26.4560084], [-81.9555629, 26.4563942], [-81.9558778, 26.4565316]]]}}, {"id": "382", "type": "Feature", "properties": {"id": "dc3b5492-a888-4258-994b-75750c1e2eb3", "name": null, "subtype": null, "class": null, "height": null, "num_floors": null, "surge_class": 8, "surge_ft": 7.5, "flood_active": false, "exposure_score": 0.225, "exposure_category": "low"}, "geometry": {"type": "Polygon", "coordinates": [[[-81.9556693, 26.4558174], [-81.9557779, 26.455863], [-81.9558208, 26.455767], [-81.9557162, 26.4557238], [-81.9556693, 26.4558174]]]}}, {"id": "383", "type": "Feature", "properties": {"id": "be2a5dcb-b9e1-4938-a6dd-50f393aaadd7", "name": null, "subtype": null, "class": null, "height": null, "num_floors": null, "surge_class": 8, "surge_ft": 7.5, "flood_active": false, "exposure_score": 0.225, "exposure_category": "low"}, "geometry": {"type": "Polygon", "coordinates": [[[-81.9557898, 26.4545168], [-81.9559111, 26.4542894], [-81.9558442, 26.4542612], [-81.9558257, 26.4542537], [-81.955807, 26.454291], [-81.9557776, 26.454275], [-81.9557561, 26.4543182], [-81.955783, 26.4543314], [-81.9557681, 26.4543606], [-81.9557374, 26.4543458], [-81.955693, 26.4544326], [-81.9557253, 26.4544442], [-81.9556796, 26.4545239], [-81.9556863, 26.4545539], [-81.9557548, 26.4545823], [-81.9557898, 26.4545168]]]}}, {"id": "384", "type": "Feature", "properties": {"id": "c5cdcc5f-7c5e-4eb2-b70b-79fb75f7d25f", "name": null, "subtype": null, "class": null, "height": null, "num_floors": null, "surge_class": 7, "surge_ft": 6.5, "flood_active": false, "exposure_score": 0.195, "exposure_category": "low"}, "geometry": {"type": "Polygon", "coordinates": [[[-81.9557281, 26.4546393], [-81.9556472, 26.4547789], [-81.9557132, 26.4548092], [-81.9557923, 26.4546639], [-81.9557281, 26.4546393]]]}}, {"id": "385", "type": "Feature", "properties": {"id": "c22da19d-e8e9-4785-98ff-210d419c5d1e", "name": null, "subtype": null, "class": null, "height": null, "num_floors": null, "surge_class": 7, "surge_ft": 6.5, "flood_active": false, "exposure_score": 0.195, "exposure_category": "low"}, "geometry": {"type": "Polygon", "coordinates": [[[-81.9555429, 26.454742], [-81.9556421, 26.4547876], [-81.9556472, 26.4547789], [-81.9557281, 26.4546393], [-81.9557417, 26.4546159], [-81.9556676, 26.4545847], [-81.9556193, 26.4545955], [-81.9555429, 26.454742]]]}}, {"id": "386", "type": "Feature", "properties": {"id": "bf457274-35c1-4da5-a139-ed88cec7f2b6", "name": null, "subtype": null, "class": null, "height": null, "num_floors": null, "surge_class": 7, "surge_ft": 6.5, "flood_active": false, "exposure_score": 0.195, "exposure_category": "low"}, "geometry": {"type": "Polygon", "coordinates": [[[-81.9556219, 26.4549495], [-81.9556464, 26.454904], [-81.9555079, 26.4548373], [-81.9554758, 26.4549017], [-81.9556125, 26.4549669], [-81.9556219, 26.4549495]]]}}, {"id": "387", "type": "Feature", "properties": {"id": "3095236a-00ff-409c-9299-8f052ca4e4c8", "name": null, "subtype": null, "class": null, "height": null, "num_floors": null, "surge_class": 7, "surge_ft": 6.5, "flood_active": false, "exposure_score": 0.195, "exposure_category": "low"}, "geometry": {"type": "Polygon", "coordinates": [[[-81.9556421, 26.4547876], [-81.9555429, 26.454742], [-81.9555255, 26.4547336], [-81.955473, 26.4548205], [-81.9555079, 26.4548373], [-81.9556464, 26.454904], [-81.9557198, 26.4549393], [-81.9557696, 26.4548489], [-81.9557132, 26.4548092], [-81.9556472, 26.4547789], [-81.9556421, 26.4547876]]]}}, {"id": "388", "type": "Feature", "properties": {"id": "cf372dcd-d8be-4f96-a6a0-ffadac014961", "name": null, "subtype": null, "class": null, "height": null, "num_floors": null, "surge_class": 8, "surge_ft": 7.5, "flood_active": false, "exposure_score": 0.225, "exposure_category": "low"}, "geometry": {"type": "Polygon", "coordinates": [[[-81.9556125, 26.4549669], [-81.9554758, 26.4549017], [-81.9554048, 26.4550229], [-81.9554437, 26.4550398], [-81.9554757, 26.4549789], [-81.9555811, 26.4550273], [-81.9556125, 26.4549669]]]}}, {"id": "389", "type": "Feature", "properties": {"id": "03139c78-ed47-4c49-80fc-64752c2eda61", "name": null, "subtype": null, "class": null, "height": null, "num_floors": null, "surge_class": 8, "surge_ft": 7.5, "flood_active": false, "exposure_score": 0.225, "exposure_category": "low"}, "geometry": {"type": "Polygon", "coordinates": [[[-81.9554197, 26.4555661], [-81.9552094, 26.4554769], [-81.9551762, 26.4555397], [-81.9553865, 26.4556289], [-81.9554197, 26.4555661]]]}}, {"id": "390", "type": "Feature", "properties": {"id": "0410680a-dca6-4de8-b54b-6c140f903033", "name": "Yucatan Beach Stand Bar and Grill", "subtype": "commercial", "class": "commercial", "height": null, "num_floors": null, "surge_class": 8, "surge_ft": 7.5, "flood_active": false, "exposure_score": 0.225, "exposure_category": "low"}, "geometry": {"type": "Polygon", "coordinates": [[[-81.9553321, 26.454776], [-81.9554115, 26.4546356], [-81.9552911, 26.454581], [-81.9552823, 26.4545965], [-81.9551252, 26.4545254], [-81.9551134, 26.4545462], [-81.9550406, 26.4545132], [-81.9549818, 26.4546173], [-81.9553321, 26.454776]]]}}, {"id": "391", "type": "Feature", "properties": {"id": "6b810310-e178-484c-889e-c312a38ff9a3", "name": null, "subtype": null, "class": null, "height": null, "num_floors": null, "surge_class": 7, "surge_ft": 6.5, "flood_active": false, "exposure_score": 0.195, "exposure_category": "low"}, "geometry": {"type": "Polygon", "coordinates": [[[-81.9550526, 26.4548987], [-81.9551631, 26.4549449], [-81.9552068, 26.4548679], [-81.955098, 26.4548185], [-81.9550526, 26.4548987]]]}}, {"id": "392", "type": "Feature", "properties": {"id": "57059de4-091b-4a71-bcb1-137fd2b22863", "name": null, "subtype": null, "class": null, "height": 4.209425449371338, "num_floors": null, "surge_class": 8, "surge_ft": 7.5, "flood_active": false, "exposure_score": 0.225, "exposure_category": "low"}, "geometry": {"type": "Polygon", "coordinates": [[[-81.9552072, 26.454963], [-81.9551631, 26.4549449], [-81.9550526, 26.4548987], [-81.9550386, 26.454893], [-81.9549589, 26.4550484], [-81.9551277, 26.4551178], [-81.9552072, 26.454963]]]}}, {"id": "393", "type": "Feature", "properties": {"id": "9f2f660f-dcbc-47d7-828b-fb507c3446d0", "name": null, "subtype": null, "class": null, "height": 9.875277519226074, "num_floors": null, "surge_class": 8, "surge_ft": 7.5, "flood_active": false, "exposure_score": 0.225, "exposure_category": "low"}, "geometry": {"type": "Polygon", "coordinates": [[[-81.9551684, 26.4562033], [-81.9552854, 26.4562557], [-81.9553434, 26.4561519], [-81.9552264, 26.4560995], [-81.9551684, 26.4562033]]]}}, {"id": "394", "type": "Feature", "properties": {"id": "cd6c66bb-7228-47fd-9c00-d033291998b3", "name": null, "subtype": "commercial", "class": "commercial", "height": null, "num_floors": 1, "surge_class": 8, "surge_ft": 7.5, "flood_active": false, "exposure_score": 0.225, "exposure_category": "low"}, "geometry": {"type": "Polygon", "coordinates": [[[-81.9548868, 26.4559126], [-81.9547119, 26.4562758], [-81.9547277, 26.4563277], [-81.9547659, 26.4563432], [-81.954795, 26.4563311], [-81.9548017, 26.4563172], [-81.9549112, 26.4560901], [-81.9549793, 26.4559488], [-81.954912, 26.4559225], [-81.9548868, 26.4559126]]]}}, {"id": "395", "type": "Feature", "properties": {"id": "47dbd358-43f6-479f-9b9e-458acf9ee13a", "name": null, "subtype": "commercial", "class": "commercial", "height": null, "num_floors": 1, "surge_class": 0, "surge_ft": 0.0, "flood_active": false, "exposure_score": 0.0, "exposure_category": "none"}, "geometry": {"type": "Polygon", "coordinates": [[[-81.9547235, 26.4569958], [-81.9548804, 26.457042], [-81.9548918, 26.4570106], [-81.9549615, 26.4570311], [-81.9549824, 26.4569735], [-81.9549881, 26.4569578], [-81.954901, 26.4569322], [-81.9549294, 26.4568538], [-81.9548946, 26.4568435], [-81.95479, 26.4568128], [-81.9547235, 26.4569958]]]}}, {"id": "396", "type": "Feature", "properties": {"id": "ee58243b-7901-4eb3-8fac-ffb186100c5c", "name": null, "subtype": "commercial", "class": "commercial", "height": null, "num_floors": 1, "surge_class": 0, "surge_ft": 0.0, "flood_active": false, "exposure_score": 0.0, "exposure_category": "none"}, "geometry": {"type": "Polygon", "coordinates": [[[-81.9547544, 26.4567173], [-81.9547329, 26.4567688], [-81.9547501, 26.4567746], [-81.9548302, 26.4568017], [-81.9548531, 26.4568095], [-81.9548746, 26.456758], [-81.9548517, 26.4567502], [-81.9547716, 26.4567231], [-81.9547544, 26.4567173]]]}}, {"id": "397", "type": "Feature", "properties": {"id": "2c3c0e7e-1f4e-44e8-8674-e8b64257fcea", "name": null, "subtype": null, "class": null, "height": 29.76410484313965, "num_floors": null, "surge_class": 8, "surge_ft": 7.5, "flood_active": false, "exposure_score": 0.225, "exposure_category": "low"}, "geometry": {"type": "Polygon", "coordinates": [[[-81.9546502, 26.4566009], [-81.9550461, 26.4567765], [-81.9551368, 26.4566126], [-81.9550709, 26.4565833], [-81.9550455, 26.4566292], [-81.9547475, 26.4564971], [-81.954774, 26.4564492], [-81.9547419, 26.456435], [-81.9546502, 26.4566009]]]}}, {"id": "398", "type": "Feature", "properties": {"id": "017eac45-72f5-4f7e-b2b0-d58e793c1249", "name": null, "subtype": null, "class": null, "height": null, "num_floors": null, "surge_class": 8, "surge_ft": 7.5, "flood_active": false, "exposure_score": 0.225, "exposure_category": "low"}, "geometry": {"type": "Polygon", "coordinates": [[[-81.9550713, 26.4552186], [-81.9550825, 26.4552233], [-81.9551357, 26.4551216], [-81.9551277, 26.4551178], [-81.9549589, 26.4550484], [-81.9549091, 26.4550267], [-81.9548615, 26.4551178], [-81.9550099, 26.45518], [-81.9549916, 26.4552151], [-81.9550584, 26.4552431], [-81.9550713, 26.4552186]]]}}, {"id": "399", "type": "Feature", "properties": {"id": "f539786e-2aef-4c3c-8957-472ceb9df1bf", "name": null, "subtype": null, "class": null, "height": null, "num_floors": null, "surge_class": 9, "surge_ft": 8.5, "flood_active": false, "exposure_score": 0.255, "exposure_category": "moderate"}, "geometry": {"type": "Polygon", "coordinates": [[[-81.9546739, 26.4555468], [-81.9548436, 26.4556183], [-81.9548752, 26.4555583], [-81.9547055, 26.4554867], [-81.9546739, 26.4555468]]]}}, {"id": "400", "type": "Feature", "properties": {"id": "f40fdd50-4acc-455a-b8ca-06e6db394d3f", "name": null, "subtype": null, "class": null, "height": 4.612582683563232, "num_floors": null, "surge_class": 8, "surge_ft": 7.5, "flood_active": false, "exposure_score": 0.225, "exposure_category": "low"}, "geometry": {"type": "Polygon", "coordinates": [[[-81.955021, 26.4538211], [-81.9549792, 26.4536995], [-81.9548038, 26.4537478], [-81.9548456, 26.4538694], [-81.955021, 26.4538211]]]}}, {"id": "401", "type": "Feature", "properties": {"id": "9df2699e-f674-4146-85e4-aecc3adb9eb4", "name": null, "subtype": null, "class": null, "height": null, "num_floors": null, "surge_class": 7, "surge_ft": 6.5, "flood_active": false, "exposure_score": 0.195, "exposure_category": "low"}, "geometry": {"type": "Polygon", "coordinates": [[[-81.9554295, 26.4533235], [-81.9554997, 26.4533451], [-81.9555412, 26.4532375], [-81.955471, 26.4532158], [-81.9554295, 26.4533235]]]}}, {"id": "402", "type": "Feature", "properties": {"id": "a466abb2-611d-405c-ae28-5e0350b7c4a5", "name": null, "subtype": null, "class": null, "height": 3.2902488708496094, "num_floors": null, "surge_class": 8, "surge_ft": 7.5, "flood_active": false, "exposure_score": 0.225, "exposure_category": "low"}, "geometry": {"type": "Polygon", "coordinates": [[[-81.9555412, 26.4532375], [-81.9554997, 26.4533451], [-81.9554893, 26.4533721], [-81.9556354, 26.4534213], [-81.9556809, 26.453316], [-81.9556408, 26.4532712], [-81.9555412, 26.4532375]]]}}, {"id": "403", "type": "Feature", "properties": {"id": "8beddd22-9e83-40d4-87af-b57deb8b1d82", "name": null, "subtype": null, "class": null, "height": 4.645598411560059, "num_floors": null, "surge_class": 6, "surge_ft": 5.5, "flood_active": false, "exposure_score": 0.165, "exposure_category": "low"}, "geometry": {"type": "Polygon", "coordinates": [[[-81.9556911, 26.453856], [-81.9557617, 26.4538874], [-81.9558399, 26.4537467], [-81.9558291, 26.453717], [-81.9556551, 26.4536308], [-81.9556414, 26.453653], [-81.9556754, 26.4537864], [-81.9556554, 26.4537905], [-81.9556626, 26.4538184], [-81.955671, 26.4538167], [-81.9556767, 26.4538391], [-81.9556863, 26.4538372], [-81.9556911, 26.453856]]]}}, {"id": "404", "type": "Feature", "properties": {"id": "f6c0fb63-6b31-4dc5-8cb5-5bbbeeaf931a", "name": null, "subtype": null, "class": null, "height": 3.6598682403564453, "num_floors": null, "surge_class": 6, "surge_ft": 5.5, "flood_active": false, "exposure_score": 0.165, "exposure_category": "low"}, "geometry": {"type": "Polygon", "coordinates": [[[-81.9558955, 26.4526374], [-81.9556903, 26.45258], [-81.9555874, 26.4528744], [-81.955652, 26.4528924], [-81.9556413, 26.4529231], [-81.9557893, 26.4529645], [-81.955844, 26.4528079], [-81.9558367, 26.4528059], [-81.9558955, 26.4526374]]]}}, {"id": "405", "type": "Feature", "properties": {"id": "63677d95-9350-46a0-aba4-a746b2ff06f4", "name": null, "subtype": null, "class": null, "height": 4.901700496673584, "num_floors": null, "surge_class": 6, "surge_ft": 5.5, "flood_active": false, "exposure_score": 0.165, "exposure_category": "low"}, "geometry": {"type": "Polygon", "coordinates": [[[-81.9557166, 26.4532901], [-81.9556644, 26.4534218], [-81.9557668, 26.4534543], [-81.955819, 26.4533226], [-81.9557166, 26.4532901]]]}}, {"id": "406", "type": "Feature", "properties": {"id": "6fce546a-06c7-4d39-82fb-8beb0526ee29", "name": null, "subtype": null, "class": null, "height": 6.270196437835693, "num_floors": null, "surge_class": 6, "surge_ft": 5.5, "flood_active": false, "exposure_score": 0.165, "exposure_category": "low"}, "geometry": {"type": "Polygon", "coordinates": [[[-81.9556644, 26.4530734], [-81.9556096, 26.4532257], [-81.9556971, 26.453251], [-81.9557025, 26.4532357], [-81.955824, 26.4532708], [-81.9558734, 26.4531338], [-81.9556644, 26.4530734]]]}}, {"id": "407", "type": "Feature", "properties": {"id": "651183b9-b37a-4410-9884-3d36aa9a0e98", "name": null, "subtype": null, "class": null, "height": 5.9754133224487305, "num_floors": null, "surge_class": 8, "surge_ft": 7.5, "flood_active": false, "exposure_score": 0.225, "exposure_category": "low"}, "geometry": {"type": "Polygon", "coordinates": [[[-81.95464, 26.4541506], [-81.9547365, 26.4541867], [-81.9548001, 26.4540505], [-81.9547036, 26.4540144], [-81.95464, 26.4541506]]]}}, {"id": "408", "type": "Feature", "properties": {"id": "2b47e14b-6e24-40a0-ad73-e4b1540920ef", "name": null, "subtype": null, "class": null, "height": null, "num_floors": null, "surge_class": 7, "surge_ft": 6.5, "flood_active": false, "exposure_score": 0.195, "exposure_category": "low"}, "geometry": {"type": "Polygon", "coordinates": [[[-81.954745, 26.453958], [-81.954729, 26.453853], [-81.954618, 26.453866], [-81.954634, 26.453971], [-81.954745, 26.453958]]]}}, {"id": "409", "type": "Feature", "properties": {"id": "035d3c60-f401-47e9-bfb1-30ae574d3739", "name": null, "subtype": null, "class": null, "height": null, "num_floors": null, "surge_class": 9, "surge_ft": 8.5, "flood_active": false, "exposure_score": 0.255, "exposure_category": "moderate"}, "geometry": {"type": "Polygon", "coordinates": [[[-81.9546614, 26.4538171], [-81.9545988, 26.4537409], [-81.9545417, 26.4537786], [-81.9546043, 26.4538547], [-81.9546614, 26.4538171]]]}}, {"id": "410", "type": "Feature", "properties": {"id": "44c28d50-82c9-491b-bb17-e98541eb4327", "name": null, "subtype": null, "class": null, "height": null, "num_floors": null, "surge_class": 6, "surge_ft": 5.5, "flood_active": false, "exposure_score": 0.165, "exposure_category": "low"}, "geometry": {"type": "Polygon", "coordinates": [[[-81.953894, 26.4538409], [-81.9541226, 26.453913], [-81.954206, 26.4537009], [-81.9549099, 26.4534537], [-81.9548336, 26.4532797], [-81.9543881, 26.4534361], [-81.9541, 26.4533453], [-81.9540944, 26.4526287], [-81.9538846, 26.45263], [-81.953894, 26.4538409]]]}}, {"id": "411", "type": "Feature", "properties": {"id": "4d030118-8c18-4aa6-aaf5-c73176fb34b0", "name": null, "subtype": null, "class": null, "height": 7.186721324920654, "num_floors": null, "surge_class": 8, "surge_ft": 7.5, "flood_active": false, "exposure_score": 0.225, "exposure_category": "low"}, "geometry": {"type": "Polygon", "coordinates": [[[-81.9542711, 26.4540942], [-81.9543848, 26.4541635], [-81.9545779, 26.4539098], [-81.9544528, 26.4538335], [-81.9543959, 26.4539083], [-81.9544405, 26.4539355], [-81.954362, 26.4540385], [-81.9543289, 26.4540183], [-81.9542711, 26.4540942]]]}}, {"id": "412", "type": "Feature", "properties": {"id": "c0d8de3c-66c6-44d7-88b4-669f6c4e0344", "name": null, "subtype": null, "class": null, "height": 6.3246917724609375, "num_floors": null, "surge_class": 9, "surge_ft": 8.5, "flood_active": false, "exposure_score": 0.255, "exposure_category": "moderate"}, "geometry": {"type": "Polygon", "coordinates": [[[-81.9544819, 26.4543687], [-81.9545266, 26.4543086], [-81.9544009, 26.4542338], [-81.9543386, 26.4541538], [-81.9543357, 26.4541556], [-81.9543101, 26.4541228], [-81.95425, 26.4541605], [-81.9543186, 26.4542482], [-81.9543107, 26.4542532], [-81.9543273, 26.4542745], [-81.954358, 26.4542941], [-81.9543962, 26.4543176], [-81.9544819, 26.4543687]]]}}, {"id": "413", "type": "Feature", "properties": {"id": "3da1e0f6-c76b-414e-b772-3587a4229cbc", "name": null, "subtype": null, "class": null, "height": null, "num_floors": null, "surge_class": 4, "surge_ft": 3.5, "flood_active": false, "exposure_score": 0.105, "exposure_category": "low"}, "geometry": {"type": "Polygon", "coordinates": [[[-81.9539062, 26.452355], [-81.9540916, 26.452412], [-81.9542403, 26.4520318], [-81.9540463, 26.4519735], [-81.9539062, 26.452355]]]}}, {"id": "414", "type": "Feature", "properties": {"id": "c654f397-d519-4924-bc04-2bbef452c8d1", "name": null, "subtype": null, "class": null, "height": 3.585669755935669, "num_floors": null, "surge_class": 7, "surge_ft": 6.5, "flood_active": false, "exposure_score": 0.195, "exposure_category": "low"}, "geometry": {"type": "Polygon", "coordinates": [[[-81.9535812, 26.4528973], [-81.9535559, 26.4528972], [-81.9535552, 26.4529716], [-81.9537227, 26.4529728], [-81.9537239, 26.4528408], [-81.9535817, 26.4528397], [-81.9535812, 26.4528973]]]}}, {"id": "415", "type": "Feature", "properties": {"id": "98a87ddf-e0f2-494d-839a-0c71108b2429", "name": null, "subtype": "commercial", "class": "commercial", "height": 5.471604347229004, "num_floors": null, "surge_class": 6, "surge_ft": 5.5, "flood_active": false, "exposure_score": 0.165, "exposure_category": "low"}, "geometry": {"type": "Polygon", "coordinates": [[[-81.9535228, 26.4526555], [-81.9536951, 26.4526546], [-81.953694, 26.4525013], [-81.9535217, 26.4525022], [-81.9535228, 26.4526555]]]}}, {"id": "416", "type": "Feature", "properties": {"id": "c55e4f4d-42af-4a3e-a4db-1a67060516f2", "name": null, "subtype": null, "class": null, "height": 3.440012216567993, "num_floors": 1, "surge_class": 6, "surge_ft": 5.5, "flood_active": false, "exposure_score": 0.165, "exposure_category": "low"}, "geometry": {"type": "Polygon", "coordinates": [[[-81.9535061, 26.4522252], [-81.9537017, 26.4522885], [-81.9537254, 26.4522289], [-81.9536938, 26.4522187], [-81.9537114, 26.4521747], [-81.953674, 26.4521626], [-81.953643, 26.4522402], [-81.9535912, 26.4522235], [-81.9536199, 26.4521509], [-81.9535799, 26.452138], [-81.9535453, 26.4521268], [-81.9535164, 26.4521993], [-81.9535061, 26.4522252]]]}}, {"id": "417", "type": "Feature", "properties": {"id": "e583f388-37bb-401e-a280-5879c4082ac1", "name": null, "subtype": "commercial", "class": "commercial", "height": null, "num_floors": 2, "surge_class": 6, "surge_ft": 5.5, "flood_active": false, "exposure_score": 0.165, "exposure_category": "low"}, "geometry": {"type": "Polygon", "coordinates": [[[-81.953622, 26.4519742], [-81.9536393, 26.4519798], [-81.9536352, 26.4519901], [-81.95371, 26.4520142], [-81.9537141, 26.4520039], [-81.9537026, 26.4520002], [-81.9537541, 26.4518707], [-81.9537656, 26.4518744], [-81.9537697, 26.451864], [-81.9536949, 26.4518399], [-81.9536908, 26.4518503], [-81.9536563, 26.4518391], [-81.9536604, 26.4518288], [-81.9536489, 26.451825], [-81.9536242, 26.4518872], [-81.9536357, 26.4518909], [-81.9536264, 26.4519142], [-81.9536091, 26.4519087], [-81.9535844, 26.4519708], [-81.9536189, 26.451982], [-81.953622, 26.4519742]]]}}, {"id": "418", "type": "Feature", "properties": {"id": "b1d100e7-6fc2-4e7c-b6af-1c1aa35a0a2c", "name": null, "subtype": null, "class": null, "height": null, "num_floors": null, "surge_class": 5, "surge_ft": 4.5, "flood_active": false, "exposure_score": 0.135, "exposure_category": "low"}, "geometry": {"type": "Polygon", "coordinates": [[[-81.9535585, 26.4517732], [-81.9534851, 26.4517461], [-81.9534596, 26.4518016], [-81.953533, 26.4518286], [-81.9535585, 26.4517732]]]}}, {"id": "419", "type": "Feature", "properties": {"id": "c7e50e73-fcaf-4f4e-9cc9-3bc67474ee3e", "name": null, "subtype": null, "class": null, "height": null, "num_floors": null, "surge_class": 6, "surge_ft": 5.5, "flood_active": false, "exposure_score": 0.165, "exposure_category": "low"}, "geometry": {"type": "Polygon", "coordinates": [[[-81.9535845, 26.4519775], [-81.9535819, 26.4519103], [-81.953524, 26.4519122], [-81.9535266, 26.4519793], [-81.9535845, 26.4519775]]]}}, {"id": "420", "type": "Feature", "properties": {"id": "aab03abe-281a-48a9-90dc-ed37568efb8f", "name": null, "subtype": null, "class": null, "height": null, "num_floors": null, "surge_class": 6, "surge_ft": 5.5, "flood_active": false, "exposure_score": 0.165, "exposure_category": "low"}, "geometry": {"type": "Polygon", "coordinates": [[[-81.9536375, 26.4527856], [-81.953726, 26.4527838], [-81.953724, 26.4527046], [-81.9536329, 26.4527064], [-81.9536326, 26.4526944], [-81.9535135, 26.4526968], [-81.9535146, 26.45274], [-81.9534889, 26.4527405], [-81.9534901, 26.4527885], [-81.9536375, 26.4527856]]]}}, {"id": "421", "type": "Feature", "properties": {"id": "62c849e7-7aa2-4dc4-8f5e-7a2115df7cfd", "name": null, "subtype": null, "class": null, "height": 6.400876998901367, "num_floors": null, "surge_class": 9, "surge_ft": 8.5, "flood_active": false, "exposure_score": 0.255, "exposure_category": "moderate"}, "geometry": {"type": "Polygon", "coordinates": [[[-81.953428, 26.453238], [-81.953425, 26.453349], [-81.95363, 26.453354], [-81.953632, 26.453292], [-81.953653, 26.453293], [-81.953655, 26.453218], [-81.953583, 26.453217], [-81.953582, 26.453241], [-81.953428, 26.453238]]]}}, {"id": "422", "type": "Feature", "properties": {"id": "a83b73a2-feec-4996-a818-597d7cf69e4d", "name": null, "subtype": null, "class": null, "height": null, "num_floors": null, "surge_class": 8, "surge_ft": 7.5, "flood_active": false, "exposure_score": 0.225, "exposure_category": "low"}, "geometry": {"type": "Polygon", "coordinates": [[[-81.953522, 26.4534587], [-81.9536133, 26.4534584], [-81.9536129, 26.453376], [-81.9535216, 26.4533763], [-81.953522, 26.4534587]]]}}, {"id": "423", "type": "Feature", "properties": {"id": "616f23c8-ffca-494f-8d96-1b7596cb0389", "name": null, "subtype": null, "class": null, "height": 3.53235125541687, "num_floors": null, "surge_class": 9, "surge_ft": 8.5, "flood_active": false, "exposure_score": 0.255, "exposure_category": "moderate"}, "geometry": {"type": "Polygon", "coordinates": [[[-81.9534431, 26.4537504], [-81.9537189, 26.453746], [-81.9537175, 26.4536719], [-81.9534416, 26.4536763], [-81.9534431, 26.4537504]]]}}, {"id": "424", "type": "Feature", "properties": {"id": "d72cc475-cb57-4a47-badc-e1ad8fb7f34c", "name": null, "subtype": null, "class": null, "height": 6.496896266937256, "num_floors": null, "surge_class": 9, "surge_ft": 8.5, "flood_active": false, "exposure_score": 0.255, "exposure_category": "moderate"}, "geometry": {"type": "Polygon", "coordinates": [[[-81.953471, 26.453795], [-81.953469, 26.453897], [-81.953647, 26.4539], [-81.953649, 26.453798], [-81.953471, 26.453795]]]}}, {"id": "425", "type": "Feature", "properties": {"id": "0691a733-d925-423f-af75-1211d1f2ba68", "name": null, "subtype": null, "class": null, "height": 6.94504451751709, "num_floors": null, "surge_class": 9, "surge_ft": 8.5, "flood_active": false, "exposure_score": 0.255, "exposure_category": "moderate"}, "geometry": {"type": "Polygon", "coordinates": [[[-81.953469, 26.453929], [-81.95347, 26.454039], [-81.953664, 26.454037], [-81.953662, 26.453927], [-81.953469, 26.453929]]]}}, {"id": "426", "type": "Feature", "properties": {"id": "c9a4b3b9-17ae-4d1c-95ed-a1c3c8f709bf", "name": null, "subtype": null, "class": null, "height": 3.3611743450164795, "num_floors": null, "surge_class": 9, "surge_ft": 8.5, "flood_active": false, "exposure_score": 0.255, "exposure_category": "moderate"}, "geometry": {"type": "Polygon", "coordinates": [[[-81.9536156, 26.4535666], [-81.9537011, 26.4535652], [-81.9536997, 26.4534984], [-81.9536145, 26.4534998], [-81.9536143, 26.4534942], [-81.9534356, 26.453497], [-81.953436, 26.4535127], [-81.9534056, 26.4535132], [-81.9534073, 26.4535963], [-81.953501, 26.4535948], [-81.9535006, 26.4535768], [-81.9536158, 26.453575], [-81.9536156, 26.4535666]]]}}, {"id": "427", "type": "Feature", "properties": {"id": "356e5579-a612-4f6b-9db5-a0f2d0b07c94", "name": null, "subtype": null, "class": null, "height": null, "num_floors": null, "surge_class": 7, "surge_ft": 6.5, "flood_active": false, "exposure_score": 0.195, "exposure_category": "low"}, "geometry": {"type": "Polygon", "coordinates": [[[-81.9535019, 26.4528726], [-81.9533936, 26.4528706], [-81.9533912, 26.4529727], [-81.9534996, 26.4529747], [-81.9535019, 26.4528726]]]}}, {"id": "428", "type": "Feature", "properties": {"id": "ff323953-1153-473d-8a45-e3681da9cde9", "name": null, "subtype": null, "class": null, "height": null, "num_floors": null, "surge_class": 9, "surge_ft": 8.5, "flood_active": false, "exposure_score": 0.255, "exposure_category": "moderate"}, "geometry": {"type": "Polygon", "coordinates": [[[-81.9533891, 26.4534688], [-81.9535012, 26.4534682], [-81.9535005, 26.4533625], [-81.9533884, 26.4533631], [-81.9533891, 26.4534688]]]}}, {"id": "429", "type": "Feature", "properties": {"id": "0ab8c374-1f5f-464b-b446-b43f7d7fc1df", "name": null, "subtype": null, "class": null, "height": null, "num_floors": null, "surge_class": 5, "surge_ft": 4.5, "flood_active": false, "exposure_score": 0.135, "exposure_category": "low"}, "geometry": {"type": "Polygon", "coordinates": [[[-81.9534047, 26.4520671], [-81.9534278, 26.4519937], [-81.9533135, 26.4519648], [-81.9532904, 26.4520382], [-81.9534047, 26.4520671]]]}}, {"id": "430", "type": "Feature", "properties": {"id": "7693ece3-5f09-4d2d-9020-c87a080a4997", "name": null, "subtype": null, "class": null, "height": null, "num_floors": null, "surge_class": 6, "surge_ft": 5.5, "flood_active": false, "exposure_score": 0.165, "exposure_category": "low"}, "geometry": {"type": "Polygon", "coordinates": [[[-81.9534496, 26.4517932], [-81.9534693, 26.4517402], [-81.9533936, 26.4517176], [-81.9533739, 26.4517706], [-81.9534496, 26.4517932]]]}}, {"id": "431", "type": "Feature", "properties": {"id": "183d160f-dac4-41f3-b073-abe661886f25", "name": null, "subtype": null, "class": null, "height": null, "num_floors": null, "surge_class": 5, "surge_ft": 4.5, "flood_active": false, "exposure_score": 0.135, "exposure_category": "low"}, "geometry": {"type": "Polygon", "coordinates": [[[-81.9533996, 26.4519153], [-81.9533911, 26.4519433], [-81.953461, 26.4519604], [-81.9534838, 26.4518854], [-81.9533315, 26.4518483], [-81.9533172, 26.4518952], [-81.9533996, 26.4519153]]]}}, {"id": "432", "type": "Feature", "properties": {"id": "8fa537a5-c65a-430d-8eb9-d76e9b285f4c", "name": null, "subtype": null, "class": null, "height": null, "num_floors": null, "surge_class": 8, "surge_ft": 7.5, "flood_active": false, "exposure_score": 0.225, "exposure_category": "low"}, "geometry": {"type": "Polygon", "coordinates": [[[-81.9530423, 26.4527451], [-81.9530118, 26.4528272], [-81.9530577, 26.4528409], [-81.9530882, 26.4527587], [-81.9530423, 26.4527451]]]}}, {"id": "433", "type": "Feature", "properties": {"id": "93fe4019-5158-4469-a6a3-7f6cdf751f20", "name": "Surf Club", "subtype": "commercial", "class": "commercial", "height": null, "num_floors": null, "surge_class": 7, "surge_ft": 6.5, "flood_active": false, "exposure_score": 0.195, "exposure_category": "low"}, "geometry": {"type": "Polygon", "coordinates": [[[-81.9531694, 26.4525193], [-81.9532252, 26.4525184], [-81.9532203, 26.4522795], [-81.9531216, 26.4522811], [-81.9531262, 26.4525056], [-81.9531691, 26.4525049], [-81.9531694, 26.4525193]]]}}, {"id": "434", "type": "Feature", "properties": {"id": "3e682c47-4760-457b-b65d-aed5d62b1cb2", "name": null, "subtype": null, "class": null, "height": null, "num_floors": null, "surge_class": 6, "surge_ft": 5.5, "flood_active": false, "exposure_score": 0.165, "exposure_category": "low"}, "geometry": {"type": "Polygon", "coordinates": [[[-81.9529826, 26.4525368], [-81.9529236, 26.4525359], [-81.9529226, 26.4525863], [-81.9529816, 26.4525872], [-81.9529826, 26.4525368]]]}}, {"id": "435", "type": "Feature", "properties": {"id": "d2600588-d27e-4f04-a7ef-d720d54f54bd", "name": null, "subtype": null, "class": null, "height": 3.470407485961914, "num_floors": null, "surge_class": 6, "surge_ft": 5.5, "flood_active": false, "exposure_score": 0.165, "exposure_category": "low"}, "geometry": {"type": "Polygon", "coordinates": [[[-81.9530844, 26.4526518], [-81.9530899, 26.452312], [-81.952988, 26.4523107], [-81.9529841, 26.4525544], [-81.9530162, 26.4525548], [-81.9530147, 26.4526509], [-81.9530844, 26.4526518]]]}}, {"id": "436", "type": "Feature", "properties": {"id": "4cfe217c-835d-40db-a8d2-b4f1a78d3ea4", "name": null, "subtype": null, "class": null, "height": 4.492136001586914, "num_floors": null, "surge_class": 9, "surge_ft": 8.5, "flood_active": false, "exposure_score": 0.255, "exposure_category": "moderate"}, "geometry": {"type": "Polygon", "coordinates": [[[-81.9530607, 26.4531227], [-81.9529053, 26.4531264], [-81.9529077, 26.453208], [-81.9530631, 26.4532043], [-81.9530607, 26.4531227]]]}}, {"id": "437", "type": "Feature", "properties": {"id": "1d9b9a56-7a97-4abe-bbc0-5f9975853cb1", "name": null, "subtype": null, "class": null, "height": 3.5019607543945312, "num_floors": null, "surge_class": 9, "surge_ft": 8.5, "flood_active": false, "exposure_score": 0.255, "exposure_category": "moderate"}, "geometry": {"type": "Polygon", "coordinates": [[[-81.9529465, 26.4532684], [-81.9529474, 26.45335], [-81.9531083, 26.4533485], [-81.9531074, 26.4532669], [-81.9529465, 26.4532684]]]}}, {"id": "438", "type": "Feature", "properties": {"id": "e7fb8df6-ee22-42a4-9161-5af66fa798b9", "name": null, "subtype": null, "class": null, "height": null, "num_floors": null, "surge_class": 9, "surge_ft": 8.5, "flood_active": false, "exposure_score": 0.255, "exposure_category": "moderate"}, "geometry": {"type": "Polygon", "coordinates": [[[-81.9530479, 26.4530397], [-81.9530489, 26.4530649], [-81.9531147, 26.4530629], [-81.9531112, 26.4529717], [-81.9529504, 26.4529767], [-81.952953, 26.4530427], [-81.9530479, 26.4530397]]]}}, {"id": "439", "type": "Feature", "properties": {"id": "471e67fe-5fa5-4323-8395-590321c3344b", "name": null, "subtype": null, "class": null, "height": 4.687371253967285, "num_floors": null, "surge_class": 9, "surge_ft": 8.5, "flood_active": false, "exposure_score": 0.255, "exposure_category": "moderate"}, "geometry": {"type": "Polygon", "coordinates": [[[-81.952937, 26.453401], [-81.952939, 26.453487], [-81.953118, 26.453485], [-81.953117, 26.453399], [-81.952937, 26.453401]]]}}, {"id": "440", "type": "Feature", "properties": {"id": "5f126a1f-cfbc-45c1-a072-0f79ed1d997c", "name": null, "subtype": null, "class": null, "height": 3.188831329345703, "num_floors": null, "surge_class": 8, "surge_ft": 7.5, "flood_active": false, "exposure_score": 0.225, "exposure_category": "low"}, "geometry": {"type": "Polygon", "coordinates": [[[-81.952927, 26.45418], [-81.953041, 26.454176], [-81.953036, 26.454079], [-81.952923, 26.454083], [-81.952927, 26.45418]]]}}, {"id": "441", "type": "Feature", "properties": {"id": "522d0ebc-6f44-45a8-9207-0bc2bf99cc67", "name": null, "subtype": null, "class": null, "height": 4.339207172393799, "num_floors": null, "surge_class": 9, "surge_ft": 8.5, "flood_active": false, "exposure_score": 0.255, "exposure_category": "moderate"}, "geometry": {"type": "Polygon", "coordinates": [[[-81.952928, 26.453607], [-81.953078, 26.453602], [-81.953075, 26.45353], [-81.952925, 26.453535], [-81.952928, 26.453607]]]}}, {"id": "442", "type": "Feature", "properties": {"id": "3584443a-c161-4eaf-9fbe-8e0da2304c19", "name": null, "subtype": null, "class": null, "height": 3.6272904872894287, "num_floors": null, "surge_class": 9, "surge_ft": 8.5, "flood_active": false, "exposure_score": 0.255, "exposure_category": "moderate"}, "geometry": {"type": "Polygon", "coordinates": [[[-81.95307, 26.453763], [-81.953069, 26.453667], [-81.952839, 26.45367], [-81.95284, 26.453734], [-81.952925, 26.453733], [-81.952925, 26.453765], [-81.95307, 26.453763]]]}}, {"id": "443", "type": "Feature", "properties": {"id": "4ee50b79-4e78-4d29-8e52-d7da0902733d", "name": null, "subtype": null, "class": null, "height": null, "num_floors": null, "surge_class": 9, "surge_ft": 8.5, "flood_active": false, "exposure_score": 0.255, "exposure_category": "moderate"}, "geometry": {"type": "Polygon", "coordinates": [[[-81.953043, 26.453824], [-81.952897, 26.453827], [-81.952899, 26.453906], [-81.953045, 26.453903], [-81.953043, 26.453824]]]}}, {"id": "444", "type": "Feature", "properties": {"id": "997597c9-0483-4b18-8093-b27806ec3720", "name": null, "subtype": null, "class": null, "height": 3.135671377182007, "num_floors": null, "surge_class": 7, "surge_ft": 6.5, "flood_active": false, "exposure_score": 0.195, "exposure_category": "low"}, "geometry": {"type": "Polygon", "coordinates": [[[-81.952861, 26.454032], [-81.953024, 26.454038], [-81.953027, 26.453963], [-81.952864, 26.453957], [-81.952861, 26.454032]]]}}, {"id": "445", "type": "Feature", "properties": {"id": "5ad4a310-b547-4ed4-802a-489aa67b97b4", "name": null, "subtype": null, "class": null, "height": null, "num_floors": null, "surge_class": 9, "surge_ft": 8.5, "flood_active": false, "exposure_score": 0.255, "exposure_category": "moderate"}, "geometry": {"type": "Polygon", "coordinates": [[[-81.9530048, 26.4529222], [-81.9530062, 26.452861], [-81.9529284, 26.4528596], [-81.952927, 26.4529208], [-81.9530048, 26.4529222]]]}}, {"id": "446", "type": "Feature", "properties": {"id": "c6dde67d-1275-4c90-b5b8-987aa193c46e", "name": null, "subtype": null, "class": null, "height": null, "num_floors": null, "surge_class": 8, "surge_ft": 7.5, "flood_active": false, "exposure_score": 0.225, "exposure_category": "low"}, "geometry": {"type": "Polygon", "coordinates": [[[-81.9528884, 26.4527782], [-81.9527876, 26.4527956], [-81.9527965, 26.4528372], [-81.9528974, 26.4528199], [-81.9528884, 26.4527782]]]}}, {"id": "447", "type": "Feature", "properties": {"id": "656f6b90-7780-4e23-999d-0abdab469489", "name": null, "subtype": null, "class": null, "height": null, "num_floors": null, "surge_class": 9, "surge_ft": 8.5, "flood_active": false, "exposure_score": 0.255, "exposure_category": "moderate"}, "geometry": {"type": "Polygon", "coordinates": [[[-81.9528509, 26.4529208], [-81.9529246, 26.4528667], [-81.9528917, 26.4528308], [-81.952818, 26.452885], [-81.9528509, 26.4529208]]]}}, {"id": "448", "type": "Feature", "properties": {"id": "79473156-7777-41a2-ae37-17a56a0f29f2", "name": null, "subtype": null, "class": null, "height": null, "num_floors": null, "surge_class": 8, "surge_ft": 7.5, "flood_active": false, "exposure_score": 0.225, "exposure_category": "low"}, "geometry": {"type": "Polygon", "coordinates": [[[-81.9527833, 26.45277], [-81.9528835, 26.4527581], [-81.9528768, 26.4527133], [-81.9527767, 26.4527251], [-81.9527833, 26.45277]]]}}, {"id": "449", "type": "Feature", "properties": {"id": "daa74f74-d419-4d76-ae44-64a2a7675d19", "name": null, "subtype": null, "class": null, "height": null, "num_floors": null, "surge_class": 7, "surge_ft": 6.5, "flood_active": false, "exposure_score": 0.195, "exposure_category": "low"}, "geometry": {"type": "Polygon", "coordinates": [[[-81.9527569, 26.4526253], [-81.9527588, 26.4526876], [-81.9528553, 26.4526853], [-81.9528534, 26.4526229], [-81.9527569, 26.4526253]]]}}, {"id": "450", "type": "Feature", "properties": {"id": "72d13d5f-b514-47be-b555-e255d585cc20", "name": null, "subtype": null, "class": null, "height": null, "num_floors": null, "surge_class": 7, "surge_ft": 6.5, "flood_active": false, "exposure_score": 0.195, "exposure_category": "low"}, "geometry": {"type": "Polygon", "coordinates": [[[-81.952756, 26.4525427], [-81.9527586, 26.452605], [-81.9528347, 26.4526025], [-81.9528321, 26.4525401], [-81.952756, 26.4525427]]]}}, {"id": "451", "type": "Feature", "properties": {"id": "90688dff-06d1-4bec-9831-4d85d6035c17", "name": null, "subtype": null, "class": null, "height": null, "num_floors": null, "surge_class": 6, "surge_ft": 5.5, "flood_active": false, "exposure_score": 0.165, "exposure_category": "low"}, "geometry": {"type": "Polygon", "coordinates": [[[-81.9527509, 26.4521761], [-81.9527548, 26.4522649], [-81.9528469, 26.4522616], [-81.952843, 26.4521729], [-81.9527509, 26.4521761]]]}}, {"id": "452", "type": "Feature", "properties": {"id": "3f2d2ca3-24d0-441e-ada5-44909be8dce7", "name": null, "subtype": null, "class": null, "height": null, "num_floors": null, "surge_class": 7, "surge_ft": 6.5, "flood_active": false, "exposure_score": 0.195, "exposure_category": "low"}, "geometry": {"type": "Polygon", "coordinates": [[[-81.9528505, 26.4522976], [-81.9527513, 26.4522961], [-81.9527505, 26.4523394], [-81.9528497, 26.4523408], [-81.9528505, 26.4522976]]]}}, {"id": "453", "type": "Feature", "properties": {"id": "cbe78d4e-f595-4fda-a467-c432d380ed8a", "name": null, "subtype": null, "class": null, "height": null, "num_floors": null, "surge_class": 7, "surge_ft": 6.5, "flood_active": false, "exposure_score": 0.195, "exposure_category": "low"}, "geometry": {"type": "Polygon", "coordinates": [[[-81.9527539, 26.4523755], [-81.9527556, 26.4524211], [-81.9528521, 26.4524181], [-81.9528504, 26.4523726], [-81.9527539, 26.4523755]]]}}, {"id": "454", "type": "Feature", "properties": {"id": "51e0993b-4100-4b06-93a1-9a0de5357578", "name": null, "subtype": null, "class": null, "height": null, "num_floors": null, "surge_class": 7, "surge_ft": 6.5, "flood_active": false, "exposure_score": 0.195, "exposure_category": "low"}, "geometry": {"type": "Polygon", "coordinates": [[[-81.9527561, 26.452484], [-81.9527574, 26.4525296], [-81.9528539, 26.4525273], [-81.9528526, 26.4524817], [-81.9527561, 26.452484]]]}}, {"id": "455", "type": "Feature", "properties": {"id": "5e646f4b-0949-4010-b848-55089a3e08bf", "name": null, "subtype": null, "class": null, "height": 3.4023149013519287, "num_floors": null, "surge_class": 7, "surge_ft": 6.5, "flood_active": false, "exposure_score": 0.195, "exposure_category": "low"}, "geometry": {"type": "Polygon", "coordinates": [[[-81.9528337, 26.4515944], [-81.9528621, 26.4515175], [-81.9526991, 26.4514694], [-81.9526708, 26.4515463], [-81.9528337, 26.4515944]]]}}, {"id": "456", "type": "Feature", "properties": {"id": "59bd5410-60b2-46f2-a720-5079358422f4", "name": null, "subtype": null, "class": null, "height": 4.072855472564697, "num_floors": null, "surge_class": 5, "surge_ft": 4.5, "flood_active": false, "exposure_score": 0.135, "exposure_category": "low"}, "geometry": {"type": "Polygon", "coordinates": [[[-81.9528834, 26.4514567], [-81.9529323, 26.4513114], [-81.9526175, 26.4512265], [-81.952562, 26.4513917], [-81.9524587, 26.4513638], [-81.9524646, 26.4513462], [-81.9524228, 26.4513349], [-81.9523876, 26.4514395], [-81.9524211, 26.4514486], [-81.9524104, 26.4514805], [-81.952494, 26.451503], [-81.9525185, 26.4514304], [-81.9525784, 26.4514465], [-81.9525999, 26.4513827], [-81.9526589, 26.4513986], [-81.9526226, 26.4515065], [-81.9526743, 26.4515204], [-81.9527113, 26.4514103], [-81.9528834, 26.4514567]]]}}, {"id": "457", "type": "Feature", "properties": {"id": "8b5c2666-b448-417f-b35f-a2d148b3660b", "name": null, "subtype": null, "class": null, "height": null, "num_floors": null, "surge_class": 5, "surge_ft": 4.5, "flood_active": false, "exposure_score": 0.135, "exposure_category": "low"}, "geometry": {"type": "Polygon", "coordinates": [[[-81.9526681, 26.4518008], [-81.9527208, 26.4516289], [-81.9526335, 26.4516074], [-81.9525469, 26.4518899], [-81.9527066, 26.4519291], [-81.9527288, 26.4518566], [-81.9526889, 26.4518468], [-81.9527005, 26.4518088], [-81.9526681, 26.4518008]]]}}, {"id": "458", "type": "Feature", "properties": {"id": "cb61a041-6ce6-4d07-892d-648cd5ea9b90", "name": null, "subtype": null, "class": null, "height": 3.8195812702178955, "num_floors": null, "surge_class": 8, "surge_ft": 7.5, "flood_active": false, "exposure_score": 0.225, "exposure_category": "low"}, "geometry": {"type": "Polygon", "coordinates": [[[-81.952642, 26.453093], [-81.95264, 26.453023], [-81.952494, 26.453025], [-81.952496, 26.453096], [-81.952642, 26.453093]]]}}, {"id": "459", "type": "Feature", "properties": {"id": "e02269b4-4a80-4850-bb18-23a29a1e1ce2", "name": null, "subtype": null, "class": null, "height": 3.9983177185058594, "num_floors": null, "surge_class": 7, "surge_ft": 6.5, "flood_active": false, "exposure_score": 0.195, "exposure_category": "low"}, "geometry": {"type": "Polygon", "coordinates": [[[-81.952452, 26.453707], [-81.952454, 26.453801], [-81.952654, 26.453797], [-81.952651, 26.453703], [-81.952452, 26.453707]]]}}, {"id": "460", "type": "Feature", "properties": {"id": "a53987b4-5e13-479d-aee0-bd1b0f5813ab", "name": null, "subtype": null, "class": null, "height": 3.3056488037109375, "num_floors": null, "surge_class": 8, "surge_ft": 7.5, "flood_active": false, "exposure_score": 0.225, "exposure_category": "low"}, "geometry": {"type": "Polygon", "coordinates": [[[-81.952649, 26.453609], [-81.952653, 26.453422], [-81.952498, 26.453419], [-81.952495, 26.453512], [-81.952563, 26.453513], [-81.95256, 26.453607], [-81.952649, 26.453609]]]}}, {"id": "461", "type": "Feature", "properties": {"id": "690da1de-8aa4-4145-8c63-e6f7490db657", "name": null, "subtype": null, "class": null, "height": 3.1001410484313965, "num_floors": null, "surge_class": 7, "surge_ft": 6.5, "flood_active": false, "exposure_score": 0.195, "exposure_category": "low"}, "geometry": {"type": "Polygon", "coordinates": [[[-81.952519, 26.454193], [-81.952519, 26.454227], [-81.952636, 26.454225], [-81.952633, 26.454101], [-81.952471, 26.454104], [-81.952473, 26.454194], [-81.952519, 26.454193]]]}}, {"id": "462", "type": "Feature", "properties": {"id": "4818db2c-b790-4f20-9231-a35d796b85ce", "name": null, "subtype": null, "class": null, "height": 3.651610851287842, "num_floors": null, "surge_class": 7, "surge_ft": 6.5, "flood_active": false, "exposure_score": 0.195, "exposure_category": "low"}, "geometry": {"type": "Polygon", "coordinates": [[[-81.952636, 26.454073], [-81.952634, 26.453967], [-81.952444, 26.45397], [-81.952445, 26.454075], [-81.952636, 26.454073]]]}}, {"id": "463", "type": "Feature", "properties": {"id": "927272ff-1214-4bfe-8fb2-f6fea0cf4ca4", "name": null, "subtype": null, "class": null, "height": 4.079739093780518, "num_floors": null, "surge_class": 7, "surge_ft": 6.5, "flood_active": false, "exposure_score": 0.195, "exposure_category": "low"}, "geometry": {"type": "Polygon", "coordinates": [[[-81.95258, 26.453825], [-81.952455, 26.453827], [-81.952457, 26.453891], [-81.952487, 26.45389], [-81.952489, 26.453939], [-81.952583, 26.453937], [-81.95258, 26.453825]]]}}, {"id": "464", "type": "Feature", "properties": {"id": "0d347796-4ef0-49f6-96ac-c8ef3240f0b0", "name": null, "subtype": null, "class": null, "height": 4.185943126678467, "num_floors": null, "surge_class": 8, "surge_ft": 7.5, "flood_active": false, "exposure_score": 0.225, "exposure_category": "low"}, "geometry": {"type": "Polygon", "coordinates": [[[-81.952438, 26.453281], [-81.952439, 26.453389], [-81.952635, 26.453386], [-81.952634, 26.453278], [-81.952438, 26.453281]]]}}, {"id": "465", "type": "Feature", "properties": {"id": "0c5753e4-a4c6-44f6-a75e-a13737ecf36a", "name": null, "subtype": null, "class": null, "height": 4.332256317138672, "num_floors": null, "surge_class": 8, "surge_ft": 7.5, "flood_active": false, "exposure_score": 0.225, "exposure_category": "low"}, "geometry": {"type": "Polygon", "coordinates": [[[-81.952436, 26.453252], [-81.952634, 26.453249], [-81.952632, 26.453139], [-81.952434, 26.453142], [-81.952436, 26.453252]]]}}, {"id": "466", "type": "Feature", "properties": {"id": "732766df-2c34-412c-b9fe-355f4f4864aa", "name": null, "subtype": null, "class": null, "height": 4.644318103790283, "num_floors": null, "surge_class": 8, "surge_ft": 7.5, "flood_active": false, "exposure_score": 0.225, "exposure_category": "low"}, "geometry": {"type": "Polygon", "coordinates": [[[-81.952459, 26.452736], [-81.952461, 26.45284], [-81.952618, 26.452837], [-81.952616, 26.452733], [-81.952459, 26.452736]]]}}, {"id": "467", "type": "Feature", "properties": {"id": "5dbc8d21-4869-4178-a2af-d059ad4e757c", "name": null, "subtype": null, "class": null, "height": 4.0873332023620605, "num_floors": null, "surge_class": 9, "surge_ft": 8.5, "flood_active": false, "exposure_score": 0.255, "exposure_category": "moderate"}, "geometry": {"type": "Polygon", "coordinates": [[[-81.9524276, 26.4529542], [-81.9525617, 26.4529561], [-81.9525629, 26.4528841], [-81.9524288, 26.4528822], [-81.9524276, 26.4529542]]]}}, {"id": "468", "type": "Feature", "properties": {"id": "76741394-27c4-4230-af04-f316162737bf", "name": null, "subtype": null, "class": null, "height": 3.9664666652679443, "num_floors": null, "surge_class": 7, "surge_ft": 6.5, "flood_active": false, "exposure_score": 0.195, "exposure_category": "low"}, "geometry": {"type": "Polygon", "coordinates": [[[-81.952579, 26.452627], [-81.952563, 26.452628], [-81.95256, 26.452589], [-81.9524, 26.452599], [-81.952408, 26.452704], [-81.952584, 26.452693], [-81.952579, 26.452627]]]}}, {"id": "469", "type": "Feature", "properties": {"id": "220c591d-8bc9-4943-9c79-2ab2f1bfa7c6", "name": null, "subtype": null, "class": null, "height": null, "num_floors": null, "surge_class": 7, "surge_ft": 6.5, "flood_active": false, "exposure_score": 0.195, "exposure_category": "low"}, "geometry": {"type": "Polygon", "coordinates": [[[-81.9525494, 26.4525245], [-81.9525479, 26.4524861], [-81.9525854, 26.452485], [-81.9525834, 26.4524334], [-81.952503, 26.4524359], [-81.9525065, 26.4525258], [-81.9525494, 26.4525245]]]}}, {"id": "470", "type": "Feature", "properties": {"id": "81b26802-9e00-4a96-b2b4-5183a10ceffb", "name": null, "subtype": null, "class": null, "height": 3.6125328540802, "num_floors": null, "surge_class": 7, "surge_ft": 6.5, "flood_active": false, "exposure_score": 0.195, "exposure_category": "low"}, "geometry": {"type": "Polygon", "coordinates": [[[-81.9526105, 26.4523215], [-81.9526497, 26.4521423], [-81.9526032, 26.4521341], [-81.9525969, 26.452163], [-81.9525272, 26.4521508], [-81.952517, 26.452197], [-81.9524954, 26.4521932], [-81.9524812, 26.4522579], [-81.9525364, 26.4522677], [-81.9525278, 26.452307], [-81.9526105, 26.4523215]]]}}, {"id": "471", "type": "Feature", "properties": {"id": "51e1a530-e50d-4719-b0e1-66d74cacdf0b", "name": null, "subtype": null, "class": null, "height": null, "num_floors": null, "surge_class": 7, "surge_ft": 6.5, "flood_active": false, "exposure_score": 0.195, "exposure_category": "low"}, "geometry": {"type": "Polygon", "coordinates": [[[-81.9525535, 26.4524852], [-81.9525525, 26.4525488], [-81.9526732, 26.4525503], [-81.9526741, 26.4524867], [-81.9525535, 26.4524852]]]}}, {"id": "472", "type": "Feature", "properties": {"id": "7393e56d-daf0-4505-9660-b97c7a0be2d2", "name": null, "subtype": null, "class": null, "height": null, "num_floors": null, "surge_class": 6, "surge_ft": 5.5, "flood_active": false, "exposure_score": 0.165, "exposure_category": "low"}, "geometry": {"type": "Polygon", "coordinates": [[[-81.9514289, 26.4517342], [-81.9514065, 26.4517988], [-81.9514789, 26.451819], [-81.9515013, 26.4517543], [-81.9514289, 26.4517342]]]}}, {"id": "473", "type": "Feature", "properties": {"id": "bc2423ff-9f89-45a1-b0a8-47477a761865", "name": null, "subtype": null, "class": null, "height": 4.731520652770996, "num_floors": null, "surge_class": 8, "surge_ft": 7.5, "flood_active": false, "exposure_score": 0.225, "exposure_category": "low"}, "geometry": {"type": "Polygon", "coordinates": [[[-81.951451, 26.452239], [-81.951409, 26.452387], [-81.951508, 26.452409], [-81.95155, 26.452262], [-81.951451, 26.452239]]]}}, {"id": "474", "type": "Feature", "properties": {"id": "66bb0550-2978-4c61-ad7b-22fb0ba1078b", "name": null, "subtype": null, "class": null, "height": null, "num_floors": null, "surge_class": 8, "surge_ft": 7.5, "flood_active": false, "exposure_score": 0.225, "exposure_category": "low"}, "geometry": {"type": "Polygon", "coordinates": [[[-81.951533, 26.453316], [-81.951455, 26.453315], [-81.951453, 26.45342], [-81.951531, 26.453421], [-81.951533, 26.453316]]]}}, {"id": "475", "type": "Feature", "properties": {"id": "651f0dd5-8c75-4a66-8196-e352acad472b", "name": null, "subtype": null, "class": null, "height": 3.9769484996795654, "num_floors": null, "surge_class": 8, "surge_ft": 7.5, "flood_active": false, "exposure_score": 0.225, "exposure_category": "low"}, "geometry": {"type": "Polygon", "coordinates": [[[-81.951396, 26.452878], [-81.951367, 26.452948], [-81.951505, 26.452993], [-81.951534, 26.452923], [-81.951396, 26.452878]]]}}, {"id": "476", "type": "Feature", "properties": {"id": "038d5f02-b4e1-4398-ac88-60433c227d88", "name": null, "subtype": null, "class": null, "height": null, "num_floors": null, "surge_class": 7, "surge_ft": 6.5, "flood_active": false, "exposure_score": 0.195, "exposure_category": "low"}, "geometry": {"type": "Polygon", "coordinates": [[[-81.951334, 26.453566], [-81.951332, 26.453652], [-81.951509, 26.453656], [-81.951511, 26.453569], [-81.951334, 26.453566]]]}}, {"id": "477", "type": "Feature", "properties": {"id": "93b78505-81b4-46bb-87ea-b5f4fda1744d", "name": null, "subtype": null, "class": null, "height": 3.326291084289551, "num_floors": null, "surge_class": 7, "surge_ft": 6.5, "flood_active": false, "exposure_score": 0.195, "exposure_category": "low"}, "geometry": {"type": "Polygon", "coordinates": [[[-81.951505, 26.454208], [-81.951503, 26.454109], [-81.951296, 26.454113], [-81.951299, 26.454212], [-81.951505, 26.454208]]]}}, {"id": "478", "type": "Feature", "properties": {"id": "ee686cd1-0e1a-464e-a107-0783599ee3be", "name": null, "subtype": null, "class": null, "height": 3.052220344543457, "num_floors": null, "surge_class": 7, "surge_ft": 6.5, "flood_active": false, "exposure_score": 0.195, "exposure_category": "low"}, "geometry": {"type": "Polygon", "coordinates": [[[-81.951335, 26.453846], [-81.951334, 26.453937], [-81.9515, 26.453939], [-81.951501, 26.453848], [-81.951335, 26.453846]]]}}, {"id": "479", "type": "Feature", "properties": {"id": "f532c368-01d1-4999-a1e1-a205586ee65d", "name": null, "subtype": null, "class": null, "height": null, "num_floors": null, "surge_class": 8, "surge_ft": 7.5, "flood_active": false, "exposure_score": 0.225, "exposure_category": "low"}, "geometry": {"type": "Polygon", "coordinates": [[[-81.951518, 26.454059], [-81.951517, 26.45397], [-81.951401, 26.453972], [-81.951403, 26.454082], [-81.951453, 26.454081], [-81.951453, 26.45406], [-81.951518, 26.454059]]]}}, {"id": "480", "type": "Feature", "properties": {"id": "a0e23d82-3017-4599-813e-eaf9f3018452", "name": null, "subtype": null, "class": null, "height": null, "num_floors": null, "surge_class": 7, "surge_ft": 6.5, "flood_active": false, "exposure_score": 0.195, "exposure_category": "low"}, "geometry": {"type": "Polygon", "coordinates": [[[-81.9515, 26.453736], [-81.9515, 26.453705], [-81.951368, 26.453707], [-81.95137, 26.453815], [-81.951544, 26.453813], [-81.951543, 26.453736], [-81.9515, 26.453736]]]}}, {"id": "481", "type": "Feature", "properties": {"id": "759f660d-72ea-478b-ae8d-dec6f42b1b9e", "name": null, "subtype": null, "class": null, "height": null, "num_floors": null, "surge_class": 8, "surge_ft": 7.5, "flood_active": false, "exposure_score": 0.225, "exposure_category": "low"}, "geometry": {"type": "Polygon", "coordinates": [[[-81.9514989, 26.4535262], [-81.9515055, 26.453484], [-81.9514123, 26.4534723], [-81.9514056, 26.4535145], [-81.9514989, 26.4535262]]]}}, {"id": "482", "type": "Feature", "properties": {"id": "ac2cf0c6-78e5-4637-ba92-0d314aa8e5ec", "name": null, "subtype": null, "class": null, "height": 3.639545440673828, "num_floors": null, "surge_class": 9, "surge_ft": 8.5, "flood_active": false, "exposure_score": 0.255, "exposure_category": "moderate"}, "geometry": {"type": "Polygon", "coordinates": [[[-81.951658, 26.452687], [-81.951548, 26.452644], [-81.951496, 26.45275], [-81.951606, 26.452794], [-81.951658, 26.452687]]]}}, {"id": "483", "type": "Feature", "properties": {"id": "af300f31-f9a0-45f8-951a-da223a6e7446", "name": null, "subtype": null, "class": null, "height": 3.9469921588897705, "num_floors": null, "surge_class": 10, "surge_ft": 9.5, "flood_active": false, "exposure_score": 0.285, "exposure_category": "moderate"}, "geometry": {"type": "Polygon", "coordinates": [[[-81.951692, 26.452529], [-81.951726, 26.452432], [-81.951612, 26.452401], [-81.951586, 26.452476], [-81.951629, 26.452488], [-81.951621, 26.45251], [-81.951692, 26.452529]]]}}, {"id": "484", "type": "Feature", "properties": {"id": "630a12ef-cdfd-446c-979e-dbe3c261cebb", "name": null, "subtype": null, "class": null, "height": 5.023468971252441, "num_floors": null, "surge_class": 9, "surge_ft": 8.5, "flood_active": false, "exposure_score": 0.255, "exposure_category": "moderate"}, "geometry": {"type": "Polygon", "coordinates": [[[-81.9518015, 26.4522984], [-81.9516089, 26.4522422], [-81.9515789, 26.4523247], [-81.9517715, 26.4523809], [-81.9518015, 26.4522984]]]}}, {"id": "485", "type": "Feature", "properties": {"id": "ef0f2363-f24a-476b-a2a2-dd5ec360c23a", "name": null, "subtype": "commercial", "class": "hotel", "height": 12.681385040283203, "num_floors": null, "surge_class": 5, "surge_ft": 4.5, "flood_active": false, "exposure_score": 0.135, "exposure_category": "low"}, "geometry": {"type": "Polygon", "coordinates": [[[-81.9516459, 26.451244], [-81.951555, 26.4514405], [-81.9516654, 26.4514815], [-81.9516994, 26.4514941], [-81.951746, 26.4513933], [-81.9518584, 26.451435], [-81.9519304, 26.4512793], [-81.952162, 26.4513652], [-81.9522382, 26.4512007], [-81.9520056, 26.4511144], [-81.9519786, 26.4511727], [-81.9514199, 26.4509654], [-81.9513675, 26.4510788], [-81.9516828, 26.4511957], [-81.9516903, 26.4511795], [-81.9517496, 26.4512014], [-81.9517176, 26.4512706], [-81.9516459, 26.451244]]]}}, {"id": "486", "type": "Feature", "properties": {"id": "a33949f0-a846-44c2-97ae-f65b9f5aec50", "name": null, "subtype": null, "class": null, "height": 4.067403793334961, "num_floors": null, "surge_class": 8, "surge_ft": 7.5, "flood_active": false, "exposure_score": 0.225, "exposure_category": "low"}, "geometry": {"type": "Polygon", "coordinates": [[[-81.951869, 26.452858], [-81.951865, 26.45289], [-81.951828, 26.452887], [-81.951823, 26.452936], [-81.951984, 26.45295], [-81.951992, 26.452869], [-81.951869, 26.452858]]]}}, {"id": "487", "type": "Feature", "properties": {"id": "15e53598-4cd2-413d-9075-f3b2cd8b4127", "name": null, "subtype": null, "class": null, "height": 3.5995121002197266, "num_floors": null, "surge_class": 7, "surge_ft": 6.5, "flood_active": false, "exposure_score": 0.195, "exposure_category": "low"}, "geometry": {"type": "Polygon", "coordinates": [[[-81.952017, 26.453026], [-81.951835, 26.453022], [-81.951832, 26.453103], [-81.95198, 26.453107], [-81.951981, 26.453078], [-81.952016, 26.453079], [-81.952017, 26.453026]]]}}, {"id": "488", "type": "Feature", "properties": {"id": "b09aceb4-7f0a-454e-9241-7de807039fcc", "name": null, "subtype": null, "class": null, "height": null, "num_floors": null, "surge_class": 8, "surge_ft": 7.5, "flood_active": false, "exposure_score": 0.225, "exposure_category": "low"}, "geometry": {"type": "Polygon", "coordinates": [[[-81.9518039, 26.4533898], [-81.9518003, 26.4534953], [-81.9519155, 26.4534985], [-81.9519174, 26.4534445], [-81.9519591, 26.4534456], [-81.9519614, 26.4533785], [-81.9519185, 26.4533773], [-81.9519203, 26.4533257], [-81.9518828, 26.4533247], [-81.951884, 26.4532899], [-81.9517833, 26.4532871], [-81.9517798, 26.4533891], [-81.9518039, 26.4533898]]]}}, {"id": "489", "type": "Feature", "properties": {"id": "a5cad145-e386-4c94-ba31-885d6283989d", "name": null, "subtype": null, "class": null, "height": 3.736541271209717, "num_floors": null, "surge_class": 8, "surge_ft": 7.5, "flood_active": false, "exposure_score": 0.225, "exposure_category": "low"}, "geometry": {"type": "Polygon", "coordinates": [[[-81.9519245, 26.4532599], [-81.9519265, 26.4531758], [-81.9517657, 26.4531727], [-81.9517637, 26.4532568], [-81.9519245, 26.4532599]]]}}, {"id": "490", "type": "Feature", "properties": {"id": "90173929-b547-4f3f-87ef-1ef58d7a7d50", "name": null, "subtype": null, "class": null, "height": null, "num_floors": null, "surge_class": 8, "surge_ft": 7.5, "flood_active": false, "exposure_score": 0.225, "exposure_category": "low"}, "geometry": {"type": "Polygon", "coordinates": [[[-81.951791, 26.454076], [-81.951794, 26.454188], [-81.951938, 26.454186], [-81.951936, 26.454114], [-81.951857, 26.454115], [-81.951856, 26.454074], [-81.951791, 26.454076]]]}}, {"id": "491", "type": "Feature", "properties": {"id": "6e5d7aab-075f-4ae2-bd1c-31cc9cd66b6b", "name": null, "subtype": null, "class": null, "height": null, "num_floors": null, "surge_class": 8, "surge_ft": 7.5, "flood_active": false, "exposure_score": 0.225, "exposure_category": "low"}, "geometry": {"type": "Polygon", "coordinates": [[[-81.951794, 26.453552], [-81.951792, 26.45367], [-81.951909, 26.453671], [-81.95191, 26.453609], [-81.951955, 26.453609], [-81.951956, 26.453554], [-81.951794, 26.453552]]]}}, {"id": "492", "type": "Feature", "properties": {"id": "1c091519-bce7-4416-b28f-b9b3b99d7a9b", "name": null, "subtype": null, "class": null, "height": 5.071657657623291, "num_floors": null, "surge_class": 7, "surge_ft": 6.5, "flood_active": false, "exposure_score": 0.195, "exposure_category": "low"}, "geometry": {"type": "Polygon", "coordinates": [[[-81.95177, 26.453691], [-81.951772, 26.453804], [-81.95201, 26.453801], [-81.952009, 26.453688], [-81.95177, 26.453691]]]}}, {"id": "493", "type": "Feature", "properties": {"id": "e5cd4555-66a7-483d-a4d9-c68a692c7fc3", "name": null, "subtype": null, "class": null, "height": 6.018682956695557, "num_floors": null, "surge_class": 7, "surge_ft": 6.5, "flood_active": false, "exposure_score": 0.195, "exposure_category": "low"}, "geometry": {"type": "Polygon", "coordinates": [[[-81.952011, 26.453943], [-81.952013, 26.453828], [-81.951773, 26.453825], [-81.951771, 26.45394], [-81.952011, 26.453943]]]}}, {"id": "494", "type": "Feature", "properties": {"id": "eaf852c5-3ab7-430e-b1e2-704910443c93", "name": null, "subtype": null, "class": null, "height": null, "num_floors": null, "surge_class": 8, "surge_ft": 7.5, "flood_active": false, "exposure_score": 0.225, "exposure_category": "low"}, "geometry": {"type": "Polygon", "coordinates": [[[-81.9519909, 26.4533611], [-81.9519874, 26.4532723], [-81.9519246, 26.4532743], [-81.9519281, 26.453363], [-81.9519909, 26.4533611]]]}}, {"id": "495", "type": "Feature", "properties": {"id": "588c8704-8f5c-491c-9c04-05e7c2b5beb8", "name": null, "subtype": null, "class": null, "height": 4.575813293457031, "num_floors": null, "surge_class": 8, "surge_ft": 7.5, "flood_active": false, "exposure_score": 0.225, "exposure_category": "low"}, "geometry": {"type": "Polygon", "coordinates": [[[-81.951861, 26.452755], [-81.951979, 26.452798], [-81.952028, 26.45269], [-81.95191, 26.452648], [-81.951861, 26.452755]]]}}, {"id": "496", "type": "Feature", "properties": {"id": "89f80447-c43b-42de-b3d9-144ad760f1ac", "name": null, "subtype": null, "class": null, "height": 3.4144601821899414, "num_floors": null, "surge_class": 8, "surge_ft": 7.5, "flood_active": false, "exposure_score": 0.225, "exposure_category": "low"}, "geometry": {"type": "Polygon", "coordinates": [[[-81.9520483, 26.4524763], [-81.9519839, 26.4525322], [-81.9520938, 26.4526338], [-81.9521583, 26.4525778], [-81.9520483, 26.4524763]]]}}, {"id": "497", "type": "Feature", "properties": {"id": "5b2c857a-d84e-48fa-91e0-3c8e4e7543b0", "name": null, "subtype": null, "class": null, "height": 3.6644608974456787, "num_floors": null, "surge_class": 9, "surge_ft": 8.5, "flood_active": false, "exposure_score": 0.255, "exposure_category": "moderate"}, "geometry": {"type": "Polygon", "coordinates": [[[-81.9521009, 26.4524769], [-81.9521772, 26.4525488], [-81.9521955, 26.4525332], [-81.9522397, 26.4525748], [-81.9523045, 26.4525196], [-81.952184, 26.4524061], [-81.9521009, 26.4524769]]]}}, {"id": "498", "type": "Feature", "properties": {"id": "ac3920c0-3f98-4626-9ae3-ce8fcb66abe0", "name": null, "subtype": null, "class": null, "height": 4.466164588928223, "num_floors": 2, "surge_class": 5, "surge_ft": 4.5, "flood_active": false, "exposure_score": 0.135, "exposure_category": "low"}, "geometry": {"type": "Polygon", "coordinates": [[[-81.9520474, 26.451438], [-81.9519634, 26.451649], [-81.9521049, 26.4516946], [-81.9521889, 26.4514836], [-81.9520474, 26.451438]]]}}, {"id": "499", "type": "Feature", "properties": {"id": "10fd38b4-e70a-427e-b5fc-4f0a7c749fcb", "name": null, "subtype": null, "class": null, "height": 4.480283260345459, "num_floors": null, "surge_class": 7, "surge_ft": 6.5, "flood_active": false, "exposure_score": 0.195, "exposure_category": "low"}, "geometry": {"type": "Polygon", "coordinates": [[[-81.9519805, 26.4519868], [-81.951888, 26.4520721], [-81.9520142, 26.4521818], [-81.9521067, 26.4520965], [-81.9519805, 26.4519868]]]}}, {"id": "500", "type": "Feature", "properties": {"id": "2c4c4d69-8aba-4851-9924-7dae937a67e2", "name": null, "subtype": null, "class": null, "height": 3.4610612392425537, "num_floors": null, "surge_class": 6, "surge_ft": 5.5, "flood_active": false, "exposure_score": 0.165, "exposure_category": "low"}, "geometry": {"type": "Polygon", "coordinates": [[[-81.9523624, 26.4518174], [-81.9524269, 26.4516527], [-81.9523146, 26.4516175], [-81.9522502, 26.4517822], [-81.9523624, 26.4518174]]]}}, {"id": "501", "type": "Feature", "properties": {"id": "3115fee9-b23a-4ee6-910e-00baa7ee0a6b", "name": null, "subtype": null, "class": null, "height": 3.148637056350708, "num_floors": null, "surge_class": 0, "surge_ft": 0.0, "flood_active": false, "exposure_score": 0.0, "exposure_category": "none"}, "geometry": {"type": "Polygon", "coordinates": [[[-81.952414, 26.455891], [-81.952417, 26.45604], [-81.952527, 26.456039], [-81.952524, 26.45589], [-81.952414, 26.455891]]]}}, {"id": "502", "type": "Feature", "properties": {"id": "7a850348-0599-487c-81c4-80baa5caa448", "name": null, "subtype": null, "class": null, "height": null, "num_floors": null, "surge_class": 9, "surge_ft": 8.5, "flood_active": false, "exposure_score": 0.255, "exposure_category": "moderate"}, "geometry": {"type": "Polygon", "coordinates": [[[-81.9524979, 26.460802], [-81.9523454, 26.4608373], [-81.9523747, 26.4609385], [-81.9525271, 26.4609032], [-81.9524979, 26.460802]]]}}, {"id": "503", "type": "Feature", "properties": {"id": "bdf3a037-7afd-4ea3-9063-8c3a1a99ad79", "name": null, "subtype": null, "class": null, "height": null, "num_floors": null, "surge_class": 9, "surge_ft": 8.5, "flood_active": false, "exposure_score": 0.255, "exposure_category": "moderate"}, "geometry": {"type": "Polygon", "coordinates": [[[-81.9524436, 26.460408], [-81.9524712, 26.4604191], [-81.9524893, 26.4603832], [-81.9524135, 26.4603526], [-81.9523733, 26.4604324], [-81.9524215, 26.4604519], [-81.9524436, 26.460408]]]}}, {"id": "504", "type": "Feature", "properties": {"id": "d387193d-aafd-487e-be59-db121ec27c06", "name": null, "subtype": null, "class": null, "height": null, "num_floors": null, "surge_class": 8, "surge_ft": 7.5, "flood_active": false, "exposure_score": 0.225, "exposure_category": "low"}, "geometry": {"type": "Polygon", "coordinates": [[[-81.9523978, 26.4602808], [-81.9524754, 26.4602775], [-81.9524677, 26.4601338], [-81.9523901, 26.4601371], [-81.9523978, 26.4602808]]]}}, {"id": "505", "type": "Feature", "properties": {"id": "0d3b081a-f2fd-47b3-af14-2d57c6acf3d8", "name": null, "subtype": null, "class": null, "height": null, "num_floors": null, "surge_class": 9, "surge_ft": 8.5, "flood_active": false, "exposure_score": 0.255, "exposure_category": "moderate"}, "geometry": {"type": "Polygon", "coordinates": [[[-81.952484, 26.4605129], [-81.9524665, 26.4604573], [-81.9523537, 26.4604857], [-81.9523713, 26.4605413], [-81.952484, 26.4605129]]]}}, {"id": "506", "type": "Feature", "properties": {"id": "678ff664-afde-4080-9209-e268573a5fc2", "name": null, "subtype": null, "class": null, "height": null, "num_floors": null, "surge_class": 9, "surge_ft": 8.5, "flood_active": false, "exposure_score": 0.255, "exposure_category": "moderate"}, "geometry": {"type": "Polygon", "coordinates": [[[-81.9524613, 26.4607115], [-81.9523211, 26.4607554], [-81.9523504, 26.4608303], [-81.9524905, 26.4607864], [-81.9524613, 26.4607115]]]}}, {"id": "507", "type": "Feature", "properties": {"id": "be268d6e-33f1-4e10-b327-8129db09ef5b", "name": null, "subtype": null, "class": null, "height": null, "num_floors": null, "surge_class": 8, "surge_ft": 7.5, "flood_active": false, "exposure_score": 0.225, "exposure_category": "low"}, "geometry": {"type": "Polygon", "coordinates": [[[-81.9523048, 26.4602725], [-81.9522661, 26.4602686], [-81.9522616, 26.4603041], [-81.9523003, 26.4603081], [-81.9523048, 26.4602725]]]}}, {"id": "508", "type": "Feature", "properties": {"id": "4f97aec9-9f5f-47d3-8907-58ac99178087", "name": null, "subtype": null, "class": null, "height": null, "num_floors": null, "surge_class": 8, "surge_ft": 7.5, "flood_active": false, "exposure_score": 0.225, "exposure_category": "low"}, "geometry": {"type": "Polygon", "coordinates": [[[-81.9523054, 26.4602639], [-81.9523154, 26.4602053], [-81.9521896, 26.460188], [-81.9521796, 26.4602467], [-81.9523054, 26.4602639]]]}}, {"id": "509", "type": "Feature", "properties": {"id": "2ab4ee10-b05a-4a1c-8b41-d3608e0e7596", "name": null, "subtype": null, "class": null, "height": null, "num_floors": null, "surge_class": 9, "surge_ft": 8.5, "flood_active": false, "exposure_score": 0.255, "exposure_category": "moderate"}, "geometry": {"type": "Polygon", "coordinates": [[[-81.952211, 26.4604455], [-81.9522038, 26.4605604], [-81.952276, 26.460564], [-81.9522832, 26.4604491], [-81.952211, 26.4604455]]]}}, {"id": "510", "type": "Feature", "properties": {"id": "ce2de6e1-9a3a-462a-9186-d77850f28997", "name": null, "subtype": null, "class": null, "height": null, "num_floors": null, "surge_class": 8, "surge_ft": 7.5, "flood_active": false, "exposure_score": 0.225, "exposure_category": "low"}, "geometry": {"type": "Polygon", "coordinates": [[[-81.9522646, 26.4604387], [-81.9522859, 26.4603618], [-81.9521646, 26.4603348], [-81.9521433, 26.4604117], [-81.9522646, 26.4604387]]]}}, {"id": "511", "type": "Feature", "properties": {"id": "7773f2bf-42b2-4160-920e-74ad37519b83", "name": null, "subtype": null, "class": null, "height": null, "num_floors": null, "surge_class": 8, "surge_ft": 7.5, "flood_active": false, "exposure_score": 0.225, "exposure_category": "low"}, "geometry": {"type": "Polygon", "coordinates": [[[-81.9522271, 26.4600542], [-81.9523186, 26.4600674], [-81.9523254, 26.4600299], [-81.9522836, 26.4600239], [-81.9523004, 26.4599303], [-81.9521488, 26.4599084], [-81.9521167, 26.4600862], [-81.9521821, 26.4600957], [-81.9521787, 26.4601144], [-81.9522153, 26.4601197], [-81.9522271, 26.4600542]]]}}, {"id": "512", "type": "Feature", "properties": {"id": "b4f990f7-b847-4079-b2c0-260911581bc6", "name": "Doc Ford's Rum Bar and Grille", "subtype": null, "class": null, "height": 6.485499858856201, "num_floors": null, "surge_class": 9, "surge_ft": 8.5, "flood_active": false, "exposure_score": 0.255, "exposure_category": "moderate"}, "geometry": {"type": "Polygon", "coordinates": [[[-81.9521556, 26.4592804], [-81.9523342, 26.4593178], [-81.9523755, 26.4591598], [-81.9523561, 26.4591558], [-81.9523923, 26.4590174], [-81.9522655, 26.4589908], [-81.9523062, 26.4588351], [-81.9522617, 26.4588258], [-81.9523118, 26.4586344], [-81.9521676, 26.4586042], [-81.9521243, 26.4587698], [-81.9521451, 26.4587742], [-81.9521296, 26.4588333], [-81.9522576, 26.4588601], [-81.9522183, 26.4590104], [-81.9521792, 26.4590022], [-81.9521393, 26.4591546], [-81.9521859, 26.4591644], [-81.9521556, 26.4592804]]]}}, {"id": "513", "type": "Feature", "properties": {"id": "39204d46-793d-4215-8548-1be829f1063c", "name": "DIxie FIsh Company", "subtype": null, "class": null, "height": 6.956840991973877, "num_floors": null, "surge_class": 0, "surge_ft": 0.0, "flood_active": false, "exposure_score": 0.0, "exposure_category": "none"}, "geometry": {"type": "Polygon", "coordinates": [[[-81.9523634, 26.4584971], [-81.9523762, 26.4585006], [-81.952407, 26.4584114], [-81.9522362, 26.4583641], [-81.9521792, 26.458529], [-81.9523127, 26.4585659], [-81.9523189, 26.4585482], [-81.9523434, 26.458555], [-81.9523634, 26.4584971]]]}}, {"id": "514", "type": "Feature", "properties": {"id": "f8fcd477-ad83-4944-baa6-b6448b70831b", "name": null, "subtype": null, "class": null, "height": null, "num_floors": null, "surge_class": 8, "surge_ft": 7.5, "flood_active": false, "exposure_score": 0.225, "exposure_category": "low"}, "geometry": {"type": "Polygon", "coordinates": [[[-81.9521199, 26.4597594], [-81.9521087, 26.4598276], [-81.9522321, 26.4598438], [-81.9522433, 26.4597756], [-81.9521199, 26.4597594]]]}}, {"id": "515", "type": "Feature", "properties": {"id": "67b34524-f979-46e6-9652-1d363a0e5cc7", "name": null, "subtype": null, "class": null, "height": null, "num_floors": null, "surge_class": 9, "surge_ft": 8.5, "flood_active": false, "exposure_score": 0.255, "exposure_category": "moderate"}, "geometry": {"type": "Polygon", "coordinates": [[[-81.9521363, 26.4607065], [-81.9521271, 26.4607861], [-81.9522571, 26.4607982], [-81.9522636, 26.4607424], [-81.952245, 26.4607406], [-81.9522616, 26.4605969], [-81.95219, 26.4605902], [-81.9521761, 26.4607102], [-81.9521363, 26.4607065]]]}}, {"id": "516", "type": "Feature", "properties": {"id": "089ff0f0-97a2-4192-8647-c3bc5a06c2c0", "name": null, "subtype": null, "class": null, "height": null, "num_floors": null, "surge_class": 8, "surge_ft": 7.5, "flood_active": false, "exposure_score": 0.225, "exposure_category": "low"}, "geometry": {"type": "Polygon", "coordinates": [[[-81.952142, 26.4603422], [-81.9521493, 26.4601996], [-81.9520921, 26.4601973], [-81.9520848, 26.4603399], [-81.952142, 26.4603422]]]}}, {"id": "517", "type": "Feature", "properties": {"id": "89c12929-a558-4b84-9aec-a53ca3b2baf2", "name": null, "subtype": null, "class": null, "height": null, "num_floors": null, "surge_class": 9, "surge_ft": 8.5, "flood_active": false, "exposure_score": 0.255, "exposure_category": "moderate"}, "geometry": {"type": "Polygon", "coordinates": [[[-81.9521793, 26.4605163], [-81.9521932, 26.4604552], [-81.9520866, 26.4604358], [-81.9520727, 26.460497], [-81.9521793, 26.4605163]]]}}, {"id": "518", "type": "Feature", "properties": {"id": "7ea67bb5-7ca5-4ad8-abd6-23ebd247e3de", "name": null, "subtype": null, "class": null, "height": null, "num_floors": null, "surge_class": 9, "surge_ft": 8.5, "flood_active": false, "exposure_score": 0.255, "exposure_category": "moderate"}, "geometry": {"type": "Polygon", "coordinates": [[[-81.9520736, 26.4605132], [-81.9520571, 26.4606044], [-81.9521616, 26.4606196], [-81.9521782, 26.4605283], [-81.9520736, 26.4605132]]]}}, {"id": "519", "type": "Feature", "properties": {"id": "a89210a8-5a9b-4baf-ae05-9cbf094ad20a", "name": null, "subtype": null, "class": null, "height": null, "num_floors": null, "surge_class": 9, "surge_ft": 8.5, "flood_active": false, "exposure_score": 0.255, "exposure_category": "moderate"}, "geometry": {"type": "Polygon", "coordinates": [[[-81.951995, 26.4600028], [-81.9520028, 26.4600246], [-81.9519453, 26.460041], [-81.95196, 26.4600824], [-81.9520687, 26.4600514], [-81.9520462, 26.4599882], [-81.951995, 26.4600028]]]}}, {"id": "520", "type": "Feature", "properties": {"id": "0e7101f5-0ed9-4f40-9637-b87fc9598116", "name": null, "subtype": null, "class": null, "height": null, "num_floors": null, "surge_class": 9, "surge_ft": 8.5, "flood_active": false, "exposure_score": 0.255, "exposure_category": "moderate"}, "geometry": {"type": "Polygon", "coordinates": [[[-81.9520681, 26.459982], [-81.9520639, 26.4598872], [-81.9519685, 26.4598906], [-81.9519727, 26.4599854], [-81.9520681, 26.459982]]]}}, {"id": "521", "type": "Feature", "properties": {"id": "20c0420b-514e-43aa-9357-a599b08393cb", "name": null, "subtype": null, "class": null, "height": null, "num_floors": null, "surge_class": 9, "surge_ft": 8.5, "flood_active": false, "exposure_score": 0.255, "exposure_category": "moderate"}, "geometry": {"type": "Polygon", "coordinates": [[[-81.9519914, 26.4598351], [-81.9520778, 26.4598435], [-81.9520904, 26.4597402], [-81.9520039, 26.4597318], [-81.9519914, 26.4598351]]]}}, {"id": "522", "type": "Feature", "properties": {"id": "ab445dba-4626-4476-81f5-b342b98f5977", "name": null, "subtype": null, "class": null, "height": null, "num_floors": null, "surge_class": 9, "surge_ft": 8.5, "flood_active": false, "exposure_score": 0.255, "exposure_category": "moderate"}, "geometry": {"type": "Polygon", "coordinates": [[[-81.9519351, 26.4603093], [-81.9519327, 26.4603874], [-81.9520275, 26.4603897], [-81.952033, 26.4602122], [-81.9519194, 26.4602093], [-81.9519163, 26.4603089], [-81.9519351, 26.4603093]]]}}, {"id": "523", "type": "Feature", "properties": {"id": "eb8e0e0d-2edc-4af5-b2f1-99d726336ae1", "name": null, "subtype": null, "class": null, "height": null, "num_floors": null, "surge_class": 8, "surge_ft": 7.5, "flood_active": false, "exposure_score": 0.225, "exposure_category": "low"}, "geometry": {"type": "Polygon", "coordinates": [[[-81.9520135, 26.4604123], [-81.9519039, 26.4604067], [-81.9518991, 26.4604809], [-81.9520087, 26.4604865], [-81.9520135, 26.4604123]]]}}, {"id": "524", "type": "Feature", "properties": {"id": "1e18f785-6fa0-418e-87c0-170669e0d783", "name": null, "subtype": null, "class": null, "height": null, "num_floors": null, "surge_class": 0, "surge_ft": 0.0, "flood_active": false, "exposure_score": 0.0, "exposure_category": "none"}, "geometry": {"type": "Polygon", "coordinates": [[[-81.951995, 26.4606332], [-81.9518772, 26.4606287], [-81.9518732, 26.4607138], [-81.951991, 26.4607182], [-81.951995, 26.4606332]]]}}, {"id": "525", "type": "Feature", "properties": {"id": "d2d0a763-88a9-41f4-bbc1-a1968d96dd3d", "name": null, "subtype": null, "class": null, "height": null, "num_floors": null, "surge_class": 8, "surge_ft": 7.5, "flood_active": false, "exposure_score": 0.225, "exposure_category": "low"}, "geometry": {"type": "Polygon", "coordinates": [[[-81.9519926, 26.4604996], [-81.9518907, 26.4604981], [-81.9518885, 26.4606109], [-81.9519904, 26.4606124], [-81.9519926, 26.4604996]]]}}, {"id": "526", "type": "Feature", "properties": {"id": "fae18cc2-3849-462a-9d1e-15c2e9d8f5d3", "name": null, "subtype": null, "class": null, "height": 4.284898281097412, "num_floors": null, "surge_class": 7, "surge_ft": 6.5, "flood_active": false, "exposure_score": 0.195, "exposure_category": "low"}, "geometry": {"type": "Polygon", "coordinates": [[[-81.952132, 26.455672], [-81.952023, 26.455625], [-81.951934, 26.455791], [-81.952043, 26.455838], [-81.952132, 26.455672]]]}}, {"id": "527", "type": "Feature", "properties": {"id": "d4db5a10-93ce-4ed8-a331-5c22b746bb0b", "name": null, "subtype": null, "class": null, "height": 5.168517112731934, "num_floors": null, "surge_class": 8, "surge_ft": 7.5, "flood_active": false, "exposure_score": 0.225, "exposure_category": "low"}, "geometry": {"type": "Polygon", "coordinates": [[[-81.952041, 26.455461], [-81.95204, 26.455335], [-81.951815, 26.455337], [-81.951815, 26.455404], [-81.951895, 26.455403], [-81.951895, 26.455462], [-81.952041, 26.455461]]]}}, {"id": "528", "type": "Feature", "properties": {"id": "002da213-3536-4f53-abb9-626a50c3dab7", "name": null, "subtype": null, "class": null, "height": 5.796926498413086, "num_floors": null, "surge_class": 7, "surge_ft": 6.5, "flood_active": false, "exposure_score": 0.195, "exposure_category": "low"}, "geometry": {"type": "Polygon", "coordinates": [[[-81.951788, 26.455041], [-81.952027, 26.45504], [-81.952026, 26.454927], [-81.951787, 26.454928], [-81.951788, 26.455041]]]}}, {"id": "529", "type": "Feature", "properties": {"id": "96c836a1-c924-4c84-b6a2-590da776c0f3", "name": null, "subtype": null, "class": null, "height": 3.562790632247925, "num_floors": null, "surge_class": 8, "surge_ft": 7.5, "flood_active": false, "exposure_score": 0.225, "exposure_category": "low"}, "geometry": {"type": "Polygon", "coordinates": [[[-81.95183, 26.454721], [-81.95183, 26.454759], [-81.951963, 26.454757], [-81.951961, 26.454678], [-81.951861, 26.45468], [-81.951862, 26.45472], [-81.95183, 26.454721]]]}}, {"id": "530", "type": "Feature", "properties": {"id": "88a2ee7f-ebc3-4fd8-8677-733dbf21cd7a", "name": null, "subtype": null, "class": null, "height": null, "num_floors": null, "surge_class": 8, "surge_ft": 7.5, "flood_active": false, "exposure_score": 0.225, "exposure_category": "low"}, "geometry": {"type": "Polygon", "coordinates": [[[-81.951939, 26.454509], [-81.951803, 26.454513], [-81.951806, 26.454599], [-81.951942, 26.454595], [-81.951939, 26.454509]]]}}, {"id": "531", "type": "Feature", "properties": {"id": "195f69ac-2c4c-4f09-b942-3730c1b82d73", "name": null, "subtype": null, "class": null, "height": null, "num_floors": null, "surge_class": 8, "surge_ft": 7.5, "flood_active": false, "exposure_score": 0.225, "exposure_category": "low"}, "geometry": {"type": "Polygon", "coordinates": [[[-81.951786, 26.454277], [-81.951788, 26.454353], [-81.951958, 26.45435], [-81.951957, 26.454274], [-81.951786, 26.454277]]]}}, {"id": "532", "type": "Feature", "properties": {"id": "43b09126-be45-433a-a8fe-dbbcbe2c859e", "name": null, "subtype": null, "class": null, "height": null, "num_floors": null, "surge_class": 8, "surge_ft": 7.5, "flood_active": false, "exposure_score": 0.225, "exposure_category": "low"}, "geometry": {"type": "Polygon", "coordinates": [[[-81.9518694, 26.4544024], [-81.9517889, 26.4544014], [-81.9517877, 26.4544782], [-81.9518682, 26.4544792], [-81.9518694, 26.4544024]]]}}, {"id": "533", "type": "Feature", "properties": {"id": "e5b39c82-6595-470a-b06b-4ebd0e0a9e9d", "name": null, "subtype": null, "class": null, "height": 5.612948894500732, "num_floors": null, "surge_class": 8, "surge_ft": 7.5, "flood_active": false, "exposure_score": 0.225, "exposure_category": "low"}, "geometry": {"type": "Polygon", "coordinates": [[[-81.951917, 26.455767], [-81.951987, 26.455632], [-81.951872, 26.455585], [-81.951803, 26.455719], [-81.951917, 26.455767]]]}}, {"id": "534", "type": "Feature", "properties": {"id": "3f1c2c58-380f-4c01-a5d2-857770dcd3e7", "name": null, "subtype": null, "class": null, "height": 5.797421932220459, "num_floors": null, "surge_class": 7, "surge_ft": 6.5, "flood_active": false, "exposure_score": 0.195, "exposure_category": "low"}, "geometry": {"type": "Polygon", "coordinates": [[[-81.951812, 26.455076], [-81.951814, 26.455177], [-81.952026, 26.455174], [-81.952024, 26.455073], [-81.951812, 26.455076]]]}}, {"id": "535", "type": "Feature", "properties": {"id": "b475968d-1cf3-4b77-a33e-e1b7f4cd595a", "name": null, "subtype": "residential", "class": "house", "height": 6.440863132476807, "num_floors": null, "surge_class": 7, "surge_ft": 6.5, "flood_active": false, "exposure_score": 0.195, "exposure_category": "low"}, "geometry": {"type": "Polygon", "coordinates": [[[-81.952, 26.4552104], [-81.9518044, 26.4552161], [-81.9518086, 26.4553335], [-81.9520042, 26.4553278], [-81.9520037, 26.4553135], [-81.9520295, 26.4553128], [-81.952026, 26.4552167], [-81.9520002, 26.4552175], [-81.952, 26.4552104]]]}}, {"id": "536", "type": "Feature", "properties": {"id": "ce837f0b-ee2d-49d0-bce5-6df4e6be284f", "name": null, "subtype": null, "class": null, "height": 3.9212963581085205, "num_floors": null, "surge_class": 9, "surge_ft": 8.5, "flood_active": false, "exposure_score": 0.255, "exposure_category": "moderate"}, "geometry": {"type": "Polygon", "coordinates": [[[-81.951828, 26.455597], [-81.951717, 26.455561], [-81.951666, 26.455688], [-81.951777, 26.455724], [-81.951828, 26.455597]]]}}, {"id": "537", "type": "Feature", "properties": {"id": "7bca98bd-a295-4969-82e4-1bf566c6c1a7", "name": null, "subtype": null, "class": null, "height": 3.9134199619293213, "num_floors": null, "surge_class": 7, "surge_ft": 6.5, "flood_active": false, "exposure_score": 0.195, "exposure_category": "low"}, "geometry": {"type": "Polygon", "coordinates": [[[-81.951699, 26.455506], [-81.951596, 26.455466], [-81.951515, 26.455633], [-81.951618, 26.455673], [-81.951699, 26.455506]]]}}, {"id": "538", "type": "Feature", "properties": {"id": "369de808-b985-48b6-b288-2c77241437e3", "name": null, "subtype": null, "class": null, "height": 5.372527599334717, "num_floors": null, "surge_class": 7, "surge_ft": 6.5, "flood_active": false, "exposure_score": 0.195, "exposure_category": "low"}, "geometry": {"type": "Polygon", "coordinates": [[[-81.951556, 26.454948], [-81.951447, 26.454949], [-81.951448, 26.455109], [-81.951557, 26.455108], [-81.951556, 26.454948]]]}}, {"id": "539", "type": "Feature", "properties": {"id": "6fff4b00-0d08-4b1d-8602-ca1a23aa93f3", "name": null, "subtype": null, "class": null, "height": 4.491384029388428, "num_floors": null, "surge_class": 7, "surge_ft": 6.5, "flood_active": false, "exposure_score": 0.195, "exposure_category": "low"}, "geometry": {"type": "Polygon", "coordinates": [[[-81.951516, 26.454789], [-81.951512, 26.45469], [-81.951388, 26.454693], [-81.951391, 26.454792], [-81.951516, 26.454789]]]}}, {"id": "540", "type": "Feature", "properties": {"id": "ef58e44b-a078-43fe-8547-e057e7766ed8", "name": null, "subtype": null, "class": null, "height": 3.169992208480835, "num_floors": null, "surge_class": 7, "surge_ft": 6.5, "flood_active": false, "exposure_score": 0.195, "exposure_category": "low"}, "geometry": {"type": "Polygon", "coordinates": [[[-81.951286, 26.454565], [-81.951287, 26.454617], [-81.95152, 26.454615], [-81.951519, 26.454538], [-81.951342, 26.45454], [-81.951343, 26.454564], [-81.951286, 26.454565]]]}}, {"id": "541", "type": "Feature", "properties": {"id": "c43bd130-4ec7-4b02-8948-53909845a624", "name": null, "subtype": null, "class": null, "height": null, "num_floors": null, "surge_class": 7, "surge_ft": 6.5, "flood_active": false, "exposure_score": 0.195, "exposure_category": "low"}, "geometry": {"type": "Polygon", "coordinates": [[[-81.9514012, 26.455526], [-81.9514552, 26.4555492], [-81.9515014, 26.4554631], [-81.9514475, 26.4554399], [-81.9514012, 26.455526]]]}}, {"id": "542", "type": "Feature", "properties": {"id": "441fd67b-8418-435e-8871-600433759352", "name": null, "subtype": null, "class": null, "height": null, "num_floors": null, "surge_class": 8, "surge_ft": 7.5, "flood_active": false, "exposure_score": 0.225, "exposure_category": "low"}, "geometry": {"type": "Polygon", "coordinates": [[[-81.9515182, 26.4606011], [-81.9514293, 26.4605345], [-81.9513752, 26.4605924], [-81.9514641, 26.460659], [-81.9515182, 26.4606011]]]}}, {"id": "543", "type": "Feature", "properties": {"id": "82ecbaac-339d-4b7e-ae68-3327db18d406", "name": null, "subtype": null, "class": null, "height": null, "num_floors": null, "surge_class": 9, "surge_ft": 8.5, "flood_active": false, "exposure_score": 0.255, "exposure_category": "moderate"}, "geometry": {"type": "Polygon", "coordinates": [[[-81.9519392, 26.4607418], [-81.9518561, 26.4607394], [-81.9518527, 26.4608341], [-81.9519742, 26.4608376], [-81.9519768, 26.460768], [-81.9519383, 26.4607669], [-81.9519392, 26.4607418]]]}}, {"id": "544", "type": "Feature", "properties": {"id": "a529a5ba-3d67-43af-8034-7cadc3fe6cf9", "name": null, "subtype": null, "class": null, "height": null, "num_floors": null, "surge_class": 9, "surge_ft": 8.5, "flood_active": false, "exposure_score": 0.255, "exposure_category": "moderate"}, "geometry": {"type": "Polygon", "coordinates": [[[-81.9519396, 26.4608495], [-81.9518602, 26.460847], [-81.9518524, 26.4610461], [-81.9519317, 26.4610486], [-81.9519396, 26.4608495]]]}}, {"id": "545", "type": "Feature", "properties": {"id": "02b0a91b-099f-41b1-b516-62ba5c8c6293", "name": null, "subtype": null, "class": null, "height": null, "num_floors": null, "surge_class": 8, "surge_ft": 7.5, "flood_active": false, "exposure_score": 0.225, "exposure_category": "low"}, "geometry": {"type": "Polygon", "coordinates": [[[-81.9518755, 26.4617555], [-81.9519004, 26.4617579], [-81.9519018, 26.461746], [-81.9519106, 26.4617469], [-81.9519124, 26.4617313], [-81.9519056, 26.4617306], [-81.9519081, 26.4617097], [-81.9519198, 26.4617108], [-81.9519245, 26.4616715], [-81.951886, 26.4616678], [-81.9518755, 26.4617555]]]}}, {"id": "546", "type": "Feature", "properties": {"id": "81864344-41c2-4acb-939a-f07d47c30a03", "name": null, "subtype": null, "class": null, "height": null, "num_floors": null, "surge_class": 9, "surge_ft": 8.5, "flood_active": false, "exposure_score": 0.255, "exposure_category": "moderate"}, "geometry": {"type": "Polygon", "coordinates": [[[-81.9518525, 26.4611113], [-81.9518471, 26.461236], [-81.9519167, 26.4612384], [-81.9519221, 26.4611137], [-81.9518525, 26.4611113]]]}}, {"id": "547", "type": "Feature", "properties": {"id": "e8837cd8-5f3a-488c-9b9d-9bcc6b85fc7e", "name": null, "subtype": null, "class": null, "height": null, "num_floors": null, "surge_class": 9, "surge_ft": 8.5, "flood_active": false, "exposure_score": 0.255, "exposure_category": "moderate"}, "geometry": {"type": "Polygon", "coordinates": [[[-81.9517652, 26.4610645], [-81.9517582, 26.4612155], [-81.9518198, 26.4612178], [-81.9518268, 26.4610668], [-81.9517652, 26.4610645]]]}}, {"id": "548", "type": "Feature", "properties": {"id": "128ad0a4-8a03-49f4-ac42-1f309b66f26d", "name": null, "subtype": null, "class": null, "height": null, "num_floors": null, "surge_class": 8, "surge_ft": 7.5, "flood_active": false, "exposure_score": 0.225, "exposure_category": "low"}, "geometry": {"type": "Polygon", "coordinates": [[[-81.9517924, 26.4617207], [-81.9518184, 26.4617225], [-81.9518258, 26.4616457], [-81.9518039, 26.4616442], [-81.9518022, 26.4616556], [-81.9518, 26.4616553], [-81.9517986, 26.4616708], [-81.9517731, 26.4616695], [-81.9517695, 26.4617128], [-81.9517932, 26.4617147], [-81.9517924, 26.4617207]]]}}, {"id": "549", "type": "Feature", "properties": {"id": "5a11c24c-3f0b-4b38-bc39-c956598a5ccd", "name": null, "subtype": null, "class": null, "height": null, "num_floors": null, "surge_class": 6, "surge_ft": 5.5, "flood_active": false, "exposure_score": 0.165, "exposure_category": "low"}, "geometry": {"type": "Polygon", "coordinates": [[[-81.9518767, 26.4620885], [-81.9518487, 26.4620797], [-81.9518237, 26.4621432], [-81.9518518, 26.462152], [-81.9518767, 26.4620885]]]}}, {"id": "550", "type": "Feature", "properties": {"id": "29a8d652-ae11-45fc-9b0e-5c14982a63e7", "name": null, "subtype": null, "class": null, "height": null, "num_floors": null, "surge_class": 7, "surge_ft": 6.5, "flood_active": false, "exposure_score": 0.195, "exposure_category": "low"}, "geometry": {"type": "Polygon", "coordinates": [[[-81.9518327, 26.4619974], [-81.9518455, 26.4619929], [-81.9518499, 26.4618951], [-81.9518154, 26.4618939], [-81.9518111, 26.4619915], [-81.9518183, 26.4619966], [-81.9518327, 26.4619974]]]}}, {"id": "551", "type": "Feature", "properties": {"id": "d410ad01-ce06-464a-ac01-9100f1a5b1d9", "name": null, "subtype": null, "class": null, "height": null, "num_floors": null, "surge_class": 6, "surge_ft": 5.5, "flood_active": false, "exposure_score": 0.165, "exposure_category": "low"}, "geometry": {"type": "Polygon", "coordinates": [[[-81.951783, 26.4621413], [-81.9518183, 26.4621496], [-81.9518427, 26.4620662], [-81.9518074, 26.4620579], [-81.951783, 26.4621413]]]}}, {"id": "552", "type": "Feature", "properties": {"id": "2f7ddee0-5e93-4ce3-9838-39b8b2cd4f52", "name": null, "subtype": null, "class": null, "height": 4.442817687988281, "num_floors": null, "surge_class": 6, "surge_ft": 5.5, "flood_active": false, "exposure_score": 0.165, "exposure_category": "low"}, "geometry": {"type": "Polygon", "coordinates": [[[-81.951895, 26.462389], [-81.951914, 26.462293], [-81.951759, 26.462267], [-81.951739, 26.462364], [-81.951895, 26.462389]]]}}, {"id": "553", "type": "Feature", "properties": {"id": "1dc3a990-a3db-4455-9300-eeef08f758cf", "name": null, "subtype": null, "class": null, "height": null, "num_floors": null, "surge_class": 8, "surge_ft": 7.5, "flood_active": false, "exposure_score": 0.225, "exposure_category": "low"}, "geometry": {"type": "Polygon", "coordinates": [[[-81.9518428, 26.461876], [-81.9518627, 26.4618898], [-81.9519115, 26.4618336], [-81.9518916, 26.4618198], [-81.9518682, 26.4618453], [-81.9518614, 26.4618401], [-81.9518345, 26.4618701], [-81.9518428, 26.461876]]]}}, {"id": "554", "type": "Feature", "properties": {"id": "88b51a24-46af-4eee-bb41-1a5a8b5f1059", "name": null, "subtype": null, "class": null, "height": null, "num_floors": null, "surge_class": 8, "surge_ft": 7.5, "flood_active": false, "exposure_score": 0.225, "exposure_category": "low"}, "geometry": {"type": "Polygon", "coordinates": [[[-81.9518923, 26.4620281], [-81.9519296, 26.4620288], [-81.9519318, 26.4619366], [-81.9518945, 26.4619359], [-81.9518923, 26.4620281]]]}}, {"id": "555", "type": "Feature", "properties": {"id": "68be13dd-191d-4218-8de4-9f0bb59634e9", "name": null, "subtype": null, "class": null, "height": 3.849928855895996, "num_floors": null, "surge_class": 7, "surge_ft": 6.5, "flood_active": false, "exposure_score": 0.195, "exposure_category": "low"}, "geometry": {"type": "Polygon", "coordinates": [[[-81.951979, 26.4625936], [-81.9517599, 26.4625445], [-81.9517131, 26.4627117], [-81.9519324, 26.4627609], [-81.9519446, 26.4627511], [-81.9519854, 26.4626054], [-81.951979, 26.4625936]]]}}, {"id": "556", "type": "Feature", "properties": {"id": "0cfaf3f0-d70e-4c8b-9499-ff160532bfcb", "name": null, "subtype": null, "class": null, "height": null, "num_floors": null, "surge_class": 6, "surge_ft": 5.5, "flood_active": false, "exposure_score": 0.165, "exposure_category": "low"}, "geometry": {"type": "Polygon", "coordinates": [[[-81.9515838, 26.4632242], [-81.9518137, 26.4632753], [-81.951887, 26.4630109], [-81.9516571, 26.4629598], [-81.9515838, 26.4632242]]]}}, {"id": "557", "type": "Feature", "properties": {"id": "d5739b5e-8b9e-493d-8c2f-5f8f36bae190", "name": null, "subtype": null, "class": null, "height": null, "num_floors": null, "surge_class": 6, "surge_ft": 5.5, "flood_active": false, "exposure_score": 0.165, "exposure_category": "low"}, "geometry": {"type": "Polygon", "coordinates": [[[-81.9516417, 26.4619536], [-81.9516537, 26.4619662], [-81.9516785, 26.4619473], [-81.9516802, 26.4619286], [-81.9516708, 26.461928], [-81.9516717, 26.4619178], [-81.9516825, 26.4619186], [-81.9516854, 26.4618856], [-81.9516725, 26.4618768], [-81.9516483, 26.4618752], [-81.9516417, 26.4619536]]]}}, {"id": "558", "type": "Feature", "properties": {"id": "7d197ab2-928c-47a3-89ac-d73de57bbac4", "name": null, "subtype": null, "class": null, "height": null, "num_floors": null, "surge_class": 8, "surge_ft": 7.5, "flood_active": false, "exposure_score": 0.225, "exposure_category": "low"}, "geometry": {"type": "Polygon", "coordinates": [[[-81.9516648, 26.4618355], [-81.9516862, 26.4618478], [-81.9517385, 26.4617755], [-81.9517146, 26.4617616], [-81.9516891, 26.4617969], [-81.9516799, 26.4617916], [-81.9516698, 26.4618055], [-81.9516815, 26.4618123], [-81.9516648, 26.4618355]]]}}, {"id": "559", "type": "Feature", "properties": {"id": "adc5f0ed-5e8d-4f2c-b18f-08df3deec2be", "name": null, "subtype": null, "class": null, "height": null, "num_floors": null, "surge_class": 8, "surge_ft": 7.5, "flood_active": false, "exposure_score": 0.225, "exposure_category": "low"}, "geometry": {"type": "Polygon", "coordinates": [[[-81.9517498, 26.4618648], [-81.9517708, 26.4618771], [-81.9518097, 26.4618241], [-81.9517887, 26.4618117], [-81.9517498, 26.4618648]]]}}, {"id": "560", "type": "Feature", "properties": {"id": "7781eb2d-e4ff-4896-adbb-de381eee0299", "name": null, "subtype": null, "class": null, "height": null, "num_floors": null, "surge_class": 7, "surge_ft": 6.5, "flood_active": false, "exposure_score": 0.195, "exposure_category": "low"}, "geometry": {"type": "Polygon", "coordinates": [[[-81.9517245, 26.4619969], [-81.95176, 26.462003], [-81.9517751, 26.461932], [-81.9517395, 26.4619259], [-81.9517245, 26.4619969]]]}}, {"id": "561", "type": "Feature", "properties": {"id": "661f3079-89ce-4638-bcf9-da319e75e7e4", "name": null, "subtype": null, "class": null, "height": 4.149178981781006, "num_floors": null, "surge_class": 6, "surge_ft": 5.5, "flood_active": false, "exposure_score": 0.165, "exposure_category": "low"}, "geometry": {"type": "Polygon", "coordinates": [[[-81.951655, 26.4620209], [-81.9516308, 26.4621101], [-81.9516626, 26.4621175], [-81.9516607, 26.4621235], [-81.9517703, 26.4621486], [-81.9517806, 26.4621394], [-81.9518062, 26.4620583], [-81.9516865, 26.4620284], [-81.951655, 26.4620209]]]}}, {"id": "562", "type": "Feature", "properties": {"id": "1b57f4f5-b9e5-4bbd-af0e-0b560553a24d", "name": null, "subtype": null, "class": null, "height": null, "num_floors": null, "surge_class": 8, "surge_ft": 7.5, "flood_active": false, "exposure_score": 0.225, "exposure_category": "low"}, "geometry": {"type": "Polygon", "coordinates": [[[-81.951716, 26.4616849], [-81.9517402, 26.4616873], [-81.9517482, 26.461624], [-81.951724, 26.4616215], [-81.951716, 26.4616849]]]}}, {"id": "563", "type": "Feature", "properties": {"id": "f9d2c946-ca42-4fda-ae4c-ba5ac2bb2cb7", "name": null, "subtype": null, "class": null, "height": null, "num_floors": null, "surge_class": 9, "surge_ft": 8.5, "flood_active": false, "exposure_score": 0.255, "exposure_category": "moderate"}, "geometry": {"type": "Polygon", "coordinates": [[[-81.9516834, 26.461068], [-81.951643, 26.461061], [-81.9516318, 26.461113], [-81.9516076, 26.4611089], [-81.9515839, 26.4612189], [-81.9516486, 26.46123], [-81.9516834, 26.461068]]]}}, {"id": "564", "type": "Feature", "properties": {"id": "342bce62-3cc6-41e5-af4c-c3ce1cd91f31", "name": null, "subtype": null, "class": null, "height": null, "num_floors": null, "surge_class": 8, "surge_ft": 7.5, "flood_active": false, "exposure_score": 0.225, "exposure_category": "low"}, "geometry": {"type": "Polygon", "coordinates": [[[-81.9516253, 26.4616733], [-81.9516516, 26.4616756], [-81.9516542, 26.4616516], [-81.9516635, 26.4616524], [-81.951667, 26.4616199], [-81.951658, 26.4616191], [-81.9516596, 26.4616047], [-81.951633, 26.4616023], [-81.9516253, 26.4616733]]]}}, {"id": "565", "type": "Feature", "properties": {"id": "19632a9b-d593-451d-bea2-17145ca0fcca", "name": null, "subtype": null, "class": null, "height": null, "num_floors": null, "surge_class": 7, "surge_ft": 6.5, "flood_active": false, "exposure_score": 0.195, "exposure_category": "low"}, "geometry": {"type": "Polygon", "coordinates": [[[-81.9515386, 26.4618303], [-81.9515669, 26.4618488], [-81.9516538, 26.4617425], [-81.9516269, 26.4617248], [-81.9516144, 26.4617401], [-81.9516085, 26.4617362], [-81.9516006, 26.4617458], [-81.9516056, 26.4617491], [-81.9516002, 26.4617556], [-81.9515922, 26.4617537], [-81.9515779, 26.4617713], [-81.9515837, 26.461775], [-81.9515386, 26.4618303]]]}}, {"id": "566", "type": "Feature", "properties": {"id": "77f02aa3-e6e2-4761-b9f5-32328277c35a", "name": null, "subtype": null, "class": null, "height": null, "num_floors": null, "surge_class": 6, "surge_ft": 5.5, "flood_active": false, "exposure_score": 0.165, "exposure_category": "low"}, "geometry": {"type": "Polygon", "coordinates": [[[-81.9515664, 26.4619631], [-81.9515973, 26.4619675], [-81.951614, 26.4618735], [-81.9515832, 26.4618691], [-81.9515664, 26.4619631]]]}}, {"id": "567", "type": "Feature", "properties": {"id": "4607f0ed-bbc2-40df-8f97-359dd96a618d", "name": null, "subtype": null, "class": null, "height": null, "num_floors": null, "surge_class": 6, "surge_ft": 5.5, "flood_active": false, "exposure_score": 0.165, "exposure_category": "low"}, "geometry": {"type": "Polygon", "coordinates": [[[-81.9515226, 26.4621351], [-81.9515525, 26.4621429], [-81.9515617, 26.4621145], [-81.9515848, 26.4621206], [-81.9515958, 26.4620869], [-81.9515693, 26.4620799], [-81.95159, 26.4620163], [-81.9515636, 26.4620094], [-81.9515226, 26.4621351]]]}}, {"id": "568", "type": "Feature", "properties": {"id": "60204042-a667-4e54-a8b8-5b2a21889ae1", "name": null, "subtype": null, "class": null, "height": null, "num_floors": null, "surge_class": 8, "surge_ft": 7.5, "flood_active": false, "exposure_score": 0.225, "exposure_category": "low"}, "geometry": {"type": "Polygon", "coordinates": [[[-81.9515222, 26.4612697], [-81.9514845, 26.4614002], [-81.951554, 26.4614163], [-81.9515917, 26.4612857], [-81.9515222, 26.4612697]]]}}, {"id": "569", "type": "Feature", "properties": {"id": "7f6ef17e-a859-4d5c-901b-f1e8bfe7bfef", "name": "Olsen Marine Service", "subtype": null, "class": null, "height": 3.1332359313964844, "num_floors": null, "surge_class": 8, "surge_ft": 7.5, "flood_active": false, "exposure_score": 0.225, "exposure_category": "low"}, "geometry": {"type": "Polygon", "coordinates": [[[-81.9515288, 26.4611681], [-81.9515627, 26.4611757], [-81.9515995, 26.4610448], [-81.9514767, 26.4610172], [-81.9514024, 26.4612818], [-81.9514913, 26.4613018], [-81.9515288, 26.4611681]]]}}, {"id": "570", "type": "Feature", "properties": {"id": "d14305c3-bd3f-488e-924a-f16bd3f15a5e", "name": null, "subtype": null, "class": null, "height": null, "num_floors": null, "surge_class": 6, "surge_ft": 5.5, "flood_active": false, "exposure_score": 0.165, "exposure_category": "low"}, "geometry": {"type": "Polygon", "coordinates": [[[-81.9513922, 26.4619904], [-81.9513634, 26.462082], [-81.9514007, 26.4620914], [-81.9514295, 26.4619998], [-81.9513922, 26.4619904]]]}}, {"id": "571", "type": "Feature", "properties": {"id": "bd05a8a6-b0e2-4399-bad8-2a0a01b91d9f", "name": null, "subtype": null, "class": null, "height": null, "num_floors": null, "surge_class": 6, "surge_ft": 5.5, "flood_active": false, "exposure_score": 0.165, "exposure_category": "low"}, "geometry": {"type": "Polygon", "coordinates": [[[-81.9514519, 26.4621079], [-81.9515114, 26.4621225], [-81.9515346, 26.4620471], [-81.9515115, 26.4620414], [-81.9515224, 26.4620062], [-81.951486, 26.4619972], [-81.9514519, 26.4621079]]]}}, {"id": "572", "type": "Feature", "properties": {"id": "1c3fdcf5-e9c1-4428-9e5d-4483871ecdc9", "name": null, "subtype": null, "class": null, "height": null, "num_floors": null, "surge_class": 6, "surge_ft": 5.5, "flood_active": false, "exposure_score": 0.165, "exposure_category": "low"}, "geometry": {"type": "Polygon", "coordinates": [[[-81.9514823, 26.4619416], [-81.9515122, 26.4619442], [-81.9515228, 26.4618482], [-81.9514665, 26.4618442], [-81.9514558, 26.4619309], [-81.9514828, 26.4619328], [-81.9514823, 26.4619416]]]}}, {"id": "573", "type": "Feature", "properties": {"id": "0d90e0a7-8be7-42a4-8a2f-059fba928792", "name": null, "subtype": null, "class": null, "height": null, "num_floors": null, "surge_class": 6, "surge_ft": 5.5, "flood_active": false, "exposure_score": 0.165, "exposure_category": "low"}, "geometry": {"type": "Polygon", "coordinates": [[[-81.951436, 26.4618081], [-81.9514666, 26.4618287], [-81.9515534, 26.461725], [-81.9515226, 26.4617044], [-81.9515149, 26.4617135], [-81.9515081, 26.4617089], [-81.9514933, 26.4617266], [-81.9515003, 26.4617313], [-81.951436, 26.4618081]]]}}, {"id": "574", "type": "Feature", "properties": {"id": "ee13fd53-45ae-44ee-8a06-2764b66569a0", "name": null, "subtype": null, "class": null, "height": 3.086738348007202, "num_floors": null, "surge_class": 6, "surge_ft": 5.5, "flood_active": false, "exposure_score": 0.165, "exposure_category": "low"}, "geometry": {"type": "Polygon", "coordinates": [[[-81.951364, 26.4622237], [-81.9515547, 26.4622652], [-81.9515779, 26.4621798], [-81.9513872, 26.4621383], [-81.951364, 26.4622237]]]}}, {"id": "575", "type": "Feature", "properties": {"id": "4e803610-6b7a-4d00-97c2-89e31d5d8120", "name": null, "subtype": null, "class": null, "height": 4.932989597320557, "num_floors": null, "surge_class": 7, "surge_ft": 6.5, "flood_active": false, "exposure_score": 0.195, "exposure_category": "low"}, "geometry": {"type": "Polygon", "coordinates": [[[-81.95151, 26.462791], [-81.951522, 26.462738], [-81.951278, 26.462692], [-81.951258, 26.462778], [-81.951352, 26.462795], [-81.95136, 26.462763], [-81.95151, 26.462791]]]}}, {"id": "576", "type": "Feature", "properties": {"id": "93898b85-5104-4e02-848a-53a7162980b7", "name": null, "subtype": null, "class": null, "height": 3.541144847869873, "num_floors": null, "surge_class": 5, "surge_ft": 4.5, "flood_active": false, "exposure_score": 0.135, "exposure_category": "low"}, "geometry": {"type": "Polygon", "coordinates": [[[-81.9513205, 26.464003], [-81.9514742, 26.4640382], [-81.9515743, 26.4636882], [-81.9516807, 26.4632992], [-81.9515273, 26.4632671], [-81.9514224, 26.463633], [-81.951538, 26.4636588], [-81.9515321, 26.4636795], [-81.9514184, 26.4636549], [-81.9513205, 26.464003]]]}}, {"id": "577", "type": "Feature", "properties": {"id": "22b97f7e-0785-4f40-baab-42d3474b3517", "name": null, "subtype": null, "class": null, "height": null, "num_floors": null, "surge_class": 8, "surge_ft": 7.5, "flood_active": false, "exposure_score": 0.225, "exposure_category": "low"}, "geometry": {"type": "Polygon", "coordinates": [[[-81.951906, 26.4645565], [-81.9520753, 26.4645942], [-81.9521099, 26.4644696], [-81.9521492, 26.4644783], [-81.952167, 26.4644143], [-81.9520604, 26.4643905], [-81.952064, 26.4643775], [-81.9519518, 26.4643525], [-81.9519082, 26.4645096], [-81.9519184, 26.4645118], [-81.951906, 26.4645565]]]}}, {"id": "578", "type": "Feature", "properties": {"id": "0e93e8f0-33d5-40b0-a01e-6a9f150b1d83", "name": null, "subtype": "outbuilding", "class": "roof", "height": null, "num_floors": null, "surge_class": 7, "surge_ft": 6.5, "flood_active": false, "exposure_score": 0.195, "exposure_category": "low"}, "geometry": {"type": "Polygon", "coordinates": [[[-81.9519513, 26.4627791], [-81.9520171, 26.4627941], [-81.9520694, 26.4626092], [-81.9520018, 26.4625938], [-81.951996, 26.4625925], [-81.9519437, 26.4627774], [-81.9519513, 26.4627791]]]}}, {"id": "579", "type": "Feature", "properties": {"id": "2f4c661b-f000-4702-824f-3fcd7ddc1eaa", "name": null, "subtype": null, "class": null, "height": null, "num_floors": null, "surge_class": 7, "surge_ft": 6.5, "flood_active": false, "exposure_score": 0.195, "exposure_category": "low"}, "geometry": {"type": "Polygon", "coordinates": [[[-81.9519074, 26.4622026], [-81.9519422, 26.4622103], [-81.9519701, 26.4621096], [-81.9519353, 26.4621019], [-81.9519074, 26.4622026]]]}}, {"id": "580", "type": "Feature", "properties": {"id": "09044290-2eaa-4d29-9acc-fdcbfc2cfd3a", "name": null, "subtype": null, "class": null, "height": null, "num_floors": null, "surge_class": 9, "surge_ft": 8.5, "flood_active": false, "exposure_score": 0.255, "exposure_category": "moderate"}, "geometry": {"type": "Polygon", "coordinates": [[[-81.9520483, 26.461446], [-81.9520515, 26.4613765], [-81.9519053, 26.4613711], [-81.9519021, 26.4614406], [-81.9520483, 26.461446]]]}}, {"id": "581", "type": "Feature", "properties": {"id": "6a7f636d-06d6-44d5-ae7a-67092832ede9", "name": null, "subtype": null, "class": null, "height": null, "num_floors": null, "surge_class": 9, "surge_ft": 8.5, "flood_active": false, "exposure_score": 0.255, "exposure_category": "moderate"}, "geometry": {"type": "Polygon", "coordinates": [[[-81.9520298, 26.4615318], [-81.9520391, 26.4614583], [-81.9519014, 26.4614443], [-81.9518921, 26.4615178], [-81.9520298, 26.4615318]]]}}, {"id": "582", "type": "Feature", "properties": {"id": "88daff5b-1be3-41f6-b89e-677b22627083", "name": null, "subtype": null, "class": null, "height": null, "num_floors": null, "surge_class": 8, "surge_ft": 7.5, "flood_active": false, "exposure_score": 0.225, "exposure_category": "low"}, "geometry": {"type": "Polygon", "coordinates": [[[-81.9519539, 26.4617696], [-81.9519942, 26.4617745], [-81.9520075, 26.4616858], [-81.9519672, 26.4616809], [-81.9519539, 26.4617696]]]}}, {"id": "583", "type": "Feature", "properties": {"id": "54aff84f-fc15-4755-a42c-25ecf2e4073b", "name": null, "subtype": null, "class": null, "height": null, "num_floors": null, "surge_class": 9, "surge_ft": 8.5, "flood_active": false, "exposure_score": 0.255, "exposure_category": "moderate"}, "geometry": {"type": "Polygon", "coordinates": [[[-81.9520854, 26.4612934], [-81.9519456, 26.4612773], [-81.9519354, 26.4613481], [-81.9520752, 26.4613643], [-81.9520854, 26.4612934]]]}}, {"id": "584", "type": "Feature", "properties": {"id": "d5478f89-edac-4acd-b3e2-23e8f9b2d7f5", "name": null, "subtype": null, "class": null, "height": null, "num_floors": null, "surge_class": 9, "surge_ft": 8.5, "flood_active": false, "exposure_score": 0.255, "exposure_category": "moderate"}, "geometry": {"type": "Polygon", "coordinates": [[[-81.9519588, 26.4612134], [-81.9519525, 26.461268], [-81.9521064, 26.4612824], [-81.9521127, 26.4612277], [-81.9519588, 26.4612134]]]}}, {"id": "585", "type": "Feature", "properties": {"id": "5babf7e4-53a6-4340-95eb-ab72628c90e5", "name": null, "subtype": null, "class": null, "height": null, "num_floors": null, "surge_class": 9, "surge_ft": 8.5, "flood_active": false, "exposure_score": 0.255, "exposure_category": "moderate"}, "geometry": {"type": "Polygon", "coordinates": [[[-81.9521241, 26.461125], [-81.9520055, 26.4610967], [-81.9519775, 26.4611908], [-81.9520961, 26.4612192], [-81.9521241, 26.461125]]]}}, {"id": "586", "type": "Feature", "properties": {"id": "d067823c-c7b7-480f-9730-da1e9300f6d6", "name": null, "subtype": null, "class": null, "height": null, "num_floors": null, "surge_class": 7, "surge_ft": 6.5, "flood_active": false, "exposure_score": 0.195, "exposure_category": "low"}, "geometry": {"type": "Polygon", "coordinates": [[[-81.9520018, 26.4622467], [-81.9520334, 26.4622544], [-81.9520687, 26.4621387], [-81.952037, 26.4621309], [-81.9520018, 26.4622467]]]}}, {"id": "587", "type": "Feature", "properties": {"id": "d365c3d7-f222-467e-98fb-e8698b052e1e", "name": null, "subtype": null, "class": null, "height": null, "num_floors": null, "surge_class": 8, "surge_ft": 7.5, "flood_active": false, "exposure_score": 0.225, "exposure_category": "low"}, "geometry": {"type": "Polygon", "coordinates": [[[-81.9520917, 26.4622577], [-81.9521218, 26.4622653], [-81.952123, 26.4622615], [-81.9521478, 26.4622678], [-81.9521714, 26.4621929], [-81.9521461, 26.4621865], [-81.9521508, 26.4621717], [-81.9521212, 26.4621642], [-81.9520917, 26.4622577]]]}}, {"id": "588", "type": "Feature", "properties": {"id": "bf0a71e0-0fa1-4075-a756-175559f6bb39", "name": null, "subtype": null, "class": null, "height": null, "num_floors": null, "surge_class": 8, "surge_ft": 7.5, "flood_active": false, "exposure_score": 0.225, "exposure_category": "low"}, "geometry": {"type": "Polygon", "coordinates": [[[-81.9520462, 26.4620693], [-81.9520826, 26.4620816], [-81.9521212, 26.46199], [-81.9520847, 26.4619777], [-81.9520462, 26.4620693]]]}}, {"id": "589", "type": "Feature", "properties": {"id": "b110c0dd-1510-4f1f-bd9c-455b8474d6ad", "name": null, "subtype": null, "class": null, "height": null, "num_floors": null, "surge_class": 9, "surge_ft": 8.5, "flood_active": false, "exposure_score": 0.255, "exposure_category": "moderate"}, "geometry": {"type": "Polygon", "coordinates": [[[-81.9520993, 26.4610549], [-81.9521127, 26.4609312], [-81.9520463, 26.4609254], [-81.9520328, 26.4610491], [-81.9520993, 26.4610549]]]}}, {"id": "590", "type": "Feature", "properties": {"id": "89df8b94-236e-4d90-95ff-3fb509f8622d", "name": null, "subtype": null, "class": null, "height": null, "num_floors": null, "surge_class": 9, "surge_ft": 8.5, "flood_active": false, "exposure_score": 0.255, "exposure_category": "moderate"}, "geometry": {"type": "Polygon", "coordinates": [[[-81.9521301, 26.4615676], [-81.9521577, 26.4614205], [-81.9520898, 26.4614103], [-81.9520623, 26.4615575], [-81.9521301, 26.4615676]]]}}, {"id": "591", "type": "Feature", "properties": {"id": "c03c23f5-1f3a-4164-bbee-bda974d34d58", "name": null, "subtype": null, "class": null, "height": null, "num_floors": null, "surge_class": 9, "surge_ft": 8.5, "flood_active": false, "exposure_score": 0.255, "exposure_category": "moderate"}, "geometry": {"type": "Polygon", "coordinates": [[[-81.9521306, 26.461271], [-81.9520869, 26.4613982], [-81.9521579, 26.4614178], [-81.9522017, 26.4612906], [-81.9521306, 26.461271]]]}}, {"id": "592", "type": "Feature", "properties": {"id": "7ae362fd-10e1-464b-8dac-a7042a493ad2", "name": null, "subtype": null, "class": null, "height": null, "num_floors": null, "surge_class": 9, "surge_ft": 8.5, "flood_active": false, "exposure_score": 0.255, "exposure_category": "moderate"}, "geometry": {"type": "Polygon", "coordinates": [[[-81.9521591, 26.4610883], [-81.952126, 26.4612361], [-81.9521991, 26.4612492], [-81.9522322, 26.4611015], [-81.9521591, 26.4610883]]]}}, {"id": "593", "type": "Feature", "properties": {"id": "1feb6cdb-79d9-4ea7-a31e-3e732d1f22e4", "name": null, "subtype": null, "class": null, "height": 3.128288507461548, "num_floors": null, "surge_class": 7, "surge_ft": 6.5, "flood_active": false, "exposure_score": 0.195, "exposure_category": "low"}, "geometry": {"type": "Polygon", "coordinates": [[[-81.9522636, 26.4642656], [-81.9523467, 26.4642845], [-81.9523912, 26.4641277], [-81.952236, 26.4640925], [-81.9522155, 26.464165], [-81.9522875, 26.4641813], [-81.9522636, 26.4642656]]]}}, {"id": "594", "type": "Feature", "properties": {"id": "bb1228b0-4154-4977-98e6-ec044a0eab31", "name": null, "subtype": null, "class": null, "height": 3.541102647781372, "num_floors": null, "surge_class": 6, "surge_ft": 5.5, "flood_active": false, "exposure_score": 0.165, "exposure_category": "low"}, "geometry": {"type": "Polygon", "coordinates": [[[-81.9522366, 26.4636988], [-81.9524204, 26.4637425], [-81.9524611, 26.4636054], [-81.9522773, 26.4635617], [-81.9522366, 26.4636988]]]}}, {"id": "595", "type": "Feature", "properties": {"id": "d8eeb076-e3ee-4297-a846-111ebd58792d", "name": null, "subtype": null, "class": null, "height": null, "num_floors": null, "surge_class": 9, "surge_ft": 8.5, "flood_active": false, "exposure_score": 0.255, "exposure_category": "moderate"}, "geometry": {"type": "Polygon", "coordinates": [[[-81.952197, 26.4610576], [-81.9522913, 26.4610895], [-81.9523274, 26.4610039], [-81.9522332, 26.460972], [-81.952197, 26.4610576]]]}}, {"id": "596", "type": "Feature", "properties": {"id": "34634610-b909-45fd-ae86-12c6d9367922", "name": null, "subtype": null, "class": null, "height": null, "num_floors": null, "surge_class": 9, "surge_ft": 8.5, "flood_active": false, "exposure_score": 0.255, "exposure_category": "moderate"}, "geometry": {"type": "Polygon", "coordinates": [[[-81.9523692, 26.4612126], [-81.9523009, 26.4611868], [-81.9522327, 26.4613316], [-81.952301, 26.4613573], [-81.9523692, 26.4612126]]]}}, {"id": "597", "type": "Feature", "properties": {"id": "9edbd955-6726-45c2-8ba2-c8a6110fe601", "name": null, "subtype": null, "class": null, "height": null, "num_floors": null, "surge_class": 6, "surge_ft": 5.5, "flood_active": false, "exposure_score": 0.165, "exposure_category": "low"}, "geometry": {"type": "Polygon", "coordinates": [[[-81.952584, 26.462973], [-81.952409, 26.462935], [-81.952381, 26.463042], [-81.952555, 26.46308], [-81.952584, 26.462973]]]}}, {"id": "598", "type": "Feature", "properties": {"id": "af922a10-63c6-43aa-9b11-b64f89b215c1", "name": null, "subtype": null, "class": null, "height": null, "num_floors": null, "surge_class": 7, "surge_ft": 6.5, "flood_active": false, "exposure_score": 0.195, "exposure_category": "low"}, "geometry": {"type": "Polygon", "coordinates": [[[-81.9524844, 26.4633723], [-81.9525464, 26.4633928], [-81.9525821, 26.463306], [-81.9524064, 26.4632481], [-81.9523508, 26.4633833], [-81.9524644, 26.4634207], [-81.9524844, 26.4633723]]]}}, {"id": "599", "type": "Feature", "properties": {"id": "e2e2ab9e-5468-4266-8263-26deb15fe3c1", "name": null, "subtype": null, "class": null, "height": null, "num_floors": null, "surge_class": 6, "surge_ft": 5.5, "flood_active": false, "exposure_score": 0.165, "exposure_category": "low"}, "geometry": {"type": "Polygon", "coordinates": [[[-81.952353, 26.4632012], [-81.9524997, 26.4632341], [-81.9525426, 26.4630809], [-81.9523959, 26.463048], [-81.952353, 26.4632012]]]}}, {"id": "600", "type": "Feature", "properties": {"id": "9f28bf2a-448d-4fec-87a9-9f49e8ea504e", "name": "Fort Myers Beach Moose Lodge 964", "subtype": "civic", "class": null, "height": 3.2204151153564453, "num_floors": null, "surge_class": 6, "surge_ft": 5.5, "flood_active": false, "exposure_score": 0.165, "exposure_category": "low"}, "geometry": {"type": "Polygon", "coordinates": [[[-81.9522231, 26.4638512], [-81.95219, 26.4639696], [-81.952463, 26.4640307], [-81.952491, 26.4639304], [-81.9524036, 26.4639108], [-81.952422, 26.4638451], [-81.9525293, 26.4638692], [-81.9525491, 26.4637984], [-81.9522562, 26.4637328], [-81.9522231, 26.4638512]]]}}, {"id": "601", "type": "Feature", "properties": {"id": "54d4b380-dbe1-4b37-9709-d0f1fc0e3cf6", "name": null, "subtype": null, "class": null, "height": null, "num_floors": null, "surge_class": 8, "surge_ft": 7.5, "flood_active": false, "exposure_score": 0.225, "exposure_category": "low"}, "geometry": {"type": "Polygon", "coordinates": [[[-81.9524104, 26.4644539], [-81.9524837, 26.4644714], [-81.9525055, 26.4643982], [-81.9524323, 26.4643807], [-81.9524104, 26.4644539]]]}}, {"id": "602", "type": "Feature", "properties": {"id": "2c070c8c-a305-4f22-ad91-9d713df026c9", "name": null, "subtype": null, "class": null, "height": null, "num_floors": null, "surge_class": 8, "surge_ft": 7.5, "flood_active": false, "exposure_score": 0.225, "exposure_category": "low"}, "geometry": {"type": "Polygon", "coordinates": [[[-81.9521985, 26.4643774], [-81.952292, 26.4643981], [-81.9523193, 26.4642995], [-81.9522258, 26.4642788], [-81.9521985, 26.4643774]]]}}, {"id": "603", "type": "Feature", "properties": {"id": "7210d89f-2838-414f-942b-d4241a157848", "name": null, "subtype": null, "class": null, "height": 3.5091192722320557, "num_floors": null, "surge_class": 7, "surge_ft": 6.5, "flood_active": false, "exposure_score": 0.195, "exposure_category": "low"}, "geometry": {"type": "Polygon", "coordinates": [[[-81.9525233, 26.464291], [-81.9527456, 26.4643438], [-81.9527714, 26.4642567], [-81.952549, 26.4642039], [-81.9525233, 26.464291]]]}}, {"id": "604", "type": "Feature", "properties": {"id": "26f3914c-3e13-4b24-9804-20bdb8eba335", "name": null, "subtype": null, "class": null, "height": 4.839784145355225, "num_floors": null, "surge_class": 8, "surge_ft": 7.5, "flood_active": false, "exposure_score": 0.225, "exposure_category": "low"}, "geometry": {"type": "Polygon", "coordinates": [[[-81.9525774, 26.464478], [-81.9526853, 26.4645029], [-81.9527148, 26.4644005], [-81.9526069, 26.4643756], [-81.9525774, 26.464478]]]}}, {"id": "605", "type": "Feature", "properties": {"id": "ee7d5310-4399-422e-99c0-133ab69caa3c", "name": null, "subtype": null, "class": null, "height": null, "num_floors": null, "surge_class": 7, "surge_ft": 6.5, "flood_active": false, "exposure_score": 0.195, "exposure_category": "low"}, "geometry": {"type": "Polygon", "coordinates": [[[-81.9527429, 26.4636424], [-81.9528787, 26.4636704], [-81.9529123, 26.4635468], [-81.9527901, 26.4635212], [-81.9527729, 26.4635854], [-81.9527583, 26.4635818], [-81.9527429, 26.4636424]]]}}, {"id": "606", "type": "Feature", "properties": {"id": "ea38ec4d-e176-44de-862f-1271aee38941", "name": null, "subtype": null, "class": null, "height": 4.5740742683410645, "num_floors": null, "surge_class": 5, "surge_ft": 4.5, "flood_active": false, "exposure_score": 0.135, "exposure_category": "low"}, "geometry": {"type": "Polygon", "coordinates": [[[-81.9528127, 26.4634875], [-81.9529752, 26.4635233], [-81.9529881, 26.4634762], [-81.9529674, 26.4634717], [-81.9529734, 26.4634498], [-81.9529939, 26.4634543], [-81.9530078, 26.4634035], [-81.9529829, 26.463398], [-81.9529921, 26.4633646], [-81.9528548, 26.4633343], [-81.9528127, 26.4634875]]]}}, {"id": "607", "type": "Feature", "properties": {"id": "8157e132-df4a-49fe-88ff-ef9fc45fe76d", "name": null, "subtype": null, "class": null, "height": 4.467062473297119, "num_floors": null, "surge_class": 5, "surge_ft": 4.5, "flood_active": false, "exposure_score": 0.135, "exposure_category": "low"}, "geometry": {"type": "Polygon", "coordinates": [[[-81.9528882, 26.4633057], [-81.9530049, 26.4633333], [-81.9530278, 26.4632555], [-81.9529111, 26.4632279], [-81.9528882, 26.4633057]]]}}, {"id": "608", "type": "Feature", "properties": {"id": "61e6da06-b5f9-47bf-96e3-b2a60254cc16", "name": null, "subtype": null, "class": null, "height": null, "num_floors": null, "surge_class": 8, "surge_ft": 7.5, "flood_active": false, "exposure_score": 0.225, "exposure_category": "low"}, "geometry": {"type": "Polygon", "coordinates": [[[-81.9529018, 26.4611655], [-81.9529444, 26.4611739], [-81.952936, 26.4612082], [-81.9530845, 26.4612373], [-81.9531007, 26.4611708], [-81.9530325, 26.4611575], [-81.9530403, 26.4611254], [-81.9529174, 26.4611014], [-81.9529018, 26.4611655]]]}}, {"id": "609", "type": "Feature", "properties": {"id": "9c251b0d-4748-47b3-83d4-aa396a223400", "name": null, "subtype": null, "class": null, "height": 3.9966442584991455, "num_floors": null, "surge_class": 8, "surge_ft": 7.5, "flood_active": false, "exposure_score": 0.225, "exposure_category": "low"}, "geometry": {"type": "Polygon", "coordinates": [[[-81.9530248, 26.4613168], [-81.9528535, 26.4612963], [-81.9528436, 26.4613623], [-81.9530149, 26.4613829], [-81.9530248, 26.4613168]]]}}, {"id": "610", "type": "Feature", "properties": {"id": "767b97c4-d4b0-4491-a03e-f6abadba0178", "name": null, "subtype": null, "class": null, "height": 3.506704807281494, "num_floors": null, "surge_class": 7, "surge_ft": 6.5, "flood_active": false, "exposure_score": 0.195, "exposure_category": "low"}, "geometry": {"type": "Polygon", "coordinates": [[[-81.9527143, 26.4620266], [-81.9529654, 26.4620842], [-81.9529959, 26.4619776], [-81.9527447, 26.46192], [-81.9527143, 26.4620266]]]}}, {"id": "611", "type": "Feature", "properties": {"id": "1aebf3a7-e09a-40da-bd3a-b8578ef0ec9a", "name": "Fantasy's At The Beach", "subtype": null, "class": null, "height": 3.107586145401001, "num_floors": null, "surge_class": 7, "surge_ft": 6.5, "flood_active": false, "exposure_score": 0.195, "exposure_category": "low"}, "geometry": {"type": "Polygon", "coordinates": [[[-81.9525149, 26.462336], [-81.9526349, 26.4623633], [-81.9526543, 26.4622952], [-81.9527768, 26.4623231], [-81.9527946, 26.4622604], [-81.9525536, 26.4622056], [-81.9525398, 26.4622543], [-81.9525224, 26.4622503], [-81.9525133, 26.4622821], [-81.9525292, 26.4622857], [-81.9525149, 26.462336]]]}}, {"id": "612", "type": "Feature", "properties": {"id": "7d6fe13c-c280-4489-a553-2dff9bdffe87", "name": null, "subtype": null, "class": null, "height": 4.384276866912842, "num_floors": null, "surge_class": 6, "surge_ft": 5.5, "flood_active": false, "exposure_score": 0.165, "exposure_category": "low"}, "geometry": {"type": "Polygon", "coordinates": [[[-81.9524986, 26.4623886], [-81.9524719, 26.4625162], [-81.952745, 26.462562], [-81.9527363, 26.4626037], [-81.9529063, 26.4626322], [-81.9529417, 26.4624629], [-81.9524986, 26.4623886]]]}}, {"id": "613", "type": "Feature", "properties": {"id": "03987c9a-641a-4f68-a16b-3fdf3b2f4562", "name": null, "subtype": null, "class": null, "height": null, "num_floors": null, "surge_class": 6, "surge_ft": 5.5, "flood_active": false, "exposure_score": 0.165, "exposure_category": "low"}, "geometry": {"type": "Polygon", "coordinates": [[[-81.9524565, 26.4627341], [-81.9524298, 26.4628938], [-81.9525951, 26.4629159], [-81.9526218, 26.4627562], [-81.9524565, 26.4627341]]]}}, {"id": "614", "type": "Feature", "properties": {"id": "317ff3ec-18e6-41f8-98bf-63db5a4cb9f4", "name": null, "subtype": null, "class": null, "height": null, "num_floors": null, "surge_class": 8, "surge_ft": 7.5, "flood_active": false, "exposure_score": 0.225, "exposure_category": "low"}, "geometry": {"type": "Polygon", "coordinates": [[[-81.9525752, 26.4601361], [-81.9525899, 26.4600678], [-81.9524165, 26.460038], [-81.9524019, 26.4601063], [-81.9525752, 26.4601361]]]}}, {"id": "615", "type": "Feature", "properties": {"id": "ab5d3009-205c-452c-ad19-e0e16cc20ac0", "name": "Gulf Star Marina", "subtype": null, "class": null, "height": 8.745148658752441, "num_floors": null, "surge_class": 8, "surge_ft": 7.5, "flood_active": false, "exposure_score": 0.225, "exposure_category": "low"}, "geometry": {"type": "Polygon", "coordinates": [[[-81.9528268, 26.4594496], [-81.9526779, 26.4594159], [-81.952686, 26.4593873], [-81.9525401, 26.4593543], [-81.952532, 26.4593829], [-81.9524255, 26.4593588], [-81.9523379, 26.4594015], [-81.9523115, 26.4594949], [-81.9522687, 26.4594852], [-81.9522237, 26.4596446], [-81.9522139, 26.4596424], [-81.9521897, 26.4597283], [-81.9522875, 26.4597504], [-81.9522919, 26.4597347], [-81.9524282, 26.4597655], [-81.9524237, 26.4597812], [-81.9525626, 26.4598127], [-81.9525671, 26.459797], [-81.9527189, 26.4598314], [-81.9527145, 26.4598471], [-81.9528157, 26.45987], [-81.9528432, 26.4597726], [-81.9528274, 26.459769], [-81.9528918, 26.4595411], [-81.9529076, 26.4595446], [-81.9529326, 26.4594564], [-81.9528313, 26.4594335], [-81.9528268, 26.4594496]]]}}, {"id": "616", "type": "Feature", "properties": {"id": "fe5ab579-e9ac-4941-bc91-5182fc2d9b8a", "name": null, "subtype": null, "class": null, "height": 3.756870985031128, "num_floors": null, "surge_class": 8, "surge_ft": 7.5, "flood_active": false, "exposure_score": 0.225, "exposure_category": "low"}, "geometry": {"type": "Polygon", "coordinates": [[[-81.9525788, 26.4604533], [-81.952588, 26.4604284], [-81.9525396, 26.4604141], [-81.952508, 26.4604996], [-81.9526241, 26.4605339], [-81.9526465, 26.4604733], [-81.9525788, 26.4604533]]]}}, {"id": "617", "type": "Feature", "properties": {"id": "2cf6df49-a9aa-4c9a-aa06-0592129c719e", "name": null, "subtype": null, "class": null, "height": 3.56480073928833, "num_floors": null, "surge_class": 8, "surge_ft": 7.5, "flood_active": false, "exposure_score": 0.225, "exposure_category": "low"}, "geometry": {"type": "Polygon", "coordinates": [[[-81.9525128, 26.4606877], [-81.952595, 26.4607119], [-81.9526435, 26.4605799], [-81.9525613, 26.4605557], [-81.9525128, 26.4606877]]]}}, {"id": "618", "type": "Feature", "properties": {"id": "8a2fcbb0-69de-44dd-9dbe-c6e0a5f54cea", "name": null, "subtype": null, "class": null, "height": 3.511669635772705, "num_floors": null, "surge_class": 8, "surge_ft": 7.5, "flood_active": false, "exposure_score": 0.225, "exposure_category": "low"}, "geometry": {"type": "Polygon", "coordinates": [[[-81.9526492, 26.4599802], [-81.9526471, 26.4600294], [-81.9527204, 26.4600318], [-81.9527225, 26.4599827], [-81.9526492, 26.4599802]]]}}, {"id": "619", "type": "Feature", "properties": {"id": "a43cc5f8-c593-4d17-ae11-1953e2d6d74a", "name": null, "subtype": null, "class": null, "height": null, "num_floors": null, "surge_class": 7, "surge_ft": 6.5, "flood_active": false, "exposure_score": 0.195, "exposure_category": "low"}, "geometry": {"type": "Polygon", "coordinates": [[[-81.9525921, 26.4585932], [-81.9526797, 26.4586119], [-81.952697, 26.4585469], [-81.9526094, 26.4585282], [-81.9525921, 26.4585932]]]}}, {"id": "620", "type": "Feature", "properties": {"id": "479dad51-5e58-4889-b5c2-95befe90c750", "name": null, "subtype": null, "class": null, "height": 4.863777160644531, "num_floors": null, "surge_class": 8, "surge_ft": 7.5, "flood_active": false, "exposure_score": 0.225, "exposure_category": "low"}, "geometry": {"type": "Polygon", "coordinates": [[[-81.952648, 26.456105], [-81.952652, 26.455966], [-81.952558, 26.455964], [-81.952554, 26.456103], [-81.952648, 26.456105]]]}}, {"id": "621", "type": "Feature", "properties": {"id": "e978b464-77f0-41e2-aafe-ac6eb153f517", "name": null, "subtype": null, "class": null, "height": 3.9933464527130127, "num_floors": null, "surge_class": 9, "surge_ft": 8.5, "flood_active": false, "exposure_score": 0.255, "exposure_category": "moderate"}, "geometry": {"type": "Polygon", "coordinates": [[[-81.952618, 26.45549], [-81.952427, 26.455495], [-81.95243, 26.455584], [-81.952621, 26.455578], [-81.952618, 26.45549]]]}}, {"id": "622", "type": "Feature", "properties": {"id": "5317e79f-cef5-4cd6-871b-1b8b72d2b48d", "name": null, "subtype": null, "class": null, "height": 4.555332660675049, "num_floors": null, "surge_class": 8, "surge_ft": 7.5, "flood_active": false, "exposure_score": 0.225, "exposure_category": "low"}, "geometry": {"type": "Polygon", "coordinates": [[[-81.952574, 26.455631], [-81.952573, 26.455601], [-81.952427, 26.455603], [-81.95243, 26.455709], [-81.952622, 26.455705], [-81.95262, 26.45563], [-81.952574, 26.455631]]]}}, {"id": "623", "type": "Feature", "properties": {"id": "738022dd-50bf-4d92-950e-ba0d41bb6ee7", "name": null, "subtype": null, "class": null, "height": 5.503589630126953, "num_floors": null, "surge_class": 8, "surge_ft": 7.5, "flood_active": false, "exposure_score": 0.225, "exposure_category": "low"}, "geometry": {"type": "Polygon", "coordinates": [[[-81.952663, 26.45534], [-81.952437, 26.455342], [-81.952439, 26.455452], [-81.952664, 26.45545], [-81.952663, 26.45534]]]}}, {"id": "624", "type": "Feature", "properties": {"id": "eb5e23f0-7b9b-4be4-a4b5-912b2c4c6682", "name": null, "subtype": null, "class": null, "height": 3.5540030002593994, "num_floors": null, "surge_class": 7, "surge_ft": 6.5, "flood_active": false, "exposure_score": 0.195, "exposure_category": "low"}, "geometry": {"type": "Polygon", "coordinates": [[[-81.952614, 26.455176], [-81.952613, 26.455063], [-81.952461, 26.455064], [-81.952463, 26.455177], [-81.952614, 26.455176]]]}}, {"id": "625", "type": "Feature", "properties": {"id": "067cdd79-e213-4e76-8a9d-b2b488034fc1", "name": null, "subtype": null, "class": null, "height": 3.24664568901062, "num_floors": null, "surge_class": 7, "surge_ft": 6.5, "flood_active": false, "exposure_score": 0.195, "exposure_category": "low"}, "geometry": {"type": "Polygon", "coordinates": [[[-81.952436, 26.454247], [-81.952438, 26.454339], [-81.952615, 26.454336], [-81.952613, 26.454245], [-81.952436, 26.454247]]]}}, {"id": "626", "type": "Feature", "properties": {"id": "5919af07-07c7-441c-b989-77048b718dab", "name": null, "subtype": null, "class": null, "height": 3.4438116550445557, "num_floors": null, "surge_class": 7, "surge_ft": 6.5, "flood_active": false, "exposure_score": 0.195, "exposure_category": "low"}, "geometry": {"type": "Polygon", "coordinates": [[[-81.952447, 26.454384], [-81.952447, 26.454484], [-81.952638, 26.454483], [-81.952637, 26.454399], [-81.952554, 26.4544], [-81.952554, 26.454383], [-81.952447, 26.454384]]]}}, {"id": "627", "type": "Feature", "properties": {"id": "3330c06e-65e8-4d5d-992d-973eb197d796", "name": null, "subtype": null, "class": null, "height": 3.23252534866333, "num_floors": null, "surge_class": 8, "surge_ft": 7.5, "flood_active": false, "exposure_score": 0.225, "exposure_category": "low"}, "geometry": {"type": "Polygon", "coordinates": [[[-81.952437, 26.454518], [-81.952438, 26.454623], [-81.952646, 26.454621], [-81.952644, 26.454516], [-81.952437, 26.454518]]]}}, {"id": "628", "type": "Feature", "properties": {"id": "7d1b5fc2-9aa7-48b1-a63b-89c4c8b87034", "name": null, "subtype": null, "class": null, "height": 4.9443840980529785, "num_floors": null, "surge_class": 8, "surge_ft": 7.5, "flood_active": false, "exposure_score": 0.225, "exposure_category": "low"}, "geometry": {"type": "Polygon", "coordinates": [[[-81.952495, 26.454853], [-81.952526, 26.454852], [-81.952527, 26.454927], [-81.952613, 26.454925], [-81.95261, 26.454786], [-81.952494, 26.454788], [-81.952495, 26.454853]]]}}, {"id": "629", "type": "Feature", "properties": {"id": "55ebabad-ea0d-44ba-8d16-af4697962c11", "name": null, "subtype": null, "class": null, "height": 3.311842441558838, "num_floors": null, "surge_class": 8, "surge_ft": 7.5, "flood_active": false, "exposure_score": 0.225, "exposure_category": "low"}, "geometry": {"type": "Polygon", "coordinates": [[[-81.95247, 26.454658], [-81.952472, 26.454761], [-81.952649, 26.454758], [-81.952647, 26.454655], [-81.95247, 26.454658]]]}}, {"id": "630", "type": "Feature", "properties": {"id": "55c22bee-0ff5-44a9-ac2d-2e76874fa41d", "name": null, "subtype": null, "class": null, "height": 3.4050991535186768, "num_floors": null, "surge_class": 8, "surge_ft": 7.5, "flood_active": false, "exposure_score": 0.225, "exposure_category": "low"}, "geometry": {"type": "Polygon", "coordinates": [[[-81.952664, 26.45531], [-81.952662, 26.455202], [-81.952457, 26.455205], [-81.952459, 26.455313], [-81.952664, 26.45531]]]}}, {"id": "631", "type": "Feature", "properties": {"id": "17528ddb-7c7c-443b-998e-a59fa35d4345", "name": null, "subtype": null, "class": null, "height": 6.2242279052734375, "num_floors": null, "surge_class": 8, "surge_ft": 7.5, "flood_active": false, "exposure_score": 0.225, "exposure_category": "low"}, "geometry": {"type": "Polygon", "coordinates": [[[-81.952674, 26.455992], [-81.952677, 26.45615], [-81.952793, 26.456148], [-81.952789, 26.455989], [-81.952674, 26.455992]]]}}, {"id": "632", "type": "Feature", "properties": {"id": "f9154eb1-1948-4545-b528-fdbb4794372d", "name": null, "subtype": null, "class": null, "height": 4.99267578125, "num_floors": null, "surge_class": 8, "surge_ft": 7.5, "flood_active": false, "exposure_score": 0.225, "exposure_category": "low"}, "geometry": {"type": "Polygon", "coordinates": [[[-81.952897, 26.454873], [-81.953027, 26.454871], [-81.953026, 26.45477], [-81.952896, 26.454772], [-81.952897, 26.454873]]]}}, {"id": "633", "type": "Feature", "properties": {"id": "c5871bde-27a4-4150-a872-e51239899bdc", "name": null, "subtype": null, "class": null, "height": 3.7539761066436768, "num_floors": null, "surge_class": 9, "surge_ft": 8.5, "flood_active": false, "exposure_score": 0.255, "exposure_category": "moderate"}, "geometry": {"type": "Polygon", "coordinates": [[[-81.9530278, 26.4550821], [-81.953032, 26.454967], [-81.9529194, 26.4549637], [-81.9529153, 26.4550789], [-81.9530278, 26.4550821]]]}}, {"id": "634", "type": "Feature", "properties": {"id": "e08c74cd-e071-4a84-9ff4-bf7b69e0396a", "name": null, "subtype": null, "class": null, "height": 4.7711920738220215, "num_floors": null, "surge_class": 8, "surge_ft": 7.5, "flood_active": false, "exposure_score": 0.225, "exposure_category": "low"}, "geometry": {"type": "Polygon", "coordinates": [[[-81.952885, 26.454632], [-81.952884, 26.454735], [-81.95308, 26.454736], [-81.95308, 26.454633], [-81.952885, 26.454632]]]}}, {"id": "635", "type": "Feature", "properties": {"id": "600e0c34-8259-4603-93d8-5077f83d3e07", "name": null, "subtype": null, "class": null, "height": 3.4980721473693848, "num_floors": null, "surge_class": 8, "surge_ft": 7.5, "flood_active": false, "exposure_score": 0.225, "exposure_category": "low"}, "geometry": {"type": "Polygon", "coordinates": [[[-81.953077, 26.454591], [-81.953076, 26.454501], [-81.952877, 26.454504], [-81.952879, 26.454594], [-81.953077, 26.454591]]]}}, {"id": "636", "type": "Feature", "properties": {"id": "0b789a66-d658-4e79-ba60-2488d5c3dad5", "name": null, "subtype": null, "class": null, "height": 4.816337585449219, "num_floors": null, "surge_class": 8, "surge_ft": 7.5, "flood_active": false, "exposure_score": 0.225, "exposure_category": "low"}, "geometry": {"type": "Polygon", "coordinates": [[[-81.953099, 26.454307], [-81.9531, 26.454216], [-81.952971, 26.454216], [-81.95297, 26.454307], [-81.953099, 26.454307]]]}}, {"id": "637", "type": "Feature", "properties": {"id": "1d7c99f2-9d69-4cc4-8ca8-1b82dfd0f409", "name": null, "subtype": null, "class": null, "height": null, "num_floors": null, "surge_class": 9, "surge_ft": 8.5, "flood_active": false, "exposure_score": 0.255, "exposure_category": "moderate"}, "geometry": {"type": "Polygon", "coordinates": [[[-81.95289, 26.455241], [-81.952889, 26.455275], [-81.953087, 26.45528], [-81.953089, 26.455208], [-81.953033, 26.455207], [-81.953034, 26.455182], [-81.952924, 26.455179], [-81.952922, 26.455241], [-81.95289, 26.455241]]]}}, {"id": "638", "type": "Feature", "properties": {"id": "f8b2455b-96a2-4809-8230-19aaf8a1a375", "name": null, "subtype": null, "class": null, "height": null, "num_floors": null, "surge_class": 8, "surge_ft": 7.5, "flood_active": false, "exposure_score": 0.225, "exposure_category": "low"}, "geometry": {"type": "Polygon", "coordinates": [[[-81.952921, 26.455318], [-81.95292, 26.455402], [-81.953038, 26.455403], [-81.953039, 26.455319], [-81.952921, 26.455318]]]}}, {"id": "639", "type": "Feature", "properties": {"id": "ac3981b7-1bcc-4cc1-984f-87974bed3fcd", "name": null, "subtype": null, "class": null, "height": 3.326775550842285, "num_floors": null, "surge_class": 7, "surge_ft": 6.5, "flood_active": false, "exposure_score": 0.195, "exposure_category": "low"}, "geometry": {"type": "Polygon", "coordinates": [[[-81.952876, 26.455466], [-81.952877, 26.455562], [-81.953076, 26.45556], [-81.953074, 26.455464], [-81.952876, 26.455466]]]}}, {"id": "640", "type": "Feature", "properties": {"id": "0459916b-18fc-4f86-ba98-1f1e04baabf2", "name": null, "subtype": null, "class": null, "height": 3.4787662029266357, "num_floors": null, "surge_class": 7, "surge_ft": 6.5, "flood_active": false, "exposure_score": 0.195, "exposure_category": "low"}, "geometry": {"type": "Polygon", "coordinates": [[[-81.953095, 26.455749], [-81.953097, 26.455603], [-81.952917, 26.455601], [-81.952915, 26.455747], [-81.953095, 26.455749]]]}}, {"id": "641", "type": "Feature", "properties": {"id": "b4e2bda4-6298-43fc-9ff5-9abc244cdec4", "name": null, "subtype": null, "class": null, "height": 6.967692852020264, "num_floors": null, "surge_class": 6, "surge_ft": 5.5, "flood_active": false, "exposure_score": 0.165, "exposure_category": "low"}, "geometry": {"type": "Polygon", "coordinates": [[[-81.952891, 26.455954], [-81.952821, 26.455954], [-81.952821, 26.456077], [-81.953011, 26.456077], [-81.953012, 26.456008], [-81.95306, 26.456008], [-81.95306, 26.455919], [-81.952891, 26.455918], [-81.952891, 26.455954]]]}}, {"id": "642", "type": "Feature", "properties": {"id": "b9f2a3f1-d27c-4e2d-9524-3e529ba4d774", "name": "Bonita Bill's Waterfront Cafe", "subtype": null, "class": null, "height": null, "num_floors": null, "surge_class": 0, "surge_ft": 0.0, "flood_active": false, "exposure_score": 0.0, "exposure_category": "none"}, "geometry": {"type": "Polygon", "coordinates": [[[-81.9529831, 26.4582715], [-81.9529488, 26.4581464], [-81.9526899, 26.4582033], [-81.9526976, 26.4582315], [-81.9526296, 26.4582464], [-81.9526404, 26.4582859], [-81.9525739, 26.4583005], [-81.9525837, 26.4583363], [-81.9526585, 26.4583199], [-81.9526644, 26.4583415], [-81.9529831, 26.4582715]]]}}, {"id": "643", "type": "Feature", "properties": {"id": "ff700693-a4d8-439c-8ad2-0386e33a85c9", "name": null, "subtype": null, "class": null, "height": 3.9910542964935303, "num_floors": null, "surge_class": 7, "surge_ft": 6.5, "flood_active": false, "exposure_score": 0.195, "exposure_category": "low"}, "geometry": {"type": "Polygon", "coordinates": [[[-81.9527616, 26.4599038], [-81.9527235, 26.4600431], [-81.9527918, 26.4600582], [-81.95283, 26.4599189], [-81.9527616, 26.4599038]]]}}, {"id": "644", "type": "Feature", "properties": {"id": "b1e95f54-b710-44e9-9a11-afe9b0201aec", "name": null, "subtype": null, "class": null, "height": null, "num_floors": null, "surge_class": 8, "surge_ft": 7.5, "flood_active": false, "exposure_score": 0.225, "exposure_category": "low"}, "geometry": {"type": "Polygon", "coordinates": [[[-81.953001, 26.460753], [-81.952944, 26.460742], [-81.952922, 26.460839], [-81.952979, 26.46085], [-81.953001, 26.460753]]]}}, {"id": "645", "type": "Feature", "properties": {"id": "c3e3bfeb-717d-4d22-9910-276618b51173", "name": null, "subtype": null, "class": null, "height": 4.173537731170654, "num_floors": null, "surge_class": 8, "surge_ft": 7.5, "flood_active": false, "exposure_score": 0.225, "exposure_category": "low"}, "geometry": {"type": "Polygon", "coordinates": [[[-81.95303, 26.460423], [-81.953007, 26.460522], [-81.953068, 26.460534], [-81.953092, 26.460435], [-81.95303, 26.460423]]]}}, {"id": "646", "type": "Feature", "properties": {"id": "99d74128-0304-4711-85f9-a908d4000f09", "name": null, "subtype": null, "class": null, "height": null, "num_floors": null, "surge_class": 8, "surge_ft": 7.5, "flood_active": false, "exposure_score": 0.225, "exposure_category": "low"}, "geometry": {"type": "Polygon", "coordinates": [[[-81.953087, 26.460771], [-81.953023, 26.460757], [-81.952997, 26.460855], [-81.95306, 26.460869], [-81.953087, 26.460771]]]}}, {"id": "647", "type": "Feature", "properties": {"id": "9c8f8513-68fe-4464-8dba-51f7fbafc046", "name": null, "subtype": null, "class": null, "height": 4.5957255363464355, "num_floors": null, "surge_class": 8, "surge_ft": 7.5, "flood_active": false, "exposure_score": 0.225, "exposure_category": "low"}, "geometry": {"type": "Polygon", "coordinates": [[[-81.953145, 26.460553], [-81.953171, 26.460452], [-81.953108, 26.460439], [-81.953082, 26.46054], [-81.953145, 26.460553]]]}}, {"id": "648", "type": "Feature", "properties": {"id": "4b9e7ff2-bc98-4645-aac8-3de5551799ca", "name": null, "subtype": null, "class": null, "height": null, "num_floors": null, "surge_class": 8, "surge_ft": 7.5, "flood_active": false, "exposure_score": 0.225, "exposure_category": "low"}, "geometry": {"type": "Polygon", "coordinates": [[[-81.953164, 26.460784], [-81.9531, 26.460772], [-81.953079, 26.460866], [-81.953142, 26.460878], [-81.953164, 26.460784]]]}}, {"id": "649", "type": "Feature", "properties": {"id": "50cee349-ba42-4e9a-b89c-a645754afb07", "name": null, "subtype": null, "class": null, "height": null, "num_floors": null, "surge_class": 8, "surge_ft": 7.5, "flood_active": false, "exposure_score": 0.225, "exposure_category": "low"}, "geometry": {"type": "Polygon", "coordinates": [[[-81.953244, 26.460796], [-81.953183, 26.460784], [-81.953158, 26.460884], [-81.953219, 26.460896], [-81.953244, 26.460796]]]}}, {"id": "650", "type": "Feature", "properties": {"id": "5c313c89-d246-47bb-86ac-3c7692e9c027", "name": null, "subtype": null, "class": null, "height": 4.200181007385254, "num_floors": null, "surge_class": 8, "surge_ft": 7.5, "flood_active": false, "exposure_score": 0.225, "exposure_category": "low"}, "geometry": {"type": "Polygon", "coordinates": [[[-81.95323, 26.460566], [-81.953258, 26.46047], [-81.953192, 26.460455], [-81.953164, 26.460551], [-81.95323, 26.460566]]]}}, {"id": "651", "type": "Feature", "properties": {"id": "1ae63b9d-9f9c-45fd-93ee-15ecd9006182", "name": null, "subtype": null, "class": null, "height": 3.3607373237609863, "num_floors": null, "surge_class": 8, "surge_ft": 7.5, "flood_active": false, "exposure_score": 0.225, "exposure_category": "low"}, "geometry": {"type": "Polygon", "coordinates": [[[-81.953198, 26.460644], [-81.953188, 26.460717], [-81.953339, 26.460732], [-81.953349, 26.460659], [-81.953198, 26.460644]]]}}, {"id": "652", "type": "Feature", "properties": {"id": "e0329350-9f56-4613-9144-045f696b35a7", "name": null, "subtype": null, "class": null, "height": null, "num_floors": null, "surge_class": 8, "surge_ft": 7.5, "flood_active": false, "exposure_score": 0.225, "exposure_category": "low"}, "geometry": {"type": "Polygon", "coordinates": [[[-81.953304, 26.460914], [-81.95333, 26.460811], [-81.953267, 26.460798], [-81.953241, 26.460901], [-81.953304, 26.460914]]]}}, {"id": "653", "type": "Feature", "properties": {"id": "69ee288b-74e5-4e46-9b57-ad95f99dae21", "name": null, "subtype": null, "class": null, "height": 3.5803656578063965, "num_floors": null, "surge_class": 8, "surge_ft": 7.5, "flood_active": false, "exposure_score": 0.225, "exposure_category": "low"}, "geometry": {"type": "Polygon", "coordinates": [[[-81.953322, 26.460587], [-81.953338, 26.460483], [-81.953272, 26.460475], [-81.953257, 26.460579], [-81.953322, 26.460587]]]}}, {"id": "654", "type": "Feature", "properties": {"id": "b4d1db59-fa82-4cfb-b44d-080544e24774", "name": null, "subtype": null, "class": null, "height": null, "num_floors": null, "surge_class": 0, "surge_ft": 0.0, "flood_active": false, "exposure_score": 0.0, "exposure_category": "none"}, "geometry": {"type": "Polygon", "coordinates": [[[-81.9530826, 26.4581216], [-81.9530418, 26.458279], [-81.9532319, 26.4583185], [-81.9532727, 26.458161], [-81.9530826, 26.4581216]]]}}, {"id": "655", "type": "Feature", "properties": {"id": "06bc0707-1371-4a14-9d8d-16738b8f9e48", "name": "Ostego Bay Foundation Marine Science Center", "subtype": null, "class": null, "height": 6.557083606719971, "num_floors": null, "surge_class": 7, "surge_ft": 6.5, "flood_active": false, "exposure_score": 0.195, "exposure_category": "low"}, "geometry": {"type": "Polygon", "coordinates": [[[-81.9531356, 26.4586214], [-81.9530216, 26.4585974], [-81.9529653, 26.4588027], [-81.953141, 26.4588447], [-81.953164, 26.4587707], [-81.953149, 26.4587678], [-81.9531747, 26.458683], [-81.9531493, 26.4586386], [-81.9531302, 26.4586346], [-81.9531356, 26.4586214]]]}}, {"id": "656", "type": "Feature", "properties": {"id": "e112cc35-6714-45b9-a873-d9f28614b382", "name": null, "subtype": "commercial", "class": "commercial", "height": 3.0567448139190674, "num_floors": null, "surge_class": 8, "surge_ft": 7.5, "flood_active": false, "exposure_score": 0.225, "exposure_category": "low"}, "geometry": {"type": "Polygon", "coordinates": [[[-81.9535791, 26.4557072], [-81.9535695, 26.4556196], [-81.9534292, 26.4556319], [-81.9534464, 26.4557882], [-81.9535418, 26.4557798], [-81.9535343, 26.4557112], [-81.9535791, 26.4557072]]]}}, {"id": "657", "type": "Feature", "properties": {"id": "af3bd579-8848-4ce0-a3c5-9144918e5b5c", "name": null, "subtype": null, "class": null, "height": null, "num_floors": null, "surge_class": 9, "surge_ft": 8.5, "flood_active": false, "exposure_score": 0.255, "exposure_category": "moderate"}, "geometry": {"type": "Polygon", "coordinates": [[[-81.9534454, 26.4545232], [-81.9535262, 26.4545221], [-81.9535252, 26.4544649], [-81.9534444, 26.454466], [-81.9534454, 26.4545232]]]}}, {"id": "658", "type": "Feature", "properties": {"id": "e25ddfbc-9fdf-4f33-91f3-df21866e6ced", "name": null, "subtype": null, "class": null, "height": 4.346041202545166, "num_floors": null, "surge_class": 8, "surge_ft": 7.5, "flood_active": false, "exposure_score": 0.225, "exposure_category": "low"}, "geometry": {"type": "Polygon", "coordinates": [[[-81.9534626, 26.4548206], [-81.9534675, 26.4549405], [-81.9535773, 26.4549369], [-81.9535725, 26.454817], [-81.9534626, 26.4548206]]]}}, {"id": "659", "type": "Feature", "properties": {"id": "9be62825-e5cb-4304-98ce-b8149a3353c4", "name": null, "subtype": null, "class": null, "height": null, "num_floors": null, "surge_class": 8, "surge_ft": 7.5, "flood_active": false, "exposure_score": 0.225, "exposure_category": "low"}, "geometry": {"type": "Polygon", "coordinates": [[[-81.9535695, 26.4550799], [-81.9535713, 26.4549863], [-81.9534881, 26.4549851], [-81.9534863, 26.4550787], [-81.9535695, 26.4550799]]]}}, {"id": "660", "type": "Feature", "properties": {"id": "5dc2f436-5de7-4b24-a681-fabbcb5e4992", "name": null, "subtype": null, "class": null, "height": 4.97116231918335, "num_floors": null, "surge_class": 9, "surge_ft": 8.5, "flood_active": false, "exposure_score": 0.255, "exposure_category": "moderate"}, "geometry": {"type": "Polygon", "coordinates": [[[-81.9535384, 26.4547239], [-81.9536461, 26.4547185], [-81.9536397, 26.4546264], [-81.9534967, 26.4546347], [-81.9535015, 26.4547205], [-81.9535381, 26.4547205], [-81.9535384, 26.4547239]]]}}, {"id": "661", "type": "Feature", "properties": {"id": "1e980bec-af91-4f09-976d-444dd803c2df", "name": null, "subtype": "commercial", "class": "commercial", "height": 4.037764549255371, "num_floors": null, "surge_class": 7, "surge_ft": 6.5, "flood_active": false, "exposure_score": 0.195, "exposure_category": "low"}, "geometry": {"type": "Polygon", "coordinates": [[[-81.9534776, 26.4553726], [-81.9536671, 26.4553705], [-81.9536635, 26.4551107], [-81.9534741, 26.4551128], [-81.9534776, 26.4553726]]]}}, {"id": "662", "type": "Feature", "properties": {"id": "03be5c94-fd32-4022-966f-606afb99f3fd", "name": null, "subtype": "commercial", "class": "commercial", "height": 4.67756462097168, "num_floors": null, "surge_class": 8, "surge_ft": 7.5, "flood_active": false, "exposure_score": 0.225, "exposure_category": "low"}, "geometry": {"type": "Polygon", "coordinates": [[[-81.9536167, 26.4560583], [-81.9536973, 26.4560084], [-81.9535285, 26.4557898], [-81.9534465, 26.4558405], [-81.9535022, 26.4559126], [-81.9534734, 26.4559304], [-81.9535102, 26.455978], [-81.9535404, 26.4559594], [-81.9536167, 26.4560583]]]}}, {"id": "663", "type": "Feature", "properties": {"id": "04ce3780-1794-43af-b554-8b0300a93965", "name": null, "subtype": "commercial", "class": "commercial", "height": 3.9087460041046143, "num_floors": null, "surge_class": 9, "surge_ft": 8.5, "flood_active": false, "exposure_score": 0.255, "exposure_category": "moderate"}, "geometry": {"type": "Polygon", "coordinates": [[[-81.9534503, 26.4563561], [-81.9535765, 26.4563961], [-81.9535885, 26.4563658], [-81.9536403, 26.4563822], [-81.9536627, 26.4563257], [-81.9536202, 26.4563122], [-81.9536558, 26.4562222], [-81.9536046, 26.456206], [-81.9536006, 26.4561061], [-81.9534146, 26.4561121], [-81.9534186, 26.4562129], [-81.9534731, 26.4562111], [-81.9534745, 26.4562459], [-81.9535046, 26.456245], [-81.9534943, 26.4562729], [-81.9534862, 26.4562656], [-81.9534503, 26.4563561]]]}}, {"id": "664", "type": "Feature", "properties": {"id": "e86d1b40-6aef-4173-b0ab-44ad533b2c41", "name": "Diversified Yacht Services", "subtype": null, "class": null, "height": 17.85751724243164, "num_floors": null, "surge_class": 7, "surge_ft": 6.5, "flood_active": false, "exposure_score": 0.195, "exposure_category": "low"}, "geometry": {"type": "Polygon", "coordinates": [[[-81.9535969, 26.4601593], [-81.9536331, 26.4601677], [-81.9537018, 26.4599293], [-81.9536696, 26.4599221], [-81.9537284, 26.4596995], [-81.9537018, 26.4596927], [-81.9537525, 26.4595074], [-81.9535892, 26.4594718], [-81.9535312, 26.4596659], [-81.9533542, 26.4596251], [-81.9533582, 26.4596155], [-81.9532603, 26.4595927], [-81.9532147, 26.459768], [-81.9532378, 26.4597744], [-81.9532053, 26.4598916], [-81.9531734, 26.4598836], [-81.9531275, 26.4600392], [-81.9532295, 26.4600621], [-81.9532402, 26.460026], [-81.953381, 26.4600573], [-81.9533609, 26.4601377], [-81.9534467, 26.4601569], [-81.953455, 26.460137], [-81.9535929, 26.4601689], [-81.9535969, 26.4601593]]]}}, {"id": "665", "type": "Feature", "properties": {"id": "69429412-9b1b-4091-b5b3-2210425ad9df", "name": null, "subtype": null, "class": null, "height": null, "num_floors": null, "surge_class": 8, "surge_ft": 7.5, "flood_active": false, "exposure_score": 0.225, "exposure_category": "low"}, "geometry": {"type": "Polygon", "coordinates": [[[-81.953413, 26.460829], [-81.953349, 26.460812], [-81.953318, 26.460913], [-81.953382, 26.460929], [-81.953413, 26.460829]]]}}, {"id": "666", "type": "Feature", "properties": {"id": "4d9801f0-d967-4a53-83dc-e1490fe52fce", "name": null, "subtype": null, "class": null, "height": 3.71366024017334, "num_floors": null, "surge_class": 8, "surge_ft": 7.5, "flood_active": false, "exposure_score": 0.225, "exposure_category": "low"}, "geometry": {"type": "Polygon", "coordinates": [[[-81.953363, 26.460501], [-81.95334, 26.460595], [-81.953403, 26.460608], [-81.953427, 26.460514], [-81.953363, 26.460501]]]}}, {"id": "667", "type": "Feature", "properties": {"id": "19c9b42d-03cc-467d-811c-e7fd3ea7ec02", "name": null, "subtype": null, "class": null, "height": null, "num_floors": null, "surge_class": 8, "surge_ft": 7.5, "flood_active": false, "exposure_score": 0.225, "exposure_category": "low"}, "geometry": {"type": "Polygon", "coordinates": [[[-81.953438, 26.460825], [-81.953412, 26.460931], [-81.953477, 26.460944], [-81.953503, 26.460838], [-81.953438, 26.460825]]]}}, {"id": "668", "type": "Feature", "properties": {"id": "971bdb95-6bcd-4a2f-bf4e-9e7d507567af", "name": null, "subtype": null, "class": null, "height": 4.764504909515381, "num_floors": null, "surge_class": 8, "surge_ft": 7.5, "flood_active": false, "exposure_score": 0.225, "exposure_category": "low"}, "geometry": {"type": "Polygon", "coordinates": [[[-81.953485, 26.46062], [-81.953517, 26.46052], [-81.953453, 26.460504], [-81.953421, 26.460604], [-81.953485, 26.46062]]]}}, {"id": "669", "type": "Feature", "properties": {"id": "a376bfc7-9306-4b47-a666-8f7fc5c04418", "name": null, "subtype": null, "class": null, "height": null, "num_floors": null, "surge_class": 8, "surge_ft": 7.5, "flood_active": false, "exposure_score": 0.225, "exposure_category": "low"}, "geometry": {"type": "Polygon", "coordinates": [[[-81.953429, 26.460666], [-81.953411, 26.460763], [-81.953477, 26.460773], [-81.953484, 26.460733], [-81.953526, 26.460739], [-81.953517, 26.460786], [-81.953581, 26.460795], [-81.953596, 26.46071], [-81.953489, 26.460695], [-81.953492, 26.460675], [-81.953429, 26.460666]]]}}, {"id": "670", "type": "Feature", "properties": {"id": "75b392e1-c3bc-49f2-834d-c6f05825d641", "name": null, "subtype": null, "class": null, "height": 7.363193988800049, "num_floors": 1, "surge_class": 7, "surge_ft": 6.5, "flood_active": false, "exposure_score": 0.195, "exposure_category": "low"}, "geometry": {"type": "Polygon", "coordinates": [[[-81.9534789, 26.4604493], [-81.9534789, 26.4604658], [-81.9534789, 26.4604823], [-81.9534911, 26.4604823], [-81.9536073, 26.4604824], [-81.9536073, 26.4604026], [-81.9535248, 26.4604026], [-81.9535248, 26.4603861], [-81.9534973, 26.460386], [-81.9534973, 26.4603448], [-81.9534667, 26.4603448], [-81.9534667, 26.460386], [-81.9534545, 26.460386], [-81.9534544, 26.4604493], [-81.9534789, 26.4604493]]]}}, {"id": "671", "type": "Feature", "properties": {"id": "02c6e2cb-c166-4ef5-bc39-0f87b19c1714", "name": null, "subtype": null, "class": null, "height": 4.221807956695557, "num_floors": null, "surge_class": 8, "surge_ft": 7.5, "flood_active": false, "exposure_score": 0.225, "exposure_category": "low"}, "geometry": {"type": "Polygon", "coordinates": [[[-81.953601, 26.460547], [-81.953539, 26.460531], [-81.953509, 26.460629], [-81.953571, 26.460645], [-81.953601, 26.460547]]]}}, {"id": "672", "type": "Feature", "properties": {"id": "d49b561d-6349-40df-b89b-3a81538a4502", "name": null, "subtype": null, "class": null, "height": null, "num_floors": null, "surge_class": 8, "surge_ft": 7.5, "flood_active": false, "exposure_score": 0.225, "exposure_category": "low"}, "geometry": {"type": "Polygon", "coordinates": [[[-81.953501, 26.460942], [-81.953563, 26.460952], [-81.953581, 26.460867], [-81.953519, 26.460856], [-81.953501, 26.460942]]]}}, {"id": "673", "type": "Feature", "properties": {"id": "b1824b32-437c-4ae2-a47a-3ed4584ce124", "name": null, "subtype": null, "class": null, "height": 4.1584086418151855, "num_floors": null, "surge_class": 8, "surge_ft": 7.5, "flood_active": false, "exposure_score": 0.225, "exposure_category": "low"}, "geometry": {"type": "Polygon", "coordinates": [[[-81.9535479, 26.4614131], [-81.9535224, 26.4615212], [-81.9535985, 26.4615356], [-81.953624, 26.4614275], [-81.9535479, 26.4614131]]]}}, {"id": "674", "type": "Feature", "properties": {"id": "c00a6b29-0828-4cd0-8c9a-cfc82efa3e20", "name": null, "subtype": null, "class": null, "height": 3.222283124923706, "num_floors": null, "surge_class": 7, "surge_ft": 6.5, "flood_active": false, "exposure_score": 0.195, "exposure_category": "low"}, "geometry": {"type": "Polygon", "coordinates": [[[-81.953595, 26.4612043], [-81.9535149, 26.4611993], [-81.9535037, 26.4613451], [-81.9535838, 26.46135], [-81.953595, 26.4612043]]]}}, {"id": "675", "type": "Feature", "properties": {"id": "1f532524-4096-4fad-bdb3-5e94664240ba", "name": null, "subtype": null, "class": null, "height": 3.53025484085083, "num_floors": null, "surge_class": 6, "surge_ft": 5.5, "flood_active": false, "exposure_score": 0.165, "exposure_category": "low"}, "geometry": {"type": "Polygon", "coordinates": [[[-81.9535294, 26.4633408], [-81.9536132, 26.463361], [-81.953639, 26.4632752], [-81.9535552, 26.463255], [-81.9535294, 26.4633408]]]}}, {"id": "676", "type": "Feature", "properties": {"id": "81091b77-6359-42f7-8c7f-e892a313ae18", "name": null, "subtype": null, "class": null, "height": 4.049009799957275, "num_floors": null, "surge_class": 6, "surge_ft": 5.5, "flood_active": false, "exposure_score": 0.165, "exposure_category": "low"}, "geometry": {"type": "Polygon", "coordinates": [[[-81.9533296, 26.463325], [-81.9534806, 26.4633573], [-81.9534948, 26.4633042], [-81.9534488, 26.4632944], [-81.9534564, 26.4632662], [-81.9533722, 26.4632482], [-81.9533708, 26.4632534], [-81.9533499, 26.4632489], [-81.9533296, 26.463325]]]}}, {"id": "677", "type": "Feature", "properties": {"id": "9d418341-e91f-44e1-9c81-a918c0767033", "name": null, "subtype": null, "class": null, "height": 3.3087735176086426, "num_floors": null, "surge_class": 6, "surge_ft": 5.5, "flood_active": false, "exposure_score": 0.165, "exposure_category": "low"}, "geometry": {"type": "Polygon", "coordinates": [[[-81.953383, 26.4634642], [-81.9534887, 26.4634873], [-81.9535142, 26.4633939], [-81.9533571, 26.4633595], [-81.9533329, 26.4634481], [-81.9533843, 26.4634594], [-81.953383, 26.4634642]]]}}, {"id": "678", "type": "Feature", "properties": {"id": "5129c49e-f354-424c-9b72-26deebe662c9", "name": null, "subtype": null, "class": null, "height": 3.7539985179901123, "num_floors": null, "surge_class": 5, "surge_ft": 4.5, "flood_active": false, "exposure_score": 0.135, "exposure_category": "low"}, "geometry": {"type": "Polygon", "coordinates": [[[-81.9534322, 26.4643355], [-81.9535417, 26.4642794], [-81.9534694, 26.4641663], [-81.9533599, 26.4642223], [-81.9534322, 26.4643355]]]}}, {"id": "679", "type": "Feature", "properties": {"id": "2d673842-3945-4bac-9ab1-856afaf735a6", "name": null, "subtype": null, "class": null, "height": 3.6541945934295654, "num_floors": null, "surge_class": 7, "surge_ft": 6.5, "flood_active": false, "exposure_score": 0.195, "exposure_category": "low"}, "geometry": {"type": "Polygon", "coordinates": [[[-81.953275, 26.4636514], [-81.9534333, 26.4636869], [-81.9534595, 26.4635932], [-81.9533012, 26.4635577], [-81.953275, 26.4636514]]]}}, {"id": "680", "type": "Feature", "properties": {"id": "38a7a6db-1660-48a5-83ed-1aa2855cdc68", "name": null, "subtype": null, "class": null, "height": null, "num_floors": null, "surge_class": 6, "surge_ft": 5.5, "flood_active": false, "exposure_score": 0.165, "exposure_category": "low"}, "geometry": {"type": "Polygon", "coordinates": [[[-81.9532738, 26.4638088], [-81.9534659, 26.4638545], [-81.9534812, 26.4638032], [-81.9533882, 26.4637811], [-81.9534063, 26.46372], [-81.9533072, 26.4636964], [-81.9532738, 26.4638088]]]}}, {"id": "681", "type": "Feature", "properties": {"id": "b5093123-1ccc-4624-a2bf-8130d672d1ec", "name": null, "subtype": null, "class": null, "height": 3.103614568710327, "num_floors": null, "surge_class": 6, "surge_ft": 5.5, "flood_active": false, "exposure_score": 0.165, "exposure_category": "low"}, "geometry": {"type": "Polygon", "coordinates": [[[-81.9531883, 26.4639989], [-81.9533885, 26.464042], [-81.9533948, 26.4640188], [-81.9534407, 26.4640287], [-81.9534638, 26.4639426], [-81.9534194, 26.4639331], [-81.9534223, 26.4639221], [-81.9533386, 26.4639041], [-81.9533279, 26.4639438], [-81.9532099, 26.4639184], [-81.9531883, 26.4639989]]]}}, {"id": "682", "type": "Feature", "properties": {"id": "d87a2fed-3eb7-4dc9-9790-efcaf66111ff", "name": null, "subtype": null, "class": null, "height": null, "num_floors": null, "surge_class": 7, "surge_ft": 6.5, "flood_active": false, "exposure_score": 0.195, "exposure_category": "low"}, "geometry": {"type": "Polygon", "coordinates": [[[-81.9534809, 26.4612659], [-81.9534421, 26.4612594], [-81.953427, 26.4613314], [-81.9534659, 26.4613379], [-81.9534809, 26.4612659]]]}}, {"id": "683", "type": "Feature", "properties": {"id": "1d843a7e-b339-4d97-a89a-bf621785aff8", "name": null, "subtype": null, "class": null, "height": 3.512568235397339, "num_floors": null, "surge_class": 7, "surge_ft": 6.5, "flood_active": false, "exposure_score": 0.195, "exposure_category": "low"}, "geometry": {"type": "Polygon", "coordinates": [[[-81.9533718, 26.4611679], [-81.953354, 26.4613247], [-81.9534283, 26.4613315], [-81.9534461, 26.4611746], [-81.9533718, 26.4611679]]]}}, {"id": "684", "type": "Feature", "properties": {"id": "220f2bf4-b7a3-4b91-8992-77b3dedd6de6", "name": null, "subtype": null, "class": null, "height": 3.287588357925415, "num_floors": null, "surge_class": 8, "surge_ft": 7.5, "flood_active": false, "exposure_score": 0.225, "exposure_category": "low"}, "geometry": {"type": "Polygon", "coordinates": [[[-81.9533348, 26.4611726], [-81.953204, 26.4611496], [-81.9531921, 26.461204], [-81.9532515, 26.4612144], [-81.9532356, 26.4612872], [-81.9533069, 26.4612998], [-81.9533348, 26.4611726]]]}}, {"id": "685", "type": "Feature", "properties": {"id": "c44eb192-9c77-43fd-b8ce-6f7c1f56c773", "name": null, "subtype": null, "class": null, "height": 3.165048599243164, "num_floors": null, "surge_class": 8, "surge_ft": 7.5, "flood_active": false, "exposure_score": 0.225, "exposure_category": "low"}, "geometry": {"type": "Polygon", "coordinates": [[[-81.9532661, 26.4613626], [-81.9532429, 26.4614564], [-81.9533103, 26.4614698], [-81.9533336, 26.4613759], [-81.9532661, 26.4613626]]]}}, {"id": "686", "type": "Feature", "properties": {"id": "69b48627-7c7f-4e13-80e2-8477dfa9942e", "name": null, "subtype": null, "class": null, "height": 4.007877349853516, "num_floors": null, "surge_class": 7, "surge_ft": 6.5, "flood_active": false, "exposure_score": 0.195, "exposure_category": "low"}, "geometry": {"type": "Polygon", "coordinates": [[[-81.9531856, 26.4621336], [-81.9533035, 26.4621594], [-81.9533374, 26.4620349], [-81.953305, 26.4620278], [-81.9532969, 26.4620575], [-81.9532115, 26.4620388], [-81.9531856, 26.4621336]]]}}, {"id": "687", "type": "Feature", "properties": {"id": "34709d62-c835-444c-95b4-8e9721671842", "name": null, "subtype": null, "class": null, "height": 4.662207126617432, "num_floors": null, "surge_class": 7, "surge_ft": 6.5, "flood_active": false, "exposure_score": 0.195, "exposure_category": "low"}, "geometry": {"type": "Polygon", "coordinates": [[[-81.9530615, 26.4622971], [-81.9532911, 26.462348], [-81.9533119, 26.4622726], [-81.9531733, 26.4622419], [-81.9531833, 26.4622059], [-81.9530923, 26.4621857], [-81.9530615, 26.4622971]]]}}, {"id": "688", "type": "Feature", "properties": {"id": "ca8746c5-35c1-458c-8619-35a4042f608d", "name": null, "subtype": null, "class": null, "height": null, "num_floors": null, "surge_class": 7, "surge_ft": 6.5, "flood_active": false, "exposure_score": 0.195, "exposure_category": "low"}, "geometry": {"type": "Polygon", "coordinates": [[[-81.9530711, 26.4625372], [-81.9530585, 26.4626111], [-81.9531345, 26.4626215], [-81.9531471, 26.4625477], [-81.9530711, 26.4625372]]]}}, {"id": "689", "type": "Feature", "properties": {"id": "ad4fae31-144d-4f3b-aa76-14748c42a8f9", "name": null, "subtype": null, "class": null, "height": 4.689764499664307, "num_floors": null, "surge_class": 6, "surge_ft": 5.5, "flood_active": false, "exposure_score": 0.165, "exposure_category": "low"}, "geometry": {"type": "Polygon", "coordinates": [[[-81.9531473, 26.46421], [-81.9532486, 26.4642315], [-81.9532632, 26.4641765], [-81.9532479, 26.4641732], [-81.95327, 26.46409], [-81.953184, 26.4640718], [-81.9531473, 26.46421]]]}}, {"id": "690", "type": "Feature", "properties": {"id": "9f86d51d-a566-459c-bd2a-d53d3989f0dd", "name": null, "subtype": null, "class": null, "height": 3.350686550140381, "num_floors": null, "surge_class": 6, "surge_ft": 5.5, "flood_active": false, "exposure_score": 0.165, "exposure_category": "low"}, "geometry": {"type": "Polygon", "coordinates": [[[-81.9531605, 26.4644705], [-81.9532479, 26.4644291], [-81.9531893, 26.4643299], [-81.9531019, 26.4643712], [-81.9531605, 26.4644705]]]}}, {"id": "691", "type": "Feature", "properties": {"id": "e3415c3a-0176-41b6-9b08-600889e31a88", "name": null, "subtype": null, "class": null, "height": null, "num_floors": null, "surge_class": 6, "surge_ft": 5.5, "flood_active": false, "exposure_score": 0.165, "exposure_category": "low"}, "geometry": {"type": "Polygon", "coordinates": [[[-81.953274, 26.464917], [-81.953455, 26.46487], [-81.953434, 26.464804], [-81.953469, 26.464794], [-81.953444, 26.464717], [-81.953228, 26.464773], [-81.953274, 26.464917]]]}}, {"id": "692", "type": "Feature", "properties": {"id": "23e8095b-68dc-47b9-98b1-5c082db2e828", "name": null, "subtype": null, "class": null, "height": null, "num_floors": null, "surge_class": 8, "surge_ft": 7.5, "flood_active": false, "exposure_score": 0.225, "exposure_category": "low"}, "geometry": {"type": "Polygon", "coordinates": [[[-81.9513455, 26.4693369], [-81.9513842, 26.4693375], [-81.9513852, 26.469307], [-81.9513999, 26.4693068], [-81.9513997, 26.4692926], [-81.951414, 26.4692924], [-81.9514141, 26.4692983], [-81.9514323, 26.4692981], [-81.9514322, 26.4692944], [-81.9514718, 26.4692943], [-81.9514716, 26.4692651], [-81.9514557, 26.4692652], [-81.9514557, 26.4692591], [-81.9513971, 26.4692591], [-81.9513971, 26.4692637], [-81.9512847, 26.469264], [-81.9512826, 26.4692853], [-81.9512865, 26.4693072], [-81.9513463, 26.4693062], [-81.9513455, 26.4693369]]]}}, {"id": "693", "type": "Feature", "properties": {"id": "8bc521ef-5896-40e7-a420-383180290bdc", "name": null, "subtype": null, "class": null, "height": null, "num_floors": null, "surge_class": 0, "surge_ft": 0.0, "flood_active": false, "exposure_score": 0.0, "exposure_category": "none"}, "geometry": {"type": "Polygon", "coordinates": [[[-81.951398, 26.468556], [-81.951401, 26.468464], [-81.951339, 26.468463], [-81.951338, 26.468502], [-81.951312, 26.468501], [-81.951311, 26.468554], [-81.951398, 26.468556]]]}}, {"id": "694", "type": "Feature", "properties": {"id": "c61384e5-30c9-4fae-b5f6-9f51dcd773cf", "name": null, "subtype": null, "class": null, "height": null, "num_floors": null, "surge_class": 0, "surge_ft": 0.0, "flood_active": false, "exposure_score": 0.0, "exposure_category": "none"}, "geometry": {"type": "Polygon", "coordinates": [[[-81.951403, 26.468567], [-81.95128, 26.468572], [-81.951285, 26.468672], [-81.951408, 26.468667], [-81.951403, 26.468567]]]}}, {"id": "695", "type": "Feature", "properties": {"id": "56379b22-05ee-4355-8bad-1f3015bd0ce8", "name": null, "subtype": null, "class": null, "height": null, "num_floors": null, "surge_class": 8, "surge_ft": 7.5, "flood_active": false, "exposure_score": 0.225, "exposure_category": "low"}, "geometry": {"type": "Polygon", "coordinates": [[[-81.9513135, 26.4691236], [-81.9513763, 26.4691222], [-81.9513741, 26.4690454], [-81.9513114, 26.4690468], [-81.9513135, 26.4691236]]]}}, {"id": "696", "type": "Feature", "properties": {"id": "02024981-3f37-4bb3-9cb0-fd56ac66b869", "name": null, "subtype": null, "class": null, "height": null, "num_floors": null, "surge_class": 0, "surge_ft": 0.0, "flood_active": false, "exposure_score": 0.0, "exposure_category": "none"}, "geometry": {"type": "Polygon", "coordinates": [[[-81.9512614, 26.4689586], [-81.9514293, 26.4689557], [-81.9514275, 26.4688741], [-81.9512597, 26.468877], [-81.9512614, 26.4689586]]]}}, {"id": "697", "type": "Feature", "properties": {"id": "884df49c-5f9a-4174-a109-ce899866440d", "name": null, "subtype": null, "class": null, "height": null, "num_floors": null, "surge_class": 0, "surge_ft": 0.0, "flood_active": false, "exposure_score": 0.0, "exposure_category": "none"}, "geometry": {"type": "Polygon", "coordinates": [[[-81.9513074, 26.4681654], [-81.9513086, 26.4680947], [-81.9511918, 26.4680931], [-81.9511906, 26.4681638], [-81.9513074, 26.4681654]]]}}, {"id": "698", "type": "Feature", "properties": {"id": "1a3766de-2b32-456e-b70f-484f333943d5", "name": null, "subtype": null, "class": null, "height": 3.2810256481170654, "num_floors": null, "surge_class": 8, "surge_ft": 7.5, "flood_active": false, "exposure_score": 0.225, "exposure_category": "low"}, "geometry": {"type": "Polygon", "coordinates": [[[-81.9512021, 26.4683844], [-81.9513179, 26.4683818], [-81.9513139, 26.4682368], [-81.9511981, 26.4682394], [-81.9512021, 26.4683844]]]}}, {"id": "699", "type": "Feature", "properties": {"id": "32673589-6d39-416d-992a-f393a90ccc8b", "name": null, "subtype": null, "class": null, "height": null, "num_floors": null, "surge_class": 8, "surge_ft": 7.5, "flood_active": false, "exposure_score": 0.225, "exposure_category": "low"}, "geometry": {"type": "Polygon", "coordinates": [[[-81.9511687, 26.4677833], [-81.95117, 26.4678974], [-81.9512382, 26.4678968], [-81.951237, 26.4677827], [-81.9511687, 26.4677833]]]}}, {"id": "700", "type": "Feature", "properties": {"id": "a5758452-088f-425e-a880-b80ad6d23d90", "name": null, "subtype": null, "class": null, "height": null, "num_floors": null, "surge_class": 8, "surge_ft": 7.5, "flood_active": false, "exposure_score": 0.225, "exposure_category": "low"}, "geometry": {"type": "Polygon", "coordinates": [[[-81.951174, 26.4693256], [-81.9512973, 26.4694764], [-81.9513736, 26.4694264], [-81.9512504, 26.4692756], [-81.951174, 26.4693256]]]}}, {"id": "701", "type": "Feature", "properties": {"id": "0ae314a9-28f9-4427-a4c4-fabe53a23030", "name": null, "subtype": null, "class": null, "height": null, "num_floors": null, "surge_class": 9, "surge_ft": 8.5, "flood_active": false, "exposure_score": 0.255, "exposure_category": "moderate"}, "geometry": {"type": "Polygon", "coordinates": [[[-81.9506939, 26.4677324], [-81.9506967, 26.4678428], [-81.9507986, 26.4678408], [-81.9507946, 26.4676848], [-81.9507142, 26.4676864], [-81.9507153, 26.467732], [-81.9506939, 26.4677324]]]}}, {"id": "702", "type": "Feature", "properties": {"id": "b1078fbe-2836-4683-9fd7-011055e752b3", "name": null, "subtype": null, "class": null, "height": null, "num_floors": null, "surge_class": 9, "surge_ft": 8.5, "flood_active": false, "exposure_score": 0.255, "exposure_category": "moderate"}, "geometry": {"type": "Polygon", "coordinates": [[[-81.950647, 26.467888], [-81.950649, 26.467968], [-81.950751, 26.467965], [-81.950752, 26.46799], [-81.950819, 26.467989], [-81.950815, 26.467884], [-81.950647, 26.467888]]]}}, {"id": "703", "type": "Feature", "properties": {"id": "e3687afe-1e0a-4676-a89d-94e5bd291407", "name": null, "subtype": null, "class": null, "height": null, "num_floors": null, "surge_class": 9, "surge_ft": 8.5, "flood_active": false, "exposure_score": 0.255, "exposure_category": "moderate"}, "geometry": {"type": "Polygon", "coordinates": [[[-81.9508276, 26.4684614], [-81.9508261, 26.4684279], [-81.9507014, 26.4684323], [-81.9507029, 26.4684659], [-81.9508276, 26.4684614]]]}}, {"id": "704", "type": "Feature", "properties": {"id": "c7151bfb-ab15-4066-8503-3310b3ad5569", "name": null, "subtype": null, "class": null, "height": null, "num_floors": null, "surge_class": 9, "surge_ft": 8.5, "flood_active": false, "exposure_score": 0.255, "exposure_category": "moderate"}, "geometry": {"type": "Polygon", "coordinates": [[[-81.950701, 26.468089], [-81.950609, 26.468092], [-81.950612, 26.468186], [-81.950705, 26.468184], [-81.950701, 26.468089]]]}}, {"id": "705", "type": "Feature", "properties": {"id": "77c88a9b-48f4-4224-bbff-777ea677c641", "name": null, "subtype": null, "class": null, "height": null, "num_floors": null, "surge_class": 10, "surge_ft": 9.5, "flood_active": false, "exposure_score": 0.285, "exposure_category": "moderate"}, "geometry": {"type": "Polygon", "coordinates": [[[-81.9506395, 26.4677462], [-81.9506386, 26.4676837], [-81.9504401, 26.4676861], [-81.9504411, 26.4677485], [-81.9506395, 26.4677462]]]}}, {"id": "706", "type": "Feature", "properties": {"id": "3451d004-ddd2-4e96-bd7d-0b4edd5701bd", "name": null, "subtype": null, "class": null, "height": 3.886408805847168, "num_floors": null, "surge_class": 8, "surge_ft": 7.5, "flood_active": false, "exposure_score": 0.225, "exposure_category": "low"}, "geometry": {"type": "Polygon", "coordinates": [[[-81.949606, 26.461263], [-81.949586, 26.461335], [-81.949747, 26.461371], [-81.949767, 26.461299], [-81.949606, 26.461263]]]}}, {"id": "707", "type": "Feature", "properties": {"id": "2c0b0bac-5425-4a9f-b976-63aafa78974e", "name": null, "subtype": "industrial", "class": "industrial", "height": 5.006766319274902, "num_floors": 1, "surge_class": 9, "surge_ft": 8.5, "flood_active": false, "exposure_score": 0.255, "exposure_category": "moderate"}, "geometry": {"type": "Polygon", "coordinates": [[[-81.9492807, 26.4589987], [-81.9493068, 26.459013], [-81.94938, 26.459053], [-81.9494117, 26.459006], [-81.9493778, 26.4589874], [-81.9493857, 26.4589757], [-81.9494524, 26.4588769], [-81.9494651, 26.4588581], [-81.9492379, 26.4587338], [-81.9492252, 26.4587526], [-81.9491363, 26.4588842], [-81.9490919, 26.45886], [-81.9490617, 26.4589046], [-81.9491766, 26.4589675], [-81.9491792, 26.4589689], [-81.9491923, 26.4589761], [-81.9491748, 26.4590019], [-81.9492192, 26.4590262], [-81.9492367, 26.4590004], [-81.949268, 26.4590175], [-81.9492807, 26.4589987]]]}}, {"id": "708", "type": "Feature", "properties": {"id": "37f0db6b-f622-47bd-b6c3-c418bc2a50c7", "name": null, "subtype": null, "class": null, "height": 4.421736717224121, "num_floors": null, "surge_class": 7, "surge_ft": 6.5, "flood_active": false, "exposure_score": 0.195, "exposure_category": "low"}, "geometry": {"type": "Polygon", "coordinates": [[[-81.949324, 26.454649], [-81.949442, 26.454647], [-81.949438, 26.454436], [-81.94932, 26.454438], [-81.949324, 26.454649]]]}}, {"id": "709", "type": "Feature", "properties": {"id": "def18cc4-6fc9-446b-b97d-cb16514d29f0", "name": null, "subtype": null, "class": null, "height": 4.2767486572265625, "num_floors": null, "surge_class": 7, "surge_ft": 6.5, "flood_active": false, "exposure_score": 0.195, "exposure_category": "low"}, "geometry": {"type": "Polygon", "coordinates": [[[-81.94948, 26.454506], [-81.949484, 26.454691], [-81.949618, 26.454688], [-81.949614, 26.454503], [-81.94948, 26.454506]]]}}, {"id": "710", "type": "Feature", "properties": {"id": "194ae8c1-9b25-4b7b-9636-6dd560e203da", "name": null, "subtype": null, "class": null, "height": null, "num_floors": null, "surge_class": 5, "surge_ft": 4.5, "flood_active": false, "exposure_score": 0.135, "exposure_category": "low"}, "geometry": {"type": "Polygon", "coordinates": [[[-81.949653, 26.460441], [-81.949566, 26.460442], [-81.949568, 26.460529], [-81.949654, 26.460528], [-81.949653, 26.460441]]]}}, {"id": "711", "type": "Feature", "properties": {"id": "ee1b2e4f-7811-44f2-9ef3-d37e12a48db5", "name": null, "subtype": null, "class": null, "height": 4.346383571624756, "num_floors": null, "surge_class": 7, "surge_ft": 6.5, "flood_active": false, "exposure_score": 0.195, "exposure_category": "low"}, "geometry": {"type": "Polygon", "coordinates": [[[-81.949625, 26.460054], [-81.949627, 26.460136], [-81.949738, 26.460133], [-81.949736, 26.460052], [-81.949625, 26.460054]]]}}, {"id": "712", "type": "Feature", "properties": {"id": "f55d5599-ed88-4b2d-ac0f-b9e20a95028a", "name": null, "subtype": null, "class": null, "height": 4.071225166320801, "num_floors": null, "surge_class": 6, "surge_ft": 5.5, "flood_active": false, "exposure_score": 0.165, "exposure_category": "low"}, "geometry": {"type": "Polygon", "coordinates": [[[-81.949573, 26.46033], [-81.94957, 26.460417], [-81.949666, 26.460419], [-81.949669, 26.460333], [-81.949573, 26.46033]]]}}, {"id": "713", "type": "Feature", "properties": {"id": "7e518fe2-f79c-4f79-b4d0-1ba304db6c5d", "name": null, "subtype": null, "class": null, "height": null, "num_floors": null, "surge_class": 8, "surge_ft": 7.5, "flood_active": false, "exposure_score": 0.225, "exposure_category": "low"}, "geometry": {"type": "Polygon", "coordinates": [[[-81.9496011, 26.4609079], [-81.9497347, 26.4609083], [-81.9497362, 26.4608487], [-81.9497678, 26.4608504], [-81.9497678, 26.4607775], [-81.9496806, 26.4607749], [-81.9496782, 26.4608165], [-81.9496011, 26.4608139], [-81.9496011, 26.4609079]]]}}, {"id": "714", "type": "Feature", "properties": {"id": "4e7f7bd5-138b-4627-8c16-cb2f872415f2", "name": null, "subtype": null, "class": null, "height": 3.309859037399292, "num_floors": null, "surge_class": 6, "surge_ft": 5.5, "flood_active": false, "exposure_score": 0.165, "exposure_category": "low"}, "geometry": {"type": "Polygon", "coordinates": [[[-81.949697, 26.460632], [-81.949695, 26.460721], [-81.949793, 26.460722], [-81.949794, 26.460633], [-81.949697, 26.460632]]]}}, {"id": "715", "type": "Feature", "properties": {"id": "90ca97fc-e58f-4393-b139-2118753eec9f", "name": null, "subtype": null, "class": null, "height": 3.68324613571167, "num_floors": null, "surge_class": 5, "surge_ft": 4.5, "flood_active": false, "exposure_score": 0.135, "exposure_category": "low"}, "geometry": {"type": "Polygon", "coordinates": [[[-81.949796, 26.460538], [-81.949799, 26.460447], [-81.94971, 26.460445], [-81.949707, 26.460536], [-81.949796, 26.460538]]]}}, {"id": "716", "type": "Feature", "properties": {"id": "da571eee-337d-4fe6-8a3f-8c07eda49883", "name": null, "subtype": null, "class": null, "height": null, "num_floors": null, "surge_class": 8, "surge_ft": 7.5, "flood_active": false, "exposure_score": 0.225, "exposure_category": "low"}, "geometry": {"type": "Polygon", "coordinates": [[[-81.949735, 26.45478], [-81.949962, 26.454747], [-81.949916, 26.45449], [-81.94983, 26.454503], [-81.949852, 26.454627], [-81.949799, 26.454635], [-81.949789, 26.45458], [-81.949701, 26.454593], [-81.949735, 26.45478]]]}}, {"id": "717", "type": "Feature", "properties": {"id": "f1ee6bf1-24c2-4650-a186-0312316dbdbe", "name": null, "subtype": null, "class": null, "height": 6.063385486602783, "num_floors": null, "surge_class": 8, "surge_ft": 7.5, "flood_active": false, "exposure_score": 0.225, "exposure_category": "low"}, "geometry": {"type": "Polygon", "coordinates": [[[-81.949941, 26.454317], [-81.949944, 26.45421], [-81.949775, 26.454207], [-81.949773, 26.454313], [-81.949941, 26.454317]]]}}, {"id": "718", "type": "Feature", "properties": {"id": "0c6cc959-35e4-467b-b66a-95b9f2f86ee0", "name": null, "subtype": null, "class": null, "height": 6.325259685516357, "num_floors": null, "surge_class": 8, "surge_ft": 7.5, "flood_active": false, "exposure_score": 0.225, "exposure_category": "low"}, "geometry": {"type": "Polygon", "coordinates": [[[-81.94995, 26.454423], [-81.949948, 26.454346], [-81.949786, 26.454349], [-81.949788, 26.454426], [-81.94995, 26.454423]]]}}, {"id": "719", "type": "Feature", "properties": {"id": "26a58434-ab54-466d-924d-b150170eafee", "name": null, "subtype": null, "class": null, "height": null, "num_floors": null, "surge_class": 5, "surge_ft": 4.5, "flood_active": false, "exposure_score": 0.135, "exposure_category": "low"}, "geometry": {"type": "Polygon", "coordinates": [[[-81.9500823, 26.4596311], [-81.9499698, 26.4596353], [-81.9499726, 26.4596952], [-81.950085, 26.459691], [-81.9500823, 26.4596311]]]}}, {"id": "720", "type": "Feature", "properties": {"id": "60a48ccc-6e00-4940-9c47-141a46be0ab1", "name": null, "subtype": null, "class": null, "height": null, "num_floors": null, "surge_class": 7, "surge_ft": 6.5, "flood_active": false, "exposure_score": 0.195, "exposure_category": "low"}, "geometry": {"type": "Polygon", "coordinates": [[[-81.9502469, 26.4597416], [-81.9502161, 26.4597264], [-81.9501929, 26.459764], [-81.9502546, 26.4597945], [-81.9502834, 26.4597476], [-81.9502526, 26.4597324], [-81.9502469, 26.4597416]]]}}, {"id": "721", "type": "Feature", "properties": {"id": "4e004513-8051-4a0f-ad81-78a2689160c7", "name": null, "subtype": null, "class": null, "height": null, "num_floors": null, "surge_class": 7, "surge_ft": 6.5, "flood_active": false, "exposure_score": 0.195, "exposure_category": "low"}, "geometry": {"type": "Polygon", "coordinates": [[[-81.9503266, 26.4605317], [-81.9501782, 26.4605348], [-81.9501818, 26.4606751], [-81.9503302, 26.460672], [-81.9503266, 26.4605317]]]}}, {"id": "722", "type": "Feature", "properties": {"id": "52e300ba-d714-4acf-a137-935ac3420bcc", "name": "Sanibel Seafood", "subtype": null, "class": null, "height": null, "num_floors": null, "surge_class": 5, "surge_ft": 4.5, "flood_active": false, "exposure_score": 0.135, "exposure_category": "low"}, "geometry": {"type": "Polygon", "coordinates": [[[-81.9498645, 26.463239], [-81.9500763, 26.4632378], [-81.9500741, 26.4629095], [-81.9500077, 26.4629098], [-81.9500077, 26.4629048], [-81.9498622, 26.4629056], [-81.9498645, 26.463239]]]}}, {"id": "723", "type": "Feature", "properties": {"id": "3d3f3a95-1518-4c17-b825-ce94504456f9", "name": null, "subtype": null, "class": null, "height": 3.9219188690185547, "num_floors": null, "surge_class": 7, "surge_ft": 6.5, "flood_active": false, "exposure_score": 0.195, "exposure_category": "low"}, "geometry": {"type": "Polygon", "coordinates": [[[-81.9496143, 26.4644037], [-81.9497065, 26.4644972], [-81.9497578, 26.4644567], [-81.9497687, 26.4644678], [-81.949847, 26.4644059], [-81.9498352, 26.464394], [-81.949844, 26.464387], [-81.9497526, 26.4642943], [-81.9496143, 26.4644037]]]}}, {"id": "724", "type": "Feature", "properties": {"id": "85ab0a3e-3797-436e-b803-c76866ecfd8b", "name": null, "subtype": null, "class": null, "height": null, "num_floors": null, "surge_class": 9, "surge_ft": 8.5, "flood_active": false, "exposure_score": 0.255, "exposure_category": "moderate"}, "geometry": {"type": "Polygon", "coordinates": [[[-81.9499834, 26.4673036], [-81.9498777, 26.4673227], [-81.9498863, 26.4673606], [-81.9499919, 26.4673415], [-81.9499834, 26.4673036]]]}}, {"id": "725", "type": "Feature", "properties": {"id": "a829fea5-0416-4fed-ac1d-dfcf5c363ca4", "name": null, "subtype": null, "class": null, "height": null, "num_floors": null, "surge_class": 7, "surge_ft": 6.5, "flood_active": false, "exposure_score": 0.195, "exposure_category": "low"}, "geometry": {"type": "Polygon", "coordinates": [[[-81.9502034, 26.464827], [-81.9502221, 26.4648382], [-81.9502344, 26.4648218], [-81.9502042, 26.4648037], [-81.9501894, 26.4648235], [-81.9501748, 26.4648148], [-81.95018, 26.4648079], [-81.9501498, 26.4647898], [-81.9501454, 26.4647956], [-81.9500944, 26.4647651], [-81.9500958, 26.4647574], [-81.9500542, 26.4647315], [-81.9500665, 26.4647156], [-81.9499579, 26.4646481], [-81.9499553, 26.4646515], [-81.9499115, 26.4646241], [-81.9498962, 26.4646439], [-81.9498591, 26.4646207], [-81.949865, 26.464613], [-81.9498609, 26.4646086], [-81.9498679, 26.4645994], [-81.9498387, 26.4645817], [-81.9498251, 26.4645895], [-81.9498205, 26.4645957], [-81.9498073, 26.4645879], [-81.9498136, 26.4645793], [-81.9498183, 26.464582], [-81.949828, 26.4645689], [-81.9497893, 26.464546], [-81.9497721, 26.4645693], [-81.9497898, 26.4645798], [-81.9497855, 26.4645857], [-81.9497808, 26.4645828], [-81.949729, 26.4646524], [-81.949901, 26.4647551], [-81.9499059, 26.4647486], [-81.9498997, 26.464745], [-81.9499015, 26.4647426], [-81.9499902, 26.4647958], [-81.949987, 26.4648002], [-81.949981, 26.4647966], [-81.949977, 26.4648019], [-81.9501464, 26.4649034], [-81.9502034, 26.464827]]]}}, {"id": "726", "type": "Feature", "properties": {"id": "7700f2dd-7f26-441f-a89d-fbfe2db5d8f5", "name": null, "subtype": null, "class": null, "height": 6.539027690887451, "num_floors": null, "surge_class": 7, "surge_ft": 6.5, "flood_active": false, "exposure_score": 0.195, "exposure_category": "low"}, "geometry": {"type": "Polygon", "coordinates": [[[-81.95063, 26.4651565], [-81.9507095, 26.4650604], [-81.9506792, 26.4650403], [-81.9506608, 26.4650625], [-81.9506051, 26.4650256], [-81.9506119, 26.4650174], [-81.9505763, 26.4649936], [-81.9505625, 26.4650103], [-81.9505089, 26.4649745], [-81.9505263, 26.4649535], [-81.9504956, 26.464933], [-81.9504793, 26.4649525], [-81.9504554, 26.4649365], [-81.9504701, 26.464919], [-81.9504284, 26.4648911], [-81.9504195, 26.4649018], [-81.9503697, 26.4648684], [-81.9503854, 26.4648497], [-81.9503535, 26.4648283], [-81.9502775, 26.4649191], [-81.9503815, 26.4649888], [-81.9503756, 26.464996], [-81.9503697, 26.4649921], [-81.9503678, 26.4649943], [-81.9505228, 26.4650972], [-81.950527, 26.4650922], [-81.9505209, 26.4650881], [-81.950523, 26.4650855], [-81.95063, 26.4651565]]]}}, {"id": "727", "type": "Feature", "properties": {"id": "c70e871f-244b-494f-a545-c60b566be096", "name": null, "subtype": null, "class": null, "height": 4.123728275299072, "num_floors": null, "surge_class": 1, "surge_ft": 0.5, "flood_active": false, "exposure_score": 0.015, "exposure_category": "low"}, "geometry": {"type": "Polygon", "coordinates": [[[-81.9502428, 26.4615413], [-81.9502495, 26.4620971], [-81.9506224, 26.4620935], [-81.9506157, 26.4615377], [-81.9502428, 26.4615413]]]}}, {"id": "728", "type": "Feature", "properties": {"id": "0c4e9e58-c4f3-4191-b0c4-3a2de5da412d", "name": "Buttonwood TLC Complex", "subtype": null, "class": null, "height": 5.343725681304932, "num_floors": null, "surge_class": 6, "surge_ft": 5.5, "flood_active": false, "exposure_score": 0.165, "exposure_category": "low"}, "geometry": {"type": "Polygon", "coordinates": [[[-81.950454, 26.4636846], [-81.9506051, 26.4637183], [-81.9506178, 26.4636724], [-81.9506479, 26.4636791], [-81.9506579, 26.4636434], [-81.950628, 26.4636368], [-81.9506422, 26.4635858], [-81.9504909, 26.4635521], [-81.950454, 26.4636846]]]}}, {"id": "729", "type": "Feature", "properties": {"id": "c11228df-6fbb-4448-81ff-c3819059c94f", "name": null, "subtype": null, "class": null, "height": null, "num_floors": null, "surge_class": 6, "surge_ft": 5.5, "flood_active": false, "exposure_score": 0.165, "exposure_category": "low"}, "geometry": {"type": "Polygon", "coordinates": [[[-81.9505968, 26.4637877], [-81.9506577, 26.4638021], [-81.9506727, 26.4637517], [-81.9506119, 26.4637372], [-81.9505968, 26.4637877]]]}}, {"id": "730", "type": "Feature", "properties": {"id": "63917035-68ad-43b9-9fea-a26943c8f968", "name": null, "subtype": null, "class": null, "height": null, "num_floors": null, "surge_class": 5, "surge_ft": 4.5, "flood_active": false, "exposure_score": 0.135, "exposure_category": "low"}, "geometry": {"type": "Polygon", "coordinates": [[[-81.950708, 26.462503], [-81.950636, 26.462486], [-81.950587, 26.462649], [-81.950659, 26.462666], [-81.950708, 26.462503]]]}}, {"id": "731", "type": "Feature", "properties": {"id": "c0f0ec4b-f3f7-471c-822e-70a69d4af09f", "name": null, "subtype": null, "class": null, "height": null, "num_floors": null, "surge_class": 6, "surge_ft": 5.5, "flood_active": false, "exposure_score": 0.165, "exposure_category": "low"}, "geometry": {"type": "Polygon", "coordinates": [[[-81.9507061, 26.4627067], [-81.9506813, 26.4627938], [-81.9508948, 26.4628424], [-81.9509196, 26.4627553], [-81.9507061, 26.4627067]]]}}, {"id": "732", "type": "Feature", "properties": {"id": "4cb2c4f4-b8fc-4f14-9ddf-95663d7371ac", "name": null, "subtype": null, "class": null, "height": null, "num_floors": null, "surge_class": 5, "surge_ft": 4.5, "flood_active": false, "exposure_score": 0.135, "exposure_category": "low"}, "geometry": {"type": "Polygon", "coordinates": [[[-81.9506579, 26.4628787], [-81.9506338, 26.462966], [-81.9508491, 26.4630137], [-81.9508732, 26.4629265], [-81.9506579, 26.4628787]]]}}, {"id": "733", "type": "Feature", "properties": {"id": "da25d46e-1869-4ba6-a6dd-b5edaa6bdba2", "name": null, "subtype": null, "class": null, "height": null, "num_floors": null, "surge_class": 5, "surge_ft": 4.5, "flood_active": false, "exposure_score": 0.135, "exposure_category": "low"}, "geometry": {"type": "Polygon", "coordinates": [[[-81.9506099, 26.4630502], [-81.950586, 26.4631369], [-81.950801, 26.4631843], [-81.9508249, 26.4630976], [-81.9506099, 26.4630502]]]}}, {"id": "734", "type": "Feature", "properties": {"id": "a63f0ae8-a8f2-4d6d-b0e7-909429f09514", "name": null, "subtype": null, "class": null, "height": 4.3165130615234375, "num_floors": null, "surge_class": 7, "surge_ft": 6.5, "flood_active": false, "exposure_score": 0.195, "exposure_category": "low"}, "geometry": {"type": "Polygon", "coordinates": [[[-81.9506938, 26.4672592], [-81.9507813, 26.4672573], [-81.9507706, 26.4668602], [-81.9505266, 26.4668655], [-81.9505374, 26.4672662], [-81.9506232, 26.4672644], [-81.9506215, 26.4672], [-81.9506922, 26.4671985], [-81.9506938, 26.4672592]]]}}, {"id": "735", "type": "Feature", "properties": {"id": "175ebc74-9f7f-40e8-82c0-35d03b448089", "name": "Nauti Parrot Dock Bar", "subtype": "commercial", "class": null, "height": null, "num_floors": null, "surge_class": 11, "surge_ft": 10.5, "flood_active": false, "exposure_score": 0.315, "exposure_category": "moderate"}, "geometry": {"type": "Polygon", "coordinates": [[[-81.9508618, 26.4661505], [-81.9510399, 26.4661919], [-81.9510534, 26.4661453], [-81.9510222, 26.466138], [-81.9510351, 26.4660936], [-81.9510457, 26.4660961], [-81.9510776, 26.4659871], [-81.9510641, 26.4659839], [-81.9510744, 26.4659488], [-81.9509715, 26.4659244], [-81.9509801, 26.4658954], [-81.9509402, 26.4658859], [-81.9509793, 26.4657541], [-81.9508415, 26.4657213], [-81.9507831, 26.4659182], [-81.9508311, 26.4659296], [-81.9508265, 26.4659451], [-81.9508677, 26.4659549], [-81.9508885, 26.4660245], [-81.9509036, 26.4660282], [-81.950879, 26.4661108], [-81.9508474, 26.4661361], [-81.9508618, 26.4661505]]]}}, {"id": "736", "type": "Feature", "properties": {"id": "dec7c9bc-4a0b-4a53-bd8f-4f2622aae043", "name": "American Legion 274", "subtype": "civic", "class": null, "height": 4.5185136795043945, "num_floors": null, "surge_class": 7, "surge_ft": 6.5, "flood_active": false, "exposure_score": 0.195, "exposure_category": "low"}, "geometry": {"type": "Polygon", "coordinates": [[[-81.9507805, 26.4645855], [-81.9509835, 26.4646312], [-81.9509876, 26.4646164], [-81.9510265, 26.4646252], [-81.9510424, 26.4645684], [-81.9510033, 26.4645596], [-81.9510224, 26.4644919], [-81.9510513, 26.4644984], [-81.9510675, 26.4644407], [-81.9510394, 26.4644343], [-81.9510589, 26.4643649], [-81.9511012, 26.4643745], [-81.9511221, 26.4643001], [-81.9508227, 26.4642326], [-81.9507423, 26.4645181], [-81.9507473, 26.4645192], [-81.950734, 26.4645668], [-81.9507827, 26.4645777], [-81.9507805, 26.4645855]]]}}, {"id": "737", "type": "Feature", "properties": {"id": "7d6630c1-cab6-4aea-982d-c02ec0b1fe1c", "name": null, "subtype": null, "class": null, "height": 6.340920448303223, "num_floors": null, "surge_class": 7, "surge_ft": 6.5, "flood_active": false, "exposure_score": 0.195, "exposure_category": "low"}, "geometry": {"type": "Polygon", "coordinates": [[[-81.9509089, 26.465423], [-81.9510073, 26.4655007], [-81.9510883, 26.4654184], [-81.951061, 26.4653968], [-81.9510486, 26.4654094], [-81.9509914, 26.4653644], [-81.9509972, 26.4653584], [-81.9509718, 26.4653385], [-81.9509554, 26.4653552], [-81.9509321, 26.465337], [-81.9509504, 26.4653182], [-81.9509258, 26.4652989], [-81.9509098, 26.4653154], [-81.9508929, 26.4653022], [-81.9509065, 26.4652882], [-81.9508784, 26.4652664], [-81.9508709, 26.4652741], [-81.9508098, 26.4652267], [-81.95083, 26.4652058], [-81.9508061, 26.4651873], [-81.9507228, 26.4652735], [-81.9508213, 26.4653497], [-81.9508174, 26.4653538], [-81.9508119, 26.4653496], [-81.9508058, 26.4653559], [-81.9509057, 26.4654331], [-81.9509122, 26.4654263], [-81.9509085, 26.4654234], [-81.9509089, 26.465423]]]}}, {"id": "738", "type": "Feature", "properties": {"id": "d5a99adf-2ecf-45d4-9a91-9c97dec6182e", "name": null, "subtype": null, "class": null, "height": null, "num_floors": null, "surge_class": 8, "surge_ft": 7.5, "flood_active": false, "exposure_score": 0.225, "exposure_category": "low"}, "geometry": {"type": "Polygon", "coordinates": [[[-81.9512029, 26.4669806], [-81.9511945, 26.4670312], [-81.9512811, 26.4670426], [-81.9512894, 26.4669921], [-81.9512029, 26.4669806]]]}}, {"id": "739", "type": "Feature", "properties": {"id": "fd45dc97-0fec-4d2e-90b3-9a366ce67e69", "name": null, "subtype": null, "class": null, "height": 3.7192461490631104, "num_floors": null, "surge_class": 5, "surge_ft": 4.5, "flood_active": false, "exposure_score": 0.135, "exposure_category": "low"}, "geometry": {"type": "Polygon", "coordinates": [[[-81.9513499, 26.4644893], [-81.9514451, 26.4641338], [-81.9512764, 26.4640958], [-81.95114, 26.4645804], [-81.9513711, 26.4646325], [-81.9514085, 26.4645019], [-81.9513762, 26.464495], [-81.9513499, 26.4644893]]]}}, {"id": "740", "type": "Feature", "properties": {"id": "79d07b01-07f7-46b0-8503-724577c97fb2", "name": "NAPA Auto Parts", "subtype": null, "class": null, "height": 3.2407073974609375, "num_floors": null, "surge_class": 7, "surge_ft": 6.5, "flood_active": false, "exposure_score": 0.195, "exposure_category": "low"}, "geometry": {"type": "Polygon", "coordinates": [[[-81.9512292, 26.4650165], [-81.9513807, 26.4650516], [-81.9514035, 26.464973], [-81.9512578, 26.4649393], [-81.9512876, 26.4648361], [-81.9511752, 26.4648101], [-81.9511722, 26.4648204], [-81.951106, 26.4648051], [-81.9510781, 26.4649016], [-81.951147, 26.4649176], [-81.9511322, 26.4649687], [-81.9512361, 26.4649928], [-81.9512292, 26.4650165]]]}}, {"id": "741", "type": "Feature", "properties": {"id": "5292cae5-e2cf-4545-87b9-42787f7ac1fb", "name": null, "subtype": null, "class": null, "height": 3.4515504837036133, "num_floors": null, "surge_class": 8, "surge_ft": 7.5, "flood_active": false, "exposure_score": 0.225, "exposure_category": "low"}, "geometry": {"type": "Polygon", "coordinates": [[[-81.95131, 26.464763], [-81.951343, 26.464771], [-81.951367, 26.46469], [-81.951145, 26.464637], [-81.951108, 26.464758], [-81.951297, 26.464803], [-81.95131, 26.464763]]]}}, {"id": "742", "type": "Feature", "properties": {"id": "d5c745ba-ea3f-4f0c-9be0-8534ea802887", "name": null, "subtype": null, "class": null, "height": null, "num_floors": null, "surge_class": 8, "surge_ft": 7.5, "flood_active": false, "exposure_score": 0.225, "exposure_category": "low"}, "geometry": {"type": "Polygon", "coordinates": [[[-81.9512112, 26.4610488], [-81.9512235, 26.4610153], [-81.9511154, 26.4609835], [-81.9511031, 26.461017], [-81.9512112, 26.4610488]]]}}, {"id": "743", "type": "Feature", "properties": {"id": "051f979f-4239-4eb3-a413-e2ab766b10eb", "name": null, "subtype": null, "class": null, "height": null, "num_floors": null, "surge_class": 8, "surge_ft": 7.5, "flood_active": false, "exposure_score": 0.225, "exposure_category": "low"}, "geometry": {"type": "Polygon", "coordinates": [[[-81.9511914, 26.4611194], [-81.9512017, 26.4610872], [-81.9511397, 26.4610714], [-81.9511294, 26.4611035], [-81.9511914, 26.4611194]]]}}, {"id": "744", "type": "Feature", "properties": {"id": "07255162-9cee-4d61-be05-605cf9c9d287", "name": null, "subtype": null, "class": null, "height": null, "num_floors": null, "surge_class": 6, "surge_ft": 5.5, "flood_active": false, "exposure_score": 0.165, "exposure_category": "low"}, "geometry": {"type": "Polygon", "coordinates": [[[-81.9510439, 26.4620666], [-81.9511693, 26.4620939], [-81.9512427, 26.4618238], [-81.9510524, 26.4617824], [-81.951033, 26.4618539], [-81.9510978, 26.461868], [-81.9510439, 26.4620666]]]}}, {"id": "745", "type": "Feature", "properties": {"id": "8445b1ec-6220-4ee6-9a5d-7fad0babab80", "name": null, "subtype": null, "class": null, "height": null, "num_floors": null, "surge_class": 8, "surge_ft": 7.5, "flood_active": false, "exposure_score": 0.225, "exposure_category": "low"}, "geometry": {"type": "Polygon", "coordinates": [[[-81.951189, 26.461241], [-81.951223, 26.461129], [-81.951174, 26.461117], [-81.951168, 26.461139], [-81.951097, 26.461122], [-81.95107, 26.461211], [-81.951189, 26.461241]]]}}, {"id": "746", "type": "Feature", "properties": {"id": "5c7883f9-fded-4474-bdad-baf8215b8a85", "name": null, "subtype": null, "class": null, "height": null, "num_floors": null, "surge_class": 8, "surge_ft": 7.5, "flood_active": false, "exposure_score": 0.225, "exposure_category": "low"}, "geometry": {"type": "Polygon", "coordinates": [[[-81.951066, 26.461032], [-81.95105, 26.461095], [-81.951123, 26.46111], [-81.95114, 26.461048], [-81.951066, 26.461032]]]}}, {"id": "747", "type": "Feature", "properties": {"id": "d33452ea-ebd0-4e99-b082-bea785547cf5", "name": null, "subtype": null, "class": null, "height": 3.2083547115325928, "num_floors": null, "surge_class": 5, "surge_ft": 4.5, "flood_active": false, "exposure_score": 0.135, "exposure_category": "low"}, "geometry": {"type": "Polygon", "coordinates": [[[-81.9507966, 26.4623801], [-81.9510064, 26.4624257], [-81.9510434, 26.4622891], [-81.950775, 26.4622307], [-81.9507525, 26.4623135], [-81.9508112, 26.4623263], [-81.9507966, 26.4623801]]]}}, {"id": "748", "type": "Feature", "properties": {"id": "e454be81-b1f7-4d20-be85-447c2a273e73", "name": null, "subtype": null, "class": null, "height": 3.2709059715270996, "num_floors": null, "surge_class": 9, "surge_ft": 8.5, "flood_active": false, "exposure_score": 0.255, "exposure_category": "moderate"}, "geometry": {"type": "Polygon", "coordinates": [[[-81.950784, 26.46015], [-81.950774, 26.460172], [-81.950974, 26.460243], [-81.951036, 26.460103], [-81.950753, 26.460002], [-81.950701, 26.460121], [-81.950784, 26.46015]]]}}, {"id": "749", "type": "Feature", "properties": {"id": "d81b793e-dc20-4299-bbe0-563b396470c9", "name": null, "subtype": null, "class": null, "height": 4.881661415100098, "num_floors": null, "surge_class": 8, "surge_ft": 7.5, "flood_active": false, "exposure_score": 0.225, "exposure_category": "low"}, "geometry": {"type": "Polygon", "coordinates": [[[-81.9507998, 26.4609205], [-81.9509214, 26.4609187], [-81.9509149, 26.460945], [-81.9508942, 26.4609409], [-81.9508891, 26.4609612], [-81.9509098, 26.4609653], [-81.9509036, 26.4609902], [-81.95085, 26.4609794], [-81.9508417, 26.4610127], [-81.9508953, 26.4610234], [-81.9508888, 26.4610495], [-81.9508673, 26.4610452], [-81.9508422, 26.4611458], [-81.9508602, 26.4611494], [-81.9508589, 26.4611547], [-81.9509994, 26.4611828], [-81.9510197, 26.4611015], [-81.9510152, 26.4611006], [-81.951027, 26.4610536], [-81.951041, 26.4610534], [-81.9510404, 26.4610252], [-81.9510264, 26.4610254], [-81.9510243, 26.4609171], [-81.9510192, 26.4609172], [-81.9510091, 26.460389], [-81.9509163, 26.4603904], [-81.9509213, 26.4606522], [-81.9508586, 26.4606532], [-81.9508614, 26.4607988], [-81.9507975, 26.4607998], [-81.9507998, 26.4609205]]]}}, {"id": "750", "type": "Feature", "properties": {"id": "0651df75-7097-497e-a28e-f563a4caf188", "name": null, "subtype": null, "class": null, "height": null, "num_floors": null, "surge_class": 8, "surge_ft": 7.5, "flood_active": false, "exposure_score": 0.225, "exposure_category": "low"}, "geometry": {"type": "Polygon", "coordinates": [[[-81.950866, 26.460258], [-81.95087, 26.460362], [-81.950928, 26.46036], [-81.950924, 26.460256], [-81.950866, 26.460258]]]}}, {"id": "751", "type": "Feature", "properties": {"id": "4f35e5b5-2896-4830-b305-821d456c04c8", "name": null, "subtype": null, "class": null, "height": null, "num_floors": null, "surge_class": 8, "surge_ft": 7.5, "flood_active": false, "exposure_score": 0.225, "exposure_category": "low"}, "geometry": {"type": "Polygon", "coordinates": [[[-81.950949, 26.460358], [-81.951019, 26.460357], [-81.951017, 26.46027], [-81.950946, 26.460272], [-81.950949, 26.460358]]]}}, {"id": "752", "type": "Feature", "properties": {"id": "8ba0ecb1-c93e-4d3b-87e6-6d4bac0c04c9", "name": null, "subtype": null, "class": null, "height": null, "num_floors": null, "surge_class": 8, "surge_ft": 7.5, "flood_active": false, "exposure_score": 0.225, "exposure_category": "low"}, "geometry": {"type": "Polygon", "coordinates": [[[-81.9510298, 26.4603494], [-81.9510985, 26.4603506], [-81.9511006, 26.4602533], [-81.9510319, 26.4602521], [-81.9510298, 26.4603494]]]}}, {"id": "753", "type": "Feature", "properties": {"id": "9f2b03a7-58f4-400e-8bc0-5a0d422cc40d", "name": null, "subtype": null, "class": null, "height": null, "num_floors": null, "surge_class": 7, "surge_ft": 6.5, "flood_active": false, "exposure_score": 0.195, "exposure_category": "low"}, "geometry": {"type": "Polygon", "coordinates": [[[-81.9512264, 26.4604979], [-81.9511235, 26.4604789], [-81.9511049, 26.4605595], [-81.9512079, 26.4605785], [-81.9512264, 26.4604979]]]}}, {"id": "754", "type": "Feature", "properties": {"id": "6e930eba-664d-4d98-8552-18315d57bddf", "name": null, "subtype": null, "class": null, "height": null, "num_floors": null, "surge_class": 8, "surge_ft": 7.5, "flood_active": false, "exposure_score": 0.225, "exposure_category": "low"}, "geometry": {"type": "Polygon", "coordinates": [[[-81.9512288, 26.460891], [-81.9512458, 26.4608275], [-81.9510936, 26.4607948], [-81.9510827, 26.4608357], [-81.9511359, 26.4608471], [-81.9511299, 26.4608698], [-81.9512288, 26.460891]]]}}, {"id": "755", "type": "Feature", "properties": {"id": "b3f40603-a583-478b-a0d2-93a23e55a9ce", "name": null, "subtype": "residential", "class": "house", "height": 4.3913726806640625, "num_floors": null, "surge_class": 0, "surge_ft": 0.0, "flood_active": false, "exposure_score": 0.0, "exposure_category": "none"}, "geometry": {"type": "Polygon", "coordinates": [[[-81.9514183, 26.4554272], [-81.9512443, 26.4553522], [-81.9511852, 26.4554622], [-81.9513593, 26.4555372], [-81.9514183, 26.4554272]]]}}, {"id": "756", "type": "Feature", "properties": {"id": "1de3fee9-36b3-4c3d-96ee-fa92633b0c06", "name": null, "subtype": null, "class": null, "height": null, "num_floors": null, "surge_class": 8, "surge_ft": 7.5, "flood_active": false, "exposure_score": 0.225, "exposure_category": "low"}, "geometry": {"type": "Polygon", "coordinates": [[[-81.9514262, 26.454321], [-81.9512814, 26.4543235], [-81.9512842, 26.4544568], [-81.951429, 26.4544543], [-81.9514262, 26.454321]]]}}, {"id": "757", "type": "Feature", "properties": {"id": "83e8529b-f130-413a-8a63-ca735d51ad1a", "name": null, "subtype": null, "class": null, "height": 4.149101257324219, "num_floors": null, "surge_class": 7, "surge_ft": 6.5, "flood_active": false, "exposure_score": 0.195, "exposure_category": "low"}, "geometry": {"type": "Polygon", "coordinates": [[[-81.951207, 26.454899], [-81.951175, 26.454988], [-81.951363, 26.455041], [-81.951395, 26.454951], [-81.951207, 26.454899]]]}}, {"id": "758", "type": "Feature", "properties": {"id": "045ba520-0d84-4e3f-977f-c0aed354ea1b", "name": null, "subtype": null, "class": null, "height": 4.526090145111084, "num_floors": null, "surge_class": 7, "surge_ft": 6.5, "flood_active": false, "exposure_score": 0.195, "exposure_category": "low"}, "geometry": {"type": "Polygon", "coordinates": [[[-81.95095, 26.45439], [-81.950951, 26.454486], [-81.951125, 26.454484], [-81.951125, 26.454443], [-81.951146, 26.454443], [-81.951146, 26.454388], [-81.95095, 26.45439]]]}}, {"id": "759", "type": "Feature", "properties": {"id": "19c027b1-699a-4e20-91e1-6f5a27dd4670", "name": null, "subtype": null, "class": null, "height": 4.930939197540283, "num_floors": null, "surge_class": 6, "surge_ft": 5.5, "flood_active": false, "exposure_score": 0.165, "exposure_category": "low"}, "geometry": {"type": "Polygon", "coordinates": [[[-81.951099, 26.454256], [-81.95092, 26.454257], [-81.950921, 26.454353], [-81.9511, 26.454352], [-81.951099, 26.454256]]]}}, {"id": "760", "type": "Feature", "properties": {"id": "a2e80b15-0c58-4d41-9027-4b127f1ec60e", "name": null, "subtype": null, "class": null, "height": 5.891191482543945, "num_floors": null, "surge_class": 8, "surge_ft": 7.5, "flood_active": false, "exposure_score": 0.225, "exposure_category": "low"}, "geometry": {"type": "Polygon", "coordinates": [[[-81.951093, 26.454651], [-81.951094, 26.454527], [-81.950939, 26.454526], [-81.950937, 26.454649], [-81.951093, 26.454651]]]}}, {"id": "761", "type": "Feature", "properties": {"id": "4ec27814-b810-4672-8b23-7f7b55690ed0", "name": null, "subtype": null, "class": null, "height": 3.986842155456543, "num_floors": null, "surge_class": 7, "surge_ft": 6.5, "flood_active": false, "exposure_score": 0.195, "exposure_category": "low"}, "geometry": {"type": "Polygon", "coordinates": [[[-81.950852, 26.455155], [-81.950783, 26.455284], [-81.950926, 26.455346], [-81.950996, 26.455217], [-81.950852, 26.455155]]]}}, {"id": "762", "type": "Feature", "properties": {"id": "d2d18b98-e34b-4a07-b876-8ea12ba494ec", "name": null, "subtype": null, "class": null, "height": 3.966726541519165, "num_floors": null, "surge_class": 8, "surge_ft": 7.5, "flood_active": false, "exposure_score": 0.225, "exposure_category": "low"}, "geometry": {"type": "Polygon", "coordinates": [[[-81.951017, 26.454802], [-81.9509, 26.454768], [-81.950866, 26.454864], [-81.950905, 26.454875], [-81.950895, 26.454904], [-81.950972, 26.454926], [-81.951017, 26.454802]]]}}, {"id": "763", "type": "Feature", "properties": {"id": "d9e6295e-b97b-4caf-a6ea-501c2088c59d", "name": null, "subtype": null, "class": null, "height": 6.288863182067871, "num_floors": null, "surge_class": 7, "surge_ft": 6.5, "flood_active": false, "exposure_score": 0.195, "exposure_category": "low"}, "geometry": {"type": "Polygon", "coordinates": [[[-81.950447, 26.454352], [-81.950449, 26.45446], [-81.950642, 26.454456], [-81.95064, 26.454348], [-81.950447, 26.454352]]]}}, {"id": "764", "type": "Feature", "properties": {"id": "d90689f7-c9c3-4806-9937-4e542b0cc2e5", "name": null, "subtype": null, "class": null, "height": 5.044074535369873, "num_floors": null, "surge_class": 7, "surge_ft": 6.5, "flood_active": false, "exposure_score": 0.195, "exposure_category": "low"}, "geometry": {"type": "Polygon", "coordinates": [[[-81.950454, 26.454482], [-81.950455, 26.454603], [-81.950623, 26.454601], [-81.950621, 26.45448], [-81.950454, 26.454482]]]}}, {"id": "765", "type": "Feature", "properties": {"id": "ebd7802b-1e21-4510-a15a-87872666407f", "name": null, "subtype": null, "class": null, "height": 5.573323726654053, "num_floors": null, "surge_class": 7, "surge_ft": 6.5, "flood_active": false, "exposure_score": 0.195, "exposure_category": "low"}, "geometry": {"type": "Polygon", "coordinates": [[[-81.950626, 26.454631], [-81.950473, 26.454633], [-81.950475, 26.454754], [-81.950628, 26.454751], [-81.950626, 26.454631]]]}}, {"id": "766", "type": "Feature", "properties": {"id": "6118b7a6-2b38-47cb-9ab4-00b4a2c926e6", "name": null, "subtype": "residential", "class": "house", "height": 5.339265823364258, "num_floors": null, "surge_class": 7, "surge_ft": 6.5, "flood_active": false, "exposure_score": 0.195, "exposure_category": "low"}, "geometry": {"type": "Polygon", "coordinates": [[[-81.9504346, 26.4548324], [-81.9504346, 26.4549489], [-81.950563, 26.4549489], [-81.950563, 26.4549323], [-81.9505717, 26.4549323], [-81.9505717, 26.4548858], [-81.950625, 26.4548858], [-81.950625, 26.4548474], [-81.9506133, 26.4548474], [-81.9506133, 26.4547802], [-81.9504795, 26.4547802], [-81.9504795, 26.4548003], [-81.9504527, 26.4548003], [-81.9504527, 26.4548324], [-81.9504346, 26.4548324]]]}}, {"id": "767", "type": "Feature", "properties": {"id": "279ccbf2-ef86-4b09-9fdd-bbdf95bd60b6", "name": null, "subtype": "residential", "class": "house", "height": 5.710443496704102, "num_floors": null, "surge_class": 7, "surge_ft": 6.5, "flood_active": false, "exposure_score": 0.195, "exposure_category": "low"}, "geometry": {"type": "Polygon", "coordinates": [[[-81.9505922, 26.4552682], [-81.9507118, 26.4553397], [-81.9507349, 26.4552949], [-81.9507414, 26.4552976], [-81.9507555, 26.4552701], [-81.9507593, 26.4552716], [-81.9507969, 26.4551986], [-81.9507932, 26.455197], [-81.9508239, 26.4551373], [-81.9507545, 26.4551087], [-81.9507447, 26.4551278], [-81.9507041, 26.455111], [-81.9506651, 26.4550755], [-81.9506558, 26.4550837], [-81.9506144, 26.4550461], [-81.9506296, 26.4550415], [-81.9505985, 26.4549609], [-81.9505382, 26.4549795], [-81.9505399, 26.4549839], [-81.9504494, 26.4550118], [-81.950459, 26.4550368], [-81.9504336, 26.4550447], [-81.9504806, 26.4551669], [-81.9505922, 26.4552682]]]}}, {"id": "768", "type": "Feature", "properties": {"id": "12be0d9f-1cdc-4987-a6ca-1d09770155ec", "name": null, "subtype": null, "class": null, "height": null, "num_floors": 1, "surge_class": 7, "surge_ft": 6.5, "flood_active": false, "exposure_score": 0.195, "exposure_category": "low"}, "geometry": {"type": "Polygon", "coordinates": [[[-81.9507607, 26.4601748], [-81.9507362, 26.4601748], [-81.9507362, 26.4602078], [-81.9507606, 26.4602078], [-81.9507607, 26.4601748]]]}}, {"id": "769", "type": "Feature", "properties": {"id": "08cc707d-d0d9-4e15-b07e-d26c5789ff88", "name": null, "subtype": null, "class": null, "height": 3.343094825744629, "num_floors": null, "surge_class": 7, "surge_ft": 6.5, "flood_active": false, "exposure_score": 0.195, "exposure_category": "low"}, "geometry": {"type": "Polygon", "coordinates": [[[-81.950674, 26.460779], [-81.950718, 26.460778], [-81.950716, 26.460367], [-81.950586, 26.460367], [-81.950586, 26.46043], [-81.95057, 26.46043], [-81.950572, 26.460798], [-81.950674, 26.460798], [-81.950674, 26.460779]]]}}, {"id": "770", "type": "Feature", "properties": {"id": "ef5536d2-a10a-4182-9a19-4adbd7bf7daf", "name": null, "subtype": null, "class": null, "height": null, "num_floors": null, "surge_class": 0, "surge_ft": 0.0, "flood_active": false, "exposure_score": 0.0, "exposure_category": "none"}, "geometry": {"type": "Polygon", "coordinates": [[[-81.950449, 26.459502], [-81.950423, 26.459743], [-81.950562, 26.459754], [-81.950587, 26.459514], [-81.950449, 26.459502]]]}}, {"id": "771", "type": "Feature", "properties": {"id": "01530bc9-7913-492f-a4ba-e508b5a38b42", "name": null, "subtype": null, "class": null, "height": null, "num_floors": null, "surge_class": 7, "surge_ft": 6.5, "flood_active": false, "exposure_score": 0.195, "exposure_category": "low"}, "geometry": {"type": "Polygon", "coordinates": [[[-81.9503543, 26.460743], [-81.950239, 26.4607418], [-81.9502385, 26.4607743], [-81.9503538, 26.4607756], [-81.9503543, 26.460743]]]}}, {"id": "772", "type": "Feature", "properties": {"id": "f2eb6abd-f12e-4c7f-bacd-c2d55bf657c9", "name": null, "subtype": null, "class": null, "height": 5.73862886428833, "num_floors": null, "surge_class": 7, "surge_ft": 6.5, "flood_active": false, "exposure_score": 0.195, "exposure_category": "low"}, "geometry": {"type": "Polygon", "coordinates": [[[-81.950619, 26.454317], [-81.950616, 26.45421], [-81.950439, 26.454214], [-81.950442, 26.45432], [-81.950619, 26.454317]]]}}, {"id": "773", "type": "Feature", "properties": {"id": "a61be744-e4b2-499b-8965-72aa729dd4bc", "name": null, "subtype": null, "class": null, "height": 5.58601188659668, "num_floors": null, "surge_class": 8, "surge_ft": 7.5, "flood_active": false, "exposure_score": 0.225, "exposure_category": "low"}, "geometry": {"type": "Polygon", "coordinates": [[[-81.950397, 26.453247], [-81.950398, 26.453362], [-81.950612, 26.45336], [-81.950611, 26.453245], [-81.950397, 26.453247]]]}}, {"id": "774", "type": "Feature", "properties": {"id": "fbbf5203-b5b3-4c98-9118-539c5ac5e754", "name": null, "subtype": null, "class": null, "height": 4.854885101318359, "num_floors": null, "surge_class": 8, "surge_ft": 7.5, "flood_active": false, "exposure_score": 0.225, "exposure_category": "low"}, "geometry": {"type": "Polygon", "coordinates": [[[-81.9506015, 26.4525618], [-81.9504648, 26.452565], [-81.9504675, 26.4526562], [-81.9503121, 26.4526599], [-81.9503159, 26.4527882], [-81.950481, 26.4527842], [-81.9504787, 26.4527088], [-81.9506058, 26.4527057], [-81.9506015, 26.4525618]]]}}, {"id": "775", "type": "Feature", "properties": {"id": "4d4d84de-bd04-4532-9f26-a0dc186e802a", "name": null, "subtype": null, "class": null, "height": 4.270400047302246, "num_floors": null, "surge_class": 5, "surge_ft": 4.5, "flood_active": false, "exposure_score": 0.135, "exposure_category": "low"}, "geometry": {"type": "Polygon", "coordinates": [[[-81.9504299, 26.4508318], [-81.9503585, 26.450809], [-81.9503186, 26.4509091], [-81.95039, 26.4509319], [-81.9504299, 26.4508318]]]}}, {"id": "776", "type": "Feature", "properties": {"id": "427a5aeb-e66a-4ac7-a04a-21ec7284befc", "name": null, "subtype": "commercial", "class": "commercial", "height": null, "num_floors": null, "surge_class": 6, "surge_ft": 5.5, "flood_active": false, "exposure_score": 0.165, "exposure_category": "low"}, "geometry": {"type": "Polygon", "coordinates": [[[-81.9505634, 26.4507674], [-81.9506042, 26.4507798], [-81.9506496, 26.4506601], [-81.9504807, 26.4506088], [-81.9504354, 26.4507285], [-81.9504848, 26.4507435], [-81.9504726, 26.4507756], [-81.9505377, 26.4507954], [-81.9505454, 26.4507752], [-81.9505588, 26.4507793], [-81.9505634, 26.4507674]]]}}, {"id": "777", "type": "Feature", "properties": {"id": "fc3dfb16-90bb-4cd1-8f70-b7a0be5ff365", "name": null, "subtype": null, "class": null, "height": 6.623956680297852, "num_floors": null, "surge_class": 6, "surge_ft": 5.5, "flood_active": false, "exposure_score": 0.165, "exposure_category": "low"}, "geometry": {"type": "Polygon", "coordinates": [[[-81.950677, 26.4507087], [-81.950639, 26.4507951], [-81.9507938, 26.4508496], [-81.9508318, 26.4507632], [-81.950677, 26.4507087]]]}}, {"id": "778", "type": "Feature", "properties": {"id": "aa291d9d-6b3d-4afe-9261-8f8708614247", "name": null, "subtype": null, "class": null, "height": null, "num_floors": null, "surge_class": 8, "surge_ft": 7.5, "flood_active": false, "exposure_score": 0.225, "exposure_category": "low"}, "geometry": {"type": "Polygon", "coordinates": [[[-81.950747, 26.4522421], [-81.9507864, 26.4521072], [-81.9506844, 26.4520834], [-81.9506451, 26.4522183], [-81.950747, 26.4522421]]]}}, {"id": "779", "type": "Feature", "properties": {"id": "681e8892-1572-44ba-9f54-65c7b43c9e8e", "name": null, "subtype": "commercial", "class": "hotel", "height": 7.859142303466797, "num_floors": null, "surge_class": 6, "surge_ft": 5.5, "flood_active": false, "exposure_score": 0.165, "exposure_category": "low"}, "geometry": {"type": "Polygon", "coordinates": [[[-81.9505506, 26.4519969], [-81.9506596, 26.4517312], [-81.9505579, 26.4516978], [-81.9504089, 26.452061], [-81.9504987, 26.4520905], [-81.9505387, 26.451993], [-81.9505506, 26.4519969]]]}}, {"id": "780", "type": "Feature", "properties": {"id": "fe4dbe14-047c-495e-9d05-e4c53b8d9637", "name": null, "subtype": null, "class": null, "height": 5.534482955932617, "num_floors": null, "surge_class": 8, "surge_ft": 7.5, "flood_active": false, "exposure_score": 0.225, "exposure_category": "low"}, "geometry": {"type": "Polygon", "coordinates": [[[-81.950484, 26.453111], [-81.950487, 26.453203], [-81.950657, 26.4532], [-81.950655, 26.453108], [-81.950484, 26.453111]]]}}, {"id": "781", "type": "Feature", "properties": {"id": "35061ef1-b135-4322-9560-525105575acc", "name": null, "subtype": null, "class": null, "height": 3.0608479976654053, "num_floors": null, "surge_class": 8, "surge_ft": 7.5, "flood_active": false, "exposure_score": 0.225, "exposure_category": "low"}, "geometry": {"type": "Polygon", "coordinates": [[[-81.950489, 26.453764], [-81.95065, 26.45376], [-81.950647, 26.453679], [-81.950487, 26.453684], [-81.950489, 26.453764]]]}}, {"id": "782", "type": "Feature", "properties": {"id": "99f50716-4dd1-47a4-bd26-dc83ec57ce50", "name": null, "subtype": null, "class": null, "height": 3.939789056777954, "num_floors": null, "surge_class": 8, "surge_ft": 7.5, "flood_active": false, "exposure_score": 0.225, "exposure_category": "low"}, "geometry": {"type": "Polygon", "coordinates": [[[-81.950657, 26.453494], [-81.950655, 26.45342], [-81.950513, 26.453422], [-81.950514, 26.453496], [-81.950657, 26.453494]]]}}, {"id": "783", "type": "Feature", "properties": {"id": "c2944646-d169-47b4-a7c9-4d4d4a740010", "name": null, "subtype": null, "class": null, "height": 4.17202615737915, "num_floors": null, "surge_class": 8, "surge_ft": 7.5, "flood_active": false, "exposure_score": 0.225, "exposure_category": "low"}, "geometry": {"type": "Polygon", "coordinates": [[[-81.950453, 26.453799], [-81.950456, 26.453909], [-81.950633, 26.453905], [-81.950631, 26.453826], [-81.950556, 26.453828], [-81.950555, 26.453797], [-81.950453, 26.453799]]]}}, {"id": "784", "type": "Feature", "properties": {"id": "3adabfc1-b249-47b6-9146-eac38415d9cf", "name": null, "subtype": "residential", "class": "house", "height": 5.275215148925781, "num_floors": null, "surge_class": 8, "surge_ft": 7.5, "flood_active": false, "exposure_score": 0.225, "exposure_category": "low"}, "geometry": {"type": "Polygon", "coordinates": [[[-81.9504394, 26.454078], [-81.9504396, 26.4541762], [-81.9506049, 26.4541759], [-81.9506048, 26.4541429], [-81.9506174, 26.4541429], [-81.9506172, 26.4540816], [-81.9506047, 26.4540817], [-81.9506047, 26.4540777], [-81.9504394, 26.454078]]]}}, {"id": "785", "type": "Feature", "properties": {"id": "253fc2c3-6418-4990-80f4-1e19b0a6c01d", "name": null, "subtype": null, "class": null, "height": 5.310077667236328, "num_floors": null, "surge_class": 7, "surge_ft": 6.5, "flood_active": false, "exposure_score": 0.195, "exposure_category": "low"}, "geometry": {"type": "Polygon", "coordinates": [[[-81.9509011, 26.4535275], [-81.9509519, 26.45353], [-81.9509549, 26.453481], [-81.9509041, 26.4534786], [-81.9509011, 26.4535275]]]}}, {"id": "786", "type": "Feature", "properties": {"id": "512db82d-b2e6-4a80-b7cf-d512ece9875a", "name": null, "subtype": null, "class": null, "height": 3.25036883354187, "num_floors": null, "surge_class": 7, "surge_ft": 6.5, "flood_active": false, "exposure_score": 0.195, "exposure_category": "low"}, "geometry": {"type": "Polygon", "coordinates": [[[-81.950961, 26.453294], [-81.95096, 26.453176], [-81.95085, 26.453177], [-81.950852, 26.453295], [-81.950961, 26.453294]]]}}, {"id": "787", "type": "Feature", "properties": {"id": "9ce957bb-702f-4420-8091-123a4e29ad5f", "name": null, "subtype": null, "class": null, "height": null, "num_floors": null, "surge_class": 7, "surge_ft": 6.5, "flood_active": false, "exposure_score": 0.195, "exposure_category": "low"}, "geometry": {"type": "Polygon", "coordinates": [[[-81.950971, 26.453324], [-81.950896, 26.453326], [-81.950898, 26.453382], [-81.950973, 26.453381], [-81.950971, 26.453324]]]}}, {"id": "788", "type": "Feature", "properties": {"id": "9ea6ca8f-a61a-40ca-9ab5-ccbb584cb144", "name": null, "subtype": null, "class": null, "height": null, "num_floors": null, "surge_class": 6, "surge_ft": 5.5, "flood_active": false, "exposure_score": 0.165, "exposure_category": "low"}, "geometry": {"type": "Polygon", "coordinates": [[[-81.95099, 26.451088], [-81.9510157, 26.4510149], [-81.9508995, 26.4509821], [-81.9508738, 26.4510552], [-81.95099, 26.451088]]]}}, {"id": "789", "type": "Feature", "properties": {"id": "88c5393a-9c88-4708-9027-648b0c215022", "name": null, "subtype": null, "class": null, "height": 4.897915363311768, "num_floors": null, "surge_class": 6, "surge_ft": 5.5, "flood_active": false, "exposure_score": 0.165, "exposure_category": "low"}, "geometry": {"type": "Polygon", "coordinates": [[[-81.9510838, 26.4513893], [-81.9511182, 26.4513045], [-81.951025, 26.4512741], [-81.9509905, 26.451359], [-81.9510838, 26.4513893]]]}}, {"id": "790", "type": "Feature", "properties": {"id": "490b8c54-8b6b-42ce-89d5-bd720286193f", "name": null, "subtype": null, "class": null, "height": null, "num_floors": null, "surge_class": 8, "surge_ft": 7.5, "flood_active": false, "exposure_score": 0.225, "exposure_category": "low"}, "geometry": {"type": "Polygon", "coordinates": [[[-81.9511103, 26.4521427], [-81.95102, 26.4521093], [-81.950967, 26.4522242], [-81.9510573, 26.4522576], [-81.9511103, 26.4521427]]]}}, {"id": "791", "type": "Feature", "properties": {"id": "c57d4b63-7846-4c08-b264-8eb609666d67", "name": null, "subtype": null, "class": null, "height": 4.05757999420166, "num_floors": null, "surge_class": 7, "surge_ft": 6.5, "flood_active": false, "exposure_score": 0.195, "exposure_category": "low"}, "geometry": {"type": "Polygon", "coordinates": [[[-81.951112, 26.453194], [-81.95101, 26.453195], [-81.951012, 26.453322], [-81.951114, 26.453321], [-81.951112, 26.453194]]]}}, {"id": "792", "type": "Feature", "properties": {"id": "dd5f57fa-07de-44c7-b790-82de3709d708", "name": null, "subtype": null, "class": null, "height": 5.69553279876709, "num_floors": null, "surge_class": 7, "surge_ft": 6.5, "flood_active": false, "exposure_score": 0.195, "exposure_category": "low"}, "geometry": {"type": "Polygon", "coordinates": [[[-81.951112, 26.452688], [-81.950988, 26.452649], [-81.950907, 26.452854], [-81.951031, 26.452893], [-81.951112, 26.452688]]]}}, {"id": "793", "type": "Feature", "properties": {"id": "5d59b7dd-6036-4c0f-90dc-a1108a9e029e", "name": null, "subtype": "residential", "class": "house", "height": 5.492774963378906, "num_floors": null, "surge_class": 8, "surge_ft": 7.5, "flood_active": false, "exposure_score": 0.225, "exposure_category": "low"}, "geometry": {"type": "Polygon", "coordinates": [[[-81.9510763, 26.4536431], [-81.9511369, 26.4536429], [-81.9511366, 26.4535586], [-81.9508737, 26.4535595], [-81.9508741, 26.4536438], [-81.9508983, 26.4536437], [-81.9508984, 26.4536687], [-81.951024, 26.4536683], [-81.951024, 26.4536558], [-81.9510764, 26.4536556], [-81.9510763, 26.4536431]]]}}, {"id": "794", "type": "Feature", "properties": {"id": "fe923a9f-613a-4c16-b50b-41f704192be7", "name": null, "subtype": null, "class": null, "height": 3.788004159927368, "num_floors": null, "surge_class": 8, "surge_ft": 7.5, "flood_active": false, "exposure_score": 0.225, "exposure_category": "low"}, "geometry": {"type": "Polygon", "coordinates": [[[-81.951023, 26.453812], [-81.951022, 26.453697], [-81.950899, 26.453698], [-81.9509, 26.453813], [-81.951023, 26.453812]]]}}, {"id": "795", "type": "Feature", "properties": {"id": "acb16da0-efa7-4261-9127-ce37a8a51463", "name": null, "subtype": null, "class": null, "height": 5.150684833526611, "num_floors": null, "surge_class": 8, "surge_ft": 7.5, "flood_active": false, "exposure_score": 0.225, "exposure_category": "low"}, "geometry": {"type": "Polygon", "coordinates": [[[-81.951039, 26.453984], [-81.950906, 26.453985], [-81.950907, 26.45407], [-81.951039, 26.45407], [-81.951039, 26.453984]]]}}, {"id": "796", "type": "Feature", "properties": {"id": "bac3b4b3-353b-4a61-8db3-7c37e63c901d", "name": null, "subtype": null, "class": null, "height": 3.8976213932037354, "num_floors": null, "surge_class": 8, "surge_ft": 7.5, "flood_active": false, "exposure_score": 0.225, "exposure_category": "low"}, "geometry": {"type": "Polygon", "coordinates": [[[-81.951021, 26.453945], [-81.951018, 26.453838], [-81.950903, 26.45384], [-81.950906, 26.453947], [-81.951021, 26.453945]]]}}, {"id": "797", "type": "Feature", "properties": {"id": "7ee125e8-085d-4ec2-a992-a47d0a968f90", "name": null, "subtype": null, "class": null, "height": 4.928513050079346, "num_floors": null, "surge_class": 7, "surge_ft": 6.5, "flood_active": false, "exposure_score": 0.195, "exposure_category": "low"}, "geometry": {"type": "Polygon", "coordinates": [[[-81.951054, 26.454219], [-81.95105, 26.454118], [-81.950951, 26.454121], [-81.950953, 26.454162], [-81.950921, 26.454163], [-81.950923, 26.454223], [-81.951054, 26.454219]]]}}, {"id": "798", "type": "Feature", "properties": {"id": "b4d7e5b8-cd39-4b2f-8813-11b6f9b8e4bc", "name": null, "subtype": null, "class": null, "height": 5.287588596343994, "num_floors": null, "surge_class": 8, "surge_ft": 7.5, "flood_active": false, "exposure_score": 0.225, "exposure_category": "low"}, "geometry": {"type": "Polygon", "coordinates": [[[-81.951131, 26.452696], [-81.951064, 26.452882], [-81.951186, 26.452917], [-81.951254, 26.452732], [-81.951131, 26.452696]]]}}, {"id": "799", "type": "Feature", "properties": {"id": "0346426e-8fba-4196-bbcc-8027155e55a0", "name": null, "subtype": null, "class": null, "height": 5.025935173034668, "num_floors": null, "surge_class": 7, "surge_ft": 6.5, "flood_active": false, "exposure_score": 0.195, "exposure_category": "low"}, "geometry": {"type": "Polygon", "coordinates": [[[-81.951142, 26.453212], [-81.951139, 26.453344], [-81.951254, 26.453346], [-81.951257, 26.453214], [-81.951142, 26.453212]]]}}, {"id": "800", "type": "Feature", "properties": {"id": "07e0169f-812a-460a-bea5-8101c0efa226", "name": null, "subtype": null, "class": null, "height": null, "num_floors": null, "surge_class": 7, "surge_ft": 6.5, "flood_active": false, "exposure_score": 0.195, "exposure_category": "low"}, "geometry": {"type": "Polygon", "coordinates": [[[-81.95137, 26.453509], [-81.951369, 26.45343], [-81.951283, 26.453431], [-81.951284, 26.45351], [-81.95137, 26.453509]]]}}, {"id": "801", "type": "Feature", "properties": {"id": "da5e86a1-1c3f-4a84-976d-76e1b3b7bf29", "name": null, "subtype": null, "class": null, "height": 3.4096498489379883, "num_floors": null, "surge_class": 7, "surge_ft": 6.5, "flood_active": false, "exposure_score": 0.195, "exposure_category": "low"}, "geometry": {"type": "Polygon", "coordinates": [[[-81.951386, 26.453354], [-81.951386, 26.453271], [-81.951306, 26.45327], [-81.951305, 26.453353], [-81.951386, 26.453354]]]}}, {"id": "802", "type": "Feature", "properties": {"id": "84278f52-35b6-443f-a0b3-2808e206380f", "name": null, "subtype": null, "class": null, "height": 4.797468185424805, "num_floors": null, "surge_class": 7, "surge_ft": 6.5, "flood_active": false, "exposure_score": 0.195, "exposure_category": "low"}, "geometry": {"type": "Polygon", "coordinates": [[[-81.951315, 26.452972], [-81.951381, 26.452806], [-81.951284, 26.452774], [-81.951217, 26.45294], [-81.951315, 26.452972]]]}}, {"id": "803", "type": "Feature", "properties": {"id": "c3011b38-55a2-4603-a778-1a8b62a1b43b", "name": null, "subtype": null, "class": null, "height": 4.758751392364502, "num_floors": null, "surge_class": 8, "surge_ft": 7.5, "flood_active": false, "exposure_score": 0.225, "exposure_category": "low"}, "geometry": {"type": "Polygon", "coordinates": [[[-81.9513563, 26.4523558], [-81.9513918, 26.4522242], [-81.951294, 26.4522031], [-81.9512585, 26.4523347], [-81.9513563, 26.4523558]]]}}, {"id": "804", "type": "Feature", "properties": {"id": "c818afb9-e468-4c9f-a103-16d72c58d5cd", "name": null, "subtype": null, "class": null, "height": null, "num_floors": null, "surge_class": 7, "surge_ft": 6.5, "flood_active": false, "exposure_score": 0.195, "exposure_category": "low"}, "geometry": {"type": "Polygon", "coordinates": [[[-81.9514257, 26.4518699], [-81.9513252, 26.4518408], [-81.9512793, 26.451968], [-81.9513798, 26.451997], [-81.9514257, 26.4518699]]]}}, {"id": "805", "type": "Feature", "properties": {"id": "41f44dc6-be35-405e-a62b-75e7b1dae231", "name": null, "subtype": null, "class": null, "height": 4.888059616088867, "num_floors": null, "surge_class": 8, "surge_ft": 7.5, "flood_active": false, "exposure_score": 0.225, "exposure_category": "low"}, "geometry": {"type": "Polygon", "coordinates": [[[-81.9511593, 26.4522262], [-81.9511324, 26.4522861], [-81.9512192, 26.4523174], [-81.9512461, 26.4522574], [-81.9511593, 26.4522262]]]}}, {"id": "806", "type": "Feature", "properties": {"id": "e8dd8ac7-f226-49b7-abe4-2a034959c211", "name": null, "subtype": null, "class": null, "height": 4.164067268371582, "num_floors": null, "surge_class": 6, "surge_ft": 5.5, "flood_active": false, "exposure_score": 0.165, "exposure_category": "low"}, "geometry": {"type": "Polygon", "coordinates": [[[-81.951154, 26.4509658], [-81.9511874, 26.4508681], [-81.9510909, 26.4508416], [-81.9510575, 26.4509393], [-81.951154, 26.4509658]]]}}, {"id": "807", "type": "Feature", "properties": {"id": "06bb8fc1-ad38-4cb0-92c6-0b18a793ddcc", "name": null, "subtype": null, "class": null, "height": 6.631386756896973, "num_floors": null, "surge_class": 6, "surge_ft": 5.5, "flood_active": false, "exposure_score": 0.165, "exposure_category": "low"}, "geometry": {"type": "Polygon", "coordinates": [[[-81.9500142, 26.4505425], [-81.949988, 26.4506246], [-81.9500674, 26.4506449], [-81.9500936, 26.4505627], [-81.9500142, 26.4505425]]]}}, {"id": "808", "type": "Feature", "properties": {"id": "81e91523-36aa-4b54-a807-223c0fa0a690", "name": null, "subtype": "commercial", "class": "commercial", "height": 5.621033191680908, "num_floors": null, "surge_class": 6, "surge_ft": 5.5, "flood_active": false, "exposure_score": 0.165, "exposure_category": "low"}, "geometry": {"type": "Polygon", "coordinates": [[[-81.950095, 26.4508218], [-81.9502215, 26.4508595], [-81.9502481, 26.4507882], [-81.9501216, 26.4507505], [-81.950095, 26.4508218]]]}}, {"id": "809", "type": "Feature", "properties": {"id": "60ac1f93-5599-420d-b2fb-a9b2df331f5b", "name": null, "subtype": "commercial", "class": "commercial", "height": 9.274069786071777, "num_floors": null, "surge_class": 6, "surge_ft": 5.5, "flood_active": false, "exposure_score": 0.165, "exposure_category": "low"}, "geometry": {"type": "Polygon", "coordinates": [[[-81.9501133, 26.4506545], [-81.9502432, 26.4506954], [-81.9503046, 26.4505391], [-81.9501748, 26.4504982], [-81.9501133, 26.4506545]]]}}, {"id": "810", "type": "Feature", "properties": {"id": "1dac5f93-a556-48b6-84e4-7e7551b7a976", "name": null, "subtype": null, "class": null, "height": null, "num_floors": null, "surge_class": 8, "surge_ft": 7.5, "flood_active": false, "exposure_score": 0.225, "exposure_category": "low"}, "geometry": {"type": "Polygon", "coordinates": [[[-81.949984, 26.453252], [-81.949987, 26.453375], [-81.95007, 26.453373], [-81.950067, 26.453251], [-81.949984, 26.453252]]]}}, {"id": "811", "type": "Feature", "properties": {"id": "8400a4d6-c78c-4103-a3ac-ff7dab0c959d", "name": null, "subtype": "commercial", "class": "hotel", "height": 15.913670539855957, "num_floors": null, "surge_class": 7, "surge_ft": 6.5, "flood_active": false, "exposure_score": 0.195, "exposure_category": "low"}, "geometry": {"type": "Polygon", "coordinates": [[[-81.9503351, 26.4517689], [-81.9503496, 26.4517191], [-81.9502896, 26.4517051], [-81.9502849, 26.4517213], [-81.9502448, 26.451712], [-81.9502431, 26.451718], [-81.9502063, 26.4517094], [-81.9502146, 26.4516809], [-81.9501423, 26.4516638], [-81.9501382, 26.4516778], [-81.9501014, 26.4516691], [-81.9500819, 26.4517353], [-81.9499937, 26.4517145], [-81.9500055, 26.4516743], [-81.9500469, 26.4516637], [-81.9500371, 26.4516328], [-81.9500533, 26.4516286], [-81.9500337, 26.4515673], [-81.950005, 26.4515746], [-81.9499934, 26.4515383], [-81.9499992, 26.4515368], [-81.9499872, 26.4514995], [-81.9500032, 26.4514953], [-81.9499874, 26.4514465], [-81.9499393, 26.451459], [-81.9499442, 26.4514741], [-81.9499024, 26.451485], [-81.9498979, 26.4514714], [-81.9498692, 26.4514789], [-81.9498729, 26.4514901], [-81.9498362, 26.4514997], [-81.949832, 26.4514868], [-81.9497844, 26.4514993], [-81.9497996, 26.4515454], [-81.9498145, 26.4515415], [-81.9498388, 26.4516153], [-81.9498138, 26.4516219], [-81.9498341, 26.4516834], [-81.9498487, 26.4516796], [-81.9498596, 26.4517127], [-81.9498366, 26.4517936], [-81.9498724, 26.4518018], [-81.9498684, 26.4518161], [-81.950013, 26.4518492], [-81.9500176, 26.451833], [-81.9500929, 26.4518502], [-81.9500886, 26.4518654], [-81.9501562, 26.4518808], [-81.9501636, 26.4518548], [-81.9501986, 26.4518628], [-81.9501963, 26.4518709], [-81.9502372, 26.4518803], [-81.9502329, 26.4518953], [-81.9502959, 26.4519098], [-81.9503106, 26.4518587], [-81.9502939, 26.4518549], [-81.9503024, 26.4518253], [-81.9503146, 26.4518282], [-81.9503233, 26.4517983], [-81.9503114, 26.4517955], [-81.9503202, 26.4517654], [-81.9503351, 26.4517689]]]}}, {"id": "812", "type": "Feature", "properties": {"id": "6728e378-ca7a-4422-be23-0dfdf874c186", "name": null, "subtype": null, "class": null, "height": 4.326476573944092, "num_floors": null, "surge_class": 8, "surge_ft": 7.5, "flood_active": false, "exposure_score": 0.225, "exposure_category": "low"}, "geometry": {"type": "Polygon", "coordinates": [[[-81.949848, 26.452229], [-81.949849, 26.452201], [-81.94992, 26.452203], [-81.949922, 26.452153], [-81.949781, 26.452148], [-81.949778, 26.452227], [-81.949848, 26.452229]]]}}, {"id": "813", "type": "Feature", "properties": {"id": "7c647802-faef-415f-b0fc-44ef4e2d5caf", "name": null, "subtype": null, "class": null, "height": 5.418125629425049, "num_floors": null, "surge_class": 7, "surge_ft": 6.5, "flood_active": false, "exposure_score": 0.195, "exposure_category": "low"}, "geometry": {"type": "Polygon", "coordinates": [[[-81.949804, 26.454069], [-81.949805, 26.454184], [-81.949963, 26.454184], [-81.949962, 26.454069], [-81.949804, 26.454069]]]}}, {"id": "814", "type": "Feature", "properties": {"id": "6a1b8978-935a-446d-a192-ce5116752e76", "name": null, "subtype": null, "class": null, "height": 4.631439208984375, "num_floors": null, "surge_class": 7, "surge_ft": 6.5, "flood_active": false, "exposure_score": 0.195, "exposure_category": "low"}, "geometry": {"type": "Polygon", "coordinates": [[[-81.949959, 26.453932], [-81.949798, 26.453931], [-81.949797, 26.454037], [-81.949958, 26.454038], [-81.949959, 26.453932]]]}}, {"id": "815", "type": "Feature", "properties": {"id": "688e14d8-7885-45d1-a7a3-c76d24370002", "name": null, "subtype": null, "class": null, "height": 4.6703338623046875, "num_floors": null, "surge_class": 7, "surge_ft": 6.5, "flood_active": false, "exposure_score": 0.195, "exposure_category": "low"}, "geometry": {"type": "Polygon", "coordinates": [[[-81.949922, 26.45346], [-81.949751, 26.453463], [-81.949753, 26.453555], [-81.949859, 26.453553], [-81.949859, 26.453575], [-81.949925, 26.453574], [-81.949922, 26.45346]]]}}, {"id": "816", "type": "Feature", "properties": {"id": "fd11c4c3-d885-4b8d-abbd-487f8a3ed669", "name": null, "subtype": null, "class": null, "height": 4.3798627853393555, "num_floors": null, "surge_class": 7, "surge_ft": 6.5, "flood_active": false, "exposure_score": 0.195, "exposure_category": "low"}, "geometry": {"type": "Polygon", "coordinates": [[[-81.949784, 26.452987], [-81.949785, 26.453066], [-81.949895, 26.453065], [-81.949894, 26.452986], [-81.949784, 26.452987]]]}}, {"id": "817", "type": "Feature", "properties": {"id": "256d2c00-1e89-4fd7-b17b-876614fccc2b", "name": null, "subtype": null, "class": null, "height": 3.3256771564483643, "num_floors": null, "surge_class": 7, "surge_ft": 6.5, "flood_active": false, "exposure_score": 0.195, "exposure_category": "low"}, "geometry": {"type": "Polygon", "coordinates": [[[-81.949746, 26.453124], [-81.949749, 26.453232], [-81.949963, 26.453228], [-81.949961, 26.45312], [-81.949746, 26.453124]]]}}, {"id": "818", "type": "Feature", "properties": {"id": "19e90543-580c-4e5b-a920-1bb13110b78d", "name": null, "subtype": "residential", "class": "house", "height": 5.680154323577881, "num_floors": null, "surge_class": 8, "surge_ft": 7.5, "flood_active": false, "exposure_score": 0.225, "exposure_category": "low"}, "geometry": {"type": "Polygon", "coordinates": [[[-81.9497925, 26.452932], [-81.9499448, 26.452932], [-81.9499448, 26.4528236], [-81.9497925, 26.4528236], [-81.9497925, 26.4528576], [-81.9497821, 26.4528576], [-81.9497821, 26.4528948], [-81.9497925, 26.4528948], [-81.9497925, 26.452932]]]}}, {"id": "819", "type": "Feature", "properties": {"id": "40b4fe53-cc89-4d48-a072-2315f5b4b76a", "name": null, "subtype": null, "class": null, "height": 3.8483715057373047, "num_floors": null, "surge_class": 8, "surge_ft": 7.5, "flood_active": false, "exposure_score": 0.225, "exposure_category": "low"}, "geometry": {"type": "Polygon", "coordinates": [[[-81.9499227, 26.4526433], [-81.9499209, 26.4525737], [-81.9498754, 26.4525746], [-81.9498742, 26.4525314], [-81.9497938, 26.4525331], [-81.9497949, 26.4525753], [-81.9497547, 26.4525761], [-81.949757, 26.4526649], [-81.949875, 26.4526625], [-81.9498745, 26.4526443], [-81.9499227, 26.4526433]]]}}, {"id": "820", "type": "Feature", "properties": {"id": "caf33b8b-2092-4efd-bc52-3cf004775889", "name": null, "subtype": null, "class": null, "height": 4.559233665466309, "num_floors": null, "surge_class": 8, "surge_ft": 7.5, "flood_active": false, "exposure_score": 0.225, "exposure_category": "low"}, "geometry": {"type": "Polygon", "coordinates": [[[-81.94975, 26.4527113], [-81.9497531, 26.452799], [-81.9498791, 26.4527954], [-81.949876, 26.4527077], [-81.94975, 26.4527113]]]}}, {"id": "821", "type": "Feature", "properties": {"id": "ec51825d-5eeb-4413-ab42-8deace3afc42", "name": null, "subtype": null, "class": null, "height": null, "num_floors": null, "surge_class": 7, "surge_ft": 6.5, "flood_active": false, "exposure_score": 0.195, "exposure_category": "low"}, "geometry": {"type": "Polygon", "coordinates": [[[-81.949859, 26.453264], [-81.949746, 26.453266], [-81.949748, 26.453362], [-81.949861, 26.45336], [-81.949859, 26.453264]]]}}, {"id": "822", "type": "Feature", "properties": {"id": "8f2498a4-b6a7-4bbd-a32a-39cc46597d3b", "name": null, "subtype": null, "class": null, "height": 3.6155645847320557, "num_floors": null, "surge_class": 7, "surge_ft": 6.5, "flood_active": false, "exposure_score": 0.195, "exposure_category": "low"}, "geometry": {"type": "Polygon", "coordinates": [[[-81.949758, 26.453739], [-81.94976, 26.45382], [-81.94983, 26.453819], [-81.94983, 26.453842], [-81.94988, 26.453841], [-81.949877, 26.453736], [-81.949758, 26.453739]]]}}, {"id": "823", "type": "Feature", "properties": {"id": "8e66083e-89b4-4813-82b7-1ae72480ad3f", "name": null, "subtype": null, "class": null, "height": null, "num_floors": null, "surge_class": 9, "surge_ft": 8.5, "flood_active": false, "exposure_score": 0.255, "exposure_category": "moderate"}, "geometry": {"type": "Polygon", "coordinates": [[[-81.949769, 26.452381], [-81.949857, 26.452383], [-81.94986, 26.452288], [-81.949771, 26.452286], [-81.949769, 26.452381]]]}}, {"id": "824", "type": "Feature", "properties": {"id": "8e7fc9f0-8658-4fb0-8cd3-0f567a2e8a4a", "name": null, "subtype": null, "class": null, "height": 3.426503896713257, "num_floors": null, "surge_class": 7, "surge_ft": 6.5, "flood_active": false, "exposure_score": 0.195, "exposure_category": "low"}, "geometry": {"type": "Polygon", "coordinates": [[[-81.9497721, 26.451042], [-81.9497904, 26.4509816], [-81.9498944, 26.4510068], [-81.9499168, 26.450933], [-81.9497028, 26.4508811], [-81.9496893, 26.4509258], [-81.9496434, 26.4509147], [-81.9496163, 26.4510041], [-81.9497721, 26.451042]]]}}, {"id": "825", "type": "Feature", "properties": {"id": "11a6b5a9-717d-4af4-9942-3ad0337705d1", "name": null, "subtype": null, "class": null, "height": 7.54452657699585, "num_floors": null, "surge_class": 6, "surge_ft": 5.5, "flood_active": false, "exposure_score": 0.165, "exposure_category": "low"}, "geometry": {"type": "Polygon", "coordinates": [[[-81.949914, 26.4505708], [-81.949957, 26.4504675], [-81.9498604, 26.4504353], [-81.9498174, 26.4505386], [-81.949914, 26.4505708]]]}}, {"id": "826", "type": "Feature", "properties": {"id": "5b1bcc64-ce45-4e9b-8675-11ac5251f7fe", "name": null, "subtype": null, "class": null, "height": null, "num_floors": null, "surge_class": 6, "surge_ft": 5.5, "flood_active": false, "exposure_score": 0.165, "exposure_category": "low"}, "geometry": {"type": "Polygon", "coordinates": [[[-81.9495582, 26.4507806], [-81.9494338, 26.4507397], [-81.9493783, 26.4508752], [-81.9494681, 26.4509047], [-81.9495098, 26.4508031], [-81.9495444, 26.4508144], [-81.9495582, 26.4507806]]]}}, {"id": "827", "type": "Feature", "properties": {"id": "56f58786-6e2c-4ce3-bff4-2044f577396a", "name": null, "subtype": null, "class": null, "height": null, "num_floors": null, "surge_class": 6, "surge_ft": 5.5, "flood_active": false, "exposure_score": 0.165, "exposure_category": "low"}, "geometry": {"type": "Polygon", "coordinates": [[[-81.949531, 26.450561], [-81.9495115, 26.4506397], [-81.9496188, 26.4506611], [-81.9496384, 26.4505823], [-81.949531, 26.450561]]]}}, {"id": "828", "type": "Feature", "properties": {"id": "30c5621f-5e15-42e6-96c3-4e77292754b9", "name": null, "subtype": null, "class": null, "height": 5.678725242614746, "num_floors": null, "surge_class": 8, "surge_ft": 7.5, "flood_active": false, "exposure_score": 0.225, "exposure_category": "low"}, "geometry": {"type": "Polygon", "coordinates": [[[-81.949398, 26.454153], [-81.949401, 26.45428], [-81.949581, 26.454276], [-81.949577, 26.45415], [-81.949398, 26.454153]]]}}, {"id": "829", "type": "Feature", "properties": {"id": "d0464b37-d9c5-4b23-b5ab-3175657c2877", "name": null, "subtype": null, "class": null, "height": 4.404237270355225, "num_floors": null, "surge_class": 7, "surge_ft": 6.5, "flood_active": false, "exposure_score": 0.195, "exposure_category": "low"}, "geometry": {"type": "Polygon", "coordinates": [[[-81.949381, 26.453742], [-81.949382, 26.453848], [-81.949581, 26.453846], [-81.949579, 26.45374], [-81.949381, 26.453742]]]}}, {"id": "830", "type": "Feature", "properties": {"id": "c2e709fa-ed66-4e91-b7fa-e158d3756d10", "name": null, "subtype": null, "class": null, "height": 3.4592134952545166, "num_floors": null, "surge_class": 7, "surge_ft": 6.5, "flood_active": false, "exposure_score": 0.195, "exposure_category": "low"}, "geometry": {"type": "Polygon", "coordinates": [[[-81.949383, 26.453475], [-81.949384, 26.453573], [-81.94956, 26.453571], [-81.949558, 26.453472], [-81.949383, 26.453475]]]}}, {"id": "831", "type": "Feature", "properties": {"id": "ac299181-ed25-485e-a9c9-f877012a8cb1", "name": null, "subtype": null, "class": null, "height": 4.908236980438232, "num_floors": null, "surge_class": 7, "surge_ft": 6.5, "flood_active": false, "exposure_score": 0.195, "exposure_category": "low"}, "geometry": {"type": "Polygon", "coordinates": [[[-81.949569, 26.453697], [-81.949566, 26.453599], [-81.949392, 26.453602], [-81.949395, 26.453702], [-81.949473, 26.4537], [-81.949473, 26.453699], [-81.949569, 26.453697]]]}}, {"id": "832", "type": "Feature", "properties": {"id": "25e562f7-5830-4c0f-ad95-5f2454efc657", "name": null, "subtype": null, "class": null, "height": 4.407459259033203, "num_floors": null, "surge_class": 7, "surge_ft": 6.5, "flood_active": false, "exposure_score": 0.195, "exposure_category": "low"}, "geometry": {"type": "Polygon", "coordinates": [[[-81.949548, 26.453979], [-81.949548, 26.45389], [-81.949394, 26.453891], [-81.949394, 26.45398], [-81.949548, 26.453979]]]}}, {"id": "833", "type": "Feature", "properties": {"id": "ecac6c1a-5871-43d0-8d42-43726020e2a1", "name": null, "subtype": null, "class": null, "height": 4.920829772949219, "num_floors": null, "surge_class": 7, "surge_ft": 6.5, "flood_active": false, "exposure_score": 0.195, "exposure_category": "low"}, "geometry": {"type": "Polygon", "coordinates": [[[-81.949394, 26.45402], [-81.949396, 26.454106], [-81.949567, 26.454103], [-81.949565, 26.454017], [-81.949394, 26.45402]]]}}, {"id": "834", "type": "Feature", "properties": {"id": "49314d2b-f2d7-4859-a1dc-3ca0e7e44643", "name": null, "subtype": null, "class": null, "height": null, "num_floors": null, "surge_class": 7, "surge_ft": 6.5, "flood_active": false, "exposure_score": 0.195, "exposure_category": "low"}, "geometry": {"type": "Polygon", "coordinates": [[[-81.949365, 26.45329], [-81.94954, 26.453289], [-81.949539, 26.453197], [-81.949364, 26.453199], [-81.949365, 26.45329]]]}}, {"id": "835", "type": "Feature", "properties": {"id": "b8d5f665-ad10-4f80-b58d-58987fb16ac9", "name": null, "subtype": null, "class": null, "height": 3.4515631198883057, "num_floors": null, "surge_class": 8, "surge_ft": 7.5, "flood_active": false, "exposure_score": 0.225, "exposure_category": "low"}, "geometry": {"type": "Polygon", "coordinates": [[[-81.949554, 26.453409], [-81.949552, 26.453325], [-81.94938, 26.453329], [-81.949383, 26.453432], [-81.94948, 26.45343], [-81.949479, 26.453411], [-81.949554, 26.453409]]]}}, {"id": "836", "type": "Feature", "properties": {"id": "8e4cfb1a-d6d8-42e7-8626-945317b0bc02", "name": null, "subtype": null, "class": null, "height": null, "num_floors": null, "surge_class": 8, "surge_ft": 7.5, "flood_active": false, "exposure_score": 0.225, "exposure_category": "low"}, "geometry": {"type": "Polygon", "coordinates": [[[-81.949573, 26.453149], [-81.949572, 26.453063], [-81.949374, 26.453065], [-81.949375, 26.453151], [-81.949573, 26.453149]]]}}, {"id": "837", "type": "Feature", "properties": {"id": "2fc7d17e-2ae4-454a-b60c-a8816df6fccb", "name": null, "subtype": null, "class": null, "height": null, "num_floors": null, "surge_class": 6, "surge_ft": 5.5, "flood_active": false, "exposure_score": 0.165, "exposure_category": "low"}, "geometry": {"type": "Polygon", "coordinates": [[[-81.949182, 26.45266], [-81.949184, 26.452728], [-81.949267, 26.452726], [-81.949265, 26.452658], [-81.949182, 26.45266]]]}}, {"id": "838", "type": "Feature", "properties": {"id": "4d6e82cd-df49-4b62-9767-b9ac4914913d", "name": null, "subtype": null, "class": null, "height": 5.217439651489258, "num_floors": null, "surge_class": 5, "surge_ft": 4.5, "flood_active": false, "exposure_score": 0.135, "exposure_category": "low"}, "geometry": {"type": "Polygon", "coordinates": [[[-81.949405, 26.45262], [-81.949435, 26.4526197], [-81.9494307, 26.4523349], [-81.9494046, 26.4523352], [-81.9494042, 26.4523124], [-81.9493937, 26.4523125], [-81.9493933, 26.4522801], [-81.9493334, 26.4522808], [-81.9493339, 26.4523121], [-81.9490256, 26.4523158], [-81.9490306, 26.4526474], [-81.9494053, 26.4526429], [-81.949405, 26.45262]]]}}, {"id": "839", "type": "Feature", "properties": {"id": "d08b9ac0-dd1d-4b16-8965-815bc8bd87b8", "name": null, "subtype": null, "class": null, "height": null, "num_floors": null, "surge_class": 6, "surge_ft": 5.5, "flood_active": false, "exposure_score": 0.165, "exposure_category": "low"}, "geometry": {"type": "Polygon", "coordinates": [[[-81.9492413, 26.4504259], [-81.949245, 26.450427], [-81.9492864, 26.4503206], [-81.9492933, 26.4503177], [-81.9493, 26.4503004], [-81.949291, 26.4502848], [-81.9492738, 26.4502795], [-81.9492636, 26.450282], [-81.9492022, 26.4502629], [-81.9491499, 26.4503974], [-81.9491772, 26.4504059], [-81.9491738, 26.4504147], [-81.9492379, 26.4504346], [-81.9492413, 26.4504259]]]}}, {"id": "840", "type": "Feature", "properties": {"id": "827dca96-a61f-49a6-9e7f-d011d9818684", "name": null, "subtype": null, "class": null, "height": 3.526923179626465, "num_floors": null, "surge_class": 6, "surge_ft": 5.5, "flood_active": false, "exposure_score": 0.165, "exposure_category": "low"}, "geometry": {"type": "Polygon", "coordinates": [[[-81.9492733, 26.4506775], [-81.9492428, 26.4507597], [-81.9493346, 26.450787], [-81.9493651, 26.4507048], [-81.9492733, 26.4506775]]]}}, {"id": "841", "type": "Feature", "properties": {"id": "ebf1104a-7d44-46f4-a347-932dd502b26a", "name": null, "subtype": null, "class": null, "height": null, "num_floors": null, "surge_class": 6, "surge_ft": 5.5, "flood_active": false, "exposure_score": 0.165, "exposure_category": "low"}, "geometry": {"type": "Polygon", "coordinates": [[[-81.9494629, 26.4504209], [-81.949491, 26.4503331], [-81.9494514, 26.4503229], [-81.9494595, 26.4502976], [-81.949395, 26.450281], [-81.9493815, 26.4503232], [-81.9493518, 26.4503156], [-81.9493291, 26.4503866], [-81.9494629, 26.4504209]]]}}, {"id": "842", "type": "Feature", "properties": {"id": "fddc2dc9-72ed-47bf-9446-b3d7f137d2e5", "name": null, "subtype": null, "class": null, "height": 4.18280029296875, "num_floors": null, "surge_class": 7, "surge_ft": 6.5, "flood_active": false, "exposure_score": 0.195, "exposure_category": "low"}, "geometry": {"type": "Polygon", "coordinates": [[[-81.930031, 26.443755], [-81.92989, 26.443685], [-81.929834, 26.443775], [-81.929976, 26.443845], [-81.930031, 26.443755]]]}}, {"id": "843", "type": "Feature", "properties": {"id": "57b57df8-a433-49b9-8cb4-01bb912e65e5", "name": null, "subtype": null, "class": null, "height": 4.4997172355651855, "num_floors": null, "surge_class": 8, "surge_ft": 7.5, "flood_active": false, "exposure_score": 0.225, "exposure_category": "low"}, "geometry": {"type": "Polygon", "coordinates": [[[-81.9300935, 26.4431369], [-81.9300251, 26.4430769], [-81.9299319, 26.443162], [-81.9300003, 26.443222], [-81.9300935, 26.4431369]]]}}, {"id": "844", "type": "Feature", "properties": {"id": "3fcb37b5-ef0c-44e6-9323-5bf9516f340a", "name": null, "subtype": null, "class": null, "height": 3.30489182472229, "num_floors": null, "surge_class": 7, "surge_ft": 6.5, "flood_active": false, "exposure_score": 0.195, "exposure_category": "low"}, "geometry": {"type": "Polygon", "coordinates": [[[-81.930078, 26.443743], [-81.930188, 26.44365], [-81.930104, 26.44357], [-81.929994, 26.443664], [-81.930078, 26.443743]]]}}, {"id": "845", "type": "Feature", "properties": {"id": "2a9d82d1-29af-48e9-9e4c-3c08ec254eee", "name": null, "subtype": "residential", "class": "house", "height": null, "num_floors": null, "surge_class": 7, "surge_ft": 6.5, "flood_active": false, "exposure_score": 0.195, "exposure_category": "low"}, "geometry": {"type": "Polygon", "coordinates": [[[-81.9302018, 26.4440475], [-81.930316, 26.4439544], [-81.9302587, 26.443898], [-81.9302127, 26.4439355], [-81.930187, 26.4439103], [-81.9301188, 26.4439659], [-81.9302018, 26.4440475]]]}}, {"id": "846", "type": "Feature", "properties": {"id": "9a8b9d63-0b4b-4fb7-87cb-e4e241d7cb92", "name": null, "subtype": "residential", "class": "house", "height": 3.866666555404663, "num_floors": null, "surge_class": 7, "surge_ft": 6.5, "flood_active": false, "exposure_score": 0.195, "exposure_category": "low"}, "geometry": {"type": "Polygon", "coordinates": [[[-81.9303487, 26.4439225], [-81.9304335, 26.4438563], [-81.9303503, 26.4437707], [-81.9302654, 26.443837], [-81.9303487, 26.4439225]]]}}, {"id": "847", "type": "Feature", "properties": {"id": "2886ebe8-5f31-4dee-bb00-fb85943a4120", "name": null, "subtype": "residential", "class": "house", "height": null, "num_floors": null, "surge_class": 7, "surge_ft": 6.5, "flood_active": false, "exposure_score": 0.195, "exposure_category": "low"}, "geometry": {"type": "Polygon", "coordinates": [[[-81.9307439, 26.4435802], [-81.9306662, 26.4435063], [-81.9305777, 26.4435809], [-81.9306553, 26.4436548], [-81.9307439, 26.4435802]]]}}, {"id": "848", "type": "Feature", "properties": {"id": "6ac74daf-cba8-4fc0-909f-f72c3d625fb9", "name": null, "subtype": "residential", "class": "house", "height": null, "num_floors": null, "surge_class": 8, "surge_ft": 7.5, "flood_active": false, "exposure_score": 0.225, "exposure_category": "low"}, "geometry": {"type": "Polygon", "coordinates": [[[-81.9303932, 26.4436927], [-81.9305087, 26.4438083], [-81.9305629, 26.4437649], [-81.9305256, 26.4437276], [-81.9305915, 26.4436748], [-81.9305133, 26.4435966], [-81.9303932, 26.4436927]]]}}, {"id": "849", "type": "Feature", "properties": {"id": "fb1a04ec-d4d2-417f-9062-d77a471f09bd", "name": null, "subtype": null, "class": null, "height": 3.8027901649475098, "num_floors": null, "surge_class": 7, "surge_ft": 6.5, "flood_active": false, "exposure_score": 0.195, "exposure_category": "low"}, "geometry": {"type": "Polygon", "coordinates": [[[-81.930757, 26.44324], [-81.930635, 26.443122], [-81.930517, 26.443218], [-81.930578, 26.443278], [-81.930625, 26.443239], [-81.930686, 26.443298], [-81.930757, 26.44324]]]}}, {"id": "850", "type": "Feature", "properties": {"id": "95c25d1e-0278-4f00-b68e-1e380e677ab5", "name": null, "subtype": null, "class": null, "height": 4.586004734039307, "num_floors": null, "surge_class": 7, "surge_ft": 6.5, "flood_active": false, "exposure_score": 0.195, "exposure_category": "low"}, "geometry": {"type": "Polygon", "coordinates": [[[-81.930447, 26.443283], [-81.930341, 26.443361], [-81.930422, 26.443449], [-81.930497, 26.443393], [-81.930528, 26.443426], [-81.930588, 26.443381], [-81.930532, 26.443321], [-81.930502, 26.443343], [-81.930447, 26.443283]]]}}, {"id": "851", "type": "Feature", "properties": {"id": "db82de97-03f9-4400-9ebe-2d5b17ac579f", "name": null, "subtype": null, "class": null, "height": 4.316722869873047, "num_floors": null, "surge_class": 8, "surge_ft": 7.5, "flood_active": false, "exposure_score": 0.225, "exposure_category": "low"}, "geometry": {"type": "Polygon", "coordinates": [[[-81.930268, 26.443607], [-81.930345, 26.443543], [-81.930316, 26.443514], [-81.930369, 26.44347], [-81.930299, 26.443403], [-81.930169, 26.443512], [-81.930268, 26.443607]]]}}, {"id": "852", "type": "Feature", "properties": {"id": "e35bd1c3-0c34-488f-8488-a06050067748", "name": null, "subtype": "residential", "class": "house", "height": 5.265710830688477, "num_floors": null, "surge_class": 6, "surge_ft": 5.5, "flood_active": false, "exposure_score": 0.165, "exposure_category": "low"}, "geometry": {"type": "Polygon", "coordinates": [[[-81.930747, 26.441954], [-81.9307558, 26.4419449], [-81.9307118, 26.441911], [-81.9305793, 26.4420486], [-81.9306903, 26.4421344], [-81.9307936, 26.4420271], [-81.9307725, 26.4420108], [-81.930793, 26.4419895], [-81.930747, 26.441954]]]}}, {"id": "853", "type": "Feature", "properties": {"id": "b7fcc88d-df8a-4818-aef1-a0228afae711", "name": null, "subtype": null, "class": null, "height": 3.284043788909912, "num_floors": null, "surge_class": 6, "surge_ft": 5.5, "flood_active": false, "exposure_score": 0.165, "exposure_category": "low"}, "geometry": {"type": "Polygon", "coordinates": [[[-81.9305781, 26.4418122], [-81.9304579, 26.4419171], [-81.930537, 26.4419898], [-81.9306572, 26.4418849], [-81.9305781, 26.4418122]]]}}, {"id": "854", "type": "Feature", "properties": {"id": "e04ee12b-95f8-465b-8513-88560f4f6507", "name": null, "subtype": null, "class": null, "height": 4.93363094329834, "num_floors": null, "surge_class": 7, "surge_ft": 6.5, "flood_active": false, "exposure_score": 0.195, "exposure_category": "low"}, "geometry": {"type": "Polygon", "coordinates": [[[-81.9300841, 26.4422749], [-81.9299507, 26.4422025], [-81.9298704, 26.4423211], [-81.9300038, 26.4423935], [-81.9300841, 26.4422749]]]}}, {"id": "855", "type": "Feature", "properties": {"id": "0958e3d8-6516-4ac0-9c09-f4f96a0d534a", "name": null, "subtype": "religious", "class": "church", "height": 7.0121941566467285, "num_floors": null, "surge_class": 7, "surge_ft": 6.5, "flood_active": false, "exposure_score": 0.195, "exposure_category": "low"}, "geometry": {"type": "Polygon", "coordinates": [[[-81.9303135, 26.442684], [-81.930353, 26.4426549], [-81.9303094, 26.4426112], [-81.9302698, 26.4425714], [-81.9302294, 26.4426034], [-81.9302238, 26.4426002], [-81.9300862, 26.4425944], [-81.9300709, 26.442602], [-81.9300608, 26.4425925], [-81.9300133, 26.4425901], [-81.9299838, 26.4426189], [-81.9299806, 26.4426594], [-81.9299891, 26.4426699], [-81.9299791, 26.4426789], [-81.929975, 26.4428047], [-81.9299904, 26.4428199], [-81.9300694, 26.4428977], [-81.9302072, 26.4429043], [-81.9302184, 26.4428948], [-81.9302305, 26.4429057], [-81.930276, 26.4429086], [-81.930312, 26.4428798], [-81.9303126, 26.4428377], [-81.9303011, 26.4428251], [-81.9303117, 26.4428179], [-81.9303191, 26.4426924], [-81.9303135, 26.442684]]]}}, {"id": "856", "type": "Feature", "properties": {"id": "2c8bfb36-aabd-464b-be05-2c197ea20f0f", "name": null, "subtype": null, "class": null, "height": 5.4439897537231445, "num_floors": null, "surge_class": 7, "surge_ft": 6.5, "flood_active": false, "exposure_score": 0.195, "exposure_category": "low"}, "geometry": {"type": "Polygon", "coordinates": [[[-81.9300583, 26.4416946], [-81.9299102, 26.4416284], [-81.9298721, 26.4416966], [-81.930119, 26.441807], [-81.9301758, 26.4417051], [-81.9300771, 26.441661], [-81.9300583, 26.4416946]]]}}, {"id": "857", "type": "Feature", "properties": {"id": "c72efc5f-bf6a-4799-8d5d-e426c2368212", "name": null, "subtype": null, "class": null, "height": 3.972677707672119, "num_floors": null, "surge_class": 6, "surge_ft": 5.5, "flood_active": false, "exposure_score": 0.165, "exposure_category": "low"}, "geometry": {"type": "Polygon", "coordinates": [[[-81.9300836, 26.4418152], [-81.9300071, 26.4417729], [-81.9299609, 26.44184], [-81.9300374, 26.4418822], [-81.9300836, 26.4418152]]]}}, {"id": "858", "type": "Feature", "properties": {"id": "d8e75322-64b6-4285-8774-57887b654f44", "name": null, "subtype": null, "class": null, "height": 3.1143884658813477, "num_floors": null, "surge_class": 7, "surge_ft": 6.5, "flood_active": false, "exposure_score": 0.195, "exposure_category": "low"}, "geometry": {"type": "Polygon", "coordinates": [[[-81.9316378, 26.4428542], [-81.9316771, 26.4427605], [-81.9315935, 26.4427324], [-81.9315541, 26.442826], [-81.9316378, 26.4428542]]]}}, {"id": "859", "type": "Feature", "properties": {"id": "c13f48e6-eabb-445b-a4f7-84a023a50e77", "name": null, "subtype": null, "class": null, "height": null, "num_floors": null, "surge_class": 6, "surge_ft": 5.5, "flood_active": false, "exposure_score": 0.165, "exposure_category": "low"}, "geometry": {"type": "Polygon", "coordinates": [[[-81.9315635, 26.4425792], [-81.9315175, 26.4426942], [-81.9316055, 26.4427224], [-81.9316515, 26.4426074], [-81.9315635, 26.4425792]]]}}, {"id": "860", "type": "Feature", "properties": {"id": "78b2cd6a-0950-4c30-8bdb-e86077e3c3bb", "name": null, "subtype": null, "class": null, "height": 4.616540431976318, "num_floors": 2, "surge_class": 7, "surge_ft": 6.5, "flood_active": false, "exposure_score": 0.195, "exposure_category": "low"}, "geometry": {"type": "Polygon", "coordinates": [[[-81.931431, 26.4425971], [-81.9313969, 26.4426428], [-81.9314071, 26.4426489], [-81.9314011, 26.4426569], [-81.9314658, 26.442696], [-81.9315059, 26.4426423], [-81.9315033, 26.4426408], [-81.9315204, 26.4426179], [-81.931514, 26.4426141], [-81.9315242, 26.4426004], [-81.9315344, 26.4426065], [-81.931594, 26.4425266], [-81.9315932, 26.4425129], [-81.9315849, 26.4425045], [-81.9315239, 26.4424676], [-81.9315324, 26.4424562], [-81.931507, 26.4424409], [-81.9315045, 26.4424393], [-81.931513, 26.4424279], [-81.9315351, 26.4423982], [-81.9315293, 26.4423715], [-81.9315065, 26.4423577], [-81.9314597, 26.4423957], [-81.9314444, 26.4424163], [-81.9314452, 26.4424201], [-81.9314316, 26.4424185], [-81.9314155, 26.4424254], [-81.9313355, 26.4425327], [-81.9313557, 26.442545], [-81.9313524, 26.4425495], [-81.9313929, 26.4425741], [-81.9313947, 26.4425718], [-81.9314099, 26.442581], [-81.9314047, 26.442588], [-81.9314224, 26.4425987], [-81.9314276, 26.4425917], [-81.9314428, 26.4426009], [-81.9314412, 26.4426032], [-81.931431, 26.4425971]]]}}, {"id": "861", "type": "Feature", "properties": {"id": "6b3d5ffc-2f77-4d55-b8e1-a855a59b932f", "name": null, "subtype": null, "class": null, "height": 3.7521157264709473, "num_floors": null, "surge_class": 6, "surge_ft": 5.5, "flood_active": false, "exposure_score": 0.165, "exposure_category": "low"}, "geometry": {"type": "Polygon", "coordinates": [[[-81.9311023, 26.4424398], [-81.9312179, 26.4423271], [-81.93113, 26.4422548], [-81.9310144, 26.4423676], [-81.9311023, 26.4424398]]]}}, {"id": "862", "type": "Feature", "properties": {"id": "385e3d59-5c1e-4c72-95b2-0f91da57b4ff", "name": null, "subtype": null, "class": null, "height": 4.170699596405029, "num_floors": null, "surge_class": 6, "surge_ft": 5.5, "flood_active": false, "exposure_score": 0.165, "exposure_category": "low"}, "geometry": {"type": "Polygon", "coordinates": [[[-81.9310209, 26.4421732], [-81.930934, 26.4422463], [-81.9309635, 26.4422744], [-81.9309108, 26.4423187], [-81.9309509, 26.442357], [-81.9310905, 26.4422396], [-81.9310209, 26.4421732]]]}}, {"id": "863", "type": "Feature", "properties": {"id": "5901cdf1-2c8b-4215-b7c0-b2b54874e609", "name": null, "subtype": "residential", "class": "house", "height": 5.285831451416016, "num_floors": null, "surge_class": 6, "surge_ft": 5.5, "flood_active": false, "exposure_score": 0.165, "exposure_category": "low"}, "geometry": {"type": "Polygon", "coordinates": [[[-81.9308287, 26.4422795], [-81.930967, 26.4421278], [-81.9308962, 26.4420761], [-81.9308424, 26.4421352], [-81.9308102, 26.4421116], [-81.9307257, 26.4422043], [-81.9308287, 26.4422795]]]}}, {"id": "864", "type": "Feature", "properties": {"id": "eef8ccff-9412-452e-aad7-168120ee526e", "name": null, "subtype": null, "class": null, "height": 3.5512425899505615, "num_floors": null, "surge_class": 6, "surge_ft": 5.5, "flood_active": false, "exposure_score": 0.165, "exposure_category": "low"}, "geometry": {"type": "Polygon", "coordinates": [[[-81.9310964, 26.4429032], [-81.9311196, 26.4428655], [-81.9310269, 26.4428198], [-81.9309324, 26.4429738], [-81.9310547, 26.443034], [-81.9311261, 26.4429179], [-81.9310964, 26.4429032]]]}}, {"id": "865", "type": "Feature", "properties": {"id": "c6f897a4-9bf8-4670-a3e0-ae95f9eb6844", "name": null, "subtype": "residential", "class": "house", "height": 3.5468671321868896, "num_floors": null, "surge_class": 7, "surge_ft": 6.5, "flood_active": false, "exposure_score": 0.195, "exposure_category": "low"}, "geometry": {"type": "Polygon", "coordinates": [[[-81.9311223, 26.4430418], [-81.9312984, 26.4431361], [-81.9313537, 26.4430534], [-81.9312759, 26.4430117], [-81.931308, 26.4429637], [-81.9312098, 26.442911], [-81.9311223, 26.4430418]]]}}, {"id": "866", "type": "Feature", "properties": {"id": "b78c5e89-b7e6-4db3-ba62-ceb4fdda8642", "name": null, "subtype": null, "class": null, "height": 3.110607862472534, "num_floors": null, "surge_class": 7, "surge_ft": 6.5, "flood_active": false, "exposure_score": 0.195, "exposure_category": "low"}, "geometry": {"type": "Polygon", "coordinates": [[[-81.931123, 26.4433113], [-81.9312289, 26.4432196], [-81.9311391, 26.4431364], [-81.9310332, 26.4432281], [-81.931123, 26.4433113]]]}}, {"id": "867", "type": "Feature", "properties": {"id": "0fc1ffde-dac4-4386-84ca-d557ffcf827a", "name": null, "subtype": null, "class": null, "height": 3.2777583599090576, "num_floors": null, "surge_class": 6, "surge_ft": 5.5, "flood_active": false, "exposure_score": 0.165, "exposure_category": "low"}, "geometry": {"type": "Polygon", "coordinates": [[[-81.930822, 26.443007], [-81.930698, 26.443116], [-81.93078, 26.443191], [-81.930866, 26.443115], [-81.930848, 26.443099], [-81.930886, 26.443066], [-81.930822, 26.443007]]]}}, {"id": "868", "type": "Feature", "properties": {"id": "bff98457-4ab1-4735-a566-6bb446411822", "name": null, "subtype": "residential", "class": "house", "height": 3.482536792755127, "num_floors": null, "surge_class": 7, "surge_ft": 6.5, "flood_active": false, "exposure_score": 0.195, "exposure_category": "low"}, "geometry": {"type": "Polygon", "coordinates": [[[-81.9308501, 26.4435007], [-81.9309221, 26.4434414], [-81.9308418, 26.4433631], [-81.9307558, 26.4434337], [-81.9307718, 26.4434493], [-81.9307419, 26.4434738], [-81.9308249, 26.4435548], [-81.9308687, 26.4435188], [-81.9308501, 26.4435007]]]}}, {"id": "869", "type": "Feature", "properties": {"id": "6a08ca5c-8162-40bc-8ddf-9cc0189dcb70", "name": null, "subtype": "residential", "class": "house", "height": 3.0916922092437744, "num_floors": null, "surge_class": 7, "surge_ft": 6.5, "flood_active": false, "exposure_score": 0.195, "exposure_category": "low"}, "geometry": {"type": "Polygon", "coordinates": [[[-81.9309631, 26.4434269], [-81.931097, 26.4433182], [-81.9310134, 26.4432357], [-81.9308795, 26.4433444], [-81.9309631, 26.4434269]]]}}, {"id": "870", "type": "Feature", "properties": {"id": "30c53c9d-e9b8-46d2-a8b9-faad065846ee", "name": null, "subtype": "residential", "class": "house", "height": null, "num_floors": null, "surge_class": 8, "surge_ft": 7.5, "flood_active": false, "exposure_score": 0.225, "exposure_category": "low"}, "geometry": {"type": "Polygon", "coordinates": [[[-81.9306429, 26.4440636], [-81.9307453, 26.4441626], [-81.9307599, 26.4441505], [-81.9307806, 26.4441704], [-81.9308439, 26.4441179], [-81.9308204, 26.4440951], [-81.9308699, 26.4440541], [-81.9307822, 26.4439694], [-81.9307404, 26.4440041], [-81.9307674, 26.4440302], [-81.9307486, 26.4440458], [-81.9307096, 26.4440082], [-81.9306429, 26.4440636]]]}}, {"id": "871", "type": "Feature", "properties": {"id": "3209e42a-b919-4c0d-bd5f-9d8660a246f6", "name": null, "subtype": "residential", "class": "house", "height": null, "num_floors": null, "surge_class": 7, "surge_ft": 6.5, "flood_active": false, "exposure_score": 0.195, "exposure_category": "low"}, "geometry": {"type": "Polygon", "coordinates": [[[-81.9308817, 26.4440094], [-81.9310033, 26.4439077], [-81.9309317, 26.4438391], [-81.9308102, 26.4439408], [-81.9308817, 26.4440094]]]}}, {"id": "872", "type": "Feature", "properties": {"id": "effca66b-6fce-4da2-a74c-17b85ed96bf9", "name": null, "subtype": "residential", "class": "house", "height": null, "num_floors": null, "surge_class": 7, "surge_ft": 6.5, "flood_active": false, "exposure_score": 0.195, "exposure_category": "low"}, "geometry": {"type": "Polygon", "coordinates": [[[-81.9310848, 26.4438534], [-81.931163, 26.4437882], [-81.9310793, 26.4437078], [-81.9309598, 26.4438074], [-81.9310263, 26.4438713], [-81.9310676, 26.4438369], [-81.9310848, 26.4438534]]]}}, {"id": "873", "type": "Feature", "properties": {"id": "a937e604-ac14-448b-bf6b-6807c73fe908", "name": null, "subtype": "residential", "class": "house", "height": null, "num_floors": null, "surge_class": 8, "surge_ft": 7.5, "flood_active": false, "exposure_score": 0.225, "exposure_category": "low"}, "geometry": {"type": "Polygon", "coordinates": [[[-81.9312321, 26.4437122], [-81.9313044, 26.443651], [-81.9312487, 26.4435982], [-81.9311822, 26.4436545], [-81.9311659, 26.4436391], [-81.9311168, 26.4436806], [-81.9312045, 26.4437638], [-81.9312478, 26.4437271], [-81.9312321, 26.4437122]]]}}, {"id": "874", "type": "Feature", "properties": {"id": "f27d522c-9029-4027-8ed7-a8d547e1bfd3", "name": null, "subtype": null, "class": null, "height": null, "num_floors": null, "surge_class": 8, "surge_ft": 7.5, "flood_active": false, "exposure_score": 0.225, "exposure_category": "low"}, "geometry": {"type": "Polygon", "coordinates": [[[-81.931183, 26.444], [-81.931126, 26.444048], [-81.93115, 26.444071], [-81.931112, 26.444103], [-81.931175, 26.444163], [-81.93127, 26.444082], [-81.931183, 26.444]]]}}, {"id": "875", "type": "Feature", "properties": {"id": "a272f383-ea20-4df8-873e-ae4e061cec5a", "name": null, "subtype": null, "class": null, "height": null, "num_floors": null, "surge_class": 8, "surge_ft": 7.5, "flood_active": false, "exposure_score": 0.225, "exposure_category": "low"}, "geometry": {"type": "Polygon", "coordinates": [[[-81.9313243, 26.4440315], [-81.9314196, 26.4439512], [-81.9313426, 26.4438779], [-81.9312473, 26.4439582], [-81.9313243, 26.4440315]]]}}, {"id": "876", "type": "Feature", "properties": {"id": "84624147-eb38-4a06-a5a8-9d3b74835324", "name": null, "subtype": null, "class": null, "height": null, "num_floors": null, "surge_class": 7, "surge_ft": 6.5, "flood_active": false, "exposure_score": 0.195, "exposure_category": "low"}, "geometry": {"type": "Polygon", "coordinates": [[[-81.931473, 26.443918], [-81.93159, 26.443815], [-81.931522, 26.443753], [-81.931404, 26.443856], [-81.931473, 26.443918]]]}}, {"id": "877", "type": "Feature", "properties": {"id": "eb6dd71a-4237-409b-ae95-dbd5945d1976", "name": null, "subtype": "residential", "class": "house", "height": null, "num_floors": null, "surge_class": 7, "surge_ft": 6.5, "flood_active": false, "exposure_score": 0.195, "exposure_category": "low"}, "geometry": {"type": "Polygon", "coordinates": [[[-81.931334, 26.4436225], [-81.9314581, 26.4435152], [-81.9313851, 26.4434475], [-81.931261, 26.4435548], [-81.931334, 26.4436225]]]}}, {"id": "878", "type": "Feature", "properties": {"id": "20121f37-d28d-44cd-a069-97362d83717c", "name": null, "subtype": null, "class": null, "height": 3.5797407627105713, "num_floors": null, "surge_class": 7, "surge_ft": 6.5, "flood_active": false, "exposure_score": 0.195, "exposure_category": "low"}, "geometry": {"type": "Polygon", "coordinates": [[[-81.9317255, 26.4432402], [-81.9315921, 26.4431728], [-81.9315559, 26.4432301], [-81.9316161, 26.4432605], [-81.9315994, 26.443287], [-81.9317337, 26.4433548], [-81.931802, 26.4432464], [-81.931741, 26.4432156], [-81.9317255, 26.4432402]]]}}, {"id": "879", "type": "Feature", "properties": {"id": "54a79ad9-2773-42be-bfcf-38690408ae6e", "name": null, "subtype": null, "class": null, "height": null, "num_floors": null, "surge_class": 6, "surge_ft": 5.5, "flood_active": false, "exposure_score": 0.165, "exposure_category": "low"}, "geometry": {"type": "Polygon", "coordinates": [[[-81.9317651, 26.4436635], [-81.9318551, 26.4435893], [-81.9317535, 26.4434905], [-81.9316635, 26.4435647], [-81.9317651, 26.4436635]]]}}, {"id": "880", "type": "Feature", "properties": {"id": "b56dc98c-543b-4b0c-ba70-23b5e0a148f5", "name": null, "subtype": null, "class": null, "height": null, "num_floors": null, "surge_class": 7, "surge_ft": 6.5, "flood_active": false, "exposure_score": 0.195, "exposure_category": "low"}, "geometry": {"type": "Polygon", "coordinates": [[[-81.931732, 26.4436792], [-81.9316544, 26.4436046], [-81.9315295, 26.4437088], [-81.9316071, 26.4437834], [-81.931732, 26.4436792]]]}}, {"id": "881", "type": "Feature", "properties": {"id": "7ad50496-f1d7-46c2-b1ae-0f4525165bd5", "name": null, "subtype": null, "class": null, "height": null, "num_floors": null, "surge_class": 8, "surge_ft": 7.5, "flood_active": false, "exposure_score": 0.225, "exposure_category": "low"}, "geometry": {"type": "Polygon", "coordinates": [[[-81.9319949, 26.443943], [-81.9318861, 26.4438366], [-81.9318067, 26.4439017], [-81.9319156, 26.4440081], [-81.9319949, 26.443943]]]}}, {"id": "882", "type": "Feature", "properties": {"id": "5a1c8d35-acb5-4f5c-b70f-772653aaaf9a", "name": null, "subtype": null, "class": null, "height": 4.9372148513793945, "num_floors": null, "surge_class": 8, "surge_ft": 7.5, "flood_active": false, "exposure_score": 0.225, "exposure_category": "low"}, "geometry": {"type": "Polygon", "coordinates": [[[-81.932005, 26.443758], [-81.931919, 26.443831], [-81.932035, 26.443942], [-81.932122, 26.443869], [-81.932005, 26.443758]]]}}, {"id": "883", "type": "Feature", "properties": {"id": "b7efbfac-1577-419b-9587-868a0186ae91", "name": null, "subtype": null, "class": null, "height": 3.3128597736358643, "num_floors": null, "surge_class": 7, "surge_ft": 6.5, "flood_active": false, "exposure_score": 0.195, "exposure_category": "low"}, "geometry": {"type": "Polygon", "coordinates": [[[-81.932199, 26.444142], [-81.932287, 26.444066], [-81.932203, 26.443987], [-81.932115, 26.444063], [-81.932199, 26.444142]]]}}, {"id": "884", "type": "Feature", "properties": {"id": "fe304e31-a7f9-4880-af4c-cb4db09e6604", "name": null, "subtype": null, "class": null, "height": 3.8262107372283936, "num_floors": null, "surge_class": 7, "surge_ft": 6.5, "flood_active": false, "exposure_score": 0.195, "exposure_category": "low"}, "geometry": {"type": "Polygon", "coordinates": [[[-81.9322298, 26.4435199], [-81.9321686, 26.4436372], [-81.9322479, 26.4436704], [-81.9322793, 26.4436102], [-81.9323114, 26.4436236], [-81.9323412, 26.4435664], [-81.9322298, 26.4435199]]]}}, {"id": "885", "type": "Feature", "properties": {"id": "b7146c36-3902-4bfa-bce5-1d5053877345", "name": null, "subtype": null, "class": null, "height": null, "num_floors": null, "surge_class": 7, "surge_ft": 6.5, "flood_active": false, "exposure_score": 0.195, "exposure_category": "low"}, "geometry": {"type": "Polygon", "coordinates": [[[-81.9321032, 26.4429891], [-81.9320503, 26.4430906], [-81.9321195, 26.4431195], [-81.9321724, 26.443018], [-81.9321032, 26.4429891]]]}}, {"id": "886", "type": "Feature", "properties": {"id": "9c6aa916-2d89-40aa-a758-afa25923d349", "name": null, "subtype": "residential", "class": "house", "height": 6.043344974517822, "num_floors": null, "surge_class": 6, "surge_ft": 5.5, "flood_active": false, "exposure_score": 0.165, "exposure_category": "low"}, "geometry": {"type": "Polygon", "coordinates": [[[-81.9319217, 26.4427133], [-81.9319588, 26.4426586], [-81.9318847, 26.4426182], [-81.9318529, 26.4426649], [-81.9318456, 26.4426609], [-81.9317427, 26.4428123], [-81.9317875, 26.4428367], [-81.931808, 26.4428066], [-81.9318865, 26.4428494], [-81.931919, 26.4428015], [-81.9318884, 26.4427848], [-81.9319328, 26.4427194], [-81.9319217, 26.4427133]]]}}, {"id": "887", "type": "Feature", "properties": {"id": "ed8301f0-6c3d-411a-b0ec-4cffcd876a58", "name": null, "subtype": null, "class": null, "height": 3.436020612716675, "num_floors": null, "surge_class": 6, "surge_ft": 5.5, "flood_active": false, "exposure_score": 0.165, "exposure_category": "low"}, "geometry": {"type": "Polygon", "coordinates": [[[-81.932209, 26.442787], [-81.932035, 26.442702], [-81.931932, 26.442871], [-81.932107, 26.442956], [-81.932209, 26.442787]]]}}, {"id": "888", "type": "Feature", "properties": {"id": "5b90aa63-3351-482f-b0e8-b1c3649a40e2", "name": null, "subtype": null, "class": null, "height": 4.0319108963012695, "num_floors": null, "surge_class": 6, "surge_ft": 5.5, "flood_active": false, "exposure_score": 0.165, "exposure_category": "low"}, "geometry": {"type": "Polygon", "coordinates": [[[-81.9322932, 26.4430165], [-81.9323631, 26.4428825], [-81.9322531, 26.4428364], [-81.9321831, 26.4429704], [-81.9322932, 26.4430165]]]}}, {"id": "889", "type": "Feature", "properties": {"id": "36ab35b5-a506-4280-854f-9948e1dbd550", "name": null, "subtype": null, "class": null, "height": null, "num_floors": null, "surge_class": 6, "surge_ft": 5.5, "flood_active": false, "exposure_score": 0.165, "exposure_category": "low"}, "geometry": {"type": "Polygon", "coordinates": [[[-81.9327117, 26.4431289], [-81.9327251, 26.4431049], [-81.9326383, 26.4430661], [-81.9325665, 26.4431949], [-81.9325965, 26.4432083], [-81.9325751, 26.4432468], [-81.9326824, 26.4432948], [-81.9327623, 26.4431515], [-81.9327117, 26.4431289]]]}}, {"id": "890", "type": "Feature", "properties": {"id": "4bd65d88-2389-4d8e-afce-130e94f72d7a", "name": null, "subtype": null, "class": null, "height": null, "num_floors": null, "surge_class": 7, "surge_ft": 6.5, "flood_active": false, "exposure_score": 0.195, "exposure_category": "low"}, "geometry": {"type": "Polygon", "coordinates": [[[-81.9324292, 26.4432258], [-81.9324541, 26.4432379], [-81.9324799, 26.4431952], [-81.9324062, 26.4431594], [-81.9323545, 26.4432447], [-81.9324033, 26.4432685], [-81.9324292, 26.4432258]]]}}, {"id": "891", "type": "Feature", "properties": {"id": "3cb2859c-aeb5-44cd-87f2-14c6af0c8369", "name": null, "subtype": null, "class": null, "height": null, "num_floors": null, "surge_class": 6, "surge_ft": 5.5, "flood_active": false, "exposure_score": 0.165, "exposure_category": "low"}, "geometry": {"type": "Polygon", "coordinates": [[[-81.9324341, 26.4430262], [-81.9324488, 26.442999], [-81.9323893, 26.4429732], [-81.9322945, 26.4431482], [-81.9323857, 26.4431878], [-81.9324658, 26.44304], [-81.9324341, 26.4430262]]]}}, {"id": "892", "type": "Feature", "properties": {"id": "65d03ac5-ab3f-4d21-8531-9c57dc1a061d", "name": null, "subtype": "residential", "class": "apartments", "height": 4.121059417724609, "num_floors": null, "surge_class": 6, "surge_ft": 5.5, "flood_active": false, "exposure_score": 0.165, "exposure_category": "low"}, "geometry": {"type": "Polygon", "coordinates": [[[-81.9324697, 26.4439256], [-81.9326198, 26.4437031], [-81.932536, 26.4436578], [-81.9323859, 26.4438803], [-81.9324697, 26.4439256]]]}}, {"id": "893", "type": "Feature", "properties": {"id": "b96abe51-2993-48af-81d3-35b72b80be4d", "name": null, "subtype": "residential", "class": "house", "height": 5.00897216796875, "num_floors": null, "surge_class": 6, "surge_ft": 5.5, "flood_active": false, "exposure_score": 0.165, "exposure_category": "low"}, "geometry": {"type": "Polygon", "coordinates": [[[-81.9324333, 26.4436569], [-81.9324502, 26.4436319], [-81.932375, 26.4435912], [-81.9322875, 26.4437209], [-81.9323743, 26.4437678], [-81.9323986, 26.4437317], [-81.9324095, 26.4437376], [-81.9324557, 26.443669], [-81.9324333, 26.4436569]]]}}, {"id": "894", "type": "Feature", "properties": {"id": "ba2a01aa-0195-4150-aedc-121e66532b2a", "name": null, "subtype": null, "class": null, "height": 5.1677045822143555, "num_floors": null, "surge_class": 7, "surge_ft": 6.5, "flood_active": false, "exposure_score": 0.195, "exposure_category": "low"}, "geometry": {"type": "Polygon", "coordinates": [[[-81.932318, 26.444055], [-81.932394, 26.443992], [-81.932294, 26.443895], [-81.932217, 26.443958], [-81.932318, 26.444055]]]}}, {"id": "895", "type": "Feature", "properties": {"id": "aaeb4642-f3a1-4174-9b41-dcb62fc6bba7", "name": null, "subtype": "outbuilding", "class": "roof", "height": null, "num_floors": null, "surge_class": 7, "surge_ft": 6.5, "flood_active": false, "exposure_score": 0.195, "exposure_category": "low"}, "geometry": {"type": "Polygon", "coordinates": [[[-81.9327036, 26.4439737], [-81.932667, 26.4439546], [-81.9326161, 26.4440325], [-81.9326551, 26.4440529], [-81.9326782, 26.4440557], [-81.9327043, 26.4440429], [-81.9327184, 26.4440211], [-81.9327199, 26.4439974], [-81.9327036, 26.4439737]]]}}, {"id": "896", "type": "Feature", "properties": {"id": "98aa6caa-0a6c-48b2-a768-7826ca1c4e39", "name": null, "subtype": "residential", "class": "apartments", "height": 5.2791218757629395, "num_floors": null, "surge_class": 7, "surge_ft": 6.5, "flood_active": false, "exposure_score": 0.195, "exposure_category": "low"}, "geometry": {"type": "Polygon", "coordinates": [[[-81.932711, 26.4442373], [-81.9327625, 26.4441605], [-81.9326275, 26.4440881], [-81.9325761, 26.444165], [-81.932711, 26.4442373]]]}}, {"id": "897", "type": "Feature", "properties": {"id": "585cd7ac-d945-4f99-a047-91be9a3f2af0", "name": null, "subtype": null, "class": null, "height": null, "num_floors": null, "surge_class": 7, "surge_ft": 6.5, "flood_active": false, "exposure_score": 0.195, "exposure_category": "low"}, "geometry": {"type": "Polygon", "coordinates": [[[-81.932675, 26.444611], [-81.932559, 26.444516], [-81.932434, 26.444637], [-81.93252, 26.444708], [-81.932562, 26.444667], [-81.932592, 26.444692], [-81.932675, 26.444611]]]}}, {"id": "898", "type": "Feature", "properties": {"id": "79362744-0bd3-4e20-b93b-ff9b640dd91b", "name": null, "subtype": null, "class": null, "height": null, "num_floors": null, "surge_class": 7, "surge_ft": 6.5, "flood_active": false, "exposure_score": 0.195, "exposure_category": "low"}, "geometry": {"type": "Polygon", "coordinates": [[[-81.932614, 26.444455], [-81.932638, 26.444477], [-81.932618, 26.444494], [-81.932728, 26.444598], [-81.932816, 26.444523], [-81.932682, 26.444397], [-81.932614, 26.444455]]]}}, {"id": "899", "type": "Feature", "properties": {"id": "25c03bdd-dd8a-4e14-ba1b-d90f9bd95d11", "name": null, "subtype": null, "class": null, "height": 4.169020652770996, "num_floors": null, "surge_class": 8, "surge_ft": 7.5, "flood_active": false, "exposure_score": 0.225, "exposure_category": "low"}, "geometry": {"type": "Polygon", "coordinates": [[[-81.932724, 26.445087], [-81.932771, 26.444994], [-81.932647, 26.444943], [-81.932599, 26.445037], [-81.932724, 26.445087]]]}}, {"id": "900", "type": "Feature", "properties": {"id": "40101185-91d3-4dd5-811d-ec3607949697", "name": null, "subtype": null, "class": null, "height": 4.030142784118652, "num_floors": null, "surge_class": 8, "surge_ft": 7.5, "flood_active": false, "exposure_score": 0.225, "exposure_category": "low"}, "geometry": {"type": "Polygon", "coordinates": [[[-81.932627, 26.445165], [-81.932659, 26.445092], [-81.932519, 26.445043], [-81.932487, 26.445116], [-81.932627, 26.445165]]]}}, {"id": "901", "type": "Feature", "properties": {"id": "ceb0d990-1827-4705-a19f-3af8dc99c9b2", "name": null, "subtype": null, "class": null, "height": 3.6596784591674805, "num_floors": null, "surge_class": 7, "surge_ft": 6.5, "flood_active": false, "exposure_score": 0.195, "exposure_category": "low"}, "geometry": {"type": "Polygon", "coordinates": [[[-81.93252, 26.445233], [-81.932559, 26.445168], [-81.932452, 26.445117], [-81.932413, 26.445182], [-81.93252, 26.445233]]]}}, {"id": "902", "type": "Feature", "properties": {"id": "890a724c-c553-4c8b-918d-aa6dfc05ed03", "name": null, "subtype": null, "class": null, "height": null, "num_floors": null, "surge_class": 7, "surge_ft": 6.5, "flood_active": false, "exposure_score": 0.195, "exposure_category": "low"}, "geometry": {"type": "Polygon", "coordinates": [[[-81.932186, 26.444877], [-81.932289, 26.444972], [-81.93236, 26.44491], [-81.932257, 26.444815], [-81.932186, 26.444877]]]}}, {"id": "903", "type": "Feature", "properties": {"id": "f222fbab-15a0-4c7d-836b-6d2591443002", "name": null, "subtype": null, "class": null, "height": null, "num_floors": null, "surge_class": 7, "surge_ft": 6.5, "flood_active": false, "exposure_score": 0.195, "exposure_category": "low"}, "geometry": {"type": "Polygon", "coordinates": [[[-81.932477, 26.444815], [-81.932375, 26.444701], [-81.932294, 26.44476], [-81.932395, 26.444873], [-81.932477, 26.444815]]]}}, {"id": "904", "type": "Feature", "properties": {"id": "101de77f-dc6c-4723-be7c-f6ba4da5e64f", "name": null, "subtype": null, "class": null, "height": 4.739789009094238, "num_floors": null, "surge_class": 7, "surge_ft": 6.5, "flood_active": false, "exposure_score": 0.195, "exposure_category": "low"}, "geometry": {"type": "Polygon", "coordinates": [[[-81.932314, 26.444406], [-81.932233, 26.444472], [-81.932313, 26.444551], [-81.932394, 26.444485], [-81.932314, 26.444406]]]}}, {"id": "905", "type": "Feature", "properties": {"id": "fb424c05-4099-468f-b4e3-8b9442a9ea21", "name": null, "subtype": null, "class": null, "height": 3.3938591480255127, "num_floors": null, "surge_class": 8, "surge_ft": 7.5, "flood_active": false, "exposure_score": 0.225, "exposure_category": "low"}, "geometry": {"type": "Polygon", "coordinates": [[[-81.9323264, 26.4443741], [-81.9324236, 26.4444648], [-81.9324935, 26.4444048], [-81.9323963, 26.4443141], [-81.9323264, 26.4443741]]]}}, {"id": "906", "type": "Feature", "properties": {"id": "edf4f959-5e58-46a3-9779-ae8f591533cf", "name": null, "subtype": null, "class": null, "height": null, "num_floors": null, "surge_class": 8, "surge_ft": 7.5, "flood_active": false, "exposure_score": 0.225, "exposure_category": "low"}, "geometry": {"type": "Polygon", "coordinates": [[[-81.932596, 26.4442846], [-81.9325429, 26.4442224], [-81.9324456, 26.444289], [-81.9324986, 26.4443512], [-81.932596, 26.4442846]]]}}, {"id": "907", "type": "Feature", "properties": {"id": "1b88dcf8-ab98-4bb4-b5c8-c91195ebf6de", "name": null, "subtype": null, "class": null, "height": null, "num_floors": null, "surge_class": 7, "surge_ft": 6.5, "flood_active": false, "exposure_score": 0.195, "exposure_category": "low"}, "geometry": {"type": "Polygon", "coordinates": [[[-81.932289, 26.444565], [-81.932243, 26.44453], [-81.932218, 26.444558], [-81.932187, 26.444536], [-81.932139, 26.444589], [-81.932215, 26.444645], [-81.932289, 26.444565]]]}}, {"id": "908", "type": "Feature", "properties": {"id": "187a47ff-b8e5-48d8-a20e-36e5e9498d90", "name": null, "subtype": null, "class": null, "height": 3.539510726928711, "num_floors": null, "surge_class": 7, "surge_ft": 6.5, "flood_active": false, "exposure_score": 0.195, "exposure_category": "low"}, "geometry": {"type": "Polygon", "coordinates": [[[-81.932089, 26.444083], [-81.932, 26.44416], [-81.932089, 26.444242], [-81.932178, 26.444165], [-81.932089, 26.444083]]]}}, {"id": "909", "type": "Feature", "properties": {"id": "9e99e21a-b138-4991-bde5-de312d7e6d35", "name": null, "subtype": null, "class": null, "height": 4.035872459411621, "num_floors": null, "surge_class": 8, "surge_ft": 7.5, "flood_active": false, "exposure_score": 0.225, "exposure_category": "low"}, "geometry": {"type": "Polygon", "coordinates": [[[-81.932052, 26.444277], [-81.931944, 26.444177], [-81.931875, 26.444237], [-81.931983, 26.444337], [-81.932052, 26.444277]]]}}, {"id": "910", "type": "Feature", "properties": {"id": "e2af592c-3855-44b8-a62d-91f795660354", "name": null, "subtype": null, "class": null, "height": null, "num_floors": null, "surge_class": 7, "surge_ft": 6.5, "flood_active": false, "exposure_score": 0.195, "exposure_category": "low"}, "geometry": {"type": "Polygon", "coordinates": [[[-81.931954, 26.444065], [-81.931884, 26.443998], [-81.931747, 26.444113], [-81.931816, 26.44418], [-81.931954, 26.444065]]]}}, {"id": "911", "type": "Feature", "properties": {"id": "6955ad14-eea7-40a0-881d-f18bdc1251b0", "name": null, "subtype": null, "class": null, "height": null, "num_floors": null, "surge_class": 8, "surge_ft": 7.5, "flood_active": false, "exposure_score": 0.225, "exposure_category": "low"}, "geometry": {"type": "Polygon", "coordinates": [[[-81.931937, 26.444368], [-81.931831, 26.444267], [-81.931764, 26.444324], [-81.93187, 26.444425], [-81.931937, 26.444368]]]}}, {"id": "912", "type": "Feature", "properties": {"id": "5514f119-95de-4cbe-997b-1c791096a7e0", "name": null, "subtype": null, "class": null, "height": 4.330249309539795, "num_floors": null, "surge_class": 7, "surge_ft": 6.5, "flood_active": false, "exposure_score": 0.195, "exposure_category": "low"}, "geometry": {"type": "Polygon", "coordinates": [[[-81.932087, 26.444774], [-81.931968, 26.444673], [-81.931892, 26.444745], [-81.932011, 26.444846], [-81.932087, 26.444774]]]}}, {"id": "913", "type": "Feature", "properties": {"id": "dd9856c9-c40e-410d-8928-02a4c068b138", "name": null, "subtype": null, "class": null, "height": 3.8248515129089355, "num_floors": null, "surge_class": 7, "surge_ft": 6.5, "flood_active": false, "exposure_score": 0.195, "exposure_category": "low"}, "geometry": {"type": "Polygon", "coordinates": [[[-81.931894, 26.444865], [-81.931938, 26.444826], [-81.931862, 26.444757], [-81.93177, 26.444837], [-81.931863, 26.444923], [-81.931911, 26.444881], [-81.931894, 26.444865]]]}}, {"id": "914", "type": "Feature", "properties": {"id": "1c990571-7179-4203-8a45-6a156e600b59", "name": null, "subtype": null, "class": null, "height": 4.2795257568359375, "num_floors": null, "surge_class": 7, "surge_ft": 6.5, "flood_active": false, "exposure_score": 0.195, "exposure_category": "low"}, "geometry": {"type": "Polygon", "coordinates": [[[-81.931789, 26.445031], [-81.931862, 26.44497], [-81.931747, 26.44486], [-81.931674, 26.444921], [-81.931789, 26.445031]]]}}, {"id": "915", "type": "Feature", "properties": {"id": "ee26e477-14b5-46c2-880a-ad73e0ab06a7", "name": null, "subtype": null, "class": null, "height": 3.6934783458709717, "num_floors": null, "surge_class": 6, "surge_ft": 5.5, "flood_active": false, "exposure_score": 0.165, "exposure_category": "low"}, "geometry": {"type": "Polygon", "coordinates": [[[-81.932039, 26.445187], [-81.931928, 26.445079], [-81.931853, 26.445141], [-81.931964, 26.445249], [-81.932039, 26.445187]]]}}, {"id": "916", "type": "Feature", "properties": {"id": "886ead04-af08-4b26-a933-34ab30286b30", "name": null, "subtype": null, "class": null, "height": 3.795132637023926, "num_floors": null, "surge_class": 7, "surge_ft": 6.5, "flood_active": false, "exposure_score": 0.195, "exposure_category": "low"}, "geometry": {"type": "Polygon", "coordinates": [[[-81.932117, 26.444908], [-81.93198, 26.445035], [-81.932054, 26.445098], [-81.93219, 26.444971], [-81.932117, 26.444908]]]}}, {"id": "917", "type": "Feature", "properties": {"id": "8bd7257d-ebe3-4d4a-9ac0-d766dd8c81a0", "name": null, "subtype": null, "class": null, "height": 3.671083450317383, "num_floors": null, "surge_class": 7, "surge_ft": 6.5, "flood_active": false, "exposure_score": 0.195, "exposure_category": "low"}, "geometry": {"type": "Polygon", "coordinates": [[[-81.932112, 26.444747], [-81.932183, 26.444712], [-81.932113, 26.444597], [-81.93201, 26.444647], [-81.932063, 26.444735], [-81.932095, 26.44472], [-81.932112, 26.444747]]]}}, {"id": "918", "type": "Feature", "properties": {"id": "1bb69999-7340-49a4-8169-121e615a254c", "name": null, "subtype": null, "class": null, "height": 3.9757797718048096, "num_floors": null, "surge_class": 6, "surge_ft": 5.5, "flood_active": false, "exposure_score": 0.165, "exposure_category": "low"}, "geometry": {"type": "Polygon", "coordinates": [[[-81.932332, 26.445424], [-81.932212, 26.445308], [-81.932122, 26.445383], [-81.932242, 26.445499], [-81.932332, 26.445424]]]}}, {"id": "919", "type": "Feature", "properties": {"id": "c4baf20b-af4f-4310-9f3c-db0906285a4e", "name": null, "subtype": null, "class": null, "height": null, "num_floors": null, "surge_class": 8, "surge_ft": 7.5, "flood_active": false, "exposure_score": 0.225, "exposure_category": "low"}, "geometry": {"type": "Polygon", "coordinates": [[[-81.93213, 26.445703], [-81.932163, 26.445734], [-81.932202, 26.445701], [-81.932304, 26.445796], [-81.932373, 26.445737], [-81.932237, 26.445611], [-81.93213, 26.445703]]]}}, {"id": "920", "type": "Feature", "properties": {"id": "bacc8e81-cea8-4836-8fb8-4b7904b86480", "name": null, "subtype": null, "class": null, "height": 4.549450397491455, "num_floors": null, "surge_class": 7, "surge_ft": 6.5, "flood_active": false, "exposure_score": 0.195, "exposure_category": "low"}, "geometry": {"type": "Polygon", "coordinates": [[[-81.93218, 26.445531], [-81.932062, 26.44547], [-81.932048, 26.445492], [-81.932017, 26.445476], [-81.931991, 26.445515], [-81.93214, 26.445592], [-81.93218, 26.445531]]]}}, {"id": "921", "type": "Feature", "properties": {"id": "6b58bec2-51f9-47c0-a450-67047a29bf59", "name": null, "subtype": null, "class": null, "height": 3.0126724243164062, "num_floors": null, "surge_class": 7, "surge_ft": 6.5, "flood_active": false, "exposure_score": 0.195, "exposure_category": "low"}, "geometry": {"type": "Polygon", "coordinates": [[[-81.931851, 26.445355], [-81.931939, 26.44527], [-81.931827, 26.445177], [-81.931781, 26.445221], [-81.931814, 26.445248], [-81.931771, 26.445289], [-81.931851, 26.445355]]]}}, {"id": "922", "type": "Feature", "properties": {"id": "1edd5d0d-525c-4717-bc48-f1cad938c547", "name": null, "subtype": null, "class": null, "height": 4.630618095397949, "num_floors": null, "surge_class": 7, "surge_ft": 6.5, "flood_active": false, "exposure_score": 0.195, "exposure_category": "low"}, "geometry": {"type": "Polygon", "coordinates": [[[-81.932052, 26.4455687], [-81.931943, 26.4455408], [-81.9319181, 26.4456185], [-81.9320272, 26.4456464], [-81.932052, 26.4455687]]]}}, {"id": "923", "type": "Feature", "properties": {"id": "6472cc4c-434e-4ee4-82ab-059aba72bbe1", "name": null, "subtype": null, "class": null, "height": 5.291916370391846, "num_floors": null, "surge_class": 7, "surge_ft": 6.5, "flood_active": false, "exposure_score": 0.195, "exposure_category": "low"}, "geometry": {"type": "Polygon", "coordinates": [[[-81.93232, 26.446138], [-81.932171, 26.446077], [-81.93211, 26.446197], [-81.932259, 26.446257], [-81.93232, 26.446138]]]}}, {"id": "924", "type": "Feature", "properties": {"id": "f629b691-4bc5-4090-a600-2cd7a5161797", "name": null, "subtype": null, "class": null, "height": 4.251149654388428, "num_floors": null, "surge_class": 7, "surge_ft": 6.5, "flood_active": false, "exposure_score": 0.195, "exposure_category": "low"}, "geometry": {"type": "Polygon", "coordinates": [[[-81.932371, 26.446186], [-81.932308, 26.4463], [-81.932463, 26.446368], [-81.932535, 26.446236], [-81.932459, 26.446203], [-81.93245, 26.44622], [-81.932371, 26.446186]]]}}, {"id": "925", "type": "Feature", "properties": {"id": "945d6dbc-eaa8-44ed-a357-ca8f8bc4f0b5", "name": null, "subtype": null, "class": null, "height": 4.200356483459473, "num_floors": null, "surge_class": 7, "surge_ft": 6.5, "flood_active": false, "exposure_score": 0.195, "exposure_category": "low"}, "geometry": {"type": "Polygon", "coordinates": [[[-81.932343, 26.445565], [-81.932309, 26.445637], [-81.932441, 26.445687], [-81.932475, 26.445614], [-81.932343, 26.445565]]]}}, {"id": "926", "type": "Feature", "properties": {"id": "96857600-96a0-4207-9c46-44aba6351d63", "name": null, "subtype": null, "class": null, "height": null, "num_floors": null, "surge_class": 7, "surge_ft": 6.5, "flood_active": false, "exposure_score": 0.195, "exposure_category": "low"}, "geometry": {"type": "Polygon", "coordinates": [[[-81.932333, 26.445236], [-81.932374, 26.445257], [-81.932358, 26.445283], [-81.932477, 26.445343], [-81.932519, 26.445276], [-81.932359, 26.445195], [-81.932333, 26.445236]]]}}, {"id": "927", "type": "Feature", "properties": {"id": "9411677e-10d7-4025-b670-9ddf03f858c7", "name": null, "subtype": null, "class": null, "height": 4.331658363342285, "num_floors": null, "surge_class": 7, "surge_ft": 6.5, "flood_active": false, "exposure_score": 0.195, "exposure_category": "low"}, "geometry": {"type": "Polygon", "coordinates": [[[-81.932484, 26.445444], [-81.932407, 26.445516], [-81.932515, 26.445608], [-81.932592, 26.445536], [-81.932484, 26.445444]]]}}, {"id": "928", "type": "Feature", "properties": {"id": "ae68f0a8-68e5-43ff-b5d0-43e2f03049d6", "name": null, "subtype": null, "class": null, "height": 4.061095237731934, "num_floors": null, "surge_class": 7, "surge_ft": 6.5, "flood_active": false, "exposure_score": 0.195, "exposure_category": "low"}, "geometry": {"type": "Polygon", "coordinates": [[[-81.932534, 26.445361], [-81.932521, 26.445392], [-81.932543, 26.445399], [-81.932524, 26.445445], [-81.932666, 26.445491], [-81.932698, 26.445414], [-81.932534, 26.445361]]]}}, {"id": "929", "type": "Feature", "properties": {"id": "c6532d9f-cba0-4f25-9658-22bd7be33793", "name": null, "subtype": null, "class": null, "height": 3.448806047439575, "num_floors": null, "surge_class": 7, "surge_ft": 6.5, "flood_active": false, "exposure_score": 0.195, "exposure_category": "low"}, "geometry": {"type": "Polygon", "coordinates": [[[-81.932817, 26.445328], [-81.932696, 26.445265], [-81.932644, 26.445346], [-81.932765, 26.445408], [-81.932817, 26.445328]]]}}, {"id": "930", "type": "Feature", "properties": {"id": "6d5df38e-2010-4ff3-b52f-b672e0785af9", "name": null, "subtype": null, "class": null, "height": 4.09279727935791, "num_floors": null, "surge_class": 8, "surge_ft": 7.5, "flood_active": false, "exposure_score": 0.225, "exposure_category": "low"}, "geometry": {"type": "Polygon", "coordinates": [[[-81.93257, 26.445984], [-81.932628, 26.446009], [-81.93264, 26.445986], [-81.932711, 26.446015], [-81.932759, 26.445922], [-81.932548, 26.445835], [-81.932506, 26.445918], [-81.932586, 26.445952], [-81.93257, 26.445984]]]}}, {"id": "931", "type": "Feature", "properties": {"id": "0d393488-ab92-48d5-90c0-656746e5d86d", "name": null, "subtype": null, "class": null, "height": 4.342962265014648, "num_floors": null, "surge_class": 7, "surge_ft": 6.5, "flood_active": false, "exposure_score": 0.195, "exposure_category": "low"}, "geometry": {"type": "Polygon", "coordinates": [[[-81.932573, 26.446384], [-81.932556, 26.446414], [-81.932683, 26.446474], [-81.932761, 26.446343], [-81.932692, 26.44631], [-81.932674, 26.44634], [-81.93258, 26.446296], [-81.932538, 26.446367], [-81.932573, 26.446384]]]}}, {"id": "932", "type": "Feature", "properties": {"id": "3c168669-50ff-46c3-9f84-a8f870b16764", "name": null, "subtype": null, "class": null, "height": 3.4751532077789307, "num_floors": null, "surge_class": 7, "surge_ft": 6.5, "flood_active": false, "exposure_score": 0.195, "exposure_category": "low"}, "geometry": {"type": "Polygon", "coordinates": [[[-81.932481, 26.446917], [-81.932558, 26.446798], [-81.93244, 26.446737], [-81.932363, 26.446855], [-81.932481, 26.446917]]]}}, {"id": "933", "type": "Feature", "properties": {"id": "1c996003-ba20-48da-b8b1-8548c054b4fc", "name": null, "subtype": null, "class": null, "height": 5.511676788330078, "num_floors": null, "surge_class": 8, "surge_ft": 7.5, "flood_active": false, "exposure_score": 0.225, "exposure_category": "low"}, "geometry": {"type": "Polygon", "coordinates": [[[-81.9324626, 26.4472179], [-81.9323641, 26.4471716], [-81.9322812, 26.4473128], [-81.9324243, 26.4473801], [-81.9325161, 26.4472238], [-81.9324715, 26.4472028], [-81.9324626, 26.4472179]]]}}, {"id": "934", "type": "Feature", "properties": {"id": "ac02e544-ea79-46d0-89da-3ca85cd3581d", "name": null, "subtype": null, "class": null, "height": null, "num_floors": null, "surge_class": 8, "surge_ft": 7.5, "flood_active": false, "exposure_score": 0.225, "exposure_category": "low"}, "geometry": {"type": "Polygon", "coordinates": [[[-81.93263, 26.44724], [-81.932571, 26.44724], [-81.932573, 26.447326], [-81.932602, 26.447325], [-81.932603, 26.447425], [-81.932719, 26.447424], [-81.932717, 26.447262], [-81.932631, 26.447263], [-81.93263, 26.44724]]]}}, {"id": "935", "type": "Feature", "properties": {"id": "93f9da68-72c0-4259-b2ce-f0ed65355a1b", "name": null, "subtype": null, "class": null, "height": 3.35732364654541, "num_floors": null, "surge_class": 7, "surge_ft": 6.5, "flood_active": false, "exposure_score": 0.195, "exposure_category": "low"}, "geometry": {"type": "Polygon", "coordinates": [[[-81.932596, 26.446815], [-81.932543, 26.446942], [-81.932712, 26.446998], [-81.932747, 26.446914], [-81.93272, 26.446905], [-81.932752, 26.446827], [-81.93265, 26.446793], [-81.932635, 26.446828], [-81.932596, 26.446815]]]}}, {"id": "936", "type": "Feature", "properties": {"id": "8b086a22-db05-4b86-8731-91657ad7ba9e", "name": null, "subtype": null, "class": null, "height": 5.665107727050781, "num_floors": null, "surge_class": 7, "surge_ft": 6.5, "flood_active": false, "exposure_score": 0.195, "exposure_category": "low"}, "geometry": {"type": "Polygon", "coordinates": [[[-81.931747, 26.447146], [-81.931853, 26.447055], [-81.931781, 26.446987], [-81.931674, 26.447078], [-81.931747, 26.447146]]]}}, {"id": "937", "type": "Feature", "properties": {"id": "b3f327a8-d586-414e-99a6-1b1c34cb4c4e", "name": null, "subtype": null, "class": null, "height": 4.139945983886719, "num_floors": null, "surge_class": 7, "surge_ft": 6.5, "flood_active": false, "exposure_score": 0.195, "exposure_category": "low"}, "geometry": {"type": "Polygon", "coordinates": [[[-81.931973, 26.447111], [-81.932045, 26.44705], [-81.931914, 26.446925], [-81.931843, 26.446985], [-81.931893, 26.447033], [-81.931874, 26.447048], [-81.931921, 26.447092], [-81.931938, 26.447078], [-81.931973, 26.447111]]]}}, {"id": "938", "type": "Feature", "properties": {"id": "db076d01-a19e-48c3-8ca9-1106d95e04ae", "name": null, "subtype": null, "class": null, "height": 5.691413879394531, "num_floors": null, "surge_class": 8, "surge_ft": 7.5, "flood_active": false, "exposure_score": 0.225, "exposure_category": "low"}, "geometry": {"type": "Polygon", "coordinates": [[[-81.932082, 26.447325], [-81.931983, 26.447289], [-81.931912, 26.447446], [-81.932042, 26.447493], [-81.932074, 26.447419], [-81.932044, 26.447408], [-81.932082, 26.447325]]]}}, {"id": "939", "type": "Feature", "properties": {"id": "f8f54ff3-20d2-4354-8a88-4380d60cfbc5", "name": null, "subtype": null, "class": null, "height": 3.2132067680358887, "num_floors": null, "surge_class": 7, "surge_ft": 6.5, "flood_active": false, "exposure_score": 0.195, "exposure_category": "low"}, "geometry": {"type": "Polygon", "coordinates": [[[-81.932278, 26.447245], [-81.932329, 26.447152], [-81.932171, 26.447084], [-81.93212, 26.447177], [-81.932278, 26.447245]]]}}, {"id": "940", "type": "Feature", "properties": {"id": "5b7f6718-0ec9-4e41-8797-13d345f18c3c", "name": null, "subtype": null, "class": null, "height": 4.292482852935791, "num_floors": null, "surge_class": 6, "surge_ft": 5.5, "flood_active": false, "exposure_score": 0.165, "exposure_category": "low"}, "geometry": {"type": "Polygon", "coordinates": [[[-81.93203, 26.44654], [-81.93197, 26.446648], [-81.932044, 26.446681], [-81.932049, 26.446671], [-81.932127, 26.446705], [-81.932181, 26.446607], [-81.93203, 26.44654]]]}}, {"id": "941", "type": "Feature", "properties": {"id": "dd2ff93f-f9bf-4475-82a6-84ac57359304", "name": null, "subtype": null, "class": null, "height": 5.241449356079102, "num_floors": null, "surge_class": 7, "surge_ft": 6.5, "flood_active": false, "exposure_score": 0.195, "exposure_category": "low"}, "geometry": {"type": "Polygon", "coordinates": [[[-81.9321617, 26.4467312], [-81.9323105, 26.4468066], [-81.93237, 26.4467126], [-81.9322212, 26.4466371], [-81.9321617, 26.4467312]]]}}, {"id": "942", "type": "Feature", "properties": {"id": "6cacf27f-97e1-4694-a400-4975398ddd2d", "name": null, "subtype": null, "class": null, "height": 5.79815673828125, "num_floors": null, "surge_class": 6, "surge_ft": 5.5, "flood_active": false, "exposure_score": 0.165, "exposure_category": "low"}, "geometry": {"type": "Polygon", "coordinates": [[[-81.9316965, 26.4465225], [-81.9317926, 26.4466169], [-81.9319162, 26.4465159], [-81.9318201, 26.4464216], [-81.9316965, 26.4465225]]]}}, {"id": "943", "type": "Feature", "properties": {"id": "e104088b-512f-44b2-b5b8-20ee4eddf008", "name": null, "subtype": null, "class": null, "height": 5.681416034698486, "num_floors": null, "surge_class": 6, "surge_ft": 5.5, "flood_active": false, "exposure_score": 0.165, "exposure_category": "low"}, "geometry": {"type": "Polygon", "coordinates": [[[-81.9315608, 26.4466486], [-81.9316243, 26.446711], [-81.9317403, 26.4466162], [-81.9316768, 26.4465539], [-81.9315608, 26.4466486]]]}}, {"id": "944", "type": "Feature", "properties": {"id": "e82be345-1b21-4c63-b18a-28a4cab026f7", "name": null, "subtype": null, "class": null, "height": 3.758610725402832, "num_floors": null, "surge_class": 6, "surge_ft": 5.5, "flood_active": false, "exposure_score": 0.165, "exposure_category": "low"}, "geometry": {"type": "Polygon", "coordinates": [[[-81.931442, 26.446696], [-81.93138, 26.446746], [-81.931405, 26.44677], [-81.931361, 26.446805], [-81.931428, 26.446871], [-81.931582, 26.446747], [-81.931512, 26.446677], [-81.931462, 26.446717], [-81.931442, 26.446696]]]}}, {"id": "945", "type": "Feature", "properties": {"id": "522b00b9-57f8-4cf8-aa93-f4a75d0abab1", "name": null, "subtype": null, "class": null, "height": 4.759940147399902, "num_floors": null, "surge_class": 7, "surge_ft": 6.5, "flood_active": false, "exposure_score": 0.195, "exposure_category": "low"}, "geometry": {"type": "Polygon", "coordinates": [[[-81.931281, 26.446849], [-81.931221, 26.446899], [-81.931241, 26.446918], [-81.931199, 26.446953], [-81.93128, 26.44703], [-81.931404, 26.446925], [-81.931335, 26.446859], [-81.931312, 26.446878], [-81.931281, 26.446849]]]}}, {"id": "946", "type": "Feature", "properties": {"id": "74005414-7cc6-4f1c-b423-affaf8081863", "name": null, "subtype": null, "class": null, "height": 5.853030204772949, "num_floors": null, "surge_class": 6, "surge_ft": 5.5, "flood_active": false, "exposure_score": 0.165, "exposure_category": "low"}, "geometry": {"type": "Polygon", "coordinates": [[[-81.931331, 26.447344], [-81.931258, 26.447405], [-81.931366, 26.447509], [-81.931478, 26.447416], [-81.931382, 26.447324], [-81.931343, 26.447355], [-81.931331, 26.447344]]]}}, {"id": "947", "type": "Feature", "properties": {"id": "6041b39c-c717-4547-89f8-0a488e5e5e55", "name": null, "subtype": null, "class": null, "height": 4.3264546394348145, "num_floors": null, "surge_class": 6, "surge_ft": 5.5, "flood_active": false, "exposure_score": 0.165, "exposure_category": "low"}, "geometry": {"type": "Polygon", "coordinates": [[[-81.931411, 26.447302], [-81.931464, 26.447354], [-81.931486, 26.447336], [-81.93153, 26.44738], [-81.931605, 26.44732], [-81.931508, 26.447223], [-81.931411, 26.447302]]]}}, {"id": "948", "type": "Feature", "properties": {"id": "f8a21b6d-1e44-42c0-a761-d2af4d4fa38d", "name": null, "subtype": null, "class": null, "height": 5.704578876495361, "num_floors": null, "surge_class": 6, "surge_ft": 5.5, "flood_active": false, "exposure_score": 0.165, "exposure_category": "low"}, "geometry": {"type": "Polygon", "coordinates": [[[-81.931652, 26.447101], [-81.931541, 26.447193], [-81.931642, 26.447291], [-81.931753, 26.447199], [-81.931652, 26.447101]]]}}, {"id": "949", "type": "Feature", "properties": {"id": "0f15f87f-e6c5-45bc-8c79-12743f07c333", "name": null, "subtype": null, "class": null, "height": 3.044616460800171, "num_floors": null, "surge_class": 7, "surge_ft": 6.5, "flood_active": false, "exposure_score": 0.195, "exposure_category": "low"}, "geometry": {"type": "Polygon", "coordinates": [[[-81.931234, 26.447615], [-81.931273, 26.447582], [-81.931298, 26.447606], [-81.931362, 26.447553], [-81.931264, 26.447457], [-81.93116, 26.447542], [-81.931234, 26.447615]]]}}, {"id": "950", "type": "Feature", "properties": {"id": "857fd131-b9fa-4fd7-bed3-b4b7eddf61cc", "name": null, "subtype": null, "class": null, "height": 5.8311357498168945, "num_floors": null, "surge_class": 7, "surge_ft": 6.5, "flood_active": false, "exposure_score": 0.195, "exposure_category": "low"}, "geometry": {"type": "Polygon", "coordinates": [[[-81.931128, 26.447735], [-81.931207, 26.447669], [-81.931103, 26.447569], [-81.931023, 26.447635], [-81.931128, 26.447735]]]}}, {"id": "951", "type": "Feature", "properties": {"id": "53bf2e21-f8b0-4667-b07a-f8de5553b8c6", "name": null, "subtype": null, "class": null, "height": 3.4267139434814453, "num_floors": null, "surge_class": 7, "surge_ft": 6.5, "flood_active": false, "exposure_score": 0.195, "exposure_category": "low"}, "geometry": {"type": "Polygon", "coordinates": [[[-81.930659, 26.447965], [-81.930693, 26.447997], [-81.930656, 26.448029], [-81.930738, 26.448106], [-81.930841, 26.448018], [-81.930725, 26.447909], [-81.930659, 26.447965]]]}}, {"id": "952", "type": "Feature", "properties": {"id": "fd603fee-2253-42cc-ac45-f5b169b40c45", "name": null, "subtype": null, "class": null, "height": 4.454223155975342, "num_floors": null, "surge_class": 7, "surge_ft": 6.5, "flood_active": false, "exposure_score": 0.195, "exposure_category": "low"}, "geometry": {"type": "Polygon", "coordinates": [[[-81.930851, 26.44778], [-81.93074, 26.447868], [-81.930826, 26.447956], [-81.930938, 26.447868], [-81.930851, 26.44778]]]}}, {"id": "953", "type": "Feature", "properties": {"id": "595e5c2e-47fa-4474-8fc6-7af8f752d16a", "name": null, "subtype": null, "class": null, "height": 5.015959739685059, "num_floors": null, "surge_class": 7, "surge_ft": 6.5, "flood_active": false, "exposure_score": 0.195, "exposure_category": "low"}, "geometry": {"type": "Polygon", "coordinates": [[[-81.931066, 26.44778], [-81.930958, 26.447673], [-81.930885, 26.447732], [-81.930993, 26.447839], [-81.931066, 26.44778]]]}}, {"id": "954", "type": "Feature", "properties": {"id": "3f66e549-d72d-499e-84bb-355be83d5c06", "name": null, "subtype": null, "class": null, "height": null, "num_floors": null, "surge_class": 6, "surge_ft": 5.5, "flood_active": false, "exposure_score": 0.165, "exposure_category": "low"}, "geometry": {"type": "Polygon", "coordinates": [[[-81.930793, 26.447436], [-81.930873, 26.447369], [-81.930758, 26.447258], [-81.93062, 26.447372], [-81.930738, 26.447486], [-81.930796, 26.447438], [-81.930793, 26.447436]]]}}, {"id": "955", "type": "Feature", "properties": {"id": "ac4d4bcd-3aed-486e-8b1a-ebfdc8d4afd9", "name": null, "subtype": null, "class": null, "height": 5.205813407897949, "num_floors": null, "surge_class": 7, "surge_ft": 6.5, "flood_active": false, "exposure_score": 0.195, "exposure_category": "low"}, "geometry": {"type": "Polygon", "coordinates": [[[-81.931037, 26.44722], [-81.930951, 26.44714], [-81.930857, 26.44722], [-81.930943, 26.447301], [-81.931037, 26.44722]]]}}, {"id": "956", "type": "Feature", "properties": {"id": "0dd7a377-878f-4984-8e79-6558a6ac4557", "name": null, "subtype": null, "class": null, "height": 5.42423152923584, "num_floors": null, "surge_class": 7, "surge_ft": 6.5, "flood_active": false, "exposure_score": 0.195, "exposure_category": "low"}, "geometry": {"type": "Polygon", "coordinates": [[[-81.931108, 26.447148], [-81.931221, 26.447068], [-81.931137, 26.446973], [-81.931025, 26.447053], [-81.931108, 26.447148]]]}}, {"id": "957", "type": "Feature", "properties": {"id": "2a8fdbdf-c35c-4773-880a-242725339165", "name": null, "subtype": null, "class": null, "height": 6.339159965515137, "num_floors": null, "surge_class": 7, "surge_ft": 6.5, "flood_active": false, "exposure_score": 0.195, "exposure_category": "low"}, "geometry": {"type": "Polygon", "coordinates": [[[-81.931085, 26.446571], [-81.931123, 26.44654], [-81.9311, 26.446518], [-81.931197, 26.446436], [-81.931096, 26.446339], [-81.930961, 26.446451], [-81.931085, 26.446571]]]}}, {"id": "958", "type": "Feature", "properties": {"id": "e7024570-1378-4dca-923a-244379bdbf02", "name": null, "subtype": null, "class": null, "height": 5.09547758102417, "num_floors": null, "surge_class": 7, "surge_ft": 6.5, "flood_active": false, "exposure_score": 0.195, "exposure_category": "low"}, "geometry": {"type": "Polygon", "coordinates": [[[-81.93096, 26.446592], [-81.931005, 26.44656], [-81.930929, 26.446477], [-81.930866, 26.446523], [-81.930889, 26.446549], [-81.93081, 26.446606], [-81.930867, 26.44667], [-81.930909, 26.446639], [-81.930922, 26.446654], [-81.930979, 26.446613], [-81.93096, 26.446592]]]}}, {"id": "959", "type": "Feature", "properties": {"id": "fc2ae6ba-13ce-4f6c-918c-a8fcbb1da63e", "name": null, "subtype": null, "class": null, "height": 4.684572219848633, "num_floors": null, "surge_class": 0, "surge_ft": 0.0, "flood_active": false, "exposure_score": 0.0, "exposure_category": "none"}, "geometry": {"type": "Polygon", "coordinates": [[[-81.930689, 26.446748], [-81.93066, 26.446719], [-81.930624, 26.446747], [-81.930745, 26.44687], [-81.930881, 26.446763], [-81.930789, 26.44667], [-81.930689, 26.446748]]]}}, {"id": "960", "type": "Feature", "properties": {"id": "ad7916ec-7734-4043-b070-a884cd237637", "name": null, "subtype": null, "class": null, "height": 5.48658561706543, "num_floors": null, "surge_class": 7, "surge_ft": 6.5, "flood_active": false, "exposure_score": 0.195, "exposure_category": "low"}, "geometry": {"type": "Polygon", "coordinates": [[[-81.930822, 26.44622], [-81.930797, 26.446197], [-81.930908, 26.446104], [-81.930821, 26.446021], [-81.930664, 26.446151], [-81.930775, 26.446258], [-81.930822, 26.44622]]]}}, {"id": "961", "type": "Feature", "properties": {"id": "60a15455-d1d2-41de-8b17-55d2d94095dc", "name": null, "subtype": null, "class": null, "height": 4.38358211517334, "num_floors": null, "surge_class": 7, "surge_ft": 6.5, "flood_active": false, "exposure_score": 0.195, "exposure_category": "low"}, "geometry": {"type": "Polygon", "coordinates": [[[-81.931056, 26.445971], [-81.930975, 26.445893], [-81.930908, 26.445949], [-81.9309, 26.445942], [-81.93085, 26.445984], [-81.93094, 26.446069], [-81.931056, 26.445971]]]}}, {"id": "962", "type": "Feature", "properties": {"id": "621d0b5c-afd8-4640-965f-661e46c3df10", "name": null, "subtype": null, "class": null, "height": 3.7449209690093994, "num_floors": null, "surge_class": 8, "surge_ft": 7.5, "flood_active": false, "exposure_score": 0.225, "exposure_category": "low"}, "geometry": {"type": "Polygon", "coordinates": [[[-81.931039, 26.445106], [-81.93099, 26.445082], [-81.930861, 26.44529], [-81.930952, 26.445335], [-81.931058, 26.445162], [-81.931017, 26.445141], [-81.931039, 26.445106]]]}}, {"id": "963", "type": "Feature", "properties": {"id": "7f2fe0d1-9ed2-48a2-bdde-9575fd581cbd", "name": null, "subtype": null, "class": null, "height": 3.55403733253479, "num_floors": null, "surge_class": 8, "surge_ft": 7.5, "flood_active": false, "exposure_score": 0.225, "exposure_category": "low"}, "geometry": {"type": "Polygon", "coordinates": [[[-81.931242, 26.445487], [-81.931316, 26.445326], [-81.931233, 26.445296], [-81.931208, 26.44535], [-81.931167, 26.445335], [-81.931118, 26.445442], [-81.931242, 26.445487]]]}}, {"id": "964", "type": "Feature", "properties": {"id": "fcdfda11-07f7-48e2-af75-16f4414237d6", "name": null, "subtype": null, "class": null, "height": 3.6690211296081543, "num_floors": null, "surge_class": 7, "surge_ft": 6.5, "flood_active": false, "exposure_score": 0.195, "exposure_category": "low"}, "geometry": {"type": "Polygon", "coordinates": [[[-81.931064, 26.445764], [-81.930996, 26.445827], [-81.931128, 26.445943], [-81.931269, 26.445814], [-81.931202, 26.445755], [-81.93113, 26.445821], [-81.931064, 26.445764]]]}}, {"id": "965", "type": "Feature", "properties": {"id": "306ba519-7646-41cf-9599-5c097e5e9a28", "name": null, "subtype": null, "class": null, "height": 6.031396389007568, "num_floors": null, "surge_class": 6, "surge_ft": 5.5, "flood_active": false, "exposure_score": 0.165, "exposure_category": "low"}, "geometry": {"type": "Polygon", "coordinates": [[[-81.931381, 26.446309], [-81.931255, 26.446183], [-81.931173, 26.446249], [-81.931176, 26.446252], [-81.931115, 26.446301], [-81.931239, 26.446424], [-81.931381, 26.446309]]]}}, {"id": "966", "type": "Feature", "properties": {"id": "3c867888-327a-43cb-92be-414ea3ff828b", "name": null, "subtype": null, "class": null, "height": 6.054811000823975, "num_floors": null, "surge_class": 7, "surge_ft": 6.5, "flood_active": false, "exposure_score": 0.195, "exposure_category": "low"}, "geometry": {"type": "Polygon", "coordinates": [[[-81.931358, 26.446113], [-81.931364, 26.446118], [-81.931298, 26.446173], [-81.93141, 26.44628], [-81.931547, 26.446164], [-81.93143, 26.446052], [-81.931358, 26.446113]]]}}, {"id": "967", "type": "Feature", "properties": {"id": "911a150c-bd29-4784-bdcc-fb99dc1d159c", "name": null, "subtype": null, "class": null, "height": 3.7309772968292236, "num_floors": null, "surge_class": 7, "surge_ft": 6.5, "flood_active": false, "exposure_score": 0.195, "exposure_category": "low"}, "geometry": {"type": "Polygon", "coordinates": [[[-81.931854, 26.445925], [-81.931763, 26.44584], [-81.931725, 26.445872], [-81.931682, 26.445831], [-81.931626, 26.445879], [-81.93176, 26.446005], [-81.931854, 26.445925]]]}}, {"id": "968", "type": "Feature", "properties": {"id": "d10ab3f8-762c-4147-bf37-ba61f2986748", "name": null, "subtype": null, "class": null, "height": 4.2296342849731445, "num_floors": null, "surge_class": 7, "surge_ft": 6.5, "flood_active": false, "exposure_score": 0.195, "exposure_category": "low"}, "geometry": {"type": "Polygon", "coordinates": [[[-81.931557, 26.445999], [-81.931529, 26.445975], [-81.931469, 26.446032], [-81.931552, 26.446103], [-81.931586, 26.446071], [-81.931613, 26.446093], [-81.931705, 26.446007], [-81.931624, 26.445937], [-81.931557, 26.445999]]]}}, {"id": "969", "type": "Feature", "properties": {"id": "718b10d0-e080-46c5-b626-b1a70279c9f3", "name": null, "subtype": null, "class": null, "height": 3.2760214805603027, "num_floors": null, "surge_class": 7, "surge_ft": 6.5, "flood_active": false, "exposure_score": 0.195, "exposure_category": "low"}, "geometry": {"type": "Polygon", "coordinates": [[[-81.931574, 26.445447], [-81.931572, 26.445468], [-81.931494, 26.445461], [-81.931483, 26.445545], [-81.931531, 26.44555], [-81.931528, 26.445571], [-81.931628, 26.445581], [-81.931643, 26.445454], [-81.931574, 26.445447]]]}}, {"id": "970", "type": "Feature", "properties": {"id": "352aaf51-9b7a-4e69-89c2-9479d50c4ade", "name": null, "subtype": null, "class": null, "height": 3.6557881832122803, "num_floors": null, "surge_class": 7, "surge_ft": 6.5, "flood_active": false, "exposure_score": 0.195, "exposure_category": "low"}, "geometry": {"type": "Polygon", "coordinates": [[[-81.93178, 26.445328], [-81.931676, 26.445229], [-81.931566, 26.445322], [-81.931671, 26.445421], [-81.93178, 26.445328]]]}}, {"id": "971", "type": "Feature", "properties": {"id": "22695799-7a4b-49c1-af62-3e70658c7a61", "name": null, "subtype": null, "class": null, "height": null, "num_floors": null, "surge_class": 7, "surge_ft": 6.5, "flood_active": false, "exposure_score": 0.195, "exposure_category": "low"}, "geometry": {"type": "Polygon", "coordinates": [[[-81.931541, 26.445238], [-81.931393, 26.445161], [-81.931343, 26.445239], [-81.931492, 26.445316], [-81.931541, 26.445238]]]}}, {"id": "972", "type": "Feature", "properties": {"id": "ff0d3892-4f3d-422c-80b8-8ebbb57907bf", "name": null, "subtype": null, "class": null, "height": 3.692410945892334, "num_floors": null, "surge_class": 8, "surge_ft": 7.5, "flood_active": false, "exposure_score": 0.225, "exposure_category": "low"}, "geometry": {"type": "Polygon", "coordinates": [[[-81.931359, 26.445557], [-81.93145, 26.445414], [-81.931352, 26.445364], [-81.93126, 26.445507], [-81.931359, 26.445557]]]}}, {"id": "973", "type": "Feature", "properties": {"id": "3c1382e4-6c39-4794-81ef-81d56d7a97cf", "name": null, "subtype": null, "class": null, "height": 5.047059059143066, "num_floors": null, "surge_class": 8, "surge_ft": 7.5, "flood_active": false, "exposure_score": 0.225, "exposure_category": "low"}, "geometry": {"type": "Polygon", "coordinates": [[[-81.931304, 26.444891], [-81.931394, 26.444815], [-81.931323, 26.444747], [-81.931233, 26.444824], [-81.931304, 26.444891]]]}}, {"id": "974", "type": "Feature", "properties": {"id": "a59693f2-bc20-48c4-8f01-573a8e3a7d2e", "name": null, "subtype": null, "class": null, "height": null, "num_floors": null, "surge_class": 7, "surge_ft": 6.5, "flood_active": false, "exposure_score": 0.195, "exposure_category": "low"}, "geometry": {"type": "Polygon", "coordinates": [[[-81.931436, 26.44473], [-81.931472, 26.444764], [-81.931506, 26.444734], [-81.931389, 26.444624], [-81.931303, 26.444697], [-81.931385, 26.444774], [-81.931436, 26.44473]]]}}, {"id": "975", "type": "Feature", "properties": {"id": "d7a0e0d9-b43e-4b49-9343-b218deb7e816", "name": null, "subtype": null, "class": null, "height": 3.8825249671936035, "num_floors": null, "surge_class": 7, "surge_ft": 6.5, "flood_active": false, "exposure_score": 0.195, "exposure_category": "low"}, "geometry": {"type": "Polygon", "coordinates": [[[-81.931646, 26.445045], [-81.931517, 26.445151], [-81.931586, 26.445219], [-81.931715, 26.445113], [-81.931646, 26.445045]]]}}, {"id": "976", "type": "Feature", "properties": {"id": "12a08e31-da4f-4555-947a-eaffe4e342de", "name": null, "subtype": null, "class": null, "height": null, "num_floors": null, "surge_class": 7, "surge_ft": 6.5, "flood_active": false, "exposure_score": 0.195, "exposure_category": "low"}, "geometry": {"type": "Polygon", "coordinates": [[[-81.931622, 26.444643], [-81.931564, 26.444579], [-81.931535, 26.4446], [-81.931509, 26.444571], [-81.931445, 26.444617], [-81.931528, 26.44471], [-81.931622, 26.444643]]]}}, {"id": "977", "type": "Feature", "properties": {"id": "bfd3b170-8b84-4ff7-a6ba-a3fef837ca73", "name": null, "subtype": null, "class": null, "height": null, "num_floors": null, "surge_class": 8, "surge_ft": 7.5, "flood_active": false, "exposure_score": 0.225, "exposure_category": "low"}, "geometry": {"type": "Polygon", "coordinates": [[[-81.931639, 26.444611], [-81.931728, 26.444536], [-81.931635, 26.444447], [-81.931545, 26.444522], [-81.931639, 26.444611]]]}}, {"id": "978", "type": "Feature", "properties": {"id": "1369a090-cdda-4a6e-be5b-592ef8f057b7", "name": null, "subtype": null, "class": null, "height": null, "num_floors": null, "surge_class": 8, "surge_ft": 7.5, "flood_active": false, "exposure_score": 0.225, "exposure_category": "low"}, "geometry": {"type": "Polygon", "coordinates": [[[-81.931839, 26.444457], [-81.931721, 26.444345], [-81.931653, 26.444403], [-81.931771, 26.444515], [-81.931839, 26.444457]]]}}, {"id": "979", "type": "Feature", "properties": {"id": "3906495b-4f36-451e-ba30-9da0286a43bf", "name": null, "subtype": null, "class": null, "height": null, "num_floors": null, "surge_class": 7, "surge_ft": 6.5, "flood_active": false, "exposure_score": 0.195, "exposure_category": "low"}, "geometry": {"type": "Polygon", "coordinates": [[[-81.9316417, 26.4440424], [-81.9315643, 26.4441084], [-81.9316728, 26.4442104], [-81.9317502, 26.4441444], [-81.9316417, 26.4440424]]]}}, {"id": "980", "type": "Feature", "properties": {"id": "9c680904-79c9-4c6d-b71e-47bed6862607", "name": null, "subtype": null, "class": null, "height": null, "num_floors": null, "surge_class": 7, "surge_ft": 6.5, "flood_active": false, "exposure_score": 0.195, "exposure_category": "low"}, "geometry": {"type": "Polygon", "coordinates": [[[-81.9315919, 26.4443095], [-81.9316243, 26.4443383], [-81.9316689, 26.4442983], [-81.9316365, 26.4442694], [-81.9315919, 26.4443095]]]}}, {"id": "981", "type": "Feature", "properties": {"id": "370ea46b-4704-464c-9e1c-c691262f3d17", "name": null, "subtype": null, "class": null, "height": null, "num_floors": null, "surge_class": 7, "surge_ft": 6.5, "flood_active": false, "exposure_score": 0.195, "exposure_category": "low"}, "geometry": {"type": "Polygon", "coordinates": [[[-81.931642, 26.444241], [-81.931533, 26.444135], [-81.931454, 26.4442], [-81.931563, 26.444306], [-81.931642, 26.444241]]]}}, {"id": "982", "type": "Feature", "properties": {"id": "a0d89e8b-cac2-4a7f-ab3a-52611edac57c", "name": null, "subtype": null, "class": null, "height": null, "num_floors": null, "surge_class": 8, "surge_ft": 7.5, "flood_active": false, "exposure_score": 0.225, "exposure_category": "low"}, "geometry": {"type": "Polygon", "coordinates": [[[-81.9314011, 26.4443031], [-81.9314398, 26.4443416], [-81.9314072, 26.4443679], [-81.9314579, 26.4444183], [-81.9315557, 26.4443395], [-81.9314663, 26.4442506], [-81.9314011, 26.4443031]]]}}, {"id": "983", "type": "Feature", "properties": {"id": "282bcff9-1d2f-4da4-88dd-f65a2fff3d1a", "name": null, "subtype": null, "class": null, "height": null, "num_floors": null, "surge_class": 8, "surge_ft": 7.5, "flood_active": false, "exposure_score": 0.225, "exposure_category": "low"}, "geometry": {"type": "Polygon", "coordinates": [[[-81.931332, 26.444322], [-81.931268, 26.444375], [-81.931348, 26.444452], [-81.931412, 26.444398], [-81.931332, 26.444322]]]}}, {"id": "984", "type": "Feature", "properties": {"id": "40acfc42-3df8-4276-ba41-1e4612f1df60", "name": null, "subtype": null, "class": null, "height": null, "num_floors": null, "surge_class": 8, "surge_ft": 7.5, "flood_active": false, "exposure_score": 0.225, "exposure_category": "low"}, "geometry": {"type": "Polygon", "coordinates": [[[-81.9310234, 26.4442925], [-81.9311242, 26.4442074], [-81.9310613, 26.4441477], [-81.9309605, 26.4442328], [-81.9310234, 26.4442925]]]}}, {"id": "985", "type": "Feature", "properties": {"id": "c8dce679-93ba-4175-b117-3ded2e868f2d", "name": null, "subtype": null, "class": null, "height": 3.3799822330474854, "num_floors": null, "surge_class": 7, "surge_ft": 6.5, "flood_active": false, "exposure_score": 0.195, "exposure_category": "low"}, "geometry": {"type": "Polygon", "coordinates": [[[-81.931107, 26.444525], [-81.931034, 26.444592], [-81.93115, 26.444694], [-81.931223, 26.444627], [-81.931107, 26.444525]]]}}, {"id": "986", "type": "Feature", "properties": {"id": "c80a69f4-36dc-492f-8c63-13090e0ccf50", "name": null, "subtype": null, "class": null, "height": null, "num_floors": null, "surge_class": 8, "surge_ft": 7.5, "flood_active": false, "exposure_score": 0.225, "exposure_category": "low"}, "geometry": {"type": "Polygon", "coordinates": [[[-81.931348, 26.44453], [-81.931231, 26.444418], [-81.931141, 26.444493], [-81.931258, 26.444605], [-81.931348, 26.44453]]]}}, {"id": "987", "type": "Feature", "properties": {"id": "90f6a670-6479-4456-b1b4-e0bc48dbfc88", "name": null, "subtype": null, "class": null, "height": 3.788395881652832, "num_floors": null, "surge_class": 7, "surge_ft": 6.5, "flood_active": false, "exposure_score": 0.195, "exposure_category": "low"}, "geometry": {"type": "Polygon", "coordinates": [[[-81.931223, 26.44498], [-81.931287, 26.444926], [-81.931174, 26.444821], [-81.931111, 26.444875], [-81.931223, 26.44498]]]}}, {"id": "988", "type": "Feature", "properties": {"id": "56aa009a-0d8d-4df8-8a06-accfadf37509", "name": null, "subtype": null, "class": null, "height": null, "num_floors": null, "surge_class": 7, "surge_ft": 6.5, "flood_active": false, "exposure_score": 0.195, "exposure_category": "low"}, "geometry": {"type": "Polygon", "coordinates": [[[-81.931034, 26.444937], [-81.930968, 26.445011], [-81.931057, 26.445076], [-81.931124, 26.445003], [-81.931034, 26.444937]]]}}, {"id": "989", "type": "Feature", "properties": {"id": "400e431e-d09e-469e-a79b-b3112f3edd86", "name": null, "subtype": null, "class": null, "height": null, "num_floors": null, "surge_class": 7, "surge_ft": 6.5, "flood_active": false, "exposure_score": 0.195, "exposure_category": "low"}, "geometry": {"type": "Polygon", "coordinates": [[[-81.930961, 26.444721], [-81.930928, 26.444747], [-81.931, 26.444818], [-81.931123, 26.444719], [-81.931056, 26.444653], [-81.931055, 26.444655], [-81.931008, 26.444608], [-81.930919, 26.44468], [-81.930961, 26.444721]]]}}, {"id": "990", "type": "Feature", "properties": {"id": "5fd327bb-d43d-4b8e-8d26-24978363d665", "name": null, "subtype": null, "class": null, "height": 3.810847520828247, "num_floors": null, "surge_class": 8, "surge_ft": 7.5, "flood_active": false, "exposure_score": 0.225, "exposure_category": "low"}, "geometry": {"type": "Polygon", "coordinates": [[[-81.930767, 26.445232], [-81.930797, 26.44519], [-81.930867, 26.44523], [-81.930941, 26.445129], [-81.930825, 26.445062], [-81.930721, 26.445206], [-81.930767, 26.445232]]]}}, {"id": "991", "type": "Feature", "properties": {"id": "6ff01c64-9f60-443e-a520-69cba344e406", "name": null, "subtype": null, "class": null, "height": 3.7584187984466553, "num_floors": null, "surge_class": 7, "surge_ft": 6.5, "flood_active": false, "exposure_score": 0.195, "exposure_category": "low"}, "geometry": {"type": "Polygon", "coordinates": [[[-81.930906, 26.444829], [-81.930809, 26.44478], [-81.930748, 26.444876], [-81.930845, 26.444925], [-81.930906, 26.444829]]]}}, {"id": "992", "type": "Feature", "properties": {"id": "9cb60070-0e11-44bf-92ec-ecb3ca25547c", "name": null, "subtype": null, "class": null, "height": 3.3679606914520264, "num_floors": null, "surge_class": 7, "surge_ft": 6.5, "flood_active": false, "exposure_score": 0.195, "exposure_category": "low"}, "geometry": {"type": "Polygon", "coordinates": [[[-81.9309, 26.44425], [-81.930789, 26.444344], [-81.930869, 26.44442], [-81.93098, 26.444326], [-81.9309, 26.44425]]]}}, {"id": "993", "type": "Feature", "properties": {"id": "ec9a4fa5-1918-4e73-91b5-5bc224eecf1b", "name": null, "subtype": "residential", "class": "house", "height": 4.303465843200684, "num_floors": null, "surge_class": 7, "surge_ft": 6.5, "flood_active": false, "exposure_score": 0.195, "exposure_category": "low"}, "geometry": {"type": "Polygon", "coordinates": [[[-81.9306453, 26.4441115], [-81.9305183, 26.4442111], [-81.9305806, 26.4442748], [-81.9306176, 26.4442458], [-81.9306369, 26.4442655], [-81.9306924, 26.444222], [-81.9306748, 26.444204], [-81.9307094, 26.4441769], [-81.9306453, 26.4441115]]]}}, {"id": "994", "type": "Feature", "properties": {"id": "ce388849-06e3-45fb-bccb-1b53206ce21e", "name": null, "subtype": null, "class": null, "height": null, "num_floors": null, "surge_class": 8, "surge_ft": 7.5, "flood_active": false, "exposure_score": 0.225, "exposure_category": "low"}, "geometry": {"type": "Polygon", "coordinates": [[[-81.930692, 26.444539], [-81.930799, 26.444447], [-81.930735, 26.444388], [-81.930628, 26.44448], [-81.930692, 26.444539]]]}}, {"id": "995", "type": "Feature", "properties": {"id": "885d75af-66de-4ba6-a671-f78351600347", "name": null, "subtype": null, "class": null, "height": null, "num_floors": null, "surge_class": 7, "surge_ft": 6.5, "flood_active": false, "exposure_score": 0.195, "exposure_category": "low"}, "geometry": {"type": "Polygon", "coordinates": [[[-81.930539, 26.444672], [-81.93066, 26.444573], [-81.930589, 26.444504], [-81.930469, 26.444603], [-81.930539, 26.444672]]]}}, {"id": "996", "type": "Feature", "properties": {"id": "9b90b5c6-bd8c-4602-b565-dedcd6cea049", "name": null, "subtype": null, "class": null, "height": null, "num_floors": null, "surge_class": 7, "surge_ft": 6.5, "flood_active": false, "exposure_score": 0.195, "exposure_category": "low"}, "geometry": {"type": "Polygon", "coordinates": [[[-81.930504, 26.4443074], [-81.9305419, 26.4442838], [-81.9304929, 26.4442207], [-81.9304549, 26.4442443], [-81.930504, 26.4443074]]]}}, {"id": "997", "type": "Feature", "properties": {"id": "62bdaad2-f24b-486d-8513-c96583a3e288", "name": null, "subtype": "residential", "class": "house", "height": null, "num_floors": null, "surge_class": 7, "surge_ft": 6.5, "flood_active": false, "exposure_score": 0.195, "exposure_category": "low"}, "geometry": {"type": "Polygon", "coordinates": [[[-81.9303552, 26.4442964], [-81.9304526, 26.4443934], [-81.9304919, 26.4443618], [-81.9304773, 26.4443472], [-81.9305041, 26.4443257], [-81.9304213, 26.4442432], [-81.9303552, 26.4442964]]]}}, {"id": "998", "type": "Feature", "properties": {"id": "f56b1f1f-caf3-4385-be5a-6ace69630ebf", "name": null, "subtype": "residential", "class": "house", "height": 3.1369946002960205, "num_floors": null, "surge_class": 7, "surge_ft": 6.5, "flood_active": false, "exposure_score": 0.195, "exposure_category": "low"}, "geometry": {"type": "Polygon", "coordinates": [[[-81.9301973, 26.4444319], [-81.9302987, 26.4445279], [-81.9303726, 26.4444653], [-81.9302712, 26.4443693], [-81.9301973, 26.4444319]]]}}, {"id": "999", "type": "Feature", "properties": {"id": "beb60a3e-5b95-4538-8429-f418118cf525", "name": null, "subtype": null, "class": null, "height": 3.3000476360321045, "num_floors": null, "surge_class": 6, "surge_ft": 5.5, "flood_active": false, "exposure_score": 0.165, "exposure_category": "low"}, "geometry": {"type": "Polygon", "coordinates": [[[-81.930524, 26.444702], [-81.930431, 26.444613], [-81.930333, 26.444694], [-81.930426, 26.444784], [-81.930524, 26.444702]]]}}]}