{"type": "FeatureCollection", "features": [{"id": "0", "type": "Feature", "properties": {"id": "a27cd8af-70a9-4e65-87ca-832bccdf4cab", "name": null, "subtype": null, "class": null, "height": null, "num_floors": null, "surge_class": 99, "surge_ft": 0.0, "flood_active": false, "exposure_score": 0.0, "exposure_category": "none"}, "geometry": {"type": "Polygon", "coordinates": [[[-90.0743784, 29.9577586], [-90.0740619, 29.9575418], [-90.0738405, 29.9577992], [-90.074157, 29.958016], [-90.0743784, 29.9577586]]]}}, {"id": "1", "type": "Feature", "properties": {"id": "8b2c4479-640b-4b24-b6d7-1ce3fcd74d47", "name": "New Orleans BioInnovation Center", "subtype": null, "class": null, "height": 16.101436614990234, "num_floors": null, "surge_class": 99, "surge_ft": 0.0, "flood_active": false, "exposure_score": 0.0, "exposure_category": "none"}, "geometry": {"type": "Polygon", "coordinates": [[[-90.0747218, 29.9578335], [-90.0747836, 29.9578753], [-90.075053, 29.9575738], [-90.0749884, 29.9575301], [-90.0750184, 29.9574965], [-90.074673, 29.9572621], [-90.0746898, 29.9572461], [-90.0744398, 29.9570777], [-90.0744072, 29.9571149], [-90.074437, 29.9571342], [-90.0742468, 29.9573496], [-90.0744034, 29.9574574], [-90.0744174, 29.9574418], [-90.074452, 29.9574653], [-90.0744276, 29.9574925], [-90.0744556, 29.9575115], [-90.0745522, 29.9574034], [-90.0747407, 29.9575295], [-90.0745466, 29.9577466], [-90.0747041, 29.9578533], [-90.0747218, 29.9578335]]]}}, {"id": "2", "type": "Feature", "properties": {"id": "7d661389-be24-419c-b6d6-0cb12a03b61d", "name": null, "subtype": null, "class": null, "height": null, "num_floors": null, "surge_class": 99, "surge_ft": 0.0, "flood_active": false, "exposure_score": 0.0, "exposure_category": "none"}, "geometry": {"type": "Polygon", "coordinates": [[[-90.0739864, 29.9569744], [-90.0739416, 29.9569446], [-90.0739066, 29.9569845], [-90.0740435, 29.9570755], [-90.0741098, 29.957], [-90.0741247, 29.9570099], [-90.0741377, 29.956995], [-90.0741222, 29.9569846], [-90.0741653, 29.9569355], [-90.0740739, 29.9568747], [-90.0739864, 29.9569744]]]}}, {"id": "3", "type": "Feature", "properties": {"id": "d55410ce-bef8-4563-b9ff-e973998bcce9", "name": "Hotel Vinache", "subtype": null, "class": null, "height": null, "num_floors": null, "surge_class": 99, "surge_ft": 0.0, "flood_active": false, "exposure_score": 0.0, "exposure_category": "none"}, "geometry": {"type": "Polygon", "coordinates": [[[-90.0746393, 29.9561831], [-90.0744999, 29.9560907], [-90.0742423, 29.9563868], [-90.0743745, 29.9564745], [-90.0744627, 29.9563723], [-90.0744302, 29.9563508], [-90.0745115, 29.9562577], [-90.0745511, 29.9562839], [-90.0746393, 29.9561831]]]}}, {"id": "4", "type": "Feature", "properties": {"id": "7af1c27b-b110-4438-bd50-e8a9dfdf2276", "name": null, "subtype": null, "class": null, "height": null, "num_floors": null, "surge_class": 99, "surge_ft": 0.0, "flood_active": false, "exposure_score": 0.0, "exposure_category": "none"}, "geometry": {"type": "Polygon", "coordinates": [[[-90.0723379, 29.9569303], [-90.0720297, 29.9567233], [-90.0718905, 29.9568788], [-90.0721987, 29.9570859], [-90.0723379, 29.9569303]]]}}, {"id": "5", "type": "Feature", "properties": {"id": "3d537b0f-66f4-4023-b26d-9d1e43ca426e", "name": "Saenger Theatre", "subtype": "entertainment", "class": null, "height": 14.494657516479492, "num_floors": null, "surge_class": 99, "surge_ft": 0.0, "flood_active": false, "exposure_score": 0.0, "exposure_category": "none"}, "geometry": {"type": "Polygon", "coordinates": [[[-90.0727235, 29.955937], [-90.0721024, 29.9566303], [-90.0721182, 29.9566409], [-90.0720803, 29.9566831], [-90.072374, 29.9568806], [-90.0724737, 29.9567694], [-90.0724902, 29.9567805], [-90.0730495, 29.9561562], [-90.0727235, 29.955937]]]}}, {"id": "6", "type": "Feature", "properties": {"id": "0fef29cf-f0ac-43e4-b428-67a2fbd3c40b", "name": null, "subtype": "transportation", "class": "parking", "height": null, "num_floors": null, "surge_class": 99, "surge_ft": 0.0, "flood_active": false, "exposure_score": 0.0, "exposure_category": "none"}, "geometry": {"type": "Polygon", "coordinates": [[[-90.0715165, 29.956813], [-90.0717565, 29.9565475], [-90.0711604, 29.9561439], [-90.0709161, 29.9564158], [-90.0715165, 29.956813]]]}}, {"id": "7", "type": "Feature", "properties": {"id": "2939514d-11eb-4a0e-b38f-59b7b16cd229", "name": "New Orleans Athletic Club", "subtype": null, "class": null, "height": null, "num_floors": null, "surge_class": 99, "surge_ft": 0.0, "flood_active": false, "exposure_score": 0.0, "exposure_category": "none"}, "geometry": {"type": "Polygon", "coordinates": [[[-90.0707091, 29.9562762], [-90.0705054, 29.9564985], [-90.0706109, 29.9565695], [-90.0707415, 29.9566565], [-90.0708314, 29.9565547], [-90.0710775, 29.9567178], [-90.0714074, 29.9569365], [-90.0715165, 29.956813], [-90.0709161, 29.9564158], [-90.0707091, 29.9562762]]]}}, {"id": "8", "type": "Feature", "properties": {"id": "3d12846f-05b0-4c92-ae80-a96bfb25db59", "name": null, "subtype": null, "class": null, "height": null, "num_floors": null, "surge_class": 99, "surge_ft": 0.0, "flood_active": false, "exposure_score": 0.0, "exposure_category": "none"}, "geometry": {"type": "Polygon", "coordinates": [[[-90.0703433, 29.956338], [-90.0701965, 29.9565037], [-90.0702903, 29.9565666], [-90.0704383, 29.9564015], [-90.0703433, 29.956338]]]}}, {"id": "9", "type": "Feature", "properties": {"id": "73bee2d8-6d9d-4bf5-b9df-8b28dfd3f444", "name": null, "subtype": null, "class": null, "height": null, "num_floors": null, "surge_class": 99, "surge_ft": 0.0, "flood_active": false, "exposure_score": 0.0, "exposure_category": "none"}, "geometry": {"type": "Polygon", "coordinates": [[[-90.0704383, 29.9564015], [-90.0704986, 29.956335], [-90.0702919, 29.9561972], [-90.070233, 29.9562635], [-90.0703433, 29.956338], [-90.0704383, 29.9564015]]]}}, {"id": "10", "type": "Feature", "properties": {"id": "26b72f65-756c-432f-91fb-420b4226f608", "name": null, "subtype": null, "class": null, "height": null, "num_floors": null, "surge_class": 99, "surge_ft": 0.0, "flood_active": false, "exposure_score": 0.0, "exposure_category": "none"}, "geometry": {"type": "Polygon", "coordinates": [[[-90.0701434, 29.9563615], [-90.0701775, 29.9563236], [-90.070166, 29.9563163], [-90.0702061, 29.9562694], [-90.0701485, 29.9562323], [-90.0700753, 29.9563179], [-90.0701434, 29.9563615]]]}}, {"id": "11", "type": "Feature", "properties": {"id": "2d49be82-a030-4b89-b93d-cd5322165aff", "name": null, "subtype": null, "class": null, "height": null, "num_floors": null, "surge_class": 99, "surge_ft": 0.0, "flood_active": false, "exposure_score": 0.0, "exposure_category": "none"}, "geometry": {"type": "Polygon", "coordinates": [[[-90.0700044, 29.9562741], [-90.0699761, 29.9562565], [-90.0698783, 29.9563742], [-90.0700406, 29.9564761], [-90.0701072, 29.9564019], [-90.0700258, 29.9563489], [-90.0700735, 29.9562915], [-90.0700455, 29.9562741], [-90.0700641, 29.9562516], [-90.0700371, 29.9562348], [-90.0700044, 29.9562741]]]}}, {"id": "12", "type": "Feature", "properties": {"id": "9d95bf06-5eee-454c-870b-4d15eba20e63", "name": null, "subtype": null, "class": null, "height": null, "num_floors": null, "surge_class": 99, "surge_ft": 0.0, "flood_active": false, "exposure_score": 0.0, "exposure_category": "none"}, "geometry": {"type": "Polygon", "coordinates": [[[-90.0699064, 29.9564019], [-90.0699007, 29.956398], [-90.0698997, 29.9563999], [-90.069899, 29.9564018], [-90.0698987, 29.9564038], [-90.0698988, 29.9564059], [-90.0698992, 29.9564079], [-90.0699, 29.9564098], [-90.0699012, 29.9564116], [-90.0699026, 29.9564132], [-90.0699491, 29.9564444], [-90.0699568, 29.9564357], [-90.0699064, 29.9564019]]]}}, {"id": "13", "type": "Feature", "properties": {"id": "91c7b89a-9cac-461a-8dae-0b7ba092808a", "name": null, "subtype": null, "class": null, "height": null, "num_floors": null, "surge_class": 99, "surge_ft": 0.0, "flood_active": false, "exposure_score": 0.0, "exposure_category": "none"}, "geometry": {"type": "Polygon", "coordinates": [[[-90.0702357, 29.9566277], [-90.0702903, 29.9565666], [-90.0701965, 29.9565037], [-90.0701419, 29.9565648], [-90.0702357, 29.9566277]]]}}, {"id": "14", "type": "Feature", "properties": {"id": "a7f3710c-6122-49b3-893b-3d1bc58a6077", "name": null, "subtype": null, "class": null, "height": null, "num_floors": null, "surge_class": 99, "surge_ft": 0.0, "flood_active": false, "exposure_score": 0.0, "exposure_category": "none"}, "geometry": {"type": "Polygon", "coordinates": [[[-90.0700488, 29.9564903], [-90.0701015, 29.9565279], [-90.0701543, 29.9564724], [-90.0701016, 29.9564347], [-90.0700488, 29.9564903]]]}}, {"id": "15", "type": "Feature", "properties": {"id": "f2ac4405-3182-4e5c-a22c-bc477b20f5ce", "name": null, "subtype": null, "class": null, "height": null, "num_floors": null, "surge_class": 99, "surge_ft": 0.0, "flood_active": false, "exposure_score": 0.0, "exposure_category": "none"}, "geometry": {"type": "Polygon", "coordinates": [[[-90.0698541, 29.9565173], [-90.0697812, 29.9564682], [-90.0696973, 29.9565616], [-90.0697702, 29.9566107], [-90.0698541, 29.9565173]]]}}, {"id": "16", "type": "Feature", "properties": {"id": "8eda30b0-6fb4-4202-9138-4dd35fd84585", "name": "Engine No. 7", "subtype": null, "class": null, "height": null, "num_floors": null, "surge_class": 99, "surge_ft": 0.0, "flood_active": false, "exposure_score": 0.0, "exposure_category": "none"}, "geometry": {"type": "Polygon", "coordinates": [[[-90.0699407, 29.9565787], [-90.0698611, 29.9565233], [-90.0697217, 29.9566734], [-90.0698013, 29.9567289], [-90.0699407, 29.9565787]]]}}, {"id": "17", "type": "Feature", "properties": {"id": "ea94cb9a-6302-4d5d-a9e0-66194bc75ccd", "name": null, "subtype": null, "class": null, "height": null, "num_floors": null, "surge_class": 99, "surge_ft": 0.0, "flood_active": false, "exposure_score": 0.0, "exposure_category": "none"}, "geometry": {"type": "Polygon", "coordinates": [[[-90.0700502, 29.9567053], [-90.0701011, 29.9566524], [-90.0700517, 29.9566167], [-90.0700008, 29.9566697], [-90.0700502, 29.9567053]]]}}, {"id": "18", "type": "Feature", "properties": {"id": "751b53a1-7c66-4122-a444-4aab648f4c2d", "name": null, "subtype": null, "class": null, "height": null, "num_floors": null, "surge_class": 99, "surge_ft": 0.0, "flood_active": false, "exposure_score": 0.0, "exposure_category": "none"}, "geometry": {"type": "Polygon", "coordinates": [[[-90.0702948, 29.9565909], [-90.070288, 29.9565863], [-90.070248, 29.9566314], [-90.0702548, 29.956636], [-90.0702948, 29.9565909]]]}}, {"id": "19", "type": "Feature", "properties": {"id": "fa88a3d2-27b4-4d18-a6d2-51a1f1516337", "name": null, "subtype": null, "class": null, "height": null, "num_floors": null, "surge_class": 99, "surge_ft": 0.0, "flood_active": false, "exposure_score": 0.0, "exposure_category": "none"}, "geometry": {"type": "Polygon", "coordinates": [[[-90.0704645, 29.9566266], [-90.0704165, 29.9565956], [-90.0703363, 29.9566832], [-90.0703864, 29.9567167], [-90.0704645, 29.9566266]]]}}, {"id": "20", "type": "Feature", "properties": {"id": "d5c5f156-5bc3-4018-9a7e-84c109abcc91", "name": null, "subtype": null, "class": null, "height": null, "num_floors": null, "surge_class": 99, "surge_ft": 0.0, "flood_active": false, "exposure_score": 0.0, "exposure_category": "none"}, "geometry": {"type": "Polygon", "coordinates": [[[-90.0704645, 29.9566266], [-90.0703864, 29.9567167], [-90.0704358, 29.9567496], [-90.0705143, 29.9566587], [-90.0704645, 29.9566266]]]}}, {"id": "21", "type": "Feature", "properties": {"id": "d12a31d4-12d5-4058-9ac9-27bae97dff21", "name": null, "subtype": null, "class": null, "height": null, "num_floors": null, "surge_class": 99, "surge_ft": 0.0, "flood_active": false, "exposure_score": 0.0, "exposure_category": "none"}, "geometry": {"type": "Polygon", "coordinates": [[[-90.0703265, 29.9565429], [-90.0702914, 29.9565825], [-90.0702981, 29.9565871], [-90.0703332, 29.9565475], [-90.0703265, 29.9565429]]]}}, {"id": "22", "type": "Feature", "properties": {"id": "da516480-904d-496b-ae1d-a5acd614fbff", "name": null, "subtype": null, "class": null, "height": null, "num_floors": null, "surge_class": 99, "surge_ft": 0.0, "flood_active": false, "exposure_score": 0.0, "exposure_category": "none"}, "geometry": {"type": "Polygon", "coordinates": [[[-90.0704144, 29.9564436], [-90.0703793, 29.9564832], [-90.0703861, 29.9564878], [-90.0704212, 29.9564482], [-90.0704144, 29.9564436]]]}}, {"id": "23", "type": "Feature", "properties": {"id": "fa745e70-747c-44f7-a4c3-5a3e4a18e07a", "name": null, "subtype": null, "class": null, "height": null, "num_floors": null, "surge_class": 99, "surge_ft": 0.0, "flood_active": false, "exposure_score": 0.0, "exposure_category": "none"}, "geometry": {"type": "Polygon", "coordinates": [[[-90.0706109, 29.9565695], [-90.0705054, 29.9564985], [-90.0704685, 29.9565388], [-90.0705746, 29.9566101], [-90.0706109, 29.9565695]]]}}, {"id": "24", "type": "Feature", "properties": {"id": "158d60cd-9082-4d86-b40b-2ae4b839f7c1", "name": "Young Men's Gymnastics Club Administration Building", "subtype": null, "class": null, "height": null, "num_floors": null, "surge_class": 99, "surge_ft": 0.0, "flood_active": false, "exposure_score": 0.0, "exposure_category": "none"}, "geometry": {"type": "Polygon", "coordinates": [[[-90.0705749, 29.9566971], [-90.0704955, 29.9567895], [-90.0705873, 29.9568508], [-90.0706703, 29.9567571], [-90.0705749, 29.9566971]]]}}, {"id": "25", "type": "Feature", "properties": {"id": "8bfc853a-d6ad-4213-bf16-1460f3d902f6", "name": null, "subtype": null, "class": null, "height": null, "num_floors": null, "surge_class": 99, "surge_ft": 0.0, "flood_active": false, "exposure_score": 0.0, "exposure_category": "none"}, "geometry": {"type": "Polygon", "coordinates": [[[-90.0706703, 29.9567571], [-90.0705873, 29.9568508], [-90.0706759, 29.95691], [-90.070922, 29.9566351], [-90.0708526, 29.9565885], [-90.0706899, 29.9567703], [-90.0706703, 29.9567571]]]}}, {"id": "26", "type": "Feature", "properties": {"id": "81aa4ab3-9df5-4fcd-85d9-92ac4e0d8fdf", "name": null, "subtype": null, "class": null, "height": null, "num_floors": null, "surge_class": 99, "surge_ft": 0.0, "flood_active": false, "exposure_score": 0.0, "exposure_category": "none"}, "geometry": {"type": "Polygon", "coordinates": [[[-90.0703926, 29.95673], [-90.0703838, 29.9567399], [-90.0704404, 29.9567779], [-90.0704492, 29.956768], [-90.0703926, 29.95673]]]}}, {"id": "27", "type": "Feature", "properties": {"id": "318030a9-f1cd-4616-b597-50d20495f537", "name": null, "subtype": null, "class": null, "height": null, "num_floors": null, "surge_class": 99, "surge_ft": 0.0, "flood_active": false, "exposure_score": 0.0, "exposure_category": "none"}, "geometry": {"type": "Polygon", "coordinates": [[[-90.0705143, 29.9566587], [-90.0704358, 29.9567496], [-90.0704955, 29.9567895], [-90.0705749, 29.9566971], [-90.0705143, 29.9566587]]]}}, {"id": "28", "type": "Feature", "properties": {"id": "670576bc-9c20-4c26-bfe3-7f3dc872cd5d", "name": null, "subtype": null, "class": null, "height": 14.191853523254395, "num_floors": null, "surge_class": 99, "surge_ft": 0.0, "flood_active": false, "exposure_score": 0.0, "exposure_category": "none"}, "geometry": {"type": "Polygon", "coordinates": [[[-90.0701134, 29.9566573], [-90.0700374, 29.9567427], [-90.0701101, 29.9567913], [-90.0701861, 29.9567058], [-90.0701134, 29.9566573]]]}}, {"id": "29", "type": "Feature", "properties": {"id": "58ff5245-ba6e-459f-b31c-99c638a07bbc", "name": null, "subtype": null, "class": null, "height": null, "num_floors": null, "surge_class": 99, "surge_ft": 0.0, "flood_active": false, "exposure_score": 0.0, "exposure_category": "none"}, "geometry": {"type": "Polygon", "coordinates": [[[-90.0699422, 29.9567306], [-90.0700385, 29.9566253], [-90.0699596, 29.9565712], [-90.0697395, 29.9568118], [-90.0696655, 29.956761], [-90.0696338, 29.9567957], [-90.0697891, 29.9569023], [-90.0697965, 29.9568942], [-90.069844, 29.9569268], [-90.06983, 29.9569421], [-90.0699243, 29.9570069], [-90.0699535, 29.9569749], [-90.0699407, 29.9569661], [-90.0699563, 29.956949], [-90.0699675, 29.9569567], [-90.0699922, 29.9569297], [-90.0699788, 29.9569205], [-90.0699972, 29.9569004], [-90.070012, 29.9569106], [-90.070054, 29.9568646], [-90.0700373, 29.9568531], [-90.0700695, 29.9568179], [-90.0699422, 29.9567306]]]}}, {"id": "30", "type": "Feature", "properties": {"id": "87fbd92a-f7e5-4252-86af-167c7cbce8f8", "name": null, "subtype": null, "class": null, "height": null, "num_floors": null, "surge_class": 99, "surge_ft": 0.0, "flood_active": false, "exposure_score": 0.0, "exposure_category": "none"}, "geometry": {"type": "Polygon", "coordinates": [[[-90.0709876, 29.9566798], [-90.0707456, 29.9569565], [-90.0708199, 29.9570061], [-90.071067, 29.9567305], [-90.0709876, 29.9566798]]]}}, {"id": "31", "type": "Feature", "properties": {"id": "869090df-3ce6-4410-8114-b6f679ceae29", "name": null, "subtype": null, "class": null, "height": null, "num_floors": null, "surge_class": 99, "surge_ft": 0.0, "flood_active": false, "exposure_score": 0.0, "exposure_category": "none"}, "geometry": {"type": "Polygon", "coordinates": [[[-90.070922, 29.9566351], [-90.0706759, 29.95691], [-90.0707456, 29.9569565], [-90.0709876, 29.9566798], [-90.070922, 29.9566351]]]}}, {"id": "32", "type": "Feature", "properties": {"id": "5ebcec17-f0a8-4585-9e2c-cf508a5c7658", "name": null, "subtype": null, "class": null, "height": 7.672909259796143, "num_floors": null, "surge_class": 99, "surge_ft": 0.0, "flood_active": false, "exposure_score": 0.0, "exposure_category": "none"}, "geometry": {"type": "Polygon", "coordinates": [[[-90.071643, 29.9571475], [-90.0715475, 29.9572554], [-90.0718724, 29.9574734], [-90.0719678, 29.9573694], [-90.071643, 29.9571475]]]}}, {"id": "33", "type": "Feature", "properties": {"id": "0dfec718-53c7-4969-9705-bf369bcc2c13", "name": null, "subtype": null, "class": null, "height": null, "num_floors": null, "surge_class": 99, "surge_ft": 0.0, "flood_active": false, "exposure_score": 0.0, "exposure_category": "none"}, "geometry": {"type": "Polygon", "coordinates": [[[-90.0701789, 29.9571204], [-90.0703997, 29.956864], [-90.0702368, 29.9567576], [-90.069872, 29.9571813], [-90.0698796, 29.9571862], [-90.0696184, 29.9574777], [-90.0700693, 29.957776], [-90.070057, 29.9577903], [-90.0701317, 29.9578391], [-90.0701478, 29.9578205], [-90.0703638, 29.9575696], [-90.0702447, 29.9574919], [-90.0703542, 29.9573647], [-90.0707907, 29.9576496], [-90.0709641, 29.9574482], [-90.0707329, 29.9572972], [-90.0706942, 29.957342], [-90.0707189, 29.9573582], [-90.0706526, 29.9574351], [-90.0707533, 29.9575008], [-90.0707369, 29.95752], [-90.0706126, 29.9574389], [-90.0704535, 29.957335], [-90.0704359, 29.9573235], [-90.0704628, 29.9572922], [-90.070481, 29.957304], [-90.0706864, 29.9570653], [-90.0707005, 29.957049], [-90.0704481, 29.9568842], [-90.0703717, 29.956973], [-90.0703792, 29.956978], [-90.0702286, 29.9571529], [-90.0702219, 29.9571485], [-90.0701899, 29.9571276], [-90.0701789, 29.9571204]], [[-90.0697872, 29.957496], [-90.0697219, 29.9574538], [-90.0697657, 29.9574025], [-90.0698309, 29.9574447], [-90.0697872, 29.957496]]]}}, {"id": "34", "type": "Feature", "properties": {"id": "db61a122-a19a-4914-bad2-8a0478e29837", "name": null, "subtype": null, "class": null, "height": null, "num_floors": null, "surge_class": 99, "surge_ft": 0.0, "flood_active": false, "exposure_score": 0.0, "exposure_category": "none"}, "geometry": {"type": "Polygon", "coordinates": [[[-90.0697869, 29.9577196], [-90.0696897, 29.9578347], [-90.0697647, 29.9578828], [-90.069862, 29.9577677], [-90.0697869, 29.9577196]]]}}, {"id": "35", "type": "Feature", "properties": {"id": "c06d3285-1c8a-4739-b3ec-f6f61626fc45", "name": null, "subtype": null, "class": null, "height": null, "num_floors": null, "surge_class": 99, "surge_ft": 0.0, "flood_active": false, "exposure_score": 0.0, "exposure_category": "none"}, "geometry": {"type": "Polygon", "coordinates": [[[-90.0698807, 29.957778], [-90.0697802, 29.9578892], [-90.0697932, 29.9578979], [-90.0698522, 29.9579373], [-90.0699527, 29.9578261], [-90.0698807, 29.957778]]]}}, {"id": "36", "type": "Feature", "properties": {"id": "fc2da897-91e8-4d0b-8e24-cfc19ffe12e4", "name": null, "subtype": null, "class": null, "height": 15.280067443847656, "num_floors": null, "surge_class": 99, "surge_ft": 0.0, "flood_active": false, "exposure_score": 0.0, "exposure_category": "none"}, "geometry": {"type": "Polygon", "coordinates": [[[-90.071347, 29.9575051], [-90.070719, 29.9582171], [-90.0710361, 29.958427], [-90.0716641, 29.9577151], [-90.071347, 29.9575051]]]}}, {"id": "37", "type": "Feature", "properties": {"id": "19b54c67-7472-444f-bd1e-a1fa0635a8d9", "name": null, "subtype": null, "class": null, "height": null, "num_floors": null, "surge_class": 99, "surge_ft": 0.0, "flood_active": false, "exposure_score": 0.0, "exposure_category": "none"}, "geometry": {"type": "Polygon", "coordinates": [[[-90.0725702, 29.9580332], [-90.0725563, 29.9580238], [-90.0726072, 29.9579675], [-90.0722935, 29.9577548], [-90.0721681, 29.9578935], [-90.0723212, 29.9579973], [-90.0723862, 29.9579253], [-90.0724705, 29.9579824], [-90.0723998, 29.9580607], [-90.07249, 29.9581219], [-90.0725702, 29.9580332]]]}}, {"id": "38", "type": "Feature", "properties": {"id": "3db69035-c28c-49e1-897d-fe91b66c2cad", "name": null, "subtype": null, "class": null, "height": null, "num_floors": null, "surge_class": 99, "surge_ft": 0.0, "flood_active": false, "exposure_score": 0.0, "exposure_category": "none"}, "geometry": {"type": "Polygon", "coordinates": [[[-90.0723632, 29.9576931], [-90.0726836, 29.9579063], [-90.0730818, 29.9574525], [-90.0728795, 29.9573178], [-90.072924, 29.9572678], [-90.0729768, 29.9572083], [-90.0731838, 29.957346], [-90.073257, 29.9572613], [-90.0732668, 29.9572678], [-90.07348, 29.9570249], [-90.0736729, 29.956805], [-90.0735773, 29.9567415], [-90.0735897, 29.9567273], [-90.0734424, 29.9566293], [-90.0734328, 29.9566401], [-90.0733444, 29.9565813], [-90.0731559, 29.9567941], [-90.0730562, 29.9569066], [-90.0728577, 29.9571261], [-90.0729337, 29.9571767], [-90.0728801, 29.9572413], [-90.0728384, 29.9572916], [-90.0727608, 29.9572399], [-90.0723632, 29.9576931]], [[-90.0732706, 29.9569915], [-90.0732353, 29.9569661], [-90.0733666, 29.956826], [-90.0734019, 29.9568515], [-90.0732706, 29.9569915]], [[-90.0731277, 29.957071], [-90.073145, 29.9570525], [-90.0732097, 29.9570985], [-90.0731924, 29.957117], [-90.0731277, 29.957071]], [[-90.0728067, 29.9574532], [-90.0728442, 29.9574784], [-90.0727169, 29.9576223], [-90.0726793, 29.9575971], [-90.0728067, 29.9574532]]]}}, {"id": "39", "type": "Feature", "properties": {"id": "856664cc-f66d-49ff-b647-df10a25312d0", "name": null, "subtype": null, "class": null, "height": null, "num_floors": null, "surge_class": 99, "surge_ft": 0.0, "flood_active": false, "exposure_score": 0.0, "exposure_category": "none"}, "geometry": {"type": "Polygon", "coordinates": [[[-90.0733697, 29.9578692], [-90.0734317, 29.9579093], [-90.0734502, 29.9578878], [-90.0734945, 29.9579164], [-90.0735403, 29.9578631], [-90.0735097, 29.9578433], [-90.0735554, 29.9577902], [-90.0732918, 29.9576201], [-90.0732764, 29.9576379], [-90.0731882, 29.957581], [-90.0729144, 29.9578992], [-90.0730526, 29.9579885], [-90.0732318, 29.9577802], [-90.0733697, 29.9578692]]]}}, {"id": "40", "type": "Feature", "properties": {"id": "5933354a-4c0d-4920-a5b9-bcacbe11919b", "name": null, "subtype": null, "class": null, "height": 13.608325958251953, "num_floors": null, "surge_class": 99, "surge_ft": 0.0, "flood_active": false, "exposure_score": 0.0, "exposure_category": "none"}, "geometry": {"type": "Polygon", "coordinates": [[[-90.0737472, 29.9579151], [-90.0733079, 29.958402], [-90.0734698, 29.9585116], [-90.0737842, 29.9581632], [-90.0739315, 29.9582629], [-90.0740564, 29.9581245], [-90.0737472, 29.9579151]]]}}, {"id": "41", "type": "Feature", "properties": {"id": "c78a6681-229e-4d23-9450-33cfcaefbbf9", "name": null, "subtype": null, "class": null, "height": null, "num_floors": null, "surge_class": 99, "surge_ft": 0.0, "flood_active": false, "exposure_score": 0.0, "exposure_category": "none"}, "geometry": {"type": "Polygon", "coordinates": [[[-90.0730911, 29.9581863], [-90.0730387, 29.9582459], [-90.0731461, 29.9583167], [-90.0734061, 29.9580208], [-90.0732987, 29.95795], [-90.0730911, 29.9581863]]]}}, {"id": "42", "type": "Feature", "properties": {"id": "afd7b31d-4713-43b5-96fc-ae15fcbf502e", "name": null, "subtype": null, "class": null, "height": null, "num_floors": null, "surge_class": 99, "surge_ft": 0.0, "flood_active": false, "exposure_score": 0.0, "exposure_category": "none"}, "geometry": {"type": "Polygon", "coordinates": [[[-90.073597, 29.9588037], [-90.0737083, 29.9588791], [-90.0737639, 29.9588168], [-90.0735887, 29.9586981], [-90.0735328, 29.9587607], [-90.073544, 29.9587682], [-90.0735291, 29.9587849], [-90.0735819, 29.9588207], [-90.073597, 29.9588037]]]}}, {"id": "43", "type": "Feature", "properties": {"id": "ab3fbd76-e214-4131-a7d1-f87b26f893ad", "name": null, "subtype": null, "class": null, "height": null, "num_floors": null, "surge_class": 99, "surge_ft": 0.0, "flood_active": false, "exposure_score": 0.0, "exposure_category": "none"}, "geometry": {"type": "Polygon", "coordinates": [[[-90.0729243, 29.9589646], [-90.0730134, 29.9590248], [-90.0730875, 29.9589426], [-90.0729984, 29.9588823], [-90.0729243, 29.9589646]]]}}, {"id": "44", "type": "Feature", "properties": {"id": "37791fc6-9514-4491-a07f-130d83fbd8d5", "name": null, "subtype": null, "class": null, "height": null, "num_floors": null, "surge_class": 99, "surge_ft": 0.0, "flood_active": false, "exposure_score": 0.0, "exposure_category": "none"}, "geometry": {"type": "Polygon", "coordinates": [[[-90.0731677, 29.9588924], [-90.0732839, 29.9589711], [-90.0733389, 29.9589095], [-90.0729957, 29.9586772], [-90.0729407, 29.9587388], [-90.0731677, 29.9588924]]]}}, {"id": "45", "type": "Feature", "properties": {"id": "a983d031-2573-4b24-929e-5c059763df3b", "name": null, "subtype": null, "class": null, "height": null, "num_floors": null, "surge_class": 99, "surge_ft": 0.0, "flood_active": false, "exposure_score": 0.0, "exposure_category": "none"}, "geometry": {"type": "Polygon", "coordinates": [[[-90.0731458, 29.9585082], [-90.0734887, 29.9587409], [-90.0735458, 29.9586771], [-90.073203, 29.9584443], [-90.0731458, 29.9585082]]]}}, {"id": "46", "type": "Feature", "properties": {"id": "797f7d4c-01ad-4cb1-b198-17423a1d8fab", "name": null, "subtype": null, "class": null, "height": null, "num_floors": null, "surge_class": 99, "surge_ft": 0.0, "flood_active": false, "exposure_score": 0.0, "exposure_category": "none"}, "geometry": {"type": "Polygon", "coordinates": [[[-90.072648, 29.9585842], [-90.0727479, 29.9586458], [-90.0728301, 29.9585458], [-90.0727301, 29.9584842], [-90.072648, 29.9585842]]]}}, {"id": "47", "type": "Feature", "properties": {"id": "f84add34-5a3a-4170-aead-fceb66d56d6b", "name": null, "subtype": null, "class": null, "height": null, "num_floors": null, "surge_class": 99, "surge_ft": 0.0, "flood_active": false, "exposure_score": 0.0, "exposure_category": "none"}, "geometry": {"type": "Polygon", "coordinates": [[[-90.0724441, 29.9587134], [-90.0723709, 29.9587962], [-90.0725818, 29.9589363], [-90.0727718, 29.9587213], [-90.0726798, 29.9586603], [-90.072563, 29.9587924], [-90.0724441, 29.9587134]]]}}, {"id": "48", "type": "Feature", "properties": {"id": "fbdf293c-9753-4a79-9628-e1a91c48bb57", "name": null, "subtype": null, "class": null, "height": 11.594334602355957, "num_floors": null, "surge_class": 99, "surge_ft": 0.0, "flood_active": false, "exposure_score": 0.0, "exposure_category": "none"}, "geometry": {"type": "Polygon", "coordinates": [[[-90.0720376, 29.9585106], [-90.0719982, 29.9585543], [-90.0721574, 29.958662], [-90.0721675, 29.9586508], [-90.0722351, 29.9586965], [-90.0725401, 29.9583581], [-90.0720574, 29.9580316], [-90.0717835, 29.9583354], [-90.0718685, 29.9583929], [-90.0718338, 29.9584314], [-90.0719106, 29.9584833], [-90.07209, 29.9582843], [-90.0722518, 29.9583938], [-90.072123, 29.9585368], [-90.0720814, 29.9585087], [-90.0720638, 29.9585283], [-90.0720376, 29.9585106]]]}}, {"id": "49", "type": "Feature", "properties": {"id": "2a5c4397-cd89-43cd-95ed-66ae29cd26bf", "name": null, "subtype": null, "class": null, "height": null, "num_floors": null, "surge_class": 99, "surge_ft": 0.0, "flood_active": false, "exposure_score": 0.0, "exposure_category": "none"}, "geometry": {"type": "Polygon", "coordinates": [[[-90.0726535, 29.9581934], [-90.0729767, 29.9584147], [-90.0730538, 29.9583302], [-90.0727306, 29.9581088], [-90.0726535, 29.9581934]]]}}, {"id": "50", "type": "Feature", "properties": {"id": "37c634a2-2e3a-49fa-844e-277cae431a6c", "name": null, "subtype": null, "class": null, "height": null, "num_floors": null, "surge_class": 99, "surge_ft": 0.0, "flood_active": false, "exposure_score": 0.0, "exposure_category": "none"}, "geometry": {"type": "Polygon", "coordinates": [[[-90.0727313, 29.9581011], [-90.0728252, 29.9581628], [-90.0728887, 29.9580903], [-90.0727948, 29.9580286], [-90.0727313, 29.9581011]]]}}, {"id": "51", "type": "Feature", "properties": {"id": "b46a0b2d-f9c8-45ff-960a-1d8a1bef0f75", "name": null, "subtype": null, "class": null, "height": 9.238729476928711, "num_floors": null, "surge_class": 99, "surge_ft": 0.0, "flood_active": false, "exposure_score": 0.0, "exposure_category": "none"}, "geometry": {"type": "Polygon", "coordinates": [[[-90.0703466, 29.9581122], [-90.0700913, 29.9579401], [-90.0699394, 29.958111], [-90.0701948, 29.958283], [-90.0703466, 29.9581122]]]}}, {"id": "52", "type": "Feature", "properties": {"id": "dbaf2cfa-c0c6-49c8-aff0-74b42ad0cd03", "name": "Our Lady of Guadalupe Church", "subtype": "religious", "class": null, "height": null, "num_floors": null, "surge_class": 99, "surge_ft": 0.0, "flood_active": false, "exposure_score": 0.0, "exposure_category": "none"}, "geometry": {"type": "Polygon", "coordinates": [[[-90.0708817, 29.9584834], [-90.0708003, 29.9584303], [-90.0707826, 29.9584508], [-90.0705992, 29.958331], [-90.0705163, 29.9584273], [-90.0706884, 29.9585397], [-90.0706774, 29.9585524], [-90.0708077, 29.9586375], [-90.0708879, 29.9585443], [-90.0708504, 29.9585198], [-90.0708817, 29.9584834]]]}}, {"id": "53", "type": "Feature", "properties": {"id": "951817d9-95d2-490a-9df5-4f87f2f158da", "name": null, "subtype": null, "class": null, "height": null, "num_floors": null, "surge_class": 99, "surge_ft": 0.0, "flood_active": false, "exposure_score": 0.0, "exposure_category": "none"}, "geometry": {"type": "Polygon", "coordinates": [[[-90.0706456, 29.958557], [-90.0704987, 29.9584604], [-90.0704101, 29.9585626], [-90.0707057, 29.9587569], [-90.0707875, 29.9586626], [-90.0706388, 29.9585648], [-90.0706456, 29.958557]]]}}, {"id": "54", "type": "Feature", "properties": {"id": "a74fdff3-de8f-4a8b-8f72-276444ee628a", "name": null, "subtype": null, "class": null, "height": null, "num_floors": null, "surge_class": 99, "surge_ft": 0.0, "flood_active": false, "exposure_score": 0.0, "exposure_category": "none"}, "geometry": {"type": "Polygon", "coordinates": [[[-90.070594, 29.9588276], [-90.0706625, 29.9587511], [-90.0703963, 29.958572], [-90.0703277, 29.9586486], [-90.070594, 29.9588276]]]}}, {"id": "55", "type": "Feature", "properties": {"id": "9e955288-b74e-4bb4-8e8f-edcb11ed3b3a", "name": "Chevron", "subtype": "commercial", "class": null, "height": 6.857169151306152, "num_floors": null, "surge_class": 99, "surge_ft": 0.0, "flood_active": false, "exposure_score": 0.0, "exposure_category": "none"}, "geometry": {"type": "Polygon", "coordinates": [[[-90.0703989, 29.9590036], [-90.0704319, 29.9590269], [-90.0705176, 29.9589359], [-90.0704788, 29.9589084], [-90.0703977, 29.9588511], [-90.0703146, 29.9587906], [-90.0702942, 29.9587799], [-90.0702105, 29.9588746], [-90.0702377, 29.9588895], [-90.0703117, 29.9589418], [-90.0703989, 29.9590036]]]}}, {"id": "56", "type": "Feature", "properties": {"id": "85554082-efb9-45d7-a798-2af537f65e50", "name": null, "subtype": null, "class": null, "height": null, "num_floors": null, "surge_class": 99, "surge_ft": 0.0, "flood_active": false, "exposure_score": 0.0, "exposure_category": "none"}, "geometry": {"type": "Polygon", "coordinates": [[[-90.0713516, 29.9588174], [-90.0710896, 29.9591094], [-90.0711156, 29.9591274], [-90.0713566, 29.9588584], [-90.0715266, 29.9589724], [-90.0715476, 29.9589494], [-90.0713516, 29.9588174]]]}}, {"id": "57", "type": "Feature", "properties": {"id": "b1548618-dd6b-41e8-a919-013eb921853b", "name": null, "subtype": null, "class": null, "height": 7.75157356262207, "num_floors": null, "surge_class": 99, "surge_ft": 0.0, "flood_active": false, "exposure_score": 0.0, "exposure_category": "none"}, "geometry": {"type": "Polygon", "coordinates": [[[-90.0716019, 29.9587361], [-90.0716542, 29.9586783], [-90.0716393, 29.9586681], [-90.0717641, 29.9585301], [-90.0717786, 29.95854], [-90.071819, 29.9584953], [-90.0717554, 29.9584518], [-90.07171, 29.958502], [-90.0716885, 29.9584872], [-90.0716736, 29.9585037], [-90.0716601, 29.9584944], [-90.0715734, 29.9585903], [-90.0715857, 29.9585987], [-90.0715638, 29.958623], [-90.0715788, 29.9586317], [-90.0715312, 29.9586876], [-90.0716019, 29.9587361]]]}}, {"id": "58", "type": "Feature", "properties": {"id": "9b85ff43-d764-4e8d-9b1a-cf941415b898", "name": null, "subtype": null, "class": null, "height": null, "num_floors": null, "surge_class": 99, "surge_ft": 0.0, "flood_active": false, "exposure_score": 0.0, "exposure_category": "none"}, "geometry": {"type": "Polygon", "coordinates": [[[-90.0716806, 29.9591134], [-90.0716476, 29.9591524], [-90.0716896, 29.9591794], [-90.0717236, 29.9591404], [-90.0716806, 29.9591134]]]}}, {"id": "59", "type": "Feature", "properties": {"id": "95f63636-2f5a-4217-aee6-ff80e518f25e", "name": null, "subtype": null, "class": null, "height": null, "num_floors": null, "surge_class": 99, "surge_ft": 0.0, "flood_active": false, "exposure_score": 0.0, "exposure_category": "none"}, "geometry": {"type": "Polygon", "coordinates": [[[-90.0717856, 29.9592254], [-90.0717616, 29.9592544], [-90.0718026, 29.9592804], [-90.0718276, 29.9592514], [-90.0717856, 29.9592254]]]}}, {"id": "60", "type": "Feature", "properties": {"id": "b47a8388-1c88-4b26-b85d-2501690c3433", "name": null, "subtype": null, "class": null, "height": null, "num_floors": null, "surge_class": 99, "surge_ft": 0.0, "flood_active": false, "exposure_score": 0.0, "exposure_category": "none"}, "geometry": {"type": "Polygon", "coordinates": [[[-90.0716226, 29.9591844], [-90.0716136, 29.9591864], [-90.0716056, 29.9591904], [-90.0715996, 29.9591984], [-90.0715956, 29.9592074], [-90.0715956, 29.9592194], [-90.0715996, 29.9592314], [-90.0716116, 29.9592404], [-90.0716246, 29.9592434], [-90.0716386, 29.9592414], [-90.0716526, 29.9592344], [-90.0716606, 29.9592244], [-90.0716616, 29.9592124], [-90.0716596, 29.9592044], [-90.0716516, 29.9591924], [-90.0716416, 29.9591864], [-90.0716226, 29.9591844]]]}}, {"id": "61", "type": "Feature", "properties": {"id": "df6dcf56-8ed7-4b43-86b5-85870540301d", "name": null, "subtype": null, "class": null, "height": null, "num_floors": null, "surge_class": 99, "surge_ft": 0.0, "flood_active": false, "exposure_score": 0.0, "exposure_category": "none"}, "geometry": {"type": "Polygon", "coordinates": [[[-90.0716996, 29.9593424], [-90.0716686, 29.9593764], [-90.0717006, 29.9593974], [-90.0717306, 29.9593634], [-90.0716996, 29.9593424]]]}}, {"id": "62", "type": "Feature", "properties": {"id": "627caada-e356-4149-b991-46e2b3d8c3df", "name": null, "subtype": null, "class": null, "height": 7.990675926208496, "num_floors": null, "surge_class": 99, "surge_ft": 0.0, "flood_active": false, "exposure_score": 0.0, "exposure_category": "none"}, "geometry": {"type": "Polygon", "coordinates": [[[-90.0697604, 29.9596743], [-90.0698329, 29.9596443], [-90.0699334, 29.95958], [-90.070202, 29.9592861], [-90.0699478, 29.9591024], [-90.0697551, 29.9593046], [-90.0697415, 29.9592948], [-90.0696888, 29.9593501], [-90.0697017, 29.9593594], [-90.0695134, 29.959557], [-90.0695093, 29.959554], [-90.0694497, 29.9596165], [-90.0695251, 29.959671], [-90.0695357, 29.9596598], [-90.0696281, 29.9596816], [-90.0697604, 29.9596743]]]}}, {"id": "63", "type": "Feature", "properties": {"id": "2d5ab84d-1706-4c9b-93d1-29c067ed4af8", "name": "Basin Street Station", "subtype": "commercial", "class": "commercial", "height": 11.223828315734863, "num_floors": 4, "surge_class": 99, "surge_ft": 0.0, "flood_active": false, "exposure_score": 0.0, "exposure_category": "none"}, "geometry": {"type": "Polygon", "coordinates": [[[-90.0705887, 29.9597009], [-90.0706002, 29.9597085], [-90.0705557, 29.9597594], [-90.0706803, 29.9598421], [-90.0708058, 29.9599254], [-90.0708562, 29.9598678], [-90.0708923, 29.9598918], [-90.0709437, 29.959833], [-90.0709121, 29.959812], [-90.0709571, 29.9597605], [-90.0708744, 29.9597056], [-90.0708804, 29.9596988], [-90.0708309, 29.9596659], [-90.0707809, 29.9596327], [-90.0707761, 29.9596382], [-90.0706923, 29.9595825], [-90.0705887, 29.9597009]]]}}, {"id": "64", "type": "Feature", "properties": {"id": "d7c8dd84-04d9-4fca-8a4c-8a94b485aad3", "name": null, "subtype": null, "class": null, "height": null, "num_floors": null, "surge_class": 99, "surge_ft": 0.0, "flood_active": false, "exposure_score": 0.0, "exposure_category": "none"}, "geometry": {"type": "Polygon", "coordinates": [[[-90.0719727, 29.9594115], [-90.0717966, 29.9596039], [-90.0718197, 29.9596198], [-90.0719958, 29.9594273], [-90.0719727, 29.9594115]]]}}, {"id": "65", "type": "Feature", "properties": {"id": "b21f2f63-1ea9-4c6b-a70d-62a7180ef60c", "name": null, "subtype": null, "class": null, "height": null, "num_floors": null, "surge_class": 99, "surge_ft": 0.0, "flood_active": false, "exposure_score": 0.0, "exposure_category": "none"}, "geometry": {"type": "Polygon", "coordinates": [[[-90.0727396, 29.9590452], [-90.0728403, 29.9591116], [-90.0729041, 29.9590391], [-90.0728034, 29.9589727], [-90.0727396, 29.9590452]]]}}, {"id": "66", "type": "Feature", "properties": {"id": "8063b9ac-7b39-4d16-86e5-942e922b38c6", "name": null, "subtype": null, "class": null, "height": 15.053888320922852, "num_floors": null, "surge_class": 99, "surge_ft": 0.0, "flood_active": false, "exposure_score": 0.0, "exposure_category": "none"}, "geometry": {"type": "Polygon", "coordinates": [[[-90.0729731, 29.9596586], [-90.0730489, 29.9595752], [-90.0727207, 29.9593513], [-90.07274, 29.9593301], [-90.0728167, 29.9592458], [-90.072662, 29.9591402], [-90.0724487, 29.9593749], [-90.0728839, 29.9596717], [-90.0729134, 29.9596392], [-90.0729321, 29.9596519], [-90.072944, 29.9596388], [-90.0729731, 29.9596586]]]}}, {"id": "67", "type": "Feature", "properties": {"id": "f99309af-c03a-42c7-b10e-ab564feb6351", "name": null, "subtype": null, "class": null, "height": null, "num_floors": null, "surge_class": 99, "surge_ft": 0.0, "flood_active": false, "exposure_score": 0.0, "exposure_category": "none"}, "geometry": {"type": "Polygon", "coordinates": [[[-90.0735704, 29.9591957], [-90.0735827, 29.9591817], [-90.0735093, 29.9591324], [-90.0731147, 29.9595775], [-90.0731844, 29.9596244], [-90.0731911, 29.9596168], [-90.0732053, 29.9596263], [-90.0732441, 29.9595825], [-90.0732313, 29.9595739], [-90.0732711, 29.9595289], [-90.0732854, 29.9595385], [-90.0733753, 29.9594372], [-90.0733612, 29.9594277], [-90.0733992, 29.9593849], [-90.073414, 29.9593949], [-90.0735065, 29.9592905], [-90.0734926, 29.9592811], [-90.0735301, 29.9592388], [-90.0735444, 29.9592484], [-90.0735833, 29.9592044], [-90.0735704, 29.9591957]]]}}, {"id": "68", "type": "Feature", "properties": {"id": "e28bab30-836b-4893-a9e7-b609000162f9", "name": null, "subtype": null, "class": null, "height": null, "num_floors": null, "surge_class": 99, "surge_ft": 0.0, "flood_active": false, "exposure_score": 0.0, "exposure_category": "none"}, "geometry": {"type": "Polygon", "coordinates": [[[-90.0733245, 29.9589975], [-90.0734977, 29.959118], [-90.073553, 29.9590579], [-90.0733798, 29.9589373], [-90.0733245, 29.9589975]]]}}, {"id": "69", "type": "Feature", "properties": {"id": "24af69a1-3432-4baa-9040-c2900ad90290", "name": null, "subtype": null, "class": null, "height": 8.997893333435059, "num_floors": null, "surge_class": 99, "surge_ft": 0.0, "flood_active": false, "exposure_score": 0.0, "exposure_category": "none"}, "geometry": {"type": "Polygon", "coordinates": [[[-90.0733849, 29.9597486], [-90.0733787, 29.9597555], [-90.0734507, 29.9598044], [-90.0738502, 29.9593586], [-90.0737782, 29.9593097], [-90.0737629, 29.9593268], [-90.0737478, 29.9593166], [-90.0737083, 29.9593608], [-90.0737248, 29.959372], [-90.0736859, 29.9594154], [-90.073668, 29.9594032], [-90.0735765, 29.9595053], [-90.0735943, 29.9595174], [-90.0735562, 29.95956], [-90.0735375, 29.9595473], [-90.0734462, 29.9596492], [-90.0734641, 29.9596613], [-90.0734253, 29.9597047], [-90.0734076, 29.9596927], [-90.0733678, 29.9597371], [-90.0733849, 29.9597486]]]}}, {"id": "70", "type": "Feature", "properties": {"id": "3d6318ff-e207-439d-952d-1b31e561bfe8", "name": null, "subtype": null, "class": null, "height": null, "num_floors": null, "surge_class": 99, "surge_ft": 0.0, "flood_active": false, "exposure_score": 0.0, "exposure_category": "none"}, "geometry": {"type": "Polygon", "coordinates": [[[-90.0729622, 29.9596938], [-90.0730092, 29.9597242], [-90.0730762, 29.9596463], [-90.0730292, 29.959616], [-90.0729622, 29.9596938]]]}}, {"id": "71", "type": "Feature", "properties": {"id": "cd196c41-f556-4426-a32c-2de07b62ec38", "name": null, "subtype": null, "class": null, "height": null, "num_floors": null, "surge_class": 99, "surge_ft": 0.0, "flood_active": false, "exposure_score": 0.0, "exposure_category": "none"}, "geometry": {"type": "Polygon", "coordinates": [[[-90.0741192, 29.9598876], [-90.0742712, 29.9597281], [-90.0741502, 29.9596415], [-90.0741106, 29.959683], [-90.0741329, 29.959699], [-90.0740205, 29.9598169], [-90.0741192, 29.9598876]]]}}, {"id": "72", "type": "Feature", "properties": {"id": "8861840c-af8e-4cae-9d83-667fabbbdd9a", "name": null, "subtype": null, "class": null, "height": null, "num_floors": null, "surge_class": 99, "surge_ft": 0.0, "flood_active": false, "exposure_score": 0.0, "exposure_category": "none"}, "geometry": {"type": "Polygon", "coordinates": [[[-90.0740103, 29.9595138], [-90.0740299, 29.9595497], [-90.0740605, 29.959537], [-90.074041, 29.9595011], [-90.0740103, 29.9595138]]]}}, {"id": "73", "type": "Feature", "properties": {"id": "1d1d1425-b8ab-44f2-aca1-1a68ac61ac50", "name": null, "subtype": null, "class": null, "height": 8.659415245056152, "num_floors": null, "surge_class": 99, "surge_ft": 0.0, "flood_active": false, "exposure_score": 0.0, "exposure_category": "none"}, "geometry": {"type": "Polygon", "coordinates": [[[-90.0740854, 29.9595036], [-90.0740726, 29.959518], [-90.0741872, 29.9595955], [-90.0744146, 29.9597493], [-90.0744703, 29.9596868], [-90.0741283, 29.9594555], [-90.0740854, 29.9595036]]]}}, {"id": "74", "type": "Feature", "properties": {"id": "0e4037c3-8969-40b8-94de-d5342977eda8", "name": null, "subtype": null, "class": null, "height": null, "num_floors": null, "surge_class": 99, "surge_ft": 0.0, "flood_active": false, "exposure_score": 0.0, "exposure_category": "none"}, "geometry": {"type": "Polygon", "coordinates": [[[-90.0749553, 29.9594211], [-90.0748895, 29.9594911], [-90.0749824, 29.9595566], [-90.0750482, 29.9594866], [-90.0749553, 29.9594211]]]}}, {"id": "75", "type": "Feature", "properties": {"id": "a47752f4-14bc-425f-b65f-1821d657e2cc", "name": null, "subtype": "residential", "class": "terrace", "height": null, "num_floors": null, "surge_class": 99, "surge_ft": 0.0, "flood_active": false, "exposure_score": 0.0, "exposure_category": "none"}, "geometry": {"type": "Polygon", "coordinates": [[[-90.075339, 29.9600121], [-90.0754191, 29.9599256], [-90.0749863, 29.959625], [-90.0749063, 29.9597115], [-90.075339, 29.9600121]]]}}, {"id": "76", "type": "Feature", "properties": {"id": "6434f9bc-5df9-4bfc-ba77-44ecbb43e205", "name": null, "subtype": null, "class": null, "height": null, "num_floors": null, "surge_class": 99, "surge_ft": 0.0, "flood_active": false, "exposure_score": 0.0, "exposure_category": "none"}, "geometry": {"type": "Polygon", "coordinates": [[[-90.0750276, 29.9594638], [-90.0752062, 29.9592639], [-90.0751094, 29.959199], [-90.0749308, 29.9593988], [-90.0750276, 29.9594638]]]}}, {"id": "77", "type": "Feature", "properties": {"id": "e56a6ace-94dc-4209-9a83-883a9c4bccbd", "name": null, "subtype": null, "class": null, "height": null, "num_floors": null, "surge_class": 99, "surge_ft": 0.0, "flood_active": false, "exposure_score": 0.0, "exposure_category": "none"}, "geometry": {"type": "Polygon", "coordinates": [[[-90.074919, 29.9590958], [-90.0748201, 29.9590312], [-90.0746898, 29.9591807], [-90.0747886, 29.9592454], [-90.074919, 29.9590958]]]}}, {"id": "78", "type": "Feature", "properties": {"id": "328e830e-d432-4c03-83e7-e80fc8552339", "name": null, "subtype": null, "class": null, "height": null, "num_floors": null, "surge_class": 99, "surge_ft": 0.0, "flood_active": false, "exposure_score": 0.0, "exposure_category": "none"}, "geometry": {"type": "Polygon", "coordinates": [[[-90.0746128, 29.9591502], [-90.0745021, 29.9592747], [-90.0747027, 29.9594086], [-90.0747451, 29.959361], [-90.0746364, 29.9592884], [-90.0747047, 29.9592116], [-90.0746128, 29.9591502]]]}}, {"id": "79", "type": "Feature", "properties": {"id": "4f9f2169-500e-4a7f-9c9b-23c50a1d6d8e", "name": null, "subtype": null, "class": null, "height": null, "num_floors": null, "surge_class": 99, "surge_ft": 0.0, "flood_active": false, "exposure_score": 0.0, "exposure_category": "none"}, "geometry": {"type": "Polygon", "coordinates": [[[-90.0742789, 29.9592896], [-90.0746183, 29.9595201], [-90.0746723, 29.9594597], [-90.0743329, 29.9592293], [-90.0742789, 29.9592896]]]}}, {"id": "80", "type": "Feature", "properties": {"id": "2fe13884-9568-4427-b5ab-abd1fc028bb7", "name": null, "subtype": null, "class": null, "height": null, "num_floors": null, "surge_class": 99, "surge_ft": 0.0, "flood_active": false, "exposure_score": 0.0, "exposure_category": "none"}, "geometry": {"type": "Polygon", "coordinates": [[[-90.0739486, 29.9593171], [-90.0739335, 29.9593072], [-90.0738776, 29.9593712], [-90.0740365, 29.9594766], [-90.074089, 29.9594166], [-90.0739945, 29.9593539], [-90.0740047, 29.9593423], [-90.0739553, 29.9593095], [-90.0739486, 29.9593171]]]}}, {"id": "81", "type": "Feature", "properties": {"id": "08f890a6-5203-4498-b16b-1072df9d1245", "name": null, "subtype": null, "class": null, "height": null, "num_floors": null, "surge_class": 99, "surge_ft": 0.0, "flood_active": false, "exposure_score": 0.0, "exposure_category": "none"}, "geometry": {"type": "Polygon", "coordinates": [[[-90.0741148, 29.9590801], [-90.0740601, 29.9591415], [-90.074234, 29.9592591], [-90.0742887, 29.9591977], [-90.0741148, 29.9590801]]]}}, {"id": "82", "type": "Feature", "properties": {"id": "bf7f4fd9-9b98-45e2-b0f3-f1a90896b0e0", "name": null, "subtype": null, "class": null, "height": 8.74933910369873, "num_floors": null, "surge_class": 99, "surge_ft": 0.0, "flood_active": false, "exposure_score": 0.0, "exposure_category": "none"}, "geometry": {"type": "Polygon", "coordinates": [[[-90.0740283, 29.9590048], [-90.0740974, 29.959051], [-90.0743618, 29.9587512], [-90.0742927, 29.9587049], [-90.0740283, 29.9590048]]]}}, {"id": "83", "type": "Feature", "properties": {"id": "ea9be307-e806-4fbe-b4d5-dc02f6a190f7", "name": null, "subtype": null, "class": null, "height": null, "num_floors": null, "surge_class": 99, "surge_ft": 0.0, "flood_active": false, "exposure_score": 0.0, "exposure_category": "none"}, "geometry": {"type": "Polygon", "coordinates": [[[-90.0747838, 29.9590019], [-90.0749471, 29.9591097], [-90.0749801, 29.9590722], [-90.0750431, 29.9590006], [-90.0750203, 29.9589856], [-90.0750675, 29.958932], [-90.0750967, 29.9589513], [-90.0751645, 29.9588743], [-90.0747858, 29.9586243], [-90.0746605, 29.9587669], [-90.0746758, 29.958777], [-90.0748692, 29.9589047], [-90.074825, 29.958955], [-90.0747838, 29.9590019]]]}}, {"id": "84", "type": "Feature", "properties": {"id": "08bd9a11-8a80-4a4c-a2ef-9f556b16ff75", "name": null, "subtype": null, "class": null, "height": 7.570425987243652, "num_floors": null, "surge_class": 99, "surge_ft": 0.0, "flood_active": false, "exposure_score": 0.0, "exposure_category": "none"}, "geometry": {"type": "Polygon", "coordinates": [[[-90.0745495, 29.9585938], [-90.0745407, 29.9585748], [-90.0743335, 29.9586477], [-90.0743678, 29.9587218], [-90.0745696, 29.9586509], [-90.0745785, 29.95867], [-90.0746862, 29.9586331], [-90.0746518, 29.9585588], [-90.0745495, 29.9585938]]]}}, {"id": "85", "type": "Feature", "properties": {"id": "33bdb39e-66e9-4438-a586-2abfb8c7a633", "name": null, "subtype": null, "class": null, "height": 8.180304527282715, "num_floors": null, "surge_class": 99, "surge_ft": 0.0, "flood_active": false, "exposure_score": 0.0, "exposure_category": "none"}, "geometry": {"type": "Polygon", "coordinates": [[[-90.0740825, 29.958587], [-90.0741011, 29.9585666], [-90.0740614, 29.9585392], [-90.0737923, 29.9588351], [-90.073865, 29.9588852], [-90.0741155, 29.9586097], [-90.0740825, 29.958587]]]}}, {"id": "86", "type": "Feature", "properties": {"id": "1b688bb9-b53d-44a5-85ca-7c0b215a3467", "name": null, "subtype": null, "class": null, "height": 7.348263263702393, "num_floors": null, "surge_class": 99, "surge_ft": 0.0, "flood_active": false, "exposure_score": 0.0, "exposure_category": "none"}, "geometry": {"type": "Polygon", "coordinates": [[[-90.0740843, 29.9583407], [-90.0740976, 29.9583423], [-90.0740696, 29.958528], [-90.0741624, 29.9585387], [-90.0741681, 29.9585008], [-90.074185, 29.9585027], [-90.0742032, 29.9583823], [-90.0741832, 29.9583801], [-90.0741881, 29.9583475], [-90.0741767, 29.9583462], [-90.0741913, 29.9582496], [-90.0740997, 29.9582391], [-90.0740843, 29.9583407]]]}}, {"id": "87", "type": "Feature", "properties": {"id": "ad9be5e7-68a6-4c03-bf17-969aed9e846e", "name": null, "subtype": null, "class": null, "height": 5.650927543640137, "num_floors": null, "surge_class": 99, "surge_ft": 0.0, "flood_active": false, "exposure_score": 0.0, "exposure_category": "none"}, "geometry": {"type": "Polygon", "coordinates": [[[-90.073962, 29.9614545], [-90.0739086, 29.9615123], [-90.0739785, 29.9615608], [-90.0745036, 29.9609925], [-90.0743234, 29.9608675], [-90.0741103, 29.9610981], [-90.0736572, 29.9607839], [-90.0734618, 29.9609954], [-90.0735486, 29.9610556], [-90.0735373, 29.9610678], [-90.0736434, 29.9611413], [-90.0736129, 29.9611744], [-90.0736236, 29.9611818], [-90.0735843, 29.9612243], [-90.0737935, 29.9613694], [-90.0738113, 29.9613501], [-90.073962, 29.9614545]]]}}, {"id": "88", "type": "Feature", "properties": {"id": "f6ecdb62-4d21-4281-a2ea-f4aa8bfc3962", "name": null, "subtype": null, "class": null, "height": null, "num_floors": null, "surge_class": 99, "surge_ft": 0.0, "flood_active": false, "exposure_score": 0.0, "exposure_category": "none"}, "geometry": {"type": "Polygon", "coordinates": [[[-90.0743111, 29.9604793], [-90.0742374, 29.9605602], [-90.0743398, 29.9606302], [-90.0744135, 29.9605493], [-90.0743111, 29.9604793]]]}}, {"id": "89", "type": "Feature", "properties": {"id": "61c1eea2-b152-484c-8faf-997e11a66660", "name": null, "subtype": "residential", "class": "terrace", "height": null, "num_floors": null, "surge_class": 99, "surge_ft": 0.0, "flood_active": false, "exposure_score": 0.0, "exposure_category": "none"}, "geometry": {"type": "Polygon", "coordinates": [[[-90.0747522, 29.9604983], [-90.0748524, 29.9605657], [-90.0751319, 29.9602536], [-90.0750318, 29.9601863], [-90.0747522, 29.9604983]]]}}, {"id": "90", "type": "Feature", "properties": {"id": "e819667c-1ff3-42ca-810c-de05dd0d65f6", "name": null, "subtype": "residential", "class": "terrace", "height": null, "num_floors": null, "surge_class": 99, "surge_ft": 0.0, "flood_active": false, "exposure_score": 0.0, "exposure_category": "none"}, "geometry": {"type": "Polygon", "coordinates": [[[-90.0744135, 29.9605493], [-90.0743398, 29.9606302], [-90.0746237, 29.9608203], [-90.0746959, 29.9607393], [-90.0744135, 29.9605493]]]}}, {"id": "91", "type": "Feature", "properties": {"id": "ae2db947-54d1-4c22-8354-9b6eef2b72bc", "name": null, "subtype": "residential", "class": "terrace", "height": null, "num_floors": null, "surge_class": 99, "surge_ft": 0.0, "flood_active": false, "exposure_score": 0.0, "exposure_category": "none"}, "geometry": {"type": "Polygon", "coordinates": [[[-90.0747724, 29.9598727], [-90.0747027, 29.9599531], [-90.0750406, 29.9601728], [-90.075135, 29.9602342], [-90.0752047, 29.9601537], [-90.0747724, 29.9598727]]]}}, {"id": "92", "type": "Feature", "properties": {"id": "d1a610d2-5359-417b-8f27-7349ce1acea2", "name": null, "subtype": "residential", "class": "terrace", "height": 9.281042098999023, "num_floors": null, "surge_class": 99, "surge_ft": 0.0, "flood_active": false, "exposure_score": 0.0, "exposure_category": "none"}, "geometry": {"type": "Polygon", "coordinates": [[[-90.0745945, 29.9599752], [-90.0744887, 29.9599027], [-90.0740824, 29.9603481], [-90.0741881, 29.9604205], [-90.0741991, 29.9604085], [-90.0745945, 29.9599752]]]}}, {"id": "93", "type": "Feature", "properties": {"id": "efd77a4a-3e58-48b3-91ee-68a59dd215bf", "name": null, "subtype": "residential", "class": "terrace", "height": 8.330891609191895, "num_floors": null, "surge_class": 99, "surge_ft": 0.0, "flood_active": false, "exposure_score": 0.0, "exposure_category": "none"}, "geometry": {"type": "Polygon", "coordinates": [[[-90.0738598, 29.9602919], [-90.0741739, 29.9599378], [-90.0740762, 29.9598728], [-90.0738218, 29.9601596], [-90.0737665, 29.9601227], [-90.0736888, 29.9602103], [-90.0738139, 29.9602935], [-90.0738598, 29.9602919]]]}}, {"id": "94", "type": "Feature", "properties": {"id": "dec175a6-2151-40f6-a6d1-5adf8f5a15ef", "name": null, "subtype": null, "class": null, "height": 10.455610275268555, "num_floors": null, "surge_class": 99, "surge_ft": 0.0, "flood_active": false, "exposure_score": 0.0, "exposure_category": "none"}, "geometry": {"type": "Polygon", "coordinates": [[[-90.0732361, 29.9598948], [-90.073577, 29.9601228], [-90.0736538, 29.9600367], [-90.0734169, 29.9598783], [-90.0734299, 29.9598638], [-90.0733258, 29.9597942], [-90.0732361, 29.9598948]]]}}, {"id": "95", "type": "Feature", "properties": {"id": "2a550d16-d58b-4a1c-86af-a4c5480ca342", "name": null, "subtype": null, "class": null, "height": 10.32066822052002, "num_floors": null, "surge_class": 99, "surge_ft": 0.0, "flood_active": false, "exposure_score": 0.0, "exposure_category": "none"}, "geometry": {"type": "Polygon", "coordinates": [[[-90.0733886, 29.9602257], [-90.0733171, 29.9601853], [-90.0732791, 29.9601839], [-90.0731819, 29.9602978], [-90.0732786, 29.9603609], [-90.0733143, 29.9603237], [-90.0734746, 29.9604279], [-90.0735505, 29.9603424], [-90.0734328, 29.9602715], [-90.073442, 29.9602609], [-90.0733886, 29.9602257]]]}}, {"id": "96", "type": "Feature", "properties": {"id": "9abcb61c-1f43-4adf-bb8a-ad082ac82f23", "name": null, "subtype": null, "class": null, "height": null, "num_floors": null, "surge_class": 99, "surge_ft": 0.0, "flood_active": false, "exposure_score": 0.0, "exposure_category": "none"}, "geometry": {"type": "Polygon", "coordinates": [[[-90.073521, 29.9604543], [-90.0736204, 29.9605177], [-90.0736901, 29.9604399], [-90.0735948, 29.9603722], [-90.073521, 29.9604543]]]}}, {"id": "97", "type": "Feature", "properties": {"id": "f5ca4514-a294-4b20-9cfe-8e161489dd80", "name": null, "subtype": null, "class": null, "height": null, "num_floors": null, "surge_class": 99, "surge_ft": 0.0, "flood_active": false, "exposure_score": 0.0, "exposure_category": "none"}, "geometry": {"type": "Polygon", "coordinates": [[[-90.0733584, 29.960683], [-90.0734577, 29.9607486], [-90.0736047, 29.9605816], [-90.0735122, 29.9605049], [-90.0733584, 29.960683]]]}}, {"id": "98", "type": "Feature", "properties": {"id": "7adb4fa1-4d08-4bfc-9b10-02837c3f0961", "name": null, "subtype": null, "class": null, "height": null, "num_floors": null, "surge_class": 99, "surge_ft": 0.0, "flood_active": false, "exposure_score": 0.0, "exposure_category": "none"}, "geometry": {"type": "Polygon", "coordinates": [[[-90.0729805, 29.9605302], [-90.0728997, 29.9606123], [-90.0730008, 29.9606789], [-90.0730775, 29.9605954], [-90.0729805, 29.9605302]]]}}, {"id": "99", "type": "Feature", "properties": {"id": "e1822628-d23d-409c-b9bc-33822719d6dc", "name": null, "subtype": null, "class": null, "height": null, "num_floors": null, "surge_class": 99, "surge_ft": 0.0, "flood_active": false, "exposure_score": 0.0, "exposure_category": "none"}, "geometry": {"type": "Polygon", "coordinates": [[[-90.0731813, 29.9604774], [-90.0730893, 29.960403], [-90.0729805, 29.9605302], [-90.0730775, 29.9605954], [-90.0731813, 29.9604774]]]}}, {"id": "100", "type": "Feature", "properties": {"id": "0919364e-1d1b-4c4a-b1ea-5f4c45f1379a", "name": null, "subtype": null, "class": null, "height": null, "num_floors": null, "surge_class": 99, "surge_ft": 0.0, "flood_active": false, "exposure_score": 0.0, "exposure_category": "none"}, "geometry": {"type": "Polygon", "coordinates": [[[-90.0729601, 29.9607253], [-90.0730008, 29.9606789], [-90.0728997, 29.9606123], [-90.0727846, 29.9607433], [-90.0728292, 29.9607727], [-90.0728858, 29.9608099], [-90.0729601, 29.9607253]]]}}, {"id": "101", "type": "Feature", "properties": {"id": "ad23f5b1-0bfc-44fc-895e-00499bf033d6", "name": null, "subtype": null, "class": null, "height": 5.6566691398620605, "num_floors": null, "surge_class": 99, "surge_ft": 0.0, "flood_active": false, "exposure_score": 0.0, "exposure_category": "none"}, "geometry": {"type": "Polygon", "coordinates": [[[-90.0721912, 29.9599577], [-90.0721062, 29.9598998], [-90.0720487, 29.9599637], [-90.0722654, 29.9601114], [-90.0723423, 29.9600258], [-90.0723487, 29.9600302], [-90.0724398, 29.9599288], [-90.0722677, 29.9598116], [-90.0722764, 29.9598019], [-90.0721945, 29.9597462], [-90.0720844, 29.9598687], [-90.0721678, 29.9599255], [-90.0721789, 29.9599131], [-90.0722114, 29.9599353], [-90.0721912, 29.9599577]]]}}, {"id": "102", "type": "Feature", "properties": {"id": "1d157e37-4702-4e4c-9afa-e2de68f555d8", "name": null, "subtype": null, "class": null, "height": null, "num_floors": null, "surge_class": 99, "surge_ft": 0.0, "flood_active": false, "exposure_score": 0.0, "exposure_category": "none"}, "geometry": {"type": "Polygon", "coordinates": [[[-90.0721695, 29.9614178], [-90.0725349, 29.9616603], [-90.0725737, 29.961616], [-90.0726278, 29.9616529], [-90.0728152, 29.961445], [-90.0727625, 29.96141], [-90.0727887, 29.96138], [-90.0727379, 29.9613463], [-90.0727483, 29.9613345], [-90.0724896, 29.9611628], [-90.0724488, 29.9612094], [-90.0723811, 29.9611645], [-90.0722387, 29.9613273], [-90.0720491, 29.9612015], [-90.0720077, 29.9612487], [-90.0720914, 29.9613043], [-90.0720696, 29.9613292], [-90.0721819, 29.9614036], [-90.0721695, 29.9614178]]]}}, {"id": "103", "type": "Feature", "properties": {"id": "f5b842e4-5d9f-43ad-86e7-ce3a9d7df721", "name": null, "subtype": null, "class": null, "height": null, "num_floors": null, "surge_class": 99, "surge_ft": 0.0, "flood_active": false, "exposure_score": 0.0, "exposure_category": "none"}, "geometry": {"type": "Polygon", "coordinates": [[[-90.0727378, 29.9613047], [-90.0728354, 29.9613672], [-90.0729063, 29.9612874], [-90.0728093, 29.9612224], [-90.0727378, 29.9613047]]]}}, {"id": "104", "type": "Feature", "properties": {"id": "1740a5d8-632f-4a94-b295-b8d0877607ed", "name": null, "subtype": null, "class": null, "height": 10.183609962463379, "num_floors": null, "surge_class": 99, "surge_ft": 0.0, "flood_active": false, "exposure_score": 0.0, "exposure_category": "none"}, "geometry": {"type": "Polygon", "coordinates": [[[-90.0722485, 29.9612799], [-90.0725105, 29.960988], [-90.0729449, 29.9612807], [-90.0730695, 29.961142], [-90.0724746, 29.9607411], [-90.072088, 29.9611717], [-90.0722485, 29.9612799]]]}}, {"id": "105", "type": "Feature", "properties": {"id": "b6e410a8-157e-4ae4-9c1f-059f1d78f759", "name": null, "subtype": null, "class": null, "height": 3.1600000858306885, "num_floors": null, "surge_class": 99, "surge_ft": 0.0, "flood_active": false, "exposure_score": 0.0, "exposure_category": "none"}, "geometry": {"type": "Polygon", "coordinates": [[[-90.0734049, 29.9610629], [-90.0733439, 29.9611322], [-90.0734113, 29.9611772], [-90.0734723, 29.9611079], [-90.0734049, 29.9610629]]]}}, {"id": "106", "type": "Feature", "properties": {"id": "d8292a6a-17c8-4ccf-8e75-d1c9bd56fec8", "name": null, "subtype": null, "class": null, "height": null, "num_floors": null, "surge_class": 99, "surge_ft": 0.0, "flood_active": false, "exposure_score": 0.0, "exposure_category": "none"}, "geometry": {"type": "Polygon", "coordinates": [[[-90.0728858, 29.9608099], [-90.0731972, 29.9610152], [-90.0732715, 29.9609306], [-90.0729601, 29.9607253], [-90.0728858, 29.9608099]]]}}, {"id": "107", "type": "Feature", "properties": {"id": "c93649ca-00ab-425f-ab59-3cccb9bbded4", "name": null, "subtype": null, "class": null, "height": null, "num_floors": null, "surge_class": 99, "surge_ft": 0.0, "flood_active": false, "exposure_score": 0.0, "exposure_category": "none"}, "geometry": {"type": "Polygon", "coordinates": [[[-90.073336, 29.960881], [-90.0733753, 29.9608384], [-90.0734313, 29.9607743], [-90.0733142, 29.9607242], [-90.0732364, 29.9608176], [-90.073336, 29.960881]]]}}, {"id": "108", "type": "Feature", "properties": {"id": "5914bcde-d355-48f2-960f-119988264995", "name": null, "subtype": null, "class": null, "height": 4.284968852996826, "num_floors": null, "surge_class": 99, "surge_ft": 0.0, "flood_active": false, "exposure_score": 0.0, "exposure_category": "none"}, "geometry": {"type": "Polygon", "coordinates": [[[-90.073927, 29.9614506], [-90.0738305, 29.9613948], [-90.0737983, 29.9614413], [-90.0738949, 29.9614971], [-90.073927, 29.9614506]]]}}, {"id": "109", "type": "Feature", "properties": {"id": "d7159050-9ee8-4598-bf1e-8d14976657fd", "name": null, "subtype": null, "class": null, "height": null, "num_floors": null, "surge_class": 99, "surge_ft": 0.0, "flood_active": false, "exposure_score": 0.0, "exposure_category": "none"}, "geometry": {"type": "Polygon", "coordinates": [[[-90.0739633, 29.9617673], [-90.073944, 29.9617653], [-90.0739296, 29.9618724], [-90.0739524, 29.9618747], [-90.0739536, 29.9618663], [-90.0739612, 29.9618671], [-90.0739663, 29.9618289], [-90.0739564, 29.9618279], [-90.0739609, 29.9617943], [-90.0739708, 29.9617953], [-90.0739735, 29.9617753], [-90.0739624, 29.9617742], [-90.0739633, 29.9617673]]]}}, {"id": "110", "type": "Feature", "properties": {"id": "9348776d-3e68-410b-a504-558a50cc5014", "name": null, "subtype": null, "class": null, "height": null, "num_floors": null, "surge_class": 99, "surge_ft": 0.0, "flood_active": false, "exposure_score": 0.0, "exposure_category": "none"}, "geometry": {"type": "Polygon", "coordinates": [[[-90.0734332, 29.9617177], [-90.0734356, 29.9617485], [-90.0734542, 29.9617625], [-90.073491, 29.9617603], [-90.0735105, 29.9617398], [-90.0735083, 29.9617124], [-90.0734824, 29.9616975], [-90.0734506, 29.9616994], [-90.0734332, 29.9617177]]]}}, {"id": "111", "type": "Feature", "properties": {"id": "9c3f5d16-95b6-42f4-a24f-e2528773b0c4", "name": null, "subtype": null, "class": null, "height": null, "num_floors": null, "surge_class": 99, "surge_ft": 0.0, "flood_active": false, "exposure_score": 0.0, "exposure_category": "none"}, "geometry": {"type": "Polygon", "coordinates": [[[-90.0731865, 29.9616981], [-90.0731394, 29.96175], [-90.0731427, 29.9617799], [-90.0733173, 29.9618999], [-90.0733278, 29.9618884], [-90.0733604, 29.9619108], [-90.0733856, 29.961883], [-90.0733519, 29.9618598], [-90.0733744, 29.961835], [-90.0732751, 29.9617667], [-90.0732753, 29.9617466], [-90.0733232, 29.9616938], [-90.0733571, 29.9617172], [-90.0734045, 29.9616649], [-90.0733207, 29.9616073], [-90.0732185, 29.9617201], [-90.0731865, 29.9616981]]]}}, {"id": "112", "type": "Feature", "properties": {"id": "2cff9e68-442e-49dd-8404-a165396db581", "name": null, "subtype": null, "class": null, "height": null, "num_floors": null, "surge_class": 99, "surge_ft": 0.0, "flood_active": false, "exposure_score": 0.0, "exposure_category": "none"}, "geometry": {"type": "Polygon", "coordinates": [[[-90.0722166, 29.9624946], [-90.0721049, 29.9626246], [-90.0721562, 29.9626581], [-90.072268, 29.9625281], [-90.0722166, 29.9624946]]]}}, {"id": "113", "type": "Feature", "properties": {"id": "622343d8-0e82-4c96-8bb8-98dc69dbd31a", "name": null, "subtype": null, "class": null, "height": null, "num_floors": null, "surge_class": 99, "surge_ft": 0.0, "flood_active": false, "exposure_score": 0.0, "exposure_category": "none"}, "geometry": {"type": "Polygon", "coordinates": [[[-90.0719789, 29.9625045], [-90.0719621, 29.9624931], [-90.071938, 29.9625201], [-90.0719911, 29.962556], [-90.0720165, 29.9625276], [-90.0719922, 29.9625112], [-90.0719959, 29.9625072], [-90.0719838, 29.962499], [-90.0719789, 29.9625045]]]}}, {"id": "114", "type": "Feature", "properties": {"id": "1d9f1360-4b86-42d8-85c1-240387934074", "name": null, "subtype": null, "class": null, "height": null, "num_floors": null, "surge_class": 99, "surge_ft": 0.0, "flood_active": false, "exposure_score": 0.0, "exposure_category": "none"}, "geometry": {"type": "Polygon", "coordinates": [[[-90.0712536, 29.9620727], [-90.0714108, 29.9621816], [-90.071515, 29.9620654], [-90.0713504, 29.9619672], [-90.0712536, 29.9620727]]]}}, {"id": "115", "type": "Feature", "properties": {"id": "e38f42a5-79e0-4d0c-acb8-024d17c3e1a7", "name": null, "subtype": null, "class": null, "height": null, "num_floors": null, "surge_class": 99, "surge_ft": 0.0, "flood_active": false, "exposure_score": 0.0, "exposure_category": "none"}, "geometry": {"type": "Polygon", "coordinates": [[[-90.0699534, 29.9623398], [-90.0698421, 29.962265], [-90.0697844, 29.9623302], [-90.0699078, 29.9624132], [-90.0699469, 29.9623691], [-90.0699347, 29.9623609], [-90.0699534, 29.9623398]]]}}, {"id": "116", "type": "Feature", "properties": {"id": "80624d65-2033-43cd-9f38-11fbf7561e1c", "name": null, "subtype": null, "class": null, "height": null, "num_floors": null, "surge_class": 99, "surge_ft": 0.0, "flood_active": false, "exposure_score": 0.0, "exposure_category": "none"}, "geometry": {"type": "Polygon", "coordinates": [[[-90.0716201, 29.9621181], [-90.0715209, 29.9620654], [-90.0714166, 29.9621846], [-90.0716549, 29.962343], [-90.071769, 29.9622073], [-90.0716201, 29.9621181]]]}}, {"id": "117", "type": "Feature", "properties": {"id": "2fbd88d7-fdc3-4c05-8fc3-5dfb216b64e3", "name": null, "subtype": null, "class": null, "height": null, "num_floors": null, "surge_class": 99, "surge_ft": 0.0, "flood_active": false, "exposure_score": 0.0, "exposure_category": "none"}, "geometry": {"type": "Polygon", "coordinates": [[[-90.072026, 29.9623625], [-90.0717846, 29.9622014], [-90.071658, 29.9623452], [-90.0718994, 29.9625063], [-90.072026, 29.9623625]]]}}, {"id": "118", "type": "Feature", "properties": {"id": "eab7c609-171d-4768-bbf1-caec47c79291", "name": null, "subtype": null, "class": null, "height": null, "num_floors": null, "surge_class": 99, "surge_ft": 0.0, "flood_active": false, "exposure_score": 0.0, "exposure_category": "none"}, "geometry": {"type": "Polygon", "coordinates": [[[-90.0714575, 29.9627324], [-90.0714379, 29.9627569], [-90.0715905, 29.9628536], [-90.0716161, 29.9628215], [-90.0715227, 29.9627574], [-90.0715384, 29.9627409], [-90.0716295, 29.9628004], [-90.0716985, 29.9627237], [-90.0715549, 29.962629], [-90.0714992, 29.9626905], [-90.0714501, 29.9626586], [-90.071403, 29.9625632], [-90.0712519, 29.9626167], [-90.0712848, 29.9626908], [-90.0713393, 29.9627944], [-90.0713973, 29.9627723], [-90.0713828, 29.9627354], [-90.071408, 29.9627031], [-90.0714575, 29.9627324]]]}}, {"id": "119", "type": "Feature", "properties": {"id": "dfee7b56-7fab-4a34-b540-61a0c9d202cc", "name": null, "subtype": null, "class": null, "height": 10.319095611572266, "num_floors": null, "surge_class": 99, "surge_ft": 0.0, "flood_active": false, "exposure_score": 0.0, "exposure_category": "none"}, "geometry": {"type": "Polygon", "coordinates": [[[-90.06981, 29.96255], [-90.0698776, 29.9625945], [-90.0697809, 29.9627059], [-90.0700069, 29.9628547], [-90.0700933, 29.9627551], [-90.0702658, 29.9628686], [-90.0703864, 29.9627297], [-90.0702134, 29.9626159], [-90.0702406, 29.9625845], [-90.0701206, 29.9625055], [-90.0700984, 29.962531], [-90.0699254, 29.9624171], [-90.06981, 29.96255]]]}}, {"id": "120", "type": "Feature", "properties": {"id": "9bbe6abf-4a62-4d31-a06b-b2c4d8431e8b", "name": null, "subtype": null, "class": null, "height": null, "num_floors": null, "surge_class": 99, "surge_ft": 0.0, "flood_active": false, "exposure_score": 0.0, "exposure_category": "none"}, "geometry": {"type": "Polygon", "coordinates": [[[-90.0713476, 29.9633593], [-90.0712605, 29.9634578], [-90.0714247, 29.9635678], [-90.0715646, 29.9634095], [-90.0714832, 29.9633549], [-90.07149, 29.9633473], [-90.0713962, 29.9632845], [-90.0713366, 29.963352], [-90.0713476, 29.9633593]]]}}, {"id": "121", "type": "Feature", "properties": {"id": "a550f0f9-f258-435e-b842-ebeda02f21f6", "name": null, "subtype": null, "class": null, "height": 8.011463165283203, "num_floors": null, "surge_class": 99, "surge_ft": 0.0, "flood_active": false, "exposure_score": 0.0, "exposure_category": "none"}, "geometry": {"type": "Polygon", "coordinates": [[[-90.0716316, 29.9636609], [-90.0717567, 29.9635201], [-90.0715943, 29.9634117], [-90.0714691, 29.9635524], [-90.0716316, 29.9636609]]]}}, {"id": "122", "type": "Feature", "properties": {"id": "7550de15-0590-4b2d-ab4f-639751b530b0", "name": null, "subtype": null, "class": null, "height": 8.58853816986084, "num_floors": null, "surge_class": 99, "surge_ft": 0.0, "flood_active": false, "exposure_score": 0.0, "exposure_category": "none"}, "geometry": {"type": "Polygon", "coordinates": [[[-90.0723256, 29.9635135], [-90.072535, 29.9632551], [-90.0723157, 29.9631218], [-90.0722451, 29.963209], [-90.0722649, 29.963221], [-90.0721841, 29.9633206], [-90.0721123, 29.9632769], [-90.0720542, 29.9633485], [-90.0723256, 29.9635135]]]}}, {"id": "123", "type": "Feature", "properties": {"id": "9517267d-b41d-44ad-b312-b7f54fa1c92e", "name": null, "subtype": null, "class": null, "height": 4.625477313995361, "num_floors": null, "surge_class": 99, "surge_ft": 0.0, "flood_active": false, "exposure_score": 0.0, "exposure_category": "none"}, "geometry": {"type": "Polygon", "coordinates": [[[-90.0717998, 29.9629851], [-90.0718682, 29.9630307], [-90.0717504, 29.9631646], [-90.071965, 29.9633078], [-90.0720858, 29.9631705], [-90.0719424, 29.9630748], [-90.0719962, 29.9630136], [-90.0720232, 29.9630316], [-90.0720698, 29.9629787], [-90.0720454, 29.9629624], [-90.0720588, 29.9629472], [-90.0720281, 29.9629267], [-90.0720158, 29.9629406], [-90.0719043, 29.9628663], [-90.0717998, 29.9629851]]]}}, {"id": "124", "type": "Feature", "properties": {"id": "c6b511a4-9c30-4bba-8d2e-9f38c38d7801", "name": null, "subtype": null, "class": null, "height": null, "num_floors": null, "surge_class": 99, "surge_ft": 0.0, "flood_active": false, "exposure_score": 0.0, "exposure_category": "none"}, "geometry": {"type": "Polygon", "coordinates": [[[-90.0724146, 29.9625954], [-90.0723523, 29.9625571], [-90.0722361, 29.9626851], [-90.0722992, 29.9627253], [-90.0724146, 29.9625954]]]}}, {"id": "125", "type": "Feature", "properties": {"id": "04007d5d-eaa1-4b83-b8a0-c4b178035aff", "name": null, "subtype": null, "class": null, "height": null, "num_floors": null, "surge_class": 99, "surge_ft": 0.0, "flood_active": false, "exposure_score": 0.0, "exposure_category": "none"}, "geometry": {"type": "Polygon", "coordinates": [[[-90.0724772, 29.9627213], [-90.0725181, 29.9626801], [-90.0724147, 29.962612], [-90.0723045, 29.9627331], [-90.0721653, 29.9626518], [-90.0721385, 29.9626861], [-90.0722784, 29.9627667], [-90.0724154, 29.9628537], [-90.0724913, 29.9627662], [-90.0724746, 29.9627564], [-90.0724947, 29.9627317], [-90.0724772, 29.9627213]]]}}, {"id": "126", "type": "Feature", "properties": {"id": "ed45f18d-3f1d-4e21-9f8b-abe0a9020aad", "name": null, "subtype": null, "class": null, "height": null, "num_floors": null, "surge_class": 99, "surge_ft": 0.0, "flood_active": false, "exposure_score": 0.0, "exposure_category": "none"}, "geometry": {"type": "Polygon", "coordinates": [[[-90.0722766, 29.9627824], [-90.0722616, 29.9627994], [-90.0723436, 29.9628564], [-90.0723586, 29.9628394], [-90.0722766, 29.9627824]]]}}, {"id": "127", "type": "Feature", "properties": {"id": "a4ec5168-7a3d-4853-a64d-89100d966a8f", "name": null, "subtype": null, "class": null, "height": null, "num_floors": null, "surge_class": 99, "surge_ft": 0.0, "flood_active": false, "exposure_score": 0.0, "exposure_category": "none"}, "geometry": {"type": "Polygon", "coordinates": [[[-90.072588, 29.96271], [-90.0726287, 29.9627386], [-90.0726473, 29.9627184], [-90.0726066, 29.9626899], [-90.072588, 29.96271]]]}}, {"id": "128", "type": "Feature", "properties": {"id": "bb87feb1-2bec-44da-962b-ef1ae1e14d22", "name": null, "subtype": null, "class": null, "height": null, "num_floors": null, "surge_class": 99, "surge_ft": 0.0, "flood_active": false, "exposure_score": 0.0, "exposure_category": "none"}, "geometry": {"type": "Polygon", "coordinates": [[[-90.0726178, 29.9630154], [-90.0726287, 29.9630029], [-90.0726746, 29.9630333], [-90.0728279, 29.9628575], [-90.0727884, 29.9628313], [-90.0728125, 29.9627978], [-90.072656, 29.9627112], [-90.072592, 29.9627861], [-90.0725365, 29.9627494], [-90.0724792, 29.962815], [-90.0725354, 29.9628522], [-90.0724861, 29.9629087], [-90.0726024, 29.9629856], [-90.0725916, 29.962998], [-90.0726178, 29.9630154]]]}}, {"id": "129", "type": "Feature", "properties": {"id": "d51f8694-00dd-48d7-b287-e47961fe2638", "name": null, "subtype": null, "class": null, "height": 6.0725321769714355, "num_floors": null, "surge_class": 99, "surge_ft": 0.0, "flood_active": false, "exposure_score": 0.0, "exposure_category": "none"}, "geometry": {"type": "Polygon", "coordinates": [[[-90.0732129, 29.9632179], [-90.073207, 29.9632134], [-90.0733201, 29.9630827], [-90.0729998, 29.9628979], [-90.072808, 29.9631155], [-90.0728884, 29.9631639], [-90.0728821, 29.9631687], [-90.0731146, 29.9633169], [-90.0731763, 29.9632469], [-90.073184, 29.9632538], [-90.0732129, 29.9632179]]]}}, {"id": "130", "type": "Feature", "properties": {"id": "dd311fcc-88c1-480b-bfe2-5b1a4dfe204f", "name": null, "subtype": null, "class": null, "height": null, "num_floors": null, "surge_class": 99, "surge_ft": 0.0, "flood_active": false, "exposure_score": 0.0, "exposure_category": "none"}, "geometry": {"type": "Polygon", "coordinates": [[[-90.0741278, 29.9625958], [-90.0741022, 29.9626038], [-90.0741398, 29.9626945], [-90.0741654, 29.9626864], [-90.0741278, 29.9625958]]]}}, {"id": "131", "type": "Feature", "properties": {"id": "97512027-3194-4c9b-adbe-0d656c05d5fe", "name": null, "subtype": null, "class": null, "height": null, "num_floors": null, "surge_class": 99, "surge_ft": 0.0, "flood_active": false, "exposure_score": 0.0, "exposure_category": "none"}, "geometry": {"type": "Polygon", "coordinates": [[[-90.0744618, 29.9622028], [-90.0744626, 29.962227], [-90.074569, 29.9622242], [-90.0745681, 29.962199], [-90.0745193, 29.9622002], [-90.0745187, 29.962182], [-90.0744692, 29.9621833], [-90.0744699, 29.9622026], [-90.0744618, 29.9622028]]]}}, {"id": "132", "type": "Feature", "properties": {"id": "3b47ff30-66dd-4d3e-8c5c-5540cc9b52a2", "name": null, "subtype": null, "class": null, "height": null, "num_floors": null, "surge_class": 99, "surge_ft": 0.0, "flood_active": false, "exposure_score": 0.0, "exposure_category": "none"}, "geometry": {"type": "Polygon", "coordinates": [[[-90.074421, 29.9622859], [-90.0744169, 29.9623064], [-90.0744996, 29.962319], [-90.0745037, 29.9622985], [-90.074421, 29.9622859]]]}}, {"id": "133", "type": "Feature", "properties": {"id": "63b0b383-8fd7-43d6-8f8b-554c293d0aaa", "name": null, "subtype": null, "class": null, "height": null, "num_floors": null, "surge_class": 99, "surge_ft": 0.0, "flood_active": false, "exposure_score": 0.0, "exposure_category": "none"}, "geometry": {"type": "Polygon", "coordinates": [[[-90.0739988, 29.9623338], [-90.0740088, 29.9623567], [-90.0740947, 29.9623284], [-90.0740848, 29.9623055], [-90.0739988, 29.9623338]]]}}, {"id": "134", "type": "Feature", "properties": {"id": "23ff26f6-ea85-4529-9f7c-0f482512e1d2", "name": null, "subtype": null, "class": null, "height": null, "num_floors": null, "surge_class": 99, "surge_ft": 0.0, "flood_active": false, "exposure_score": 0.0, "exposure_category": "none"}, "geometry": {"type": "Polygon", "coordinates": [[[-90.0741254, 29.9622464], [-90.0741239, 29.9622434], [-90.0741912, 29.9622188], [-90.0741801, 29.9621958], [-90.0741579, 29.9622039], [-90.0741557, 29.9621995], [-90.0741186, 29.9622131], [-90.0741202, 29.9622164], [-90.0740733, 29.9622335], [-90.0740864, 29.9622606], [-90.0741254, 29.9622464]]]}}, {"id": "135", "type": "Feature", "properties": {"id": "d4243474-cdf8-45bc-9acb-0bc7ffcdc2c4", "name": null, "subtype": null, "class": null, "height": null, "num_floors": null, "surge_class": 99, "surge_ft": 0.0, "flood_active": false, "exposure_score": 0.0, "exposure_category": "none"}, "geometry": {"type": "Polygon", "coordinates": [[[-90.074003, 29.9621674], [-90.0740161, 29.9621926], [-90.0741235, 29.9621504], [-90.0741115, 29.9621272], [-90.0740904, 29.9621355], [-90.0740863, 29.9621276], [-90.0740092, 29.9621578], [-90.0740123, 29.9621638], [-90.074003, 29.9621674]]]}}, {"id": "136", "type": "Feature", "properties": {"id": "94a98037-1a11-42c1-9915-5f675aefeb06", "name": null, "subtype": null, "class": null, "height": null, "num_floors": null, "surge_class": 99, "surge_ft": 0.0, "flood_active": false, "exposure_score": 0.0, "exposure_category": "none"}, "geometry": {"type": "Polygon", "coordinates": [[[-90.074466, 29.962085], [-90.0744438, 29.9620706], [-90.0743716, 29.962155], [-90.0743938, 29.9621694], [-90.0744045, 29.9621568], [-90.0744125, 29.9621621], [-90.0744396, 29.9621304], [-90.0744316, 29.9621252], [-90.074466, 29.962085]]]}}, {"id": "137", "type": "Feature", "properties": {"id": "e1e5da00-3ef2-4b2b-86a8-b827b0d3db15", "name": null, "subtype": null, "class": null, "height": null, "num_floors": null, "surge_class": 99, "surge_ft": 0.0, "flood_active": false, "exposure_score": 0.0, "exposure_category": "none"}, "geometry": {"type": "Polygon", "coordinates": [[[-90.074284, 29.9620324], [-90.0742767, 29.9620315], [-90.0742684, 29.9620848], [-90.0743014, 29.9620887], [-90.0743036, 29.9620739], [-90.0743122, 29.9620749], [-90.0743173, 29.9620419], [-90.074307, 29.9620407], [-90.0743114, 29.9620123], [-90.0743222, 29.9620136], [-90.0743252, 29.9619944], [-90.0743153, 29.9619933], [-90.0743164, 29.9619862], [-90.0742927, 29.9619834], [-90.0742917, 29.96199], [-90.074285, 29.9619892], [-90.074282, 29.9620087], [-90.0742876, 29.9620093], [-90.074284, 29.9620324]]]}}, {"id": "138", "type": "Feature", "properties": {"id": "f437b5be-4b7a-48d7-8aaf-3a6b2e8fe95d", "name": null, "subtype": null, "class": null, "height": null, "num_floors": null, "surge_class": 99, "surge_ft": 0.0, "flood_active": false, "exposure_score": 0.0, "exposure_category": "none"}, "geometry": {"type": "Polygon", "coordinates": [[[-90.0741889, 29.9619702], [-90.0741934, 29.9619706], [-90.0741866, 29.9620353], [-90.0742119, 29.9620373], [-90.0742137, 29.9620199], [-90.0742231, 29.9620206], [-90.0742268, 29.961986], [-90.0742189, 29.9619854], [-90.0742202, 29.9619731], [-90.0742255, 29.9619735], [-90.0742275, 29.9619548], [-90.0742219, 29.9619543], [-90.0742235, 29.9619393], [-90.0741966, 29.9619372], [-90.0741951, 29.9619517], [-90.0741909, 29.9619513], [-90.0741889, 29.9619702]]]}}, {"id": "139", "type": "Feature", "properties": {"id": "e9c0707c-bbd6-4f40-82a1-b2b9a6ad074c", "name": null, "subtype": null, "class": null, "height": null, "num_floors": null, "surge_class": 99, "surge_ft": 0.0, "flood_active": false, "exposure_score": 0.0, "exposure_category": "none"}, "geometry": {"type": "Polygon", "coordinates": [[[-90.0740996, 29.9619069], [-90.0741057, 29.9619076], [-90.0740968, 29.9619744], [-90.0741233, 29.9619771], [-90.0741258, 29.9619581], [-90.0741371, 29.9619593], [-90.0741415, 29.9619267], [-90.0741312, 29.9619257], [-90.0741362, 29.9618879], [-90.0741026, 29.9618845], [-90.0740996, 29.9619069]]]}}, {"id": "140", "type": "Feature", "properties": {"id": "278198a4-4ae7-4c07-ba2b-45c178c7d700", "name": null, "subtype": null, "class": null, "height": null, "num_floors": null, "surge_class": 99, "surge_ft": 0.0, "flood_active": false, "exposure_score": 0.0, "exposure_category": "none"}, "geometry": {"type": "Polygon", "coordinates": [[[-90.0740545, 29.9618276], [-90.0740308, 29.961825], [-90.0740157, 29.9619294], [-90.0740443, 29.9619326], [-90.0740457, 29.9619233], [-90.0740522, 29.961924], [-90.0740624, 29.9618537], [-90.0740509, 29.9618524], [-90.0740545, 29.9618276]]]}}, {"id": "141", "type": "Feature", "properties": {"id": "200ad9d2-6275-4089-b3b0-8355375739d8", "name": null, "subtype": null, "class": null, "height": null, "num_floors": null, "surge_class": 99, "surge_ft": 0.0, "flood_active": false, "exposure_score": 0.0, "exposure_category": "none"}, "geometry": {"type": "Polygon", "coordinates": [[[-90.0749807, 29.9674917], [-90.0749654, 29.9675091], [-90.075017, 29.9675435], [-90.0751494, 29.9673926], [-90.0751013, 29.9673605], [-90.0749841, 29.9674939], [-90.0749807, 29.9674917]]]}}, {"id": "142", "type": "Feature", "properties": {"id": "304c554b-a2b7-4da0-921f-797fb2dbb43e", "name": null, "subtype": null, "class": null, "height": 3.5859787464141846, "num_floors": null, "surge_class": 99, "surge_ft": 0.0, "flood_active": false, "exposure_score": 0.0, "exposure_category": "none"}, "geometry": {"type": "Polygon", "coordinates": [[[-90.0750022, 29.967162], [-90.0749519, 29.9672187], [-90.0750811, 29.9673057], [-90.0751308, 29.9672504], [-90.0750022, 29.967162]]]}}, {"id": "143", "type": "Feature", "properties": {"id": "58163212-b169-441f-935e-877d7a653aaa", "name": null, "subtype": null, "class": null, "height": null, "num_floors": null, "surge_class": 99, "surge_ft": 0.0, "flood_active": false, "exposure_score": 0.0, "exposure_category": "none"}, "geometry": {"type": "Polygon", "coordinates": [[[-90.0747906, 29.9674105], [-90.0748712, 29.9674662], [-90.0750283, 29.9672888], [-90.0749477, 29.9672331], [-90.0747906, 29.9674105]]]}}, {"id": "144", "type": "Feature", "properties": {"id": "e5519837-00ff-403a-b502-b8b349220883", "name": null, "subtype": null, "class": null, "height": 3.2378153800964355, "num_floors": null, "surge_class": 99, "surge_ft": 0.0, "flood_active": false, "exposure_score": 0.0, "exposure_category": "none"}, "geometry": {"type": "Polygon", "coordinates": [[[-90.0746399, 29.9671704], [-90.074648, 29.9671758], [-90.0745767, 29.9672567], [-90.0746721, 29.9673204], [-90.0747487, 29.9672429], [-90.0747234, 29.9672275], [-90.0747439, 29.9672042], [-90.0747313, 29.9671957], [-90.0747743, 29.9671468], [-90.0747026, 29.9670991], [-90.0746399, 29.9671704]]]}}, {"id": "145", "type": "Feature", "properties": {"id": "32098d3d-916a-4eff-8d13-eeb45d02338d", "name": null, "subtype": null, "class": null, "height": null, "num_floors": null, "surge_class": 99, "surge_ft": 0.0, "flood_active": false, "exposure_score": 0.0, "exposure_category": "none"}, "geometry": {"type": "Polygon", "coordinates": [[[-90.0740962, 29.967343], [-90.0741624, 29.9673859], [-90.0742873, 29.9672395], [-90.0742305, 29.9672028], [-90.0741641, 29.9672806], [-90.0741546, 29.9672745], [-90.0740962, 29.967343]]]}}, {"id": "146", "type": "Feature", "properties": {"id": "b52e593e-c107-4bc5-9b9f-443a00324a20", "name": null, "subtype": null, "class": null, "height": null, "num_floors": null, "surge_class": 99, "surge_ft": 0.0, "flood_active": false, "exposure_score": 0.0, "exposure_category": "none"}, "geometry": {"type": "Polygon", "coordinates": [[[-90.0740962, 29.9675122], [-90.0741501, 29.9675472], [-90.0743712, 29.9672956], [-90.0743091, 29.9672546], [-90.074145, 29.9674393], [-90.074156, 29.9674468], [-90.0740962, 29.9675122]]]}}, {"id": "147", "type": "Feature", "properties": {"id": "2d238e8a-e9dd-4285-883a-4b6b78ab1821", "name": null, "subtype": null, "class": null, "height": 2.1300675868988037, "num_floors": null, "surge_class": 99, "surge_ft": 0.0, "flood_active": false, "exposure_score": 0.0, "exposure_category": "none"}, "geometry": {"type": "Polygon", "coordinates": [[[-90.0742312, 29.9674681], [-90.0742863, 29.9675047], [-90.0744341, 29.9673358], [-90.0743885, 29.9673055], [-90.0742796, 29.9674299], [-90.0742702, 29.9674236], [-90.0742312, 29.9674681]]]}}, {"id": "148", "type": "Feature", "properties": {"id": "b7e42f71-4cf9-4aea-967b-efe93f210f56", "name": null, "subtype": null, "class": null, "height": null, "num_floors": null, "surge_class": 99, "surge_ft": 0.0, "flood_active": false, "exposure_score": 0.0, "exposure_category": "none"}, "geometry": {"type": "Polygon", "coordinates": [[[-90.0745372, 29.9674121], [-90.0744756, 29.9674186], [-90.0743453, 29.9675603], [-90.0743912, 29.9675911], [-90.0744835, 29.9674897], [-90.0744803, 29.9674599], [-90.074542, 29.9674546], [-90.0745372, 29.9674121]]]}}, {"id": "149", "type": "Feature", "properties": {"id": "4c67d10c-b355-4d77-8857-4e3461073116", "name": null, "subtype": null, "class": null, "height": null, "num_floors": null, "surge_class": 99, "surge_ft": 0.0, "flood_active": false, "exposure_score": 0.0, "exposure_category": "none"}, "geometry": {"type": "Polygon", "coordinates": [[[-90.0741301, 29.9675465], [-90.0740597, 29.967501], [-90.073995, 29.9675743], [-90.0740654, 29.9676198], [-90.0741301, 29.9675465]]]}}, {"id": "150", "type": "Feature", "properties": {"id": "6aa8fb59-d932-4c91-b090-8cea3999a089", "name": null, "subtype": null, "class": null, "height": null, "num_floors": null, "surge_class": 99, "surge_ft": 0.0, "flood_active": false, "exposure_score": 0.0, "exposure_category": "none"}, "geometry": {"type": "Polygon", "coordinates": [[[-90.0743088, 29.9677383], [-90.0743562, 29.9676841], [-90.074253, 29.9676158], [-90.0742589, 29.9676091], [-90.0742046, 29.9675732], [-90.0741781, 29.9676034], [-90.0741937, 29.9676137], [-90.0741794, 29.9676299], [-90.0742173, 29.967655], [-90.0742089, 29.9676645], [-90.0742345, 29.9676814], [-90.0742303, 29.9676863], [-90.0743088, 29.9677383]]]}}, {"id": "151", "type": "Feature", "properties": {"id": "d4be6be1-e957-4715-9a50-4685c313a324", "name": null, "subtype": null, "class": null, "height": null, "num_floors": null, "surge_class": 99, "surge_ft": 0.0, "flood_active": false, "exposure_score": 0.0, "exposure_category": "none"}, "geometry": {"type": "Polygon", "coordinates": [[[-90.0742678, 29.9676078], [-90.0743611, 29.9676678], [-90.0744069, 29.9676139], [-90.0742214, 29.9674946], [-90.0741817, 29.9675414], [-90.0742739, 29.9676007], [-90.0742678, 29.9676078]]]}}, {"id": "152", "type": "Feature", "properties": {"id": "0ff31080-af42-424c-b055-b82ab401adbc", "name": null, "subtype": null, "class": null, "height": 2.0455360412597656, "num_floors": null, "surge_class": 99, "surge_ft": 0.0, "flood_active": false, "exposure_score": 0.0, "exposure_category": "none"}, "geometry": {"type": "Polygon", "coordinates": [[[-90.0745716, 29.9676645], [-90.0746437, 29.9677141], [-90.0747817, 29.9675624], [-90.0747094, 29.9675125], [-90.0746736, 29.9675519], [-90.0746624, 29.9675442], [-90.0746307, 29.9675791], [-90.0746421, 29.967587], [-90.0745716, 29.9676645]]]}}, {"id": "153", "type": "Feature", "properties": {"id": "345020d1-b5f8-4558-81e9-4fd9ee89c240", "name": null, "subtype": null, "class": null, "height": null, "num_floors": null, "surge_class": 99, "surge_ft": 0.0, "flood_active": false, "exposure_score": 0.0, "exposure_category": "none"}, "geometry": {"type": "Polygon", "coordinates": [[[-90.0748949, 29.9674816], [-90.0749468, 29.967516], [-90.075077, 29.9673669], [-90.0750394, 29.967342], [-90.0749792, 29.9674111], [-90.0749647, 29.9674015], [-90.0748949, 29.9674816]]]}}, {"id": "154", "type": "Feature", "properties": {"id": "7137c7cc-c909-471e-bbbd-20c079175908", "name": null, "subtype": null, "class": null, "height": null, "num_floors": null, "surge_class": 99, "surge_ft": 0.0, "flood_active": false, "exposure_score": 0.0, "exposure_category": "none"}, "geometry": {"type": "Polygon", "coordinates": [[[-90.0748469, 29.967696], [-90.0748895, 29.9676504], [-90.0748463, 29.9676198], [-90.0748037, 29.9676654], [-90.0748469, 29.967696]]]}}, {"id": "155", "type": "Feature", "properties": {"id": "b7ce5d86-5691-4a37-83e7-3872b1e7adb6", "name": null, "subtype": null, "class": null, "height": null, "num_floors": null, "surge_class": 99, "surge_ft": 0.0, "flood_active": false, "exposure_score": 0.0, "exposure_category": "none"}, "geometry": {"type": "Polygon", "coordinates": [[[-90.0750768, 29.9677694], [-90.0750112, 29.9677262], [-90.0748847, 29.9678716], [-90.0748924, 29.9678767], [-90.074853, 29.967922], [-90.0749032, 29.967955], [-90.074943, 29.9679093], [-90.0749507, 29.9679144], [-90.0750768, 29.9677694]]]}}, {"id": "156", "type": "Feature", "properties": {"id": "543e5e16-a248-483a-a667-5c1ad0d29ca8", "name": null, "subtype": null, "class": null, "height": null, "num_floors": null, "surge_class": 99, "surge_ft": 0.0, "flood_active": false, "exposure_score": 0.0, "exposure_category": "none"}, "geometry": {"type": "Polygon", "coordinates": [[[-90.074847, 29.9678144], [-90.0747581, 29.9679176], [-90.0748017, 29.9679461], [-90.0749912, 29.9677263], [-90.074924, 29.9676823], [-90.0748235, 29.967799], [-90.074847, 29.9678144]]]}}, {"id": "157", "type": "Feature", "properties": {"id": "9469f5ac-cfff-41d1-a600-41958d79b3bf", "name": null, "subtype": null, "class": null, "height": 2.0837581157684326, "num_floors": null, "surge_class": 99, "surge_ft": 0.0, "flood_active": false, "exposure_score": 0.0, "exposure_category": "none"}, "geometry": {"type": "Polygon", "coordinates": [[[-90.0745056, 29.9677421], [-90.0744513, 29.9678028], [-90.0746218, 29.9679184], [-90.0746761, 29.9678577], [-90.0745056, 29.9677421]]]}}, {"id": "158", "type": "Feature", "properties": {"id": "1ceb00f6-834e-4a88-b81a-f4338a89929e", "name": null, "subtype": null, "class": null, "height": null, "num_floors": null, "surge_class": 99, "surge_ft": 0.0, "flood_active": false, "exposure_score": 0.0, "exposure_category": "none"}, "geometry": {"type": "Polygon", "coordinates": [[[-90.0745661, 29.9676745], [-90.0745117, 29.9677351], [-90.0746818, 29.9678507], [-90.0747362, 29.96779], [-90.0745661, 29.9676745]]]}}, {"id": "159", "type": "Feature", "properties": {"id": "867e22e0-d00e-4df0-836f-bd67801b5db3", "name": null, "subtype": null, "class": null, "height": null, "num_floors": null, "surge_class": 99, "surge_ft": 0.0, "flood_active": false, "exposure_score": 0.0, "exposure_category": "none"}, "geometry": {"type": "Polygon", "coordinates": [[[-90.0741222, 29.9677009], [-90.0742512, 29.9677912], [-90.0742961, 29.9677425], [-90.0740971, 29.967606], [-90.0740658, 29.967642], [-90.0741331, 29.9676891], [-90.0741222, 29.9677009]]]}}, {"id": "160", "type": "Feature", "properties": {"id": "6e4c1deb-9412-4dd9-88dc-bcd830d1833c", "name": null, "subtype": null, "class": null, "height": null, "num_floors": null, "surge_class": 99, "surge_ft": 0.0, "flood_active": false, "exposure_score": 0.0, "exposure_category": "none"}, "geometry": {"type": "Polygon", "coordinates": [[[-90.0739174, 29.9676264], [-90.0739389, 29.9676422], [-90.0739253, 29.9676593], [-90.0741141, 29.967797], [-90.0741182, 29.9677928], [-90.0742004, 29.9678516], [-90.074239, 29.9678072], [-90.0740605, 29.9676808], [-90.0740554, 29.9676861], [-90.0740163, 29.9676574], [-90.0740303, 29.9676429], [-90.0739549, 29.9675877], [-90.0739174, 29.9676264]]]}}, {"id": "161", "type": "Feature", "properties": {"id": "fdcf3547-7538-49c2-8a7c-b3e2c222e621", "name": null, "subtype": null, "class": null, "height": 3.0696702003479004, "num_floors": null, "surge_class": 99, "surge_ft": 0.0, "flood_active": false, "exposure_score": 0.0, "exposure_category": "none"}, "geometry": {"type": "Polygon", "coordinates": [[[-90.0741449, 29.9679124], [-90.0741818, 29.9678738], [-90.0740132, 29.9677588], [-90.0740227, 29.967748], [-90.0739651, 29.9677095], [-90.0739083, 29.967774], [-90.0740026, 29.967837], [-90.0740164, 29.9678214], [-90.0741449, 29.9679124]]]}}, {"id": "162", "type": "Feature", "properties": {"id": "40ea7227-0625-4695-846e-0799ba869040", "name": null, "subtype": null, "class": null, "height": null, "num_floors": null, "surge_class": 99, "surge_ft": 0.0, "flood_active": false, "exposure_score": 0.0, "exposure_category": "none"}, "geometry": {"type": "Polygon", "coordinates": [[[-90.0739946, 29.9679138], [-90.074085, 29.9679774], [-90.0741207, 29.9679388], [-90.0739714, 29.9678338], [-90.0739246, 29.9678843], [-90.0739835, 29.9679257], [-90.0739946, 29.9679138]]]}}, {"id": "163", "type": "Feature", "properties": {"id": "cac875a9-0909-4131-a0c7-1cdd73385fe7", "name": null, "subtype": null, "class": null, "height": null, "num_floors": null, "surge_class": 99, "surge_ft": 0.0, "flood_active": false, "exposure_score": 0.0, "exposure_category": "none"}, "geometry": {"type": "Polygon", "coordinates": [[[-90.0743562, 29.9680733], [-90.0742533, 29.9680033], [-90.0742057, 29.9680563], [-90.0743087, 29.9681263], [-90.0743166, 29.9681176], [-90.0743524, 29.968142], [-90.0743845, 29.9681063], [-90.0743485, 29.9680818], [-90.0743562, 29.9680733]]]}}, {"id": "164", "type": "Feature", "properties": {"id": "226be859-e0d7-42b5-b60c-01263171a244", "name": null, "subtype": null, "class": null, "height": null, "num_floors": null, "surge_class": 99, "surge_ft": 0.0, "flood_active": false, "exposure_score": 0.0, "exposure_category": "none"}, "geometry": {"type": "Polygon", "coordinates": [[[-90.0742875, 29.9680088], [-90.0744204, 29.9680918], [-90.074466, 29.9680364], [-90.0743332, 29.9679534], [-90.0742875, 29.9680088]]]}}, {"id": "165", "type": "Feature", "properties": {"id": "449c0e3b-276c-4fe5-b666-1f10453c3547", "name": null, "subtype": null, "class": null, "height": 2.6121480464935303, "num_floors": null, "surge_class": 99, "surge_ft": 0.0, "flood_active": false, "exposure_score": 0.0, "exposure_category": "none"}, "geometry": {"type": "Polygon", "coordinates": [[[-90.0743943, 29.9679018], [-90.0743526, 29.9679456], [-90.0746022, 29.9681196], [-90.0746415, 29.9680765], [-90.0743943, 29.9679018]]]}}, {"id": "166", "type": "Feature", "properties": {"id": "1f9f1b1c-2134-418a-8488-f2ea9c4fefef", "name": null, "subtype": null, "class": null, "height": null, "num_floors": null, "surge_class": 99, "surge_ft": 0.0, "flood_active": false, "exposure_score": 0.0, "exposure_category": "none"}, "geometry": {"type": "Polygon", "coordinates": [[[-90.0744787, 29.9678328], [-90.0744275, 29.9678904], [-90.0746149, 29.9680188], [-90.0746661, 29.9679612], [-90.0744787, 29.9678328]]]}}, {"id": "167", "type": "Feature", "properties": {"id": "cc40cdc6-fef9-411e-b4bb-6898d540fb8a", "name": null, "subtype": null, "class": null, "height": null, "num_floors": null, "surge_class": 99, "surge_ft": 0.0, "flood_active": false, "exposure_score": 0.0, "exposure_category": "none"}, "geometry": {"type": "Polygon", "coordinates": [[[-90.0750708, 29.9679199], [-90.0751576, 29.967822], [-90.0750915, 29.9677782], [-90.074929, 29.9679651], [-90.074988, 29.9680059], [-90.0750533, 29.9679267], [-90.0750708, 29.9679199]]]}}, {"id": "168", "type": "Feature", "properties": {"id": "efdd0404-09c3-488a-b0e6-d7ee197e9f23", "name": null, "subtype": null, "class": null, "height": 3.5892131328582764, "num_floors": null, "surge_class": 99, "surge_ft": 0.0, "flood_active": false, "exposure_score": 0.0, "exposure_category": "none"}, "geometry": {"type": "Polygon", "coordinates": [[[-90.0749776, 29.9683208], [-90.0749232, 29.9683808], [-90.0750586, 29.9684738], [-90.0751129, 29.9684138], [-90.0749776, 29.9683208]]]}}, {"id": "169", "type": "Feature", "properties": {"id": "4d72242b-f26e-454e-879e-a227115ed0d9", "name": null, "subtype": null, "class": null, "height": null, "num_floors": null, "surge_class": 99, "surge_ft": 0.0, "flood_active": false, "exposure_score": 0.0, "exposure_category": "none"}, "geometry": {"type": "Polygon", "coordinates": [[[-90.0750125, 29.9681633], [-90.0749813, 29.9681989], [-90.0751818, 29.9683318], [-90.0752206, 29.9682875], [-90.0751342, 29.9682303], [-90.0751266, 29.9682389], [-90.0750125, 29.9681633]]]}}, {"id": "170", "type": "Feature", "properties": {"id": "0ad23b9a-cae3-40bd-ab1a-07b6a68d2c60", "name": null, "subtype": null, "class": null, "height": null, "num_floors": null, "surge_class": 99, "surge_ft": 0.0, "flood_active": false, "exposure_score": 0.0, "exposure_category": "none"}, "geometry": {"type": "Polygon", "coordinates": [[[-90.0749029, 29.9680873], [-90.0748752, 29.9681218], [-90.0749267, 29.9681532], [-90.0749201, 29.9681615], [-90.0749348, 29.9681705], [-90.0749539, 29.9681467], [-90.0749462, 29.968142], [-90.0749626, 29.9681217], [-90.0749539, 29.9681163], [-90.0749717, 29.9680943], [-90.0749316, 29.9680698], [-90.0749127, 29.9680933], [-90.0749029, 29.9680873]]]}}, {"id": "171", "type": "Feature", "properties": {"id": "4746c271-15fc-4d22-98d3-efdf2fb273ed", "name": null, "subtype": null, "class": null, "height": null, "num_floors": null, "surge_class": 99, "surge_ft": 0.0, "flood_active": false, "exposure_score": 0.0, "exposure_category": "none"}, "geometry": {"type": "Polygon", "coordinates": [[[-90.0748188, 29.9681842], [-90.0748167, 29.9681865], [-90.074949, 29.9682793], [-90.0749777, 29.9682482], [-90.0749411, 29.9682226], [-90.0749486, 29.9682145], [-90.0749132, 29.9681897], [-90.0749052, 29.9681984], [-90.0748825, 29.9681825], [-90.0748913, 29.968173], [-90.0748523, 29.9681456], [-90.0748481, 29.9681501], [-90.0748288, 29.9681366], [-90.0747982, 29.9681697], [-90.0748188, 29.9681842]]]}}, {"id": "172", "type": "Feature", "properties": {"id": "090d95e3-d2dd-4719-8b41-079461876930", "name": null, "subtype": null, "class": null, "height": 3.5498366355895996, "num_floors": null, "surge_class": 99, "surge_ft": 0.0, "flood_active": false, "exposure_score": 0.0, "exposure_category": "none"}, "geometry": {"type": "Polygon", "coordinates": [[[-90.074652, 29.968161], [-90.07462, 29.9681373], [-90.0745635, 29.9681953], [-90.074591, 29.9682158], [-90.0745671, 29.9682402], [-90.0746299, 29.9682869], [-90.0746815, 29.9682325], [-90.0746388, 29.9682017], [-90.074645, 29.9681954], [-90.0746298, 29.9681841], [-90.074652, 29.968161]]]}}, {"id": "173", "type": "Feature", "properties": {"id": "22ca4c49-ea6f-41bb-9d99-de7ce8016669", "name": null, "subtype": null, "class": null, "height": null, "num_floors": null, "surge_class": 99, "surge_ft": 0.0, "flood_active": false, "exposure_score": 0.0, "exposure_category": "none"}, "geometry": {"type": "Polygon", "coordinates": [[[-90.0742029, 29.9680633], [-90.0741522, 29.9681231], [-90.0742587, 29.9681914], [-90.0743094, 29.9681316], [-90.0742029, 29.9680633]]]}}, {"id": "174", "type": "Feature", "properties": {"id": "e362355d-825e-41e0-b52c-60d9f37de6c2", "name": null, "subtype": null, "class": null, "height": 5.190169811248779, "num_floors": null, "surge_class": 99, "surge_ft": 0.0, "flood_active": false, "exposure_score": 0.0, "exposure_category": "none"}, "geometry": {"type": "Polygon", "coordinates": [[[-90.0740053, 29.9682847], [-90.0740774, 29.9683355], [-90.0742201, 29.9681816], [-90.074182, 29.9681549], [-90.0741526, 29.9681866], [-90.0741424, 29.9681794], [-90.0740989, 29.9682263], [-90.0740536, 29.9681945], [-90.0739997, 29.9682526], [-90.0740004, 29.9682703], [-90.0740053, 29.9682847]]]}}, {"id": "175", "type": "Feature", "properties": {"id": "688faf3c-e346-4ecb-a326-6204239e21ce", "name": null, "subtype": null, "class": null, "height": null, "num_floors": null, "surge_class": 99, "surge_ft": 0.0, "flood_active": false, "exposure_score": 0.0, "exposure_category": "none"}, "geometry": {"type": "Polygon", "coordinates": [[[-90.0741268, 29.9683381], [-90.0741679, 29.9683675], [-90.0742945, 29.9682332], [-90.0742558, 29.9682055], [-90.0742302, 29.9682327], [-90.0742055, 29.968215], [-90.0741699, 29.9682529], [-90.0741921, 29.9682688], [-90.0741268, 29.9683381]]]}}, {"id": "176", "type": "Feature", "properties": {"id": "2b455b23-3029-4cec-a9fd-b525036ccd54", "name": null, "subtype": null, "class": null, "height": null, "num_floors": null, "surge_class": 99, "surge_ft": 0.0, "flood_active": false, "exposure_score": 0.0, "exposure_category": "none"}, "geometry": {"type": "Polygon", "coordinates": [[[-90.0741882, 29.9683756], [-90.0742222, 29.9683999], [-90.0743315, 29.9682844], [-90.0742962, 29.96826], [-90.0741882, 29.9683756]]]}}, {"id": "177", "type": "Feature", "properties": {"id": "df28ac6d-ae91-4d0b-b63f-51ed8d7e8261", "name": null, "subtype": null, "class": null, "height": null, "num_floors": null, "surge_class": 99, "surge_ft": 0.0, "flood_active": false, "exposure_score": 0.0, "exposure_category": "none"}, "geometry": {"type": "Polygon", "coordinates": [[[-90.074428, 29.968302], [-90.0744643, 29.9682554], [-90.0744434, 29.9682431], [-90.0744071, 29.9682897], [-90.074428, 29.968302]]]}}, {"id": "178", "type": "Feature", "properties": {"id": "ee177301-272f-4df3-b1a7-8141df10db0b", "name": null, "subtype": null, "class": null, "height": null, "num_floors": null, "surge_class": 99, "surge_ft": 0.0, "flood_active": false, "exposure_score": 0.0, "exposure_category": "none"}, "geometry": {"type": "Polygon", "coordinates": [[[-90.0743099, 29.9684699], [-90.0743679, 29.968511], [-90.0745907, 29.9682727], [-90.0745532, 29.9682462], [-90.0744361, 29.9683715], [-90.0744155, 29.9683569], [-90.0743099, 29.9684699]]]}}, {"id": "179", "type": "Feature", "properties": {"id": "262fb3fc-7691-4f72-a8c2-427666506c92", "name": null, "subtype": null, "class": null, "height": null, "num_floors": null, "surge_class": 99, "surge_ft": 0.0, "flood_active": false, "exposure_score": 0.0, "exposure_category": "none"}, "geometry": {"type": "Polygon", "coordinates": [[[-90.0742428, 29.9684179], [-90.0742888, 29.9684512], [-90.0744204, 29.9683139], [-90.0743878, 29.9682901], [-90.0743565, 29.9683228], [-90.0743257, 29.9683004], [-90.0742684, 29.9683601], [-90.0742859, 29.9683728], [-90.0742428, 29.9684179]]]}}, {"id": "180", "type": "Feature", "properties": {"id": "559a39a5-0f0e-48ef-9fcd-8f9597291b1f", "name": null, "subtype": null, "class": null, "height": null, "num_floors": null, "surge_class": 99, "surge_ft": 0.0, "flood_active": false, "exposure_score": 0.0, "exposure_category": "none"}, "geometry": {"type": "Polygon", "coordinates": [[[-90.0740352, 29.9684066], [-90.0739698, 29.9683633], [-90.0738711, 29.9684744], [-90.0740014, 29.9685614], [-90.0740505, 29.9685061], [-90.0739856, 29.9684624], [-90.0740352, 29.9684066]]]}}, {"id": "181", "type": "Feature", "properties": {"id": "1e999b47-514a-485f-abc8-f8f55803750e", "name": null, "subtype": null, "class": null, "height": null, "num_floors": null, "surge_class": 99, "surge_ft": 0.0, "flood_active": false, "exposure_score": 0.0, "exposure_category": "none"}, "geometry": {"type": "Polygon", "coordinates": [[[-90.0740738, 29.9685499], [-90.074117, 29.9685013], [-90.0740791, 29.9684758], [-90.0740088, 29.9685548], [-90.0740404, 29.9685762], [-90.0740675, 29.9685457], [-90.0740738, 29.9685499]]]}}, {"id": "182", "type": "Feature", "properties": {"id": "6f873fea-044f-48b7-bcf6-68a8030da8ac", "name": null, "subtype": null, "class": null, "height": 4.464285850524902, "num_floors": null, "surge_class": 99, "surge_ft": 0.0, "flood_active": false, "exposure_score": 0.0, "exposure_category": "none"}, "geometry": {"type": "Polygon", "coordinates": [[[-90.0747549, 29.9685008], [-90.074689, 29.9684551], [-90.0745425, 29.9686155], [-90.0746085, 29.9686612], [-90.0747549, 29.9685008]]]}}, {"id": "183", "type": "Feature", "properties": {"id": "91b2e8a3-90cf-4d53-8791-8d9c15121465", "name": null, "subtype": null, "class": null, "height": 4.641047954559326, "num_floors": null, "surge_class": 99, "surge_ft": 0.0, "flood_active": false, "exposure_score": 0.0, "exposure_category": "none"}, "geometry": {"type": "Polygon", "coordinates": [[[-90.0747061, 29.9684099], [-90.074637, 29.9683625], [-90.0744625, 29.9685543], [-90.0744744, 29.9685625], [-90.0744678, 29.9685698], [-90.0745143, 29.9686019], [-90.0745205, 29.9685951], [-90.0745318, 29.9686029], [-90.0747061, 29.9684099]]]}}, {"id": "184", "type": "Feature", "properties": {"id": "59e06aac-9b0c-4b09-be9a-e5e6765b389f", "name": null, "subtype": null, "class": null, "height": null, "num_floors": null, "surge_class": 99, "surge_ft": 0.0, "flood_active": false, "exposure_score": 0.0, "exposure_category": "none"}, "geometry": {"type": "Polygon", "coordinates": [[[-90.0743775, 29.9685107], [-90.0744443, 29.9685579], [-90.0745957, 29.9683954], [-90.0745281, 29.9683477], [-90.0744966, 29.9683816], [-90.0745194, 29.9683977], [-90.0745047, 29.9684135], [-90.074497, 29.9684081], [-90.074479, 29.9684275], [-90.0744884, 29.9684341], [-90.0744689, 29.968455], [-90.0744451, 29.9684382], [-90.0743775, 29.9685107]]]}}, {"id": "185", "type": "Feature", "properties": {"id": "8ce15473-f0a5-41e5-8d90-6c5529db197c", "name": null, "subtype": null, "class": null, "height": null, "num_floors": null, "surge_class": 99, "surge_ft": 0.0, "flood_active": false, "exposure_score": 0.0, "exposure_category": "none"}, "geometry": {"type": "Polygon", "coordinates": [[[-90.0748561, 29.9683747], [-90.0748146, 29.96842], [-90.0749966, 29.9685465], [-90.0750273, 29.9685131], [-90.0749403, 29.9684526], [-90.0749633, 29.9684274], [-90.0748834, 29.9683719], [-90.0748712, 29.9683852], [-90.0748561, 29.9683747]]]}}, {"id": "186", "type": "Feature", "properties": {"id": "ade18d2a-5e72-4977-9b2d-914f63b57cef", "name": null, "subtype": null, "class": null, "height": 2.476635456085205, "num_floors": null, "surge_class": 99, "surge_ft": 0.0, "flood_active": false, "exposure_score": 0.0, "exposure_category": "none"}, "geometry": {"type": "Polygon", "coordinates": [[[-90.074946, 29.9686235], [-90.0749821, 29.9685471], [-90.0748924, 29.9685153], [-90.0748564, 29.9685918], [-90.074946, 29.9686235]]]}}, {"id": "187", "type": "Feature", "properties": {"id": "7e9eb61f-a904-49df-a989-84b31b1f2466", "name": null, "subtype": null, "class": null, "height": 2.6724042892456055, "num_floors": null, "surge_class": 99, "surge_ft": 0.0, "flood_active": false, "exposure_score": 0.0, "exposure_category": "none"}, "geometry": {"type": "Polygon", "coordinates": [[[-90.0748211, 29.9686996], [-90.0748584, 29.9686583], [-90.0748002, 29.9686185], [-90.0746993, 29.9687304], [-90.0747576, 29.9687702], [-90.0747969, 29.9687266], [-90.0748188, 29.9687416], [-90.074843, 29.9687147], [-90.0748211, 29.9686996]]]}}, {"id": "188", "type": "Feature", "properties": {"id": "dc9cd82f-4c05-4f68-ba64-b24c314dd8df", "name": null, "subtype": null, "class": null, "height": 3.3390557765960693, "num_floors": null, "surge_class": 99, "surge_ft": 0.0, "flood_active": false, "exposure_score": 0.0, "exposure_category": "none"}, "geometry": {"type": "Polygon", "coordinates": [[[-90.0747524, 29.9685537], [-90.0747366, 29.9685429], [-90.0746266, 29.9686641], [-90.0746896, 29.9687074], [-90.074798, 29.968588], [-90.0747867, 29.9685802], [-90.074802, 29.9685633], [-90.0748084, 29.9685677], [-90.0748349, 29.9685386], [-90.074788, 29.9685063], [-90.0747599, 29.9685371], [-90.0747646, 29.9685403], [-90.0747524, 29.9685537]]]}}, {"id": "189", "type": "Feature", "properties": {"id": "33754942-c6cb-4720-9d26-1474f725f776", "name": null, "subtype": null, "class": null, "height": null, "num_floors": null, "surge_class": 99, "surge_ft": 0.0, "flood_active": false, "exposure_score": 0.0, "exposure_category": "none"}, "geometry": {"type": "Polygon", "coordinates": [[[-90.0739604, 29.9686795], [-90.0740288, 29.9687257], [-90.0741606, 29.9685776], [-90.0741224, 29.9685518], [-90.0741084, 29.9685675], [-90.0740782, 29.9685471], [-90.0739604, 29.9686795]]]}}, {"id": "190", "type": "Feature", "properties": {"id": "d8371015-ce60-4875-afd8-78cd79cebe6f", "name": null, "subtype": null, "class": null, "height": null, "num_floors": null, "surge_class": 99, "surge_ft": 0.0, "flood_active": false, "exposure_score": 0.0, "exposure_category": "none"}, "geometry": {"type": "Polygon", "coordinates": [[[-90.0740469, 29.9687772], [-90.0740947, 29.9688093], [-90.0742602, 29.9686227], [-90.0742124, 29.9685906], [-90.0741485, 29.9686628], [-90.0741108, 29.9686374], [-90.0740739, 29.968679], [-90.0741115, 29.9687043], [-90.0740469, 29.9687772]]]}}, {"id": "191", "type": "Feature", "properties": {"id": "193c5b57-6910-4847-9d39-68e08d410d58", "name": null, "subtype": null, "class": null, "height": null, "num_floors": null, "surge_class": 99, "surge_ft": 0.0, "flood_active": false, "exposure_score": 0.0, "exposure_category": "none"}, "geometry": {"type": "Polygon", "coordinates": [[[-90.0740196, 29.9687576], [-90.0740451, 29.9687748], [-90.0741053, 29.968707], [-90.0740798, 29.9686898], [-90.0740196, 29.9687576]]]}}, {"id": "192", "type": "Feature", "properties": {"id": "63d690ed-001d-42f3-9940-b81d403c7bb2", "name": null, "subtype": null, "class": null, "height": null, "num_floors": null, "surge_class": 99, "surge_ft": 0.0, "flood_active": false, "exposure_score": 0.0, "exposure_category": "none"}, "geometry": {"type": "Polygon", "coordinates": [[[-90.0739447, 29.9687757], [-90.0739978, 29.9688122], [-90.0740199, 29.9687879], [-90.0739667, 29.9687514], [-90.0739447, 29.9687757]]]}}, {"id": "193", "type": "Feature", "properties": {"id": "2fd91a31-d714-42b6-9fee-663aaf78fe51", "name": null, "subtype": null, "class": null, "height": 3.072165012359619, "num_floors": null, "surge_class": 99, "surge_ft": 0.0, "flood_active": false, "exposure_score": 0.0, "exposure_category": "none"}, "geometry": {"type": "Polygon", "coordinates": [[[-90.0744269, 29.9687197], [-90.074362, 29.9686763], [-90.0741776, 29.9688856], [-90.074207, 29.9689053], [-90.0742222, 29.968888], [-90.0742577, 29.9689117], [-90.0744269, 29.9687197]]]}}, {"id": "194", "type": "Feature", "properties": {"id": "96a4073f-673d-4690-a84b-5de84cea2ef9", "name": null, "subtype": null, "class": null, "height": null, "num_floors": null, "surge_class": 99, "surge_ft": 0.0, "flood_active": false, "exposure_score": 0.0, "exposure_category": "none"}, "geometry": {"type": "Polygon", "coordinates": [[[-90.0741269, 29.9687762], [-90.0741836, 29.9688154], [-90.0743354, 29.9686491], [-90.0742786, 29.9686099], [-90.0741269, 29.9687762]]]}}, {"id": "195", "type": "Feature", "properties": {"id": "af292a2e-ca08-4c92-89a1-f21d6ca5c16a", "name": null, "subtype": null, "class": null, "height": 4.624813079833984, "num_floors": null, "surge_class": 99, "surge_ft": 0.0, "flood_active": false, "exposure_score": 0.0, "exposure_category": "none"}, "geometry": {"type": "Polygon", "coordinates": [[[-90.0745192, 29.9688285], [-90.0744394, 29.968774], [-90.0743287, 29.968897], [-90.0744085, 29.9689515], [-90.0745192, 29.9688285]]]}}, {"id": "196", "type": "Feature", "properties": {"id": "95f7c11e-3b0e-444c-bd3c-5bc4528b1eb5", "name": null, "subtype": null, "class": null, "height": null, "num_floors": null, "surge_class": 99, "surge_ft": 0.0, "flood_active": false, "exposure_score": 0.0, "exposure_category": "none"}, "geometry": {"type": "Polygon", "coordinates": [[[-90.0740845, 29.9688302], [-90.0740291, 29.9687925], [-90.0739745, 29.968852], [-90.0740298, 29.9688896], [-90.0740845, 29.9688302]]]}}, {"id": "197", "type": "Feature", "properties": {"id": "9d5b6730-ff4c-4ad7-9a9c-678899964dce", "name": null, "subtype": null, "class": null, "height": null, "num_floors": null, "surge_class": 99, "surge_ft": 0.0, "flood_active": false, "exposure_score": 0.0, "exposure_category": "none"}, "geometry": {"type": "Polygon", "coordinates": [[[-90.0739834, 29.9688658], [-90.0739626, 29.9688884], [-90.0739982, 29.9689133], [-90.074019, 29.9688907], [-90.0739834, 29.9688658]]]}}, {"id": "198", "type": "Feature", "properties": {"id": "4e2e5b60-8886-4709-9282-ffc75225d73e", "name": null, "subtype": null, "class": null, "height": null, "num_floors": null, "surge_class": 99, "surge_ft": 0.0, "flood_active": false, "exposure_score": 0.0, "exposure_category": "none"}, "geometry": {"type": "Polygon", "coordinates": [[[-90.0740759, 29.9688947], [-90.0740607, 29.9688845], [-90.0740486, 29.9688981], [-90.0741001, 29.9689327], [-90.0741341, 29.9688944], [-90.0740978, 29.96887], [-90.0740759, 29.9688947]]]}}, {"id": "199", "type": "Feature", "properties": {"id": "28ff2e68-616c-4286-bbb7-841fba8f33e4", "name": null, "subtype": null, "class": null, "height": null, "num_floors": null, "surge_class": 99, "surge_ft": 0.0, "flood_active": false, "exposure_score": 0.0, "exposure_category": "none"}, "geometry": {"type": "Polygon", "coordinates": [[[-90.0741088, 29.969009], [-90.0741365, 29.9689771], [-90.0741099, 29.9689596], [-90.0740822, 29.9689914], [-90.0741088, 29.969009]]]}}, {"id": "200", "type": "Feature", "properties": {"id": "9061d792-b005-413a-ab68-51906dbacd3a", "name": null, "subtype": null, "class": null, "height": 3.567704916000366, "num_floors": null, "surge_class": 99, "surge_ft": 0.0, "flood_active": false, "exposure_score": 0.0, "exposure_category": "none"}, "geometry": {"type": "Polygon", "coordinates": [[[-90.0744726, 29.9689585], [-90.0745597, 29.9690188], [-90.0746773, 29.96889], [-90.0745902, 29.9688297], [-90.0744726, 29.9689585]]]}}, {"id": "201", "type": "Feature", "properties": {"id": "5458c836-81f3-49e2-a36d-852a994a4cb5", "name": null, "subtype": null, "class": null, "height": null, "num_floors": null, "surge_class": 99, "surge_ft": 0.0, "flood_active": false, "exposure_score": 0.0, "exposure_category": "none"}, "geometry": {"type": "Polygon", "coordinates": [[[-90.0749349, 29.9700632], [-90.0750024, 29.9701072], [-90.0751023, 29.9699914], [-90.0750345, 29.9699481], [-90.0749349, 29.9700632]]]}}, {"id": "202", "type": "Feature", "properties": {"id": "62533f50-84f1-4595-a77e-b3a19a83902d", "name": null, "subtype": null, "class": null, "height": 10.54866886138916, "num_floors": null, "surge_class": 99, "surge_ft": 0.0, "flood_active": false, "exposure_score": 0.0, "exposure_category": "none"}, "geometry": {"type": "Polygon", "coordinates": [[[-90.0744561, 29.9693654], [-90.0744689, 29.9693742], [-90.0742937, 29.969566], [-90.0742766, 29.9695543], [-90.0742476, 29.9695863], [-90.0744195, 29.9697042], [-90.0745994, 29.9695054], [-90.0747316, 29.9695961], [-90.074714, 29.9696155], [-90.0747421, 29.9696348], [-90.0747307, 29.9696474], [-90.0747574, 29.9696657], [-90.0747868, 29.9696332], [-90.0748838, 29.9696997], [-90.0747075, 29.9698946], [-90.0748319, 29.9699799], [-90.0750491, 29.9697398], [-90.0751186, 29.9697875], [-90.0751077, 29.9697996], [-90.075171, 29.969843], [-90.0752235, 29.9697851], [-90.0751683, 29.9697472], [-90.0752583, 29.9696478], [-90.0753151, 29.9696868], [-90.0753701, 29.9696261], [-90.0753156, 29.9695888], [-90.0753022, 29.9696036], [-90.0752058, 29.9695374], [-90.0750563, 29.9697027], [-90.0749637, 29.9696391], [-90.0750088, 29.9695892], [-90.074737, 29.9694027], [-90.0747885, 29.9693457], [-90.0747656, 29.9693301], [-90.0747921, 29.9693008], [-90.0746326, 29.9691914], [-90.0744944, 29.9693409], [-90.074483, 29.9693346], [-90.0744561, 29.9693654]]]}}, {"id": "203", "type": "Feature", "properties": {"id": "f90c88ed-3fcf-47cb-9b66-881d927f9bd2", "name": null, "subtype": null, "class": null, "height": null, "num_floors": null, "surge_class": 99, "surge_ft": 0.0, "flood_active": false, "exposure_score": 0.0, "exposure_category": "none"}, "geometry": {"type": "Polygon", "coordinates": [[[-90.0744396, 29.9690481], [-90.0744616, 29.9690829], [-90.0745355, 29.9690476], [-90.0745135, 29.9690127], [-90.0744396, 29.9690481]]]}}, {"id": "204", "type": "Feature", "properties": {"id": "eaaf457d-6e11-449f-ae6d-a9911ca66fa5", "name": null, "subtype": null, "class": null, "height": null, "num_floors": null, "surge_class": 99, "surge_ft": 0.0, "flood_active": false, "exposure_score": 0.0, "exposure_category": "none"}, "geometry": {"type": "Polygon", "coordinates": [[[-90.0744826, 29.9690764], [-90.0744566, 29.9691074], [-90.0744846, 29.9691254], [-90.0745106, 29.9690944], [-90.0744826, 29.9690764]]]}}, {"id": "205", "type": "Feature", "properties": {"id": "1caf8573-e973-4247-b069-1907f10a5376", "name": null, "subtype": null, "class": null, "height": 3.6577086448669434, "num_floors": null, "surge_class": 99, "surge_ft": 0.0, "flood_active": false, "exposure_score": 0.0, "exposure_category": "none"}, "geometry": {"type": "Polygon", "coordinates": [[[-90.0747298, 29.9691726], [-90.0748266, 29.9692378], [-90.0749291, 29.9691245], [-90.0748312, 29.9690586], [-90.0747298, 29.9691726]]]}}, {"id": "206", "type": "Feature", "properties": {"id": "a68e76ee-b5a7-47fc-928c-12cf6f48c6d0", "name": null, "subtype": null, "class": null, "height": 5.51413106918335, "num_floors": null, "surge_class": 99, "surge_ft": 0.0, "flood_active": false, "exposure_score": 0.0, "exposure_category": "none"}, "geometry": {"type": "Polygon", "coordinates": [[[-90.0741517, 29.9694862], [-90.0741462, 29.9694824], [-90.074271, 29.9693435], [-90.0742077, 29.9693004], [-90.0741859, 29.9693247], [-90.0741796, 29.9693204], [-90.0740749, 29.9694367], [-90.0740827, 29.9694421], [-90.07407, 29.9694562], [-90.0741373, 29.9695021], [-90.0741517, 29.9694862]]]}}, {"id": "207", "type": "Feature", "properties": {"id": "b1df6c5b-54b0-4c61-98b5-cbf9446d1adb", "name": null, "subtype": null, "class": null, "height": null, "num_floors": null, "surge_class": 99, "surge_ft": 0.0, "flood_active": false, "exposure_score": 0.0, "exposure_category": "none"}, "geometry": {"type": "Polygon", "coordinates": [[[-90.0741052, 29.9692277], [-90.0739763, 29.9693793], [-90.0740456, 29.9694242], [-90.0741797, 29.9692763], [-90.0741052, 29.9692277]]]}}, {"id": "208", "type": "Feature", "properties": {"id": "b5be75e2-fa31-4049-ab58-c3eed9d13c0e", "name": null, "subtype": null, "class": null, "height": null, "num_floors": null, "surge_class": 99, "surge_ft": 0.0, "flood_active": false, "exposure_score": 0.0, "exposure_category": "none"}, "geometry": {"type": "Polygon", "coordinates": [[[-90.0739676, 29.9693684], [-90.0740351, 29.9692943], [-90.0740264, 29.9692883], [-90.0741599, 29.9691418], [-90.0740958, 29.9690975], [-90.0740526, 29.9691449], [-90.0740572, 29.969148], [-90.073976, 29.9692371], [-90.0739846, 29.969243], [-90.0739079, 29.9693272], [-90.0739676, 29.9693684]]]}}, {"id": "209", "type": "Feature", "properties": {"id": "369a3d93-0f54-4b56-bce5-c422d7253ea7", "name": null, "subtype": null, "class": null, "height": 5.909981727600098, "num_floors": null, "surge_class": 99, "surge_ft": 0.0, "flood_active": false, "exposure_score": 0.0, "exposure_category": "none"}, "geometry": {"type": "Polygon", "coordinates": [[[-90.0743603, 29.9692308], [-90.0742841, 29.9691789], [-90.0742092, 29.9692613], [-90.0742854, 29.9693132], [-90.0743603, 29.9692308]]]}}, {"id": "210", "type": "Feature", "properties": {"id": "3792f05b-da1f-4c1c-b896-5fa53247b2a3", "name": null, "subtype": null, "class": null, "height": null, "num_floors": null, "surge_class": 99, "surge_ft": 0.0, "flood_active": false, "exposure_score": 0.0, "exposure_category": "none"}, "geometry": {"type": "Polygon", "coordinates": [[[-90.0743991, 29.9691101], [-90.0743196, 29.9691571], [-90.0744001, 29.9692117], [-90.0744529, 29.9691493], [-90.0743991, 29.9691101]]]}}, {"id": "211", "type": "Feature", "properties": {"id": "64f9621a-dbcc-4a86-9032-c412c12a89f9", "name": null, "subtype": null, "class": null, "height": null, "num_floors": null, "surge_class": 99, "surge_ft": 0.0, "flood_active": false, "exposure_score": 0.0, "exposure_category": "none"}, "geometry": {"type": "Polygon", "coordinates": [[[-90.0742586, 29.9689882], [-90.0742229, 29.9690303], [-90.0743242, 29.9690954], [-90.0743599, 29.9690533], [-90.0742586, 29.9689882]]]}}, {"id": "212", "type": "Feature", "properties": {"id": "1c2cbfc8-5e99-4e7f-ab17-4189d0e3b0fb", "name": null, "subtype": null, "class": null, "height": 6.354737758636475, "num_floors": null, "surge_class": 99, "surge_ft": 0.0, "flood_active": false, "exposure_score": 0.0, "exposure_category": "none"}, "geometry": {"type": "Polygon", "coordinates": [[[-90.0737669, 29.9690889], [-90.0738193, 29.9690288], [-90.0737851, 29.9690062], [-90.0736486, 29.9691629], [-90.0737142, 29.9692062], [-90.0737983, 29.9691096], [-90.0737669, 29.9690889]]]}}, {"id": "213", "type": "Feature", "properties": {"id": "08224cc9-0f3f-47f7-b180-4c93ec2f9cdf", "name": null, "subtype": null, "class": null, "height": 6.9296345710754395, "num_floors": null, "surge_class": 99, "surge_ft": 0.0, "flood_active": false, "exposure_score": 0.0, "exposure_category": "none"}, "geometry": {"type": "Polygon", "coordinates": [[[-90.0735183, 29.9691055], [-90.0736076, 29.9691678], [-90.0737839, 29.9689764], [-90.0736946, 29.9689141], [-90.0735183, 29.9691055]]]}}, {"id": "214", "type": "Feature", "properties": {"id": "e7e67b2d-506b-4b5d-ba21-f2eb6de4b27f", "name": null, "subtype": null, "class": null, "height": 5.216233253479004, "num_floors": null, "surge_class": 99, "surge_ft": 0.0, "flood_active": false, "exposure_score": 0.0, "exposure_category": "none"}, "geometry": {"type": "Polygon", "coordinates": [[[-90.0739017, 29.9690434], [-90.0738298, 29.9691211], [-90.0738224, 29.9691162], [-90.0737106, 29.969239], [-90.0737869, 29.9692925], [-90.073875, 29.9691958], [-90.0738776, 29.9691976], [-90.0739003, 29.9691697], [-90.0738917, 29.9691647], [-90.0739605, 29.9690861], [-90.0739473, 29.9690768], [-90.0739851, 29.9690361], [-90.0739479, 29.96901], [-90.073911, 29.9690499], [-90.0739017, 29.9690434]]]}}, {"id": "215", "type": "Feature", "properties": {"id": "02ef22d5-e8f4-4649-a487-17ef942be660", "name": null, "subtype": null, "class": null, "height": null, "num_floors": null, "surge_class": 99, "surge_ft": 0.0, "flood_active": false, "exposure_score": 0.0, "exposure_category": "none"}, "geometry": {"type": "Polygon", "coordinates": [[[-90.0739895, 29.9691778], [-90.0740265, 29.9691376], [-90.0739857, 29.9691092], [-90.0738349, 29.969273], [-90.0738946, 29.9693147], [-90.0739747, 29.9692276], [-90.0739661, 29.9692216], [-90.0739999, 29.969185], [-90.0739895, 29.9691778]]]}}, {"id": "216", "type": "Feature", "properties": {"id": "7bfb0f3e-2d84-44b6-a0d5-7387aba404fe", "name": null, "subtype": null, "class": null, "height": null, "num_floors": null, "surge_class": 99, "surge_ft": 0.0, "flood_active": false, "exposure_score": 0.0, "exposure_category": "none"}, "geometry": {"type": "Polygon", "coordinates": [[[-90.073138, 29.9694599], [-90.0731961, 29.9694985], [-90.0733374, 29.9693376], [-90.0732909, 29.9693066], [-90.0732766, 29.9693229], [-90.073265, 29.9693152], [-90.073138, 29.9694599]]]}}, {"id": "217", "type": "Feature", "properties": {"id": "9be84930-e812-4ff6-a12a-4cf1ffe5885f", "name": null, "subtype": null, "class": null, "height": null, "num_floors": null, "surge_class": 99, "surge_ft": 0.0, "flood_active": false, "exposure_score": 0.0, "exposure_category": "none"}, "geometry": {"type": "Polygon", "coordinates": [[[-90.0730598, 29.9694361], [-90.0731019, 29.9694641], [-90.0732581, 29.9692862], [-90.0731785, 29.9692332], [-90.0730541, 29.969375], [-90.0730915, 29.9693999], [-90.0730598, 29.9694361]]]}}, {"id": "218", "type": "Feature", "properties": {"id": "25d726c0-c4d7-40ab-9b18-e6694a4e2141", "name": null, "subtype": null, "class": null, "height": 4.40140438079834, "num_floors": null, "surge_class": 99, "surge_ft": 0.0, "flood_active": false, "exposure_score": 0.0, "exposure_category": "none"}, "geometry": {"type": "Polygon", "coordinates": [[[-90.0726651, 29.969309], [-90.072877, 29.969075], [-90.0727418, 29.9689839], [-90.0725299, 29.969215], [-90.0726651, 29.969309]]]}}, {"id": "219", "type": "Feature", "properties": {"id": "868a3113-54da-48b5-9015-6249e4c2a888", "name": null, "subtype": null, "class": null, "height": 4.329305171966553, "num_floors": null, "surge_class": 99, "surge_ft": 0.0, "flood_active": false, "exposure_score": 0.0, "exposure_category": "none"}, "geometry": {"type": "Polygon", "coordinates": [[[-90.0720255, 29.9689544], [-90.0719699, 29.9690171], [-90.0721113, 29.9691122], [-90.072167, 29.9690495], [-90.0720255, 29.9689544]]]}}, {"id": "220", "type": "Feature", "properties": {"id": "877d7c61-1754-4418-9504-e7815662730c", "name": null, "subtype": null, "class": null, "height": 5.304173946380615, "num_floors": null, "surge_class": 99, "surge_ft": 0.0, "flood_active": false, "exposure_score": 0.0, "exposure_category": "none"}, "geometry": {"type": "Polygon", "coordinates": [[[-90.0720916, 29.9691351], [-90.0720976, 29.9691287], [-90.0719519, 29.9690268], [-90.0719035, 29.9690787], [-90.0720502, 29.9691794], [-90.0720605, 29.9691676], [-90.0720797, 29.9691812], [-90.0721103, 29.9691483], [-90.0720916, 29.9691351]]]}}, {"id": "221", "type": "Feature", "properties": {"id": "b68320be-46a5-4af9-b03f-d9b20978aa08", "name": null, "subtype": null, "class": null, "height": 5.152853012084961, "num_floors": null, "surge_class": 99, "surge_ft": 0.0, "flood_active": false, "exposure_score": 0.0, "exposure_category": "none"}, "geometry": {"type": "Polygon", "coordinates": [[[-90.0720007, 29.9692309], [-90.0720204, 29.9692442], [-90.0720595, 29.9692004], [-90.0718938, 29.9690883], [-90.0718458, 29.9691422], [-90.0719918, 29.9692409], [-90.0720007, 29.9692309]]]}}, {"id": "222", "type": "Feature", "properties": {"id": "e4b89077-1ee0-4b12-8410-f1d3a3e380f3", "name": null, "subtype": null, "class": null, "height": null, "num_floors": null, "surge_class": 99, "surge_ft": 0.0, "flood_active": false, "exposure_score": 0.0, "exposure_category": "none"}, "geometry": {"type": "Polygon", "coordinates": [[[-90.0720178, 29.9693226], [-90.0720417, 29.9692956], [-90.0718405, 29.9691535], [-90.0717887, 29.9692096], [-90.0719313, 29.9693094], [-90.0719419, 29.9692979], [-90.0719609, 29.9693112], [-90.0719906, 29.969279], [-90.0720063, 29.9692899], [-90.0719925, 29.9693049], [-90.0720178, 29.9693226]]]}}, {"id": "223", "type": "Feature", "properties": {"id": "40c34222-7087-427b-b206-f9df46a58c42", "name": null, "subtype": null, "class": null, "height": null, "num_floors": null, "surge_class": 99, "surge_ft": 0.0, "flood_active": false, "exposure_score": 0.0, "exposure_category": "none"}, "geometry": {"type": "Polygon", "coordinates": [[[-90.0723456, 29.9691263], [-90.0722925, 29.9690982], [-90.0722436, 29.9691685], [-90.0722967, 29.9691966], [-90.0723456, 29.9691263]]]}}, {"id": "224", "type": "Feature", "properties": {"id": "00c2a6c1-c854-4200-9c41-a4c9a5a53b7d", "name": null, "subtype": null, "class": null, "height": 2.50569486618042, "num_floors": null, "surge_class": 99, "surge_ft": 0.0, "flood_active": false, "exposure_score": 0.0, "exposure_category": "none"}, "geometry": {"type": "Polygon", "coordinates": [[[-90.0721476, 29.9694546], [-90.072288, 29.9692955], [-90.0722506, 29.9692705], [-90.0721102, 29.9694296], [-90.0721476, 29.9694546]]]}}, {"id": "225", "type": "Feature", "properties": {"id": "00f1ee3d-8416-441f-af30-82e5ae6c539c", "name": null, "subtype": null, "class": null, "height": null, "num_floors": null, "surge_class": 99, "surge_ft": 0.0, "flood_active": false, "exposure_score": 0.0, "exposure_category": "none"}, "geometry": {"type": "Polygon", "coordinates": [[[-90.0720428, 29.9692273], [-90.0720198, 29.9692534], [-90.0720662, 29.9692843], [-90.0720892, 29.9692582], [-90.0720428, 29.9692273]]]}}, {"id": "226", "type": "Feature", "properties": {"id": "4c3fce33-bcea-4166-820a-b67872e0281d", "name": null, "subtype": null, "class": null, "height": 3.3138926029205322, "num_floors": null, "surge_class": 99, "surge_ft": 0.0, "flood_active": false, "exposure_score": 0.0, "exposure_category": "none"}, "geometry": {"type": "Polygon", "coordinates": [[[-90.0721155, 29.9692593], [-90.0721016, 29.96925], [-90.0720058, 29.9693585], [-90.0720831, 29.9694103], [-90.0721779, 29.969303], [-90.0721673, 29.9692959], [-90.0721987, 29.9692604], [-90.0721458, 29.969225], [-90.0721155, 29.9692593]]]}}, {"id": "227", "type": "Feature", "properties": {"id": "8b120d3e-30a4-4fbd-a1de-942f5d72651c", "name": null, "subtype": null, "class": null, "height": 3.8189029693603516, "num_floors": null, "surge_class": 99, "surge_ft": 0.0, "flood_active": false, "exposure_score": 0.0, "exposure_category": "none"}, "geometry": {"type": "Polygon", "coordinates": [[[-90.0725633, 29.9694961], [-90.0726775, 29.969573], [-90.0727271, 29.9695171], [-90.0725396, 29.9693908], [-90.0725021, 29.9694331], [-90.0724535, 29.9694004], [-90.0724383, 29.9694175], [-90.0725602, 29.9694996], [-90.0725633, 29.9694961]]]}}, {"id": "228", "type": "Feature", "properties": {"id": "045a589d-ec6a-4f58-b1e5-46ec60522aeb", "name": null, "subtype": null, "class": null, "height": 3.777777671813965, "num_floors": null, "surge_class": 99, "surge_ft": 0.0, "flood_active": false, "exposure_score": 0.0, "exposure_category": "none"}, "geometry": {"type": "Polygon", "coordinates": [[[-90.0726088, 29.9693196], [-90.0725534, 29.9693831], [-90.0727409, 29.9695062], [-90.072796, 29.9694426], [-90.0726088, 29.9693196]]]}}, {"id": "229", "type": "Feature", "properties": {"id": "a011fd41-194c-465f-91ad-bcadcdccb394", "name": null, "subtype": null, "class": null, "height": 3.6975691318511963, "num_floors": null, "surge_class": 99, "surge_ft": 0.0, "flood_active": false, "exposure_score": 0.0, "exposure_category": "none"}, "geometry": {"type": "Polygon", "coordinates": [[[-90.0728254, 29.9696148], [-90.0727766, 29.96967], [-90.0729069, 29.9697574], [-90.0729557, 29.9697023], [-90.0728254, 29.9696148]]]}}, {"id": "230", "type": "Feature", "properties": {"id": "184c9384-3731-4cfb-85fd-b545e44b6e4b", "name": null, "subtype": null, "class": null, "height": 3.582359552383423, "num_floors": null, "surge_class": 99, "surge_ft": 0.0, "flood_active": false, "exposure_score": 0.0, "exposure_category": "none"}, "geometry": {"type": "Polygon", "coordinates": [[[-90.0723287, 29.9695763], [-90.0725341, 29.9697196], [-90.0725971, 29.969649], [-90.072394, 29.9695053], [-90.0723287, 29.9695763]]]}}, {"id": "231", "type": "Feature", "properties": {"id": "3542756c-d4f6-4c28-aae6-bc5c906cab3c", "name": null, "subtype": null, "class": null, "height": 3.7245490550994873, "num_floors": null, "surge_class": 99, "surge_ft": 0.0, "flood_active": false, "exposure_score": 0.0, "exposure_category": "none"}, "geometry": {"type": "Polygon", "coordinates": [[[-90.0724225, 29.9694213], [-90.0723719, 29.9694779], [-90.0726147, 29.9696422], [-90.0726652, 29.9695856], [-90.0724225, 29.9694213]]]}}, {"id": "232", "type": "Feature", "properties": {"id": "4ec44d9d-4dd8-4a95-9077-da0348971dc2", "name": null, "subtype": null, "class": null, "height": null, "num_floors": null, "surge_class": 99, "surge_ft": 0.0, "flood_active": false, "exposure_score": 0.0, "exposure_category": "none"}, "geometry": {"type": "Polygon", "coordinates": [[[-90.0718571, 29.969643], [-90.0718907, 29.9696651], [-90.0720076, 29.9695303], [-90.0719536, 29.9694948], [-90.0718556, 29.9696078], [-90.071876, 29.9696212], [-90.0718571, 29.969643]]]}}, {"id": "233", "type": "Feature", "properties": {"id": "9636b3d7-99b7-4183-806a-4f9b09c5867f", "name": null, "subtype": null, "class": null, "height": null, "num_floors": null, "surge_class": 99, "surge_ft": 0.0, "flood_active": false, "exposure_score": 0.0, "exposure_category": "none"}, "geometry": {"type": "Polygon", "coordinates": [[[-90.0718916, 29.9696668], [-90.0719224, 29.9696887], [-90.0720446, 29.9695582], [-90.0720137, 29.9695363], [-90.0718916, 29.9696668]]]}}, {"id": "234", "type": "Feature", "properties": {"id": "afa66b17-5d04-40be-8de4-4caa619743c7", "name": null, "subtype": null, "class": null, "height": null, "num_floors": null, "surge_class": 99, "surge_ft": 0.0, "flood_active": false, "exposure_score": 0.0, "exposure_category": "none"}, "geometry": {"type": "Polygon", "coordinates": [[[-90.0718625, 29.969743], [-90.0719439, 29.969795], [-90.0720552, 29.9696672], [-90.072003, 29.9696328], [-90.0719215, 29.9697264], [-90.0718922, 29.9697071], [-90.0718625, 29.969743]]]}}, {"id": "235", "type": "Feature", "properties": {"id": "a42c95d5-e1d9-4062-88c6-f13410fb52d2", "name": null, "subtype": null, "class": null, "height": null, "num_floors": null, "surge_class": 99, "surge_ft": 0.0, "flood_active": false, "exposure_score": 0.0, "exposure_category": "none"}, "geometry": {"type": "Polygon", "coordinates": [[[-90.0722714, 29.9697121], [-90.0722045, 29.969668], [-90.0721091, 29.9697774], [-90.072176, 29.9698216], [-90.0722714, 29.9697121]]]}}, {"id": "236", "type": "Feature", "properties": {"id": "a75d4813-fb7f-45ba-8e16-b593dab9ee70", "name": null, "subtype": null, "class": null, "height": null, "num_floors": null, "surge_class": 99, "surge_ft": 0.0, "flood_active": false, "exposure_score": 0.0, "exposure_category": "none"}, "geometry": {"type": "Polygon", "coordinates": [[[-90.0719609, 29.9697998], [-90.0720256, 29.9698434], [-90.0721924, 29.969656], [-90.0721277, 29.9696124], [-90.0719609, 29.9697998]]]}}, {"id": "237", "type": "Feature", "properties": {"id": "05ab59d0-cacb-4fff-bd8f-ba5b57635d57", "name": null, "subtype": null, "class": null, "height": null, "num_floors": null, "surge_class": 99, "surge_ft": 0.0, "flood_active": false, "exposure_score": 0.0, "exposure_category": "none"}, "geometry": {"type": "Polygon", "coordinates": [[[-90.0719444, 29.9698014], [-90.0718981, 29.969773], [-90.0718392, 29.9698458], [-90.0718855, 29.9698742], [-90.0719444, 29.9698014]]]}}, {"id": "238", "type": "Feature", "properties": {"id": "9c431393-6b18-4f9e-aecb-9060424c4ca1", "name": null, "subtype": null, "class": null, "height": null, "num_floors": null, "surge_class": 99, "surge_ft": 0.0, "flood_active": false, "exposure_score": 0.0, "exposure_category": "none"}, "geometry": {"type": "Polygon", "coordinates": [[[-90.0720772, 29.969934], [-90.0721353, 29.9698649], [-90.0720696, 29.9698231], [-90.0720084, 29.9698959], [-90.0720225, 29.9699048], [-90.0720087, 29.9699212], [-90.0720464, 29.9699453], [-90.0720633, 29.9699252], [-90.0720772, 29.969934]]]}}, {"id": "239", "type": "Feature", "properties": {"id": "66f59d73-5564-429f-a5fa-d315a646d466", "name": null, "subtype": null, "class": null, "height": null, "num_floors": null, "surge_class": 99, "surge_ft": 0.0, "flood_active": false, "exposure_score": 0.0, "exposure_category": "none"}, "geometry": {"type": "Polygon", "coordinates": [[[-90.0719253, 29.9698322], [-90.0718879, 29.969878], [-90.0719256, 29.9699014], [-90.071963, 29.9698555], [-90.0719253, 29.9698322]]]}}, {"id": "240", "type": "Feature", "properties": {"id": "e315a828-79f8-431a-9b71-5fb25402dda8", "name": null, "subtype": null, "class": null, "height": null, "num_floors": null, "surge_class": 99, "surge_ft": 0.0, "flood_active": false, "exposure_score": 0.0, "exposure_category": "none"}, "geometry": {"type": "Polygon", "coordinates": [[[-90.0721636, 29.9698814], [-90.0721111, 29.9699411], [-90.0721678, 29.9699789], [-90.0723346, 29.9697892], [-90.0722821, 29.9697542], [-90.0722618, 29.9697773], [-90.0722571, 29.9697742], [-90.0721815, 29.9698601], [-90.0721893, 29.9698653], [-90.0721708, 29.9698863], [-90.0721636, 29.9698814]]]}}, {"id": "241", "type": "Feature", "properties": {"id": "e2e231d9-9b97-4e08-b560-c1a22180ae91", "name": null, "subtype": null, "class": null, "height": 3.800464153289795, "num_floors": null, "surge_class": 99, "surge_ft": 0.0, "flood_active": false, "exposure_score": 0.0, "exposure_category": "none"}, "geometry": {"type": "Polygon", "coordinates": [[[-90.0722013, 29.9699614], [-90.0722644, 29.9700031], [-90.0724025, 29.9698449], [-90.0723394, 29.9698031], [-90.0722013, 29.9699614]]]}}, {"id": "242", "type": "Feature", "properties": {"id": "a1d7eac9-a392-4cd3-89cb-7f7f4acb0d20", "name": null, "subtype": null, "class": null, "height": 3.557692289352417, "num_floors": null, "surge_class": 99, "surge_ft": 0.0, "flood_active": false, "exposure_score": 0.0, "exposure_category": "none"}, "geometry": {"type": "Polygon", "coordinates": [[[-90.0729062, 29.9698015], [-90.0727783, 29.9697162], [-90.0727, 29.9698051], [-90.0728883, 29.9699308], [-90.0729465, 29.9698648], [-90.072886, 29.9698244], [-90.0729062, 29.9698015]]]}}, {"id": "243", "type": "Feature", "properties": {"id": "8256e8fa-078b-4d6d-91b1-622119d1fac1", "name": null, "subtype": null, "class": null, "height": null, "num_floors": null, "surge_class": 99, "surge_ft": 0.0, "flood_active": false, "exposure_score": 0.0, "exposure_category": "none"}, "geometry": {"type": "Polygon", "coordinates": [[[-90.0732074, 29.9698937], [-90.0732543, 29.9699259], [-90.0733069, 29.9698677], [-90.07326, 29.9698356], [-90.0732074, 29.9698937]]]}}, {"id": "244", "type": "Feature", "properties": {"id": "bc35e63b-a726-4caf-b2ea-d826bcf771df", "name": null, "subtype": null, "class": null, "height": null, "num_floors": null, "surge_class": 99, "surge_ft": 0.0, "flood_active": false, "exposure_score": 0.0, "exposure_category": "none"}, "geometry": {"type": "Polygon", "coordinates": [[[-90.0733331, 29.9698148], [-90.073426, 29.9698767], [-90.0734584, 29.9698398], [-90.0733656, 29.9697779], [-90.0733331, 29.9698148]]]}}, {"id": "245", "type": "Feature", "properties": {"id": "f481e387-cf89-41ec-9881-20db7f0fab3f", "name": null, "subtype": null, "class": null, "height": 2.9718692302703857, "num_floors": null, "surge_class": 99, "surge_ft": 0.0, "flood_active": false, "exposure_score": 0.0, "exposure_category": "none"}, "geometry": {"type": "Polygon", "coordinates": [[[-90.0731439, 29.9697387], [-90.0731117, 29.9697174], [-90.0730096, 29.9698343], [-90.0730465, 29.9698587], [-90.0731332, 29.9697596], [-90.0731284, 29.9697564], [-90.0731439, 29.9697387]]]}}, {"id": "246", "type": "Feature", "properties": {"id": "5403ec6d-5276-44c3-bded-8753debee77d", "name": null, "subtype": null, "class": null, "height": null, "num_floors": null, "surge_class": 99, "surge_ft": 0.0, "flood_active": false, "exposure_score": 0.0, "exposure_category": "none"}, "geometry": {"type": "Polygon", "coordinates": [[[-90.0728848, 29.9695503], [-90.0728354, 29.9696061], [-90.0729608, 29.9696902], [-90.0729725, 29.9696769], [-90.0729933, 29.9696909], [-90.0730178, 29.9696632], [-90.0729734, 29.9696334], [-90.0729866, 29.9696185], [-90.0728848, 29.9695503]]]}}, {"id": "247", "type": "Feature", "properties": {"id": "b87d26c8-a3b0-4edc-a018-84120aca5f7b", "name": null, "subtype": null, "class": null, "height": null, "num_floors": null, "surge_class": 99, "surge_ft": 0.0, "flood_active": false, "exposure_score": 0.0, "exposure_category": "none"}, "geometry": {"type": "Polygon", "coordinates": [[[-90.0729673, 29.9694955], [-90.0729134, 29.9695561], [-90.0731286, 29.9697013], [-90.0731789, 29.9696448], [-90.0731581, 29.9696308], [-90.0731655, 29.9696225], [-90.072984, 29.9695001], [-90.0729803, 29.9695042], [-90.0729673, 29.9694955]]]}}, {"id": "248", "type": "Feature", "properties": {"id": "e8511886-d00f-430c-bc29-c5c7daa12970", "name": null, "subtype": null, "class": null, "height": null, "num_floors": null, "surge_class": 99, "surge_ft": 0.0, "flood_active": false, "exposure_score": 0.0, "exposure_category": "none"}, "geometry": {"type": "Polygon", "coordinates": [[[-90.0732383, 29.969459], [-90.0732009, 29.9695016], [-90.0732723, 29.9695476], [-90.0732935, 29.9695226], [-90.0732526, 29.9694969], [-90.0732682, 29.9694785], [-90.0732383, 29.969459]]]}}, {"id": "249", "type": "Feature", "properties": {"id": "d6950567-b325-4876-bffe-d0a0b68f2a50", "name": null, "subtype": null, "class": null, "height": null, "num_floors": null, "surge_class": 99, "surge_ft": 0.0, "flood_active": false, "exposure_score": 0.0, "exposure_category": "none"}, "geometry": {"type": "Polygon", "coordinates": [[[-90.0733471, 29.9695214], [-90.0733036, 29.9695701], [-90.0733463, 29.9696], [-90.0734923, 29.9694416], [-90.0733938, 29.9693727], [-90.0732906, 29.9694859], [-90.0733471, 29.9695214]]]}}, {"id": "250", "type": "Feature", "properties": {"id": "ebe9e212-e2b1-422a-b46d-8a8d43053622", "name": null, "subtype": null, "class": null, "height": 4.92517614364624, "num_floors": null, "surge_class": 99, "surge_ft": 0.0, "flood_active": false, "exposure_score": 0.0, "exposure_category": "none"}, "geometry": {"type": "Polygon", "coordinates": [[[-90.0735967, 29.9697158], [-90.0736679, 29.9697625], [-90.0737657, 29.9696494], [-90.0737287, 29.9696251], [-90.0737232, 29.9696314], [-90.073689, 29.969609], [-90.0735967, 29.9697158]]]}}, {"id": "251", "type": "Feature", "properties": {"id": "aecc4a28-2fc2-496d-bba2-cd255fd36cbc", "name": null, "subtype": null, "class": null, "height": null, "num_floors": null, "surge_class": 99, "surge_ft": 0.0, "flood_active": false, "exposure_score": 0.0, "exposure_category": "none"}, "geometry": {"type": "Polygon", "coordinates": [[[-90.0733951, 29.9697667], [-90.0734615, 29.9698124], [-90.0736079, 29.9696487], [-90.0735922, 29.9696382], [-90.0736019, 29.9696271], [-90.0735889, 29.9696185], [-90.0736132, 29.9695907], [-90.0736262, 29.9695993], [-90.0736575, 29.9695636], [-90.0735547, 29.9694954], [-90.0735265, 29.9695276], [-90.073549, 29.9695426], [-90.0734424, 29.9696643], [-90.0734695, 29.9696823], [-90.0733951, 29.9697667]]]}}, {"id": "252", "type": "Feature", "properties": {"id": "f438521f-1cc0-41a4-b3fc-ffea8598cac5", "name": null, "subtype": null, "class": null, "height": null, "num_floors": null, "surge_class": 99, "surge_ft": 0.0, "flood_active": false, "exposure_score": 0.0, "exposure_category": "none"}, "geometry": {"type": "Polygon", "coordinates": [[[-90.0735298, 29.9695027], [-90.0734894, 29.9694749], [-90.0733744, 29.9696026], [-90.0734148, 29.9696304], [-90.0735298, 29.9695027]]]}}, {"id": "253", "type": "Feature", "properties": {"id": "e7d97398-3737-4c09-8d7e-173c7f85feb5", "name": null, "subtype": null, "class": null, "height": 6.85637092590332, "num_floors": null, "surge_class": 99, "surge_ft": 0.0, "flood_active": false, "exposure_score": 0.0, "exposure_category": "none"}, "geometry": {"type": "Polygon", "coordinates": [[[-90.0737113, 29.9699035], [-90.0737571, 29.9699342], [-90.0739267, 29.9697418], [-90.0738199, 29.9696704], [-90.0737115, 29.9697932], [-90.0737726, 29.969834], [-90.0737113, 29.9699035]]]}}, {"id": "254", "type": "Feature", "properties": {"id": "3665e29f-c17a-41d0-a657-f49246179592", "name": null, "subtype": null, "class": null, "height": null, "num_floors": null, "surge_class": 99, "surge_ft": 0.0, "flood_active": false, "exposure_score": 0.0, "exposure_category": "none"}, "geometry": {"type": "Polygon", "coordinates": [[[-90.0735195, 29.970153], [-90.073578, 29.9700884], [-90.0734426, 29.9699956], [-90.0734326, 29.9700066], [-90.0734106, 29.9699915], [-90.0733727, 29.9700334], [-90.0733949, 29.9700487], [-90.0733843, 29.9700603], [-90.0735195, 29.970153]]]}}, {"id": "255", "type": "Feature", "properties": {"id": "5c8b2521-3a84-45c2-bb9f-acfc46fba670", "name": null, "subtype": null, "class": null, "height": 3.1699507236480713, "num_floors": null, "surge_class": 99, "surge_ft": 0.0, "flood_active": false, "exposure_score": 0.0, "exposure_category": "none"}, "geometry": {"type": "Polygon", "coordinates": [[[-90.0734759, 29.9699194], [-90.0734327, 29.9699682], [-90.0736162, 29.9700911], [-90.0736366, 29.9700679], [-90.0736262, 29.9700609], [-90.0736489, 29.9700352], [-90.0734759, 29.9699194]]]}}, {"id": "256", "type": "Feature", "properties": {"id": "8392cef3-5dae-49ca-920c-621c78e9138b", "name": null, "subtype": null, "class": null, "height": 3.34272837638855, "num_floors": null, "surge_class": 99, "surge_ft": 0.0, "flood_active": false, "exposure_score": 0.0, "exposure_category": "none"}, "geometry": {"type": "Polygon", "coordinates": [[[-90.0736052, 29.9698842], [-90.0735452, 29.9699518], [-90.073669, 29.9700352], [-90.073729, 29.9699676], [-90.0736052, 29.9698842]]]}}, {"id": "257", "type": "Feature", "properties": {"id": "c7406c21-7340-4f79-a57d-64a48ff23cd2", "name": null, "subtype": null, "class": null, "height": 3.3138961791992188, "num_floors": null, "surge_class": 99, "surge_ft": 0.0, "flood_active": false, "exposure_score": 0.0, "exposure_category": "none"}, "geometry": {"type": "Polygon", "coordinates": [[[-90.0730527, 29.9700523], [-90.0731173, 29.970096], [-90.073254, 29.9699406], [-90.0731894, 29.9698969], [-90.0730527, 29.9700523]]]}}, {"id": "258", "type": "Feature", "properties": {"id": "6a8bc131-2250-4050-bff9-40c8da5f564f", "name": null, "subtype": null, "class": null, "height": null, "num_floors": null, "surge_class": 99, "surge_ft": 0.0, "flood_active": false, "exposure_score": 0.0, "exposure_category": "none"}, "geometry": {"type": "Polygon", "coordinates": [[[-90.073119, 29.9698539], [-90.0729047, 29.9699661], [-90.0729278, 29.9699995], [-90.072988, 29.9699711], [-90.073002, 29.9699801], [-90.0730122, 29.9699681], [-90.0730427, 29.9699877], [-90.0729936, 29.9700455], [-90.0730292, 29.9700684], [-90.0731766, 29.9698947], [-90.073119, 29.9698539]]]}}, {"id": "259", "type": "Feature", "properties": {"id": "9c046496-29d2-4015-b1cd-c5232f7481b7", "name": null, "subtype": null, "class": null, "height": 2.296072483062744, "num_floors": null, "surge_class": 99, "surge_ft": 0.0, "flood_active": false, "exposure_score": 0.0, "exposure_category": "none"}, "geometry": {"type": "Polygon", "coordinates": [[[-90.0731324, 29.9701278], [-90.0731839, 29.970162], [-90.0733172, 29.9700095], [-90.0732657, 29.9699753], [-90.0731324, 29.9701278]]]}}, {"id": "260", "type": "Feature", "properties": {"id": "294b7c4e-3cbc-4aee-b039-dacaffa8190a", "name": null, "subtype": null, "class": null, "height": 3.4993488788604736, "num_floors": null, "surge_class": 99, "surge_ft": 0.0, "flood_active": false, "exposure_score": 0.0, "exposure_category": "none"}, "geometry": {"type": "Polygon", "coordinates": [[[-90.0725558, 29.9700051], [-90.0725358, 29.9700284], [-90.0725658, 29.9700478], [-90.0726321, 29.9699699], [-90.0725553, 29.9699203], [-90.0725089, 29.9699748], [-90.0725558, 29.9700051]]]}}, {"id": "261", "type": "Feature", "properties": {"id": "9b80fc66-cc7d-450f-a109-fa8fce3f01a6", "name": null, "subtype": null, "class": null, "height": null, "num_floors": null, "surge_class": 99, "surge_ft": 0.0, "flood_active": false, "exposure_score": 0.0, "exposure_category": "none"}, "geometry": {"type": "Polygon", "coordinates": [[[-90.0719537, 29.9700237], [-90.072115, 29.9701327], [-90.07216, 29.9700822], [-90.0719986, 29.9699732], [-90.0719537, 29.9700237]]]}}, {"id": "262", "type": "Feature", "properties": {"id": "ebfc8995-0a54-4df5-b974-9e8405e4dc56", "name": null, "subtype": null, "class": null, "height": null, "num_floors": null, "surge_class": 99, "surge_ft": 0.0, "flood_active": false, "exposure_score": 0.0, "exposure_category": "none"}, "geometry": {"type": "Polygon", "coordinates": [[[-90.0721221, 29.9699558], [-90.0720839, 29.9699322], [-90.072041, 29.9699849], [-90.0720931, 29.970017], [-90.0721249, 29.9699779], [-90.0721111, 29.9699694], [-90.0721221, 29.9699558]]]}}, {"id": "263", "type": "Feature", "properties": {"id": "8ebaf161-06c8-45b8-9f05-dcaba8303e0e", "name": null, "subtype": null, "class": null, "height": 5.104457378387451, "num_floors": null, "surge_class": 99, "surge_ft": 0.0, "flood_active": false, "exposure_score": 0.0, "exposure_category": "none"}, "geometry": {"type": "Polygon", "coordinates": [[[-90.0713696, 29.9700241], [-90.0714221, 29.9700813], [-90.0716162, 29.9699462], [-90.0715636, 29.969889], [-90.0713696, 29.9700241]]]}}, {"id": "264", "type": "Feature", "properties": {"id": "b38eb018-cee0-4023-811b-6112d3d7f8af", "name": null, "subtype": null, "class": null, "height": null, "num_floors": null, "surge_class": 99, "surge_ft": 0.0, "flood_active": false, "exposure_score": 0.0, "exposure_category": "none"}, "geometry": {"type": "Polygon", "coordinates": [[[-90.0705863, 29.9701141], [-90.0706037, 29.9701031], [-90.0706282, 29.9701301], [-90.0706534, 29.9701128], [-90.0706583, 29.9701182], [-90.0708745, 29.9699689], [-90.07082, 29.9699087], [-90.0708521, 29.9698874], [-90.0708357, 29.9698693], [-90.0708504, 29.9698592], [-90.0706988, 29.9696918], [-90.0706833, 29.9697024], [-90.0706558, 29.969672], [-90.0706224, 29.9696949], [-90.070651, 29.9697265], [-90.0706321, 29.9697395], [-90.0705511, 29.96965], [-90.0706263, 29.9695984], [-90.0705583, 29.9695234], [-90.070549, 29.9695297], [-90.0704022, 29.9693676], [-90.0704117, 29.9693611], [-90.0703655, 29.9693113], [-90.0702927, 29.9693612], [-90.0702857, 29.9693534], [-90.0702493, 29.9693784], [-90.0702568, 29.9693866], [-90.0701851, 29.9694359], [-90.0702198, 29.9694741], [-90.0700565, 29.9695861], [-90.0701058, 29.9696396], [-90.0700851, 29.9696538], [-90.0702134, 29.9697955], [-90.0702316, 29.9697831], [-90.0702792, 29.9698357], [-90.0705162, 29.969673], [-90.0705981, 29.9697635], [-90.0705516, 29.9697955], [-90.0704983, 29.9697367], [-90.0704019, 29.9698028], [-90.070457, 29.9698637], [-90.0704472, 29.9698701], [-90.0704168, 29.9698365], [-90.0703834, 29.9698599], [-90.0704097, 29.9698889], [-90.0703934, 29.9698996], [-90.0705863, 29.9701141]]]}}, {"id": "265", "type": "Feature", "properties": {"id": "3716f794-02a2-437f-93a1-23c5a75634ef", "name": null, "subtype": null, "class": null, "height": 5.160919666290283, "num_floors": null, "surge_class": 99, "surge_ft": 0.0, "flood_active": false, "exposure_score": 0.0, "exposure_category": "none"}, "geometry": {"type": "Polygon", "coordinates": [[[-90.071192, 29.9698828], [-90.0712594, 29.9699284], [-90.0713599, 29.9698191], [-90.0712924, 29.9697728], [-90.071192, 29.9698828]]]}}, {"id": "266", "type": "Feature", "properties": {"id": "da7b638c-f2b7-4205-ad5c-d04d0d3651d8", "name": null, "subtype": null, "class": null, "height": 5.59123420715332, "num_floors": null, "surge_class": 99, "surge_ft": 0.0, "flood_active": false, "exposure_score": 0.0, "exposure_category": "none"}, "geometry": {"type": "Polygon", "coordinates": [[[-90.0713085, 29.9700139], [-90.0714634, 29.9699113], [-90.071416, 29.969857], [-90.071261, 29.9699596], [-90.0713085, 29.9700139]]]}}, {"id": "267", "type": "Feature", "properties": {"id": "7957f643-a6ee-4141-8344-49a1b9061c7e", "name": null, "subtype": null, "class": null, "height": null, "num_floors": null, "surge_class": 99, "surge_ft": 0.0, "flood_active": false, "exposure_score": 0.0, "exposure_category": "none"}, "geometry": {"type": "Polygon", "coordinates": [[[-90.0714229, 29.969864], [-90.0714604, 29.9699005], [-90.0715324, 29.9698483], [-90.0714927, 29.9698099], [-90.0714229, 29.969864]]]}}, {"id": "268", "type": "Feature", "properties": {"id": "d8402153-644a-4f46-b6a1-92013da3093f", "name": null, "subtype": null, "class": null, "height": null, "num_floors": null, "surge_class": 99, "surge_ft": 0.0, "flood_active": false, "exposure_score": 0.0, "exposure_category": "none"}, "geometry": {"type": "Polygon", "coordinates": [[[-90.0716429, 29.9698294], [-90.0715794, 29.9698804], [-90.071697, 29.9699896], [-90.071776, 29.969925], [-90.0718393, 29.9698575], [-90.0717215, 29.9697953], [-90.0716496, 29.969833], [-90.0716429, 29.9698294]]]}}, {"id": "269", "type": "Feature", "properties": {"id": "3113a72f-648d-4877-9fd1-0789f0f68f37", "name": null, "subtype": null, "class": null, "height": null, "num_floors": null, "surge_class": 99, "surge_ft": 0.0, "flood_active": false, "exposure_score": 0.0, "exposure_category": "none"}, "geometry": {"type": "Polygon", "coordinates": [[[-90.0717724, 29.969791], [-90.0718359, 29.969831], [-90.0718661, 29.9697945], [-90.0718026, 29.9697546], [-90.0717724, 29.969791]]]}}, {"id": "270", "type": "Feature", "properties": {"id": "27a452fa-c721-44f8-84d8-280db11248b3", "name": null, "subtype": null, "class": null, "height": 4.024409770965576, "num_floors": null, "surge_class": 99, "surge_ft": 0.0, "flood_active": false, "exposure_score": 0.0, "exposure_category": "none"}, "geometry": {"type": "Polygon", "coordinates": [[[-90.0714032, 29.9696332], [-90.0713548, 29.9696872], [-90.0715432, 29.9698138], [-90.0715898, 29.9697606], [-90.0714032, 29.9696332]]]}}, {"id": "271", "type": "Feature", "properties": {"id": "98bee5d7-86c7-4fe6-8a79-dec5ceb9ecc9", "name": null, "subtype": null, "class": null, "height": null, "num_floors": null, "surge_class": 99, "surge_ft": 0.0, "flood_active": false, "exposure_score": 0.0, "exposure_category": "none"}, "geometry": {"type": "Polygon", "coordinates": [[[-90.0714586, 29.9695856], [-90.0714198, 29.9696286], [-90.0715957, 29.9697489], [-90.0716345, 29.9697058], [-90.0714586, 29.9695856]]]}}, {"id": "272", "type": "Feature", "properties": {"id": "cdd3506a-dfea-459a-8d7e-2ce98db01345", "name": null, "subtype": null, "class": null, "height": null, "num_floors": null, "surge_class": 99, "surge_ft": 0.0, "flood_active": false, "exposure_score": 0.0, "exposure_category": "none"}, "geometry": {"type": "Polygon", "coordinates": [[[-90.0718796, 29.9696824], [-90.0718448, 29.9696613], [-90.0717778, 29.9697401], [-90.0717987, 29.9697528], [-90.0718354, 29.9697356], [-90.0718796, 29.9696824]]]}}, {"id": "273", "type": "Feature", "properties": {"id": "f82697b9-955f-48a2-b4ba-ca3dbb0af23c", "name": null, "subtype": null, "class": null, "height": null, "num_floors": null, "surge_class": 99, "surge_ft": 0.0, "flood_active": false, "exposure_score": 0.0, "exposure_category": "none"}, "geometry": {"type": "Polygon", "coordinates": [[[-90.0715771, 29.969486], [-90.0715224, 29.9695457], [-90.0716753, 29.9696518], [-90.0717087, 29.9696154], [-90.0716857, 29.9695994], [-90.071707, 29.9695762], [-90.0715771, 29.969486]]]}}, {"id": "274", "type": "Feature", "properties": {"id": "c3c222b1-9ee0-474d-80f7-51864525ee0f", "name": null, "subtype": null, "class": null, "height": 3.6020162105560303, "num_floors": null, "surge_class": 99, "surge_ft": 0.0, "flood_active": false, "exposure_score": 0.0, "exposure_category": "none"}, "geometry": {"type": "Polygon", "coordinates": [[[-90.0719369, 29.9694797], [-90.0718565, 29.9694272], [-90.0717712, 29.9695269], [-90.0718516, 29.9695795], [-90.0719369, 29.9694797]]]}}, {"id": "275", "type": "Feature", "properties": {"id": "afb29856-b102-4619-b7ae-e5e7784d48eb", "name": null, "subtype": null, "class": null, "height": null, "num_floors": null, "surge_class": 99, "surge_ft": 0.0, "flood_active": false, "exposure_score": 0.0, "exposure_category": "none"}, "geometry": {"type": "Polygon", "coordinates": [[[-90.0711018, 29.9695552], [-90.0710796, 29.9695402], [-90.0709731, 29.9696593], [-90.0710547, 29.9697145], [-90.0711147, 29.9696474], [-90.0711402, 29.9696647], [-90.0711458, 29.9696584], [-90.0711507, 29.9696617], [-90.0711762, 29.9696586], [-90.0711934, 29.9696394], [-90.071188, 29.9696131], [-90.0712846, 29.9695051], [-90.071226, 29.9694654], [-90.0711394, 29.9695623], [-90.0711121, 29.9695437], [-90.0711018, 29.9695552]]]}}, {"id": "276", "type": "Feature", "properties": {"id": "41d3c87a-0390-4080-9eee-8b0a3288fe01", "name": null, "subtype": null, "class": null, "height": 6.093501091003418, "num_floors": null, "surge_class": 99, "surge_ft": 0.0, "flood_active": false, "exposure_score": 0.0, "exposure_category": "none"}, "geometry": {"type": "Polygon", "coordinates": [[[-90.0708863, 29.9694959], [-90.0709422, 29.9695738], [-90.071104, 29.9694858], [-90.0710937, 29.9694714], [-90.0711235, 29.9694552], [-90.0710869, 29.9694041], [-90.0710559, 29.9694209], [-90.071047, 29.9694085], [-90.0708863, 29.9694959]]]}}, {"id": "277", "type": "Feature", "properties": {"id": "6ce758fe-5d13-4b71-a5b9-32e5c07411ad", "name": null, "subtype": null, "class": null, "height": null, "num_floors": null, "surge_class": 99, "surge_ft": 0.0, "flood_active": false, "exposure_score": 0.0, "exposure_category": "none"}, "geometry": {"type": "Polygon", "coordinates": [[[-90.0712504, 29.969381], [-90.0711752, 29.9694221], [-90.0712026, 29.9694601], [-90.0713071, 29.969403], [-90.0712433, 29.9693145], [-90.071214, 29.9693306], [-90.0712504, 29.969381]]]}}, {"id": "278", "type": "Feature", "properties": {"id": "943448fd-c394-4bda-9a79-f151fae98a65", "name": null, "subtype": null, "class": null, "height": 4.42391300201416, "num_floors": null, "surge_class": 99, "surge_ft": 0.0, "flood_active": false, "exposure_score": 0.0, "exposure_category": "none"}, "geometry": {"type": "Polygon", "coordinates": [[[-90.0712665, 29.9694699], [-90.0713202, 29.9695045], [-90.0714052, 29.9694044], [-90.0713614, 29.9693763], [-90.0713326, 29.9694102], [-90.0713226, 29.9694038], [-90.0712665, 29.9694699]]]}}, {"id": "279", "type": "Feature", "properties": {"id": "e0571c01-d285-4528-9f2e-21ea466a2704", "name": null, "subtype": null, "class": null, "height": 3.758333444595337, "num_floors": null, "surge_class": 99, "surge_ft": 0.0, "flood_active": false, "exposure_score": 0.0, "exposure_category": "none"}, "geometry": {"type": "Polygon", "coordinates": [[[-90.0716445, 29.9693616], [-90.0715819, 29.969432], [-90.0717422, 29.96954], [-90.0718007, 29.9694741], [-90.0717647, 29.9694499], [-90.0718, 29.9694101], [-90.0716842, 29.9693321], [-90.0716529, 29.9693673], [-90.0716445, 29.9693616]]]}}, {"id": "280", "type": "Feature", "properties": {"id": "1fccd389-5266-4700-b4e4-dcac45e36b3c", "name": null, "subtype": null, "class": null, "height": 4.126923084259033, "num_floors": null, "surge_class": 99, "surge_ft": 0.0, "flood_active": false, "exposure_score": 0.0, "exposure_category": "none"}, "geometry": {"type": "Polygon", "coordinates": [[[-90.0715398, 29.9692672], [-90.0714946, 29.9692051], [-90.0713159, 29.9693035], [-90.0713611, 29.9693656], [-90.0715398, 29.9692672]]]}}, {"id": "281", "type": "Feature", "properties": {"id": "547db341-3079-4260-943d-cd0ccf509449", "name": null, "subtype": null, "class": null, "height": 3.2814929485321045, "num_floors": null, "surge_class": 99, "surge_ft": 0.0, "flood_active": false, "exposure_score": 0.0, "exposure_category": "none"}, "geometry": {"type": "Polygon", "coordinates": [[[-90.0716615, 29.969128], [-90.071731, 29.9690509], [-90.0716727, 29.969011], [-90.0716032, 29.9690881], [-90.0716615, 29.969128]]]}}, {"id": "282", "type": "Feature", "properties": {"id": "8c34a360-567a-458c-87b5-8f64db8527ba", "name": null, "subtype": null, "class": null, "height": null, "num_floors": null, "surge_class": 99, "surge_ft": 0.0, "flood_active": false, "exposure_score": 0.0, "exposure_category": "none"}, "geometry": {"type": "Polygon", "coordinates": [[[-90.0710433, 29.9691031], [-90.07106, 29.969115], [-90.0711894, 29.9689784], [-90.0711484, 29.9689489], [-90.0710745, 29.9690268], [-90.0710531, 29.9690115], [-90.0709772, 29.9690916], [-90.071023, 29.9691245], [-90.0710433, 29.9691031]]]}}, {"id": "283", "type": "Feature", "properties": {"id": "17d3a57d-7fd5-4197-9912-4af80e1a42d4", "name": null, "subtype": null, "class": null, "height": null, "num_floors": null, "surge_class": 99, "surge_ft": 0.0, "flood_active": false, "exposure_score": 0.0, "exposure_category": "none"}, "geometry": {"type": "Polygon", "coordinates": [[[-90.0710471, 29.9691567], [-90.071088, 29.9691876], [-90.0712532, 29.969022], [-90.0712123, 29.9689911], [-90.0710471, 29.9691567]]]}}, {"id": "284", "type": "Feature", "properties": {"id": "a952eef3-286e-4e7f-89da-744d9601de38", "name": null, "subtype": null, "class": null, "height": null, "num_floors": null, "surge_class": 99, "surge_ft": 0.0, "flood_active": false, "exposure_score": 0.0, "exposure_category": "none"}, "geometry": {"type": "Polygon", "coordinates": [[[-90.0711238, 29.9691632], [-90.0711815, 29.9692038], [-90.0713037, 29.9690724], [-90.0712461, 29.9690317], [-90.0711238, 29.9691632]]]}}, {"id": "285", "type": "Feature", "properties": {"id": "71f622c9-06c0-43cc-a345-cd6f508c0a4c", "name": null, "subtype": null, "class": null, "height": null, "num_floors": null, "surge_class": 99, "surge_ft": 0.0, "flood_active": false, "exposure_score": 0.0, "exposure_category": "none"}, "geometry": {"type": "Polygon", "coordinates": [[[-90.071393, 29.9691109], [-90.0713189, 29.9690675], [-90.0712012, 29.9692016], [-90.0712209, 29.9692168], [-90.07134, 29.9691374], [-90.071345, 29.969141], [-90.071393, 29.9691109]]]}}, {"id": "286", "type": "Feature", "properties": {"id": "d69491d9-e355-4c7c-b02c-edd812f8926d", "name": null, "subtype": null, "class": null, "height": 5.6797075271606445, "num_floors": null, "surge_class": 99, "surge_ft": 0.0, "flood_active": false, "exposure_score": 0.0, "exposure_category": "none"}, "geometry": {"type": "Polygon", "coordinates": [[[-90.0704976, 29.969096], [-90.0705628, 29.969144], [-90.0706903, 29.9690126], [-90.0706251, 29.9689647], [-90.0704976, 29.969096]]]}}, {"id": "287", "type": "Feature", "properties": {"id": "bfa445e7-bfed-4653-9845-2f463f918476", "name": null, "subtype": null, "class": null, "height": 4.508958339691162, "num_floors": null, "surge_class": 99, "surge_ft": 0.0, "flood_active": false, "exposure_score": 0.0, "exposure_category": "none"}, "geometry": {"type": "Polygon", "coordinates": [[[-90.0706092, 29.96926], [-90.0708099, 29.9691176], [-90.0707521, 29.9690564], [-90.0705514, 29.9691987], [-90.0706092, 29.96926]]]}}, {"id": "288", "type": "Feature", "properties": {"id": "5843e7a0-b1d7-4a6e-be1f-2a1ae87e800b", "name": null, "subtype": null, "class": null, "height": null, "num_floors": null, "surge_class": 99, "surge_ft": 0.0, "flood_active": false, "exposure_score": 0.0, "exposure_category": "none"}, "geometry": {"type": "Polygon", "coordinates": [[[-90.0707186, 29.9693068], [-90.0708556, 29.969208], [-90.0708069, 29.9691568], [-90.0706699, 29.9692556], [-90.0707186, 29.9693068]]]}}, {"id": "289", "type": "Feature", "properties": {"id": "cf6e7bac-7826-46c9-9cd4-de280822641a", "name": null, "subtype": null, "class": null, "height": 5.892383575439453, "num_floors": null, "surge_class": 99, "surge_ft": 0.0, "flood_active": false, "exposure_score": 0.0, "exposure_category": "none"}, "geometry": {"type": "Polygon", "coordinates": [[[-90.0698416, 29.9694626], [-90.0699128, 29.9695112], [-90.0700249, 29.9693867], [-90.0699537, 29.9693381], [-90.0698416, 29.9694626]]]}}, {"id": "290", "type": "Feature", "properties": {"id": "dcc69ce0-5130-4570-9568-13e24d36ae87", "name": null, "subtype": null, "class": null, "height": 3.613992214202881, "num_floors": null, "surge_class": 99, "surge_ft": 0.0, "flood_active": false, "exposure_score": 0.0, "exposure_category": "none"}, "geometry": {"type": "Polygon", "coordinates": [[[-90.0700486, 29.9693638], [-90.0701064, 29.9692987], [-90.069977, 29.9692115], [-90.0699192, 29.9692766], [-90.0700486, 29.9693638]]]}}, {"id": "291", "type": "Feature", "properties": {"id": "e0e07a66-052b-4e39-82af-3e82d4b6d201", "name": null, "subtype": null, "class": null, "height": null, "num_floors": null, "surge_class": 99, "surge_ft": 0.0, "flood_active": false, "exposure_score": 0.0, "exposure_category": "none"}, "geometry": {"type": "Polygon", "coordinates": [[[-90.070044, 29.9691825], [-90.0701456, 29.9692513], [-90.0702321, 29.9691546], [-90.0701556, 29.9691028], [-90.0700989, 29.9691662], [-90.0700738, 29.9691492], [-90.070044, 29.9691825]]]}}, {"id": "292", "type": "Feature", "properties": {"id": "25c136a8-4d6c-4826-86bb-3bcc29e9a582", "name": null, "subtype": null, "class": null, "height": null, "num_floors": null, "surge_class": 99, "surge_ft": 0.0, "flood_active": false, "exposure_score": 0.0, "exposure_category": "none"}, "geometry": {"type": "Polygon", "coordinates": [[[-90.0697765, 29.9688905], [-90.0698422, 29.9688476], [-90.0698274, 29.9688304], [-90.0697617, 29.9688734], [-90.0697765, 29.9688905]]]}}, {"id": "293", "type": "Feature", "properties": {"id": "b1e8df42-2c57-457c-a7a9-0f482379fbac", "name": null, "subtype": null, "class": null, "height": null, "num_floors": null, "surge_class": 99, "surge_ft": 0.0, "flood_active": false, "exposure_score": 0.0, "exposure_category": "none"}, "geometry": {"type": "Polygon", "coordinates": [[[-90.0706892, 29.9688731], [-90.0707519, 29.9689153], [-90.0708825, 29.9687681], [-90.0708197, 29.9687259], [-90.0706892, 29.9688731]]]}}, {"id": "294", "type": "Feature", "properties": {"id": "9684bbf6-9f02-4cb1-9a51-004a15c7a2e5", "name": null, "subtype": null, "class": null, "height": null, "num_floors": null, "surge_class": 99, "surge_ft": 0.0, "flood_active": false, "exposure_score": 0.0, "exposure_category": "none"}, "geometry": {"type": "Polygon", "coordinates": [[[-90.0703444, 29.9687154], [-90.0703694, 29.9687322], [-90.0704259, 29.9686686], [-90.0704009, 29.9686518], [-90.0703444, 29.9687154]]]}}, {"id": "295", "type": "Feature", "properties": {"id": "eeb4d159-a017-4ab0-837c-ed1581242b70", "name": null, "subtype": null, "class": null, "height": null, "num_floors": null, "surge_class": 99, "surge_ft": 0.0, "flood_active": false, "exposure_score": 0.0, "exposure_category": "none"}, "geometry": {"type": "Polygon", "coordinates": [[[-90.0704514, 29.9686942], [-90.0703998, 29.9687486], [-90.0705263, 29.9688394], [-90.0705778, 29.968785], [-90.0704514, 29.9686942]]]}}, {"id": "296", "type": "Feature", "properties": {"id": "a7d3b89a-37bf-4b3e-80dc-8ca564ff49c7", "name": null, "subtype": null, "class": null, "height": 3.4869279861450195, "num_floors": null, "surge_class": 99, "surge_ft": 0.0, "flood_active": false, "exposure_score": 0.0, "exposure_category": "none"}, "geometry": {"type": "Polygon", "coordinates": [[[-90.0706486, 29.9687045], [-90.0706986, 29.9686491], [-90.070561, 29.9685547], [-90.0705238, 29.9685959], [-90.070555, 29.9686173], [-90.0705422, 29.9686316], [-90.0706486, 29.9687045]]]}}, {"id": "297", "type": "Feature", "properties": {"id": "57c63fdc-b682-4c65-ae78-33a18c3d4413", "name": null, "subtype": null, "class": null, "height": null, "num_floors": null, "surge_class": 99, "surge_ft": 0.0, "flood_active": false, "exposure_score": 0.0, "exposure_category": "none"}, "geometry": {"type": "Polygon", "coordinates": [[[-90.070575, 29.9686987], [-90.0705919, 29.9686786], [-90.0704498, 29.9685881], [-90.0703998, 29.9686476], [-90.0705413, 29.9687377], [-90.0705545, 29.968722], [-90.070566, 29.9687293], [-90.0705859, 29.9687056], [-90.070575, 29.9686987]]]}}, {"id": "298", "type": "Feature", "properties": {"id": "d60721d5-dc12-40cf-a500-997ccbc59897", "name": null, "subtype": null, "class": null, "height": 6.29106330871582, "num_floors": null, "surge_class": 99, "surge_ft": 0.0, "flood_active": false, "exposure_score": 0.0, "exposure_category": "none"}, "geometry": {"type": "Polygon", "coordinates": [[[-90.0700449, 29.9686807], [-90.0701147, 29.9687312], [-90.0702673, 29.9685689], [-90.0701975, 29.9685184], [-90.0700449, 29.9686807]]]}}, {"id": "299", "type": "Feature", "properties": {"id": "3ad87431-33a4-4999-9fd2-314d8c441fb6", "name": null, "subtype": null, "class": null, "height": null, "num_floors": null, "surge_class": 99, "surge_ft": 0.0, "flood_active": false, "exposure_score": 0.0, "exposure_category": "none"}, "geometry": {"type": "Polygon", "coordinates": [[[-90.0701184, 29.968747], [-90.0701881, 29.9687977], [-90.0703164, 29.968664], [-90.070249, 29.968616], [-90.0701184, 29.968747]]]}}, {"id": "300", "type": "Feature", "properties": {"id": "73581a1f-0ddf-48c9-b0d1-4979978b50ea", "name": null, "subtype": null, "class": null, "height": 4.311162948608398, "num_floors": null, "surge_class": 99, "surge_ft": 0.0, "flood_active": false, "exposure_score": 0.0, "exposure_category": "none"}, "geometry": {"type": "Polygon", "coordinates": [[[-90.0701273, 29.9684587], [-90.0699838, 29.968637], [-90.0700344, 29.9686675], [-90.0701778, 29.9684892], [-90.0701273, 29.9684587]]]}}, {"id": "301", "type": "Feature", "properties": {"id": "6a4a4efa-e345-4896-bb1a-46aad3613e18", "name": null, "subtype": null, "class": null, "height": null, "num_floors": null, "surge_class": 99, "surge_ft": 0.0, "flood_active": false, "exposure_score": 0.0, "exposure_category": "none"}, "geometry": {"type": "Polygon", "coordinates": [[[-90.0702309, 29.9685089], [-90.0702769, 29.968544], [-90.0702931, 29.9685279], [-90.0702472, 29.9684927], [-90.0702309, 29.9685089]]]}}, {"id": "302", "type": "Feature", "properties": {"id": "aec8c852-9eb1-45fa-8206-0338b057bb50", "name": null, "subtype": null, "class": null, "height": 2.223968505859375, "num_floors": null, "surge_class": 99, "surge_ft": 0.0, "flood_active": false, "exposure_score": 0.0, "exposure_category": "none"}, "geometry": {"type": "Polygon", "coordinates": [[[-90.0702549, 29.9683572], [-90.070183, 29.9683819], [-90.070218, 29.9684581], [-90.0702898, 29.9684334], [-90.0702549, 29.9683572]]]}}, {"id": "303", "type": "Feature", "properties": {"id": "1ddc92e6-7145-4b53-9588-20cd1c2e216d", "name": null, "subtype": null, "class": null, "height": 2.6463212966918945, "num_floors": null, "surge_class": 99, "surge_ft": 0.0, "flood_active": false, "exposure_score": 0.0, "exposure_category": "none"}, "geometry": {"type": "Polygon", "coordinates": [[[-90.0704252, 29.9682885], [-90.0704666, 29.9683165], [-90.0706147, 29.9681504], [-90.0705734, 29.9681225], [-90.0704252, 29.9682885]]]}}, {"id": "304", "type": "Feature", "properties": {"id": "4c962d75-3448-48f5-a92a-ad56f2f338ac", "name": null, "subtype": null, "class": null, "height": null, "num_floors": null, "surge_class": 99, "surge_ft": 0.0, "flood_active": false, "exposure_score": 0.0, "exposure_category": "none"}, "geometry": {"type": "Polygon", "coordinates": [[[-90.0706852, 29.9682415], [-90.0706639, 29.9682674], [-90.0707191, 29.9683018], [-90.0707566, 29.9682561], [-90.0707279, 29.9682382], [-90.0707117, 29.968258], [-90.0706852, 29.9682415]]]}}, {"id": "305", "type": "Feature", "properties": {"id": "32a19bc4-c570-4286-ab6d-682e31f1c1af", "name": null, "subtype": null, "class": null, "height": null, "num_floors": null, "surge_class": 99, "surge_ft": 0.0, "flood_active": false, "exposure_score": 0.0, "exposure_category": "none"}, "geometry": {"type": "Polygon", "coordinates": [[[-90.0704705, 29.9683211], [-90.0705372, 29.9683654], [-90.0706859, 29.9681955], [-90.0706191, 29.9681512], [-90.0704705, 29.9683211]]]}}, {"id": "306", "type": "Feature", "properties": {"id": "49346709-9b2d-4825-8cb5-4c030c1f084a", "name": null, "subtype": null, "class": null, "height": null, "num_floors": null, "surge_class": 99, "surge_ft": 0.0, "flood_active": false, "exposure_score": 0.0, "exposure_category": "none"}, "geometry": {"type": "Polygon", "coordinates": [[[-90.0706305, 29.9684207], [-90.0707013, 29.9684692], [-90.070818, 29.9683401], [-90.0707471, 29.9682916], [-90.0706305, 29.9684207]]]}}, {"id": "307", "type": "Feature", "properties": {"id": "cd9cce71-7665-41df-b017-93c8bf2cd40c", "name": null, "subtype": null, "class": null, "height": null, "num_floors": null, "surge_class": 99, "surge_ft": 0.0, "flood_active": false, "exposure_score": 0.0, "exposure_category": "none"}, "geometry": {"type": "Polygon", "coordinates": [[[-90.0705756, 29.9683926], [-90.070619, 29.9684214], [-90.0707208, 29.9683051], [-90.070678, 29.9682766], [-90.0706593, 29.968298], [-90.0706328, 29.9682804], [-90.0705938, 29.968325], [-90.0706197, 29.9683422], [-90.0705756, 29.9683926]]]}}, {"id": "308", "type": "Feature", "properties": {"id": "9cd401c7-1b94-4d27-9c81-71099e89a4a4", "name": null, "subtype": null, "class": null, "height": null, "num_floors": null, "surge_class": 99, "surge_ft": 0.0, "flood_active": false, "exposure_score": 0.0, "exposure_category": "none"}, "geometry": {"type": "Polygon", "coordinates": [[[-90.0702443, 29.968484], [-90.0703086, 29.9685295], [-90.0703985, 29.9684331], [-90.0703588, 29.9684051], [-90.0703075, 29.9684602], [-90.0702828, 29.9684427], [-90.0702443, 29.968484]]]}}, {"id": "309", "type": "Feature", "properties": {"id": "a2095d45-6d34-45d7-af2d-f5f9b3c5b543", "name": null, "subtype": null, "class": null, "height": null, "num_floors": null, "surge_class": 99, "surge_ft": 0.0, "flood_active": false, "exposure_score": 0.0, "exposure_category": "none"}, "geometry": {"type": "Polygon", "coordinates": [[[-90.0704777, 29.9684886], [-90.070412, 29.9684412], [-90.0703033, 29.9685553], [-90.070341, 29.9685825], [-90.0703586, 29.9685641], [-90.0703865, 29.9685843], [-90.0704777, 29.9684886]]]}}, {"id": "310", "type": "Feature", "properties": {"id": "d9c8f7cd-d008-4ea4-8166-310763c597f4", "name": null, "subtype": null, "class": null, "height": null, "num_floors": null, "surge_class": 99, "surge_ft": 0.0, "flood_active": false, "exposure_score": 0.0, "exposure_category": "none"}, "geometry": {"type": "Polygon", "coordinates": [[[-90.0704457, 29.9685297], [-90.0704708, 29.9685476], [-90.0705036, 29.9685127], [-90.0704784, 29.9684948], [-90.0704457, 29.9685297]]]}}, {"id": "311", "type": "Feature", "properties": {"id": "d8c77c62-7ac4-4453-afe6-8bbc4f6e67bf", "name": null, "subtype": null, "class": null, "height": 4.841570854187012, "num_floors": null, "surge_class": 99, "surge_ft": 0.0, "flood_active": false, "exposure_score": 0.0, "exposure_category": "none"}, "geometry": {"type": "Polygon", "coordinates": [[[-90.0710216, 29.9684875], [-90.0709711, 29.9685438], [-90.0711166, 29.9686429], [-90.0711308, 29.9686271], [-90.0711577, 29.9686455], [-90.0711811, 29.9686195], [-90.0711529, 29.9686002], [-90.0711659, 29.9685858], [-90.0710216, 29.9684875]]]}}, {"id": "312", "type": "Feature", "properties": {"id": "3349996a-e019-41d9-8e16-89c5fc52d3c5", "name": null, "subtype": null, "class": null, "height": 4.355939865112305, "num_floors": null, "surge_class": 99, "surge_ft": 0.0, "flood_active": false, "exposure_score": 0.0, "exposure_category": "none"}, "geometry": {"type": "Polygon", "coordinates": [[[-90.0710831, 29.9684206], [-90.0710315, 29.9684772], [-90.0711758, 29.9685768], [-90.0712274, 29.9685202], [-90.0710831, 29.9684206]]]}}, {"id": "313", "type": "Feature", "properties": {"id": "96591396-fb23-4f8b-84ef-2e6186208d2b", "name": null, "subtype": null, "class": null, "height": 4.683656692504883, "num_floors": null, "surge_class": 99, "surge_ft": 0.0, "flood_active": false, "exposure_score": 0.0, "exposure_category": "none"}, "geometry": {"type": "Polygon", "coordinates": [[[-90.0712098, 29.9684845], [-90.0712556, 29.9684295], [-90.071121, 29.9683455], [-90.0710752, 29.9684005], [-90.0712098, 29.9684845]]]}}, {"id": "314", "type": "Feature", "properties": {"id": "3b0dffa8-8bd5-4d38-ab07-0bafa66238c1", "name": null, "subtype": null, "class": null, "height": null, "num_floors": null, "surge_class": 99, "surge_ft": 0.0, "flood_active": false, "exposure_score": 0.0, "exposure_category": "none"}, "geometry": {"type": "Polygon", "coordinates": [[[-90.0707108, 29.9684802], [-90.0707921, 29.9685331], [-90.070947, 29.9683527], [-90.0708854, 29.9683141], [-90.0708622, 29.9683428], [-90.0708408, 29.9683289], [-90.0707108, 29.9684802]]]}}, {"id": "315", "type": "Feature", "properties": {"id": "5dad96d1-d3aa-474f-a2c3-c3f635983846", "name": null, "subtype": null, "class": null, "height": 2.683333396911621, "num_floors": null, "surge_class": 99, "surge_ft": 0.0, "flood_active": false, "exposure_score": 0.0, "exposure_category": "none"}, "geometry": {"type": "Polygon", "coordinates": [[[-90.070815, 29.9682072], [-90.0707871, 29.96824], [-90.0709581, 29.9683502], [-90.0709966, 29.9683048], [-90.0708586, 29.9682159], [-90.070848, 29.9682285], [-90.070815, 29.9682072]]]}}, {"id": "316", "type": "Feature", "properties": {"id": "be0c1897-0e4c-43ea-9421-2d5447909b74", "name": null, "subtype": null, "class": null, "height": 5.012719631195068, "num_floors": null, "surge_class": 99, "surge_ft": 0.0, "flood_active": false, "exposure_score": 0.0, "exposure_category": "none"}, "geometry": {"type": "Polygon", "coordinates": [[[-90.0707578, 29.9681081], [-90.071005, 29.9682813], [-90.0710849, 29.9681963], [-90.0708324, 29.9680249], [-90.0707578, 29.9681081]]]}}, {"id": "317", "type": "Feature", "properties": {"id": "3cf3d361-b80d-4a23-9906-31ec1622d3ad", "name": null, "subtype": null, "class": null, "height": 3.5053021907806396, "num_floors": null, "surge_class": 99, "surge_ft": 0.0, "flood_active": false, "exposure_score": 0.0, "exposure_category": "none"}, "geometry": {"type": "Polygon", "coordinates": [[[-90.0712516, 29.968264], [-90.0711848, 29.9683385], [-90.0712832, 29.9684048], [-90.0713501, 29.9683304], [-90.0712516, 29.968264]]]}}, {"id": "318", "type": "Feature", "properties": {"id": "a54e2dfd-23ec-46b5-a1d0-e685de814ee0", "name": null, "subtype": null, "class": null, "height": null, "num_floors": null, "surge_class": 99, "surge_ft": 0.0, "flood_active": false, "exposure_score": 0.0, "exposure_category": "none"}, "geometry": {"type": "Polygon", "coordinates": [[[-90.0714009, 29.9682838], [-90.0714696, 29.9683321], [-90.0716171, 29.9681731], [-90.0715484, 29.9681248], [-90.0714009, 29.9682838]]]}}, {"id": "319", "type": "Feature", "properties": {"id": "483eb78c-bece-43ed-bbbd-a47518ac9953", "name": null, "subtype": null, "class": null, "height": null, "num_floors": null, "surge_class": 99, "surge_ft": 0.0, "flood_active": false, "exposure_score": 0.0, "exposure_category": "none"}, "geometry": {"type": "Polygon", "coordinates": [[[-90.0713293, 29.9682644], [-90.0713711, 29.968293], [-90.0715403, 29.9681035], [-90.0714851, 29.9680658], [-90.0713949, 29.9681661], [-90.0714082, 29.9681752], [-90.0713293, 29.9682644]]]}}, {"id": "320", "type": "Feature", "properties": {"id": "1319aea6-b2d3-455c-ac8e-e3931b1711c4", "name": null, "subtype": null, "class": null, "height": 4.749767303466797, "num_floors": null, "surge_class": 99, "surge_ft": 0.0, "flood_active": false, "exposure_score": 0.0, "exposure_category": "none"}, "geometry": {"type": "Polygon", "coordinates": [[[-90.0715165, 29.9683822], [-90.0715816, 29.9684249], [-90.0717025, 29.9682856], [-90.0716391, 29.9682437], [-90.0715996, 29.9682884], [-90.0715847, 29.9682775], [-90.0716104, 29.9682455], [-90.0715804, 29.9682265], [-90.071536, 29.9682793], [-90.0715817, 29.9683086], [-90.0715165, 29.9683822]]]}}, {"id": "321", "type": "Feature", "properties": {"id": "f5459a7b-c52c-42ef-87a6-413414a68511", "name": null, "subtype": null, "class": null, "height": 4.375657081604004, "num_floors": null, "surge_class": 99, "surge_ft": 0.0, "flood_active": false, "exposure_score": 0.0, "exposure_category": "none"}, "geometry": {"type": "Polygon", "coordinates": [[[-90.0715888, 29.9684622], [-90.0716556, 29.9685063], [-90.0717564, 29.9683907], [-90.0716895, 29.9683465], [-90.0715888, 29.9684622]]]}}, {"id": "322", "type": "Feature", "properties": {"id": "79d4efc9-8a5e-4ac2-8d7f-105ec4dc975a", "name": null, "subtype": null, "class": null, "height": 3.688735246658325, "num_floors": null, "surge_class": 99, "surge_ft": 0.0, "flood_active": false, "exposure_score": 0.0, "exposure_category": "none"}, "geometry": {"type": "Polygon", "coordinates": [[[-90.0716165, 29.9685618], [-90.0715411, 29.968512], [-90.0714701, 29.9685933], [-90.0715038, 29.9686156], [-90.0715479, 29.968565], [-90.0715897, 29.9685926], [-90.0716165, 29.9685618]]]}}, {"id": "323", "type": "Feature", "properties": {"id": "18cb81e7-39e5-4660-8731-4a6e1be31776", "name": null, "subtype": null, "class": null, "height": null, "num_floors": null, "surge_class": 99, "surge_ft": 0.0, "flood_active": false, "exposure_score": 0.0, "exposure_category": "none"}, "geometry": {"type": "Polygon", "coordinates": [[[-90.0716368, 29.9686979], [-90.071897, 29.9688761], [-90.0719516, 29.9688164], [-90.0716928, 29.9686367], [-90.0716368, 29.9686979]]]}}, {"id": "324", "type": "Feature", "properties": {"id": "3291d894-1049-44cd-81f6-5e19e9c39247", "name": null, "subtype": null, "class": null, "height": null, "num_floors": null, "surge_class": 99, "surge_ft": 0.0, "flood_active": false, "exposure_score": 0.0, "exposure_category": "none"}, "geometry": {"type": "Polygon", "coordinates": [[[-90.0713892, 29.9688322], [-90.0714595, 29.9688817], [-90.0716304, 29.9686975], [-90.0715565, 29.9686456], [-90.0715332, 29.9686707], [-90.0715649, 29.968693], [-90.0715288, 29.9687319], [-90.0715006, 29.9687121], [-90.0713892, 29.9688322]]]}}, {"id": "325", "type": "Feature", "properties": {"id": "3f6ccb69-7123-42a5-80c5-403bc757c047", "name": null, "subtype": null, "class": null, "height": null, "num_floors": null, "surge_class": 99, "surge_ft": 0.0, "flood_active": false, "exposure_score": 0.0, "exposure_category": "none"}, "geometry": {"type": "Polygon", "coordinates": [[[-90.071346, 29.9688562], [-90.071509, 29.9686725], [-90.0714711, 29.9686469], [-90.0713081, 29.9688307], [-90.071346, 29.9688562]]]}}, {"id": "326", "type": "Feature", "properties": {"id": "b35ba59a-8322-4921-8730-be36eaee1e15", "name": null, "subtype": null, "class": null, "height": null, "num_floors": null, "surge_class": 99, "surge_ft": 0.0, "flood_active": false, "exposure_score": 0.0, "exposure_category": "none"}, "geometry": {"type": "Polygon", "coordinates": [[[-90.071376, 29.9685693], [-90.0714516, 29.9686237], [-90.0714695, 29.9686049], [-90.0713938, 29.9685505], [-90.071376, 29.9685693]]]}}, {"id": "327", "type": "Feature", "properties": {"id": "32760a84-1209-452c-adc8-f26d7fdd1f01", "name": null, "subtype": null, "class": null, "height": null, "num_floors": null, "surge_class": 99, "surge_ft": 0.0, "flood_active": false, "exposure_score": 0.0, "exposure_category": "none"}, "geometry": {"type": "Polygon", "coordinates": [[[-90.0713016, 29.9686493], [-90.0713442, 29.9686008], [-90.071262, 29.9685461], [-90.0710882, 29.9687444], [-90.071162, 29.9687935], [-90.0712525, 29.9686903], [-90.071244, 29.9686847], [-90.0712594, 29.9686672], [-90.0712332, 29.9686497], [-90.0712586, 29.9686207], [-90.0713016, 29.9686493]]]}}, {"id": "328", "type": "Feature", "properties": {"id": "bdb7b146-435a-4768-8dd6-cbf90dc14367", "name": null, "subtype": null, "class": null, "height": 3.771682024002075, "num_floors": null, "surge_class": 99, "surge_ft": 0.0, "flood_active": false, "exposure_score": 0.0, "exposure_category": "none"}, "geometry": {"type": "Polygon", "coordinates": [[[-90.0711122, 29.9686531], [-90.0709688, 29.9685535], [-90.0709099, 29.9686178], [-90.0710532, 29.9687174], [-90.0711122, 29.9686531]]]}}, {"id": "329", "type": "Feature", "properties": {"id": "2e4d6eeb-3561-47a7-ae2f-80e884998f2f", "name": null, "subtype": null, "class": null, "height": null, "num_floors": null, "surge_class": 99, "surge_ft": 0.0, "flood_active": false, "exposure_score": 0.0, "exposure_category": "none"}, "geometry": {"type": "Polygon", "coordinates": [[[-90.0713996, 29.9686774], [-90.0713325, 29.9686304], [-90.0711732, 29.9688031], [-90.0712393, 29.9688479], [-90.0713996, 29.9686774]]]}}, {"id": "330", "type": "Feature", "properties": {"id": "95cb9446-15c8-4160-87b7-2596d0b2c193", "name": null, "subtype": null, "class": null, "height": null, "num_floors": null, "surge_class": 99, "surge_ft": 0.0, "flood_active": false, "exposure_score": 0.0, "exposure_category": "none"}, "geometry": {"type": "Polygon", "coordinates": [[[-90.070764, 29.968923], [-90.0708282, 29.9689659], [-90.0709581, 29.9688187], [-90.0708939, 29.9687758], [-90.070764, 29.968923]]]}}, {"id": "331", "type": "Feature", "properties": {"id": "5c43cc85-e8bd-4bd4-a8fa-c5364e2bbc72", "name": null, "subtype": null, "class": null, "height": null, "num_floors": null, "surge_class": 99, "surge_ft": 0.0, "flood_active": false, "exposure_score": 0.0, "exposure_category": "none"}, "geometry": {"type": "Polygon", "coordinates": [[[-90.0708274, 29.9689897], [-90.070889, 29.9690324], [-90.0710346, 29.968873], [-90.0709729, 29.9688303], [-90.0708274, 29.9689897]]]}}, {"id": "332", "type": "Feature", "properties": {"id": "ad4766ac-dbc9-4801-aa35-251001dd7e59", "name": null, "subtype": null, "class": null, "height": null, "num_floors": null, "surge_class": 99, "surge_ft": 0.0, "flood_active": false, "exposure_score": 0.0, "exposure_category": "none"}, "geometry": {"type": "Polygon", "coordinates": [[[-90.0708922, 29.9690603], [-90.0709583, 29.9691049], [-90.0711149, 29.9689291], [-90.0710835, 29.9689079], [-90.0709743, 29.9690306], [-90.0709396, 29.9690071], [-90.0708922, 29.9690603]]]}}, {"id": "333", "type": "Feature", "properties": {"id": "5a6d28d4-6fd2-4fd3-b26d-e40ab9248562", "name": null, "subtype": null, "class": null, "height": 3.910919427871704, "num_floors": null, "surge_class": 99, "surge_ft": 0.0, "flood_active": false, "exposure_score": 0.0, "exposure_category": "none"}, "geometry": {"type": "Polygon", "coordinates": [[[-90.0714933, 29.9690251], [-90.071573, 29.9690802], [-90.0716271, 29.9690209], [-90.0715474, 29.9689658], [-90.0714933, 29.9690251]]]}}, {"id": "334", "type": "Feature", "properties": {"id": "6abe88e9-5c8c-42a8-a3ec-7a3112d38571", "name": null, "subtype": null, "class": null, "height": 5.396390438079834, "num_floors": null, "surge_class": 99, "surge_ft": 0.0, "flood_active": false, "exposure_score": 0.0, "exposure_category": "none"}, "geometry": {"type": "Polygon", "coordinates": [[[-90.0714512, 29.9689244], [-90.0715168, 29.9689689], [-90.071639, 29.9688323], [-90.0715733, 29.9687878], [-90.0714512, 29.9689244]]]}}, {"id": "335", "type": "Feature", "properties": {"id": "989ba0a5-6a1d-4b6f-9151-f76c0615b969", "name": null, "subtype": null, "class": null, "height": null, "num_floors": null, "surge_class": 99, "surge_ft": 0.0, "flood_active": false, "exposure_score": 0.0, "exposure_category": "none"}, "geometry": {"type": "Polygon", "coordinates": [[[-90.0717175, 29.9688259], [-90.0717449, 29.9688448], [-90.0717358, 29.9688549], [-90.0718479, 29.968932], [-90.0718961, 29.9688788], [-90.0717844, 29.9688019], [-90.0717764, 29.9688107], [-90.0717486, 29.9687916], [-90.0717175, 29.9688259]]]}}, {"id": "336", "type": "Feature", "properties": {"id": "7b70da49-6e6a-4880-bc29-591ec276ea84", "name": null, "subtype": null, "class": null, "height": null, "num_floors": null, "surge_class": 99, "surge_ft": 0.0, "flood_active": false, "exposure_score": 0.0, "exposure_category": "none"}, "geometry": {"type": "Polygon", "coordinates": [[[-90.0717119, 29.9688582], [-90.0716688, 29.9689067], [-90.0717945, 29.9689914], [-90.0718451, 29.9689344], [-90.0717646, 29.9688801], [-90.071757, 29.9688886], [-90.0717119, 29.9688582]]]}}, {"id": "337", "type": "Feature", "properties": {"id": "78d8d554-4216-45ff-bf10-387194463a1c", "name": null, "subtype": null, "class": null, "height": 5.198491096496582, "num_floors": null, "surge_class": 99, "surge_ft": 0.0, "flood_active": false, "exposure_score": 0.0, "exposure_category": "none"}, "geometry": {"type": "Polygon", "coordinates": [[[-90.0716475, 29.9689062], [-90.0716015, 29.9689561], [-90.0717328, 29.9690493], [-90.0717825, 29.9689986], [-90.0716475, 29.9689062]]]}}, {"id": "338", "type": "Feature", "properties": {"id": "69c1e933-ff99-4b0a-bf75-9b2e4cc44f8d", "name": null, "subtype": null, "class": null, "height": 5.148100852966309, "num_floors": null, "surge_class": 99, "surge_ft": 0.0, "flood_active": false, "exposure_score": 0.0, "exposure_category": "none"}, "geometry": {"type": "Polygon", "coordinates": [[[-90.0723068, 29.9688983], [-90.0721967, 29.9690206], [-90.0724184, 29.969172], [-90.0725354, 29.9690421], [-90.0724342, 29.968973], [-90.0725511, 29.9688432], [-90.0724392, 29.9687667], [-90.0723154, 29.9689042], [-90.0723068, 29.9688983]]]}}, {"id": "339", "type": "Feature", "properties": {"id": "35ff0aef-9601-4595-ab18-28748aa3c9ca", "name": null, "subtype": null, "class": null, "height": null, "num_floors": null, "surge_class": 99, "surge_ft": 0.0, "flood_active": false, "exposure_score": 0.0, "exposure_category": "none"}, "geometry": {"type": "Polygon", "coordinates": [[[-90.0720769, 29.9688811], [-90.0720397, 29.9689229], [-90.072176, 29.9690149], [-90.0722225, 29.9689626], [-90.0721993, 29.9689469], [-90.07219, 29.9689574], [-90.0720769, 29.9688811]]]}}, {"id": "340", "type": "Feature", "properties": {"id": "7d169c2a-4933-4d29-a189-df602a6e4800", "name": null, "subtype": null, "class": null, "height": 4.600449562072754, "num_floors": null, "surge_class": 99, "surge_ft": 0.0, "flood_active": false, "exposure_score": 0.0, "exposure_category": "none"}, "geometry": {"type": "Polygon", "coordinates": [[[-90.0722385, 29.9688744], [-90.0722804, 29.9689034], [-90.0724444, 29.9687234], [-90.0723985, 29.9686937], [-90.0722385, 29.9688744]]]}}, {"id": "341", "type": "Feature", "properties": {"id": "f496b1ff-3da9-48af-a50a-a3ab48bd4cd8", "name": null, "subtype": null, "class": null, "height": 4.8118391036987305, "num_floors": null, "surge_class": 99, "surge_ft": 0.0, "flood_active": false, "exposure_score": 0.0, "exposure_category": "none"}, "geometry": {"type": "Polygon", "coordinates": [[[-90.071803, 29.9686784], [-90.0718221, 29.9686916], [-90.0718125, 29.9687023], [-90.0719605, 29.9688044], [-90.0720128, 29.9687469], [-90.0718651, 29.968645], [-90.071855, 29.9686561], [-90.0718355, 29.9686427], [-90.071803, 29.9686784]]]}}, {"id": "342", "type": "Feature", "properties": {"id": "108dcd0c-cf56-46ca-a6a4-8cf3b49cc90d", "name": null, "subtype": null, "class": null, "height": 4.594056129455566, "num_floors": null, "surge_class": 99, "surge_ft": 0.0, "flood_active": false, "exposure_score": 0.0, "exposure_category": "none"}, "geometry": {"type": "Polygon", "coordinates": [[[-90.0720291, 29.9686906], [-90.0720437, 29.9687005], [-90.0721772, 29.9685511], [-90.0721067, 29.9685034], [-90.0719732, 29.9686528], [-90.0719791, 29.9686567], [-90.0719611, 29.968676], [-90.0720099, 29.9687108], [-90.0720291, 29.9686906]]]}}, {"id": "343", "type": "Feature", "properties": {"id": "5681ea2c-e41a-4f3a-9fc6-aeba04961662", "name": null, "subtype": null, "class": null, "height": 3.568307638168335, "num_floors": null, "surge_class": 99, "surge_ft": 0.0, "flood_active": false, "exposure_score": 0.0, "exposure_category": "none"}, "geometry": {"type": "Polygon", "coordinates": [[[-90.0722808, 29.9687913], [-90.07229, 29.9687976], [-90.0723913, 29.9686866], [-90.0723071, 29.9686283], [-90.0722057, 29.9687394], [-90.0722193, 29.9687488], [-90.0721702, 29.9688026], [-90.0722316, 29.9688451], [-90.0722808, 29.9687913]]]}}, {"id": "344", "type": "Feature", "properties": {"id": "4df29d11-dba7-4b08-acf7-3d6dbb60ddcd", "name": null, "subtype": null, "class": null, "height": 5.072818756103516, "num_floors": null, "surge_class": 99, "surge_ft": 0.0, "flood_active": false, "exposure_score": 0.0, "exposure_category": "none"}, "geometry": {"type": "Polygon", "coordinates": [[[-90.0731784, 29.9688745], [-90.0732535, 29.9689267], [-90.0733792, 29.9687898], [-90.0733041, 29.9687376], [-90.0731784, 29.9688745]]]}}, {"id": "345", "type": "Feature", "properties": {"id": "31660e47-8fe0-490f-a453-8c94c49f960c", "name": null, "subtype": null, "class": null, "height": null, "num_floors": null, "surge_class": 99, "surge_ft": 0.0, "flood_active": false, "exposure_score": 0.0, "exposure_category": "none"}, "geometry": {"type": "Polygon", "coordinates": [[[-90.0734759, 29.9690659], [-90.0735176, 29.969094], [-90.073683, 29.9689078], [-90.0736413, 29.9688797], [-90.0734759, 29.9690659]]]}}, {"id": "346", "type": "Feature", "properties": {"id": "16ce30b1-2846-4bd1-a260-3a8fce8fbaca", "name": null, "subtype": null, "class": null, "height": null, "num_floors": null, "surge_class": 99, "surge_ft": 0.0, "flood_active": false, "exposure_score": 0.0, "exposure_category": "none"}, "geometry": {"type": "Polygon", "coordinates": [[[-90.0736569, 29.9688671], [-90.0737356, 29.9689216], [-90.073796, 29.9688554], [-90.0736449, 29.9687509], [-90.0736023, 29.9687976], [-90.0736747, 29.9688477], [-90.0736569, 29.9688671]]]}}, {"id": "347", "type": "Feature", "properties": {"id": "8e9abcaf-d851-44bd-8b73-d0b50f0de05a", "name": null, "subtype": null, "class": null, "height": 2.984426975250244, "num_floors": null, "surge_class": 99, "surge_ft": 0.0, "flood_active": false, "exposure_score": 0.0, "exposure_category": "none"}, "geometry": {"type": "Polygon", "coordinates": [[[-90.0739178, 29.9688877], [-90.0739711, 29.9688331], [-90.0739732, 29.9688123], [-90.0737514, 29.9686552], [-90.0737004, 29.9687134], [-90.073806, 29.968781], [-90.0737955, 29.9687927], [-90.0737998, 29.9688095], [-90.0738158, 29.968821], [-90.0738338, 29.9688196], [-90.0738556, 29.9688347], [-90.0738572, 29.9688488], [-90.0739178, 29.9688877]]]}}, {"id": "348", "type": "Feature", "properties": {"id": "69d131a2-59b1-4ae5-98d0-57587604e55c", "name": null, "subtype": null, "class": null, "height": 6.595086574554443, "num_floors": null, "surge_class": 99, "surge_ft": 0.0, "flood_active": false, "exposure_score": 0.0, "exposure_category": "none"}, "geometry": {"type": "Polygon", "coordinates": [[[-90.0737541, 29.9685907], [-90.073904, 29.9686925], [-90.0739932, 29.9685814], [-90.0738494, 29.9684803], [-90.0737541, 29.9685907]]]}}, {"id": "349", "type": "Feature", "properties": {"id": "d4c22802-fc9f-4c8f-beff-be811345dc5e", "name": null, "subtype": null, "class": null, "height": null, "num_floors": null, "surge_class": 99, "surge_ft": 0.0, "flood_active": false, "exposure_score": 0.0, "exposure_category": "none"}, "geometry": {"type": "Polygon", "coordinates": [[[-90.0732912, 29.9686047], [-90.073297, 29.9685979], [-90.0732195, 29.9685479], [-90.073198, 29.9685732], [-90.0732753, 29.9686231], [-90.0732796, 29.968618], [-90.0732903, 29.9686249], [-90.0733017, 29.9686115], [-90.0732912, 29.9686047]]]}}, {"id": "350", "type": "Feature", "properties": {"id": "09e4d8e6-560e-4906-82fc-01faae69ab31", "name": null, "subtype": null, "class": null, "height": 5.509212017059326, "num_floors": null, "surge_class": 99, "surge_ft": 0.0, "flood_active": false, "exposure_score": 0.0, "exposure_category": "none"}, "geometry": {"type": "Polygon", "coordinates": [[[-90.0731032, 29.96883], [-90.0731679, 29.9688727], [-90.0733366, 29.9686786], [-90.0732759, 29.9686384], [-90.0731032, 29.96883]]]}}, {"id": "351", "type": "Feature", "properties": {"id": "f3f4ee4c-dbce-4452-8e57-5cac2e1ca155", "name": null, "subtype": null, "class": null, "height": null, "num_floors": null, "surge_class": 99, "surge_ft": 0.0, "flood_active": false, "exposure_score": 0.0, "exposure_category": "none"}, "geometry": {"type": "Polygon", "coordinates": [[[-90.0729823, 29.9687235], [-90.0730374, 29.9687622], [-90.073154, 29.9686364], [-90.0731134, 29.9686079], [-90.0730856, 29.968638], [-90.073071, 29.9686277], [-90.0729823, 29.9687235]]]}}, {"id": "352", "type": "Feature", "properties": {"id": "ce625f17-5aed-4296-b20b-31ed255bc37e", "name": null, "subtype": null, "class": null, "height": 6.088799476623535, "num_floors": null, "surge_class": 99, "surge_ft": 0.0, "flood_active": false, "exposure_score": 0.0, "exposure_category": "none"}, "geometry": {"type": "Polygon", "coordinates": [[[-90.0732346, 29.9686614], [-90.0731752, 29.9686189], [-90.0730416, 29.9687604], [-90.0731094, 29.968809], [-90.0731897, 29.9687239], [-90.0731813, 29.9687179], [-90.0732346, 29.9686614]]]}}, {"id": "353", "type": "Feature", "properties": {"id": "67e6d710-e22d-403e-8370-26f74dc70003", "name": null, "subtype": null, "class": null, "height": null, "num_floors": null, "surge_class": 99, "surge_ft": 0.0, "flood_active": false, "exposure_score": 0.0, "exposure_category": "none"}, "geometry": {"type": "Polygon", "coordinates": [[[-90.0730969, 29.9685575], [-90.0731294, 29.9685234], [-90.0730694, 29.9684799], [-90.0728825, 29.9686755], [-90.0729511, 29.9687252], [-90.0731055, 29.9685637], [-90.0730969, 29.9685575]]]}}, {"id": "354", "type": "Feature", "properties": {"id": "0cce89b0-3f61-4676-9442-8b312841cd4a", "name": null, "subtype": null, "class": null, "height": null, "num_floors": null, "surge_class": 99, "surge_ft": 0.0, "flood_active": false, "exposure_score": 0.0, "exposure_category": "none"}, "geometry": {"type": "Polygon", "coordinates": [[[-90.0728106, 29.9686189], [-90.072874, 29.968663], [-90.0730367, 29.9684856], [-90.0729732, 29.9684416], [-90.0728106, 29.9686189]]]}}, {"id": "355", "type": "Feature", "properties": {"id": "dd6d2ac7-9173-4b22-84ea-e76e7baf5404", "name": null, "subtype": null, "class": null, "height": null, "num_floors": null, "surge_class": 99, "surge_ft": 0.0, "flood_active": false, "exposure_score": 0.0, "exposure_category": "none"}, "geometry": {"type": "Polygon", "coordinates": [[[-90.0731511, 29.9684411], [-90.0731646, 29.9684269], [-90.0730379, 29.9683424], [-90.0729989, 29.9683834], [-90.0729932, 29.9683899], [-90.0730013, 29.9683949], [-90.072983, 29.9684159], [-90.0730585, 29.9684659], [-90.073076, 29.968446], [-90.0731204, 29.9684756], [-90.0731511, 29.9684411]]]}}, {"id": "356", "type": "Feature", "properties": {"id": "67e4bfda-0f74-4b39-8262-547350e6b8cb", "name": null, "subtype": "outbuilding", "class": "roof", "height": null, "num_floors": null, "surge_class": 99, "surge_ft": 0.0, "flood_active": false, "exposure_score": 0.0, "exposure_category": "none"}, "geometry": {"type": "Polygon", "coordinates": [[[-90.073135, 29.9684766], [-90.0731522, 29.9684881], [-90.0732484, 29.9683804], [-90.0732672, 29.9683914], [-90.0733591, 29.9682857], [-90.0734771, 29.9683618], [-90.073535, 29.9682936], [-90.0735249, 29.9682869], [-90.0734771, 29.9683408], [-90.0734638, 29.9683319], [-90.0734704, 29.9683244], [-90.0734496, 29.9683105], [-90.0734437, 29.9683172], [-90.0733921, 29.9682828], [-90.0734037, 29.9682697], [-90.0733565, 29.9682386], [-90.0732994, 29.9683018], [-90.073266, 29.9682791], [-90.0732505, 29.9682963], [-90.0732673, 29.9683077], [-90.0732815, 29.9683173], [-90.0732307, 29.9683736], [-90.0732113, 29.9683604], [-90.0731918, 29.9683708], [-90.0732166, 29.9683871], [-90.073177, 29.9684327], [-90.0731646, 29.9684269], [-90.0731511, 29.9684411], [-90.0731609, 29.9684476], [-90.073135, 29.9684766]]]}}, {"id": "357", "type": "Feature", "properties": {"id": "e098e8eb-b698-4fb4-88a8-435ad0a85a3d", "name": null, "subtype": null, "class": null, "height": null, "num_floors": null, "surge_class": 99, "surge_ft": 0.0, "flood_active": false, "exposure_score": 0.0, "exposure_category": "none"}, "geometry": {"type": "Polygon", "coordinates": [[[-90.0735392, 29.9682889], [-90.073535, 29.9682936], [-90.0734771, 29.9683618], [-90.0733591, 29.9682857], [-90.0732672, 29.9683914], [-90.0732484, 29.9683804], [-90.0731522, 29.9684881], [-90.0734612, 29.9686945], [-90.0735642, 29.968577], [-90.073553, 29.9685695], [-90.0735854, 29.9685324], [-90.0735985, 29.9685318], [-90.0736097, 29.9685232], [-90.0736173, 29.9685274], [-90.0736591, 29.9684796], [-90.0736451, 29.9684703], [-90.0737813, 29.9683143], [-90.0737426, 29.9682887], [-90.0737515, 29.9682786], [-90.0737267, 29.9682621], [-90.0737178, 29.9682722], [-90.0737113, 29.968268], [-90.0737332, 29.968243], [-90.0736443, 29.9681843], [-90.0735472, 29.9682943], [-90.0735392, 29.9682889]]]}}, {"id": "358", "type": "Feature", "properties": {"id": "8051dddd-10b3-4a62-86c5-174ff56a0651", "name": null, "subtype": null, "class": null, "height": null, "num_floors": null, "surge_class": 99, "surge_ft": 0.0, "flood_active": false, "exposure_score": 0.0, "exposure_category": "none"}, "geometry": {"type": "Polygon", "coordinates": [[[-90.0733565, 29.9682386], [-90.0734037, 29.9682697], [-90.0734524, 29.9683021], [-90.0734978, 29.9682508], [-90.0734903, 29.9682459], [-90.0735792, 29.9681454], [-90.0735342, 29.9681156], [-90.0735272, 29.9681236], [-90.0734663, 29.9680832], [-90.0734271, 29.9681307], [-90.0734156, 29.9681229], [-90.0733794, 29.968163], [-90.0733856, 29.9681673], [-90.0733346, 29.9682238], [-90.0733565, 29.9682386]]]}}, {"id": "359", "type": "Feature", "properties": {"id": "6676acf8-9d4b-46e0-9c43-0abc0d513a04", "name": "Saint Peter Claver Catholic Church", "subtype": "religious", "class": "church", "height": null, "num_floors": null, "surge_class": 99, "surge_ft": 0.0, "flood_active": false, "exposure_score": 0.0, "exposure_category": "none"}, "geometry": {"type": "Polygon", "coordinates": [[[-90.0732505, 29.9682963], [-90.073266, 29.9682791], [-90.0734201, 29.9680987], [-90.0733826, 29.9680719], [-90.07341, 29.9680406], [-90.0733718, 29.9680144], [-90.073345, 29.9680458], [-90.0733119, 29.9680211], [-90.0732985, 29.968012], [-90.073118, 29.9682121], [-90.0731016, 29.9682009], [-90.0730272, 29.9682834], [-90.0730573, 29.9683078], [-90.0730614, 29.9683455], [-90.0731023, 29.9683752], [-90.0731438, 29.9683688], [-90.073164, 29.9683821], [-90.0731918, 29.9683708], [-90.0732113, 29.9683604], [-90.0732263, 29.968345], [-90.073233, 29.9683531], [-90.0732545, 29.9683333], [-90.0732484, 29.9683258], [-90.0732673, 29.9683077], [-90.0732505, 29.9682963]]]}}, {"id": "360", "type": "Feature", "properties": {"id": "6ed11490-4325-4433-a8bc-c8d9debfc952", "name": null, "subtype": "outbuilding", "class": "roof", "height": null, "num_floors": null, "surge_class": 99, "surge_ft": 0.0, "flood_active": false, "exposure_score": 0.0, "exposure_category": "none"}, "geometry": {"type": "Polygon", "coordinates": [[[-90.073006, 29.9683214], [-90.0730379, 29.9683424], [-90.0730193, 29.9682774], [-90.0728323, 29.9681515], [-90.0728242, 29.9681604], [-90.0730001, 29.9682857], [-90.0730046, 29.9683127], [-90.073006, 29.9683214]]]}}, {"id": "361", "type": "Feature", "properties": {"id": "596b48dd-a59a-4675-ab77-cb2f1703b4d6", "name": null, "subtype": null, "class": null, "height": null, "num_floors": null, "surge_class": 99, "surge_ft": 0.0, "flood_active": false, "exposure_score": 0.0, "exposure_category": "none"}, "geometry": {"type": "Polygon", "coordinates": [[[-90.0729676, 29.9683653], [-90.0729989, 29.9683834], [-90.0730379, 29.9683424], [-90.073006, 29.9683214], [-90.0730046, 29.9683127], [-90.0729876, 29.9682998], [-90.0730001, 29.9682857], [-90.0728242, 29.9681604], [-90.0727822, 29.9681321], [-90.0727731, 29.968126], [-90.0727178, 29.9681877], [-90.0729036, 29.9683128], [-90.0728786, 29.9683406], [-90.0728477, 29.9683198], [-90.072796, 29.9683773], [-90.0728026, 29.9683817], [-90.0726916, 29.9685053], [-90.0728077, 29.9685835], [-90.0728459, 29.9685409], [-90.0728544, 29.9685466], [-90.0729782, 29.9684088], [-90.0729475, 29.9683877], [-90.0729676, 29.9683653]]]}}, {"id": "362", "type": "Feature", "properties": {"id": "cb11c7c0-fc3d-4bd8-ab24-b8b3efee0a54", "name": null, "subtype": null, "class": null, "height": 4.583186149597168, "num_floors": null, "surge_class": 99, "surge_ft": 0.0, "flood_active": false, "exposure_score": 0.0, "exposure_category": "none"}, "geometry": {"type": "Polygon", "coordinates": [[[-90.0718864, 29.9685828], [-90.0719582, 29.9686312], [-90.0720913, 29.9684814], [-90.0720195, 29.968433], [-90.0718864, 29.9685828]]]}}, {"id": "363", "type": "Feature", "properties": {"id": "87509199-814b-4adc-b290-d13c38e2c5e1", "name": null, "subtype": null, "class": null, "height": 4.327190399169922, "num_floors": null, "surge_class": 99, "surge_ft": 0.0, "flood_active": false, "exposure_score": 0.0, "exposure_category": "none"}, "geometry": {"type": "Polygon", "coordinates": [[[-90.071754, 29.968576], [-90.0718278, 29.9686252], [-90.0719668, 29.9684673], [-90.071893, 29.9684181], [-90.071754, 29.968576]]]}}, {"id": "364", "type": "Feature", "properties": {"id": "ed064aad-5bcc-41d8-a61c-c26032d37b4e", "name": null, "subtype": null, "class": null, "height": null, "num_floors": null, "surge_class": 99, "surge_ft": 0.0, "flood_active": false, "exposure_score": 0.0, "exposure_category": "none"}, "geometry": {"type": "Polygon", "coordinates": [[[-90.0720671, 29.9681015], [-90.0721186, 29.9681393], [-90.0721964, 29.9680589], [-90.0721911, 29.968055], [-90.0722247, 29.9680204], [-90.0721847, 29.967991], [-90.0721513, 29.9680255], [-90.0721371, 29.968015], [-90.072072, 29.9680822], [-90.07208, 29.9680881], [-90.0720671, 29.9681015]]]}}, {"id": "365", "type": "Feature", "properties": {"id": "28f2c29b-4cef-4af5-ac96-fab93f24179f", "name": null, "subtype": null, "class": null, "height": 5.698062419891357, "num_floors": null, "surge_class": 99, "surge_ft": 0.0, "flood_active": false, "exposure_score": 0.0, "exposure_category": "none"}, "geometry": {"type": "Polygon", "coordinates": [[[-90.0724118, 29.9680396], [-90.0722975, 29.9679648], [-90.0721664, 29.9681166], [-90.0722797, 29.9681908], [-90.0723337, 29.9681282], [-90.0723409, 29.9681328], [-90.0723775, 29.9680904], [-90.0723714, 29.9680864], [-90.0724118, 29.9680396]]]}}, {"id": "366", "type": "Feature", "properties": {"id": "789b78ee-ff98-4e87-a8a9-59fb535cc974", "name": null, "subtype": null, "class": null, "height": 6.002587795257568, "num_floors": null, "surge_class": 99, "surge_ft": 0.0, "flood_active": false, "exposure_score": 0.0, "exposure_category": "none"}, "geometry": {"type": "Polygon", "coordinates": [[[-90.0719929, 29.9680072], [-90.0720694, 29.9680614], [-90.0721682, 29.9679555], [-90.0720917, 29.9679014], [-90.0719929, 29.9680072]]]}}, {"id": "367", "type": "Feature", "properties": {"id": "3e8de075-0055-42a7-96c0-a270299e3d4a", "name": null, "subtype": null, "class": null, "height": 6.228306293487549, "num_floors": null, "surge_class": 99, "surge_ft": 0.0, "flood_active": false, "exposure_score": 0.0, "exposure_category": "none"}, "geometry": {"type": "Polygon", "coordinates": [[[-90.0718806, 29.9679537], [-90.0719633, 29.9680109], [-90.072105, 29.9678554], [-90.0720237, 29.9677993], [-90.0719975, 29.967828], [-90.0719835, 29.9678183], [-90.0719583, 29.967846], [-90.0719709, 29.9678547], [-90.0718806, 29.9679537]]]}}, {"id": "368", "type": "Feature", "properties": {"id": "f2aeb7b8-d997-4f9c-852d-67fa9e9c7a0d", "name": null, "subtype": null, "class": null, "height": null, "num_floors": null, "surge_class": 99, "surge_ft": 0.0, "flood_active": false, "exposure_score": 0.0, "exposure_category": "none"}, "geometry": {"type": "Polygon", "coordinates": [[[-90.0721375, 29.9677692], [-90.0722221, 29.9678246], [-90.0723, 29.9677418], [-90.0722484, 29.9677044], [-90.0722031, 29.9677516], [-90.0721735, 29.9677301], [-90.0721375, 29.9677692]]]}}, {"id": "369", "type": "Feature", "properties": {"id": "b33f6783-7241-4dcf-89b4-1f6adf0a9b44", "name": null, "subtype": null, "class": null, "height": null, "num_floors": null, "surge_class": 99, "surge_ft": 0.0, "flood_active": false, "exposure_score": 0.0, "exposure_category": "none"}, "geometry": {"type": "Polygon", "coordinates": [[[-90.0724834, 29.9677303], [-90.0724595, 29.96776], [-90.0724971, 29.967783], [-90.0725211, 29.9677533], [-90.0724834, 29.9677303]]]}}, {"id": "370", "type": "Feature", "properties": {"id": "1798fd52-ad43-41db-b7f4-0bbb269e6351", "name": null, "subtype": null, "class": null, "height": null, "num_floors": null, "surge_class": 99, "surge_ft": 0.0, "flood_active": false, "exposure_score": 0.0, "exposure_category": "none"}, "geometry": {"type": "Polygon", "coordinates": [[[-90.0726969, 29.9677444], [-90.072763, 29.9677891], [-90.0728737, 29.9676649], [-90.0728077, 29.9676202], [-90.0726969, 29.9677444]]]}}, {"id": "371", "type": "Feature", "properties": {"id": "4efcfcc5-0b03-44ee-9bbc-f7e758a17bae", "name": null, "subtype": null, "class": null, "height": null, "num_floors": null, "surge_class": 99, "surge_ft": 0.0, "flood_active": false, "exposure_score": 0.0, "exposure_category": "none"}, "geometry": {"type": "Polygon", "coordinates": [[[-90.0727501, 29.9678237], [-90.0727982, 29.9678565], [-90.0729331, 29.9677061], [-90.0728894, 29.9676763], [-90.0728029, 29.9677727], [-90.0727986, 29.9677697], [-90.0727501, 29.9678237]]]}}, {"id": "372", "type": "Feature", "properties": {"id": "a273d4a2-8d37-4d76-a489-66e2ab711530", "name": null, "subtype": null, "class": null, "height": null, "num_floors": null, "surge_class": 99, "surge_ft": 0.0, "flood_active": false, "exposure_score": 0.0, "exposure_category": "none"}, "geometry": {"type": "Polygon", "coordinates": [[[-90.0727856, 29.9678677], [-90.0726181, 29.9677561], [-90.0725713, 29.9678094], [-90.0727388, 29.9679209], [-90.0727856, 29.9678677]]]}}, {"id": "373", "type": "Feature", "properties": {"id": "5c037bc7-b9e3-4b92-b31c-911ea81159ac", "name": null, "subtype": null, "class": null, "height": null, "num_floors": null, "surge_class": 99, "surge_ft": 0.0, "flood_active": false, "exposure_score": 0.0, "exposure_category": "none"}, "geometry": {"type": "Polygon", "coordinates": [[[-90.0724231, 29.9678339], [-90.072677, 29.9680053], [-90.0727188, 29.9679605], [-90.0724595, 29.9677914], [-90.0724231, 29.9678339]]]}}, {"id": "374", "type": "Feature", "properties": {"id": "caa0a41b-455e-45fc-864d-c1107ab9eab8", "name": null, "subtype": null, "class": null, "height": 3.9133975505828857, "num_floors": null, "surge_class": 99, "surge_ft": 0.0, "flood_active": false, "exposure_score": 0.0, "exposure_category": "none"}, "geometry": {"type": "Polygon", "coordinates": [[[-90.0726345, 29.9680222], [-90.0724177, 29.9679093], [-90.0723781, 29.9679665], [-90.0725948, 29.9680793], [-90.0726345, 29.9680222]]]}}, {"id": "375", "type": "Feature", "properties": {"id": "be133401-7465-49ed-aa9c-f87269126092", "name": null, "subtype": null, "class": null, "height": 4.779454231262207, "num_floors": null, "surge_class": 99, "surge_ft": 0.0, "flood_active": false, "exposure_score": 0.0, "exposure_category": "none"}, "geometry": {"type": "Polygon", "coordinates": [[[-90.0740103, 29.9680366], [-90.073961, 29.9680017], [-90.0738446, 29.9681263], [-90.073917, 29.9681775], [-90.074024, 29.9680629], [-90.0740009, 29.9680465], [-90.0740103, 29.9680366]]]}}, {"id": "376", "type": "Feature", "properties": {"id": "10df76ee-6e60-4cdd-9bcf-c3993316adfa", "name": null, "subtype": null, "class": null, "height": 4.056024551391602, "num_floors": null, "surge_class": 99, "surge_ft": 0.0, "flood_active": false, "exposure_score": 0.0, "exposure_category": "none"}, "geometry": {"type": "Polygon", "coordinates": [[[-90.0737569, 29.9680715], [-90.0738312, 29.9681207], [-90.0739438, 29.9679919], [-90.0738696, 29.9679427], [-90.0737569, 29.9680715]]]}}, {"id": "377", "type": "Feature", "properties": {"id": "ad548346-03ce-4101-a2a1-f8181987e382", "name": null, "subtype": null, "class": null, "height": 3.6927030086517334, "num_floors": null, "surge_class": 99, "surge_ft": 0.0, "flood_active": false, "exposure_score": 0.0, "exposure_category": "none"}, "geometry": {"type": "Polygon", "coordinates": [[[-90.0737439, 29.9680629], [-90.073897, 29.9678895], [-90.0738294, 29.9678442], [-90.0736763, 29.9680177], [-90.0737439, 29.9680629]]]}}, {"id": "378", "type": "Feature", "properties": {"id": "d749e48e-ee57-4853-b6a2-043a833505f3", "name": null, "subtype": null, "class": null, "height": 2.264618396759033, "num_floors": null, "surge_class": 99, "surge_ft": 0.0, "flood_active": false, "exposure_score": 0.0, "exposure_category": "none"}, "geometry": {"type": "Polygon", "coordinates": [[[-90.0737727, 29.9677949], [-90.0737535, 29.9677818], [-90.0735945, 29.9679577], [-90.073663, 29.9680046], [-90.073822, 29.9678288], [-90.073801, 29.9678144], [-90.0738185, 29.9677953], [-90.0737901, 29.9677752], [-90.0737727, 29.9677949]]]}}, {"id": "379", "type": "Feature", "properties": {"id": "5c4db4d5-5bdc-4172-be3b-5f883657733d", "name": null, "subtype": null, "class": null, "height": 2.359739065170288, "num_floors": null, "surge_class": 99, "surge_ft": 0.0, "flood_active": false, "exposure_score": 0.0, "exposure_category": "none"}, "geometry": {"type": "Polygon", "coordinates": [[[-90.0735628, 29.9678994], [-90.0736035, 29.9679269], [-90.073768, 29.9677422], [-90.0737273, 29.9677147], [-90.0735628, 29.9678994]]]}}, {"id": "380", "type": "Feature", "properties": {"id": "14c7a785-5760-4208-85ae-0734f39b7e32", "name": null, "subtype": null, "class": null, "height": null, "num_floors": null, "surge_class": 99, "surge_ft": 0.0, "flood_active": false, "exposure_score": 0.0, "exposure_category": "none"}, "geometry": {"type": "Polygon", "coordinates": [[[-90.0737619, 29.9677171], [-90.0738443, 29.9677711], [-90.0738649, 29.9677472], [-90.0737825, 29.9676932], [-90.0737619, 29.9677171]]]}}, {"id": "381", "type": "Feature", "properties": {"id": "0fbea1d0-9cee-4e30-be56-f68a0ccf2a86", "name": null, "subtype": null, "class": null, "height": 3.153414011001587, "num_floors": null, "surge_class": 99, "surge_ft": 0.0, "flood_active": false, "exposure_score": 0.0, "exposure_category": "none"}, "geometry": {"type": "Polygon", "coordinates": [[[-90.0734681, 29.9678424], [-90.0735334, 29.9678874], [-90.0737016, 29.9676988], [-90.0736367, 29.967655], [-90.0734681, 29.9678424]]]}}, {"id": "382", "type": "Feature", "properties": {"id": "802d2c28-701b-491f-a5a8-c251da32c7e4", "name": null, "subtype": null, "class": null, "height": 3.4449303150177, "num_floors": null, "surge_class": 99, "surge_ft": 0.0, "flood_active": false, "exposure_score": 0.0, "exposure_category": "none"}, "geometry": {"type": "Polygon", "coordinates": [[[-90.0733637, 29.9677958], [-90.0734422, 29.9678486], [-90.0735908, 29.9676813], [-90.073572, 29.9676687], [-90.0735943, 29.9676436], [-90.0735531, 29.9676158], [-90.0735306, 29.967641], [-90.0735122, 29.9676287], [-90.0733637, 29.9677958]]]}}, {"id": "383", "type": "Feature", "properties": {"id": "49ca0f86-8497-44fb-93ff-c68615386113", "name": null, "subtype": null, "class": null, "height": 3.6781132221221924, "num_floors": null, "surge_class": 99, "surge_ft": 0.0, "flood_active": false, "exposure_score": 0.0, "exposure_category": "none"}, "geometry": {"type": "Polygon", "coordinates": [[[-90.0733627, 29.9676504], [-90.0733521, 29.9676432], [-90.07327, 29.9677345], [-90.0733514, 29.96779], [-90.0734327, 29.9676997], [-90.0734185, 29.9676901], [-90.0734584, 29.9676457], [-90.0734017, 29.967607], [-90.0733627, 29.9676504]]]}}, {"id": "384", "type": "Feature", "properties": {"id": "9bf5af5d-a221-4249-afb3-3d1dc95159a0", "name": null, "subtype": null, "class": null, "height": 3.3690185546875, "num_floors": null, "surge_class": 99, "surge_ft": 0.0, "flood_active": false, "exposure_score": 0.0, "exposure_category": "none"}, "geometry": {"type": "Polygon", "coordinates": [[[-90.0729542, 29.9674944], [-90.0730052, 29.9675296], [-90.073084, 29.9674431], [-90.073033, 29.9674079], [-90.0729542, 29.9674944]]]}}, {"id": "385", "type": "Feature", "properties": {"id": "de381870-675a-4ddc-b4cc-a769b8f79b49", "name": null, "subtype": null, "class": null, "height": 3.6579749584198, "num_floors": null, "surge_class": 99, "surge_ft": 0.0, "flood_active": false, "exposure_score": 0.0, "exposure_category": "none"}, "geometry": {"type": "Polygon", "coordinates": [[[-90.0733855, 29.9674213], [-90.0733206, 29.9674936], [-90.0734247, 29.9675644], [-90.0734335, 29.9675545], [-90.0734825, 29.9675878], [-90.0735288, 29.9675361], [-90.0734809, 29.9675035], [-90.0734905, 29.9674928], [-90.0733855, 29.9674213]]]}}, {"id": "386", "type": "Feature", "properties": {"id": "aa36086e-bb74-492a-acf7-0d8d545a1c15", "name": null, "subtype": null, "class": null, "height": 3.1027743816375732, "num_floors": null, "surge_class": 99, "surge_ft": 0.0, "flood_active": false, "exposure_score": 0.0, "exposure_category": "none"}, "geometry": {"type": "Polygon", "coordinates": [[[-90.0731729, 29.9676672], [-90.0732605, 29.9677262], [-90.0733801, 29.9675916], [-90.0733539, 29.967574], [-90.0733647, 29.9675618], [-90.0733287, 29.9675375], [-90.0733162, 29.9675514], [-90.0732909, 29.9675343], [-90.0731729, 29.9676672]]]}}, {"id": "387", "type": "Feature", "properties": {"id": "69348742-abdb-47c7-bd1a-0dcd39a8dd1b", "name": null, "subtype": null, "class": null, "height": null, "num_floors": null, "surge_class": 99, "surge_ft": 0.0, "flood_active": false, "exposure_score": 0.0, "exposure_category": "none"}, "geometry": {"type": "Polygon", "coordinates": [[[-90.0738738, 29.9675428], [-90.0738169, 29.9676056], [-90.0738842, 29.9676518], [-90.0739411, 29.967589], [-90.0738738, 29.9675428]]]}}, {"id": "388", "type": "Feature", "properties": {"id": "69ae5c0b-564f-4c1c-80ec-c26147d9c9dc", "name": null, "subtype": null, "class": null, "height": null, "num_floors": null, "surge_class": 99, "surge_ft": 0.0, "flood_active": false, "exposure_score": 0.0, "exposure_category": "none"}, "geometry": {"type": "Polygon", "coordinates": [[[-90.0734379, 29.9673875], [-90.073407, 29.9674228], [-90.0736039, 29.9675537], [-90.0736339, 29.9675195], [-90.0736161, 29.9675076], [-90.0736367, 29.9674841], [-90.0735414, 29.9674207], [-90.0735217, 29.9674432], [-90.0734379, 29.9673875]]]}}, {"id": "389", "type": "Feature", "properties": {"id": "4ea3e8ff-8999-4946-908e-b332d2a3f925", "name": null, "subtype": null, "class": null, "height": null, "num_floors": null, "surge_class": 99, "surge_ft": 0.0, "flood_active": false, "exposure_score": 0.0, "exposure_category": "none"}, "geometry": {"type": "Polygon", "coordinates": [[[-90.0735907, 29.9672207], [-90.0735426, 29.9672759], [-90.073616, 29.9673242], [-90.073671, 29.9672609], [-90.0736191, 29.9672268], [-90.0736121, 29.9672348], [-90.0735907, 29.9672207]]]}}, {"id": "390", "type": "Feature", "properties": {"id": "5c65cba2-7860-488c-88bc-ba629fee33e5", "name": null, "subtype": null, "class": null, "height": null, "num_floors": null, "surge_class": 99, "surge_ft": 0.0, "flood_active": false, "exposure_score": 0.0, "exposure_category": "none"}, "geometry": {"type": "Polygon", "coordinates": [[[-90.0731214, 29.9671027], [-90.0730831, 29.9671486], [-90.0733082, 29.9672955], [-90.0733459, 29.9672528], [-90.0731214, 29.9671027]]]}}, {"id": "391", "type": "Feature", "properties": {"id": "90410529-f292-479d-9f99-bdee4291c304", "name": null, "subtype": null, "class": null, "height": null, "num_floors": null, "surge_class": 99, "surge_ft": 0.0, "flood_active": false, "exposure_score": 0.0, "exposure_category": "none"}, "geometry": {"type": "Polygon", "coordinates": [[[-90.0732163, 29.9673819], [-90.0732747, 29.9673179], [-90.0731852, 29.967256], [-90.073131, 29.9673155], [-90.0731629, 29.9673375], [-90.0731587, 29.9673421], [-90.0732163, 29.9673819]]]}}, {"id": "392", "type": "Feature", "properties": {"id": "d4499e19-fc52-45ac-bac1-33a73d66f21a", "name": null, "subtype": null, "class": null, "height": 3.4927942752838135, "num_floors": null, "surge_class": 99, "surge_ft": 0.0, "flood_active": false, "exposure_score": 0.0, "exposure_category": "none"}, "geometry": {"type": "Polygon", "coordinates": [[[-90.0728661, 29.9674543], [-90.0729328, 29.9675], [-90.073036, 29.967386], [-90.0730278, 29.9673804], [-90.0730514, 29.9673543], [-90.0730013, 29.9673199], [-90.0729713, 29.9673531], [-90.0729629, 29.9673473], [-90.0728661, 29.9674543]]]}}, {"id": "393", "type": "Feature", "properties": {"id": "c37ff818-2617-4fd3-82c8-a5f1cbd22f32", "name": null, "subtype": null, "class": null, "height": 3.6244213581085205, "num_floors": null, "surge_class": 99, "surge_ft": 0.0, "flood_active": false, "exposure_score": 0.0, "exposure_category": "none"}, "geometry": {"type": "Polygon", "coordinates": [[[-90.0728578, 29.9673243], [-90.0729219, 29.9673663], [-90.0730854, 29.9671851], [-90.0730213, 29.9671431], [-90.0728578, 29.9673243]]]}}, {"id": "394", "type": "Feature", "properties": {"id": "159e05ea-84b4-4d22-83e1-807a349765d5", "name": null, "subtype": null, "class": null, "height": null, "num_floors": null, "surge_class": 99, "surge_ft": 0.0, "flood_active": false, "exposure_score": 0.0, "exposure_category": "none"}, "geometry": {"type": "Polygon", "coordinates": [[[-90.0727369, 29.9673437], [-90.0727876, 29.9673779], [-90.0729234, 29.9672254], [-90.0728728, 29.9671912], [-90.0727369, 29.9673437]]]}}, {"id": "395", "type": "Feature", "properties": {"id": "01a93267-9e5e-480f-a562-f314b09a67c6", "name": null, "subtype": null, "class": null, "height": null, "num_floors": null, "surge_class": 99, "surge_ft": 0.0, "flood_active": false, "exposure_score": 0.0, "exposure_category": "none"}, "geometry": {"type": "Polygon", "coordinates": [[[-90.0726254, 29.9672899], [-90.0726949, 29.9673362], [-90.0728755, 29.9671329], [-90.072806, 29.9670866], [-90.0726254, 29.9672899]]]}}, {"id": "396", "type": "Feature", "properties": {"id": "01698429-1c27-4151-bae9-4adcb49a7118", "name": null, "subtype": null, "class": null, "height": null, "num_floors": null, "surge_class": 99, "surge_ft": 0.0, "flood_active": false, "exposure_score": 0.0, "exposure_category": "none"}, "geometry": {"type": "Polygon", "coordinates": [[[-90.0723237, 29.9674426], [-90.0723602, 29.9674686], [-90.072474, 29.9673477], [-90.0724375, 29.9673217], [-90.0723237, 29.9674426]]]}}, {"id": "397", "type": "Feature", "properties": {"id": "4b711ac7-d0f0-4210-b635-0ad99aaf3fa3", "name": null, "subtype": null, "class": null, "height": null, "num_floors": null, "surge_class": 99, "surge_ft": 0.0, "flood_active": false, "exposure_score": 0.0, "exposure_category": "none"}, "geometry": {"type": "Polygon", "coordinates": [[[-90.0723966, 29.9674529], [-90.0724442, 29.9674848], [-90.072528, 29.9673897], [-90.0724804, 29.9673579], [-90.0723966, 29.9674529]]]}}, {"id": "398", "type": "Feature", "properties": {"id": "23a65f0f-3715-4f4a-8d8e-f4975ee4d3c6", "name": null, "subtype": null, "class": null, "height": null, "num_floors": null, "surge_class": 99, "surge_ft": 0.0, "flood_active": false, "exposure_score": 0.0, "exposure_category": "none"}, "geometry": {"type": "Polygon", "coordinates": [[[-90.0726917, 29.9676909], [-90.0727046, 29.9676999], [-90.0728061, 29.9675898], [-90.0727445, 29.9675467], [-90.0726429, 29.9676568], [-90.0726558, 29.9676658], [-90.0726283, 29.9676962], [-90.0726646, 29.9677212], [-90.0726917, 29.9676909]]]}}, {"id": "399", "type": "Feature", "properties": {"id": "f42ccd8d-e03b-42f8-a146-afa3e0a7a957", "name": null, "subtype": null, "class": null, "height": null, "num_floors": null, "surge_class": 99, "surge_ft": 0.0, "flood_active": false, "exposure_score": 0.0, "exposure_category": "none"}, "geometry": {"type": "Polygon", "coordinates": [[[-90.0724333, 29.9676269], [-90.0724931, 29.9676685], [-90.0726653, 29.9674806], [-90.0726055, 29.967439], [-90.0724333, 29.9676269]]]}}, {"id": "400", "type": "Feature", "properties": {"id": "9fb5ccfd-a60c-4919-9005-d009e6d887f4", "name": null, "subtype": null, "class": null, "height": null, "num_floors": null, "surge_class": 99, "surge_ft": 0.0, "flood_active": false, "exposure_score": 0.0, "exposure_category": "none"}, "geometry": {"type": "Polygon", "coordinates": [[[-90.0725333, 29.9676794], [-90.0725826, 29.9677129], [-90.0727407, 29.9675364], [-90.0726914, 29.9675029], [-90.0725333, 29.9676794]]]}}, {"id": "401", "type": "Feature", "properties": {"id": "77c399b7-e438-48bd-8fe7-d796fcebea22", "name": null, "subtype": null, "class": null, "height": null, "num_floors": null, "surge_class": 99, "surge_ft": 0.0, "flood_active": false, "exposure_score": 0.0, "exposure_category": "none"}, "geometry": {"type": "Polygon", "coordinates": [[[-90.0723498, 29.9675943], [-90.0724095, 29.9676369], [-90.0725984, 29.9674359], [-90.072555, 29.967405], [-90.0724151, 29.9675537], [-90.0723988, 29.9675422], [-90.0723498, 29.9675943]]]}}, {"id": "402", "type": "Feature", "properties": {"id": "0f3096b9-7140-45a4-83f9-3868ddb5299e", "name": null, "subtype": null, "class": null, "height": null, "num_floors": null, "surge_class": 99, "surge_ft": 0.0, "flood_active": false, "exposure_score": 0.0, "exposure_category": "none"}, "geometry": {"type": "Polygon", "coordinates": [[[-90.0722662, 29.9675113], [-90.072308, 29.9675399], [-90.0723472, 29.9674988], [-90.0723036, 29.9674698], [-90.0722662, 29.9675113]]]}}, {"id": "403", "type": "Feature", "properties": {"id": "eeebf4dd-c951-4e7a-9bc8-40bf3964a3ac", "name": null, "subtype": null, "class": null, "height": 4.995101451873779, "num_floors": null, "surge_class": 99, "surge_ft": 0.0, "flood_active": false, "exposure_score": 0.0, "exposure_category": "none"}, "geometry": {"type": "Polygon", "coordinates": [[[-90.0720394, 29.9674835], [-90.0719879, 29.9675425], [-90.0721915, 29.9676774], [-90.0722431, 29.9676184], [-90.0720394, 29.9674835]]]}}, {"id": "404", "type": "Feature", "properties": {"id": "edf6b83a-defc-4ee1-93b8-879c16b3577e", "name": null, "subtype": null, "class": null, "height": 4.231804847717285, "num_floors": null, "surge_class": 99, "surge_ft": 0.0, "flood_active": false, "exposure_score": 0.0, "exposure_category": "none"}, "geometry": {"type": "Polygon", "coordinates": [[[-90.0719035, 29.9675184], [-90.0718593, 29.9675675], [-90.0721085, 29.9677378], [-90.0721528, 29.9676887], [-90.0719035, 29.9675184]]]}}, {"id": "405", "type": "Feature", "properties": {"id": "c1c3db56-2fa4-4948-908b-fbedb47f8a5b", "name": null, "subtype": null, "class": null, "height": null, "num_floors": null, "surge_class": 99, "surge_ft": 0.0, "flood_active": false, "exposure_score": 0.0, "exposure_category": "none"}, "geometry": {"type": "Polygon", "coordinates": [[[-90.072111, 29.9673896], [-90.0720334, 29.9673472], [-90.0719917, 29.9674045], [-90.0720692, 29.9674469], [-90.072111, 29.9673896]]]}}, {"id": "406", "type": "Feature", "properties": {"id": "124d78ec-fd42-463c-9190-102399ebe3e8", "name": null, "subtype": null, "class": null, "height": 4.66940450668335, "num_floors": null, "surge_class": 99, "surge_ft": 0.0, "flood_active": false, "exposure_score": 0.0, "exposure_category": "none"}, "geometry": {"type": "Polygon", "coordinates": [[[-90.0722784, 29.96747], [-90.0723987, 29.9673358], [-90.0723336, 29.9672915], [-90.0722133, 29.9674258], [-90.0722784, 29.96747]]]}}, {"id": "407", "type": "Feature", "properties": {"id": "412b1057-a785-4cdc-854e-6d0a71348b80", "name": null, "subtype": null, "class": null, "height": null, "num_floors": null, "surge_class": 99, "surge_ft": 0.0, "flood_active": false, "exposure_score": 0.0, "exposure_category": "none"}, "geometry": {"type": "Polygon", "coordinates": [[[-90.072144, 29.9673724], [-90.0721822, 29.9673985], [-90.0722286, 29.9673469], [-90.0721905, 29.9673208], [-90.072144, 29.9673724]]]}}, {"id": "408", "type": "Feature", "properties": {"id": "6e1a5860-72ac-4809-89a2-bcd3a7dd012f", "name": null, "subtype": null, "class": null, "height": null, "num_floors": null, "surge_class": 99, "surge_ft": 0.0, "flood_active": false, "exposure_score": 0.0, "exposure_category": "none"}, "geometry": {"type": "Polygon", "coordinates": [[[-90.0720985, 29.9673335], [-90.0721342, 29.9673581], [-90.0721788, 29.9673088], [-90.0721431, 29.9672843], [-90.0720985, 29.9673335]]]}}, {"id": "409", "type": "Feature", "properties": {"id": "b93a917a-6df1-45c2-8268-ac4af169b790", "name": null, "subtype": null, "class": null, "height": null, "num_floors": null, "surge_class": 99, "surge_ft": 0.0, "flood_active": false, "exposure_score": 0.0, "exposure_category": "none"}, "geometry": {"type": "Polygon", "coordinates": [[[-90.0723163, 29.9672403], [-90.0722791, 29.9672146], [-90.0722131, 29.9672871], [-90.0722502, 29.9673128], [-90.0723163, 29.9672403]]]}}, {"id": "410", "type": "Feature", "properties": {"id": "4c58384f-b8d6-4c70-aafb-2146a48ee805", "name": null, "subtype": null, "class": null, "height": 5.253780364990234, "num_floors": null, "surge_class": 99, "surge_ft": 0.0, "flood_active": false, "exposure_score": 0.0, "exposure_category": "none"}, "geometry": {"type": "Polygon", "coordinates": [[[-90.0722345, 29.9672176], [-90.0722539, 29.9671974], [-90.0722122, 29.9671671], [-90.0721267, 29.9672562], [-90.0721715, 29.9672888], [-90.0721876, 29.967272], [-90.0722, 29.9672811], [-90.07225, 29.9672289], [-90.0722345, 29.9672176]]]}}, {"id": "411", "type": "Feature", "properties": {"id": "69e6c882-8124-44f3-a6a4-541ea92a4176", "name": null, "subtype": null, "class": null, "height": null, "num_floors": null, "surge_class": 99, "surge_ft": 0.0, "flood_active": false, "exposure_score": 0.0, "exposure_category": "none"}, "geometry": {"type": "Polygon", "coordinates": [[[-90.0719435, 29.9671843], [-90.0719142, 29.967165], [-90.0718373, 29.9672535], [-90.0718951, 29.9672916], [-90.0719572, 29.9672202], [-90.0719286, 29.9672013], [-90.0719435, 29.9671843]]]}}, {"id": "412", "type": "Feature", "properties": {"id": "0b3c649a-ce8f-44b1-94b0-701d8fb140b0", "name": null, "subtype": null, "class": null, "height": null, "num_floors": null, "surge_class": 99, "surge_ft": 0.0, "flood_active": false, "exposure_score": 0.0, "exposure_category": "none"}, "geometry": {"type": "Polygon", "coordinates": [[[-90.0717068, 29.9671766], [-90.0716686, 29.9672181], [-90.0718541, 29.9673477], [-90.0718839, 29.9673154], [-90.0717502, 29.967222], [-90.0717586, 29.9672128], [-90.0717068, 29.9671766]]]}}, {"id": "413", "type": "Feature", "properties": {"id": "e92dc2ff-9e16-4349-a630-36f26a305faa", "name": null, "subtype": null, "class": null, "height": 2.6138932704925537, "num_floors": null, "surge_class": 99, "surge_ft": 0.0, "flood_active": false, "exposure_score": 0.0, "exposure_category": "none"}, "geometry": {"type": "Polygon", "coordinates": [[[-90.0717377, 29.9674793], [-90.0717767, 29.9674366], [-90.0716433, 29.9673444], [-90.0716043, 29.9673872], [-90.0717377, 29.9674793]]]}}, {"id": "414", "type": "Feature", "properties": {"id": "76fd05fd-5e72-4fd6-8aea-663d30ef4888", "name": null, "subtype": null, "class": null, "height": 4.517984390258789, "num_floors": null, "surge_class": 99, "surge_ft": 0.0, "flood_active": false, "exposure_score": 0.0, "exposure_category": "none"}, "geometry": {"type": "Polygon", "coordinates": [[[-90.070871, 29.9672696], [-90.0710894, 29.9674189], [-90.0712018, 29.9672943], [-90.0709834, 29.967145], [-90.070871, 29.9672696]]]}}, {"id": "415", "type": "Feature", "properties": {"id": "fa3d620e-43c0-4444-8d5f-9bde465bd252", "name": null, "subtype": null, "class": null, "height": 4.376513481140137, "num_floors": null, "surge_class": 99, "surge_ft": 0.0, "flood_active": false, "exposure_score": 0.0, "exposure_category": "none"}, "geometry": {"type": "Polygon", "coordinates": [[[-90.0710978, 29.9674428], [-90.0711729, 29.9674919], [-90.0713191, 29.9673302], [-90.0713339, 29.9673403], [-90.0713738, 29.9672959], [-90.0713684, 29.9672922], [-90.071405, 29.9672514], [-90.0713023, 29.9671815], [-90.0712678, 29.96722], [-90.0712876, 29.9672335], [-90.0712776, 29.9672446], [-90.0712619, 29.9672339], [-90.0712296, 29.96727], [-90.071243, 29.9672791], [-90.0710978, 29.9674428]]]}}, {"id": "416", "type": "Feature", "properties": {"id": "77b97958-ea76-4c90-92ef-792a5a94092b", "name": null, "subtype": null, "class": null, "height": 4.774942874908447, "num_floors": null, "surge_class": 99, "surge_ft": 0.0, "flood_active": false, "exposure_score": 0.0, "exposure_category": "none"}, "geometry": {"type": "Polygon", "coordinates": [[[-90.0712769, 29.9675375], [-90.0713027, 29.9675545], [-90.0714347, 29.967403], [-90.0713968, 29.967378], [-90.0713756, 29.9674023], [-90.0713334, 29.9673744], [-90.0712188, 29.9675058], [-90.0712732, 29.9675417], [-90.0712769, 29.9675375]]]}}, {"id": "417", "type": "Feature", "properties": {"id": "6631ab43-1bc1-4c5a-95fe-e2876e72257b", "name": null, "subtype": null, "class": null, "height": 7.116816520690918, "num_floors": null, "surge_class": 99, "surge_ft": 0.0, "flood_active": false, "exposure_score": 0.0, "exposure_category": "none"}, "geometry": {"type": "Polygon", "coordinates": [[[-90.0714924, 29.9676012], [-90.0714606, 29.9676377], [-90.0715403, 29.9676903], [-90.0715732, 29.9676526], [-90.0715811, 29.9676578], [-90.0716346, 29.9675963], [-90.0716268, 29.9675911], [-90.0716567, 29.9675567], [-90.0715789, 29.9675054], [-90.0715505, 29.9675381], [-90.0715427, 29.967533], [-90.0714866, 29.9675974], [-90.0714924, 29.9676012]]]}}, {"id": "418", "type": "Feature", "properties": {"id": "9279f67f-9946-4655-aa94-41eca3c4cf8e", "name": null, "subtype": null, "class": null, "height": null, "num_floors": null, "surge_class": 99, "surge_ft": 0.0, "flood_active": false, "exposure_score": 0.0, "exposure_category": "none"}, "geometry": {"type": "Polygon", "coordinates": [[[-90.0715327, 29.9674989], [-90.0714355, 29.9676055], [-90.0714614, 29.9676236], [-90.0715568, 29.9675149], [-90.0715327, 29.9674989]]]}}, {"id": "419", "type": "Feature", "properties": {"id": "cfcb8016-e6bc-4d3d-b9e0-a62938e1a977", "name": null, "subtype": null, "class": null, "height": 3.4112484455108643, "num_floors": null, "surge_class": 99, "surge_ft": 0.0, "flood_active": false, "exposure_score": 0.0, "exposure_category": "none"}, "geometry": {"type": "Polygon", "coordinates": [[[-90.0714906, 29.967383], [-90.0714609, 29.9674166], [-90.0715034, 29.9674451], [-90.0713525, 29.9676156], [-90.0713983, 29.9676464], [-90.071547, 29.9674784], [-90.071581, 29.9675012], [-90.0716129, 29.9674651], [-90.0714906, 29.967383]]]}}, {"id": "420", "type": "Feature", "properties": {"id": "bb2ec166-4768-492a-a512-385724df8460", "name": null, "subtype": null, "class": null, "height": 4.790625095367432, "num_floors": null, "surge_class": 99, "surge_ft": 0.0, "flood_active": false, "exposure_score": 0.0, "exposure_category": "none"}, "geometry": {"type": "Polygon", "coordinates": [[[-90.0718088, 29.9676087], [-90.0717525, 29.9676714], [-90.0718678, 29.9677515], [-90.0719273, 29.9676904], [-90.0718088, 29.9676087]]]}}, {"id": "421", "type": "Feature", "properties": {"id": "3eca56d1-b1bb-414a-bd8b-1b7257635c42", "name": null, "subtype": null, "class": null, "height": null, "num_floors": null, "surge_class": 99, "surge_ft": 0.0, "flood_active": false, "exposure_score": 0.0, "exposure_category": "none"}, "geometry": {"type": "Polygon", "coordinates": [[[-90.0717138, 29.9677167], [-90.0718109, 29.967781], [-90.0718399, 29.9677478], [-90.0717428, 29.9676835], [-90.0717138, 29.9677167]]]}}, {"id": "422", "type": "Feature", "properties": {"id": "3ede532f-67d2-4227-bcb2-1abc45e1a4b1", "name": null, "subtype": null, "class": null, "height": null, "num_floors": null, "surge_class": 99, "surge_ft": 0.0, "flood_active": false, "exposure_score": 0.0, "exposure_category": "none"}, "geometry": {"type": "Polygon", "coordinates": [[[-90.0717417, 29.9677624], [-90.0717006, 29.9677345], [-90.0716368, 29.9678059], [-90.0717067, 29.9678533], [-90.071731, 29.9678261], [-90.0717694, 29.9678521], [-90.0718171, 29.9677987], [-90.0717499, 29.9677532], [-90.0717417, 29.9677624]]]}}, {"id": "423", "type": "Feature", "properties": {"id": "dbe1dae3-3c34-4c89-a71e-c4891c1f576f", "name": null, "subtype": null, "class": null, "height": null, "num_floors": null, "surge_class": 99, "surge_ft": 0.0, "flood_active": false, "exposure_score": 0.0, "exposure_category": "none"}, "geometry": {"type": "Polygon", "coordinates": [[[-90.0717589, 29.9678879], [-90.0718366, 29.9679412], [-90.0719533, 29.9678121], [-90.0718755, 29.9677588], [-90.0717589, 29.9678879]]]}}, {"id": "424", "type": "Feature", "properties": {"id": "6fc1045b-5d9a-4820-b107-9940cc496737", "name": null, "subtype": null, "class": null, "height": null, "num_floors": null, "surge_class": 99, "surge_ft": 0.0, "flood_active": false, "exposure_score": 0.0, "exposure_category": "none"}, "geometry": {"type": "Polygon", "coordinates": [[[-90.0709931, 29.9679968], [-90.0710639, 29.9680451], [-90.0712179, 29.967874], [-90.0711471, 29.9678257], [-90.0709931, 29.9679968]]]}}, {"id": "425", "type": "Feature", "properties": {"id": "b03f49a8-3732-46bf-a332-236c8199c680", "name": null, "subtype": null, "class": null, "height": null, "num_floors": null, "surge_class": 99, "surge_ft": 0.0, "flood_active": false, "exposure_score": 0.0, "exposure_category": "none"}, "geometry": {"type": "Polygon", "coordinates": [[[-90.0711499, 29.9680012], [-90.0712163, 29.9680478], [-90.0713142, 29.9679419], [-90.0712478, 29.9678954], [-90.0711499, 29.9680012]]]}}, {"id": "426", "type": "Feature", "properties": {"id": "afce2ecd-e13b-440a-b78d-5590d4456b93", "name": null, "subtype": null, "class": null, "height": null, "num_floors": null, "surge_class": 99, "surge_ft": 0.0, "flood_active": false, "exposure_score": 0.0, "exposure_category": "none"}, "geometry": {"type": "Polygon", "coordinates": [[[-90.0710625, 29.9680594], [-90.0710282, 29.9680985], [-90.0711182, 29.9681585], [-90.0711525, 29.9681194], [-90.0710625, 29.9680594]]]}}, {"id": "427", "type": "Feature", "properties": {"id": "f19d7556-6c18-4e11-99fb-d5baa5b54ea9", "name": null, "subtype": null, "class": null, "height": null, "num_floors": null, "surge_class": 99, "surge_ft": 0.0, "flood_active": false, "exposure_score": 0.0, "exposure_category": "none"}, "geometry": {"type": "Polygon", "coordinates": [[[-90.0711186, 29.9680694], [-90.0711736, 29.9681083], [-90.0712221, 29.9680564], [-90.0711406, 29.9679987], [-90.0710983, 29.968044], [-90.0711248, 29.9680628], [-90.0711186, 29.9680694]]]}}, {"id": "428", "type": "Feature", "properties": {"id": "97aad620-45b0-40c5-a332-a7aaa0357ca3", "name": null, "subtype": null, "class": null, "height": null, "num_floors": null, "surge_class": 99, "surge_ft": 0.0, "flood_active": false, "exposure_score": 0.0, "exposure_category": "none"}, "geometry": {"type": "Polygon", "coordinates": [[[-90.0709331, 29.9679594], [-90.0709828, 29.9679938], [-90.0711368, 29.9678227], [-90.0710876, 29.9677891], [-90.0709331, 29.9679594]]]}}, {"id": "429", "type": "Feature", "properties": {"id": "8a3baabc-0abc-4f62-9af3-fe1b88d3c984", "name": null, "subtype": null, "class": null, "height": null, "num_floors": null, "surge_class": 99, "surge_ft": 0.0, "flood_active": false, "exposure_score": 0.0, "exposure_category": "none"}, "geometry": {"type": "Polygon", "coordinates": [[[-90.0707827, 29.9678798], [-90.0708286, 29.9679105], [-90.0709731, 29.9677467], [-90.0709272, 29.967716], [-90.0707827, 29.9678798]]]}}, {"id": "430", "type": "Feature", "properties": {"id": "b0b059fc-0dec-44c2-84e2-bab51fe66146", "name": null, "subtype": null, "class": null, "height": 5.401060104370117, "num_floors": null, "surge_class": 99, "surge_ft": 0.0, "flood_active": false, "exposure_score": 0.0, "exposure_category": "none"}, "geometry": {"type": "Polygon", "coordinates": [[[-90.0708435, 29.9678991], [-90.0709126, 29.9679465], [-90.0710698, 29.9677727], [-90.0710006, 29.9677253], [-90.0708435, 29.9678991]]]}}, {"id": "431", "type": "Feature", "properties": {"id": "ca639f2f-aa41-4817-93b1-8683d56ded87", "name": null, "subtype": null, "class": null, "height": null, "num_floors": null, "surge_class": 99, "surge_ft": 0.0, "flood_active": false, "exposure_score": 0.0, "exposure_category": "none"}, "geometry": {"type": "Polygon", "coordinates": [[[-90.0707759, 29.9677831], [-90.0708179, 29.9678128], [-90.0709053, 29.967719], [-90.0708633, 29.9676893], [-90.0707759, 29.9677831]]]}}, {"id": "432", "type": "Feature", "properties": {"id": "122595b0-c2ae-452d-9855-7514783a25d3", "name": null, "subtype": null, "class": null, "height": 3.786395788192749, "num_floors": null, "surge_class": 99, "surge_ft": 0.0, "flood_active": false, "exposure_score": 0.0, "exposure_category": "none"}, "geometry": {"type": "Polygon", "coordinates": [[[-90.0708125, 29.9677154], [-90.0708155, 29.9677175], [-90.0708847, 29.9676432], [-90.0708144, 29.9675937], [-90.0707445, 29.9676688], [-90.0707506, 29.9676732], [-90.0706966, 29.9677312], [-90.0707577, 29.9677743], [-90.0708125, 29.9677154]]]}}, {"id": "433", "type": "Feature", "properties": {"id": "710c01de-b548-4aad-853a-5f290ee44734", "name": null, "subtype": null, "class": null, "height": null, "num_floors": null, "surge_class": 99, "surge_ft": 0.0, "flood_active": false, "exposure_score": 0.0, "exposure_category": "none"}, "geometry": {"type": "Polygon", "coordinates": [[[-90.0707992, 29.9679521], [-90.070761, 29.9679935], [-90.0708118, 29.968029], [-90.0708499, 29.9679875], [-90.0707992, 29.9679521]]]}}, {"id": "434", "type": "Feature", "properties": {"id": "99462796-c0bf-43b6-b075-a0ceafb93c3d", "name": null, "subtype": null, "class": null, "height": 4.0735249519348145, "num_floors": null, "surge_class": 99, "surge_ft": 0.0, "flood_active": false, "exposure_score": 0.0, "exposure_category": "none"}, "geometry": {"type": "Polygon", "coordinates": [[[-90.0702803, 29.9679519], [-90.0702453, 29.9679903], [-90.0704151, 29.9681074], [-90.0704543, 29.9680643], [-90.0704498, 29.9680613], [-90.0704781, 29.9680302], [-90.0703376, 29.9679332], [-90.0703051, 29.9679689], [-90.0702803, 29.9679519]]]}}, {"id": "435", "type": "Feature", "properties": {"id": "587cbcd9-446a-432b-be1d-0cf79a46b568", "name": null, "subtype": null, "class": null, "height": 5.325095176696777, "num_floors": null, "surge_class": 99, "surge_ft": 0.0, "flood_active": false, "exposure_score": 0.0, "exposure_category": "none"}, "geometry": {"type": "Polygon", "coordinates": [[[-90.0702, 29.9680151], [-90.0701409, 29.9680833], [-90.0703174, 29.9681994], [-90.0703594, 29.968151], [-90.0704026, 29.9681795], [-90.0704265, 29.9681521], [-90.0703759, 29.9681188], [-90.0703693, 29.9681265], [-90.0702, 29.9680151]]]}}, {"id": "436", "type": "Feature", "properties": {"id": "e24c4553-4e68-4d9a-aa3a-23d4a5ac6687", "name": null, "subtype": null, "class": null, "height": null, "num_floors": null, "surge_class": 99, "surge_ft": 0.0, "flood_active": false, "exposure_score": 0.0, "exposure_category": "none"}, "geometry": {"type": "Polygon", "coordinates": [[[-90.0696952, 29.9670239], [-90.0697632, 29.9670698], [-90.0699236, 29.9668899], [-90.0698556, 29.9668439], [-90.0696952, 29.9670239]]]}}, {"id": "437", "type": "Feature", "properties": {"id": "94813308-4a71-41f0-bd96-429fd87a30a6", "name": null, "subtype": null, "class": null, "height": 4.084029674530029, "num_floors": null, "surge_class": 99, "surge_ft": 0.0, "flood_active": false, "exposure_score": 0.0, "exposure_category": "none"}, "geometry": {"type": "Polygon", "coordinates": [[[-90.0710436, 29.9670746], [-90.0712525, 29.9672175], [-90.0713304, 29.9671277], [-90.0711265, 29.9669848], [-90.0710436, 29.9670746]]]}}, {"id": "438", "type": "Feature", "properties": {"id": "7d7f8bc1-9224-4a6b-af7a-2b94e53078d0", "name": null, "subtype": null, "class": null, "height": null, "num_floors": null, "surge_class": 99, "surge_ft": 0.0, "flood_active": false, "exposure_score": 0.0, "exposure_category": "none"}, "geometry": {"type": "Polygon", "coordinates": [[[-90.0717385, 29.9670895], [-90.0717861, 29.9671219], [-90.0719251, 29.9669667], [-90.0718775, 29.9669343], [-90.0717385, 29.9670895]]]}}, {"id": "439", "type": "Feature", "properties": {"id": "ee63b5e0-c917-4125-9f77-035784a00501", "name": null, "subtype": null, "class": null, "height": null, "num_floors": null, "surge_class": 99, "surge_ft": 0.0, "flood_active": false, "exposure_score": 0.0, "exposure_category": "none"}, "geometry": {"type": "Polygon", "coordinates": [[[-90.0716215, 29.9670781], [-90.0716876, 29.9671228], [-90.0718641, 29.9669254], [-90.0717979, 29.9668806], [-90.0716215, 29.9670781]]]}}, {"id": "440", "type": "Feature", "properties": {"id": "5ee6db3a-8134-431c-9db7-3e5b4b5ab536", "name": null, "subtype": null, "class": null, "height": null, "num_floors": null, "surge_class": 99, "surge_ft": 0.0, "flood_active": false, "exposure_score": 0.0, "exposure_category": "none"}, "geometry": {"type": "Polygon", "coordinates": [[[-90.0713026, 29.9667823], [-90.0712522, 29.9668404], [-90.0714371, 29.9669619], [-90.0714875, 29.9669038], [-90.0713026, 29.9667823]]]}}, {"id": "441", "type": "Feature", "properties": {"id": "2bd402bc-6f45-4c21-b84c-68c5ef5b8cee", "name": null, "subtype": null, "class": null, "height": null, "num_floors": null, "surge_class": 99, "surge_ft": 0.0, "flood_active": false, "exposure_score": 0.0, "exposure_category": "none"}, "geometry": {"type": "Polygon", "coordinates": [[[-90.0717267, 29.9668713], [-90.071745, 29.9668507], [-90.071712, 29.9668286], [-90.0715742, 29.9669841], [-90.0716387, 29.9670274], [-90.0717583, 29.9668926], [-90.0717267, 29.9668713]]]}}, {"id": "442", "type": "Feature", "properties": {"id": "bd990212-ebba-4e1f-a266-c9b38c8b2f77", "name": null, "subtype": null, "class": null, "height": null, "num_floors": null, "surge_class": 99, "surge_ft": 0.0, "flood_active": false, "exposure_score": 0.0, "exposure_category": "none"}, "geometry": {"type": "Polygon", "coordinates": [[[-90.0715554, 29.9668422], [-90.0716311, 29.9668952], [-90.0717013, 29.9668192], [-90.0716229, 29.9667658], [-90.0715554, 29.9668422]]]}}, {"id": "443", "type": "Feature", "properties": {"id": "50464b88-ac8b-4261-9e34-fe9776daed1a", "name": null, "subtype": null, "class": null, "height": null, "num_floors": null, "surge_class": 99, "surge_ft": 0.0, "flood_active": false, "exposure_score": 0.0, "exposure_category": "none"}, "geometry": {"type": "Polygon", "coordinates": [[[-90.0713723, 29.9670341], [-90.0714245, 29.966977], [-90.071244, 29.9668517], [-90.0711917, 29.9669089], [-90.0713723, 29.9670341]]]}}, {"id": "444", "type": "Feature", "properties": {"id": "6bffd7c1-6f1e-4f0c-83fd-a48a9b45b4ec", "name": null, "subtype": null, "class": null, "height": null, "num_floors": null, "surge_class": 99, "surge_ft": 0.0, "flood_active": false, "exposure_score": 0.0, "exposure_category": "none"}, "geometry": {"type": "Polygon", "coordinates": [[[-90.0712296, 29.9669577], [-90.0711872, 29.9669295], [-90.0711472, 29.9669752], [-90.0711897, 29.9670034], [-90.0712296, 29.9669577]]]}}, {"id": "445", "type": "Feature", "properties": {"id": "50b92709-466d-4486-99c2-054b115c4565", "name": null, "subtype": null, "class": null, "height": null, "num_floors": null, "surge_class": 99, "surge_ft": 0.0, "flood_active": false, "exposure_score": 0.0, "exposure_category": "none"}, "geometry": {"type": "Polygon", "coordinates": [[[-90.0713787, 29.9667019], [-90.071523, 29.9668022], [-90.0715737, 29.9667446], [-90.0714294, 29.9666442], [-90.0713787, 29.9667019]]]}}, {"id": "446", "type": "Feature", "properties": {"id": "cc35a7ab-3230-43fa-80f8-1d16d644a59c", "name": null, "subtype": null, "class": null, "height": 3.9966816902160645, "num_floors": null, "surge_class": 99, "surge_ft": 0.0, "flood_active": false, "exposure_score": 0.0, "exposure_category": "none"}, "geometry": {"type": "Polygon", "coordinates": [[[-90.0718341, 29.9665321], [-90.0716417, 29.9664], [-90.0715852, 29.9664623], [-90.0717776, 29.9665945], [-90.0718341, 29.9665321]]]}}, {"id": "447", "type": "Feature", "properties": {"id": "c172d84d-25f5-44a6-be5b-b7ef58720966", "name": null, "subtype": null, "class": null, "height": 5.7033162117004395, "num_floors": null, "surge_class": 99, "surge_ft": 0.0, "flood_active": false, "exposure_score": 0.0, "exposure_category": "none"}, "geometry": {"type": "Polygon", "coordinates": [[[-90.0716619, 29.9663983], [-90.0718459, 29.9665213], [-90.0719019, 29.9664578], [-90.0717179, 29.9663348], [-90.0716619, 29.9663983]]]}}, {"id": "448", "type": "Feature", "properties": {"id": "d06d3da2-ec15-4a22-b2bb-0f9cecdb450a", "name": null, "subtype": null, "class": null, "height": 4.91912841796875, "num_floors": null, "surge_class": 99, "surge_ft": 0.0, "flood_active": false, "exposure_score": 0.0, "exposure_category": "none"}, "geometry": {"type": "Polygon", "coordinates": [[[-90.0717274, 29.9663274], [-90.0719181, 29.9664548], [-90.0719746, 29.9663907], [-90.0717839, 29.9662633], [-90.0717274, 29.9663274]]]}}, {"id": "449", "type": "Feature", "properties": {"id": "d1c5dcfb-4372-4de6-9909-d142cd4e037c", "name": null, "subtype": null, "class": null, "height": null, "num_floors": null, "surge_class": 99, "surge_ft": 0.0, "flood_active": false, "exposure_score": 0.0, "exposure_category": "none"}, "geometry": {"type": "Polygon", "coordinates": [[[-90.0699556, 29.9667374], [-90.0700252, 29.9667842], [-90.0701619, 29.96663], [-90.0700977, 29.9665868], [-90.0699556, 29.9667374]]]}}, {"id": "450", "type": "Feature", "properties": {"id": "644dffab-1055-40ce-8f7d-bce8556431a3", "name": null, "subtype": null, "class": null, "height": null, "num_floors": null, "surge_class": 99, "surge_ft": 0.0, "flood_active": false, "exposure_score": 0.0, "exposure_category": "none"}, "geometry": {"type": "Polygon", "coordinates": [[[-90.0698833, 29.9666664], [-90.0699485, 29.9667147], [-90.0701048, 29.9665548], [-90.0700397, 29.9665065], [-90.0698833, 29.9666664]]]}}, {"id": "451", "type": "Feature", "properties": {"id": "de539194-b29a-4942-9f6e-20659c0b6701", "name": null, "subtype": null, "class": null, "height": null, "num_floors": null, "surge_class": 99, "surge_ft": 0.0, "flood_active": false, "exposure_score": 0.0, "exposure_category": "none"}, "geometry": {"type": "Polygon", "coordinates": [[[-90.0698126, 29.9666173], [-90.0698703, 29.9666593], [-90.0700349, 29.9664878], [-90.0699771, 29.9664458], [-90.0698126, 29.9666173]]]}}, {"id": "452", "type": "Feature", "properties": {"id": "8101270f-a8b5-4a81-a8c0-264f66e08c0b", "name": null, "subtype": null, "class": null, "height": 3.641117572784424, "num_floors": null, "surge_class": 99, "surge_ft": 0.0, "flood_active": false, "exposure_score": 0.0, "exposure_category": "none"}, "geometry": {"type": "Polygon", "coordinates": [[[-90.0697154, 29.9665735], [-90.0697888, 29.966623], [-90.0699142, 29.9664821], [-90.0698926, 29.9664683], [-90.069908, 29.9664528], [-90.0698758, 29.9664298], [-90.0698605, 29.9664458], [-90.0698408, 29.9664326], [-90.0697154, 29.9665735]]]}}, {"id": "453", "type": "Feature", "properties": {"id": "8d3daff3-f865-465d-9a7a-f36990a093d0", "name": null, "subtype": null, "class": null, "height": 3.5329513549804688, "num_floors": null, "surge_class": 99, "surge_ft": 0.0, "flood_active": false, "exposure_score": 0.0, "exposure_category": "none"}, "geometry": {"type": "Polygon", "coordinates": [[[-90.0696845, 29.9660674], [-90.0696518, 29.966101], [-90.069826, 29.9662293], [-90.0698819, 29.9661717], [-90.0697619, 29.9660833], [-90.0697386, 29.9661072], [-90.0696845, 29.9660674]]]}}, {"id": "454", "type": "Feature", "properties": {"id": "102eaca0-cf52-43f3-9bca-225a0f794519", "name": null, "subtype": null, "class": null, "height": 3.7427756786346436, "num_floors": null, "surge_class": 99, "surge_ft": 0.0, "flood_active": false, "exposure_score": 0.0, "exposure_category": "none"}, "geometry": {"type": "Polygon", "coordinates": [[[-90.0698928, 29.9661532], [-90.0699479, 29.9660943], [-90.0697783, 29.9659739], [-90.0697232, 29.9660328], [-90.0698928, 29.9661532]]]}}, {"id": "455", "type": "Feature", "properties": {"id": "f07960f0-0b8a-44fe-b21c-e5b9865334ab", "name": null, "subtype": null, "class": null, "height": null, "num_floors": null, "surge_class": 99, "surge_ft": 0.0, "flood_active": false, "exposure_score": 0.0, "exposure_category": "none"}, "geometry": {"type": "Polygon", "coordinates": [[[-90.0702262, 29.9661048], [-90.0702535, 29.966123], [-90.0702888, 29.9660829], [-90.0702615, 29.9660647], [-90.0702262, 29.9661048]]]}}, {"id": "456", "type": "Feature", "properties": {"id": "5971c20e-5a66-4dd6-aec5-7b30cb863995", "name": null, "subtype": null, "class": null, "height": null, "num_floors": null, "surge_class": 99, "surge_ft": 0.0, "flood_active": false, "exposure_score": 0.0, "exposure_category": "none"}, "geometry": {"type": "Polygon", "coordinates": [[[-90.0701098, 29.9661195], [-90.0701942, 29.9661809], [-90.0702485, 29.9661226], [-90.0701636, 29.9660634], [-90.0701098, 29.9661195]]]}}, {"id": "457", "type": "Feature", "properties": {"id": "12f76242-4516-4c4e-8382-55b2fae24ee0", "name": null, "subtype": null, "class": null, "height": 5.315789699554443, "num_floors": null, "surge_class": 99, "surge_ft": 0.0, "flood_active": false, "exposure_score": 0.0, "exposure_category": "none"}, "geometry": {"type": "Polygon", "coordinates": [[[-90.0702745, 29.9663379], [-90.0703234, 29.9662835], [-90.0701056, 29.9661353], [-90.070056, 29.9661905], [-90.0701349, 29.9662442], [-90.0701311, 29.9662485], [-90.0702391, 29.966322], [-90.0702436, 29.9663169], [-90.0702745, 29.9663379]]]}}, {"id": "458", "type": "Feature", "properties": {"id": "8bc129e7-3036-465d-8263-f6b55aee79ff", "name": null, "subtype": null, "class": null, "height": 4.311685562133789, "num_floors": null, "surge_class": 99, "surge_ft": 0.0, "flood_active": false, "exposure_score": 0.0, "exposure_category": "none"}, "geometry": {"type": "Polygon", "coordinates": [[[-90.0700528, 29.9662056], [-90.0699324, 29.9663431], [-90.0703407, 29.9666153], [-90.0705275, 29.9664217], [-90.0705346, 29.966411], [-90.0705316, 29.9664], [-90.0705168, 29.9663934], [-90.0705489, 29.966362], [-90.0705061, 29.9663339], [-90.0705684, 29.9662634], [-90.0706065, 29.9662884], [-90.0706624, 29.9662295], [-90.0705883, 29.966179], [-90.0706566, 29.9661043], [-90.0705778, 29.9660496], [-90.0705539, 29.966074], [-90.0705406, 29.9660627], [-90.0705651, 29.9660401], [-90.070499, 29.9659931], [-90.0704259, 29.966071], [-90.0704026, 29.9660534], [-90.0704688, 29.965981], [-90.0704093, 29.9659429], [-90.0702325, 29.9661519], [-90.0702949, 29.9661943], [-90.0703503, 29.9661297], [-90.0703663, 29.9661416], [-90.0703513, 29.9661603], [-90.0704027, 29.9661959], [-90.0703917, 29.9662117], [-90.0704084, 29.9662224], [-90.0703448, 29.9662976], [-90.070425, 29.9663512], [-90.0703648, 29.9664193], [-90.0700528, 29.9662056]]]}}, {"id": "459", "type": "Feature", "properties": {"id": "30a2b35b-54b2-470b-b475-343bbec46d59", "name": null, "subtype": null, "class": null, "height": 4.674649238586426, "num_floors": null, "surge_class": 99, "surge_ft": 0.0, "flood_active": false, "exposure_score": 0.0, "exposure_category": "none"}, "geometry": {"type": "Polygon", "coordinates": [[[-90.0700852, 29.9659242], [-90.0702004, 29.9657964], [-90.0701283, 29.9657478], [-90.0700131, 29.9658755], [-90.0700852, 29.9659242]]]}}, {"id": "460", "type": "Feature", "properties": {"id": "3cdd3998-51d2-431a-86de-6fbc7cf1abdc", "name": null, "subtype": null, "class": null, "height": 4.288631916046143, "num_floors": null, "surge_class": 99, "surge_ft": 0.0, "flood_active": false, "exposure_score": 0.0, "exposure_category": "none"}, "geometry": {"type": "Polygon", "coordinates": [[[-90.0700121, 29.966011], [-90.0697889, 29.9658593], [-90.0697295, 29.9659257], [-90.0699526, 29.9660773], [-90.0700121, 29.966011]]]}}, {"id": "461", "type": "Feature", "properties": {"id": "56a9ed5c-dce9-4767-b969-51f50cbce9e4", "name": null, "subtype": null, "class": null, "height": null, "num_floors": null, "surge_class": 99, "surge_ft": 0.0, "flood_active": false, "exposure_score": 0.0, "exposure_category": "none"}, "geometry": {"type": "Polygon", "coordinates": [[[-90.0698843, 29.9658334], [-90.0698913, 29.9658381], [-90.0700398, 29.965674], [-90.0699733, 29.9656284], [-90.0698248, 29.9657925], [-90.0698333, 29.9657985], [-90.069815, 29.9658194], [-90.0698661, 29.9658537], [-90.0698843, 29.9658334]]]}}, {"id": "462", "type": "Feature", "properties": {"id": "0868f95b-f011-4d7c-ac6f-00d741b8bcd0", "name": null, "subtype": null, "class": null, "height": null, "num_floors": null, "surge_class": 99, "surge_ft": 0.0, "flood_active": false, "exposure_score": 0.0, "exposure_category": "none"}, "geometry": {"type": "Polygon", "coordinates": [[[-90.0699092, 29.9658439], [-90.0699777, 29.9658903], [-90.0701171, 29.9657308], [-90.0700482, 29.9656852], [-90.0699092, 29.9658439]]]}}, {"id": "463", "type": "Feature", "properties": {"id": "798fc695-30f1-40b0-9f97-bf7923e19e34", "name": null, "subtype": null, "class": null, "height": null, "num_floors": null, "surge_class": 99, "surge_ft": 0.0, "flood_active": false, "exposure_score": 0.0, "exposure_category": "none"}, "geometry": {"type": "Polygon", "coordinates": [[[-90.0699608, 29.9656195], [-90.0698952, 29.9655735], [-90.069766, 29.9657132], [-90.0697799, 29.9657229], [-90.0697506, 29.9657545], [-90.0697632, 29.9657633], [-90.0697669, 29.9657592], [-90.0697964, 29.9657798], [-90.0698242, 29.9657497], [-90.0698341, 29.9657566], [-90.0699608, 29.9656195]]]}}, {"id": "464", "type": "Feature", "properties": {"id": "075c5e15-c484-4f46-980e-a93af1036e2a", "name": null, "subtype": null, "class": null, "height": null, "num_floors": null, "surge_class": 99, "surge_ft": 0.0, "flood_active": false, "exposure_score": 0.0, "exposure_category": "none"}, "geometry": {"type": "Polygon", "coordinates": [[[-90.0696592, 29.9656503], [-90.0697463, 29.9657122], [-90.0698766, 29.9655734], [-90.0697895, 29.9655114], [-90.0696592, 29.9656503]]]}}, {"id": "465", "type": "Feature", "properties": {"id": "85d5fdc0-4e69-4296-bc54-6212d6b8f95e", "name": null, "subtype": null, "class": null, "height": null, "num_floors": null, "surge_class": 99, "surge_ft": 0.0, "flood_active": false, "exposure_score": 0.0, "exposure_category": "none"}, "geometry": {"type": "Polygon", "coordinates": [[[-90.0700828, 29.9655398], [-90.0701339, 29.9655743], [-90.07032, 29.9653653], [-90.0702836, 29.9653407], [-90.0702006, 29.9654339], [-90.0701859, 29.965424], [-90.0700828, 29.9655398]]]}}, {"id": "466", "type": "Feature", "properties": {"id": "e430034e-da6d-4720-9519-1660546c83d9", "name": null, "subtype": null, "class": null, "height": null, "num_floors": null, "surge_class": 99, "surge_ft": 0.0, "flood_active": false, "exposure_score": 0.0, "exposure_category": "none"}, "geometry": {"type": "Polygon", "coordinates": [[[-90.0701409, 29.9655801], [-90.0702062, 29.9656236], [-90.0703366, 29.9654749], [-90.070329, 29.9654699], [-90.0703481, 29.9654491], [-90.070305, 29.9654207], [-90.0702851, 29.9654405], [-90.0702759, 29.9654344], [-90.0701409, 29.9655801]]]}}, {"id": "467", "type": "Feature", "properties": {"id": "e08e1a17-a678-4512-8b90-99e0c2421b41", "name": null, "subtype": null, "class": null, "height": null, "num_floors": null, "surge_class": 99, "surge_ft": 0.0, "flood_active": false, "exposure_score": 0.0, "exposure_category": "none"}, "geometry": {"type": "Polygon", "coordinates": [[[-90.0702269, 29.9656259], [-90.0703019, 29.9656782], [-90.070435, 29.965531], [-90.0703999, 29.9655084], [-90.0704136, 29.9654925], [-90.0704544, 29.9655201], [-90.0704817, 29.9654882], [-90.0703951, 29.9654288], [-90.0702269, 29.9656259]]]}}, {"id": "468", "type": "Feature", "properties": {"id": "5d145270-7789-47ee-a2ef-7d925c24ba41", "name": null, "subtype": null, "class": null, "height": 2.935560941696167, "num_floors": null, "surge_class": 99, "surge_ft": 0.0, "flood_active": false, "exposure_score": 0.0, "exposure_category": "none"}, "geometry": {"type": "Polygon", "coordinates": [[[-90.0703491, 29.9653356], [-90.0703194, 29.9653688], [-90.0704888, 29.9654837], [-90.0705356, 29.9654314], [-90.0704076, 29.9653447], [-90.0703906, 29.9653637], [-90.0703491, 29.9653356]]]}}, {"id": "469", "type": "Feature", "properties": {"id": "a294e9d3-fd07-4cf5-a226-bc5288bae0c7", "name": null, "subtype": null, "class": null, "height": 4.218139171600342, "num_floors": null, "surge_class": 99, "surge_ft": 0.0, "flood_active": false, "exposure_score": 0.0, "exposure_category": "none"}, "geometry": {"type": "Polygon", "coordinates": [[[-90.0707557, 29.9654171], [-90.0706919, 29.9654892], [-90.0708433, 29.9655908], [-90.0709071, 29.9655187], [-90.0707557, 29.9654171]]]}}, {"id": "470", "type": "Feature", "properties": {"id": "77247813-4099-47fa-a0a1-2aeac9094084", "name": null, "subtype": null, "class": null, "height": 3.5416667461395264, "num_floors": null, "surge_class": 99, "surge_ft": 0.0, "flood_active": false, "exposure_score": 0.0, "exposure_category": "none"}, "geometry": {"type": "Polygon", "coordinates": [[[-90.0707179, 29.9657186], [-90.0706534, 29.9656751], [-90.0705135, 29.9658324], [-90.0705779, 29.9658759], [-90.0707179, 29.9657186]]]}}, {"id": "471", "type": "Feature", "properties": {"id": "706b9952-576f-436b-a65a-773549cb1530", "name": null, "subtype": null, "class": null, "height": null, "num_floors": null, "surge_class": 99, "surge_ft": 0.0, "flood_active": false, "exposure_score": 0.0, "exposure_category": "none"}, "geometry": {"type": "Polygon", "coordinates": [[[-90.0705826, 29.965888], [-90.0706476, 29.9659323], [-90.070793, 29.9657705], [-90.070728, 29.9657263], [-90.0705826, 29.965888]]]}}, {"id": "472", "type": "Feature", "properties": {"id": "6219fe38-8091-419e-b52e-6eab92b32bb2", "name": null, "subtype": null, "class": null, "height": null, "num_floors": null, "surge_class": 99, "surge_ft": 0.0, "flood_active": false, "exposure_score": 0.0, "exposure_category": "none"}, "geometry": {"type": "Polygon", "coordinates": [[[-90.0709107, 29.9655275], [-90.070861, 29.9655832], [-90.0709256, 29.9656269], [-90.0709753, 29.9655711], [-90.0709107, 29.9655275]]]}}, {"id": "473", "type": "Feature", "properties": {"id": "49da8cc0-7571-478c-a00c-b874f54da6de", "name": null, "subtype": null, "class": null, "height": 3.3047678470611572, "num_floors": null, "surge_class": 99, "surge_ft": 0.0, "flood_active": false, "exposure_score": 0.0, "exposure_category": "none"}, "geometry": {"type": "Polygon", "coordinates": [[[-90.0712867, 29.9655312], [-90.0713686, 29.9655872], [-90.0715559, 29.9653795], [-90.0714739, 29.9653235], [-90.0712867, 29.9655312]]]}}, {"id": "474", "type": "Feature", "properties": {"id": "67fa6f3a-1f91-4227-b662-ff1653ab2ff1", "name": null, "subtype": null, "class": null, "height": null, "num_floors": null, "surge_class": 99, "surge_ft": 0.0, "flood_active": false, "exposure_score": 0.0, "exposure_category": "none"}, "geometry": {"type": "Polygon", "coordinates": [[[-90.0707485, 29.9659996], [-90.0708184, 29.9660483], [-90.0709502, 29.965905], [-90.0708802, 29.9658563], [-90.0707485, 29.9659996]]]}}, {"id": "475", "type": "Feature", "properties": {"id": "6c4ceb3f-489b-422b-8e3e-98b962733121", "name": null, "subtype": null, "class": null, "height": 3.649327039718628, "num_floors": null, "surge_class": 99, "surge_ft": 0.0, "flood_active": false, "exposure_score": 0.0, "exposure_category": "none"}, "geometry": {"type": "Polygon", "coordinates": [[[-90.0719553, 29.9661557], [-90.0719157, 29.9662011], [-90.07212, 29.9663362], [-90.0721472, 29.9663049], [-90.0721584, 29.9663123], [-90.072192, 29.9662738], [-90.0721036, 29.9662154], [-90.072114, 29.9662035], [-90.072069, 29.9661737], [-90.0720585, 29.9661857], [-90.0719883, 29.9661393], [-90.0719671, 29.9661636], [-90.0719553, 29.9661557]]]}}, {"id": "476", "type": "Feature", "properties": {"id": "2ae9f4ff-a618-45f1-80e5-2e4c24573166", "name": null, "subtype": null, "class": null, "height": 4.094273567199707, "num_floors": null, "surge_class": 99, "surge_ft": 0.0, "flood_active": false, "exposure_score": 0.0, "exposure_category": "none"}, "geometry": {"type": "Polygon", "coordinates": [[[-90.0722365, 29.9660516], [-90.0720131, 29.9661166], [-90.0722583, 29.966283], [-90.0723788, 29.9661474], [-90.0722365, 29.9660516]]]}}, {"id": "477", "type": "Feature", "properties": {"id": "dd8fc2d1-795b-4f97-907a-17d1741cae6b", "name": null, "subtype": null, "class": null, "height": null, "num_floors": null, "surge_class": 99, "surge_ft": 0.0, "flood_active": false, "exposure_score": 0.0, "exposure_category": "none"}, "geometry": {"type": "Polygon", "coordinates": [[[-90.0722933, 29.9662549], [-90.0723195, 29.9662736], [-90.072362, 29.9662283], [-90.0723358, 29.9662096], [-90.0722933, 29.9662549]]]}}, {"id": "478", "type": "Feature", "properties": {"id": "10631890-51cb-4d1b-853f-3256a4177247", "name": null, "subtype": null, "class": null, "height": null, "num_floors": null, "surge_class": 99, "surge_ft": 0.0, "flood_active": false, "exposure_score": 0.0, "exposure_category": "none"}, "geometry": {"type": "Polygon", "coordinates": [[[-90.0724085, 29.96619], [-90.0724367, 29.9662109], [-90.0724794, 29.9661673], [-90.0724513, 29.9661463], [-90.0724085, 29.96619]]]}}, {"id": "479", "type": "Feature", "properties": {"id": "ee914ee4-91ed-40f2-8de4-9872de834591", "name": null, "subtype": null, "class": null, "height": null, "num_floors": null, "surge_class": 99, "surge_ft": 0.0, "flood_active": false, "exposure_score": 0.0, "exposure_category": "none"}, "geometry": {"type": "Polygon", "coordinates": [[[-90.0724781, 29.9663806], [-90.072513, 29.9664055], [-90.0727269, 29.9661783], [-90.072667, 29.9661355], [-90.0725114, 29.9663008], [-90.0725364, 29.9663186], [-90.0724781, 29.9663806]]]}}, {"id": "480", "type": "Feature", "properties": {"id": "50a4b786-71ea-4ade-ac9f-b498c474a9d0", "name": null, "subtype": null, "class": null, "height": 3.7514524459838867, "num_floors": null, "surge_class": 99, "surge_ft": 0.0, "flood_active": false, "exposure_score": 0.0, "exposure_category": "none"}, "geometry": {"type": "Polygon", "coordinates": [[[-90.0733814, 29.9654628], [-90.0734657, 29.9653703], [-90.0734151, 29.9653353], [-90.0733308, 29.9654278], [-90.0733814, 29.9654628]]]}}, {"id": "481", "type": "Feature", "properties": {"id": "aa27d677-e926-41f2-938c-623f5e00779d", "name": null, "subtype": null, "class": null, "height": null, "num_floors": null, "surge_class": 99, "surge_ft": 0.0, "flood_active": false, "exposure_score": 0.0, "exposure_category": "none"}, "geometry": {"type": "Polygon", "coordinates": [[[-90.0737873, 29.965806], [-90.0738261, 29.9658317], [-90.0739437, 29.9656971], [-90.0739049, 29.9656714], [-90.0737873, 29.965806]]]}}, {"id": "482", "type": "Feature", "properties": {"id": "1b68e6b0-04b7-403c-a1d1-1012baa43a3d", "name": null, "subtype": null, "class": null, "height": null, "num_floors": null, "surge_class": 99, "surge_ft": 0.0, "flood_active": false, "exposure_score": 0.0, "exposure_category": "none"}, "geometry": {"type": "Polygon", "coordinates": [[[-90.0738281, 29.9659338], [-90.0739745, 29.9657606], [-90.0739314, 29.965733], [-90.073785, 29.9659062], [-90.0738281, 29.9659338]]]}}, {"id": "483", "type": "Feature", "properties": {"id": "3e781fe9-6f1f-4bf5-a56c-4357294c686c", "name": null, "subtype": null, "class": null, "height": null, "num_floors": null, "surge_class": 99, "surge_ft": 0.0, "flood_active": false, "exposure_score": 0.0, "exposure_category": "none"}, "geometry": {"type": "Polygon", "coordinates": [[[-90.0737307, 29.9659585], [-90.073769, 29.9659852], [-90.0737933, 29.9659588], [-90.073755, 29.9659321], [-90.0737307, 29.9659585]]]}}, {"id": "484", "type": "Feature", "properties": {"id": "8f785b49-4c7b-4d1b-ac01-b1cd24abef30", "name": null, "subtype": null, "class": null, "height": 2.3526439666748047, "num_floors": null, "surge_class": 99, "surge_ft": 0.0, "flood_active": false, "exposure_score": 0.0, "exposure_category": "none"}, "geometry": {"type": "Polygon", "coordinates": [[[-90.0733566, 29.9661331], [-90.0733154, 29.9661043], [-90.0731609, 29.9662721], [-90.0732046, 29.9663008], [-90.0732678, 29.966232], [-90.0732924, 29.9662492], [-90.0733688, 29.9661663], [-90.0733428, 29.9661482], [-90.0733566, 29.9661331]]]}}, {"id": "485", "type": "Feature", "properties": {"id": "5aa25921-0db5-436f-b3cf-ba3bfbc62f95", "name": null, "subtype": null, "class": null, "height": 2.247131824493408, "num_floors": null, "surge_class": 99, "surge_ft": 0.0, "flood_active": false, "exposure_score": 0.0, "exposure_category": "none"}, "geometry": {"type": "Polygon", "coordinates": [[[-90.0732576, 29.9663315], [-90.0733049, 29.9663667], [-90.0734556, 29.9662021], [-90.073422, 29.9661775], [-90.0734068, 29.9661934], [-90.073386, 29.9661792], [-90.0732994, 29.9662674], [-90.0733117, 29.9662766], [-90.0732576, 29.9663315]]]}}, {"id": "486", "type": "Feature", "properties": {"id": "528e76e3-3d90-4f7a-ac85-a4318eda1a0c", "name": null, "subtype": null, "class": null, "height": null, "num_floors": null, "surge_class": 99, "surge_ft": 0.0, "flood_active": false, "exposure_score": 0.0, "exposure_category": "none"}, "geometry": {"type": "Polygon", "coordinates": [[[-90.0737552, 29.9662372], [-90.0737891, 29.9662014], [-90.0737596, 29.9661802], [-90.0737257, 29.9662159], [-90.0737552, 29.9662372]]]}}, {"id": "487", "type": "Feature", "properties": {"id": "fc84c432-25d5-4ef2-ac87-9ef06d44125f", "name": null, "subtype": null, "class": null, "height": 4.115710735321045, "num_floors": null, "surge_class": 99, "surge_ft": 0.0, "flood_active": false, "exposure_score": 0.0, "exposure_category": "none"}, "geometry": {"type": "Polygon", "coordinates": [[[-90.0738447, 29.9662004], [-90.0737876, 29.9662599], [-90.074059, 29.9664517], [-90.0741195, 29.966381], [-90.0739918, 29.9662949], [-90.0739857, 29.9663013], [-90.0738447, 29.9662004]]]}}, {"id": "488", "type": "Feature", "properties": {"id": "712242fc-2719-4257-b806-5b4f7d0331aa", "name": null, "subtype": null, "class": null, "height": 2.854402780532837, "num_floors": null, "surge_class": 99, "surge_ft": 0.0, "flood_active": false, "exposure_score": 0.0, "exposure_category": "none"}, "geometry": {"type": "Polygon", "coordinates": [[[-90.073884, 29.9663346], [-90.0738065, 29.9662846], [-90.07376, 29.9663392], [-90.0738375, 29.9663892], [-90.073884, 29.9663346]]]}}, {"id": "489", "type": "Feature", "properties": {"id": "de3e9331-0623-4174-9e15-7ec79bd34ce8", "name": null, "subtype": null, "class": null, "height": 4.6452412605285645, "num_floors": null, "surge_class": 99, "surge_ft": 0.0, "flood_active": false, "exposure_score": 0.0, "exposure_category": "none"}, "geometry": {"type": "Polygon", "coordinates": [[[-90.0736673, 29.96639], [-90.0735596, 29.9663244], [-90.0734296, 29.9664845], [-90.0734763, 29.9665129], [-90.0735495, 29.9664228], [-90.0736105, 29.9664599], [-90.0736673, 29.96639]]]}}, {"id": "490", "type": "Feature", "properties": {"id": "50168360-3e33-4313-a7e8-a0d722852d7a", "name": null, "subtype": null, "class": null, "height": null, "num_floors": null, "surge_class": 99, "surge_ft": 0.0, "flood_active": false, "exposure_score": 0.0, "exposure_category": "none"}, "geometry": {"type": "Polygon", "coordinates": [[[-90.0740064, 29.966467], [-90.0740236, 29.9664477], [-90.0739605, 29.9664051], [-90.0738544, 29.9665246], [-90.0739266, 29.9665732], [-90.0739559, 29.9665402], [-90.0739726, 29.9665514], [-90.0740321, 29.9664844], [-90.0740064, 29.966467]]]}}, {"id": "491", "type": "Feature", "properties": {"id": "45a6652c-259a-4024-8252-95394cf1f615", "name": null, "subtype": null, "class": null, "height": null, "num_floors": null, "surge_class": 99, "surge_ft": 0.0, "flood_active": false, "exposure_score": 0.0, "exposure_category": "none"}, "geometry": {"type": "Polygon", "coordinates": [[[-90.0737342, 29.9666204], [-90.0737505, 29.9666314], [-90.0739168, 29.9664444], [-90.0738551, 29.9664028], [-90.0738049, 29.9664592], [-90.0737777, 29.9664409], [-90.0737399, 29.9664835], [-90.0737468, 29.9664881], [-90.0736441, 29.9666035], [-90.0737098, 29.9666479], [-90.0737342, 29.9666204]]]}}, {"id": "492", "type": "Feature", "properties": {"id": "9a8c66fc-613f-4480-bb62-419bd599605a", "name": null, "subtype": null, "class": null, "height": null, "num_floors": null, "surge_class": 99, "surge_ft": 0.0, "flood_active": false, "exposure_score": 0.0, "exposure_category": "none"}, "geometry": {"type": "Polygon", "coordinates": [[[-90.073243, 29.9667913], [-90.0733068, 29.966835], [-90.0734613, 29.9666638], [-90.0733975, 29.9666202], [-90.073243, 29.9667913]]]}}, {"id": "493", "type": "Feature", "properties": {"id": "80cb5d92-5bba-4acb-a503-58d8fa085c92", "name": null, "subtype": null, "class": null, "height": null, "num_floors": null, "surge_class": 99, "surge_ft": 0.0, "flood_active": false, "exposure_score": 0.0, "exposure_category": "none"}, "geometry": {"type": "Polygon", "coordinates": [[[-90.0731258, 29.966782], [-90.0731857, 29.9668246], [-90.0732895, 29.9667138], [-90.0732965, 29.9667188], [-90.0733309, 29.9666822], [-90.0733227, 29.9666764], [-90.0733574, 29.9666394], [-90.073297, 29.9665964], [-90.0732016, 29.9666981], [-90.0731952, 29.9666934], [-90.0731705, 29.9667198], [-90.0731786, 29.9667256], [-90.0731258, 29.966782]]]}}, {"id": "494", "type": "Feature", "properties": {"id": "508d72c0-ca2c-4124-b256-02404c2ad98b", "name": null, "subtype": null, "class": null, "height": null, "num_floors": null, "surge_class": 99, "surge_ft": 0.0, "flood_active": false, "exposure_score": 0.0, "exposure_category": "none"}, "geometry": {"type": "Polygon", "coordinates": [[[-90.0730179, 29.966696], [-90.0730942, 29.9667473], [-90.0732792, 29.9665385], [-90.073203, 29.9664872], [-90.0730179, 29.966696]]]}}, {"id": "495", "type": "Feature", "properties": {"id": "60efd73a-3eec-44e6-b5bf-0d890c5a66ef", "name": null, "subtype": null, "class": null, "height": null, "num_floors": null, "surge_class": 99, "surge_ft": 0.0, "flood_active": false, "exposure_score": 0.0, "exposure_category": "none"}, "geometry": {"type": "Polygon", "coordinates": [[[-90.0731648, 29.9664495], [-90.0729784, 29.9666583], [-90.0730177, 29.9666849], [-90.0732041, 29.9664761], [-90.0731648, 29.9664495]]]}}, {"id": "496", "type": "Feature", "properties": {"id": "af8bb096-c9e1-470f-9dfd-eaab8b551579", "name": null, "subtype": null, "class": null, "height": null, "num_floors": null, "surge_class": 99, "surge_ft": 0.0, "flood_active": false, "exposure_score": 0.0, "exposure_category": "none"}, "geometry": {"type": "Polygon", "coordinates": [[[-90.0730781, 29.9664048], [-90.0729131, 29.9665894], [-90.0729788, 29.9666339], [-90.0731438, 29.9664493], [-90.0730781, 29.9664048]]]}}, {"id": "497", "type": "Feature", "properties": {"id": "6c92a845-a591-4e36-80ee-273a793a27a9", "name": null, "subtype": null, "class": null, "height": 3.2766027450561523, "num_floors": null, "surge_class": 99, "surge_ft": 0.0, "flood_active": false, "exposure_score": 0.0, "exposure_category": "none"}, "geometry": {"type": "Polygon", "coordinates": [[[-90.073314, 29.966389], [-90.0733853, 29.9664367], [-90.0735146, 29.9662898], [-90.0734433, 29.966242], [-90.073314, 29.966389]]]}}, {"id": "498", "type": "Feature", "properties": {"id": "46986a6f-bc78-4824-b9f4-12b85bc94808", "name": null, "subtype": null, "class": null, "height": 5.631762504577637, "num_floors": null, "surge_class": 99, "surge_ft": 0.0, "flood_active": false, "exposure_score": 0.0, "exposure_category": "none"}, "geometry": {"type": "Polygon", "coordinates": [[[-90.0727157, 29.9661968], [-90.0726014, 29.96633], [-90.0727051, 29.9663968], [-90.0728194, 29.9662636], [-90.0727157, 29.9661968]]]}}, {"id": "499", "type": "Feature", "properties": {"id": "8bfb7733-c1c9-457c-bdf8-734ec74b14b0", "name": null, "subtype": null, "class": null, "height": 2.5315263271331787, "num_floors": null, "surge_class": 99, "surge_ft": 0.0, "flood_active": false, "exposure_score": 0.0, "exposure_category": "none"}, "geometry": {"type": "Polygon", "coordinates": [[[-90.0725401, 29.9663829], [-90.0724894, 29.9664387], [-90.0725952, 29.9665118], [-90.0726276, 29.9664762], [-90.0726229, 29.966473], [-90.0726508, 29.9664423], [-90.072602, 29.9664086], [-90.0725925, 29.966419], [-90.0725401, 29.9663829]]]}}, {"id": "500", "type": "Feature", "properties": {"id": "cfe4aa21-ead4-402a-aeb4-f4ed4a4bdbe5", "name": null, "subtype": null, "class": null, "height": 2.9711999893188477, "num_floors": null, "surge_class": 99, "surge_ft": 0.0, "flood_active": false, "exposure_score": 0.0, "exposure_category": "none"}, "geometry": {"type": "Polygon", "coordinates": [[[-90.0725445, 29.9665604], [-90.0725818, 29.9665189], [-90.0723771, 29.9663796], [-90.0723262, 29.9664363], [-90.0723781, 29.9664716], [-90.0723917, 29.9664565], [-90.0725445, 29.9665604]]]}}, {"id": "501", "type": "Feature", "properties": {"id": "947ea9cc-f4c7-4abf-a20c-e1edef933291", "name": null, "subtype": null, "class": null, "height": 4.847970008850098, "num_floors": null, "surge_class": 99, "surge_ft": 0.0, "flood_active": false, "exposure_score": 0.0, "exposure_category": "none"}, "geometry": {"type": "Polygon", "coordinates": [[[-90.071801, 29.9662595], [-90.0719908, 29.9663841], [-90.0720479, 29.966317], [-90.0718554, 29.9661947], [-90.071801, 29.9662595]]]}}, {"id": "502", "type": "Feature", "properties": {"id": "3e5c54d1-a77c-46cf-a385-ba4e3202f0ad", "name": null, "subtype": null, "class": null, "height": 3.1966469287872314, "num_floors": null, "surge_class": 99, "surge_ft": 0.0, "flood_active": false, "exposure_score": 0.0, "exposure_category": "none"}, "geometry": {"type": "Polygon", "coordinates": [[[-90.0722398, 29.9665461], [-90.0722806, 29.9665733], [-90.0722671, 29.9665887], [-90.0724314, 29.9666982], [-90.0724798, 29.9666431], [-90.0723203, 29.9665368], [-90.0723063, 29.9665528], [-90.0722607, 29.9665224], [-90.0722398, 29.9665461]]]}}, {"id": "503", "type": "Feature", "properties": {"id": "955a11dd-483c-4ddd-bec9-46e84bd2086f", "name": null, "subtype": null, "class": null, "height": 4.195570468902588, "num_floors": null, "surge_class": 99, "surge_ft": 0.0, "flood_active": false, "exposure_score": 0.0, "exposure_category": "none"}, "geometry": {"type": "Polygon", "coordinates": [[[-90.0718285, 29.9667307], [-90.0718628, 29.966754], [-90.0720017, 29.9665988], [-90.0719389, 29.9665561], [-90.0718198, 29.9666891], [-90.0718484, 29.9667085], [-90.0718285, 29.9667307]]]}}, {"id": "504", "type": "Feature", "properties": {"id": "58e83048-760c-4187-8fee-57a3c1c954b6", "name": null, "subtype": null, "class": null, "height": 3.879925012588501, "num_floors": null, "surge_class": 99, "surge_ft": 0.0, "flood_active": false, "exposure_score": 0.0, "exposure_category": "none"}, "geometry": {"type": "Polygon", "coordinates": [[[-90.0719047, 29.9667649], [-90.0719684, 29.9668072], [-90.0720873, 29.9666714], [-90.0720236, 29.9666291], [-90.0719047, 29.9667649]]]}}, {"id": "505", "type": "Feature", "properties": {"id": "a41a3c46-94a1-403c-90e4-6f932171d40f", "name": null, "subtype": null, "class": null, "height": 4.111710548400879, "num_floors": null, "surge_class": 99, "surge_ft": 0.0, "flood_active": false, "exposure_score": 0.0, "exposure_category": "none"}, "geometry": {"type": "Polygon", "coordinates": [[[-90.072332, 29.9664538], [-90.0722886, 29.966504], [-90.072489, 29.9666355], [-90.0725284, 29.9665879], [-90.072332, 29.9664538]]]}}, {"id": "506", "type": "Feature", "properties": {"id": "d8df4a0a-e683-4184-97c3-7947979438e0", "name": null, "subtype": null, "class": null, "height": 2.675304889678955, "num_floors": null, "surge_class": 99, "surge_ft": 0.0, "flood_active": false, "exposure_score": 0.0, "exposure_category": "none"}, "geometry": {"type": "Polygon", "coordinates": [[[-90.0728941, 29.9666023], [-90.0729528, 29.9665361], [-90.0728376, 29.9664587], [-90.0727717, 29.9665331], [-90.0728642, 29.9665953], [-90.0728714, 29.9665871], [-90.0728941, 29.9666023]]]}}, {"id": "507", "type": "Feature", "properties": {"id": "205e2277-456b-49b5-9601-877698a0af2c", "name": null, "subtype": null, "class": null, "height": null, "num_floors": null, "surge_class": 99, "surge_ft": 0.0, "flood_active": false, "exposure_score": 0.0, "exposure_category": "none"}, "geometry": {"type": "Polygon", "coordinates": [[[-90.0727417, 29.9665691], [-90.0728416, 29.9666349], [-90.0728638, 29.9666089], [-90.0727639, 29.9665431], [-90.0727417, 29.9665691]]]}}, {"id": "508", "type": "Feature", "properties": {"id": "103f5d54-7d8d-4171-8c95-5b90500c6d60", "name": null, "subtype": null, "class": null, "height": 4.063399791717529, "num_floors": null, "surge_class": 99, "surge_ft": 0.0, "flood_active": false, "exposure_score": 0.0, "exposure_category": "none"}, "geometry": {"type": "Polygon", "coordinates": [[[-90.0728534, 29.9667667], [-90.0729291, 29.966817], [-90.0729866, 29.966751], [-90.0727549, 29.9665921], [-90.0726808, 29.966674], [-90.0728049, 29.966759], [-90.0728245, 29.9667379], [-90.0728597, 29.966759], [-90.0728534, 29.9667667]]]}}, {"id": "509", "type": "Feature", "properties": {"id": "67a6f37f-a655-4e31-bc5d-08a1621489c2", "name": null, "subtype": null, "class": null, "height": 3.0695950984954834, "num_floors": null, "surge_class": 99, "surge_ft": 0.0, "flood_active": false, "exposure_score": 0.0, "exposure_category": "none"}, "geometry": {"type": "Polygon", "coordinates": [[[-90.0729367, 29.9669027], [-90.0728562, 29.9668481], [-90.0728492, 29.966856], [-90.0726438, 29.9667167], [-90.0726025, 29.9667629], [-90.0726775, 29.9668137], [-90.0726626, 29.9668305], [-90.072713, 29.9668647], [-90.072726, 29.9668502], [-90.0728009, 29.966901], [-90.0728092, 29.9668917], [-90.0728946, 29.9669496], [-90.0729367, 29.9669027]]]}}, {"id": "510", "type": "Feature", "properties": {"id": "cb274345-8b9a-4af4-9105-87c54047c210", "name": null, "subtype": null, "class": null, "height": 5.102001667022705, "num_floors": null, "surge_class": 99, "surge_ft": 0.0, "flood_active": false, "exposure_score": 0.0, "exposure_category": "none"}, "geometry": {"type": "Polygon", "coordinates": [[[-90.0726331, 29.9668936], [-90.0725159, 29.9668135], [-90.0724557, 29.9668803], [-90.0725728, 29.9669604], [-90.0726331, 29.9668936]]]}}, {"id": "511", "type": "Feature", "properties": {"id": "331aee1f-cb96-4afa-b2ff-f196df5ce3d7", "name": null, "subtype": null, "class": null, "height": 6.021641731262207, "num_floors": null, "surge_class": 99, "surge_ft": 0.0, "flood_active": false, "exposure_score": 0.0, "exposure_category": "none"}, "geometry": {"type": "Polygon", "coordinates": [[[-90.0720549, 29.9668891], [-90.0721009, 29.9669201], [-90.0722431, 29.9667607], [-90.0721971, 29.9667296], [-90.0720549, 29.9668891]]]}}, {"id": "512", "type": "Feature", "properties": {"id": "00af9fea-b6c9-433a-b830-ac942c2c8e09", "name": null, "subtype": null, "class": null, "height": 5.360567569732666, "num_floors": null, "surge_class": 99, "surge_ft": 0.0, "flood_active": false, "exposure_score": 0.0, "exposure_category": "none"}, "geometry": {"type": "Polygon", "coordinates": [[[-90.0721661, 29.9666544], [-90.0721493, 29.9666432], [-90.0719834, 29.966831], [-90.0720398, 29.9668688], [-90.0721043, 29.9667959], [-90.0721163, 29.9668039], [-90.0722398, 29.966664], [-90.0721881, 29.9666294], [-90.0721661, 29.9666544]]]}}, {"id": "513", "type": "Feature", "properties": {"id": "3f0ecd9a-6159-41b5-8da2-8686c2e6a50f", "name": null, "subtype": null, "class": null, "height": 4.356263160705566, "num_floors": null, "surge_class": 99, "surge_ft": 0.0, "flood_active": false, "exposure_score": 0.0, "exposure_category": "none"}, "geometry": {"type": "Polygon", "coordinates": [[[-90.072173, 29.9669792], [-90.0723199, 29.9668157], [-90.0722541, 29.9667719], [-90.0721046, 29.9669307], [-90.072173, 29.9669792]]]}}, {"id": "514", "type": "Feature", "properties": {"id": "fbadc21f-f47c-4b96-9ff1-32dd5e0ccbe7", "name": null, "subtype": null, "class": null, "height": 4.052732944488525, "num_floors": null, "surge_class": 99, "surge_ft": 0.0, "flood_active": false, "exposure_score": 0.0, "exposure_category": "none"}, "geometry": {"type": "Polygon", "coordinates": [[[-90.0723048, 29.9670564], [-90.0723612, 29.9670956], [-90.0724543, 29.9669873], [-90.0723998, 29.9669489], [-90.0723048, 29.9670564]]]}}, {"id": "515", "type": "Feature", "properties": {"id": "37ce1ab4-e00f-406d-b058-60e88d884a6b", "name": null, "subtype": null, "class": null, "height": null, "num_floors": null, "surge_class": 99, "surge_ft": 0.0, "flood_active": false, "exposure_score": 0.0, "exposure_category": "none"}, "geometry": {"type": "Polygon", "coordinates": [[[-90.0719388, 29.9669827], [-90.0718089, 29.967127], [-90.0718446, 29.9671514], [-90.0719745, 29.9670071], [-90.0719388, 29.9669827]]]}}, {"id": "516", "type": "Feature", "properties": {"id": "9ac11709-34df-4a4c-9763-7df1d2cee6d9", "name": null, "subtype": null, "class": null, "height": null, "num_floors": null, "surge_class": 99, "surge_ft": 0.0, "flood_active": false, "exposure_score": 0.0, "exposure_category": "none"}, "geometry": {"type": "Polygon", "coordinates": [[[-90.0719818, 29.9672015], [-90.0720915, 29.967084], [-90.0720293, 29.9670391], [-90.0719196, 29.9671567], [-90.0719818, 29.9672015]]]}}, {"id": "517", "type": "Feature", "properties": {"id": "792a7d74-6c8f-4aca-9c1e-0177d7da931f", "name": null, "subtype": null, "class": null, "height": 4.20646333694458, "num_floors": null, "surge_class": 99, "surge_ft": 0.0, "flood_active": false, "exposure_score": 0.0, "exposure_category": "none"}, "geometry": {"type": "Polygon", "coordinates": [[[-90.0725178, 29.9672151], [-90.0725608, 29.9672441], [-90.0727176, 29.9670676], [-90.0726746, 29.9670386], [-90.0725178, 29.9672151]]]}}, {"id": "518", "type": "Feature", "properties": {"id": "1f0898a5-8c34-40de-864b-cab2c2178c19", "name": null, "subtype": null, "class": null, "height": null, "num_floors": null, "surge_class": 99, "surge_ft": 0.0, "flood_active": false, "exposure_score": 0.0, "exposure_category": "none"}, "geometry": {"type": "Polygon", "coordinates": [[[-90.0724728, 29.9670634], [-90.0724293, 29.9670336], [-90.0723915, 29.9670755], [-90.072435, 29.9671053], [-90.0724728, 29.9670634]]]}}, {"id": "519", "type": "Feature", "properties": {"id": "8a4c0494-9037-45b9-8ca2-e97fc5b016c4", "name": null, "subtype": null, "class": null, "height": null, "num_floors": null, "surge_class": 99, "surge_ft": 0.0, "flood_active": false, "exposure_score": 0.0, "exposure_category": "none"}, "geometry": {"type": "Polygon", "coordinates": [[[-90.0724821, 29.967056], [-90.0725318, 29.9669993], [-90.0724858, 29.9669688], [-90.0724361, 29.9670254], [-90.0724821, 29.967056]]]}}, {"id": "520", "type": "Feature", "properties": {"id": "4e66ee4d-3cec-40e2-87ff-99da0e9f563b", "name": null, "subtype": null, "class": null, "height": 5.332420825958252, "num_floors": null, "surge_class": 99, "surge_ft": 0.0, "flood_active": false, "exposure_score": 0.0, "exposure_category": "none"}, "geometry": {"type": "Polygon", "coordinates": [[[-90.0726032, 29.9671056], [-90.0726765, 29.9670265], [-90.0725933, 29.9669681], [-90.0724256, 29.9671491], [-90.0725007, 29.9672018], [-90.0725951, 29.9670999], [-90.0726032, 29.9671056]]]}}, {"id": "521", "type": "Feature", "properties": {"id": "1c80c98d-fdce-48d0-8992-852e4c31d10a", "name": null, "subtype": null, "class": null, "height": null, "num_floors": null, "surge_class": 99, "surge_ft": 0.0, "flood_active": false, "exposure_score": 0.0, "exposure_category": "none"}, "geometry": {"type": "Polygon", "coordinates": [[[-90.0725734, 29.9672521], [-90.0726232, 29.9672858], [-90.0728042, 29.9670833], [-90.0727544, 29.9670495], [-90.0725734, 29.9672521]]]}}, {"id": "522", "type": "Feature", "properties": {"id": "4b21e2c6-22cf-49c1-b182-ab9af6deddff", "name": null, "subtype": null, "class": null, "height": 4.06101131439209, "num_floors": null, "surge_class": 99, "surge_ft": 0.0, "flood_active": false, "exposure_score": 0.0, "exposure_category": "none"}, "geometry": {"type": "Polygon", "coordinates": [[[-90.0732756, 29.9669993], [-90.0732224, 29.967057], [-90.0734035, 29.967179], [-90.0734552, 29.9671214], [-90.0732756, 29.9669993]]]}}, {"id": "523", "type": "Feature", "properties": {"id": "2750a112-68c9-4366-9f16-297a5a039ae3", "name": null, "subtype": null, "class": null, "height": null, "num_floors": null, "surge_class": 99, "surge_ft": 0.0, "flood_active": false, "exposure_score": 0.0, "exposure_category": "none"}, "geometry": {"type": "Polygon", "coordinates": [[[-90.0731189, 29.9670806], [-90.0731456, 29.9670982], [-90.073138, 29.9671069], [-90.0733493, 29.967247], [-90.0733986, 29.9671906], [-90.0731867, 29.9670503], [-90.0731803, 29.9670576], [-90.0731542, 29.9670403], [-90.0731189, 29.9670806]]]}}, {"id": "524", "type": "Feature", "properties": {"id": "0dcd735b-9f40-4297-8450-d7ca52927260", "name": null, "subtype": null, "class": null, "height": null, "num_floors": null, "surge_class": 99, "surge_ft": 0.0, "flood_active": false, "exposure_score": 0.0, "exposure_category": "none"}, "geometry": {"type": "Polygon", "coordinates": [[[-90.0728596, 29.9670051], [-90.0729222, 29.9670472], [-90.0730118, 29.9669466], [-90.0729864, 29.9669299], [-90.0729349, 29.9669891], [-90.0728959, 29.9669633], [-90.0728596, 29.9670051]]]}}, {"id": "525", "type": "Feature", "properties": {"id": "e2aeda71-f6ec-418b-93ac-56e58a303d7d", "name": null, "subtype": null, "class": null, "height": null, "num_floors": null, "surge_class": 99, "surge_ft": 0.0, "flood_active": false, "exposure_score": 0.0, "exposure_category": "none"}, "geometry": {"type": "Polygon", "coordinates": [[[-90.0732143, 29.966828], [-90.0731789, 29.9668685], [-90.0732426, 29.9669107], [-90.073278, 29.9668702], [-90.0732143, 29.966828]]]}}, {"id": "526", "type": "Feature", "properties": {"id": "55531acf-ab0c-45cc-bbe0-2fa1fb812687", "name": null, "subtype": null, "class": null, "height": null, "num_floors": null, "surge_class": 99, "surge_ft": 0.0, "flood_active": false, "exposure_score": 0.0, "exposure_category": "none"}, "geometry": {"type": "Polygon", "coordinates": [[[-90.0732864, 29.9669974], [-90.0733374, 29.9669393], [-90.0732718, 29.9668956], [-90.0732207, 29.9669537], [-90.0732864, 29.9669974]]]}}, {"id": "527", "type": "Feature", "properties": {"id": "4f09d0d1-4491-45f7-8228-9d2f632ac9f1", "name": null, "subtype": null, "class": null, "height": null, "num_floors": null, "surge_class": 99, "surge_ft": 0.0, "flood_active": false, "exposure_score": 0.0, "exposure_category": "none"}, "geometry": {"type": "Polygon", "coordinates": [[[-90.0735071, 29.9669557], [-90.0735652, 29.966995], [-90.0737148, 29.966827], [-90.0736695, 29.9667964], [-90.0735477, 29.9669332], [-90.0735349, 29.9669245], [-90.0735071, 29.9669557]]]}}, {"id": "528", "type": "Feature", "properties": {"id": "42f1efbe-2f5e-4dab-a716-382babb312c0", "name": null, "subtype": null, "class": null, "height": null, "num_floors": null, "surge_class": 99, "surge_ft": 0.0, "flood_active": false, "exposure_score": 0.0, "exposure_category": "none"}, "geometry": {"type": "Polygon", "coordinates": [[[-90.0733838, 29.9668662], [-90.0733884, 29.9668693], [-90.0735352, 29.9667039], [-90.0734998, 29.9666801], [-90.0733943, 29.9667988], [-90.0733793, 29.9667888], [-90.0733499, 29.966822], [-90.073362, 29.9668301], [-90.0733265, 29.96687], [-90.0733603, 29.9668927], [-90.0733838, 29.9668662]]]}}, {"id": "529", "type": "Feature", "properties": {"id": "730f7091-2d60-442e-abb6-fcc708d3cc5c", "name": null, "subtype": null, "class": null, "height": null, "num_floors": null, "surge_class": 99, "surge_ft": 0.0, "flood_active": false, "exposure_score": 0.0, "exposure_category": "none"}, "geometry": {"type": "Polygon", "coordinates": [[[-90.0734577, 29.9668115], [-90.0735002, 29.9668425], [-90.0735945, 29.9667445], [-90.0735475, 29.9667127], [-90.0734577, 29.9668115]]]}}, {"id": "530", "type": "Feature", "properties": {"id": "b50e392d-5338-4449-b827-7e999714f20b", "name": null, "subtype": null, "class": null, "height": 5.276190280914307, "num_floors": null, "surge_class": 99, "surge_ft": 0.0, "flood_active": false, "exposure_score": 0.0, "exposure_category": "none"}, "geometry": {"type": "Polygon", "coordinates": [[[-90.0737426, 29.9670681], [-90.073806, 29.9671127], [-90.073922, 29.9669873], [-90.0738577, 29.9669431], [-90.0737426, 29.9670681]]]}}, {"id": "531", "type": "Feature", "properties": {"id": "c8ea0236-0e09-497c-83ac-63b6df2e29fb", "name": null, "subtype": null, "class": null, "height": 2.8989827632904053, "num_floors": null, "surge_class": 99, "surge_ft": 0.0, "flood_active": false, "exposure_score": 0.0, "exposure_category": "none"}, "geometry": {"type": "Polygon", "coordinates": [[[-90.0740098, 29.9670592], [-90.0739603, 29.9670257], [-90.0737235, 29.9672904], [-90.0737629, 29.9673171], [-90.0738242, 29.9672486], [-90.0738343, 29.9672554], [-90.0740098, 29.9670592]]]}}, {"id": "532", "type": "Feature", "properties": {"id": "8fefed86-b380-4949-8912-38cf2739042d", "name": null, "subtype": null, "class": null, "height": 2.4284675121307373, "num_floors": null, "surge_class": 99, "surge_ft": 0.0, "flood_active": false, "exposure_score": 0.0, "exposure_category": "none"}, "geometry": {"type": "Polygon", "coordinates": [[[-90.0739717, 29.9672499], [-90.074097, 29.9671101], [-90.0740405, 29.9670726], [-90.0739152, 29.9672124], [-90.0739717, 29.9672499]]]}}, {"id": "533", "type": "Feature", "properties": {"id": "b79a9eeb-f834-41df-a9e7-8e11b7219b2d", "name": null, "subtype": null, "class": null, "height": 3.4118399620056152, "num_floors": null, "surge_class": 99, "surge_ft": 0.0, "flood_active": false, "exposure_score": 0.0, "exposure_category": "none"}, "geometry": {"type": "Polygon", "coordinates": [[[-90.0746666, 29.96706], [-90.0746442, 29.9670451], [-90.0745188, 29.9671879], [-90.0745793, 29.9672282], [-90.074594, 29.9672114], [-90.0745709, 29.9671957], [-90.0745928, 29.9671707], [-90.0746152, 29.9671859], [-90.0747316, 29.9670532], [-90.0746943, 29.9670284], [-90.0746666, 29.96706]]]}}, {"id": "534", "type": "Feature", "properties": {"id": "1e081d46-dcd7-4c16-b929-fca8dde461ea", "name": null, "subtype": null, "class": null, "height": 2.087636947631836, "num_floors": null, "surge_class": 99, "surge_ft": 0.0, "flood_active": false, "exposure_score": 0.0, "exposure_category": "none"}, "geometry": {"type": "Polygon", "coordinates": [[[-90.0744095, 29.9670766], [-90.0744709, 29.9671189], [-90.0746345, 29.966939], [-90.0745731, 29.9668966], [-90.0744095, 29.9670766]]]}}, {"id": "535", "type": "Feature", "properties": {"id": "50619f1c-2e22-47ec-b2bf-05df3973baa7", "name": null, "subtype": null, "class": null, "height": 3.144136428833008, "num_floors": null, "surge_class": 99, "surge_ft": 0.0, "flood_active": false, "exposure_score": 0.0, "exposure_category": "none"}, "geometry": {"type": "Polygon", "coordinates": [[[-90.0749173, 29.9670557], [-90.074963, 29.9670027], [-90.0747873, 29.9668879], [-90.0747417, 29.9669409], [-90.0749173, 29.9670557]]]}}, {"id": "536", "type": "Feature", "properties": {"id": "6014624d-cfec-469e-90ea-26ee4440b11c", "name": null, "subtype": null, "class": null, "height": null, "num_floors": null, "surge_class": 99, "surge_ft": 0.0, "flood_active": false, "exposure_score": 0.0, "exposure_category": "none"}, "geometry": {"type": "Polygon", "coordinates": [[[-90.0749707, 29.9669746], [-90.075001, 29.9669401], [-90.0747994, 29.9668057], [-90.0747626, 29.9668475], [-90.0747876, 29.9668642], [-90.0747797, 29.9668732], [-90.074819, 29.9668995], [-90.0748334, 29.966883], [-90.0749707, 29.9669746]]]}}, {"id": "537", "type": "Feature", "properties": {"id": "f89c83f7-981b-460c-907c-5afe32de1960", "name": null, "subtype": null, "class": null, "height": null, "num_floors": null, "surge_class": 99, "surge_ft": 0.0, "flood_active": false, "exposure_score": 0.0, "exposure_category": "none"}, "geometry": {"type": "Polygon", "coordinates": [[[-90.0748022, 29.9667426], [-90.0747727, 29.9667756], [-90.0750069, 29.9669345], [-90.0750357, 29.9669022], [-90.0749429, 29.9668392], [-90.0749505, 29.9668306], [-90.074906, 29.9668004], [-90.074899, 29.9668083], [-90.0748022, 29.9667426]]]}}, {"id": "538", "type": "Feature", "properties": {"id": "4861f6e2-00dd-4264-a5a5-70b64141ccfd", "name": null, "subtype": null, "class": null, "height": null, "num_floors": null, "surge_class": 99, "surge_ft": 0.0, "flood_active": false, "exposure_score": 0.0, "exposure_category": "none"}, "geometry": {"type": "Polygon", "coordinates": [[[-90.0746879, 29.9668085], [-90.0747345, 29.966753], [-90.0747018, 29.9667322], [-90.0746553, 29.9667878], [-90.0746879, 29.9668085]]]}}, {"id": "539", "type": "Feature", "properties": {"id": "7e31cd40-e1f4-421b-be10-3a75006617d7", "name": null, "subtype": null, "class": null, "height": null, "num_floors": null, "surge_class": 99, "surge_ft": 0.0, "flood_active": false, "exposure_score": 0.0, "exposure_category": "none"}, "geometry": {"type": "Polygon", "coordinates": [[[-90.0743139, 29.9670091], [-90.0745104, 29.9667891], [-90.0744615, 29.966756], [-90.0742651, 29.966976], [-90.0743139, 29.9670091]]]}}, {"id": "540", "type": "Feature", "properties": {"id": "5a1c3af7-54da-498e-9f8c-92841b3fa8bb", "name": null, "subtype": null, "class": null, "height": null, "num_floors": null, "surge_class": 99, "surge_ft": 0.0, "flood_active": false, "exposure_score": 0.0, "exposure_category": "none"}, "geometry": {"type": "Polygon", "coordinates": [[[-90.0743232, 29.9670204], [-90.0743942, 29.9670684], [-90.0745888, 29.9668504], [-90.074521, 29.9668024], [-90.0743232, 29.9670204]]]}}, {"id": "541", "type": "Feature", "properties": {"id": "114d5f8e-0bea-42a6-8797-09896f2870c7", "name": null, "subtype": null, "class": null, "height": null, "num_floors": null, "surge_class": 99, "surge_ft": 0.0, "flood_active": false, "exposure_score": 0.0, "exposure_category": "none"}, "geometry": {"type": "Polygon", "coordinates": [[[-90.07417, 29.9669877], [-90.074216, 29.9670186], [-90.0743741, 29.96684], [-90.0743282, 29.9668092], [-90.07417, 29.9669877]]]}}, {"id": "542", "type": "Feature", "properties": {"id": "73c66393-7b20-4e3b-9cc2-75764cc2e4c5", "name": null, "subtype": null, "class": null, "height": 2.1630632877349854, "num_floors": null, "surge_class": 99, "surge_ft": 0.0, "flood_active": false, "exposure_score": 0.0, "exposure_category": "none"}, "geometry": {"type": "Polygon", "coordinates": [[[-90.0740903, 29.9669316], [-90.0741589, 29.9669788], [-90.0742842, 29.9668408], [-90.0742155, 29.9667936], [-90.0740903, 29.9669316]]]}}, {"id": "543", "type": "Feature", "properties": {"id": "97d9c595-202e-4fd1-94f7-1870dd5afe83", "name": null, "subtype": null, "class": null, "height": null, "num_floors": null, "surge_class": 99, "surge_ft": 0.0, "flood_active": false, "exposure_score": 0.0, "exposure_category": "none"}, "geometry": {"type": "Polygon", "coordinates": [[[-90.074082, 29.9669166], [-90.0741974, 29.9667923], [-90.0741812, 29.9667804], [-90.0742026, 29.966757], [-90.0741557, 29.9667242], [-90.0740192, 29.9668733], [-90.074082, 29.9669166]]]}}, {"id": "544", "type": "Feature", "properties": {"id": "d52037a9-1ce0-4153-9e55-88688244595a", "name": null, "subtype": null, "class": null, "height": null, "num_floors": null, "surge_class": 99, "surge_ft": 0.0, "flood_active": false, "exposure_score": 0.0, "exposure_category": "none"}, "geometry": {"type": "Polygon", "coordinates": [[[-90.0739902, 29.9668536], [-90.0740707, 29.9667605], [-90.0740047, 29.9667177], [-90.0739242, 29.9668108], [-90.0739902, 29.9668536]]]}}, {"id": "545", "type": "Feature", "properties": {"id": "32c94533-6d8b-4cb4-ad37-91e7eca877d2", "name": null, "subtype": null, "class": null, "height": null, "num_floors": null, "surge_class": 99, "surge_ft": 0.0, "flood_active": false, "exposure_score": 0.0, "exposure_category": "none"}, "geometry": {"type": "Polygon", "coordinates": [[[-90.0743095, 29.9667206], [-90.074333, 29.9667367], [-90.0743452, 29.9667225], [-90.0741147, 29.9665741], [-90.0740802, 29.9666135], [-90.0742082, 29.9666983], [-90.0742142, 29.9666913], [-90.0742488, 29.9667143], [-90.0742617, 29.9666995], [-90.0743034, 29.9667273], [-90.0743095, 29.9667206]]]}}, {"id": "546", "type": "Feature", "properties": {"id": "dfe4bc30-62ff-4b60-93c3-6312adf7389d", "name": null, "subtype": null, "class": null, "height": 5.209021091461182, "num_floors": null, "surge_class": 99, "surge_ft": 0.0, "flood_active": false, "exposure_score": 0.0, "exposure_category": "none"}, "geometry": {"type": "Polygon", "coordinates": [[[-90.0741754, 29.966509], [-90.074125, 29.9665665], [-90.0743522, 29.9667178], [-90.0744026, 29.9666603], [-90.0741754, 29.966509]]]}}, {"id": "547", "type": "Feature", "properties": {"id": "36f0c802-2077-49d3-8a0f-f65def6d41cf", "name": null, "subtype": null, "class": null, "height": 5.233662128448486, "num_floors": null, "surge_class": 99, "surge_ft": 0.0, "flood_active": false, "exposure_score": 0.0, "exposure_category": "none"}, "geometry": {"type": "Polygon", "coordinates": [[[-90.0744521, 29.9666085], [-90.0744643, 29.9665945], [-90.0742457, 29.9664492], [-90.0741967, 29.966505], [-90.0744132, 29.966649], [-90.0744234, 29.9666374], [-90.0744522, 29.9666565], [-90.0744787, 29.9666262], [-90.0744521, 29.9666085]]]}}, {"id": "548", "type": "Feature", "properties": {"id": "3e8fb080-baa6-419e-a714-9761fe62bf96", "name": null, "subtype": null, "class": null, "height": 3.6233716011047363, "num_floors": null, "surge_class": 99, "surge_ft": 0.0, "flood_active": false, "exposure_score": 0.0, "exposure_category": "none"}, "geometry": {"type": "Polygon", "coordinates": [[[-90.0743663, 29.9663086], [-90.0743132, 29.9663683], [-90.0745244, 29.9665105], [-90.0745528, 29.9664785], [-90.0745228, 29.9664582], [-90.0745474, 29.9664305], [-90.0743663, 29.9663086]]]}}, {"id": "549", "type": "Feature", "properties": {"id": "4a99b05d-21ec-49e9-aa62-40eac9aabef8", "name": null, "subtype": null, "class": null, "height": 5.296181678771973, "num_floors": null, "surge_class": 99, "surge_ft": 0.0, "flood_active": false, "exposure_score": 0.0, "exposure_category": "none"}, "geometry": {"type": "Polygon", "coordinates": [[[-90.0744759, 29.9665824], [-90.0745236, 29.9665287], [-90.0743029, 29.9663803], [-90.0742552, 29.966434], [-90.0744759, 29.9665824]]]}}, {"id": "550", "type": "Feature", "properties": {"id": "3617afd8-00ea-4528-b102-5f1304cd4de0", "name": null, "subtype": null, "class": null, "height": null, "num_floors": null, "surge_class": 99, "surge_ft": 0.0, "flood_active": false, "exposure_score": 0.0, "exposure_category": "none"}, "geometry": {"type": "Polygon", "coordinates": [[[-90.0746763, 29.9664911], [-90.0747182, 29.9665199], [-90.0748827, 29.9663399], [-90.0748395, 29.96631], [-90.0746763, 29.9664911]]]}}, {"id": "551", "type": "Feature", "properties": {"id": "acc4fbea-2a58-4ee6-b876-d36846c2273a", "name": null, "subtype": null, "class": null, "height": 4.214390754699707, "num_floors": null, "surge_class": 99, "surge_ft": 0.0, "flood_active": false, "exposure_score": 0.0, "exposure_category": "none"}, "geometry": {"type": "Polygon", "coordinates": [[[-90.0751894, 29.9665424], [-90.0751803, 29.9665508], [-90.0749112, 29.966368], [-90.0746823, 29.9666205], [-90.0747487, 29.9666658], [-90.0749249, 29.9664688], [-90.0751238, 29.9666061], [-90.0750029, 29.9667383], [-90.0749937, 29.9667319], [-90.0749823, 29.9667443], [-90.075102, 29.9668264], [-90.0752922, 29.9666133], [-90.0751894, 29.9665424]]]}}, {"id": "552", "type": "Feature", "properties": {"id": "62f8c6c7-ad88-45c1-bacb-271459838da3", "name": null, "subtype": null, "class": null, "height": null, "num_floors": null, "surge_class": 99, "surge_ft": 0.0, "flood_active": false, "exposure_score": 0.0, "exposure_category": "none"}, "geometry": {"type": "Polygon", "coordinates": [[[-90.0746556, 29.9666015], [-90.0746987, 29.9665523], [-90.0746432, 29.9665154], [-90.0746001, 29.9665646], [-90.0746556, 29.9666015]]]}}, {"id": "553", "type": "Feature", "properties": {"id": "bb4f5cb1-00c9-4f98-9df9-11b1191465af", "name": null, "subtype": null, "class": null, "height": null, "num_floors": null, "surge_class": 99, "surge_ft": 0.0, "flood_active": false, "exposure_score": 0.0, "exposure_category": "none"}, "geometry": {"type": "Polygon", "coordinates": [[[-90.0745223, 29.9665404], [-90.0744896, 29.9665744], [-90.0745302, 29.966604], [-90.0745629, 29.96657], [-90.0745223, 29.9665404]]]}}, {"id": "554", "type": "Feature", "properties": {"id": "32b37e27-8b7f-44c6-ad6b-8b234eac7fe3", "name": null, "subtype": null, "class": null, "height": 5.567183017730713, "num_floors": null, "surge_class": 99, "surge_ft": 0.0, "flood_active": false, "exposure_score": 0.0, "exposure_category": "none"}, "geometry": {"type": "Polygon", "coordinates": [[[-90.0750196, 29.9658969], [-90.0751197, 29.9657876], [-90.0750443, 29.9657353], [-90.0749447, 29.9658433], [-90.0750196, 29.9658969]]]}}, {"id": "555", "type": "Feature", "properties": {"id": "9ce6d82e-230e-4d80-ad6e-61704c9cbabc", "name": null, "subtype": null, "class": null, "height": null, "num_floors": null, "surge_class": 99, "surge_ft": 0.0, "flood_active": false, "exposure_score": 0.0, "exposure_category": "none"}, "geometry": {"type": "Polygon", "coordinates": [[[-90.0749314, 29.9662077], [-90.0750017, 29.9662562], [-90.0751585, 29.9660839], [-90.0750866, 29.9660337], [-90.0749314, 29.9662077]]]}}, {"id": "556", "type": "Feature", "properties": {"id": "0f2c1b7a-27c8-4591-9e35-9963dedffbf5", "name": null, "subtype": null, "class": null, "height": null, "num_floors": null, "surge_class": 99, "surge_ft": 0.0, "flood_active": false, "exposure_score": 0.0, "exposure_category": "none"}, "geometry": {"type": "Polygon", "coordinates": [[[-90.0747712, 29.9658722], [-90.0747367, 29.9659108], [-90.0747267, 29.9659041], [-90.074633, 29.9660093], [-90.0747196, 29.9660677], [-90.0747901, 29.9659885], [-90.0747725, 29.9659766], [-90.0747978, 29.9659482], [-90.0748383, 29.9659756], [-90.0748137, 29.9660033], [-90.0748013, 29.9659949], [-90.074733, 29.9660717], [-90.0748097, 29.9661234], [-90.0748789, 29.9660456], [-90.0748642, 29.9660357], [-90.0748972, 29.9659987], [-90.0748524, 29.9659685], [-90.0748786, 29.965939], [-90.0749048, 29.9659566], [-90.0749517, 29.965904], [-90.0749262, 29.9658868], [-90.0749294, 29.9658832], [-90.0748161, 29.9658067], [-90.0747628, 29.9658665], [-90.0747712, 29.9658722]]]}}, {"id": "557", "type": "Feature", "properties": {"id": "b484048b-7f59-41a3-86ac-a468cf0b905a", "name": null, "subtype": null, "class": null, "height": null, "num_floors": null, "surge_class": 99, "surge_ft": 0.0, "flood_active": false, "exposure_score": 0.0, "exposure_category": "none"}, "geometry": {"type": "Polygon", "coordinates": [[[-90.0748805, 29.966174], [-90.0749238, 29.9662038], [-90.0750763, 29.9660356], [-90.0750318, 29.966005], [-90.0749882, 29.9660531], [-90.0749998, 29.9660611], [-90.0749675, 29.9660967], [-90.074957, 29.9660896], [-90.0748805, 29.966174]]]}}, {"id": "558", "type": "Feature", "properties": {"id": "113655b2-d0ad-481a-8cfc-7791e0d8e9fb", "name": null, "subtype": null, "class": null, "height": null, "num_floors": null, "surge_class": 99, "surge_ft": 0.0, "flood_active": false, "exposure_score": 0.0, "exposure_category": "none"}, "geometry": {"type": "Polygon", "coordinates": [[[-90.0748286, 29.9661388], [-90.0748734, 29.96617], [-90.0750153, 29.9660153], [-90.0749761, 29.965988], [-90.0749363, 29.9660314], [-90.0749307, 29.9660275], [-90.0748286, 29.9661388]]]}}, {"id": "559", "type": "Feature", "properties": {"id": "b2a630f2-dab8-4a9c-9184-62f876bd1780", "name": null, "subtype": null, "class": null, "height": 3.538461446762085, "num_floors": null, "surge_class": 99, "surge_ft": 0.0, "flood_active": false, "exposure_score": 0.0, "exposure_category": "none"}, "geometry": {"type": "Polygon", "coordinates": [[[-90.0742096, 29.9661476], [-90.074278, 29.9661942], [-90.0744265, 29.9660288], [-90.0743568, 29.9659823], [-90.0742096, 29.9661476]]]}}, {"id": "560", "type": "Feature", "properties": {"id": "4c786627-3499-43a4-96df-a198657064af", "name": null, "subtype": null, "class": null, "height": null, "num_floors": null, "surge_class": 99, "surge_ft": 0.0, "flood_active": false, "exposure_score": 0.0, "exposure_category": "none"}, "geometry": {"type": "Polygon", "coordinates": [[[-90.0742055, 29.9661933], [-90.0742503, 29.9662242], [-90.0742737, 29.9661985], [-90.0742289, 29.9661676], [-90.0742055, 29.9661933]]]}}, {"id": "561", "type": "Feature", "properties": {"id": "089d2f60-732d-48cf-b5cb-70c6a015af85", "name": null, "subtype": null, "class": null, "height": 3.969072103500366, "num_floors": null, "surge_class": 99, "surge_ft": 0.0, "flood_active": false, "exposure_score": 0.0, "exposure_category": "none"}, "geometry": {"type": "Polygon", "coordinates": [[[-90.0740994, 29.9661477], [-90.0740537, 29.9661974], [-90.0741579, 29.9662694], [-90.0742036, 29.9662198], [-90.0740994, 29.9661477]]]}}, {"id": "562", "type": "Feature", "properties": {"id": "ef994120-f810-4da2-a40a-e9399733f601", "name": null, "subtype": null, "class": null, "height": 3.051797389984131, "num_floors": null, "surge_class": 99, "surge_ft": 0.0, "flood_active": false, "exposure_score": 0.0, "exposure_category": "none"}, "geometry": {"type": "Polygon", "coordinates": [[[-90.0741373, 29.9663523], [-90.0741874, 29.9662946], [-90.0740172, 29.9661826], [-90.0739671, 29.9662403], [-90.0741373, 29.9663523]]]}}, {"id": "563", "type": "Feature", "properties": {"id": "501ed766-298e-4f55-944e-c505688927b1", "name": null, "subtype": null, "class": null, "height": null, "num_floors": null, "surge_class": 99, "surge_ft": 0.0, "flood_active": false, "exposure_score": 0.0, "exposure_category": "none"}, "geometry": {"type": "Polygon", "coordinates": [[[-90.0739932, 29.9660793], [-90.07403, 29.9661036], [-90.0740705, 29.9660571], [-90.0740338, 29.9660328], [-90.0739932, 29.9660793]]]}}, {"id": "564", "type": "Feature", "properties": {"id": "561cd01d-0b56-4587-81fa-c9746c0c330c", "name": null, "subtype": null, "class": null, "height": null, "num_floors": null, "surge_class": 99, "surge_ft": 0.0, "flood_active": false, "exposure_score": 0.0, "exposure_category": "none"}, "geometry": {"type": "Polygon", "coordinates": [[[-90.0739423, 29.9660444], [-90.0739798, 29.9660694], [-90.0740372, 29.9660042], [-90.0739997, 29.9659792], [-90.0739423, 29.9660444]]]}}, {"id": "565", "type": "Feature", "properties": {"id": "26baac64-38af-4310-b5f6-8aadaace1194", "name": null, "subtype": null, "class": null, "height": null, "num_floors": null, "surge_class": 99, "surge_ft": 0.0, "flood_active": false, "exposure_score": 0.0, "exposure_category": "none"}, "geometry": {"type": "Polygon", "coordinates": [[[-90.0740376, 29.9660138], [-90.0740833, 29.9660445], [-90.0742228, 29.9658874], [-90.074177, 29.9658566], [-90.0740376, 29.9660138]]]}}, {"id": "566", "type": "Feature", "properties": {"id": "403ed36f-5357-4399-a647-4e969db38b2a", "name": null, "subtype": null, "class": null, "height": null, "num_floors": null, "surge_class": 99, "surge_ft": 0.0, "flood_active": false, "exposure_score": 0.0, "exposure_category": "none"}, "geometry": {"type": "Polygon", "coordinates": [[[-90.0741067, 29.966038], [-90.074148, 29.9660648], [-90.074267, 29.9659258], [-90.0742257, 29.965899], [-90.0741067, 29.966038]]]}}, {"id": "567", "type": "Feature", "properties": {"id": "5789b6aa-7c2c-4e0f-b982-4c257db1e448", "name": null, "subtype": null, "class": null, "height": null, "num_floors": null, "surge_class": 99, "surge_ft": 0.0, "flood_active": false, "exposure_score": 0.0, "exposure_category": "none"}, "geometry": {"type": "Polygon", "coordinates": [[[-90.0741697, 29.9660419], [-90.0742331, 29.9660867], [-90.0743402, 29.965972], [-90.0742741, 29.9659263], [-90.0741697, 29.9660419]]]}}, {"id": "568", "type": "Feature", "properties": {"id": "e38574c3-73f5-4a54-8ddd-f3c33a656475", "name": null, "subtype": null, "class": null, "height": null, "num_floors": null, "surge_class": 99, "surge_ft": 0.0, "flood_active": false, "exposure_score": 0.0, "exposure_category": "none"}, "geometry": {"type": "Polygon", "coordinates": [[[-90.0740344, 29.9659322], [-90.0740759, 29.9659607], [-90.0741739, 29.9658525], [-90.0741323, 29.965824], [-90.0740344, 29.9659322]]]}}, {"id": "569", "type": "Feature", "properties": {"id": "1b44b2d3-9832-4c9b-8911-21fb7d81b411", "name": null, "subtype": null, "class": null, "height": null, "num_floors": null, "surge_class": 99, "surge_ft": 0.0, "flood_active": false, "exposure_score": 0.0, "exposure_category": "none"}, "geometry": {"type": "Polygon", "coordinates": [[[-90.0739113, 29.9659341], [-90.0739733, 29.9659764], [-90.0740932, 29.9658434], [-90.0740312, 29.9658011], [-90.0739113, 29.9659341]]]}}, {"id": "570", "type": "Feature", "properties": {"id": "409ba6a1-c742-491c-9310-1c8e5c44238d", "name": null, "subtype": null, "class": null, "height": 4.947780609130859, "num_floors": null, "surge_class": 99, "surge_ft": 0.0, "flood_active": false, "exposure_score": 0.0, "exposure_category": "none"}, "geometry": {"type": "Polygon", "coordinates": [[[-90.0749298, 29.9658144], [-90.0750166, 29.9657161], [-90.0749473, 29.9656697], [-90.0748605, 29.9657681], [-90.0749298, 29.9658144]]]}}, {"id": "571", "type": "Feature", "properties": {"id": "f81a71b8-f801-4f78-8eb4-6438fccc82ab", "name": null, "subtype": null, "class": null, "height": 4.362409591674805, "num_floors": null, "surge_class": 99, "surge_ft": 0.0, "flood_active": false, "exposure_score": 0.0, "exposure_category": "none"}, "geometry": {"type": "Polygon", "coordinates": [[[-90.0743399, 29.9657177], [-90.074539, 29.9658542], [-90.0747383, 29.965634], [-90.0745354, 29.9654961], [-90.0743399, 29.9657177]]]}}, {"id": "572", "type": "Feature", "properties": {"id": "36a85862-c59f-454f-ae48-39ced8d5b2fb", "name": null, "subtype": null, "class": null, "height": 5.409243583679199, "num_floors": null, "surge_class": 99, "surge_ft": 0.0, "flood_active": false, "exposure_score": 0.0, "exposure_category": "none"}, "geometry": {"type": "Polygon", "coordinates": [[[-90.0749129, 29.9652], [-90.0748615, 29.9652573], [-90.0750001, 29.9653508], [-90.0750724, 29.9652703], [-90.0750162, 29.9652324], [-90.0749954, 29.9652556], [-90.0749129, 29.9652]]]}}, {"id": "573", "type": "Feature", "properties": {"id": "d1e51c7b-96b1-4468-b844-51076dd18eea", "name": null, "subtype": null, "class": null, "height": 5.346463203430176, "num_floors": null, "surge_class": 99, "surge_ft": 0.0, "flood_active": false, "exposure_score": 0.0, "exposure_category": "none"}, "geometry": {"type": "Polygon", "coordinates": [[[-90.0748586, 29.9652449], [-90.074931, 29.9651485], [-90.0748745, 29.9651167], [-90.0748021, 29.965213], [-90.0748586, 29.9652449]]]}}, {"id": "574", "type": "Feature", "properties": {"id": "1d4b5882-8ad6-4d8d-88fd-e76fb260c190", "name": null, "subtype": null, "class": null, "height": 6.56984806060791, "num_floors": null, "surge_class": 99, "surge_ft": 0.0, "flood_active": false, "exposure_score": 0.0, "exposure_category": "none"}, "geometry": {"type": "Polygon", "coordinates": [[[-90.0747953, 29.965074], [-90.0747297, 29.9651526], [-90.0747905, 29.9651907], [-90.0748561, 29.9651121], [-90.0747953, 29.965074]]]}}, {"id": "575", "type": "Feature", "properties": {"id": "e15e9c13-c25e-494c-ab16-896efad1c843", "name": null, "subtype": null, "class": null, "height": null, "num_floors": null, "surge_class": 99, "surge_ft": 0.0, "flood_active": false, "exposure_score": 0.0, "exposure_category": "none"}, "geometry": {"type": "Polygon", "coordinates": [[[-90.074686, 29.965116], [-90.0747254, 29.9651407], [-90.0748097, 29.9650385], [-90.0747702, 29.9650138], [-90.074686, 29.965116]]]}}, {"id": "576", "type": "Feature", "properties": {"id": "2388a136-9ade-4904-b68d-0802d1eafd6a", "name": null, "subtype": null, "class": null, "height": 9.062041282653809, "num_floors": null, "surge_class": 99, "surge_ft": 0.0, "flood_active": false, "exposure_score": 0.0, "exposure_category": "none"}, "geometry": {"type": "Polygon", "coordinates": [[[-90.0745403, 29.9649166], [-90.0744751, 29.965005], [-90.0746389, 29.9650957], [-90.0747041, 29.9650072], [-90.0745403, 29.9649166]]]}}, {"id": "577", "type": "Feature", "properties": {"id": "c269a3f3-b1d7-40e5-a41d-8b595ce05c0b", "name": null, "subtype": null, "class": null, "height": 7.883968830108643, "num_floors": null, "surge_class": 99, "surge_ft": 0.0, "flood_active": false, "exposure_score": 0.0, "exposure_category": "none"}, "geometry": {"type": "Polygon", "coordinates": [[[-90.0744243, 29.9647203], [-90.0742962, 29.9648658], [-90.0744557, 29.9649711], [-90.0744919, 29.96493], [-90.0745078, 29.9649405], [-90.0745401, 29.9649037], [-90.0745588, 29.9649161], [-90.074595, 29.9648749], [-90.074535, 29.9648353], [-90.0745039, 29.9648706], [-90.0744599, 29.9648414], [-90.0745142, 29.9647797], [-90.0744243, 29.9647203]]]}}, {"id": "578", "type": "Feature", "properties": {"id": "cf8338f8-2b5d-45c2-a737-8652cdc3c38c", "name": null, "subtype": null, "class": null, "height": 6.471531867980957, "num_floors": null, "surge_class": 99, "surge_ft": 0.0, "flood_active": false, "exposure_score": 0.0, "exposure_category": "none"}, "geometry": {"type": "Polygon", "coordinates": [[[-90.0740741, 29.964717], [-90.0741398, 29.9647602], [-90.0742169, 29.9646713], [-90.0742068, 29.9646646], [-90.0742548, 29.9646093], [-90.074184, 29.9645627], [-90.0741348, 29.9646193], [-90.0740843, 29.9645852], [-90.0741116, 29.9645536], [-90.0740659, 29.9645244], [-90.07404, 29.9645543], [-90.0740337, 29.9645502], [-90.0739948, 29.9645951], [-90.0740108, 29.9646056], [-90.0739817, 29.9646405], [-90.0740817, 29.9647083], [-90.0740741, 29.964717]]]}}, {"id": "579", "type": "Feature", "properties": {"id": "bfae0fdf-b8c9-4d87-9ba0-3e2de1d03dbf", "name": null, "subtype": null, "class": null, "height": 7.229763507843018, "num_floors": null, "surge_class": 99, "surge_ft": 0.0, "flood_active": false, "exposure_score": 0.0, "exposure_category": "none"}, "geometry": {"type": "Polygon", "coordinates": [[[-90.07426, 29.9646073], [-90.0743377, 29.9645217], [-90.0742481, 29.9644607], [-90.0741705, 29.9645463], [-90.07426, 29.9646073]]]}}, {"id": "580", "type": "Feature", "properties": {"id": "661604eb-daea-475c-bad9-e113cdd0f31c", "name": null, "subtype": null, "class": null, "height": 4.739177703857422, "num_floors": null, "surge_class": 99, "surge_ft": 0.0, "flood_active": false, "exposure_score": 0.0, "exposure_category": "none"}, "geometry": {"type": "Polygon", "coordinates": [[[-90.0747332, 29.9646526], [-90.0745595, 29.9645514], [-90.07449, 29.9646411], [-90.0745528, 29.9646776], [-90.0745784, 29.9646447], [-90.0746893, 29.9647092], [-90.0747332, 29.9646526]]]}}, {"id": "581", "type": "Feature", "properties": {"id": "b5760987-bd8d-44b6-a3a6-88713c2ae718", "name": null, "subtype": null, "class": null, "height": 5.116487503051758, "num_floors": null, "surge_class": 99, "surge_ft": 0.0, "flood_active": false, "exposure_score": 0.0, "exposure_category": "none"}, "geometry": {"type": "Polygon", "coordinates": [[[-90.074995, 29.9645948], [-90.0750435, 29.9645284], [-90.0749687, 29.9644874], [-90.0749203, 29.9645539], [-90.074995, 29.9645948]]]}}, {"id": "582", "type": "Feature", "properties": {"id": "a1940e6c-d35e-4ed7-b426-416e1d1f6617", "name": null, "subtype": null, "class": null, "height": 4.602724075317383, "num_floors": null, "surge_class": 99, "surge_ft": 0.0, "flood_active": false, "exposure_score": 0.0, "exposure_category": "none"}, "geometry": {"type": "Polygon", "coordinates": [[[-90.0748361, 29.9647187], [-90.0748816, 29.9646546], [-90.0748193, 29.9646214], [-90.0747738, 29.9646855], [-90.0748361, 29.9647187]]]}}, {"id": "583", "type": "Feature", "properties": {"id": "f2d115e7-3b5f-4e6b-9e82-ec407f0ddc99", "name": null, "subtype": null, "class": null, "height": 6.228717803955078, "num_floors": null, "surge_class": 99, "surge_ft": 0.0, "flood_active": false, "exposure_score": 0.0, "exposure_category": "none"}, "geometry": {"type": "Polygon", "coordinates": [[[-90.0749653, 29.9647203], [-90.0749089, 29.9646706], [-90.0748475, 29.9647228], [-90.0749038, 29.9647725], [-90.0749653, 29.9647203]]]}}, {"id": "584", "type": "Feature", "properties": {"id": "6c2dc6da-c39d-4f09-8558-da7ec3fb5e04", "name": null, "subtype": null, "class": null, "height": 6.955422401428223, "num_floors": null, "surge_class": 99, "surge_ft": 0.0, "flood_active": false, "exposure_score": 0.0, "exposure_category": "none"}, "geometry": {"type": "Polygon", "coordinates": [[[-90.0750355, 29.9648454], [-90.0750879, 29.964789], [-90.0749871, 29.9647186], [-90.0749347, 29.964775], [-90.0750355, 29.9648454]]]}}, {"id": "585", "type": "Feature", "properties": {"id": "99ae2a9e-b0d9-437b-b007-f9b7415be29c", "name": null, "subtype": null, "class": null, "height": null, "num_floors": null, "surge_class": 99, "surge_ft": 0.0, "flood_active": false, "exposure_score": 0.0, "exposure_category": "none"}, "geometry": {"type": "Polygon", "coordinates": [[[-90.0747601, 29.9647319], [-90.0747156, 29.9647818], [-90.0748661, 29.9648837], [-90.0749107, 29.9648338], [-90.0747601, 29.9647319]]]}}, {"id": "586", "type": "Feature", "properties": {"id": "9657cd79-3032-4a60-a9fb-3a8fe857e0fa", "name": null, "subtype": null, "class": null, "height": 6.13160514831543, "num_floors": null, "surge_class": 99, "surge_ft": 0.0, "flood_active": false, "exposure_score": 0.0, "exposure_category": "none"}, "geometry": {"type": "Polygon", "coordinates": [[[-90.0751112, 29.964578], [-90.0750454, 29.9645401], [-90.0749947, 29.9646062], [-90.0750606, 29.9646441], [-90.0751112, 29.964578]]]}}, {"id": "587", "type": "Feature", "properties": {"id": "b4bb1554-e170-479e-ac5d-d43a525f6fdf", "name": null, "subtype": null, "class": null, "height": 5.873265266418457, "num_floors": null, "surge_class": 99, "surge_ft": 0.0, "flood_active": false, "exposure_score": 0.0, "exposure_category": "none"}, "geometry": {"type": "Polygon", "coordinates": [[[-90.0754926, 29.9643589], [-90.0749938, 29.9640772], [-90.0748944, 29.9642092], [-90.0749528, 29.9642422], [-90.075008, 29.9641688], [-90.0750569, 29.9641965], [-90.0750348, 29.9642258], [-90.0754263, 29.9644469], [-90.0754926, 29.9643589]]]}}, {"id": "588", "type": "Feature", "properties": {"id": "0c474f5d-eb7b-459f-82f9-c6f226f4c607", "name": null, "subtype": null, "class": null, "height": null, "num_floors": null, "surge_class": 99, "surge_ft": 0.0, "flood_active": false, "exposure_score": 0.0, "exposure_category": "none"}, "geometry": {"type": "Polygon", "coordinates": [[[-90.0744783, 29.9640903], [-90.0745869, 29.964161], [-90.0746403, 29.9641042], [-90.0745354, 29.9640295], [-90.0744783, 29.9640903]]]}}, {"id": "589", "type": "Feature", "properties": {"id": "9ac23243-dc0f-4bf1-90a0-1c7dac49f0b6", "name": null, "subtype": null, "class": null, "height": 4.348710536956787, "num_floors": null, "surge_class": 99, "surge_ft": 0.0, "flood_active": false, "exposure_score": 0.0, "exposure_category": "none"}, "geometry": {"type": "Polygon", "coordinates": [[[-90.0748131, 29.9642752], [-90.0747007, 29.9644036], [-90.0748097, 29.9644752], [-90.0748072, 29.9644781], [-90.074898, 29.9645378], [-90.0749458, 29.9644832], [-90.074826, 29.9644045], [-90.0748931, 29.9643278], [-90.0748131, 29.9642752]]]}}, {"id": "590", "type": "Feature", "properties": {"id": "b873ef46-6477-4e8b-b545-a6521735a84d", "name": null, "subtype": null, "class": null, "height": 7.030445575714111, "num_floors": null, "surge_class": 99, "surge_ft": 0.0, "flood_active": false, "exposure_score": 0.0, "exposure_category": "none"}, "geometry": {"type": "Polygon", "coordinates": [[[-90.0744421, 29.9644112], [-90.074613, 29.9642092], [-90.0745798, 29.9641882], [-90.0745752, 29.9641936], [-90.0745183, 29.9641574], [-90.0744339, 29.9642572], [-90.0744315, 29.9642557], [-90.0743496, 29.9643525], [-90.0744421, 29.9644112]]]}}, {"id": "591", "type": "Feature", "properties": {"id": "9dcc252e-60a2-4a07-9553-aa5dc097ad5f", "name": null, "subtype": null, "class": null, "height": 5.532843112945557, "num_floors": null, "surge_class": 99, "surge_ft": 0.0, "flood_active": false, "exposure_score": 0.0, "exposure_category": "none"}, "geometry": {"type": "Polygon", "coordinates": [[[-90.0743535, 29.9645119], [-90.074428, 29.964423], [-90.0743343, 29.9643641], [-90.0742598, 29.964453], [-90.0743535, 29.9645119]]]}}, {"id": "592", "type": "Feature", "properties": {"id": "b0d826da-adab-43dd-9730-eeb146d5a3f6", "name": null, "subtype": null, "class": null, "height": null, "num_floors": null, "surge_class": 99, "surge_ft": 0.0, "flood_active": false, "exposure_score": 0.0, "exposure_category": "none"}, "geometry": {"type": "Polygon", "coordinates": [[[-90.0739632, 29.9640445], [-90.07393, 29.9640815], [-90.0740362, 29.9641537], [-90.0740694, 29.9641167], [-90.0739632, 29.9640445]]]}}, {"id": "593", "type": "Feature", "properties": {"id": "5bc47b71-76fb-424f-97eb-90d711afe0e8", "name": null, "subtype": null, "class": null, "height": null, "num_floors": null, "surge_class": 99, "surge_ft": 0.0, "flood_active": false, "exposure_score": 0.0, "exposure_category": "none"}, "geometry": {"type": "Polygon", "coordinates": [[[-90.0741442, 29.964004], [-90.0740497, 29.9639384], [-90.0739704, 29.9640249], [-90.074066, 29.9640913], [-90.074092, 29.9640629], [-90.0741056, 29.9640723], [-90.0741331, 29.9640423], [-90.0741184, 29.9640321], [-90.0741442, 29.964004]]]}}, {"id": "594", "type": "Feature", "properties": {"id": "bc20b5a4-cfaa-413b-a5c7-9925b93f0069", "name": null, "subtype": null, "class": null, "height": 3.7525253295898438, "num_floors": null, "surge_class": 99, "surge_ft": 0.0, "flood_active": false, "exposure_score": 0.0, "exposure_category": "none"}, "geometry": {"type": "Polygon", "coordinates": [[[-90.0742363, 29.9638948], [-90.0741409, 29.9638328], [-90.0740651, 29.9639212], [-90.0741599, 29.9639828], [-90.0741827, 29.9639562], [-90.0741977, 29.963966], [-90.0742247, 29.9639345], [-90.0742103, 29.9639252], [-90.0742363, 29.9638948]]]}}, {"id": "595", "type": "Feature", "properties": {"id": "61463429-96d5-419a-bd2b-4f32923487db", "name": null, "subtype": null, "class": null, "height": 7.581634521484375, "num_floors": null, "surge_class": 99, "surge_ft": 0.0, "flood_active": false, "exposure_score": 0.0, "exposure_category": "none"}, "geometry": {"type": "Polygon", "coordinates": [[[-90.0742656, 29.9637366], [-90.074183, 29.9638246], [-90.0743034, 29.9639103], [-90.0743383, 29.9638732], [-90.0743064, 29.9638505], [-90.0743417, 29.9638129], [-90.0744059, 29.9638576], [-90.0744589, 29.9637964], [-90.0743965, 29.9637514], [-90.0744051, 29.9637424], [-90.0743035, 29.963673], [-90.0742534, 29.963728], [-90.0742656, 29.9637366]]]}}, {"id": "596", "type": "Feature", "properties": {"id": "1e5a9881-f25e-4c4b-97a0-fa023b627c76", "name": null, "subtype": null, "class": null, "height": null, "num_floors": null, "surge_class": 99, "surge_ft": 0.0, "flood_active": false, "exposure_score": 0.0, "exposure_category": "none"}, "geometry": {"type": "Polygon", "coordinates": [[[-90.0745375, 29.9638269], [-90.0744811, 29.9637899], [-90.0744314, 29.9638473], [-90.0744878, 29.9638843], [-90.0745375, 29.9638269]]]}}, {"id": "597", "type": "Feature", "properties": {"id": "b1ff2d21-87d4-4d3a-b8a0-61690702094f", "name": null, "subtype": null, "class": null, "height": null, "num_floors": null, "surge_class": 99, "surge_ft": 0.0, "flood_active": false, "exposure_score": 0.0, "exposure_category": "none"}, "geometry": {"type": "Polygon", "coordinates": [[[-90.0747715, 29.9639386], [-90.0747636, 29.9639473], [-90.0746605, 29.9638768], [-90.0746299, 29.9639107], [-90.0746118, 29.9638983], [-90.0745449, 29.9639738], [-90.0745947, 29.9640088], [-90.074623, 29.9639775], [-90.0746733, 29.9640112], [-90.0746217, 29.9640684], [-90.0746928, 29.964117], [-90.0747457, 29.9640584], [-90.0747569, 29.9640661], [-90.0748336, 29.9639811], [-90.0747715, 29.9639386]]]}}, {"id": "598", "type": "Feature", "properties": {"id": "f474c92e-b7e3-4cfb-811c-55586d9d50dd", "name": null, "subtype": null, "class": null, "height": 3.836310863494873, "num_floors": null, "surge_class": 99, "surge_ft": 0.0, "flood_active": false, "exposure_score": 0.0, "exposure_category": "none"}, "geometry": {"type": "Polygon", "coordinates": [[[-90.0730598, 29.9637482], [-90.0730315, 29.96373], [-90.072985, 29.9637848], [-90.0731441, 29.9638887], [-90.0732028, 29.963821], [-90.0730704, 29.9637357], [-90.0730598, 29.9637482]]]}}, {"id": "599", "type": "Feature", "properties": {"id": "c049bb6e-dbce-4473-8687-3dcac4bd38ef", "name": null, "subtype": null, "class": null, "height": 7.880880832672119, "num_floors": null, "surge_class": 99, "surge_ft": 0.0, "flood_active": false, "exposure_score": 0.0, "exposure_category": "none"}, "geometry": {"type": "Polygon", "coordinates": [[[-90.0725646, 29.9635289], [-90.0724823, 29.9634751], [-90.0723823, 29.963591], [-90.0727194, 29.9638115], [-90.0728298, 29.9636836], [-90.0728934, 29.9637293], [-90.0730084, 29.9636075], [-90.0728743, 29.9635161], [-90.0727631, 29.9636396], [-90.0726951, 29.9635952], [-90.0727418, 29.9635411], [-90.0726821, 29.9635021], [-90.0726392, 29.9635518], [-90.0725788, 29.9635124], [-90.0725646, 29.9635289]]]}}, {"id": "600", "type": "Feature", "properties": {"id": "3f936df7-fb6f-48ab-b321-3212dec736e0", "name": null, "subtype": null, "class": null, "height": null, "num_floors": null, "surge_class": 99, "surge_ft": 0.0, "flood_active": false, "exposure_score": 0.0, "exposure_category": "none"}, "geometry": {"type": "Polygon", "coordinates": [[[-90.0718981, 29.9636263], [-90.0717571, 29.9637833], [-90.0718249, 29.9638295], [-90.0719659, 29.9636725], [-90.0718981, 29.9636263]]]}}, {"id": "601", "type": "Feature", "properties": {"id": "a183628e-d57b-443b-946b-b70980eaf653", "name": null, "subtype": null, "class": null, "height": null, "num_floors": null, "surge_class": 99, "surge_ft": 0.0, "flood_active": false, "exposure_score": 0.0, "exposure_category": "none"}, "geometry": {"type": "Polygon", "coordinates": [[[-90.0720594, 29.9637339], [-90.071985, 29.9636824], [-90.0718421, 29.963839], [-90.0719165, 29.9638905], [-90.0720594, 29.9637339]]]}}, {"id": "602", "type": "Feature", "properties": {"id": "9db86700-a9db-43f4-9353-ed65f6d2ecd2", "name": null, "subtype": null, "class": null, "height": null, "num_floors": null, "surge_class": 99, "surge_ft": 0.0, "flood_active": false, "exposure_score": 0.0, "exposure_category": "none"}, "geometry": {"type": "Polygon", "coordinates": [[[-90.0725513, 29.9642594], [-90.0726334, 29.9643141], [-90.072756, 29.9641746], [-90.072674, 29.9641198], [-90.0725513, 29.9642594]]]}}, {"id": "603", "type": "Feature", "properties": {"id": "62fea462-8aa9-4d79-a189-f320b446eda6", "name": null, "subtype": null, "class": null, "height": null, "num_floors": null, "surge_class": 99, "surge_ft": 0.0, "flood_active": false, "exposure_score": 0.0, "exposure_category": "none"}, "geometry": {"type": "Polygon", "coordinates": [[[-90.0724661, 29.9642204], [-90.0725408, 29.96427], [-90.0726755, 29.9641162], [-90.0726007, 29.9640666], [-90.0724661, 29.9642204]]]}}, {"id": "604", "type": "Feature", "properties": {"id": "95f8baad-f249-438a-86df-69cac333296a", "name": null, "subtype": null, "class": null, "height": null, "num_floors": null, "surge_class": 99, "surge_ft": 0.0, "flood_active": false, "exposure_score": 0.0, "exposure_category": "none"}, "geometry": {"type": "Polygon", "coordinates": [[[-90.0721974, 29.9640849], [-90.0720588, 29.9642407], [-90.0722179, 29.9643481], [-90.0723596, 29.9641888], [-90.0722243, 29.9640974], [-90.0723643, 29.96394], [-90.072254, 29.9638656], [-90.0722661, 29.9638519], [-90.0721784, 29.9637928], [-90.0720633, 29.9639221], [-90.072074, 29.9639293], [-90.0720338, 29.9639745], [-90.0721974, 29.9640849]]]}}, {"id": "605", "type": "Feature", "properties": {"id": "0d872d81-9858-4f54-a6ad-9cc69587c4d2", "name": null, "subtype": null, "class": null, "height": null, "num_floors": null, "surge_class": 99, "surge_ft": 0.0, "flood_active": false, "exposure_score": 0.0, "exposure_category": "none"}, "geometry": {"type": "Polygon", "coordinates": [[[-90.0719524, 29.9644909], [-90.0720398, 29.9643885], [-90.0719631, 29.9643388], [-90.0718551, 29.9644653], [-90.0718889, 29.9644871], [-90.0719116, 29.9644605], [-90.0719201, 29.964466], [-90.071904, 29.9644848], [-90.0719281, 29.9645004], [-90.0719419, 29.9644842], [-90.0719524, 29.9644909]]]}}, {"id": "606", "type": "Feature", "properties": {"id": "eba57df5-9f86-40fa-91b8-43309e193643", "name": null, "subtype": null, "class": null, "height": 5.195947170257568, "num_floors": null, "surge_class": 99, "surge_ft": 0.0, "flood_active": false, "exposure_score": 0.0, "exposure_category": "none"}, "geometry": {"type": "Polygon", "coordinates": [[[-90.0725909, 29.9645018], [-90.0726226, 29.9645226], [-90.0727161, 29.9644144], [-90.0724468, 29.9642378], [-90.07242, 29.9642687], [-90.0723997, 29.9642553], [-90.0724185, 29.9642336], [-90.072364, 29.9641978], [-90.0722582, 29.96432], [-90.072338, 29.9643723], [-90.0723624, 29.9643441], [-90.072372, 29.9643504], [-90.0723205, 29.96441], [-90.0725437, 29.9645564], [-90.0725909, 29.9645018]]]}}, {"id": "607", "type": "Feature", "properties": {"id": "43c4f408-fe73-44ec-b641-8caabe741d9b", "name": null, "subtype": null, "class": null, "height": null, "num_floors": null, "surge_class": 99, "surge_ft": 0.0, "flood_active": false, "exposure_score": 0.0, "exposure_category": "none"}, "geometry": {"type": "Polygon", "coordinates": [[[-90.0726105, 29.9643355], [-90.0726998, 29.9643962], [-90.0728442, 29.9642349], [-90.0727638, 29.9641804], [-90.07264, 29.9643187], [-90.072631, 29.9643126], [-90.0726105, 29.9643355]]]}}, {"id": "608", "type": "Feature", "properties": {"id": "3931963e-f002-4ec0-88e6-4c68f4b840ef", "name": null, "subtype": null, "class": null, "height": 12.492783546447754, "num_floors": null, "surge_class": 99, "surge_ft": 0.0, "flood_active": false, "exposure_score": 0.0, "exposure_category": "none"}, "geometry": {"type": "Polygon", "coordinates": [[[-90.073821, 29.964243], [-90.073896, 29.9642939], [-90.0739963, 29.9641817], [-90.0739113, 29.9641241], [-90.0738711, 29.9641691], [-90.0738979, 29.9641873], [-90.0738836, 29.9642033], [-90.0738667, 29.9641919], [-90.073821, 29.964243]]]}}, {"id": "609", "type": "Feature", "properties": {"id": "055392da-05d0-42b2-bc9c-5671b8d468f4", "name": null, "subtype": null, "class": null, "height": null, "num_floors": null, "surge_class": 99, "surge_ft": 0.0, "flood_active": false, "exposure_score": 0.0, "exposure_category": "none"}, "geometry": {"type": "Polygon", "coordinates": [[[-90.0738611, 29.9642772], [-90.0738464, 29.9642939], [-90.0738072, 29.9642676], [-90.0737946, 29.9642818], [-90.0737808, 29.9642721], [-90.0737294, 29.9643298], [-90.0737441, 29.964339], [-90.0737285, 29.9643567], [-90.0737186, 29.96435], [-90.073664, 29.9644131], [-90.0737648, 29.9644806], [-90.0737717, 29.9644722], [-90.073838, 29.9645157], [-90.073898, 29.9644456], [-90.0738318, 29.9644013], [-90.0738658, 29.9643629], [-90.0738838, 29.9643749], [-90.0739142, 29.9643405], [-90.0738956, 29.9643281], [-90.073911, 29.9643106], [-90.0738611, 29.9642772]]]}}, {"id": "610", "type": "Feature", "properties": {"id": "71add724-57ff-488a-b560-7a6c3aa77daa", "name": null, "subtype": null, "class": null, "height": null, "num_floors": null, "surge_class": 99, "surge_ft": 0.0, "flood_active": false, "exposure_score": 0.0, "exposure_category": "none"}, "geometry": {"type": "Polygon", "coordinates": [[[-90.0738797, 29.9645487], [-90.073918, 29.964506], [-90.0738828, 29.9644821], [-90.0738445, 29.9645247], [-90.0738797, 29.9645487]]]}}, {"id": "611", "type": "Feature", "properties": {"id": "ff4ef9b0-3b30-4eda-a3d8-d36de586bdf7", "name": null, "subtype": null, "class": null, "height": null, "num_floors": null, "surge_class": 99, "surge_ft": 0.0, "flood_active": false, "exposure_score": 0.0, "exposure_category": "none"}, "geometry": {"type": "Polygon", "coordinates": [[[-90.073362, 29.9646921], [-90.0733958, 29.9647134], [-90.0734228, 29.9646812], [-90.073388, 29.9646608], [-90.073362, 29.9646921]]]}}, {"id": "612", "type": "Feature", "properties": {"id": "dd99dbec-e1cd-45fd-80dc-3af46c6bf66f", "name": null, "subtype": null, "class": null, "height": null, "num_floors": null, "surge_class": 99, "surge_ft": 0.0, "flood_active": false, "exposure_score": 0.0, "exposure_category": "none"}, "geometry": {"type": "Polygon", "coordinates": [[[-90.0731953, 29.9646783], [-90.0732848, 29.9647369], [-90.0732925, 29.9647279], [-90.0734074, 29.9648032], [-90.0734373, 29.9647687], [-90.0733262, 29.9646959], [-90.0733289, 29.9646927], [-90.0732357, 29.9646316], [-90.0731953, 29.9646783]]]}}, {"id": "613", "type": "Feature", "properties": {"id": "4461b64b-e656-4506-8f16-41c7d64ff148", "name": null, "subtype": null, "class": null, "height": null, "num_floors": null, "surge_class": 99, "surge_ft": 0.0, "flood_active": false, "exposure_score": 0.0, "exposure_category": "none"}, "geometry": {"type": "Polygon", "coordinates": [[[-90.0731905, 29.964711], [-90.0731686, 29.9647359], [-90.073289, 29.964816], [-90.0733109, 29.9647911], [-90.0731905, 29.964711]]]}}, {"id": "614", "type": "Feature", "properties": {"id": "a67bf7db-1a51-4f3e-8b99-d97eee2abcec", "name": null, "subtype": null, "class": null, "height": null, "num_floors": null, "surge_class": 99, "surge_ft": 0.0, "flood_active": false, "exposure_score": 0.0, "exposure_category": "none"}, "geometry": {"type": "Polygon", "coordinates": [[[-90.0730928, 29.9648485], [-90.0730654, 29.9648795], [-90.0731679, 29.9649481], [-90.0731953, 29.9649171], [-90.0730928, 29.9648485]]]}}, {"id": "615", "type": "Feature", "properties": {"id": "3ca173cd-f8fb-45d6-8049-a1cca3857495", "name": null, "subtype": null, "class": null, "height": 4.5247416496276855, "num_floors": null, "surge_class": 99, "surge_ft": 0.0, "flood_active": false, "exposure_score": 0.0, "exposure_category": "none"}, "geometry": {"type": "Polygon", "coordinates": [[[-90.0735244, 29.9648857], [-90.0736193, 29.9647784], [-90.0735564, 29.9647362], [-90.0734615, 29.9648435], [-90.0735244, 29.9648857]]]}}, {"id": "616", "type": "Feature", "properties": {"id": "b0a4f649-5527-4cd6-bf7a-7d8b66bbd265", "name": null, "subtype": null, "class": null, "height": null, "num_floors": null, "surge_class": 99, "surge_ft": 0.0, "flood_active": false, "exposure_score": 0.0, "exposure_category": "none"}, "geometry": {"type": "Polygon", "coordinates": [[[-90.0735079, 29.9647018], [-90.0734472, 29.9646626], [-90.0733996, 29.9647189], [-90.0734617, 29.964756], [-90.0735079, 29.9647018]]]}}, {"id": "617", "type": "Feature", "properties": {"id": "aacb9588-98b9-40e7-95b4-6b8dd1bf8cb8", "name": null, "subtype": null, "class": null, "height": 7.1417155265808105, "num_floors": null, "surge_class": 99, "surge_ft": 0.0, "flood_active": false, "exposure_score": 0.0, "exposure_category": "none"}, "geometry": {"type": "Polygon", "coordinates": [[[-90.0735715, 29.965089], [-90.0735098, 29.9650417], [-90.0734013, 29.9651481], [-90.073463, 29.9651954], [-90.0735715, 29.965089]]]}}, {"id": "618", "type": "Feature", "properties": {"id": "095f7665-914c-4719-8c9f-fcc6149cda91", "name": null, "subtype": null, "class": null, "height": null, "num_floors": null, "surge_class": 99, "surge_ft": 0.0, "flood_active": false, "exposure_score": 0.0, "exposure_category": "none"}, "geometry": {"type": "Polygon", "coordinates": [[[-90.0735744, 29.9652606], [-90.0736578, 29.965168], [-90.0735991, 29.965128], [-90.0735158, 29.9652206], [-90.0735744, 29.9652606]]]}}, {"id": "619", "type": "Feature", "properties": {"id": "affb1a96-edf2-4873-8878-096f5f2c0027", "name": null, "subtype": null, "class": null, "height": 5.798006057739258, "num_floors": null, "surge_class": 99, "surge_ft": 0.0, "flood_active": false, "exposure_score": 0.0, "exposure_category": "none"}, "geometry": {"type": "Polygon", "coordinates": [[[-90.0731566, 29.9653664], [-90.0731982, 29.9653943], [-90.0733162, 29.965261], [-90.0732533, 29.9652188], [-90.073144, 29.9653423], [-90.0731653, 29.9653566], [-90.0731566, 29.9653664]]]}}, {"id": "620", "type": "Feature", "properties": {"id": "516fe7ad-aa2d-46ed-809d-f40b9a57bd09", "name": null, "subtype": null, "class": null, "height": 4.826440811157227, "num_floors": null, "surge_class": 99, "surge_ft": 0.0, "flood_active": false, "exposure_score": 0.0, "exposure_category": "none"}, "geometry": {"type": "Polygon", "coordinates": [[[-90.0730707, 29.9653343], [-90.0731007, 29.9653546], [-90.073212, 29.9652294], [-90.0731862, 29.965212], [-90.0731967, 29.9652001], [-90.0731646, 29.9651784], [-90.0730612, 29.9652946], [-90.0730892, 29.9653135], [-90.0730707, 29.9653343]]]}}, {"id": "621", "type": "Feature", "properties": {"id": "ed640127-a74d-4b7a-b116-32749ae8674b", "name": null, "subtype": null, "class": null, "height": 5.437862873077393, "num_floors": null, "surge_class": 99, "surge_ft": 0.0, "flood_active": false, "exposure_score": 0.0, "exposure_category": "none"}, "geometry": {"type": "Polygon", "coordinates": [[[-90.072916, 29.9650073], [-90.0728558, 29.9650764], [-90.0730624, 29.9652165], [-90.0731221, 29.9651467], [-90.072916, 29.9650073]]]}}, {"id": "622", "type": "Feature", "properties": {"id": "1ddcc86b-7a45-474a-9dbe-9f15f34ff002", "name": null, "subtype": null, "class": null, "height": 6.399393558502197, "num_floors": null, "surge_class": 99, "surge_ft": 0.0, "flood_active": false, "exposure_score": 0.0, "exposure_category": "none"}, "geometry": {"type": "Polygon", "coordinates": [[[-90.0734954, 29.9650283], [-90.0734358, 29.9649876], [-90.0733197, 29.9651153], [-90.0733794, 29.9651559], [-90.0734954, 29.9650283]]]}}, {"id": "623", "type": "Feature", "properties": {"id": "8e21284a-9e1e-4507-9426-e4af95285074", "name": null, "subtype": null, "class": null, "height": 4.659979820251465, "num_floors": null, "surge_class": 99, "surge_ft": 0.0, "flood_active": false, "exposure_score": 0.0, "exposure_category": "none"}, "geometry": {"type": "Polygon", "coordinates": [[[-90.0733043, 29.9650203], [-90.0732585, 29.9650759], [-90.0733043, 29.9651042], [-90.0734075, 29.9649791], [-90.0733368, 29.9649354], [-90.0732795, 29.9650049], [-90.0733043, 29.9650203]]]}}, {"id": "624", "type": "Feature", "properties": {"id": "51da7776-a3e5-4fd2-8002-3ada6cdfa097", "name": null, "subtype": null, "class": null, "height": 5.421748638153076, "num_floors": null, "surge_class": 99, "surge_ft": 0.0, "flood_active": false, "exposure_score": 0.0, "exposure_category": "none"}, "geometry": {"type": "Polygon", "coordinates": [[[-90.0729773, 29.9652889], [-90.0730168, 29.9652446], [-90.0728103, 29.9651063], [-90.0727708, 29.9651506], [-90.0729773, 29.9652889]]]}}, {"id": "625", "type": "Feature", "properties": {"id": "a45fe27f-e10a-4956-92a9-92b33bebff7b", "name": null, "subtype": null, "class": null, "height": null, "num_floors": null, "surge_class": 99, "surge_ft": 0.0, "flood_active": false, "exposure_score": 0.0, "exposure_category": "none"}, "geometry": {"type": "Polygon", "coordinates": [[[-90.0729033, 29.9654241], [-90.0729903, 29.9654832], [-90.0730401, 29.9654276], [-90.0727245, 29.9652134], [-90.0726665, 29.9652783], [-90.072895, 29.9654334], [-90.0729033, 29.9654241]]]}}, {"id": "626", "type": "Feature", "properties": {"id": "da9b8ed7-09d2-45da-a4c5-e9cfbaa87805", "name": null, "subtype": null, "class": null, "height": null, "num_floors": null, "surge_class": 99, "surge_ft": 0.0, "flood_active": false, "exposure_score": 0.0, "exposure_category": "none"}, "geometry": {"type": "Polygon", "coordinates": [[[-90.0719191, 29.9647038], [-90.0718892, 29.9647383], [-90.0719161, 29.9647558], [-90.071946, 29.9647213], [-90.0719191, 29.9647038]]]}}, {"id": "627", "type": "Feature", "properties": {"id": "b63fc55b-2d3c-4d5b-b377-8d3bb594dbc9", "name": null, "subtype": null, "class": null, "height": 5.524268627166748, "num_floors": null, "surge_class": 99, "surge_ft": 0.0, "flood_active": false, "exposure_score": 0.0, "exposure_category": "none"}, "geometry": {"type": "Polygon", "coordinates": [[[-90.0723399, 29.9648044], [-90.0724527, 29.9646782], [-90.0722855, 29.964565], [-90.0721812, 29.9646818], [-90.0722656, 29.9647389], [-90.0722284, 29.9647806], [-90.0721858, 29.9647517], [-90.0721763, 29.9647624], [-90.0721383, 29.9647367], [-90.072096, 29.964784], [-90.0722479, 29.9648869], [-90.0723107, 29.9648166], [-90.0723171, 29.964821], [-90.0723349, 29.9648011], [-90.0723399, 29.9648044]]]}}, {"id": "628", "type": "Feature", "properties": {"id": "221d03f0-c39f-461e-8457-e928e6b59a82", "name": null, "subtype": null, "class": null, "height": null, "num_floors": null, "surge_class": 99, "surge_ft": 0.0, "flood_active": false, "exposure_score": 0.0, "exposure_category": "none"}, "geometry": {"type": "Polygon", "coordinates": [[[-90.0720077, 29.9647361], [-90.0720784, 29.9647844], [-90.0722818, 29.9645586], [-90.0722111, 29.9645103], [-90.0720077, 29.9647361]]]}}, {"id": "629", "type": "Feature", "properties": {"id": "bbbb496e-83e8-439d-8bd5-e3d4df1d0cf9", "name": null, "subtype": null, "class": null, "height": null, "num_floors": null, "surge_class": 99, "surge_ft": 0.0, "flood_active": false, "exposure_score": 0.0, "exposure_category": "none"}, "geometry": {"type": "Polygon", "coordinates": [[[-90.071939, 29.9646666], [-90.072012, 29.9647146], [-90.0721766, 29.9645285], [-90.0721071, 29.9644818], [-90.071939, 29.9646666]]]}}, {"id": "630", "type": "Feature", "properties": {"id": "bdf74065-4915-4e77-b90e-007dd1d95bde", "name": null, "subtype": null, "class": null, "height": null, "num_floors": null, "surge_class": 99, "surge_ft": 0.0, "flood_active": false, "exposure_score": 0.0, "exposure_category": "none"}, "geometry": {"type": "Polygon", "coordinates": [[[-90.0716053, 29.9644356], [-90.0715644, 29.9644823], [-90.0716596, 29.9645455], [-90.0717288, 29.9644664], [-90.0716863, 29.9644381], [-90.0716579, 29.9644705], [-90.0716053, 29.9644356]]]}}, {"id": "631", "type": "Feature", "properties": {"id": "f7210cb7-145f-4cc8-8b52-4142f8f4c78f", "name": null, "subtype": null, "class": null, "height": null, "num_floors": null, "surge_class": 99, "surge_ft": 0.0, "flood_active": false, "exposure_score": 0.0, "exposure_category": "none"}, "geometry": {"type": "Polygon", "coordinates": [[[-90.0717879, 29.9645339], [-90.0718614, 29.9645859], [-90.0718977, 29.9645469], [-90.0718243, 29.9644949], [-90.0717879, 29.9645339]]]}}, {"id": "632", "type": "Feature", "properties": {"id": "5ad7f784-9383-4240-9b89-d80965e9a239", "name": null, "subtype": null, "class": null, "height": 3.896488666534424, "num_floors": null, "surge_class": 99, "surge_ft": 0.0, "flood_active": false, "exposure_score": 0.0, "exposure_category": "none"}, "geometry": {"type": "Polygon", "coordinates": [[[-90.0715289, 29.9645333], [-90.0714976, 29.9645687], [-90.0717296, 29.9647244], [-90.0717798, 29.9646677], [-90.0716861, 29.9646048], [-90.0716988, 29.9645905], [-90.0716269, 29.9645422], [-90.0716054, 29.9645665], [-90.071562, 29.9645374], [-90.0715519, 29.9645488], [-90.0715289, 29.9645333]]]}}, {"id": "633", "type": "Feature", "properties": {"id": "0110db30-85a7-434a-b631-b7b223cb2358", "name": null, "subtype": null, "class": null, "height": null, "num_floors": null, "surge_class": 99, "surge_ft": 0.0, "flood_active": false, "exposure_score": 0.0, "exposure_category": "none"}, "geometry": {"type": "Polygon", "coordinates": [[[-90.0708089, 29.9646877], [-90.0708776, 29.9647343], [-90.0710626, 29.9645279], [-90.070994, 29.9644813], [-90.0708089, 29.9646877]]]}}, {"id": "634", "type": "Feature", "properties": {"id": "f399ad97-1424-49e2-ae43-fa33650a4d28", "name": null, "subtype": null, "class": null, "height": null, "num_floors": null, "surge_class": 99, "surge_ft": 0.0, "flood_active": false, "exposure_score": 0.0, "exposure_category": "none"}, "geometry": {"type": "Polygon", "coordinates": [[[-90.070727, 29.9646337], [-90.070799, 29.9646837], [-90.07092, 29.9645517], [-90.070848, 29.9645017], [-90.070727, 29.9646337]]]}}, {"id": "635", "type": "Feature", "properties": {"id": "b953a871-281d-488d-b064-af9e9de7215f", "name": null, "subtype": null, "class": null, "height": 4.601734638214111, "num_floors": null, "surge_class": 99, "surge_ft": 0.0, "flood_active": false, "exposure_score": 0.0, "exposure_category": "none"}, "geometry": {"type": "Polygon", "coordinates": [[[-90.0713054, 29.9645792], [-90.071211, 29.9645114], [-90.0711523, 29.9645733], [-90.0712467, 29.9646412], [-90.0713054, 29.9645792]]]}}, {"id": "636", "type": "Feature", "properties": {"id": "b64b0080-31ea-4592-ab7b-02b7bcc38e1d", "name": null, "subtype": null, "class": null, "height": null, "num_floors": null, "surge_class": 99, "surge_ft": 0.0, "flood_active": false, "exposure_score": 0.0, "exposure_category": "none"}, "geometry": {"type": "Polygon", "coordinates": [[[-90.0709785, 29.9647998], [-90.0710483, 29.9648467], [-90.07118, 29.9646979], [-90.071102, 29.9646455], [-90.0710713, 29.9646802], [-90.0711035, 29.9647018], [-90.0710881, 29.9647192], [-90.0710642, 29.9647031], [-90.0709785, 29.9647998]]]}}, {"id": "637", "type": "Feature", "properties": {"id": "3f2336a3-b442-4723-859a-71a17756173b", "name": null, "subtype": null, "class": null, "height": null, "num_floors": null, "surge_class": 99, "surge_ft": 0.0, "flood_active": false, "exposure_score": 0.0, "exposure_category": "none"}, "geometry": {"type": "Polygon", "coordinates": [[[-90.0710317, 29.9647099], [-90.0710769, 29.9646602], [-90.0710061, 29.9646113], [-90.0708813, 29.9647484], [-90.0709632, 29.9648049], [-90.0710427, 29.9647175], [-90.0710317, 29.9647099]]]}}, {"id": "638", "type": "Feature", "properties": {"id": "ee8aaadf-e1da-44cc-b05e-4f96b17ecb3b", "name": null, "subtype": null, "class": null, "height": 6.247209548950195, "num_floors": null, "surge_class": 99, "surge_ft": 0.0, "flood_active": false, "exposure_score": 0.0, "exposure_category": "none"}, "geometry": {"type": "Polygon", "coordinates": [[[-90.0712409, 29.964977], [-90.0713598, 29.9648482], [-90.0712954, 29.9648031], [-90.0711764, 29.9649319], [-90.0712409, 29.964977]]]}}, {"id": "639", "type": "Feature", "properties": {"id": "ab841021-d314-4903-a11b-0b0e4a041494", "name": null, "subtype": null, "class": null, "height": 4.093991756439209, "num_floors": null, "surge_class": 99, "surge_ft": 0.0, "flood_active": false, "exposure_score": 0.0, "exposure_category": "none"}, "geometry": {"type": "Polygon", "coordinates": [[[-90.071521, 29.9645923], [-90.0714599, 29.9646588], [-90.0716526, 29.9647919], [-90.0717137, 29.9647254], [-90.071521, 29.9645923]]]}}, {"id": "640", "type": "Feature", "properties": {"id": "01e43693-0be5-4e4b-ad1e-c6e447ea9d16", "name": null, "subtype": null, "class": null, "height": 4.7893967628479, "num_floors": null, "surge_class": 99, "surge_ft": 0.0, "flood_active": false, "exposure_score": 0.0, "exposure_category": "none"}, "geometry": {"type": "Polygon", "coordinates": [[[-90.0713294, 29.9650373], [-90.0714287, 29.9649303], [-90.0713573, 29.9648801], [-90.071258, 29.9649871], [-90.0713294, 29.9650373]]]}}, {"id": "641", "type": "Feature", "properties": {"id": "29cfbd26-0425-4794-b854-e1d809be5b8f", "name": null, "subtype": null, "class": null, "height": null, "num_floors": null, "surge_class": 99, "surge_ft": 0.0, "flood_active": false, "exposure_score": 0.0, "exposure_category": "none"}, "geometry": {"type": "Polygon", "coordinates": [[[-90.0715815, 29.9652199], [-90.0716471, 29.9652659], [-90.0717706, 29.9651302], [-90.0717054, 29.9650853], [-90.0715815, 29.9652199]]]}}, {"id": "642", "type": "Feature", "properties": {"id": "4b7862ef-ed4c-401a-971e-bc7b17fbb9a2", "name": null, "subtype": null, "class": null, "height": 4.619102954864502, "num_floors": null, "surge_class": 99, "surge_ft": 0.0, "flood_active": false, "exposure_score": 0.0, "exposure_category": "none"}, "geometry": {"type": "Polygon", "coordinates": [[[-90.0712353, 29.9651803], [-90.0711639, 29.9651399], [-90.0710847, 29.9652448], [-90.071156, 29.9652852], [-90.0712353, 29.9651803]]]}}, {"id": "643", "type": "Feature", "properties": {"id": "78a32ee4-af69-4886-810c-7605e75a2f47", "name": null, "subtype": null, "class": null, "height": null, "num_floors": null, "surge_class": 99, "surge_ft": 0.0, "flood_active": false, "exposure_score": 0.0, "exposure_category": "none"}, "geometry": {"type": "Polygon", "coordinates": [[[-90.0711596, 29.9653986], [-90.0712271, 29.9654442], [-90.0713962, 29.9652549], [-90.0713287, 29.9652093], [-90.0711596, 29.9653986]]]}}, {"id": "644", "type": "Feature", "properties": {"id": "0c9afc09-57b0-4d61-ba74-23b12ec6d202", "name": null, "subtype": null, "class": null, "height": 3.012373447418213, "num_floors": null, "surge_class": 99, "surge_ft": 0.0, "flood_active": false, "exposure_score": 0.0, "exposure_category": "none"}, "geometry": {"type": "Polygon", "coordinates": [[[-90.0709454, 29.9652489], [-90.0709062, 29.9652916], [-90.0710651, 29.9654009], [-90.0711043, 29.9653582], [-90.0709454, 29.9652489]]]}}, {"id": "645", "type": "Feature", "properties": {"id": "a31d9fcb-242d-43a1-bc50-86eed64e7532", "name": null, "subtype": null, "class": null, "height": null, "num_floors": null, "surge_class": 99, "surge_ft": 0.0, "flood_active": false, "exposure_score": 0.0, "exposure_category": "none"}, "geometry": {"type": "Polygon", "coordinates": [[[-90.0710823, 29.9650506], [-90.0709674, 29.9651793], [-90.0710056, 29.9652051], [-90.0711204, 29.9650764], [-90.0710823, 29.9650506]]]}}, {"id": "646", "type": "Feature", "properties": {"id": "6c34ae28-0c99-46d8-a928-3869df60a8be", "name": null, "subtype": null, "class": null, "height": null, "num_floors": null, "surge_class": 99, "surge_ft": 0.0, "flood_active": false, "exposure_score": 0.0, "exposure_category": "none"}, "geometry": {"type": "Polygon", "coordinates": [[[-90.0709588, 29.9649588], [-90.0708784, 29.964902], [-90.070797, 29.9649893], [-90.0708718, 29.9650422], [-90.0708901, 29.9650226], [-90.0708957, 29.9650265], [-90.0709588, 29.9649588]]]}}, {"id": "647", "type": "Feature", "properties": {"id": "b2220b27-2a90-4114-894f-794b348bd142", "name": null, "subtype": null, "class": null, "height": null, "num_floors": null, "surge_class": 99, "surge_ft": 0.0, "flood_active": false, "exposure_score": 0.0, "exposure_category": "none"}, "geometry": {"type": "Polygon", "coordinates": [[[-90.0707188, 29.9649808], [-90.0707625, 29.9650117], [-90.0708686, 29.9648977], [-90.0708249, 29.9648668], [-90.0707188, 29.9649808]]]}}, {"id": "648", "type": "Feature", "properties": {"id": "ea1bc3a3-3637-4d84-b52c-7bcd7281f65f", "name": null, "subtype": null, "class": null, "height": null, "num_floors": null, "surge_class": 99, "surge_ft": 0.0, "flood_active": false, "exposure_score": 0.0, "exposure_category": "none"}, "geometry": {"type": "Polygon", "coordinates": [[[-90.0705848, 29.9650059], [-90.0705785, 29.9650132], [-90.070608, 29.9650325], [-90.0706555, 29.9649778], [-90.0706404, 29.9649678], [-90.0706519, 29.9649545], [-90.0706335, 29.9649424], [-90.0706259, 29.9649512], [-90.0705927, 29.9649295], [-90.0705532, 29.9649751], [-90.0705759, 29.96499], [-90.0705703, 29.9649964], [-90.0705848, 29.9650059]]]}}, {"id": "649", "type": "Feature", "properties": {"id": "19bcb10e-4410-4ebf-827e-63da13382bc8", "name": null, "subtype": null, "class": null, "height": 4.556787490844727, "num_floors": null, "surge_class": 99, "surge_ft": 0.0, "flood_active": false, "exposure_score": 0.0, "exposure_category": "none"}, "geometry": {"type": "Polygon", "coordinates": [[[-90.0704909, 29.965094], [-90.0706811, 29.9652223], [-90.0707296, 29.9651677], [-90.0705394, 29.9650395], [-90.0705308, 29.9650491], [-90.0704912, 29.9650266], [-90.0704704, 29.9650516], [-90.0705082, 29.9650746], [-90.0704909, 29.965094]]]}}, {"id": "650", "type": "Feature", "properties": {"id": "2ad756cf-efee-48b2-8081-e4b5bb299df0", "name": null, "subtype": null, "class": null, "height": null, "num_floors": null, "surge_class": 99, "surge_ft": 0.0, "flood_active": false, "exposure_score": 0.0, "exposure_category": "none"}, "geometry": {"type": "Polygon", "coordinates": [[[-90.0706264, 29.965037], [-90.070692, 29.9650835], [-90.0707331, 29.9650396], [-90.0706675, 29.9649931], [-90.0706264, 29.965037]]]}}, {"id": "651", "type": "Feature", "properties": {"id": "b414b3c6-f504-4945-9f91-790fb11a7942", "name": null, "subtype": null, "class": null, "height": null, "num_floors": null, "surge_class": 99, "surge_ft": 0.0, "flood_active": false, "exposure_score": 0.0, "exposure_category": "none"}, "geometry": {"type": "Polygon", "coordinates": [[[-90.0706844, 29.9651045], [-90.070767, 29.9651614], [-90.0708413, 29.9650796], [-90.0707551, 29.9650227], [-90.0706844, 29.9651045]]]}}, {"id": "652", "type": "Feature", "properties": {"id": "43914f77-f9a5-4b9f-814a-046e15dfb54b", "name": null, "subtype": null, "class": null, "height": null, "num_floors": null, "surge_class": 99, "surge_ft": 0.0, "flood_active": false, "exposure_score": 0.0, "exposure_category": "none"}, "geometry": {"type": "Polygon", "coordinates": [[[-90.0704031, 29.9652849], [-90.070399, 29.9652896], [-90.0705402, 29.9653844], [-90.070579, 29.9653406], [-90.0704539, 29.9652566], [-90.0704443, 29.9652674], [-90.07039, 29.9652309], [-90.0703649, 29.9652593], [-90.0704031, 29.9652849]]]}}, {"id": "653", "type": "Feature", "properties": {"id": "1aa8043e-c7ed-41a5-9192-f3a1587994bb", "name": null, "subtype": null, "class": null, "height": null, "num_floors": null, "surge_class": 99, "surge_ft": 0.0, "flood_active": false, "exposure_score": 0.0, "exposure_category": "none"}, "geometry": {"type": "Polygon", "coordinates": [[[-90.0701745, 29.9652171], [-90.0702098, 29.9651783], [-90.0701724, 29.9651526], [-90.0701371, 29.9651914], [-90.0701745, 29.9652171]]]}}, {"id": "654", "type": "Feature", "properties": {"id": "cf8fec2a-6bb8-4525-b021-08174b9662b9", "name": null, "subtype": null, "class": null, "height": 3.9127588272094727, "num_floors": null, "surge_class": 99, "surge_ft": 0.0, "flood_active": false, "exposure_score": 0.0, "exposure_category": "none"}, "geometry": {"type": "Polygon", "coordinates": [[[-90.0699344, 29.9653941], [-90.0700203, 29.9654525], [-90.0702013, 29.9652508], [-90.0701153, 29.9651923], [-90.0699344, 29.9653941]]]}}, {"id": "655", "type": "Feature", "properties": {"id": "20e35bd4-7eaa-4d50-9c43-54d7984cd269", "name": null, "subtype": null, "class": null, "height": null, "num_floors": null, "surge_class": 99, "surge_ft": 0.0, "flood_active": false, "exposure_score": 0.0, "exposure_category": "none"}, "geometry": {"type": "Polygon", "coordinates": [[[-90.0698628, 29.9652311], [-90.0698506, 29.9652228], [-90.0697634, 29.9653198], [-90.0698183, 29.9653572], [-90.0698978, 29.9652688], [-90.069894, 29.9652662], [-90.0699339, 29.9652217], [-90.069895, 29.9651952], [-90.0698628, 29.9652311]]]}}, {"id": "656", "type": "Feature", "properties": {"id": "c4a77730-451a-4152-a027-e80185ee26be", "name": null, "subtype": null, "class": null, "height": 4.385275840759277, "num_floors": null, "surge_class": 99, "surge_ft": 0.0, "flood_active": false, "exposure_score": 0.0, "exposure_category": "none"}, "geometry": {"type": "Polygon", "coordinates": [[[-90.0697577, 29.965274], [-90.0698443, 29.9651805], [-90.0697817, 29.9651366], [-90.0696951, 29.9652301], [-90.0697577, 29.965274]]]}}, {"id": "657", "type": "Feature", "properties": {"id": "6fe50997-e66b-41dd-89fa-45d1d0f22b32", "name": null, "subtype": null, "class": null, "height": 3.3982455730438232, "num_floors": null, "surge_class": 99, "surge_ft": 0.0, "flood_active": false, "exposure_score": 0.0, "exposure_category": "none"}, "geometry": {"type": "Polygon", "coordinates": [[[-90.069844, 29.9650365], [-90.0697923, 29.9650939], [-90.0699388, 29.9651939], [-90.0699905, 29.9651365], [-90.069844, 29.9650365]]]}}, {"id": "658", "type": "Feature", "properties": {"id": "33e459be-6d07-4ee7-a445-119d6ca93326", "name": null, "subtype": null, "class": null, "height": null, "num_floors": null, "surge_class": 99, "surge_ft": 0.0, "flood_active": false, "exposure_score": 0.0, "exposure_category": "none"}, "geometry": {"type": "Polygon", "coordinates": [[[-90.0702962, 29.9650969], [-90.0702412, 29.9650588], [-90.0701943, 29.9651097], [-90.0702493, 29.9651477], [-90.0702962, 29.9650969]]]}}, {"id": "659", "type": "Feature", "properties": {"id": "719c8fe9-6199-4fe2-a85f-00fac0c66937", "name": null, "subtype": null, "class": null, "height": 5.386622428894043, "num_floors": null, "surge_class": 99, "surge_ft": 0.0, "flood_active": false, "exposure_score": 0.0, "exposure_category": "none"}, "geometry": {"type": "Polygon", "coordinates": [[[-90.0700274, 29.9649194], [-90.0699768, 29.9649757], [-90.0701223, 29.9650739], [-90.070173, 29.9650175], [-90.0700274, 29.9649194]]]}}, {"id": "660", "type": "Feature", "properties": {"id": "8a77fecc-9140-4118-b480-409a6b1331a3", "name": null, "subtype": null, "class": null, "height": null, "num_floors": null, "surge_class": 99, "surge_ft": 0.0, "flood_active": false, "exposure_score": 0.0, "exposure_category": "none"}, "geometry": {"type": "Polygon", "coordinates": [[[-90.070335, 29.9649397], [-90.0702265, 29.9648655], [-90.0702476, 29.9648423], [-90.070097, 29.9647395], [-90.0700489, 29.9647924], [-90.070308, 29.9649693], [-90.070335, 29.9649397]]]}}, {"id": "661", "type": "Feature", "properties": {"id": "33c7a9f1-f23d-4588-8fc0-1873d482ef8a", "name": null, "subtype": null, "class": null, "height": null, "num_floors": null, "surge_class": 99, "surge_ft": 0.0, "flood_active": false, "exposure_score": 0.0, "exposure_category": "none"}, "geometry": {"type": "Polygon", "coordinates": [[[-90.0703587, 29.9649098], [-90.070422, 29.9649534], [-90.0706238, 29.9647277], [-90.0705539, 29.964682], [-90.0703587, 29.9649098]]]}}, {"id": "662", "type": "Feature", "properties": {"id": "49bb5256-d426-4d14-8ee0-d1541666d68b", "name": null, "subtype": null, "class": null, "height": null, "num_floors": null, "surge_class": 99, "surge_ft": 0.0, "flood_active": false, "exposure_score": 0.0, "exposure_category": "none"}, "geometry": {"type": "Polygon", "coordinates": [[[-90.0704101, 29.9649927], [-90.0704769, 29.9650378], [-90.0707052, 29.9647822], [-90.0706384, 29.9647372], [-90.0704101, 29.9649927]]]}}, {"id": "663", "type": "Feature", "properties": {"id": "bc315973-04c7-4279-950f-374319470b88", "name": null, "subtype": null, "class": null, "height": null, "num_floors": null, "surge_class": 99, "surge_ft": 0.0, "flood_active": false, "exposure_score": 0.0, "exposure_category": "none"}, "geometry": {"type": "Polygon", "coordinates": [[[-90.0707076, 29.9649234], [-90.0707783, 29.9648455], [-90.0707095, 29.9647982], [-90.0706382, 29.9648768], [-90.0706477, 29.964884], [-90.0706148, 29.9649201], [-90.0706684, 29.9649563], [-90.0707019, 29.9649195], [-90.0707076, 29.9649234]]]}}, {"id": "664", "type": "Feature", "properties": {"id": "d962d4f4-1e0f-491a-9698-9cd71be2b129", "name": null, "subtype": null, "class": null, "height": null, "num_floors": null, "surge_class": 99, "surge_ft": 0.0, "flood_active": false, "exposure_score": 0.0, "exposure_category": "none"}, "geometry": {"type": "Polygon", "coordinates": [[[-90.0703667, 29.9647596], [-90.0704326, 29.964804], [-90.0705479, 29.9646744], [-90.070482, 29.96463], [-90.0703667, 29.9647596]]]}}, {"id": "665", "type": "Feature", "properties": {"id": "858268b5-3e6b-40b1-8b72-a1fbead148ee", "name": null, "subtype": null, "class": null, "height": null, "num_floors": null, "surge_class": 99, "surge_ft": 0.0, "flood_active": false, "exposure_score": 0.0, "exposure_category": "none"}, "geometry": {"type": "Polygon", "coordinates": [[[-90.0703012, 29.96467], [-90.0703748, 29.9647208], [-90.0704549, 29.9646328], [-90.0703814, 29.964582], [-90.0703012, 29.96467]]]}}, {"id": "666", "type": "Feature", "properties": {"id": "3a63396b-1aa6-4f07-abf3-af5b6110ebf4", "name": null, "subtype": null, "class": null, "height": null, "num_floors": null, "surge_class": 99, "surge_ft": 0.0, "flood_active": false, "exposure_score": 0.0, "exposure_category": "none"}, "geometry": {"type": "Polygon", "coordinates": [[[-90.0703061, 29.9645246], [-90.0702131, 29.9646305], [-90.0702731, 29.9646705], [-90.0703661, 29.9645646], [-90.0703061, 29.9645246]]]}}, {"id": "667", "type": "Feature", "properties": {"id": "0f394532-c03b-4f83-9497-f5d9dba2861c", "name": null, "subtype": null, "class": null, "height": null, "num_floors": null, "surge_class": 99, "surge_ft": 0.0, "flood_active": false, "exposure_score": 0.0, "exposure_category": "none"}, "geometry": {"type": "Polygon", "coordinates": [[[-90.070663, 29.9645904], [-90.0707187, 29.9646289], [-90.0708773, 29.9644548], [-90.0708306, 29.9644226], [-90.0707691, 29.9644901], [-90.07076, 29.9644839], [-90.070663, 29.9645904]]]}}, {"id": "668", "type": "Feature", "properties": {"id": "29f67443-2802-43a9-8228-1162f9889d43", "name": null, "subtype": null, "class": null, "height": 6.6046223640441895, "num_floors": null, "surge_class": 99, "surge_ft": 0.0, "flood_active": false, "exposure_score": 0.0, "exposure_category": "none"}, "geometry": {"type": "Polygon", "coordinates": [[[-90.0705738, 29.96452], [-90.0706448, 29.964568], [-90.0707355, 29.9644664], [-90.0706645, 29.9644184], [-90.0705738, 29.96452]]]}}, {"id": "669", "type": "Feature", "properties": {"id": "ef43dec8-efe8-4f6b-919d-54cc1acc5a06", "name": null, "subtype": null, "class": null, "height": 4.236859321594238, "num_floors": null, "surge_class": 99, "surge_ft": 0.0, "flood_active": false, "exposure_score": 0.0, "exposure_category": "none"}, "geometry": {"type": "Polygon", "coordinates": [[[-90.0698179, 29.964411], [-90.0699198, 29.9644714], [-90.0699681, 29.964411], [-90.0698662, 29.964346], [-90.0698179, 29.964411]]]}}, {"id": "670", "type": "Feature", "properties": {"id": "fbfc100d-fad1-49ec-acc2-58d9587c0c0f", "name": null, "subtype": null, "class": null, "height": 6.442408561706543, "num_floors": null, "surge_class": 99, "surge_ft": 0.0, "flood_active": false, "exposure_score": 0.0, "exposure_category": "none"}, "geometry": {"type": "Polygon", "coordinates": [[[-90.0708004, 29.9642898], [-90.0708373, 29.964251], [-90.0706772, 29.964137], [-90.0706048, 29.9642133], [-90.0707425, 29.9643113], [-90.070778, 29.9642739], [-90.0708004, 29.9642898]]]}}, {"id": "671", "type": "Feature", "properties": {"id": "41bca4cf-634c-441f-aad2-c73be3129851", "name": null, "subtype": null, "class": null, "height": 3.821554660797119, "num_floors": null, "surge_class": 99, "surge_ft": 0.0, "flood_active": false, "exposure_score": 0.0, "exposure_category": "none"}, "geometry": {"type": "Polygon", "coordinates": [[[-90.0707307, 29.9643741], [-90.070795, 29.9644182], [-90.0708757, 29.964329], [-90.0708114, 29.9642849], [-90.0707307, 29.9643741]]]}}, {"id": "672", "type": "Feature", "properties": {"id": "03654daf-0386-4df6-8b1b-bd8f4922185b", "name": null, "subtype": null, "class": null, "height": null, "num_floors": null, "surge_class": 99, "surge_ft": 0.0, "flood_active": false, "exposure_score": 0.0, "exposure_category": "none"}, "geometry": {"type": "Polygon", "coordinates": [[[-90.0709469, 29.9643878], [-90.0710244, 29.9644405], [-90.0710544, 29.9644071], [-90.0709769, 29.9643543], [-90.0709469, 29.9643878]]]}}, {"id": "673", "type": "Feature", "properties": {"id": "dda007aa-b381-457a-a596-1c649628952c", "name": null, "subtype": null, "class": null, "height": 6.330508708953857, "num_floors": null, "surge_class": 99, "surge_ft": 0.0, "flood_active": false, "exposure_score": 0.0, "exposure_category": "none"}, "geometry": {"type": "Polygon", "coordinates": [[[-90.0712609, 29.964254], [-90.0712249, 29.9642951], [-90.0713454, 29.9643748], [-90.0713808, 29.9643342], [-90.0713354, 29.9643042], [-90.0713432, 29.9642952], [-90.0713233, 29.9642821], [-90.071316, 29.9642905], [-90.0712609, 29.964254]]]}}, {"id": "674", "type": "Feature", "properties": {"id": "39cbf744-2c75-42b6-a34d-6e05a846d30b", "name": null, "subtype": null, "class": null, "height": null, "num_floors": null, "surge_class": 99, "surge_ft": 0.0, "flood_active": false, "exposure_score": 0.0, "exposure_category": "none"}, "geometry": {"type": "Polygon", "coordinates": [[[-90.0712502, 29.9644116], [-90.0713752, 29.9644952], [-90.0714215, 29.9644427], [-90.0711793, 29.9642809], [-90.0711482, 29.9643161], [-90.0712654, 29.9643944], [-90.0712502, 29.9644116]]]}}, {"id": "675", "type": "Feature", "properties": {"id": "c7e9a3c0-86d2-46d1-a09c-727212481676", "name": null, "subtype": null, "class": null, "height": null, "num_floors": null, "surge_class": 99, "surge_ft": 0.0, "flood_active": false, "exposure_score": 0.0, "exposure_category": "none"}, "geometry": {"type": "Polygon", "coordinates": [[[-90.0711947, 29.9644708], [-90.0713224, 29.9645557], [-90.0713646, 29.9645075], [-90.0710319, 29.9642862], [-90.0710043, 29.9643177], [-90.0712094, 29.9644541], [-90.0711947, 29.9644708]]]}}, {"id": "676", "type": "Feature", "properties": {"id": "b45dd659-c48f-4528-a581-1ab7b89e654b", "name": null, "subtype": null, "class": null, "height": null, "num_floors": null, "surge_class": 99, "surge_ft": 0.0, "flood_active": false, "exposure_score": 0.0, "exposure_category": "none"}, "geometry": {"type": "Polygon", "coordinates": [[[-90.0718802, 29.964329], [-90.0717339, 29.9644939], [-90.0717848, 29.9645281], [-90.0719311, 29.9643632], [-90.0718802, 29.964329]]]}}, {"id": "677", "type": "Feature", "properties": {"id": "cb984f77-a37f-4433-bc1a-a3627abc14a5", "name": null, "subtype": null, "class": null, "height": 7.17896032333374, "num_floors": null, "surge_class": 99, "surge_ft": 0.0, "flood_active": false, "exposure_score": 0.0, "exposure_category": "none"}, "geometry": {"type": "Polygon", "coordinates": [[[-90.071884, 29.9642871], [-90.0718027, 29.9642314], [-90.071675, 29.9643725], [-90.0717523, 29.9644255], [-90.0717756, 29.9643998], [-90.0717796, 29.9644026], [-90.071884, 29.9642871]]]}}, {"id": "678", "type": "Feature", "properties": {"id": "9989f608-c28c-48cb-b260-c185fed57d2d", "name": null, "subtype": null, "class": null, "height": null, "num_floors": null, "surge_class": 99, "surge_ft": 0.0, "flood_active": false, "exposure_score": 0.0, "exposure_category": "none"}, "geometry": {"type": "Polygon", "coordinates": [[[-90.0713976, 29.9643064], [-90.0714811, 29.964363], [-90.0715477, 29.9642866], [-90.0714689, 29.9642324], [-90.0713976, 29.9643064]]]}}, {"id": "679", "type": "Feature", "properties": {"id": "bdd7fb05-e123-445e-8848-303fa8347503", "name": null, "subtype": null, "class": null, "height": null, "num_floors": null, "surge_class": 99, "surge_ft": 0.0, "flood_active": false, "exposure_score": 0.0, "exposure_category": "none"}, "geometry": {"type": "Polygon", "coordinates": [[[-90.0715617, 29.9640709], [-90.0715171, 29.9640404], [-90.0713879, 29.9641834], [-90.0714325, 29.9642139], [-90.0715617, 29.9640709]]]}}, {"id": "680", "type": "Feature", "properties": {"id": "a123cffb-f0cb-4342-9250-e3ea97b69246", "name": null, "subtype": null, "class": null, "height": 6.618664264678955, "num_floors": null, "surge_class": 99, "surge_ft": 0.0, "flood_active": false, "exposure_score": 0.0, "exposure_category": "none"}, "geometry": {"type": "Polygon", "coordinates": [[[-90.0715952, 29.964235], [-90.0716722, 29.96415], [-90.0715906, 29.964094], [-90.0715137, 29.9641789], [-90.0715952, 29.964235]]]}}, {"id": "681", "type": "Feature", "properties": {"id": "509753f7-ab42-4c3c-b889-4b6e48162827", "name": null, "subtype": null, "class": null, "height": null, "num_floors": null, "surge_class": 99, "surge_ft": 0.0, "flood_active": false, "exposure_score": 0.0, "exposure_category": "none"}, "geometry": {"type": "Polygon", "coordinates": [[[-90.0713562, 29.9641945], [-90.0715073, 29.9640311], [-90.0714417, 29.9639851], [-90.0712906, 29.9641485], [-90.0713562, 29.9641945]]]}}, {"id": "682", "type": "Feature", "properties": {"id": "6d98ca18-6698-4094-b559-7292a8bc8726", "name": null, "subtype": null, "class": null, "height": null, "num_floors": null, "surge_class": 99, "surge_ft": 0.0, "flood_active": false, "exposure_score": 0.0, "exposure_category": "none"}, "geometry": {"type": "Polygon", "coordinates": [[[-90.0713244, 29.9639916], [-90.0711831, 29.9641552], [-90.0712395, 29.9641921], [-90.0714179, 29.9639854], [-90.0713398, 29.9639343], [-90.0713026, 29.9639773], [-90.0713244, 29.9639916]]]}}, {"id": "683", "type": "Feature", "properties": {"id": "e1a4cbba-d71a-496d-842f-efe07eb968e7", "name": null, "subtype": null, "class": null, "height": null, "num_floors": null, "surge_class": 99, "surge_ft": 0.0, "flood_active": false, "exposure_score": 0.0, "exposure_category": "none"}, "geometry": {"type": "Polygon", "coordinates": [[[-90.0711634, 29.9642525], [-90.0712088, 29.9641992], [-90.0711499, 29.9641611], [-90.0711044, 29.9642143], [-90.0711634, 29.9642525]]]}}, {"id": "684", "type": "Feature", "properties": {"id": "7af3b16f-e866-4501-9a24-b5c34865fffe", "name": null, "subtype": null, "class": null, "height": 5.9274091720581055, "num_floors": null, "surge_class": 99, "surge_ft": 0.0, "flood_active": false, "exposure_score": 0.0, "exposure_category": "none"}, "geometry": {"type": "Polygon", "coordinates": [[[-90.0707152, 29.9640587], [-90.0706607, 29.9641194], [-90.0708687, 29.9642608], [-90.0708817, 29.9642463], [-90.0709271, 29.9642772], [-90.0709555, 29.9642456], [-90.0709103, 29.9642148], [-90.0709234, 29.9642003], [-90.0707152, 29.9640587]]]}}, {"id": "685", "type": "Feature", "properties": {"id": "9dc24fa1-667b-4d58-8ada-59e94db455c5", "name": null, "subtype": null, "class": null, "height": 6.986906051635742, "num_floors": null, "surge_class": 99, "surge_ft": 0.0, "flood_active": false, "exposure_score": 0.0, "exposure_category": "none"}, "geometry": {"type": "Polygon", "coordinates": [[[-90.0710578, 29.9641749], [-90.0710975, 29.9641284], [-90.0708413, 29.9639639], [-90.0707566, 29.9640629], [-90.0710036, 29.9642215], [-90.0710485, 29.9641689], [-90.0710578, 29.9641749]]]}}, {"id": "686", "type": "Feature", "properties": {"id": "1d429112-fa82-489f-9157-549087eaf9ff", "name": null, "subtype": null, "class": null, "height": 3.5290298461914062, "num_floors": null, "surge_class": 99, "surge_ft": 0.0, "flood_active": false, "exposure_score": 0.0, "exposure_category": "none"}, "geometry": {"type": "Polygon", "coordinates": [[[-90.0708856, 29.9639142], [-90.0708489, 29.9639584], [-90.0711064, 29.9641191], [-90.0711431, 29.9640749], [-90.0708856, 29.9639142]]]}}, {"id": "687", "type": "Feature", "properties": {"id": "d4ddaaab-1c9f-4b76-af3e-b0a7495190e5", "name": null, "subtype": null, "class": null, "height": 2.9486238956451416, "num_floors": null, "surge_class": 99, "surge_ft": 0.0, "flood_active": false, "exposure_score": 0.0, "exposure_category": "none"}, "geometry": {"type": "Polygon", "coordinates": [[[-90.0709262, 29.9638837], [-90.0708987, 29.9639161], [-90.0709666, 29.9639593], [-90.0709941, 29.9639269], [-90.0709262, 29.9638837]]]}}, {"id": "688", "type": "Feature", "properties": {"id": "b0bc67d3-9039-4bb2-bd6f-d62c75e41ade", "name": null, "subtype": null, "class": null, "height": null, "num_floors": null, "surge_class": 99, "surge_ft": 0.0, "flood_active": false, "exposure_score": 0.0, "exposure_category": "none"}, "geometry": {"type": "Polygon", "coordinates": [[[-90.0710247, 29.9637283], [-90.0709185, 29.9638491], [-90.0709882, 29.9638956], [-90.0710945, 29.9637747], [-90.0710247, 29.9637283]]]}}, {"id": "689", "type": "Feature", "properties": {"id": "1afddfe9-2cc4-4816-8843-804059ea85d0", "name": null, "subtype": null, "class": null, "height": null, "num_floors": null, "surge_class": 99, "surge_ft": 0.0, "flood_active": false, "exposure_score": 0.0, "exposure_category": "none"}, "geometry": {"type": "Polygon", "coordinates": [[[-90.0710834, 29.9639358], [-90.0711859, 29.9638198], [-90.0711194, 29.9637752], [-90.0710169, 29.9638913], [-90.0710834, 29.9639358]]]}}, {"id": "690", "type": "Feature", "properties": {"id": "17dae720-f377-4f96-88e2-0bfb02ca4bfa", "name": null, "subtype": null, "class": null, "height": null, "num_floors": null, "surge_class": 99, "surge_ft": 0.0, "flood_active": false, "exposure_score": 0.0, "exposure_category": "none"}, "geometry": {"type": "Polygon", "coordinates": [[[-90.0711554, 29.9638695], [-90.071061, 29.9639785], [-90.0711324, 29.9640254], [-90.0712268, 29.9639163], [-90.0711554, 29.9638695]]]}}, {"id": "691", "type": "Feature", "properties": {"id": "4b35378c-ae79-4da5-8d6c-3874f39819ab", "name": null, "subtype": null, "class": null, "height": null, "num_floors": null, "surge_class": 99, "surge_ft": 0.0, "flood_active": false, "exposure_score": 0.0, "exposure_category": "none"}, "geometry": {"type": "Polygon", "coordinates": [[[-90.0711613, 29.9640346], [-90.0712118, 29.9640697], [-90.0713342, 29.9639363], [-90.0712837, 29.9639011], [-90.0711613, 29.9640346]]]}}, {"id": "692", "type": "Feature", "properties": {"id": "afc6a33b-1501-4876-b1cd-9f3e21bd33de", "name": null, "subtype": null, "class": null, "height": 6.52518892288208, "num_floors": null, "surge_class": 99, "surge_ft": 0.0, "flood_active": false, "exposure_score": 0.0, "exposure_category": "none"}, "geometry": {"type": "Polygon", "coordinates": [[[-90.0717958, 29.9640585], [-90.0719205, 29.9639223], [-90.0718536, 29.9638763], [-90.0717289, 29.9640125], [-90.0717958, 29.9640585]]]}}, {"id": "693", "type": "Feature", "properties": {"id": "138fd47e-a282-4b46-b200-8f3ed30704e9", "name": null, "subtype": null, "class": null, "height": 6.957807540893555, "num_floors": null, "surge_class": 99, "surge_ft": 0.0, "flood_active": false, "exposure_score": 0.0, "exposure_category": "none"}, "geometry": {"type": "Polygon", "coordinates": [[[-90.0716967, 29.9639907], [-90.0718182, 29.9638554], [-90.0717522, 29.9638109], [-90.0716307, 29.9639462], [-90.0716967, 29.9639907]]]}}, {"id": "694", "type": "Feature", "properties": {"id": "39123de9-9a6e-4962-9df1-59e79f3aa746", "name": null, "subtype": null, "class": null, "height": null, "num_floors": null, "surge_class": 99, "surge_ft": 0.0, "flood_active": false, "exposure_score": 0.0, "exposure_category": "none"}, "geometry": {"type": "Polygon", "coordinates": [[[-90.0715822, 29.9638457], [-90.0715511, 29.9638803], [-90.0716087, 29.9639195], [-90.0717054, 29.963812], [-90.0716318, 29.9637619], [-90.0715662, 29.9638348], [-90.0715822, 29.9638457]]]}}, {"id": "695", "type": "Feature", "properties": {"id": "be1c42bc-dc5a-42a6-ae88-36954120240f", "name": null, "subtype": null, "class": null, "height": null, "num_floors": null, "surge_class": 99, "surge_ft": 0.0, "flood_active": false, "exposure_score": 0.0, "exposure_category": "none"}, "geometry": {"type": "Polygon", "coordinates": [[[-90.0715319, 29.9637442], [-90.0714567, 29.9638323], [-90.0715206, 29.9638737], [-90.0715959, 29.9637856], [-90.0715319, 29.9637442]]]}}, {"id": "696", "type": "Feature", "properties": {"id": "0c22d8cb-1416-4f26-83d5-52f07faa5009", "name": null, "subtype": null, "class": null, "height": null, "num_floors": null, "surge_class": 99, "surge_ft": 0.0, "flood_active": false, "exposure_score": 0.0, "exposure_category": "none"}, "geometry": {"type": "Polygon", "coordinates": [[[-90.0714691, 29.9636733], [-90.0713782, 29.9637773], [-90.0714462, 29.9638224], [-90.0715371, 29.9637184], [-90.0714691, 29.9636733]]]}}, {"id": "697", "type": "Feature", "properties": {"id": "710829c6-3d2e-41be-b8de-a6b2bde3b494", "name": null, "subtype": null, "class": null, "height": null, "num_floors": null, "surge_class": 99, "surge_ft": 0.0, "flood_active": false, "exposure_score": 0.0, "exposure_category": "none"}, "geometry": {"type": "Polygon", "coordinates": [[[-90.0714272, 29.9635984], [-90.0714119, 29.9636162], [-90.0713946, 29.9636049], [-90.0712911, 29.9637252], [-90.0713575, 29.9637722], [-90.0714637, 29.9636517], [-90.0714493, 29.9636423], [-90.0714655, 29.9636234], [-90.0714272, 29.9635984]]]}}, {"id": "698", "type": "Feature", "properties": {"id": "0b493178-f237-4014-9f6d-cda2e51a8855", "name": null, "subtype": null, "class": null, "height": null, "num_floors": null, "surge_class": 99, "surge_ft": 0.0, "flood_active": false, "exposure_score": 0.0, "exposure_category": "none"}, "geometry": {"type": "Polygon", "coordinates": [[[-90.0715665, 29.9637058], [-90.0716312, 29.9637512], [-90.071654, 29.9637266], [-90.0715892, 29.9636812], [-90.0715665, 29.9637058]]]}}, {"id": "699", "type": "Feature", "properties": {"id": "139eb507-4067-4ac8-86ab-2134c9a8dfc9", "name": null, "subtype": null, "class": null, "height": null, "num_floors": null, "surge_class": 99, "surge_ft": 0.0, "flood_active": false, "exposure_score": 0.0, "exposure_category": "none"}, "geometry": {"type": "Polygon", "coordinates": [[[-90.0718836, 29.9636137], [-90.0718176, 29.9635683], [-90.071726, 29.963669], [-90.071792, 29.9637145], [-90.0718836, 29.9636137]]]}}, {"id": "700", "type": "Feature", "properties": {"id": "f51996ff-46c3-4e92-abed-40415800556e", "name": null, "subtype": null, "class": null, "height": null, "num_floors": null, "surge_class": 99, "surge_ft": 0.0, "flood_active": false, "exposure_score": 0.0, "exposure_category": "none"}, "geometry": {"type": "Polygon", "coordinates": [[[-90.0714755, 29.9636542], [-90.0715556, 29.9637067], [-90.0715958, 29.9636602], [-90.0715157, 29.9636076], [-90.0714755, 29.9636542]]]}}, {"id": "701", "type": "Feature", "properties": {"id": "cc1e4022-de17-4c6f-9829-053cb9f88abf", "name": null, "subtype": null, "class": null, "height": 7.683760643005371, "num_floors": null, "surge_class": 99, "surge_ft": 0.0, "flood_active": false, "exposure_score": 0.0, "exposure_category": "none"}, "geometry": {"type": "Polygon", "coordinates": [[[-90.0712714, 29.9637226], [-90.0713786, 29.963602], [-90.0713118, 29.9635569], [-90.0712046, 29.9636775], [-90.0712714, 29.9637226]]]}}, {"id": "702", "type": "Feature", "properties": {"id": "87afc761-72d8-4e66-8502-9b84a68bf15a", "name": null, "subtype": null, "class": null, "height": null, "num_floors": null, "surge_class": 99, "surge_ft": 0.0, "flood_active": false, "exposure_score": 0.0, "exposure_category": "none"}, "geometry": {"type": "Polygon", "coordinates": [[[-90.0676429, 29.964199], [-90.0676797, 29.9642238], [-90.067783, 29.964107], [-90.0677462, 29.9640823], [-90.0676429, 29.964199]]]}}, {"id": "703", "type": "Feature", "properties": {"id": "e8c7ec27-4595-4211-851c-8c9f7f6c7280", "name": null, "subtype": null, "class": null, "height": 2.5714285373687744, "num_floors": null, "surge_class": 99, "surge_ft": 0.0, "flood_active": false, "exposure_score": 0.0, "exposure_category": "none"}, "geometry": {"type": "Polygon", "coordinates": [[[-90.0676137, 29.9644178], [-90.0676803, 29.9644623], [-90.067754, 29.9643787], [-90.0676874, 29.9643341], [-90.0676137, 29.9644178]]]}}, {"id": "704", "type": "Feature", "properties": {"id": "af8ea2d9-d1c1-46b3-b27d-4eccbbeb88c3", "name": null, "subtype": null, "class": null, "height": 5.89876127243042, "num_floors": null, "surge_class": 99, "surge_ft": 0.0, "flood_active": false, "exposure_score": 0.0, "exposure_category": "none"}, "geometry": {"type": "Polygon", "coordinates": [[[-90.0679497, 29.9643954], [-90.0680224, 29.9644437], [-90.0681161, 29.9643368], [-90.0680434, 29.9642885], [-90.0679497, 29.9643954]]]}}, {"id": "705", "type": "Feature", "properties": {"id": "6c52cad1-dc80-4668-82f9-201a9fd1f3fa", "name": "Treme Community Center", "subtype": "civic", "class": null, "height": 7.031889915466309, "num_floors": null, "surge_class": 99, "surge_ft": 0.0, "flood_active": false, "exposure_score": 0.0, "exposure_category": "none"}, "geometry": {"type": "Polygon", "coordinates": [[[-90.0693148, 29.9644494], [-90.0693304, 29.9644599], [-90.0693053, 29.9644878], [-90.0693025, 29.9644859], [-90.0691129, 29.9646965], [-90.0693877, 29.9648822], [-90.0694878, 29.9647711], [-90.0695756, 29.9648304], [-90.0696633, 29.9647331], [-90.0696576, 29.9647293], [-90.0696846, 29.9646993], [-90.0697021, 29.9647099], [-90.0697183, 29.9647128], [-90.0697373, 29.9647083], [-90.0697496, 29.9646987], [-90.0697561, 29.9646856], [-90.0697557, 29.9646713], [-90.0697485, 29.9646584], [-90.0697323, 29.9646463], [-90.0698732, 29.9644898], [-90.0695189, 29.9642505], [-90.0693781, 29.9644069], [-90.0693625, 29.9643964], [-90.0693469, 29.9643918], [-90.0693304, 29.9643932], [-90.0693137, 29.9644024], [-90.0693065, 29.964412], [-90.0693033, 29.9644261], [-90.0693058, 29.9644374], [-90.0693148, 29.9644494]]]}}, {"id": "706", "type": "Feature", "properties": {"id": "624bf927-c163-43f2-9aec-38e88948561f", "name": "Joseph A. Craig Elementary School", "subtype": "education", "class": null, "height": 10.657363891601562, "num_floors": null, "surge_class": 99, "surge_ft": 0.0, "flood_active": false, "exposure_score": 0.0, "exposure_category": "none"}, "geometry": {"type": "Polygon", "coordinates": [[[-90.0692604, 29.9651369], [-90.069255, 29.9651427], [-90.0690163, 29.9649771], [-90.0690241, 29.9649687], [-90.0689854, 29.9649418], [-90.0689782, 29.9649496], [-90.0688163, 29.9648373], [-90.0687556, 29.9649029], [-90.0687407, 29.9648926], [-90.0687495, 29.9648832], [-90.0687315, 29.9648707], [-90.0685938, 29.9650197], [-90.0686124, 29.9650326], [-90.068715, 29.9649216], [-90.0687261, 29.9649293], [-90.0686179, 29.9650463], [-90.0686434, 29.9650639], [-90.0686087, 29.9651014], [-90.0686614, 29.965138], [-90.0686959, 29.9651007], [-90.0687277, 29.9651228], [-90.0687617, 29.9650861], [-90.068783, 29.9651009], [-90.0687704, 29.9651145], [-90.068808, 29.9651406], [-90.0688217, 29.9651258], [-90.0688447, 29.9651417], [-90.0688251, 29.9651629], [-90.0689782, 29.9652691], [-90.0689551, 29.965294], [-90.0690338, 29.9653486], [-90.0690156, 29.9653682], [-90.0689981, 29.965356], [-90.0689296, 29.9654302], [-90.0690638, 29.9655233], [-90.0691199, 29.9654626], [-90.0691295, 29.9654693], [-90.0690983, 29.9655029], [-90.06915, 29.9655388], [-90.0691804, 29.965506], [-90.0691957, 29.9655166], [-90.0693389, 29.9653617], [-90.0693494, 29.9653691], [-90.0692622, 29.9654635], [-90.0692788, 29.965475], [-90.0694041, 29.9653395], [-90.069383, 29.9653249], [-90.0693742, 29.9653344], [-90.0693606, 29.965325], [-90.0694125, 29.9652689], [-90.0692748, 29.9651734], [-90.0692897, 29.9651572], [-90.0692604, 29.9651369]]]}}, {"id": "707", "type": "Feature", "properties": {"id": "0fb9a19d-6186-48b3-8b9b-ca78fe17aa67", "name": null, "subtype": null, "class": null, "height": null, "num_floors": null, "surge_class": 99, "surge_ft": 0.0, "flood_active": false, "exposure_score": 0.0, "exposure_category": "none"}, "geometry": {"type": "Polygon", "coordinates": [[[-90.0682823, 29.9649515], [-90.0683062, 29.9649226], [-90.0682322, 29.9648766], [-90.0682083, 29.9649054], [-90.0682823, 29.9649515]]]}}, {"id": "708", "type": "Feature", "properties": {"id": "ffdbae6b-a0f8-4c1c-8bd4-5a4639f61ae0", "name": null, "subtype": null, "class": null, "height": null, "num_floors": null, "surge_class": 99, "surge_ft": 0.0, "flood_active": false, "exposure_score": 0.0, "exposure_category": "none"}, "geometry": {"type": "Polygon", "coordinates": [[[-90.0684513, 29.9650182], [-90.0683286, 29.964937], [-90.0682955, 29.9649746], [-90.0684182, 29.9650558], [-90.0684513, 29.9650182]]]}}, {"id": "709", "type": "Feature", "properties": {"id": "230fd101-3251-47bb-8115-7eee457db709", "name": null, "subtype": null, "class": null, "height": null, "num_floors": null, "surge_class": 99, "surge_ft": 0.0, "flood_active": false, "exposure_score": 0.0, "exposure_category": "none"}, "geometry": {"type": "Polygon", "coordinates": [[[-90.0683273, 29.9651395], [-90.0683691, 29.9650933], [-90.0682186, 29.96499], [-90.0681564, 29.9650587], [-90.0681871, 29.9650798], [-90.0682059, 29.965059], [-90.0682673, 29.9651011], [-90.0682462, 29.9651244], [-90.0682955, 29.9651583], [-90.0683182, 29.9651332], [-90.0683273, 29.9651395]]]}}, {"id": "710", "type": "Feature", "properties": {"id": "89fb4c14-7b5b-4c9e-b0b3-ee1936873f0b", "name": null, "subtype": null, "class": null, "height": null, "num_floors": null, "surge_class": 99, "surge_ft": 0.0, "flood_active": false, "exposure_score": 0.0, "exposure_category": "none"}, "geometry": {"type": "Polygon", "coordinates": [[[-90.0681508, 29.9650587], [-90.0681043, 29.9651091], [-90.0682582, 29.9652168], [-90.0682882, 29.9651843], [-90.0681912, 29.9651164], [-90.0682078, 29.9650985], [-90.0681508, 29.9650587]]]}}, {"id": "711", "type": "Feature", "properties": {"id": "e19705aa-ca5f-432f-9a3b-453617137407", "name": null, "subtype": null, "class": null, "height": 3.054762840270996, "num_floors": null, "surge_class": 99, "surge_ft": 0.0, "flood_active": false, "exposure_score": 0.0, "exposure_category": "none"}, "geometry": {"type": "Polygon", "coordinates": [[[-90.0685296, 29.9651344], [-90.0683135, 29.9653741], [-90.0683483, 29.9653979], [-90.0685644, 29.9651581], [-90.0685296, 29.9651344]]]}}, {"id": "712", "type": "Feature", "properties": {"id": "20d16b3e-64af-4b8d-b5dd-e778a8a568b0", "name": null, "subtype": null, "class": null, "height": null, "num_floors": null, "surge_class": 99, "surge_ft": 0.0, "flood_active": false, "exposure_score": 0.0, "exposure_category": "none"}, "geometry": {"type": "Polygon", "coordinates": [[[-90.0681081, 29.9651182], [-90.0680753, 29.9651535], [-90.0682201, 29.9652554], [-90.0682528, 29.9652201], [-90.0681081, 29.9651182]]]}}, {"id": "713", "type": "Feature", "properties": {"id": "74af734a-b929-4341-b0c9-473708a33cc1", "name": null, "subtype": null, "class": null, "height": 4.857916831970215, "num_floors": null, "surge_class": 99, "surge_ft": 0.0, "flood_active": false, "exposure_score": 0.0, "exposure_category": "none"}, "geometry": {"type": "Polygon", "coordinates": [[[-90.0678553, 29.9652504], [-90.0679302, 29.9653016], [-90.0680961, 29.9651178], [-90.0680438, 29.965082], [-90.0680346, 29.9650923], [-90.068012, 29.9650768], [-90.0678553, 29.9652504]]]}}, {"id": "714", "type": "Feature", "properties": {"id": "99f530d8-0581-46fb-8b60-bd9b77536c45", "name": null, "subtype": null, "class": null, "height": 3.0223731994628906, "num_floors": null, "surge_class": 99, "surge_ft": 0.0, "flood_active": false, "exposure_score": 0.0, "exposure_category": "none"}, "geometry": {"type": "Polygon", "coordinates": [[[-90.0681096, 29.9652619], [-90.0680908, 29.9652491], [-90.0679822, 29.9653698], [-90.0680668, 29.9654275], [-90.0681499, 29.9653351], [-90.068141, 29.965329], [-90.0681654, 29.9653018], [-90.0681459, 29.9652886], [-90.0681571, 29.9652762], [-90.0681197, 29.9652507], [-90.0681096, 29.9652619]]]}}, {"id": "715", "type": "Feature", "properties": {"id": "a5457571-7743-45a2-9441-28fc87224417", "name": null, "subtype": null, "class": null, "height": null, "num_floors": null, "surge_class": 99, "surge_ft": 0.0, "flood_active": false, "exposure_score": 0.0, "exposure_category": "none"}, "geometry": {"type": "Polygon", "coordinates": [[[-90.0680494, 29.9652167], [-90.0680327, 29.9652054], [-90.0679211, 29.9653298], [-90.0679729, 29.965365], [-90.0680841, 29.9652409], [-90.06807, 29.9652313], [-90.0680868, 29.9652125], [-90.0680659, 29.9651984], [-90.0680494, 29.9652167]]]}}, {"id": "716", "type": "Feature", "properties": {"id": "c215d2ed-cc56-429f-b793-d71ffbe21f5f", "name": null, "subtype": null, "class": null, "height": null, "num_floors": null, "surge_class": 99, "surge_ft": 0.0, "flood_active": false, "exposure_score": 0.0, "exposure_category": "none"}, "geometry": {"type": "Polygon", "coordinates": [[[-90.067754, 29.9652135], [-90.0678227, 29.9652593], [-90.0679558, 29.9651082], [-90.0678715, 29.9650519], [-90.0678577, 29.9650676], [-90.0678501, 29.9650625], [-90.0677912, 29.9651294], [-90.0678128, 29.9651438], [-90.0678023, 29.9651557], [-90.0677732, 29.9651363], [-90.0677306, 29.9651846], [-90.0677614, 29.9652052], [-90.067754, 29.9652135]]]}}, {"id": "717", "type": "Feature", "properties": {"id": "d83f4ff1-69ee-46b4-a942-3c199a2e46ef", "name": null, "subtype": null, "class": null, "height": null, "num_floors": null, "surge_class": 99, "surge_ft": 0.0, "flood_active": false, "exposure_score": 0.0, "exposure_category": "none"}, "geometry": {"type": "Polygon", "coordinates": [[[-90.0679206, 29.9649539], [-90.0678769, 29.9649251], [-90.0676795, 29.9651521], [-90.0677232, 29.9651809], [-90.0679206, 29.9649539]]]}}, {"id": "718", "type": "Feature", "properties": {"id": "a991e330-1a77-4d84-91ad-91f48adb00cb", "name": null, "subtype": null, "class": null, "height": null, "num_floors": null, "surge_class": 99, "surge_ft": 0.0, "flood_active": false, "exposure_score": 0.0, "exposure_category": "none"}, "geometry": {"type": "Polygon", "coordinates": [[[-90.0680939, 29.9651129], [-90.0681565, 29.9650463], [-90.0681172, 29.9650183], [-90.0680547, 29.965085], [-90.0680939, 29.9651129]]]}}, {"id": "719", "type": "Feature", "properties": {"id": "d2593ff2-9f71-4cf1-bb8d-671b7265bcf4", "name": null, "subtype": null, "class": null, "height": null, "num_floors": null, "surge_class": 99, "surge_ft": 0.0, "flood_active": false, "exposure_score": 0.0, "exposure_category": "none"}, "geometry": {"type": "Polygon", "coordinates": [[[-90.0676349, 29.9651019], [-90.0676793, 29.9651304], [-90.0678386, 29.964942], [-90.0677835, 29.9649066], [-90.0677416, 29.9649562], [-90.0677523, 29.964963], [-90.0676349, 29.9651019]]]}}, {"id": "720", "type": "Feature", "properties": {"id": "704d4f0f-9ada-4de8-b003-11fc4dddab56", "name": null, "subtype": null, "class": null, "height": null, "num_floors": null, "surge_class": 99, "surge_ft": 0.0, "flood_active": false, "exposure_score": 0.0, "exposure_category": "none"}, "geometry": {"type": "Polygon", "coordinates": [[[-90.0676939, 29.964821], [-90.0676732, 29.9648436], [-90.0677683, 29.9649095], [-90.067789, 29.9648869], [-90.0676939, 29.964821]]]}}, {"id": "721", "type": "Feature", "properties": {"id": "b29eb97c-2469-4f27-960e-bcf475057397", "name": null, "subtype": null, "class": null, "height": null, "num_floors": null, "surge_class": 99, "surge_ft": 0.0, "flood_active": false, "exposure_score": 0.0, "exposure_category": "none"}, "geometry": {"type": "Polygon", "coordinates": [[[-90.067858, 29.9649342], [-90.0679145, 29.9648614], [-90.0678856, 29.9648444], [-90.0678292, 29.9649173], [-90.067858, 29.9649342]]]}}, {"id": "722", "type": "Feature", "properties": {"id": "64806389-7e39-445d-8833-c70ec02311b6", "name": null, "subtype": null, "class": null, "height": 3.659475564956665, "num_floors": null, "surge_class": 99, "surge_ft": 0.0, "flood_active": false, "exposure_score": 0.0, "exposure_category": "none"}, "geometry": {"type": "Polygon", "coordinates": [[[-90.0678412, 29.9648401], [-90.0678518, 29.9648286], [-90.0676653, 29.9646977], [-90.0676108, 29.9647566], [-90.0677978, 29.9648877], [-90.067809, 29.9648757], [-90.0678303, 29.9648907], [-90.067863, 29.9648554], [-90.0678412, 29.9648401]]]}}, {"id": "723", "type": "Feature", "properties": {"id": "bf17a5a3-8018-47c9-b655-396b6e174823", "name": null, "subtype": null, "class": null, "height": 4.0178327560424805, "num_floors": null, "surge_class": 99, "surge_ft": 0.0, "flood_active": false, "exposure_score": 0.0, "exposure_category": "none"}, "geometry": {"type": "Polygon", "coordinates": [[[-90.0677037, 29.9646582], [-90.0676737, 29.9646907], [-90.0678558, 29.9648186], [-90.0678951, 29.9647762], [-90.0678654, 29.9647553], [-90.0678561, 29.9647653], [-90.0677037, 29.9646582]]]}}, {"id": "724", "type": "Feature", "properties": {"id": "ae646a2b-f8bd-44f0-a3a2-7211f0640621", "name": null, "subtype": null, "class": null, "height": null, "num_floors": null, "surge_class": 99, "surge_ft": 0.0, "flood_active": false, "exposure_score": 0.0, "exposure_category": "none"}, "geometry": {"type": "Polygon", "coordinates": [[[-90.0677878, 29.9645945], [-90.0677405, 29.9646471], [-90.0679673, 29.9648018], [-90.0679978, 29.9647679], [-90.0678981, 29.9646999], [-90.0679149, 29.9646813], [-90.0677878, 29.9645945]]]}}, {"id": "725", "type": "Feature", "properties": {"id": "7e63aff9-4fdb-4631-be4c-d0c0d2d410a3", "name": null, "subtype": null, "class": null, "height": null, "num_floors": null, "surge_class": 99, "surge_ft": 0.0, "flood_active": false, "exposure_score": 0.0, "exposure_category": "none"}, "geometry": {"type": "Polygon", "coordinates": [[[-90.0679784, 29.9646574], [-90.0679486, 29.96469], [-90.0680194, 29.964739], [-90.0680492, 29.9647063], [-90.0679784, 29.9646574]]]}}, {"id": "726", "type": "Feature", "properties": {"id": "77d9f46a-5ab6-4163-a42c-47a21579a500", "name": null, "subtype": null, "class": null, "height": null, "num_floors": null, "surge_class": 99, "surge_ft": 0.0, "flood_active": false, "exposure_score": 0.0, "exposure_category": "none"}, "geometry": {"type": "Polygon", "coordinates": [[[-90.067977, 29.9648543], [-90.0679507, 29.9648798], [-90.0679833, 29.9649052], [-90.0680096, 29.9648796], [-90.067977, 29.9648543]]]}}, {"id": "727", "type": "Feature", "properties": {"id": "026e1669-8e08-4471-b79d-045a4fc7a3a3", "name": null, "subtype": null, "class": null, "height": null, "num_floors": null, "surge_class": 99, "surge_ft": 0.0, "flood_active": false, "exposure_score": 0.0, "exposure_category": "none"}, "geometry": {"type": "Polygon", "coordinates": [[[-90.0679163, 29.9649396], [-90.067952, 29.9648993], [-90.067916, 29.9648752], [-90.0678804, 29.9649154], [-90.0679163, 29.9649396]]]}}, {"id": "728", "type": "Feature", "properties": {"id": "fc6cc1e4-2042-49cd-85dd-7616c766d819", "name": null, "subtype": null, "class": null, "height": null, "num_floors": null, "surge_class": 99, "surge_ft": 0.0, "flood_active": false, "exposure_score": 0.0, "exposure_category": "none"}, "geometry": {"type": "Polygon", "coordinates": [[[-90.0684995, 29.9649369], [-90.0684161, 29.9648799], [-90.0684902, 29.9647978], [-90.0684639, 29.9647799], [-90.068458, 29.9647865], [-90.0684177, 29.9647589], [-90.0683448, 29.9648397], [-90.0683986, 29.9648766], [-90.068339, 29.9649427], [-90.0684358, 29.9650072], [-90.0684995, 29.9649369]]]}}, {"id": "729", "type": "Feature", "properties": {"id": "06a3bc1c-8f4c-40f8-adba-26ff0029334f", "name": null, "subtype": null, "class": null, "height": 5.192626476287842, "num_floors": null, "surge_class": 99, "surge_ft": 0.0, "flood_active": false, "exposure_score": 0.0, "exposure_category": "none"}, "geometry": {"type": "Polygon", "coordinates": [[[-90.0686933, 29.9647322], [-90.0686062, 29.9646739], [-90.0684715, 29.9648265], [-90.06852, 29.9648589], [-90.06853, 29.9648475], [-90.0685667, 29.9648721], [-90.0686116, 29.9648211], [-90.0686137, 29.9648224], [-90.0686933, 29.9647322]]]}}, {"id": "730", "type": "Feature", "properties": {"id": "515b0a7b-d34f-4754-9625-06db52a08eb2", "name": null, "subtype": null, "class": null, "height": 6.4281511306762695, "num_floors": null, "surge_class": 99, "surge_ft": 0.0, "flood_active": false, "exposure_score": 0.0, "exposure_category": "none"}, "geometry": {"type": "Polygon", "coordinates": [[[-90.0686041, 29.9646742], [-90.0685311, 29.9646241], [-90.0684236, 29.9647429], [-90.0684966, 29.964793], [-90.0686041, 29.9646742]]]}}, {"id": "731", "type": "Feature", "properties": {"id": "56dbde53-5fd4-46a4-93ec-1e18fd22dedd", "name": null, "subtype": null, "class": null, "height": 3.740556240081787, "num_floors": null, "surge_class": 99, "surge_ft": 0.0, "flood_active": false, "exposure_score": 0.0, "exposure_category": "none"}, "geometry": {"type": "Polygon", "coordinates": [[[-90.0683743, 29.9645629], [-90.0683453, 29.9645431], [-90.0681544, 29.9647554], [-90.0682218, 29.9648014], [-90.068412, 29.9645898], [-90.0683851, 29.9645714], [-90.0683819, 29.9645749], [-90.0683705, 29.9645671], [-90.0683743, 29.9645629]]]}}, {"id": "732", "type": "Feature", "properties": {"id": "217ffdbd-0be8-4598-a484-73d6997d0b7b", "name": null, "subtype": null, "class": null, "height": 4.621601581573486, "num_floors": null, "surge_class": 99, "surge_ft": 0.0, "flood_active": false, "exposure_score": 0.0, "exposure_category": "none"}, "geometry": {"type": "Polygon", "coordinates": [[[-90.0683588, 29.9645035], [-90.0682915, 29.9644578], [-90.0680839, 29.9646893], [-90.0681506, 29.9647347], [-90.0682237, 29.9646532], [-90.0682292, 29.964657], [-90.0682596, 29.9646231], [-90.0682546, 29.9646196], [-90.0683588, 29.9645035]]]}}, {"id": "733", "type": "Feature", "properties": {"id": "e8b65cc4-0af2-4390-9b4c-65716d99a525", "name": null, "subtype": null, "class": null, "height": 3.8881988525390625, "num_floors": null, "surge_class": 99, "surge_ft": 0.0, "flood_active": false, "exposure_score": 0.0, "exposure_category": "none"}, "geometry": {"type": "Polygon", "coordinates": [[[-90.06793, 29.9646039], [-90.0679825, 29.9646401], [-90.068194, 29.9644078], [-90.0681528, 29.9643793], [-90.0681481, 29.9643845], [-90.0681368, 29.9643767], [-90.06793, 29.9646039]]]}}, {"id": "734", "type": "Feature", "properties": {"id": "6b27475d-b370-4671-9c4a-c6f72d037f61", "name": null, "subtype": null, "class": null, "height": 3.7754056453704834, "num_floors": null, "surge_class": 99, "surge_ft": 0.0, "flood_active": false, "exposure_score": 0.0, "exposure_category": "none"}, "geometry": {"type": "Polygon", "coordinates": [[[-90.0678944, 29.9644449], [-90.0678613, 29.9644833], [-90.0679492, 29.9645406], [-90.0680044, 29.9644763], [-90.0679706, 29.9644543], [-90.0679484, 29.9644802], [-90.0678944, 29.9644449]]]}}, {"id": "735", "type": "Feature", "properties": {"id": "a63475d1-fb0f-4c79-8a1d-148accd55cd9", "name": null, "subtype": null, "class": null, "height": 4.2093186378479, "num_floors": null, "surge_class": 99, "surge_ft": 0.0, "flood_active": false, "exposure_score": 0.0, "exposure_category": "none"}, "geometry": {"type": "Polygon", "coordinates": [[[-90.068281, 29.9644472], [-90.0682117, 29.9643998], [-90.068023, 29.9646091], [-90.0680872, 29.964653], [-90.0681124, 29.9646251], [-90.0681174, 29.9646285], [-90.068281, 29.9644472]]]}}, {"id": "736", "type": "Feature", "properties": {"id": "1e37415e-4c8f-4113-97be-99ff2e71b8a5", "name": null, "subtype": null, "class": null, "height": 4.565384387969971, "num_floors": null, "surge_class": 99, "surge_ft": 0.0, "flood_active": false, "exposure_score": 0.0, "exposure_category": "none"}, "geometry": {"type": "Polygon", "coordinates": [[[-90.0678324, 29.9645152], [-90.0677871, 29.9645663], [-90.0678761, 29.9646262], [-90.0679404, 29.9645537], [-90.067912, 29.9645347], [-90.0678994, 29.9645489], [-90.0678794, 29.9645354], [-90.067873, 29.9645426], [-90.0678324, 29.9645152]]]}}, {"id": "737", "type": "Feature", "properties": {"id": "d95d0e31-d271-46e4-b841-686e229c553d", "name": null, "subtype": null, "class": null, "height": 5.245736122131348, "num_floors": null, "surge_class": 99, "surge_ft": 0.0, "flood_active": false, "exposure_score": 0.0, "exposure_category": "none"}, "geometry": {"type": "Polygon", "coordinates": [[[-90.0674913, 29.9644478], [-90.0674292, 29.9645173], [-90.0675596, 29.9646056], [-90.0676217, 29.9645361], [-90.0674913, 29.9644478]]]}}, {"id": "738", "type": "Feature", "properties": {"id": "5d6dfa82-ab31-47bf-9e1f-545f563488bf", "name": null, "subtype": null, "class": null, "height": null, "num_floors": null, "surge_class": 99, "surge_ft": 0.0, "flood_active": false, "exposure_score": 0.0, "exposure_category": "none"}, "geometry": {"type": "Polygon", "coordinates": [[[-90.0674045, 29.9645621], [-90.0673625, 29.9646096], [-90.0674845, 29.9646912], [-90.0675416, 29.9646265], [-90.0674348, 29.9645551], [-90.0674197, 29.9645722], [-90.0674045, 29.9645621]]]}}, {"id": "739", "type": "Feature", "properties": {"id": "87567beb-1062-439d-8456-98b9a8f26b6a", "name": null, "subtype": null, "class": null, "height": null, "num_floors": null, "surge_class": 99, "surge_ft": 0.0, "flood_active": false, "exposure_score": 0.0, "exposure_category": "none"}, "geometry": {"type": "Polygon", "coordinates": [[[-90.0672006, 29.9646348], [-90.0671939, 29.9646303], [-90.0670861, 29.9647509], [-90.0671538, 29.9647968], [-90.0672597, 29.9646782], [-90.0672533, 29.9646738], [-90.0673372, 29.9645798], [-90.0672827, 29.9645429], [-90.0672006, 29.9646348]]]}}, {"id": "740", "type": "Feature", "properties": {"id": "a8a86bb5-f4cc-41d1-833c-71209ae8050f", "name": null, "subtype": null, "class": null, "height": null, "num_floors": null, "surge_class": 99, "surge_ft": 0.0, "flood_active": false, "exposure_score": 0.0, "exposure_category": "none"}, "geometry": {"type": "Polygon", "coordinates": [[[-90.0670391, 29.96459], [-90.0670604, 29.9645665], [-90.0670228, 29.9645407], [-90.0670015, 29.9645642], [-90.0670391, 29.96459]]]}}, {"id": "741", "type": "Feature", "properties": {"id": "f40bb523-941e-4d0f-bcf3-7c78cc78e6ca", "name": null, "subtype": null, "class": null, "height": null, "num_floors": null, "surge_class": 99, "surge_ft": 0.0, "flood_active": false, "exposure_score": 0.0, "exposure_category": "none"}, "geometry": {"type": "Polygon", "coordinates": [[[-90.0669395, 29.9645781], [-90.0669986, 29.9645145], [-90.0668817, 29.9644321], [-90.0668594, 29.9644561], [-90.0668538, 29.9644522], [-90.0667915, 29.9645192], [-90.0667982, 29.9645239], [-90.0667943, 29.9645281], [-90.0668834, 29.964591], [-90.0669129, 29.9645593], [-90.0669395, 29.9645781]]]}}, {"id": "742", "type": "Feature", "properties": {"id": "e5984bf9-8e60-4a11-85be-a99d99623cb7", "name": null, "subtype": null, "class": null, "height": null, "num_floors": null, "surge_class": 99, "surge_ft": 0.0, "flood_active": false, "exposure_score": 0.0, "exposure_category": "none"}, "geometry": {"type": "Polygon", "coordinates": [[[-90.0670299, 29.9647134], [-90.0670809, 29.9647482], [-90.0672376, 29.9645742], [-90.0671866, 29.9645394], [-90.0670299, 29.9647134]]]}}, {"id": "743", "type": "Feature", "properties": {"id": "ef45c977-87b1-4033-b5da-3d74e84a10cb", "name": null, "subtype": null, "class": null, "height": null, "num_floors": null, "surge_class": 99, "surge_ft": 0.0, "flood_active": false, "exposure_score": 0.0, "exposure_category": "none"}, "geometry": {"type": "Polygon", "coordinates": [[[-90.0669863, 29.9645938], [-90.0669372, 29.9646467], [-90.0670132, 29.9647002], [-90.0670502, 29.9646603], [-90.0670596, 29.9646669], [-90.0671203, 29.9646015], [-90.0670798, 29.964573], [-90.0670472, 29.964608], [-90.0670394, 29.9646025], [-90.0670233, 29.9646199], [-90.0669863, 29.9645938]]]}}, {"id": "744", "type": "Feature", "properties": {"id": "3839f210-706a-447d-93a1-083901a901dd", "name": null, "subtype": null, "class": null, "height": 4.761518478393555, "num_floors": null, "surge_class": 99, "surge_ft": 0.0, "flood_active": false, "exposure_score": 0.0, "exposure_category": "none"}, "geometry": {"type": "Polygon", "coordinates": [[[-90.0665719, 29.9648324], [-90.066722, 29.9646697], [-90.0666511, 29.9646201], [-90.0665011, 29.9647829], [-90.0665719, 29.9648324]]]}}, {"id": "745", "type": "Feature", "properties": {"id": "bd118ca6-23ef-47d1-a0c0-3853305db814", "name": null, "subtype": null, "class": null, "height": 4.726226806640625, "num_floors": null, "surge_class": 99, "surge_ft": 0.0, "flood_active": false, "exposure_score": 0.0, "exposure_category": "none"}, "geometry": {"type": "Polygon", "coordinates": [[[-90.0668228, 29.964734], [-90.0667545, 29.9646862], [-90.0666021, 29.9648514], [-90.0666704, 29.9648992], [-90.0668228, 29.964734]]]}}, {"id": "746", "type": "Feature", "properties": {"id": "05f00f53-4e32-4c40-943c-4982616c945b", "name": null, "subtype": null, "class": null, "height": 4.715365886688232, "num_floors": null, "surge_class": 99, "surge_ft": 0.0, "flood_active": false, "exposure_score": 0.0, "exposure_category": "none"}, "geometry": {"type": "Polygon", "coordinates": [[[-90.0667702, 29.9649687], [-90.0669203, 29.9648029], [-90.066851, 29.9647553], [-90.0667009, 29.9649211], [-90.0667702, 29.9649687]]]}}, {"id": "747", "type": "Feature", "properties": {"id": "d523f82a-23af-4d2a-b407-47308d0b67fb", "name": null, "subtype": null, "class": null, "height": null, "num_floors": null, "surge_class": 99, "surge_ft": 0.0, "flood_active": false, "exposure_score": 0.0, "exposure_category": "none"}, "geometry": {"type": "Polygon", "coordinates": [[[-90.0671617, 29.9648032], [-90.0672005, 29.9648299], [-90.0673391, 29.9646773], [-90.0673003, 29.9646505], [-90.0671617, 29.9648032]]]}}, {"id": "748", "type": "Feature", "properties": {"id": "2ccc9d4d-eae7-4794-9ecb-48ae38ad7616", "name": null, "subtype": null, "class": null, "height": 3.9022810459136963, "num_floors": null, "surge_class": 99, "surge_ft": 0.0, "flood_active": false, "exposure_score": 0.0, "exposure_category": "none"}, "geometry": {"type": "Polygon", "coordinates": [[[-90.0672175, 29.9648313], [-90.0672988, 29.9648865], [-90.067444, 29.9647243], [-90.0674219, 29.9647093], [-90.0674367, 29.9646928], [-90.0673995, 29.9646676], [-90.0673859, 29.9646829], [-90.0673638, 29.9646679], [-90.0672175, 29.9648313]]]}}, {"id": "749", "type": "Feature", "properties": {"id": "ee9704dd-4614-423e-836c-988861eb2005", "name": null, "subtype": null, "class": null, "height": 6.116920471191406, "num_floors": null, "surge_class": 99, "surge_ft": 0.0, "flood_active": false, "exposure_score": 0.0, "exposure_category": "none"}, "geometry": {"type": "Polygon", "coordinates": [[[-90.067425, 29.964977], [-90.0675036, 29.9650305], [-90.0676566, 29.9648601], [-90.0675779, 29.9648066], [-90.067425, 29.964977]]]}}, {"id": "750", "type": "Feature", "properties": {"id": "0b007769-7a4e-4b5f-b999-eb1ac8d307e3", "name": null, "subtype": null, "class": null, "height": null, "num_floors": null, "surge_class": 99, "surge_ft": 0.0, "flood_active": false, "exposure_score": 0.0, "exposure_category": "none"}, "geometry": {"type": "Polygon", "coordinates": [[[-90.0675147, 29.9650485], [-90.0675911, 29.9651012], [-90.067728, 29.9649509], [-90.0676516, 29.9648982], [-90.0675147, 29.9650485]]]}}, {"id": "751", "type": "Feature", "properties": {"id": "9e6ae33e-6160-44ae-a7cb-165853286ac7", "name": null, "subtype": null, "class": null, "height": null, "num_floors": null, "surge_class": 99, "surge_ft": 0.0, "flood_active": false, "exposure_score": 0.0, "exposure_category": "none"}, "geometry": {"type": "Polygon", "coordinates": [[[-90.0671263, 29.9650833], [-90.0672048, 29.9649987], [-90.0671351, 29.9649497], [-90.0670566, 29.9650342], [-90.0671263, 29.9650833]]]}}, {"id": "752", "type": "Feature", "properties": {"id": "da417902-589b-46fa-869c-dbb974dca986", "name": null, "subtype": null, "class": null, "height": null, "num_floors": null, "surge_class": 99, "surge_ft": 0.0, "flood_active": false, "exposure_score": 0.0, "exposure_category": "none"}, "geometry": {"type": "Polygon", "coordinates": [[[-90.0676461, 29.9652976], [-90.0675912, 29.9652606], [-90.0674692, 29.9653979], [-90.067524, 29.9654349], [-90.0676461, 29.9652976]]]}}, {"id": "753", "type": "Feature", "properties": {"id": "9ab3100b-2aa6-4221-a530-733561c48f34", "name": null, "subtype": null, "class": null, "height": 3.2298593521118164, "num_floors": null, "surge_class": 99, "surge_ft": 0.0, "flood_active": false, "exposure_score": 0.0, "exposure_category": "none"}, "geometry": {"type": "Polygon", "coordinates": [[[-90.0674002, 29.9654105], [-90.0674131, 29.965419], [-90.0675617, 29.9652492], [-90.0674928, 29.9652036], [-90.0673453, 29.9653721], [-90.0673578, 29.9653804], [-90.0673392, 29.9654016], [-90.0673827, 29.9654305], [-90.0674002, 29.9654105]]]}}, {"id": "754", "type": "Feature", "properties": {"id": "220dd9b2-4177-40d9-b4eb-114f95891d8b", "name": null, "subtype": null, "class": null, "height": null, "num_floors": null, "surge_class": 99, "surge_ft": 0.0, "flood_active": false, "exposure_score": 0.0, "exposure_category": "none"}, "geometry": {"type": "Polygon", "coordinates": [[[-90.0671928, 29.9652253], [-90.0671588, 29.9652636], [-90.0672444, 29.9653211], [-90.0672784, 29.9652828], [-90.0671928, 29.9652253]]]}}, {"id": "755", "type": "Feature", "properties": {"id": "60d06c02-45a2-494d-aa00-50be06231026", "name": null, "subtype": null, "class": null, "height": 2.9267334938049316, "num_floors": null, "surge_class": 99, "surge_ft": 0.0, "flood_active": false, "exposure_score": 0.0, "exposure_category": "none"}, "geometry": {"type": "Polygon", "coordinates": [[[-90.0674866, 29.9651883], [-90.0674148, 29.9651403], [-90.0672843, 29.9652886], [-90.0673561, 29.9653365], [-90.0674866, 29.9651883]]]}}, {"id": "756", "type": "Feature", "properties": {"id": "1193035a-612c-468d-ae03-1f07ac3764bd", "name": null, "subtype": null, "class": null, "height": null, "num_floors": null, "surge_class": 99, "surge_ft": 0.0, "flood_active": false, "exposure_score": 0.0, "exposure_category": "none"}, "geometry": {"type": "Polygon", "coordinates": [[[-90.0673995, 29.9651346], [-90.0673282, 29.9650851], [-90.0672124, 29.9652114], [-90.0672152, 29.9652134], [-90.0672039, 29.9652256], [-90.0672726, 29.9652734], [-90.0672846, 29.9652603], [-90.0672844, 29.9652601], [-90.0673995, 29.9651346]]]}}, {"id": "757", "type": "Feature", "properties": {"id": "2b0042bd-bc26-491f-b15e-c841af6ba487", "name": null, "subtype": null, "class": null, "height": null, "num_floors": null, "surge_class": 99, "surge_ft": 0.0, "flood_active": false, "exposure_score": 0.0, "exposure_category": "none"}, "geometry": {"type": "Polygon", "coordinates": [[[-90.0669275, 29.9651653], [-90.0669118, 29.9651822], [-90.0669958, 29.9652411], [-90.0670554, 29.9651765], [-90.0669852, 29.9651274], [-90.0669413, 29.965175], [-90.0669275, 29.9651653]]]}}, {"id": "758", "type": "Feature", "properties": {"id": "7bcffd77-990d-43d7-acd8-d3be6e413a21", "name": null, "subtype": null, "class": null, "height": null, "num_floors": null, "surge_class": 99, "surge_ft": 0.0, "flood_active": false, "exposure_score": 0.0, "exposure_category": "none"}, "geometry": {"type": "Polygon", "coordinates": [[[-90.0668724, 29.9651729], [-90.0668202, 29.9652303], [-90.0669335, 29.9653084], [-90.0669858, 29.965251], [-90.0668724, 29.9651729]]]}}, {"id": "759", "type": "Feature", "properties": {"id": "2bb62fd1-982e-42f9-b714-41fa84f20596", "name": null, "subtype": null, "class": null, "height": null, "num_floors": null, "surge_class": 99, "surge_ft": 0.0, "flood_active": false, "exposure_score": 0.0, "exposure_category": "none"}, "geometry": {"type": "Polygon", "coordinates": [[[-90.0670678, 29.9650526], [-90.0670507, 29.9650412], [-90.0669923, 29.9651074], [-90.067066, 29.9651567], [-90.0671201, 29.9650954], [-90.0670635, 29.9650575], [-90.0670678, 29.9650526]]]}}, {"id": "760", "type": "Feature", "properties": {"id": "e15ad7ea-7e39-41be-a28b-0d4748880669", "name": null, "subtype": null, "class": null, "height": 4.45638370513916, "num_floors": null, "surge_class": 99, "surge_ft": 0.0, "flood_active": false, "exposure_score": 0.0, "exposure_category": "none"}, "geometry": {"type": "Polygon", "coordinates": [[[-90.0668482, 29.9650694], [-90.0668904, 29.9650979], [-90.0670683, 29.9648978], [-90.0670115, 29.9648596], [-90.0668788, 29.9650088], [-90.0668934, 29.9650186], [-90.0668482, 29.9650694]]]}}, {"id": "761", "type": "Feature", "properties": {"id": "86b9a680-3328-4a26-88a7-932a8a98bc46", "name": null, "subtype": null, "class": null, "height": null, "num_floors": null, "surge_class": 99, "surge_ft": 0.0, "flood_active": false, "exposure_score": 0.0, "exposure_category": "none"}, "geometry": {"type": "Polygon", "coordinates": [[[-90.0670056, 29.9650835], [-90.0671294, 29.9649409], [-90.0670767, 29.9649062], [-90.0669529, 29.9650488], [-90.0670056, 29.9650835]]]}}, {"id": "762", "type": "Feature", "properties": {"id": "8ac7e7b7-ab3b-4fdf-ba82-f72f03c03e99", "name": null, "subtype": null, "class": null, "height": null, "num_floors": null, "surge_class": 99, "surge_ft": 0.0, "flood_active": false, "exposure_score": 0.0, "exposure_category": "none"}, "geometry": {"type": "Polygon", "coordinates": [[[-90.0667475, 29.965055], [-90.0667903, 29.9650845], [-90.0669796, 29.9648761], [-90.0669227, 29.9648369], [-90.0667587, 29.9650174], [-90.0667728, 29.9650272], [-90.0667475, 29.965055]]]}}, {"id": "763", "type": "Feature", "properties": {"id": "7718b770-cff2-4dbc-91f9-ec4459660ec1", "name": null, "subtype": null, "class": null, "height": null, "num_floors": null, "surge_class": 99, "surge_ft": 0.0, "flood_active": false, "exposure_score": 0.0, "exposure_category": "none"}, "geometry": {"type": "Polygon", "coordinates": [[[-90.0655299, 29.9653169], [-90.0655777, 29.9653534], [-90.0656622, 29.9652695], [-90.0655959, 29.9652189], [-90.0655174, 29.9652969], [-90.0655052, 29.9652875], [-90.0654728, 29.9653197], [-90.0655035, 29.9653432], [-90.0655299, 29.9653169]]]}}, {"id": "764", "type": "Feature", "properties": {"id": "35dd61aa-3b94-46c9-b33d-efe090adb6a9", "name": null, "subtype": null, "class": null, "height": null, "num_floors": null, "surge_class": 99, "surge_ft": 0.0, "flood_active": false, "exposure_score": 0.0, "exposure_category": "none"}, "geometry": {"type": "Polygon", "coordinates": [[[-90.0657761, 29.9649633], [-90.0657973, 29.9649801], [-90.0656924, 29.96508], [-90.0657673, 29.9651396], [-90.0658152, 29.965094], [-90.0658254, 29.9651022], [-90.0658647, 29.9650647], [-90.0658567, 29.9650584], [-90.0659088, 29.9650087], [-90.0658641, 29.9649731], [-90.0658782, 29.9649597], [-90.0658467, 29.9649346], [-90.0658337, 29.964947], [-90.0658116, 29.9649295], [-90.0658059, 29.9649368], [-90.0657761, 29.9649633]]]}}, {"id": "765", "type": "Feature", "properties": {"id": "4307c974-4b23-49b9-9e57-9ac4f93fad49", "name": null, "subtype": null, "class": null, "height": null, "num_floors": null, "surge_class": 99, "surge_ft": 0.0, "flood_active": false, "exposure_score": 0.0, "exposure_category": "none"}, "geometry": {"type": "Polygon", "coordinates": [[[-90.0658059, 29.9649368], [-90.0657431, 29.964884], [-90.0655974, 29.9650151], [-90.0656602, 29.9650679], [-90.0657761, 29.9649633], [-90.0658059, 29.9649368]]]}}, {"id": "766", "type": "Feature", "properties": {"id": "4a07bf85-078e-4427-aeb3-884e3bbce322", "name": null, "subtype": null, "class": null, "height": null, "num_floors": null, "surge_class": 99, "surge_ft": 0.0, "flood_active": false, "exposure_score": 0.0, "exposure_category": "none"}, "geometry": {"type": "Polygon", "coordinates": [[[-90.0655331, 29.9649565], [-90.0655998, 29.9650095], [-90.0657593, 29.9648571], [-90.0656925, 29.9648042], [-90.0655331, 29.9649565]]]}}, {"id": "767", "type": "Feature", "properties": {"id": "4fa8b48b-1644-48e0-a3cd-1199258422fe", "name": null, "subtype": null, "class": null, "height": null, "num_floors": null, "surge_class": 99, "surge_ft": 0.0, "flood_active": false, "exposure_score": 0.0, "exposure_category": "none"}, "geometry": {"type": "Polygon", "coordinates": [[[-90.0654462, 29.9648903], [-90.0655181, 29.9649468], [-90.0657999, 29.9646749], [-90.065728, 29.9646184], [-90.0654462, 29.9648903]]]}}, {"id": "768", "type": "Feature", "properties": {"id": "c53c0aaf-6af1-4d21-83b1-a7ce739ef49c", "name": null, "subtype": null, "class": null, "height": null, "num_floors": null, "surge_class": 99, "surge_ft": 0.0, "flood_active": false, "exposure_score": 0.0, "exposure_category": "none"}, "geometry": {"type": "Polygon", "coordinates": [[[-90.0660828, 29.9648095], [-90.0661099, 29.9647811], [-90.0659605, 29.9646729], [-90.0659284, 29.9647065], [-90.0659811, 29.9647448], [-90.0659691, 29.9647574], [-90.066016, 29.9647914], [-90.0660332, 29.9647735], [-90.0660828, 29.9648095]]]}}, {"id": "769", "type": "Feature", "properties": {"id": "73870b4b-590c-408c-b58e-b85d5020f208", "name": null, "subtype": null, "class": null, "height": 4.334568500518799, "num_floors": null, "surge_class": 99, "surge_ft": 0.0, "flood_active": false, "exposure_score": 0.0, "exposure_category": "none"}, "geometry": {"type": "Polygon", "coordinates": [[[-90.0660249, 29.9648897], [-90.0660693, 29.9648365], [-90.065905, 29.9647324], [-90.0658606, 29.9647856], [-90.0660249, 29.9648897]]]}}, {"id": "770", "type": "Feature", "properties": {"id": "2e196548-b4a3-43a4-ab5c-0f2cb6da8232", "name": null, "subtype": null, "class": null, "height": 4.981655120849609, "num_floors": null, "surge_class": 99, "surge_ft": 0.0, "flood_active": false, "exposure_score": 0.0, "exposure_category": "none"}, "geometry": {"type": "Polygon", "coordinates": [[[-90.0659601, 29.9649595], [-90.066009, 29.9649012], [-90.0658466, 29.9647979], [-90.0658045, 29.9648481], [-90.0658837, 29.9648984], [-90.0658769, 29.9649066], [-90.0659601, 29.9649595]]]}}, {"id": "771", "type": "Feature", "properties": {"id": "2770a5ed-0185-48c9-976d-a687e5b4893e", "name": null, "subtype": null, "class": null, "height": 4.378417491912842, "num_floors": null, "surge_class": 99, "surge_ft": 0.0, "flood_active": false, "exposure_score": 0.0, "exposure_category": "none"}, "geometry": {"type": "Polygon", "coordinates": [[[-90.0661628, 29.9647237], [-90.0661935, 29.9646887], [-90.0660347, 29.9645829], [-90.0659728, 29.9646534], [-90.065997, 29.9646695], [-90.0659865, 29.9646814], [-90.0660139, 29.9646997], [-90.0660218, 29.9646908], [-90.0660893, 29.9647358], [-90.0660924, 29.9647322], [-90.0661242, 29.9647534], [-90.0661549, 29.9647184], [-90.0661628, 29.9647237]]]}}, {"id": "772", "type": "Feature", "properties": {"id": "9e6f76d4-80dd-4ba8-b165-c4c706b67c94", "name": "Backstreet Cultural Museum", "subtype": "entertainment", "class": null, "height": 4.63728141784668, "num_floors": null, "surge_class": 99, "surge_ft": 0.0, "flood_active": false, "exposure_score": 0.0, "exposure_category": "none"}, "geometry": {"type": "Polygon", "coordinates": [[[-90.0661035, 29.964615], [-90.0662063, 29.9646849], [-90.0663091, 29.9645702], [-90.0662061, 29.9645002], [-90.0661707, 29.9645397], [-90.0661443, 29.9645217], [-90.0661296, 29.9645382], [-90.0660846, 29.9645076], [-90.0660307, 29.9645677], [-90.0660733, 29.9645966], [-90.0661109, 29.9645547], [-90.0661225, 29.9645626], [-90.0661386, 29.9645446], [-90.0661561, 29.9645564], [-90.0661035, 29.964615]]]}}, {"id": "773", "type": "Feature", "properties": {"id": "fdb08f3f-2223-463c-9add-d780a4f7e25a", "name": null, "subtype": null, "class": null, "height": 4.413407802581787, "num_floors": null, "surge_class": 99, "surge_ft": 0.0, "flood_active": false, "exposure_score": 0.0, "exposure_category": "none"}, "geometry": {"type": "Polygon", "coordinates": [[[-90.0664725, 29.9647606], [-90.0666226, 29.9645973], [-90.0665547, 29.96455], [-90.0664046, 29.9647132], [-90.0664725, 29.9647606]]]}}, {"id": "774", "type": "Feature", "properties": {"id": "15e97b2b-0e1c-4784-9cd2-cae44af3a6a7", "name": null, "subtype": null, "class": null, "height": null, "num_floors": null, "surge_class": 99, "surge_ft": 0.0, "flood_active": false, "exposure_score": 0.0, "exposure_category": "none"}, "geometry": {"type": "Polygon", "coordinates": [[[-90.0661972, 29.9644073], [-90.066154, 29.9644497], [-90.0662321, 29.9645101], [-90.0662606, 29.9644822], [-90.0662109, 29.9644437], [-90.0662256, 29.9644293], [-90.0661972, 29.9644073]]]}}, {"id": "775", "type": "Feature", "properties": {"id": "c948fe92-033b-408e-b50f-3f23f1251531", "name": null, "subtype": null, "class": null, "height": null, "num_floors": null, "surge_class": 99, "surge_ft": 0.0, "flood_active": false, "exposure_score": 0.0, "exposure_category": "none"}, "geometry": {"type": "Polygon", "coordinates": [[[-90.0660306, 29.9645671], [-90.0660793, 29.9645121], [-90.0660182, 29.9644711], [-90.0659695, 29.9645261], [-90.0660306, 29.9645671]]]}}, {"id": "776", "type": "Feature", "properties": {"id": "ac170bd5-c356-43f7-b8df-39b6c82a4d28", "name": null, "subtype": null, "class": null, "height": 5.6574387550354, "num_floors": null, "surge_class": 99, "surge_ft": 0.0, "flood_active": false, "exposure_score": 0.0, "exposure_category": "none"}, "geometry": {"type": "Polygon", "coordinates": [[[-90.0658842, 29.9644576], [-90.0659547, 29.9645063], [-90.0661486, 29.9642933], [-90.0660781, 29.9642447], [-90.0658842, 29.9644576]]]}}, {"id": "777", "type": "Feature", "properties": {"id": "4fc31193-ff0d-4f50-b397-dafe18a4c6bc", "name": "New Orleans Courtyard Hotel", "subtype": null, "class": null, "height": null, "num_floors": null, "surge_class": 99, "surge_ft": 0.0, "flood_active": false, "exposure_score": 0.0, "exposure_category": "none"}, "geometry": {"type": "Polygon", "coordinates": [[[-90.0655961, 29.9644344], [-90.06563, 29.9644572], [-90.0659431, 29.9641032], [-90.0657094, 29.9639465], [-90.065723, 29.9639311], [-90.0656223, 29.9638635], [-90.0656108, 29.9638622], [-90.0656001, 29.9638653], [-90.0655135, 29.9639633], [-90.0655426, 29.9639828], [-90.0655322, 29.9639946], [-90.06559, 29.9640334], [-90.0655927, 29.964052], [-90.0656111, 29.9640643], [-90.0656374, 29.9640594], [-90.0656995, 29.9639892], [-90.0657238, 29.9640055], [-90.0657048, 29.964027], [-90.0658101, 29.9640976], [-90.0657567, 29.964158], [-90.0657531, 29.9641556], [-90.065715, 29.9641986], [-90.0656931, 29.9641839], [-90.0656622, 29.9642188], [-90.0656392, 29.9642033], [-90.0656226, 29.9642221], [-90.0656425, 29.9642355], [-90.065613, 29.9642689], [-90.0656233, 29.9642758], [-90.0656206, 29.9642789], [-90.0656915, 29.9643264], [-90.0655961, 29.9644344]]]}}, {"id": "778", "type": "Feature", "properties": {"id": "061957ac-b152-4e40-8c26-c8ffac49ad10", "name": null, "subtype": null, "class": null, "height": null, "num_floors": null, "surge_class": 99, "surge_ft": 0.0, "flood_active": false, "exposure_score": 0.0, "exposure_category": "none"}, "geometry": {"type": "Polygon", "coordinates": [[[-90.0663907, 29.9640936], [-90.0663474, 29.9640623], [-90.0662326, 29.9641826], [-90.0663303, 29.9642534], [-90.0664286, 29.9641504], [-90.0663741, 29.964111], [-90.0663907, 29.9640936]]]}}, {"id": "779", "type": "Feature", "properties": {"id": "7ac4ffcc-ef15-40f0-94f9-a9badd45481d", "name": null, "subtype": null, "class": null, "height": null, "num_floors": null, "surge_class": 99, "surge_ft": 0.0, "flood_active": false, "exposure_score": 0.0, "exposure_category": "none"}, "geometry": {"type": "Polygon", "coordinates": [[[-90.0661063, 29.9640875], [-90.0661633, 29.9641235], [-90.066292, 29.9639842], [-90.0662355, 29.9639468], [-90.0661063, 29.9640875]]]}}, {"id": "780", "type": "Feature", "properties": {"id": "d65d2dd4-a7dd-4fae-94b3-f479de7ce9cd", "name": null, "subtype": null, "class": null, "height": null, "num_floors": null, "surge_class": 99, "surge_ft": 0.0, "flood_active": false, "exposure_score": 0.0, "exposure_category": "none"}, "geometry": {"type": "Polygon", "coordinates": [[[-90.0663518, 29.9640023], [-90.0663095, 29.9639727], [-90.0661697, 29.9641241], [-90.0661734, 29.9641267], [-90.0661669, 29.9641337], [-90.0662033, 29.9641592], [-90.0662096, 29.9641523], [-90.0662118, 29.9641539], [-90.0663518, 29.9640023]]]}}, {"id": "781", "type": "Feature", "properties": {"id": "461ace5f-5675-41bc-af66-5e4b489edbc3", "name": null, "subtype": null, "class": null, "height": null, "num_floors": null, "surge_class": 99, "surge_ft": 0.0, "flood_active": false, "exposure_score": 0.0, "exposure_category": "none"}, "geometry": {"type": "Polygon", "coordinates": [[[-90.0664748, 29.9640133], [-90.0664463, 29.9640457], [-90.0666486, 29.9641804], [-90.0666771, 29.9641479], [-90.0664748, 29.9640133]]]}}, {"id": "782", "type": "Feature", "properties": {"id": "f984bbb3-6e7d-4e55-ba4d-12ab5336d196", "name": null, "subtype": null, "class": null, "height": 5.295801639556885, "num_floors": null, "surge_class": 99, "surge_ft": 0.0, "flood_active": false, "exposure_score": 0.0, "exposure_category": "none"}, "geometry": {"type": "Polygon", "coordinates": [[[-90.066613, 29.9642028], [-90.0666366, 29.9641756], [-90.0664909, 29.9640798], [-90.0664636, 29.9641113], [-90.066469, 29.9641149], [-90.066455, 29.9641309], [-90.0664814, 29.9641483], [-90.0664681, 29.9641636], [-90.0665907, 29.9642442], [-90.0666216, 29.9642085], [-90.066613, 29.9642028]]]}}, {"id": "783", "type": "Feature", "properties": {"id": "cc11986e-5945-4771-8db4-a123ea8794ef", "name": null, "subtype": null, "class": null, "height": null, "num_floors": null, "surge_class": 99, "surge_ft": 0.0, "flood_active": false, "exposure_score": 0.0, "exposure_category": "none"}, "geometry": {"type": "Polygon", "coordinates": [[[-90.0665477, 29.9642865], [-90.0665749, 29.9642571], [-90.066428, 29.9641544], [-90.0663959, 29.9641892], [-90.0664051, 29.9641957], [-90.0663501, 29.9642554], [-90.0663576, 29.9642607], [-90.0663538, 29.9642648], [-90.0664915, 29.964361], [-90.0665553, 29.9642918], [-90.0665477, 29.9642865]]]}}, {"id": "784", "type": "Feature", "properties": {"id": "51b23e78-cc9d-4daa-9f09-df6fe7b0c5ed", "name": null, "subtype": null, "class": null, "height": null, "num_floors": null, "surge_class": 99, "surge_ft": 0.0, "flood_active": false, "exposure_score": 0.0, "exposure_category": "none"}, "geometry": {"type": "Polygon", "coordinates": [[[-90.0662242, 29.9643379], [-90.0661614, 29.9642948], [-90.0660454, 29.9644229], [-90.0661082, 29.964466], [-90.0662242, 29.9643379]]]}}, {"id": "785", "type": "Feature", "properties": {"id": "c888ad2d-b5cb-4227-b8b7-f8bcc5b31856", "name": null, "subtype": null, "class": null, "height": 3.829751491546631, "num_floors": null, "surge_class": 99, "surge_ft": 0.0, "flood_active": false, "exposure_score": 0.0, "exposure_category": "none"}, "geometry": {"type": "Polygon", "coordinates": [[[-90.0662768, 29.964323], [-90.0662063, 29.9644015], [-90.0663654, 29.9645098], [-90.0664359, 29.9644313], [-90.0662768, 29.964323]]]}}, {"id": "786", "type": "Feature", "properties": {"id": "eb009d97-3bdf-4e69-8e45-b0eaa12f93e5", "name": null, "subtype": null, "class": null, "height": null, "num_floors": null, "surge_class": 99, "surge_ft": 0.0, "flood_active": false, "exposure_score": 0.0, "exposure_category": "none"}, "geometry": {"type": "Polygon", "coordinates": [[[-90.0666804, 29.9643593], [-90.0666219, 29.9644217], [-90.0667298, 29.9644983], [-90.0667801, 29.9644446], [-90.0668172, 29.964471], [-90.0668634, 29.9644217], [-90.0668205, 29.9643912], [-90.0667824, 29.9644319], [-90.0666804, 29.9643593]]]}}, {"id": "787", "type": "Feature", "properties": {"id": "5c57a515-56eb-4f6a-bf56-c6336bf6b814", "name": null, "subtype": null, "class": null, "height": null, "num_floors": null, "surge_class": 99, "surge_ft": 0.0, "flood_active": false, "exposure_score": 0.0, "exposure_category": "none"}, "geometry": {"type": "Polygon", "coordinates": [[[-90.0667109, 29.9643233], [-90.0666899, 29.9643464], [-90.0667786, 29.9644077], [-90.0667997, 29.9643846], [-90.0667109, 29.9643233]]]}}, {"id": "788", "type": "Feature", "properties": {"id": "812070d5-a7cc-4959-a686-d2b1983a5558", "name": null, "subtype": null, "class": null, "height": 6.071722984313965, "num_floors": null, "surge_class": 99, "surge_ft": 0.0, "flood_active": false, "exposure_score": 0.0, "exposure_category": "none"}, "geometry": {"type": "Polygon", "coordinates": [[[-90.0671042, 29.9643413], [-90.0671086, 29.9643365], [-90.0668903, 29.9641875], [-90.0668348, 29.9642491], [-90.0670517, 29.9643971], [-90.0670933, 29.9643509], [-90.0671029, 29.9643574], [-90.0671124, 29.9643469], [-90.0671042, 29.9643413]]]}}, {"id": "789", "type": "Feature", "properties": {"id": "b51b1acb-8ceb-4956-96c5-f37f99d511d8", "name": null, "subtype": null, "class": null, "height": null, "num_floors": null, "surge_class": 99, "surge_ft": 0.0, "flood_active": false, "exposure_score": 0.0, "exposure_category": "none"}, "geometry": {"type": "Polygon", "coordinates": [[[-90.0670931, 29.9645571], [-90.0671545, 29.9644907], [-90.0668715, 29.9642925], [-90.0668028, 29.9643668], [-90.0670671, 29.9645519], [-90.0670744, 29.964544], [-90.0670931, 29.9645571]]]}}, {"id": "790", "type": "Feature", "properties": {"id": "13648df9-501c-4fba-a801-24d32ffc5ab0", "name": null, "subtype": null, "class": null, "height": null, "num_floors": null, "surge_class": 99, "surge_ft": 0.0, "flood_active": false, "exposure_score": 0.0, "exposure_category": "none"}, "geometry": {"type": "Polygon", "coordinates": [[[-90.0676332, 29.964477], [-90.0674699, 29.9643643], [-90.0674391, 29.9643982], [-90.0676024, 29.9645108], [-90.0676332, 29.964477]]]}}, {"id": "791", "type": "Feature", "properties": {"id": "3dc07d2c-9954-4853-b250-a98309d0f4a8", "name": null, "subtype": null, "class": null, "height": null, "num_floors": null, "surge_class": 99, "surge_ft": 0.0, "flood_active": false, "exposure_score": 0.0, "exposure_category": "none"}, "geometry": {"type": "Polygon", "coordinates": [[[-90.0672062, 29.9641887], [-90.0672281, 29.964164], [-90.0671857, 29.9641355], [-90.0671638, 29.9641602], [-90.0672062, 29.9641887]]]}}, {"id": "792", "type": "Feature", "properties": {"id": "8dd6c3f6-8307-46de-b5f1-bb7a574ab940", "name": null, "subtype": null, "class": null, "height": null, "num_floors": null, "surge_class": 99, "surge_ft": 0.0, "flood_active": false, "exposure_score": 0.0, "exposure_category": "none"}, "geometry": {"type": "Polygon", "coordinates": [[[-90.0670415, 29.9639599], [-90.0669867, 29.9640194], [-90.0670989, 29.9640978], [-90.0671295, 29.9640645], [-90.0671268, 29.9640627], [-90.0671465, 29.9640413], [-90.0671222, 29.9640243], [-90.0671267, 29.9640194], [-90.0670415, 29.9639599]]]}}, {"id": "793", "type": "Feature", "properties": {"id": "abdc3e09-b42e-4c36-bb73-2f00ec069d6b", "name": null, "subtype": null, "class": null, "height": 6.910588264465332, "num_floors": null, "surge_class": 99, "surge_ft": 0.0, "flood_active": false, "exposure_score": 0.0, "exposure_category": "none"}, "geometry": {"type": "Polygon", "coordinates": [[[-90.0670955, 29.9641841], [-90.0671416, 29.9641346], [-90.06698, 29.9640205], [-90.0669142, 29.9640912], [-90.0670611, 29.9641949], [-90.0670641, 29.9641917], [-90.0670734, 29.9641983], [-90.0670901, 29.9641803], [-90.0670955, 29.9641841]]]}}, {"id": "794", "type": "Feature", "properties": {"id": "dd0e79ce-9d66-484e-b88f-2eb5a57f007c", "name": null, "subtype": null, "class": null, "height": null, "num_floors": null, "surge_class": 99, "surge_ft": 0.0, "flood_active": false, "exposure_score": 0.0, "exposure_category": "none"}, "geometry": {"type": "Polygon", "coordinates": [[[-90.0669104, 29.9641054], [-90.0668754, 29.9641439], [-90.0670597, 29.9642714], [-90.0670947, 29.9642329], [-90.0669104, 29.9641054]]]}}, {"id": "795", "type": "Feature", "properties": {"id": "9c1dc576-2f71-477b-bab7-7172a9cbbcfb", "name": null, "subtype": null, "class": null, "height": 5.613569259643555, "num_floors": null, "surge_class": 99, "surge_ft": 0.0, "flood_active": false, "exposure_score": 0.0, "exposure_category": "none"}, "geometry": {"type": "Polygon", "coordinates": [[[-90.0667448, 29.9640764], [-90.0665401, 29.9639396], [-90.0664893, 29.9639972], [-90.066694, 29.964134], [-90.0667448, 29.9640764]]]}}, {"id": "796", "type": "Feature", "properties": {"id": "3cc7986d-f5b5-4ada-99c0-02cca148d5f0", "name": null, "subtype": null, "class": null, "height": 4.9196271896362305, "num_floors": null, "surge_class": 99, "surge_ft": 0.0, "flood_active": false, "exposure_score": 0.0, "exposure_category": "none"}, "geometry": {"type": "Polygon", "coordinates": [[[-90.0665807, 29.9638346], [-90.0668115, 29.9639917], [-90.0668639, 29.9639334], [-90.066633, 29.9637762], [-90.0665807, 29.9638346]]]}}, {"id": "797", "type": "Feature", "properties": {"id": "3f1e1f54-b66a-4d78-a7e1-0cc863c47397", "name": null, "subtype": null, "class": null, "height": 4.357980728149414, "num_floors": null, "surge_class": 99, "surge_ft": 0.0, "flood_active": false, "exposure_score": 0.0, "exposure_category": "none"}, "geometry": {"type": "Polygon", "coordinates": [[[-90.0669354, 29.9638696], [-90.0668115, 29.9637847], [-90.066759, 29.9638427], [-90.0668828, 29.9639277], [-90.0669354, 29.9638696]]]}}, {"id": "798", "type": "Feature", "properties": {"id": "325e3714-0248-492f-8664-30f4b97b6e96", "name": null, "subtype": null, "class": null, "height": null, "num_floors": null, "surge_class": 99, "surge_ft": 0.0, "flood_active": false, "exposure_score": 0.0, "exposure_category": "none"}, "geometry": {"type": "Polygon", "coordinates": [[[-90.0669318, 29.9638388], [-90.0669484, 29.9638502], [-90.0669942, 29.9637997], [-90.0668713, 29.9637151], [-90.0668246, 29.9637666], [-90.0668843, 29.9638076], [-90.0668776, 29.963815], [-90.0669242, 29.963847], [-90.0669318, 29.9638388]]]}}, {"id": "799", "type": "Feature", "properties": {"id": "9fd82999-d7fd-4929-8a86-cdc011f926bc", "name": null, "subtype": null, "class": null, "height": null, "num_floors": null, "surge_class": 99, "surge_ft": 0.0, "flood_active": false, "exposure_score": 0.0, "exposure_category": "none"}, "geometry": {"type": "Polygon", "coordinates": [[[-90.0670929, 29.9639067], [-90.0670508, 29.9639524], [-90.0671836, 29.9640453], [-90.0672238, 29.9640017], [-90.0671726, 29.9639659], [-90.0671922, 29.9639447], [-90.0671184, 29.963893], [-90.0671007, 29.9639122], [-90.0670929, 29.9639067]]]}}, {"id": "800", "type": "Feature", "properties": {"id": "f88fb17d-4851-47b7-8415-6db9ccfa39af", "name": null, "subtype": null, "class": null, "height": null, "num_floors": null, "surge_class": 99, "surge_ft": 0.0, "flood_active": false, "exposure_score": 0.0, "exposure_category": "none"}, "geometry": {"type": "Polygon", "coordinates": [[[-90.0672225, 29.963948], [-90.0672562, 29.9639715], [-90.0673832, 29.9638329], [-90.0673303, 29.9637961], [-90.0672473, 29.9638867], [-90.0672665, 29.9639], [-90.0672225, 29.963948]]]}}, {"id": "801", "type": "Feature", "properties": {"id": "b9577504-bb5a-404b-a69c-86b4fabd3984", "name": null, "subtype": null, "class": null, "height": null, "num_floors": null, "surge_class": 99, "surge_ft": 0.0, "flood_active": false, "exposure_score": 0.0, "exposure_category": "none"}, "geometry": {"type": "Polygon", "coordinates": [[[-90.0673171, 29.9638011], [-90.0672415, 29.9637507], [-90.067136, 29.9638707], [-90.0671777, 29.9638985], [-90.0672285, 29.9638407], [-90.0672624, 29.9638633], [-90.0673171, 29.9638011]]]}}, {"id": "802", "type": "Feature", "properties": {"id": "2f7477d4-55a9-4b40-9a64-a792f8c2b3ee", "name": null, "subtype": null, "class": null, "height": null, "num_floors": null, "surge_class": 99, "surge_ft": 0.0, "flood_active": false, "exposure_score": 0.0, "exposure_category": "none"}, "geometry": {"type": "Polygon", "coordinates": [[[-90.0670403, 29.9637411], [-90.0669184, 29.963658], [-90.0668713, 29.9637104], [-90.0669932, 29.9637935], [-90.0670403, 29.9637411]]]}}, {"id": "803", "type": "Feature", "properties": {"id": "21add55b-0e41-4f07-b6f9-4f88acc0b813", "name": null, "subtype": null, "class": null, "height": null, "num_floors": null, "surge_class": 99, "surge_ft": 0.0, "flood_active": false, "exposure_score": 0.0, "exposure_category": "none"}, "geometry": {"type": "Polygon", "coordinates": [[[-90.0666297, 29.9636441], [-90.0666681, 29.9636702], [-90.0667437, 29.9635859], [-90.0667053, 29.9635598], [-90.0666297, 29.9636441]]]}}, {"id": "804", "type": "Feature", "properties": {"id": "ec435c3e-aec4-4727-b720-658e846a0c22", "name": null, "subtype": null, "class": null, "height": 5.925568103790283, "num_floors": null, "surge_class": 99, "surge_ft": 0.0, "flood_active": false, "exposure_score": 0.0, "exposure_category": "none"}, "geometry": {"type": "Polygon", "coordinates": [[[-90.0659514, 29.9635192], [-90.0664485, 29.963856], [-90.0665686, 29.9637216], [-90.0660715, 29.9633848], [-90.0659514, 29.9635192]]]}}, {"id": "805", "type": "Feature", "properties": {"id": "250a764c-c2d3-4907-b06c-ad672028a68d", "name": null, "subtype": null, "class": null, "height": null, "num_floors": null, "surge_class": 99, "surge_ft": 0.0, "flood_active": false, "exposure_score": 0.0, "exposure_category": "none"}, "geometry": {"type": "Polygon", "coordinates": [[[-90.0665998, 29.9637487], [-90.0665681, 29.9637272], [-90.0665111, 29.9637911], [-90.0665428, 29.9638126], [-90.0665998, 29.9637487]]]}}, {"id": "806", "type": "Feature", "properties": {"id": "cd57856e-86aa-4446-93b6-6aa858e136d4", "name": null, "subtype": null, "class": null, "height": null, "num_floors": null, "surge_class": 99, "surge_ft": 0.0, "flood_active": false, "exposure_score": 0.0, "exposure_category": "none"}, "geometry": {"type": "Polygon", "coordinates": [[[-90.0663069, 29.9639345], [-90.0663286, 29.9639497], [-90.0663929, 29.9638803], [-90.0663296, 29.9638359], [-90.0662657, 29.963905], [-90.0662882, 29.9639207], [-90.0662768, 29.963933], [-90.0662959, 29.9639463], [-90.0663069, 29.9639345]]]}}, {"id": "807", "type": "Feature", "properties": {"id": "9965c020-8d5b-41c9-8386-a0d3578d39c8", "name": "New Orleans Guest House", "subtype": null, "class": null, "height": null, "num_floors": 2, "surge_class": 99, "surge_ft": 0.0, "flood_active": false, "exposure_score": 0.0, "exposure_category": "none"}, "geometry": {"type": "Polygon", "coordinates": [[[-90.0661438, 29.963897], [-90.0660747, 29.9639736], [-90.0660213, 29.9640308], [-90.0661011, 29.9640881], [-90.0661433, 29.964037], [-90.0662215, 29.963952], [-90.0661438, 29.963897]]]}}, {"id": "808", "type": "Feature", "properties": {"id": "aefafcad-7c3a-45d1-b571-2dc6f8a67893", "name": null, "subtype": null, "class": null, "height": null, "num_floors": null, "surge_class": 99, "surge_ft": 0.0, "flood_active": false, "exposure_score": 0.0, "exposure_category": "none"}, "geometry": {"type": "Polygon", "coordinates": [[[-90.0661385, 29.963834], [-90.0661885, 29.9638686], [-90.0662325, 29.9638205], [-90.0661825, 29.9637859], [-90.0661385, 29.963834]]]}}, {"id": "809", "type": "Feature", "properties": {"id": "11a65a6e-5467-41bf-a076-986a023f09de", "name": null, "subtype": null, "class": null, "height": null, "num_floors": null, "surge_class": 99, "surge_ft": 0.0, "flood_active": false, "exposure_score": 0.0, "exposure_category": "none"}, "geometry": {"type": "Polygon", "coordinates": [[[-90.0660713, 29.9637784], [-90.0660403, 29.9638123], [-90.0661166, 29.9638652], [-90.0661274, 29.9638534], [-90.0661072, 29.9638394], [-90.0661209, 29.9638243], [-90.0661358, 29.9638346], [-90.066157, 29.9638115], [-90.06614, 29.9637997], [-90.0661525, 29.9637861], [-90.0660978, 29.9637481], [-90.0660705, 29.9637779], [-90.0660713, 29.9637784]]]}}, {"id": "810", "type": "Feature", "properties": {"id": "b62a3cf8-9bb7-4ed1-ac7b-70c3eadb778a", "name": null, "subtype": null, "class": null, "height": null, "num_floors": null, "surge_class": 99, "surge_ft": 0.0, "flood_active": false, "exposure_score": 0.0, "exposure_category": "none"}, "geometry": {"type": "Polygon", "coordinates": [[[-90.0658925, 29.9639378], [-90.065919, 29.9639556], [-90.0659926, 29.9638725], [-90.0659661, 29.9638547], [-90.0658925, 29.9639378]]]}}, {"id": "811", "type": "Feature", "properties": {"id": "db95359f-84ca-4602-baee-3e472ef5b3b6", "name": null, "subtype": null, "class": null, "height": 6.242687225341797, "num_floors": null, "surge_class": 99, "surge_ft": 0.0, "flood_active": false, "exposure_score": 0.0, "exposure_category": "none"}, "geometry": {"type": "Polygon", "coordinates": [[[-90.0658982, 29.9638477], [-90.0659094, 29.9638356], [-90.0657753, 29.9637417], [-90.0657802, 29.9637364], [-90.0657579, 29.9637208], [-90.0656918, 29.9637924], [-90.0657123, 29.9638068], [-90.0657204, 29.9637981], [-90.0657308, 29.9638054], [-90.0657197, 29.9638174], [-90.06581, 29.9638807], [-90.0658205, 29.9638693], [-90.0658835, 29.9639135], [-90.0659118, 29.9638829], [-90.0659009, 29.9638753], [-90.0659153, 29.9638597], [-90.0658982, 29.9638477]]]}}, {"id": "812", "type": "Feature", "properties": {"id": "dcfab3a0-2349-433b-979a-691e1060efa8", "name": null, "subtype": null, "class": null, "height": 5.975644588470459, "num_floors": null, "surge_class": 99, "surge_ft": 0.0, "flood_active": false, "exposure_score": 0.0, "exposure_category": "none"}, "geometry": {"type": "Polygon", "coordinates": [[[-90.0660003, 29.9637324], [-90.0660269, 29.9637029], [-90.0658733, 29.9635979], [-90.0658184, 29.9636588], [-90.0658101, 29.9636531], [-90.06577, 29.9636976], [-90.0658973, 29.9637847], [-90.0659363, 29.9637415], [-90.0659904, 29.9637785], [-90.0659782, 29.9637921], [-90.0659856, 29.9637971], [-90.0659503, 29.9638362], [-90.0659917, 29.9638645], [-90.0660604, 29.9637884], [-90.066037, 29.9637724], [-90.0660453, 29.9637631], [-90.0660003, 29.9637324]]]}}, {"id": "813", "type": "Feature", "properties": {"id": "518a91cf-a68c-44c8-8bf9-443caaf6282f", "name": null, "subtype": null, "class": null, "height": null, "num_floors": null, "surge_class": 99, "surge_ft": 0.0, "flood_active": false, "exposure_score": 0.0, "exposure_category": "none"}, "geometry": {"type": "Polygon", "coordinates": [[[-90.0661113, 29.9636882], [-90.0661418, 29.9636552], [-90.065947, 29.9635189], [-90.0658914, 29.9635791], [-90.066082, 29.9637125], [-90.0661071, 29.9636853], [-90.0661113, 29.9636882]]]}}, {"id": "814", "type": "Feature", "properties": {"id": "e1228453-ad5a-4107-97bb-3dd7ba70b8c7", "name": null, "subtype": null, "class": null, "height": null, "num_floors": null, "surge_class": 99, "surge_ft": 0.0, "flood_active": false, "exposure_score": 0.0, "exposure_category": "none"}, "geometry": {"type": "Polygon", "coordinates": [[[-90.0653341, 29.9635444], [-90.0653228, 29.9635569], [-90.0654326, 29.9636322], [-90.0654775, 29.9635826], [-90.0653863, 29.96352], [-90.0653934, 29.9635121], [-90.0653497, 29.9634822], [-90.065309, 29.9635272], [-90.0653341, 29.9635444]]]}}, {"id": "815", "type": "Feature", "properties": {"id": "e85880cd-2c75-4376-90de-d5607c96fc76", "name": null, "subtype": null, "class": null, "height": null, "num_floors": null, "surge_class": 99, "surge_ft": 0.0, "flood_active": false, "exposure_score": 0.0, "exposure_category": "none"}, "geometry": {"type": "Polygon", "coordinates": [[[-90.0654783, 29.9635838], [-90.0654361, 29.9636308], [-90.0654482, 29.9636392], [-90.0654904, 29.9635922], [-90.0654783, 29.9635838]]]}}, {"id": "816", "type": "Feature", "properties": {"id": "ad79da4d-9a01-4ec6-af52-c469ad0ffd77", "name": null, "subtype": null, "class": null, "height": null, "num_floors": null, "surge_class": 99, "surge_ft": 0.0, "flood_active": false, "exposure_score": 0.0, "exposure_category": "none"}, "geometry": {"type": "Polygon", "coordinates": [[[-90.065186, 29.9635854], [-90.0651566, 29.963565], [-90.065021, 29.9637131], [-90.0650628, 29.9637421], [-90.0651277, 29.9636712], [-90.0651802, 29.9637076], [-90.0651883, 29.9636988], [-90.06529, 29.9637694], [-90.0652928, 29.9637664], [-90.0653067, 29.963776], [-90.0653621, 29.9637155], [-90.0653518, 29.9637083], [-90.0653557, 29.963704], [-90.0652565, 29.9636352], [-90.0652637, 29.9636272], [-90.0651928, 29.963578], [-90.065186, 29.9635854]]]}}, {"id": "817", "type": "Feature", "properties": {"id": "ecb5ad77-de41-40ed-a1d6-6f468dc7b3ce", "name": null, "subtype": null, "class": null, "height": null, "num_floors": null, "surge_class": 99, "surge_ft": 0.0, "flood_active": false, "exposure_score": 0.0, "exposure_category": "none"}, "geometry": {"type": "Polygon", "coordinates": [[[-90.064993, 29.9635962], [-90.0650675, 29.963647], [-90.0651525, 29.9635524], [-90.065078, 29.9635016], [-90.064993, 29.9635962]]]}}, {"id": "818", "type": "Feature", "properties": {"id": "bae4f078-6fce-4a26-a0a8-341d37e83054", "name": null, "subtype": null, "class": null, "height": null, "num_floors": null, "surge_class": 99, "surge_ft": 0.0, "flood_active": false, "exposure_score": 0.0, "exposure_category": "none"}, "geometry": {"type": "Polygon", "coordinates": [[[-90.0650512, 29.963675], [-90.0649622, 29.9636121], [-90.0649235, 29.9636536], [-90.0650124, 29.9637165], [-90.0650512, 29.963675]]]}}, {"id": "819", "type": "Feature", "properties": {"id": "8bbbe805-b16a-4dc0-97eb-25daf54f5809", "name": null, "subtype": null, "class": null, "height": null, "num_floors": null, "surge_class": 99, "surge_ft": 0.0, "flood_active": false, "exposure_score": 0.0, "exposure_category": "none"}, "geometry": {"type": "Polygon", "coordinates": [[[-90.064481, 29.9638163], [-90.0645601, 29.9638722], [-90.0645941, 29.9638357], [-90.064515, 29.9637798], [-90.064481, 29.9638163]]]}}, {"id": "820", "type": "Feature", "properties": {"id": "552e0964-4982-449d-af9b-8716e357fc7a", "name": null, "subtype": null, "class": null, "height": null, "num_floors": null, "surge_class": 99, "surge_ft": 0.0, "flood_active": false, "exposure_score": 0.0, "exposure_category": "none"}, "geometry": {"type": "Polygon", "coordinates": [[[-90.0646662, 29.9638318], [-90.0646239, 29.9638033], [-90.0645342, 29.9639041], [-90.0645765, 29.9639326], [-90.0646662, 29.9638318]]]}}, {"id": "821", "type": "Feature", "properties": {"id": "3b954041-b484-4176-9c8b-bfee7678c579", "name": null, "subtype": null, "class": null, "height": null, "num_floors": null, "surge_class": 99, "surge_ft": 0.0, "flood_active": false, "exposure_score": 0.0, "exposure_category": "none"}, "geometry": {"type": "Polygon", "coordinates": [[[-90.0650654, 29.9640324], [-90.0651077, 29.9639855], [-90.0649089, 29.9638496], [-90.0648779, 29.9638847], [-90.0649333, 29.963923], [-90.0649258, 29.9639313], [-90.0649432, 29.9639432], [-90.0649311, 29.9639566], [-90.0650441, 29.9640339], [-90.0650517, 29.9640364], [-90.0650584, 29.964036], [-90.0650654, 29.9640324]]]}}, {"id": "822", "type": "Feature", "properties": {"id": "2fea703c-bcb5-4b66-a41a-54a877be916c", "name": null, "subtype": null, "class": null, "height": null, "num_floors": null, "surge_class": 99, "surge_ft": 0.0, "flood_active": false, "exposure_score": 0.0, "exposure_category": "none"}, "geometry": {"type": "Polygon", "coordinates": [[[-90.0649773, 29.9638932], [-90.0649838, 29.9638862], [-90.0651152, 29.9639776], [-90.0651444, 29.9639458], [-90.0651511, 29.9639505], [-90.065186, 29.9639125], [-90.065175, 29.9639048], [-90.0652202, 29.9638556], [-90.0651112, 29.9637797], [-90.0650601, 29.9638354], [-90.0649833, 29.9637819], [-90.0649462, 29.9637856], [-90.0648981, 29.9638381], [-90.0649773, 29.9638932]]]}}, {"id": "823", "type": "Feature", "properties": {"id": "4e268603-4ecc-4619-8afd-2d77af93df4b", "name": null, "subtype": null, "class": null, "height": null, "num_floors": null, "surge_class": 99, "surge_ft": 0.0, "flood_active": false, "exposure_score": 0.0, "exposure_category": "none"}, "geometry": {"type": "Polygon", "coordinates": [[[-90.0652563, 29.9638541], [-90.0653082, 29.9637971], [-90.0651829, 29.9637108], [-90.0651219, 29.9637779], [-90.0652235, 29.9638479], [-90.0652327, 29.9638378], [-90.0652563, 29.9638541]]]}}, {"id": "824", "type": "Feature", "properties": {"id": "888a71e2-588c-4a33-a5dd-0e1d92f7c51a", "name": null, "subtype": null, "class": null, "height": null, "num_floors": null, "surge_class": 99, "surge_ft": 0.0, "flood_active": false, "exposure_score": 0.0, "exposure_category": "none"}, "geometry": {"type": "Polygon", "coordinates": [[[-90.0654654, 29.9640348], [-90.065402, 29.9641044], [-90.0655813, 29.964228], [-90.065643, 29.9641602], [-90.0656219, 29.9641456], [-90.0656235, 29.9641438], [-90.0654654, 29.9640348]]]}}, {"id": "825", "type": "Feature", "properties": {"id": "b5009dbf-7319-42aa-8957-d4684ff974b3", "name": "French Quarter Suites Hotel", "subtype": null, "class": null, "height": 4.803013324737549, "num_floors": null, "surge_class": 99, "surge_ft": 0.0, "flood_active": false, "exposure_score": 0.0, "exposure_category": "none"}, "geometry": {"type": "Polygon", "coordinates": [[[-90.0653811, 29.9641186], [-90.0652737, 29.9642379], [-90.0655658, 29.9644373], [-90.0655823, 29.9644189], [-90.0655902, 29.9644243], [-90.0656143, 29.9643974], [-90.0656021, 29.9643891], [-90.0656688, 29.964315], [-90.0653811, 29.9641186]]]}}, {"id": "826", "type": "Feature", "properties": {"id": "1cc24524-1675-45b6-b21a-680c9e68522d", "name": null, "subtype": null, "class": null, "height": 4.222687721252441, "num_floors": null, "surge_class": 99, "surge_ft": 0.0, "flood_active": false, "exposure_score": 0.0, "exposure_category": "none"}, "geometry": {"type": "Polygon", "coordinates": [[[-90.0654304, 29.9644558], [-90.0654723, 29.9644159], [-90.0652707, 29.9642555], [-90.0652288, 29.9642955], [-90.0654304, 29.9644558]]]}}, {"id": "827", "type": "Feature", "properties": {"id": "da04b4dc-a8e3-48a6-8c14-35a5e9c2655e", "name": "Saint Marks United Methodist Church", "subtype": "religious", "class": null, "height": null, "num_floors": null, "surge_class": 99, "surge_ft": 0.0, "flood_active": false, "exposure_score": 0.0, "exposure_category": "none"}, "geometry": {"type": "Polygon", "coordinates": [[[-90.064891, 29.9641398], [-90.0647836, 29.9642555], [-90.0646531, 29.9641685], [-90.064635, 29.964189], [-90.0646069, 29.9641703], [-90.0646464, 29.9641255], [-90.0646877, 29.9641531], [-90.0647522, 29.9640799], [-90.0646248, 29.9639947], [-90.0644538, 29.9641887], [-90.0645784, 29.964272], [-90.0645902, 29.9642586], [-90.0647462, 29.964363], [-90.0648196, 29.9642798], [-90.064813, 29.9642751], [-90.0649169, 29.9641624], [-90.0649241, 29.9641674], [-90.0650059, 29.9640788], [-90.0647273, 29.963884], [-90.0646481, 29.9639699], [-90.064891, 29.9641398]]]}}, {"id": "828", "type": "Feature", "properties": {"id": "dd30d350-1437-4e7a-832c-387e383bcd32", "name": null, "subtype": null, "class": null, "height": null, "num_floors": null, "surge_class": 99, "surge_ft": 0.0, "flood_active": false, "exposure_score": 0.0, "exposure_category": "none"}, "geometry": {"type": "Polygon", "coordinates": [[[-90.0645333, 29.9639553], [-90.0643702, 29.9641409], [-90.0644226, 29.9641758], [-90.0645857, 29.9639902], [-90.0645333, 29.9639553]]]}}, {"id": "829", "type": "Feature", "properties": {"id": "17a01936-46d5-4394-a2b9-86d4e9decf26", "name": null, "subtype": null, "class": null, "height": null, "num_floors": null, "surge_class": 99, "surge_ft": 0.0, "flood_active": false, "exposure_score": 0.0, "exposure_category": "none"}, "geometry": {"type": "Polygon", "coordinates": [[[-90.0641261, 29.9640804], [-90.0640561, 29.9640364], [-90.0639778, 29.9641308], [-90.0640478, 29.9641749], [-90.0641261, 29.9640804]]]}}, {"id": "830", "type": "Feature", "properties": {"id": "827eedc0-cd6f-4993-be3d-90a50baf4f80", "name": null, "subtype": null, "class": null, "height": 6.018193244934082, "num_floors": null, "surge_class": 99, "surge_ft": 0.0, "flood_active": false, "exposure_score": 0.0, "exposure_category": "none"}, "geometry": {"type": "Polygon", "coordinates": [[[-90.064228, 29.9641567], [-90.0641343, 29.9640963], [-90.0639629, 29.9642979], [-90.0640598, 29.9643604], [-90.0641267, 29.9642817], [-90.0641234, 29.9642796], [-90.064228, 29.9641567]]]}}, {"id": "831", "type": "Feature", "properties": {"id": "3cacaed0-0662-4054-8f41-5e100b6d320a", "name": null, "subtype": null, "class": null, "height": 5.503901481628418, "num_floors": null, "surge_class": 99, "surge_ft": 0.0, "flood_active": false, "exposure_score": 0.0, "exposure_category": "none"}, "geometry": {"type": "Polygon", "coordinates": [[[-90.0641504, 29.9642724], [-90.0642351, 29.9643289], [-90.0643294, 29.9642219], [-90.0642446, 29.9641653], [-90.0641504, 29.9642724]]]}}, {"id": "832", "type": "Feature", "properties": {"id": "1f449623-9b2d-4c2c-b05f-401cb942e8d2", "name": null, "subtype": null, "class": null, "height": 4.865516185760498, "num_floors": null, "surge_class": 99, "surge_ft": 0.0, "flood_active": false, "exposure_score": 0.0, "exposure_category": "none"}, "geometry": {"type": "Polygon", "coordinates": [[[-90.0642293, 29.9645383], [-90.0642985, 29.9645867], [-90.0645105, 29.9643564], [-90.0644413, 29.9643081], [-90.0642293, 29.9645383]]]}}, {"id": "833", "type": "Feature", "properties": {"id": "e0f5be7b-5974-451b-93cf-f88869af24fa", "name": null, "subtype": null, "class": null, "height": 5.689197063446045, "num_floors": null, "surge_class": 99, "surge_ft": 0.0, "flood_active": false, "exposure_score": 0.0, "exposure_category": "none"}, "geometry": {"type": "Polygon", "coordinates": [[[-90.0643317, 29.9642762], [-90.0641715, 29.9644509], [-90.0642461, 29.9645028], [-90.0644063, 29.9643281], [-90.0643317, 29.9642762]]]}}, {"id": "834", "type": "Feature", "properties": {"id": "55b8f276-e205-404b-ac29-79f7276ff7d7", "name": null, "subtype": null, "class": null, "height": null, "num_floors": null, "surge_class": 99, "surge_ft": 0.0, "flood_active": false, "exposure_score": 0.0, "exposure_category": "none"}, "geometry": {"type": "Polygon", "coordinates": [[[-90.0638636, 29.9644053], [-90.0639026, 29.9643617], [-90.0636367, 29.9641817], [-90.0635834, 29.9642414], [-90.063733, 29.9643427], [-90.0637473, 29.9643266], [-90.0638636, 29.9644053]]]}}, {"id": "835", "type": "Feature", "properties": {"id": "f58af44f-e9b5-4eb5-9968-92a15a3e92da", "name": null, "subtype": null, "class": null, "height": null, "num_floors": null, "surge_class": 99, "surge_ft": 0.0, "flood_active": false, "exposure_score": 0.0, "exposure_category": "none"}, "geometry": {"type": "Polygon", "coordinates": [[[-90.0638539, 29.9643196], [-90.0638958, 29.9643505], [-90.0639702, 29.964274], [-90.0639283, 29.9642431], [-90.0638539, 29.9643196]]]}}, {"id": "836", "type": "Feature", "properties": {"id": "c4e51c86-fc9f-4309-a032-abd5c7e874ab", "name": null, "subtype": null, "class": null, "height": null, "num_floors": null, "surge_class": 99, "surge_ft": 0.0, "flood_active": false, "exposure_score": 0.0, "exposure_category": "none"}, "geometry": {"type": "Polygon", "coordinates": [[[-90.0639491, 29.9643446], [-90.0639229, 29.964374], [-90.0639661, 29.9644032], [-90.0639923, 29.9643737], [-90.0639491, 29.9643446]]]}}, {"id": "837", "type": "Feature", "properties": {"id": "a54217f0-5ac6-4372-9882-b0e1ba80f4fb", "name": null, "subtype": null, "class": null, "height": 4.369162559509277, "num_floors": null, "surge_class": 99, "surge_ft": 0.0, "flood_active": false, "exposure_score": 0.0, "exposure_category": "none"}, "geometry": {"type": "Polygon", "coordinates": [[[-90.0636427, 29.9644449], [-90.0637029, 29.964379], [-90.0635514, 29.9642742], [-90.0634912, 29.9643401], [-90.0636427, 29.9644449]]]}}, {"id": "838", "type": "Feature", "properties": {"id": "adf0e0e3-acef-40c2-9d93-efb87888bc56", "name": null, "subtype": null, "class": null, "height": null, "num_floors": null, "surge_class": 99, "surge_ft": 0.0, "flood_active": false, "exposure_score": 0.0, "exposure_category": "none"}, "geometry": {"type": "Polygon", "coordinates": [[[-90.0635783, 29.9645375], [-90.0636364, 29.9644736], [-90.0634714, 29.9643599], [-90.0634133, 29.9644238], [-90.0635783, 29.9645375]]]}}, {"id": "839", "type": "Feature", "properties": {"id": "7666c0c5-f465-4080-9fc0-48a15b2858df", "name": null, "subtype": null, "class": null, "height": null, "num_floors": null, "surge_class": 99, "surge_ft": 0.0, "flood_active": false, "exposure_score": 0.0, "exposure_category": "none"}, "geometry": {"type": "Polygon", "coordinates": [[[-90.0635877, 29.9640974], [-90.0635437, 29.9641468], [-90.0635499, 29.9641509], [-90.0635939, 29.9641015], [-90.0635877, 29.9640974]]]}}, {"id": "840", "type": "Feature", "properties": {"id": "411ae5f4-b2ab-4f42-9004-1dbfa58b3d52", "name": null, "subtype": null, "class": null, "height": null, "num_floors": null, "surge_class": 99, "surge_ft": 0.0, "flood_active": false, "exposure_score": 0.0, "exposure_category": "none"}, "geometry": {"type": "Polygon", "coordinates": [[[-90.0639815, 29.9642541], [-90.064012, 29.964219], [-90.0639435, 29.9641738], [-90.063913, 29.9642088], [-90.0639815, 29.9642541]]]}}, {"id": "841", "type": "Feature", "properties": {"id": "b429ddf8-7ca6-4258-af10-6087c297d27a", "name": null, "subtype": null, "class": null, "height": null, "num_floors": null, "surge_class": 99, "surge_ft": 0.0, "flood_active": false, "exposure_score": 0.0, "exposure_category": "none"}, "geometry": {"type": "Polygon", "coordinates": [[[-90.0637678, 29.9642484], [-90.0638283, 29.9641747], [-90.0637007, 29.9640953], [-90.0636402, 29.964169], [-90.0637678, 29.9642484]]]}}, {"id": "842", "type": "Feature", "properties": {"id": "2366fac8-b638-4c7e-a7b4-876959b816d7", "name": null, "subtype": null, "class": null, "height": null, "num_floors": null, "surge_class": 99, "surge_ft": 0.0, "flood_active": false, "exposure_score": 0.0, "exposure_category": "none"}, "geometry": {"type": "Polygon", "coordinates": [[[-90.0637504, 29.9640533], [-90.0637131, 29.9640952], [-90.0638148, 29.9641639], [-90.0638521, 29.964122], [-90.0637504, 29.9640533]]]}}, {"id": "843", "type": "Feature", "properties": {"id": "1715ed53-4927-43e8-be17-9ecbcd916f1e", "name": null, "subtype": null, "class": null, "height": null, "num_floors": null, "surge_class": 99, "surge_ft": 0.0, "flood_active": false, "exposure_score": 0.0, "exposure_category": "none"}, "geometry": {"type": "Polygon", "coordinates": [[[-90.063989, 29.9640006], [-90.0639597, 29.9639813], [-90.0638833, 29.9640696], [-90.0639678, 29.9641251], [-90.0640029, 29.9640845], [-90.0639477, 29.9640483], [-90.063989, 29.9640006]]]}}, {"id": "844", "type": "Feature", "properties": {"id": "c9da3138-9cd8-44bf-a846-2c1f6133d7bb", "name": "Cosimo's", "subtype": "commercial", "class": null, "height": null, "num_floors": null, "surge_class": 99, "surge_ft": 0.0, "flood_active": false, "exposure_score": 0.0, "exposure_category": "none"}, "geometry": {"type": "Polygon", "coordinates": [[[-90.0638949, 29.9639368], [-90.0639007, 29.9639303], [-90.0638849, 29.9639196], [-90.0637598, 29.9640589], [-90.0637856, 29.9640765], [-90.0638124, 29.9640467], [-90.0638643, 29.964082], [-90.0639568, 29.963979], [-90.0638949, 29.9639368]]]}}, {"id": "845", "type": "Feature", "properties": {"id": "01fde8e0-4dc9-4a15-bbd7-1e46b57f60f6", "name": null, "subtype": null, "class": null, "height": null, "num_floors": null, "surge_class": 99, "surge_ft": 0.0, "flood_active": false, "exposure_score": 0.0, "exposure_category": "none"}, "geometry": {"type": "Polygon", "coordinates": [[[-90.0635378, 29.964145], [-90.0635835, 29.9640922], [-90.0634444, 29.964001], [-90.0634122, 29.9640382], [-90.0634688, 29.9640753], [-90.0634553, 29.9640909], [-90.0635378, 29.964145]]]}}, {"id": "846", "type": "Feature", "properties": {"id": "365a7ae4-e204-4d58-a823-c565b7a5572d", "name": null, "subtype": null, "class": null, "height": null, "num_floors": null, "surge_class": 99, "surge_ft": 0.0, "flood_active": false, "exposure_score": 0.0, "exposure_category": "none"}, "geometry": {"type": "Polygon", "coordinates": [[[-90.0635848, 29.9640887], [-90.0636433, 29.9640238], [-90.0635482, 29.9639587], [-90.0634897, 29.9640236], [-90.0635848, 29.9640887]]]}}, {"id": "847", "type": "Feature", "properties": {"id": "69852a33-ea11-45c4-8ef1-1523f96090bb", "name": null, "subtype": null, "class": null, "height": 3.9743881225585938, "num_floors": null, "surge_class": 99, "surge_ft": 0.0, "flood_active": false, "exposure_score": 0.0, "exposure_category": "none"}, "geometry": {"type": "Polygon", "coordinates": [[[-90.0638079, 29.9638509], [-90.0637443, 29.9638091], [-90.0636379, 29.9639306], [-90.0635909, 29.9638997], [-90.0635831, 29.9639086], [-90.0635536, 29.9638893], [-90.0635197, 29.9639281], [-90.0636598, 29.9640201], [-90.0637302, 29.9639397], [-90.0637346, 29.9639347], [-90.0637976, 29.9638626], [-90.0638079, 29.9638509]]]}}, {"id": "848", "type": "Feature", "properties": {"id": "f9f189fb-bf3e-4587-ac2e-0058c40e396c", "name": null, "subtype": null, "class": null, "height": 6.356695652008057, "num_floors": null, "surge_class": 99, "surge_ft": 0.0, "flood_active": false, "exposure_score": 0.0, "exposure_category": "none"}, "geometry": {"type": "Polygon", "coordinates": [[[-90.0636455, 29.9639116], [-90.0637377, 29.9638154], [-90.0635586, 29.9636866], [-90.063551, 29.9636945], [-90.0634372, 29.9638132], [-90.0634658, 29.9638338], [-90.0634445, 29.963856], [-90.0634764, 29.963879], [-90.0634677, 29.9638882], [-90.0635115, 29.9639197], [-90.0635424, 29.9638874], [-90.063548, 29.9638914], [-90.0635763, 29.9638619], [-90.0636455, 29.9639116]]]}}, {"id": "849", "type": "Feature", "properties": {"id": "79ac9860-af40-4ef4-81e4-14d54445d422", "name": null, "subtype": null, "class": null, "height": 6.6777777671813965, "num_floors": null, "surge_class": 99, "surge_ft": 0.0, "flood_active": false, "exposure_score": 0.0, "exposure_category": "none"}, "geometry": {"type": "Polygon", "coordinates": [[[-90.0640793, 29.9639396], [-90.0641641, 29.9639966], [-90.0642662, 29.9638814], [-90.0641815, 29.9638244], [-90.0640793, 29.9639396]]]}}, {"id": "850", "type": "Feature", "properties": {"id": "dc5fd7f9-54a9-4d3c-a7ff-fb10f72e0bd6", "name": null, "subtype": null, "class": null, "height": null, "num_floors": null, "surge_class": 99, "surge_ft": 0.0, "flood_active": false, "exposure_score": 0.0, "exposure_category": "none"}, "geometry": {"type": "Polygon", "coordinates": [[[-90.064184, 29.9640118], [-90.0642492, 29.9640552], [-90.064373, 29.9639142], [-90.0643077, 29.9638708], [-90.064184, 29.9640118]]]}}, {"id": "851", "type": "Feature", "properties": {"id": "c94449a0-ef64-4cca-a179-cfb81a24c681", "name": null, "subtype": null, "class": null, "height": 6.833600044250488, "num_floors": null, "surge_class": 99, "surge_ft": 0.0, "flood_active": false, "exposure_score": 0.0, "exposure_category": "none"}, "geometry": {"type": "Polygon", "coordinates": [[[-90.0645228, 29.9639024], [-90.0644526, 29.963854], [-90.0642681, 29.9640571], [-90.0643383, 29.9641054], [-90.0645228, 29.9639024]]]}}, {"id": "852", "type": "Feature", "properties": {"id": "76287286-52a8-4d31-bbe8-94a02289c865", "name": null, "subtype": null, "class": null, "height": null, "num_floors": null, "surge_class": 99, "surge_ft": 0.0, "flood_active": false, "exposure_score": 0.0, "exposure_category": "none"}, "geometry": {"type": "Polygon", "coordinates": [[[-90.0642429, 29.9637879], [-90.0642147, 29.9637705], [-90.0641879, 29.9638036], [-90.0642161, 29.963821], [-90.0642429, 29.9637879]]]}}, {"id": "853", "type": "Feature", "properties": {"id": "0906078e-b468-41da-a6ff-f3fd677fdd59", "name": null, "subtype": null, "class": null, "height": null, "num_floors": null, "surge_class": 99, "surge_ft": 0.0, "flood_active": false, "exposure_score": 0.0, "exposure_category": "none"}, "geometry": {"type": "Polygon", "coordinates": [[[-90.0641186, 29.9637794], [-90.0640394, 29.9637263], [-90.0639361, 29.9638432], [-90.0640191, 29.9638988], [-90.0640263, 29.9638907], [-90.064066, 29.9639173], [-90.0640805, 29.9639009], [-90.064086, 29.9639046], [-90.0641232, 29.9638626], [-90.0640783, 29.9638325], [-90.0640911, 29.963818], [-90.064132, 29.9638454], [-90.0641447, 29.963831], [-90.0641502, 29.9638347], [-90.0641861, 29.963794], [-90.0641356, 29.9637602], [-90.0641186, 29.9637794]]]}}, {"id": "854", "type": "Feature", "properties": {"id": "e5259787-6211-4f40-a4c5-8bcb10433e80", "name": null, "subtype": null, "class": null, "height": null, "num_floors": null, "surge_class": 99, "surge_ft": 0.0, "flood_active": false, "exposure_score": 0.0, "exposure_category": "none"}, "geometry": {"type": "Polygon", "coordinates": [[[-90.0641135, 29.9637735], [-90.0641472, 29.9637372], [-90.0640762, 29.9636872], [-90.0640425, 29.9637235], [-90.0641135, 29.9637735]]]}}, {"id": "855", "type": "Feature", "properties": {"id": "277c0cb5-48f4-464a-afd0-d51acd647d37", "name": null, "subtype": null, "class": null, "height": null, "num_floors": null, "surge_class": 99, "surge_ft": 0.0, "flood_active": false, "exposure_score": 0.0, "exposure_category": "none"}, "geometry": {"type": "Polygon", "coordinates": [[[-90.0642727, 29.9637295], [-90.0642771, 29.9637243], [-90.0641257, 29.9636269], [-90.0640746, 29.9636871], [-90.0640762, 29.9636872], [-90.0641619, 29.9637433], [-90.0641717, 29.9637317], [-90.0642311, 29.9637698], [-90.0642387, 29.9637608], [-90.0643538, 29.9638348], [-90.064383, 29.9638005], [-90.0642727, 29.9637295]]]}}, {"id": "856", "type": "Feature", "properties": {"id": "ef0ade1f-3f26-41d6-bb5d-c1fd5e1b1445", "name": null, "subtype": null, "class": null, "height": null, "num_floors": null, "surge_class": 99, "surge_ft": 0.0, "flood_active": false, "exposure_score": 0.0, "exposure_category": "none"}, "geometry": {"type": "Polygon", "coordinates": [[[-90.0643944, 29.9637843], [-90.0644281, 29.9637473], [-90.0641718, 29.9635706], [-90.0641322, 29.9636141], [-90.0642966, 29.9637274], [-90.0643024, 29.963721], [-90.0643944, 29.9637843]]]}}, {"id": "857", "type": "Feature", "properties": {"id": "724cc249-348c-4e06-abb1-6977eaed141c", "name": null, "subtype": null, "class": null, "height": null, "num_floors": null, "surge_class": 99, "surge_ft": 0.0, "flood_active": false, "exposure_score": 0.0, "exposure_category": "none"}, "geometry": {"type": "Polygon", "coordinates": [[[-90.064401, 29.9636309], [-90.0644174, 29.963613], [-90.0642699, 29.9635106], [-90.0642039, 29.9635826], [-90.0643505, 29.9636844], [-90.0643703, 29.9636629], [-90.0644039, 29.9636862], [-90.0643987, 29.9636919], [-90.0644484, 29.9637264], [-90.0644889, 29.9636822], [-90.0644334, 29.9636437], [-90.064428, 29.9636496], [-90.064401, 29.9636309]]]}}, {"id": "858", "type": "Feature", "properties": {"id": "84efcf8f-a73f-42e2-9186-f0a696b37a55", "name": null, "subtype": null, "class": null, "height": 6.186939239501953, "num_floors": null, "surge_class": 99, "surge_ft": 0.0, "flood_active": false, "exposure_score": 0.0, "exposure_category": "none"}, "geometry": {"type": "Polygon", "coordinates": [[[-90.0636405, 29.9636409], [-90.0637046, 29.963684], [-90.0638217, 29.9635519], [-90.063825, 29.9635541], [-90.0638618, 29.9635125], [-90.0638109, 29.9634783], [-90.063773, 29.963521], [-90.0637802, 29.9635259], [-90.0637632, 29.9635451], [-90.0637396, 29.9635292], [-90.0636405, 29.9636409]]]}}, {"id": "859", "type": "Feature", "properties": {"id": "c4c8b815-7244-47cb-bc5f-f1496653db23", "name": null, "subtype": null, "class": null, "height": null, "num_floors": null, "surge_class": 99, "surge_ft": 0.0, "flood_active": false, "exposure_score": 0.0, "exposure_category": "none"}, "geometry": {"type": "Polygon", "coordinates": [[[-90.0640023, 29.9636093], [-90.0638796, 29.9635278], [-90.063753, 29.9636723], [-90.0638459, 29.9637341], [-90.0639486, 29.963617], [-90.0639782, 29.9636367], [-90.0640023, 29.9636093]]]}}, {"id": "860", "type": "Feature", "properties": {"id": "4d480171-1823-4da5-b21f-c38865a942ab", "name": null, "subtype": null, "class": null, "height": null, "num_floors": null, "surge_class": 99, "surge_ft": 0.0, "flood_active": false, "exposure_score": 0.0, "exposure_category": "none"}, "geometry": {"type": "Polygon", "coordinates": [[[-90.0631848, 29.9637362], [-90.0632237, 29.9637631], [-90.0633955, 29.9635747], [-90.0633238, 29.9635252], [-90.0632237, 29.963635], [-90.0632564, 29.9636577], [-90.0631848, 29.9637362]]]}}, {"id": "861", "type": "Feature", "properties": {"id": "00d29f74-87bc-4784-9741-e89a34ec5ffe", "name": null, "subtype": null, "class": null, "height": null, "num_floors": null, "surge_class": 99, "surge_ft": 0.0, "flood_active": false, "exposure_score": 0.0, "exposure_category": "none"}, "geometry": {"type": "Polygon", "coordinates": [[[-90.0630709, 29.9635221], [-90.0629968, 29.9635969], [-90.0631198, 29.9636892], [-90.0631938, 29.9636145], [-90.0630709, 29.9635221]]]}}, {"id": "862", "type": "Feature", "properties": {"id": "21645854-d8ac-46d0-b533-8e4a8084b07a", "name": null, "subtype": null, "class": null, "height": null, "num_floors": null, "surge_class": 99, "surge_ft": 0.0, "flood_active": false, "exposure_score": 0.0, "exposure_category": "none"}, "geometry": {"type": "Polygon", "coordinates": [[[-90.0630728, 29.9638072], [-90.0631106, 29.9637662], [-90.0629054, 29.9636238], [-90.0628676, 29.9636647], [-90.0630728, 29.9638072]]]}}, {"id": "863", "type": "Feature", "properties": {"id": "20fa5cd4-5659-4a69-860c-1fa3737f9ef2", "name": null, "subtype": null, "class": null, "height": 5.476495265960693, "num_floors": null, "surge_class": 99, "surge_ft": 0.0, "flood_active": false, "exposure_score": 0.0, "exposure_category": "none"}, "geometry": {"type": "Polygon", "coordinates": [[[-90.063446, 29.9636557], [-90.0633795, 29.9636102], [-90.0632239, 29.9637822], [-90.0632448, 29.9637965], [-90.0632128, 29.9638319], [-90.06326, 29.9638643], [-90.0632848, 29.9638368], [-90.063289, 29.9638396], [-90.0633185, 29.9638354], [-90.0633427, 29.9638086], [-90.0633406, 29.9637821], [-90.0633351, 29.9637784], [-90.063446, 29.9636557]]]}}, {"id": "864", "type": "Feature", "properties": {"id": "760c9a2a-7dd9-4d25-a028-d932179a821d", "name": null, "subtype": null, "class": null, "height": 5.938086986541748, "num_floors": null, "surge_class": 99, "surge_ft": 0.0, "flood_active": false, "exposure_score": 0.0, "exposure_category": "none"}, "geometry": {"type": "Polygon", "coordinates": [[[-90.063421, 29.9640123], [-90.0634938, 29.963928], [-90.0634007, 29.9638646], [-90.0633264, 29.9639462], [-90.063421, 29.9640123]]]}}, {"id": "865", "type": "Feature", "properties": {"id": "f3a1156a-d5e7-431c-aeb9-9f47957a7c4d", "name": null, "subtype": null, "class": null, "height": null, "num_floors": null, "surge_class": 99, "surge_ft": 0.0, "flood_active": false, "exposure_score": 0.0, "exposure_category": "none"}, "geometry": {"type": "Polygon", "coordinates": [[[-90.0632581, 29.9639503], [-90.0632943, 29.9639086], [-90.0631725, 29.9638285], [-90.0631389, 29.9638672], [-90.0632277, 29.9639257], [-90.063216, 29.9639392], [-90.0632603, 29.9639683], [-90.0632694, 29.9639577], [-90.0632581, 29.9639503]]]}}, {"id": "866", "type": "Feature", "properties": {"id": "47ed09c9-f4c2-4201-8bcf-b4e3acdbe3d1", "name": null, "subtype": null, "class": null, "height": null, "num_floors": null, "surge_class": 99, "surge_ft": 0.0, "flood_active": false, "exposure_score": 0.0, "exposure_category": "none"}, "geometry": {"type": "Polygon", "coordinates": [[[-90.0631972, 29.9637994], [-90.0631546, 29.9637711], [-90.063096, 29.9638377], [-90.0631385, 29.9638661], [-90.0631972, 29.9637994]]]}}, {"id": "867", "type": "Feature", "properties": {"id": "a2645e67-b6c6-40d3-95dd-08277d6c720d", "name": null, "subtype": null, "class": null, "height": 6.030855655670166, "num_floors": null, "surge_class": 99, "surge_ft": 0.0, "flood_active": false, "exposure_score": 0.0, "exposure_category": "none"}, "geometry": {"type": "Polygon", "coordinates": [[[-90.0623543, 29.9635888], [-90.0623089, 29.9636386], [-90.0624751, 29.9637532], [-90.062521, 29.9637027], [-90.0624429, 29.9636488], [-90.062453, 29.9636377], [-90.0624244, 29.9636179], [-90.0624136, 29.9636297], [-90.0623543, 29.9635888]]]}}, {"id": "868", "type": "Feature", "properties": {"id": "31b909b3-e427-4f8b-a17d-80a8d8da4e48", "name": null, "subtype": null, "class": null, "height": 3.865053415298462, "num_floors": null, "surge_class": 99, "surge_ft": 0.0, "flood_active": false, "exposure_score": 0.0, "exposure_category": "none"}, "geometry": {"type": "Polygon", "coordinates": [[[-90.0627616, 29.963725], [-90.0627204, 29.9636979], [-90.0626701, 29.9637555], [-90.0628184, 29.9638528], [-90.0628685, 29.9637954], [-90.0628304, 29.9637704], [-90.0628429, 29.9637561], [-90.0628807, 29.9637809], [-90.0629307, 29.9637237], [-90.0627837, 29.9636273], [-90.0627343, 29.9636837], [-90.0627746, 29.9637101], [-90.0627616, 29.963725]]]}}, {"id": "869", "type": "Feature", "properties": {"id": "dcb73bba-27a4-4ccc-9eac-73d777c9225d", "name": null, "subtype": null, "class": null, "height": null, "num_floors": null, "surge_class": 99, "surge_ft": 0.0, "flood_active": false, "exposure_score": 0.0, "exposure_category": "none"}, "geometry": {"type": "Polygon", "coordinates": [[[-90.0626715, 29.9635141], [-90.0626195, 29.9635721], [-90.062626, 29.9635765], [-90.062678, 29.9635185], [-90.0626715, 29.9635141]]]}}, {"id": "870", "type": "Feature", "properties": {"id": "623759b5-5b78-4c04-abd4-8c3853b16d9e", "name": null, "subtype": null, "class": null, "height": null, "num_floors": null, "surge_class": 99, "surge_ft": 0.0, "flood_active": false, "exposure_score": 0.0, "exposure_category": "none"}, "geometry": {"type": "Polygon", "coordinates": [[[-90.0625908, 29.9636158], [-90.0625843, 29.9636113], [-90.0625306, 29.9636712], [-90.0625371, 29.9636757], [-90.0625908, 29.9636158]]]}}, {"id": "871", "type": "Feature", "properties": {"id": "a67eab2c-e89e-4bff-8c07-90812c16cd24", "name": null, "subtype": null, "class": null, "height": 6.899879455566406, "num_floors": null, "surge_class": 99, "surge_ft": 0.0, "flood_active": false, "exposure_score": 0.0, "exposure_category": "none"}, "geometry": {"type": "Polygon", "coordinates": [[[-90.0623779, 29.9635419], [-90.0625391, 29.9636529], [-90.0625969, 29.9635899], [-90.0624913, 29.9635171], [-90.0624665, 29.9635442], [-90.062411, 29.9635059], [-90.0623779, 29.9635419]]]}}, {"id": "872", "type": "Feature", "properties": {"id": "6d3b9393-6621-4891-8dc3-cd81e7ea924d", "name": null, "subtype": null, "class": null, "height": 6.151663303375244, "num_floors": null, "surge_class": 99, "surge_ft": 0.0, "flood_active": false, "exposure_score": 0.0, "exposure_category": "none"}, "geometry": {"type": "Polygon", "coordinates": [[[-90.0622725, 29.9637453], [-90.0623427, 29.9636696], [-90.0623005, 29.9636398], [-90.062211, 29.9637362], [-90.0622366, 29.9637542], [-90.0622558, 29.9637335], [-90.0622725, 29.9637453]]]}}, {"id": "873", "type": "Feature", "properties": {"id": "8f5f6085-5df6-40c5-9b80-3fc7b517e2ef", "name": null, "subtype": null, "class": null, "height": null, "num_floors": null, "surge_class": 99, "surge_ft": 0.0, "flood_active": false, "exposure_score": 0.0, "exposure_category": "none"}, "geometry": {"type": "Polygon", "coordinates": [[[-90.0623568, 29.9636813], [-90.0622968, 29.963752], [-90.062406, 29.9638265], [-90.0624686, 29.9637558], [-90.0623568, 29.9636813]]]}}, {"id": "874", "type": "Feature", "properties": {"id": "be692e85-ad34-48e2-b5c9-c5ccdee7881e", "name": null, "subtype": null, "class": null, "height": 4.781850814819336, "num_floors": null, "surge_class": 99, "surge_ft": 0.0, "flood_active": false, "exposure_score": 0.0, "exposure_category": "none"}, "geometry": {"type": "Polygon", "coordinates": [[[-90.0620347, 29.9637889], [-90.0621126, 29.9638423], [-90.0621141, 29.9638401], [-90.0621638, 29.9637844], [-90.0622381, 29.9637035], [-90.0621603, 29.9636501], [-90.0620347, 29.9637889]]]}}, {"id": "875", "type": "Feature", "properties": {"id": "3cf96ab5-023b-4286-96fe-73d9c1858bc5", "name": null, "subtype": null, "class": null, "height": 6.58344841003418, "num_floors": null, "surge_class": 99, "surge_ft": 0.0, "flood_active": false, "exposure_score": 0.0, "exposure_category": "none"}, "geometry": {"type": "Polygon", "coordinates": [[[-90.0619636, 29.9635226], [-90.0619622, 29.9635124], [-90.061946, 29.9635011], [-90.0619149, 29.9635336], [-90.0619108, 29.9635308], [-90.0618927, 29.9635506], [-90.0618664, 29.9635323], [-90.0617975, 29.9636074], [-90.0618261, 29.9636273], [-90.0618183, 29.9636358], [-90.0619459, 29.9637245], [-90.0620395, 29.9636226], [-90.0620251, 29.9636126], [-90.0620556, 29.9635792], [-90.0620325, 29.9635529], [-90.0620253, 29.9635479], [-90.0620285, 29.9635444], [-90.0619767, 29.9635083], [-90.0619636, 29.9635226]]]}}, {"id": "876", "type": "Feature", "properties": {"id": "90dac71b-601a-4ded-92b4-15302622157f", "name": null, "subtype": null, "class": null, "height": null, "num_floors": null, "surge_class": 99, "surge_ft": 0.0, "flood_active": false, "exposure_score": 0.0, "exposure_category": "none"}, "geometry": {"type": "Polygon", "coordinates": [[[-90.0615439, 29.9636246], [-90.0615738, 29.9635899], [-90.0614691, 29.9635222], [-90.0614749, 29.9635155], [-90.0614339, 29.963489], [-90.0614305, 29.963493], [-90.0613912, 29.9634676], [-90.0613386, 29.9635286], [-90.0613437, 29.9635319], [-90.0613366, 29.9635402], [-90.061437, 29.9636052], [-90.0614261, 29.9636178], [-90.0615, 29.9636656], [-90.0615381, 29.9636903], [-90.0615632, 29.9636612], [-90.0615432, 29.9636483], [-90.0615566, 29.9636328], [-90.0615439, 29.9636246]]]}}, {"id": "877", "type": "Feature", "properties": {"id": "6b047540-26f3-48ae-9571-1adf5a46cd1b", "name": null, "subtype": null, "class": null, "height": null, "num_floors": null, "surge_class": 99, "surge_ft": 0.0, "flood_active": false, "exposure_score": 0.0, "exposure_category": "none"}, "geometry": {"type": "Polygon", "coordinates": [[[-90.0613197, 29.9635454], [-90.0612671, 29.9636006], [-90.0613878, 29.9636868], [-90.061435, 29.9636373], [-90.0614148, 29.9636228], [-90.0614201, 29.9636172], [-90.0613197, 29.9635454]]]}}, {"id": "878", "type": "Feature", "properties": {"id": "ab28237d-32ad-43f5-83b6-f50f310444f4", "name": null, "subtype": null, "class": null, "height": null, "num_floors": null, "surge_class": 99, "surge_ft": 0.0, "flood_active": false, "exposure_score": 0.0, "exposure_category": "none"}, "geometry": {"type": "Polygon", "coordinates": [[[-90.061484, 29.9637377], [-90.0615257, 29.9636904], [-90.0614479, 29.9636391], [-90.0613957, 29.9636985], [-90.0614359, 29.963725], [-90.0614465, 29.963713], [-90.061484, 29.9637377]]]}}, {"id": "879", "type": "Feature", "properties": {"id": "f4f20d59-d824-4d7a-9a7c-302b7a72505c", "name": null, "subtype": null, "class": null, "height": null, "num_floors": null, "surge_class": 99, "surge_ft": 0.0, "flood_active": false, "exposure_score": 0.0, "exposure_category": "none"}, "geometry": {"type": "Polygon", "coordinates": [[[-90.0616843, 29.9636646], [-90.0616162, 29.9636178], [-90.0615072, 29.9637382], [-90.0614895, 29.9637368], [-90.0614722, 29.9637559], [-90.0614778, 29.9637699], [-90.0614618, 29.9637876], [-90.061509, 29.9638201], [-90.0614525, 29.9638825], [-90.0615023, 29.9639167], [-90.0615788, 29.9638322], [-90.0615511, 29.9638132], [-90.0615602, 29.9638031], [-90.0615818, 29.9638179], [-90.0615768, 29.9638234], [-90.0616194, 29.9638526], [-90.0616534, 29.963815], [-90.0616715, 29.9638274], [-90.0616853, 29.9638121], [-90.0616752, 29.9638051], [-90.0617574, 29.9637144], [-90.0617065, 29.9636794], [-90.0616474, 29.9637447], [-90.0616254, 29.9637297], [-90.0616843, 29.9636646]]]}}, {"id": "880", "type": "Feature", "properties": {"id": "d88137eb-c07c-46d9-86ee-b348e631888d", "name": null, "subtype": null, "class": null, "height": null, "num_floors": null, "surge_class": 99, "surge_ft": 0.0, "flood_active": false, "exposure_score": 0.0, "exposure_category": "none"}, "geometry": {"type": "Polygon", "coordinates": [[[-90.0618524, 29.9637762], [-90.0617712, 29.9637212], [-90.0616916, 29.9638103], [-90.0617729, 29.9638653], [-90.0618524, 29.9637762]]]}}, {"id": "881", "type": "Feature", "properties": {"id": "729c9675-ad2e-49e3-8638-a0c1ef41a732", "name": null, "subtype": null, "class": null, "height": null, "num_floors": null, "surge_class": 99, "surge_ft": 0.0, "flood_active": false, "exposure_score": 0.0, "exposure_category": "none"}, "geometry": {"type": "Polygon", "coordinates": [[[-90.0618318, 29.9639099], [-90.0619134, 29.9638212], [-90.061859, 29.9637832], [-90.0617773, 29.963872], [-90.0618318, 29.9639099]]]}}, {"id": "882", "type": "Feature", "properties": {"id": "a008db06-6d53-4f02-b0db-ea4f0e6c469f", "name": null, "subtype": null, "class": null, "height": 7.785366058349609, "num_floors": null, "surge_class": 99, "surge_ft": 0.0, "flood_active": false, "exposure_score": 0.0, "exposure_category": "none"}, "geometry": {"type": "Polygon", "coordinates": [[[-90.0617304, 29.9639095], [-90.0617595, 29.9638747], [-90.0616787, 29.9638239], [-90.0616467, 29.9638622], [-90.0617167, 29.9639062], [-90.0617196, 29.9639027], [-90.0617304, 29.9639095]]]}}, {"id": "883", "type": "Feature", "properties": {"id": "fd8fda1d-b7c1-467c-853d-8129fb747b85", "name": null, "subtype": null, "class": null, "height": 6.117579460144043, "num_floors": null, "surge_class": 99, "surge_ft": 0.0, "flood_active": false, "exposure_score": 0.0, "exposure_category": "none"}, "geometry": {"type": "Polygon", "coordinates": [[[-90.0619144, 29.9640185], [-90.061964, 29.9640426], [-90.0620633, 29.9639329], [-90.0620184, 29.9639024], [-90.0620257, 29.9638942], [-90.0619686, 29.9638555], [-90.0618895, 29.963944], [-90.0618997, 29.9639509], [-90.0618822, 29.9639705], [-90.0619294, 29.9640025], [-90.0619144, 29.9640185]]]}}, {"id": "884", "type": "Feature", "properties": {"id": "32c4086f-a5e3-4af3-a5c1-f835f9e5874f", "name": null, "subtype": null, "class": null, "height": null, "num_floors": null, "surge_class": 99, "surge_ft": 0.0, "flood_active": false, "exposure_score": 0.0, "exposure_category": "none"}, "geometry": {"type": "Polygon", "coordinates": [[[-90.0619594, 29.9638543], [-90.0619177, 29.9638266], [-90.0618478, 29.9639065], [-90.0618538, 29.9639105], [-90.0618123, 29.9639578], [-90.0618461, 29.9639802], [-90.0618815, 29.9639397], [-90.0618779, 29.9639374], [-90.0618896, 29.963924], [-90.0618951, 29.9639277], [-90.0619594, 29.9638543]]]}}, {"id": "885", "type": "Feature", "properties": {"id": "19e66610-8709-4d25-8a00-889f7b09d89c", "name": null, "subtype": null, "class": null, "height": null, "num_floors": null, "surge_class": 99, "surge_ft": 0.0, "flood_active": false, "exposure_score": 0.0, "exposure_category": "none"}, "geometry": {"type": "Polygon", "coordinates": [[[-90.0621638, 29.9637844], [-90.0621141, 29.9638401], [-90.0622329, 29.9639205], [-90.0622826, 29.9638648], [-90.0621638, 29.9637844]]]}}, {"id": "886", "type": "Feature", "properties": {"id": "6887a0e1-c9da-4218-92b2-131818fcc502", "name": null, "subtype": null, "class": null, "height": null, "num_floors": null, "surge_class": 99, "surge_ft": 0.0, "flood_active": false, "exposure_score": 0.0, "exposure_category": "none"}, "geometry": {"type": "Polygon", "coordinates": [[[-90.0622671, 29.963763], [-90.0622175, 29.9638169], [-90.0623373, 29.9639006], [-90.0623999, 29.9638326], [-90.0623046, 29.9637661], [-90.0622911, 29.9637798], [-90.0622671, 29.963763]]]}}, {"id": "887", "type": "Feature", "properties": {"id": "faf29326-57ab-41e9-b3b4-c967c9b70b62", "name": null, "subtype": null, "class": null, "height": null, "num_floors": null, "surge_class": 99, "surge_ft": 0.0, "flood_active": false, "exposure_score": 0.0, "exposure_category": "none"}, "geometry": {"type": "Polygon", "coordinates": [[[-90.0618439, 29.9641697], [-90.0618289, 29.9641855], [-90.0619687, 29.9642847], [-90.0619975, 29.9642543], [-90.0618838, 29.9641735], [-90.0618699, 29.9641882], [-90.0618439, 29.9641697]]]}}, {"id": "888", "type": "Feature", "properties": {"id": "c47d646b-be4b-4207-bc90-1f07458d59f4", "name": null, "subtype": null, "class": null, "height": null, "num_floors": null, "surge_class": 99, "surge_ft": 0.0, "flood_active": false, "exposure_score": 0.0, "exposure_category": "none"}, "geometry": {"type": "Polygon", "coordinates": [[[-90.0620158, 29.9642485], [-90.06206, 29.9641972], [-90.061904, 29.9640954], [-90.0618753, 29.9641288], [-90.0619324, 29.964166], [-90.0619167, 29.9641842], [-90.0619455, 29.964203], [-90.0619381, 29.9642116], [-90.061982, 29.9642402], [-90.0619896, 29.9642313], [-90.0620158, 29.9642485]]]}}, {"id": "889", "type": "Feature", "properties": {"id": "81e5228e-2e42-401f-b91b-ee1c5de9aac6", "name": null, "subtype": null, "class": null, "height": 5.3797149658203125, "num_floors": null, "surge_class": 99, "surge_ft": 0.0, "flood_active": false, "exposure_score": 0.0, "exposure_category": "none"}, "geometry": {"type": "Polygon", "coordinates": [[[-90.0619594, 29.9641036], [-90.0619552, 29.9641085], [-90.0620744, 29.9641869], [-90.0622141, 29.9640257], [-90.062097, 29.9639488], [-90.0620038, 29.9640562], [-90.0619993, 29.9640532], [-90.0619802, 29.9640752], [-90.0619698, 29.9640684], [-90.0619466, 29.9640952], [-90.0619594, 29.9641036]]]}}, {"id": "890", "type": "Feature", "properties": {"id": "d66d7549-3ea4-4a67-9468-a819c2c36de9", "name": null, "subtype": null, "class": null, "height": 7.710411071777344, "num_floors": null, "surge_class": 99, "surge_ft": 0.0, "flood_active": false, "exposure_score": 0.0, "exposure_category": "none"}, "geometry": {"type": "Polygon", "coordinates": [[[-90.0613193, 29.9641601], [-90.0613937, 29.9642103], [-90.0615979, 29.9639835], [-90.0615528, 29.963953], [-90.0614611, 29.9640548], [-90.0614319, 29.9640351], [-90.0613193, 29.9641601]]]}}, {"id": "891", "type": "Feature", "properties": {"id": "60d58983-b0e7-47b4-ae76-b3aac8941d3f", "name": null, "subtype": null, "class": null, "height": null, "num_floors": null, "surge_class": 99, "surge_ft": 0.0, "flood_active": false, "exposure_score": 0.0, "exposure_category": "none"}, "geometry": {"type": "Polygon", "coordinates": [[[-90.0613189, 29.9641614], [-90.0613093, 29.964172], [-90.0613802, 29.9642209], [-90.0613899, 29.9642103], [-90.0613189, 29.9641614]]]}}, {"id": "892", "type": "Feature", "properties": {"id": "6e0a1089-e86c-49ae-aa03-99964f02491b", "name": null, "subtype": null, "class": null, "height": 9.1650390625, "num_floors": null, "surge_class": 99, "surge_ft": 0.0, "flood_active": false, "exposure_score": 0.0, "exposure_category": "none"}, "geometry": {"type": "Polygon", "coordinates": [[[-90.0615934, 29.9643486], [-90.0616521, 29.9643879], [-90.0617979, 29.9642249], [-90.0617934, 29.9642219], [-90.0618392, 29.9641707], [-90.0618073, 29.9641493], [-90.0617602, 29.9642019], [-90.0617497, 29.9641949], [-90.0617107, 29.9642386], [-90.0616989, 29.9642307], [-90.0615934, 29.9643486]]]}}, {"id": "893", "type": "Feature", "properties": {"id": "b63f0d2c-16d0-40bc-98cf-778d92512d7c", "name": null, "subtype": null, "class": null, "height": 7.959910869598389, "num_floors": null, "surge_class": 99, "surge_ft": 0.0, "flood_active": false, "exposure_score": 0.0, "exposure_category": "none"}, "geometry": {"type": "Polygon", "coordinates": [[[-90.0615419, 29.9641427], [-90.0614503, 29.9642433], [-90.0615837, 29.9643344], [-90.0616772, 29.9642317], [-90.0616494, 29.9642128], [-90.0616547, 29.964207], [-90.0615774, 29.9641542], [-90.0615702, 29.964162], [-90.0615419, 29.9641427]]]}}, {"id": "894", "type": "Feature", "properties": {"id": "e272df89-12ad-4597-8b62-b9839aff3e71", "name": null, "subtype": null, "class": null, "height": null, "num_floors": null, "surge_class": 99, "surge_ft": 0.0, "flood_active": false, "exposure_score": 0.0, "exposure_category": "none"}, "geometry": {"type": "Polygon", "coordinates": [[[-90.0618723, 29.9644112], [-90.0619185, 29.9643622], [-90.0618075, 29.9642835], [-90.0617973, 29.9642943], [-90.0617882, 29.9642879], [-90.0617625, 29.9643151], [-90.0617718, 29.9643216], [-90.0617614, 29.9643326], [-90.0618723, 29.9644112]]]}}, {"id": "895", "type": "Feature", "properties": {"id": "39c84062-260a-43b3-9d45-685b59e6da73", "name": null, "subtype": null, "class": null, "height": null, "num_floors": null, "surge_class": 99, "surge_ft": 0.0, "flood_active": false, "exposure_score": 0.0, "exposure_category": "none"}, "geometry": {"type": "Polygon", "coordinates": [[[-90.061809, 29.9644918], [-90.0618742, 29.9644233], [-90.0617289, 29.9643194], [-90.0616544, 29.9643976], [-90.0617309, 29.9644523], [-90.0617354, 29.9644475], [-90.0618043, 29.9644968], [-90.061809, 29.9644918]]]}}, {"id": "896", "type": "Feature", "properties": {"id": "8550728c-5bee-4aac-81f9-8c24d5cd1386", "name": null, "subtype": null, "class": null, "height": null, "num_floors": null, "surge_class": 99, "surge_ft": 0.0, "flood_active": false, "exposure_score": 0.0, "exposure_category": "none"}, "geometry": {"type": "Polygon", "coordinates": [[[-90.0618533, 29.9642117], [-90.0617984, 29.9642697], [-90.0619148, 29.9643532], [-90.0619697, 29.9642952], [-90.0618533, 29.9642117]]]}}, {"id": "897", "type": "Feature", "properties": {"id": "ca5c49e2-3c49-4c81-bfa2-66b78bc3ebc6", "name": null, "subtype": null, "class": null, "height": null, "num_floors": null, "surge_class": 99, "surge_ft": 0.0, "flood_active": false, "exposure_score": 0.0, "exposure_category": "none"}, "geometry": {"type": "Polygon", "coordinates": [[[-90.0621899, 29.9643905], [-90.0622206, 29.9643552], [-90.0621149, 29.9642854], [-90.0620842, 29.9643208], [-90.0621899, 29.9643905]]]}}, {"id": "898", "type": "Feature", "properties": {"id": "1d628c79-8149-4c5a-8d7c-ac024d56d8e0", "name": null, "subtype": null, "class": null, "height": null, "num_floors": null, "surge_class": 99, "surge_ft": 0.0, "flood_active": false, "exposure_score": 0.0, "exposure_category": "none"}, "geometry": {"type": "Polygon", "coordinates": [[[-90.0623917, 29.96439], [-90.0624094, 29.9643693], [-90.0621726, 29.9642156], [-90.0621239, 29.9642726], [-90.0621333, 29.9642787], [-90.0621282, 29.9642846], [-90.062304, 29.9643987], [-90.0623149, 29.964386], [-90.0623787, 29.9644273], [-90.0624039, 29.9643978], [-90.0623917, 29.96439]]]}}, {"id": "899", "type": "Feature", "properties": {"id": "73f6df2a-d9b5-4890-8525-456abdffc1ed", "name": null, "subtype": null, "class": null, "height": null, "num_floors": null, "surge_class": 99, "surge_ft": 0.0, "flood_active": false, "exposure_score": 0.0, "exposure_category": "none"}, "geometry": {"type": "Polygon", "coordinates": [[[-90.0624106, 29.9644774], [-90.0624455, 29.9645013], [-90.0625072, 29.964433], [-90.0624723, 29.9644091], [-90.0624106, 29.9644774]]]}}, {"id": "900", "type": "Feature", "properties": {"id": "f135d99e-5320-410c-bf03-230610252db5", "name": null, "subtype": null, "class": null, "height": 7.763045310974121, "num_floors": null, "surge_class": 99, "surge_ft": 0.0, "flood_active": false, "exposure_score": 0.0, "exposure_category": "none"}, "geometry": {"type": "Polygon", "coordinates": [[[-90.0622551, 29.9642652], [-90.062264, 29.964258], [-90.0624464, 29.9643845], [-90.0624436, 29.9643886], [-90.0625168, 29.964438], [-90.0625617, 29.9643873], [-90.0626023, 29.9644133], [-90.0626595, 29.9643466], [-90.062613, 29.9643179], [-90.0626175, 29.9643145], [-90.0625383, 29.9642614], [-90.0625481, 29.9642523], [-90.0624397, 29.9641774], [-90.0624279, 29.9641894], [-90.0624237, 29.9641857], [-90.0624393, 29.9641687], [-90.0623146, 29.9640817], [-90.0623027, 29.9640763], [-90.0622898, 29.9640754], [-90.0622812, 29.9640779], [-90.0621726, 29.9642059], [-90.0621892, 29.9642169], [-90.0621871, 29.9642204], [-90.0622551, 29.9642652]]]}}, {"id": "901", "type": "Feature", "properties": {"id": "783d7841-f920-421f-825b-d76058845dc6", "name": null, "subtype": null, "class": null, "height": 5.058325290679932, "num_floors": null, "surge_class": 99, "surge_ft": 0.0, "flood_active": false, "exposure_score": 0.0, "exposure_category": "none"}, "geometry": {"type": "Polygon", "coordinates": [[[-90.0632622, 29.9640702], [-90.063307, 29.9640224], [-90.0632297, 29.9639673], [-90.0631848, 29.9640151], [-90.0632622, 29.9640702]]]}}, {"id": "902", "type": "Feature", "properties": {"id": "fc70e430-19f2-4cd1-b4cd-e7236edc14f4", "name": null, "subtype": null, "class": null, "height": 4.426966190338135, "num_floors": null, "surge_class": 99, "surge_ft": 0.0, "flood_active": false, "exposure_score": 0.0, "exposure_category": "none"}, "geometry": {"type": "Polygon", "coordinates": [[[-90.0634209, 29.9640711], [-90.0633617, 29.9641336], [-90.0634666, 29.9642089], [-90.0635257, 29.9641465], [-90.0634209, 29.9640711]]]}}, {"id": "903", "type": "Feature", "properties": {"id": "50f01355-38c2-43c3-ac54-9cbf7a71c6ea", "name": null, "subtype": null, "class": null, "height": null, "num_floors": null, "surge_class": 99, "surge_ft": 0.0, "flood_active": false, "exposure_score": 0.0, "exposure_category": "none"}, "geometry": {"type": "Polygon", "coordinates": [[[-90.0629768, 29.9645695], [-90.0629254, 29.9645363], [-90.0627893, 29.9646962], [-90.0628655, 29.9647454], [-90.0629242, 29.9646763], [-90.0629356, 29.9646836], [-90.062903, 29.964722], [-90.0629706, 29.9647655], [-90.0630181, 29.9647097], [-90.0630277, 29.9647159], [-90.0630918, 29.9646405], [-90.0630348, 29.9646037], [-90.0630463, 29.9645902], [-90.0629901, 29.9645539], [-90.0629768, 29.9645695]]]}}, {"id": "904", "type": "Feature", "properties": {"id": "aca57bbd-e881-4380-bb33-dad6411c2123", "name": null, "subtype": null, "class": null, "height": null, "num_floors": null, "surge_class": 99, "surge_ft": 0.0, "flood_active": false, "exposure_score": 0.0, "exposure_category": "none"}, "geometry": {"type": "Polygon", "coordinates": [[[-90.0633935, 29.9650038], [-90.063481, 29.9649063], [-90.0633502, 29.9648173], [-90.0632627, 29.9649147], [-90.0633935, 29.9650038]]]}}, {"id": "905", "type": "Feature", "properties": {"id": "03c54af7-9e19-4349-a7c6-9a7a33c93c5c", "name": null, "subtype": null, "class": null, "height": null, "num_floors": null, "surge_class": 99, "surge_ft": 0.0, "flood_active": false, "exposure_score": 0.0, "exposure_category": "none"}, "geometry": {"type": "Polygon", "coordinates": [[[-90.0632329, 29.9649412], [-90.0633488, 29.9648101], [-90.0631863, 29.9647012], [-90.062992, 29.964921], [-90.0630684, 29.9649722], [-90.0631468, 29.9648835], [-90.0632329, 29.9649412]]]}}, {"id": "906", "type": "Feature", "properties": {"id": "dfb1ff0e-0b91-4317-8a56-a1e274b9e4d0", "name": null, "subtype": null, "class": null, "height": null, "num_floors": null, "surge_class": 99, "surge_ft": 0.0, "flood_active": false, "exposure_score": 0.0, "exposure_category": "none"}, "geometry": {"type": "Polygon", "coordinates": [[[-90.0630275, 29.9647215], [-90.062972, 29.9647833], [-90.0629778, 29.9647872], [-90.0630333, 29.9647254], [-90.0630275, 29.9647215]]]}}, {"id": "907", "type": "Feature", "properties": {"id": "048af38f-d5bb-4d99-9e25-5ae431e5bbde", "name": null, "subtype": null, "class": null, "height": null, "num_floors": null, "surge_class": 99, "surge_ft": 0.0, "flood_active": false, "exposure_score": 0.0, "exposure_category": "none"}, "geometry": {"type": "Polygon", "coordinates": [[[-90.0627012, 29.9646446], [-90.0626483, 29.9646956], [-90.0626932, 29.9647309], [-90.0627461, 29.9646799], [-90.0627012, 29.9646446]]]}}, {"id": "908", "type": "Feature", "properties": {"id": "f1beb778-35d4-41ab-b16e-9f57a5484a2a", "name": null, "subtype": null, "class": null, "height": null, "num_floors": null, "surge_class": 99, "surge_ft": 0.0, "flood_active": false, "exposure_score": 0.0, "exposure_category": "none"}, "geometry": {"type": "Polygon", "coordinates": [[[-90.062901, 29.964816], [-90.062923, 29.9647913], [-90.0627936, 29.9647037], [-90.0627481, 29.9647546], [-90.0628713, 29.9648379], [-90.0628947, 29.9648117], [-90.062901, 29.964816]]]}}, {"id": "909", "type": "Feature", "properties": {"id": "3a726eaf-9cea-4c15-aa68-4cdfe3c1df01", "name": null, "subtype": null, "class": null, "height": null, "num_floors": null, "surge_class": 99, "surge_ft": 0.0, "flood_active": false, "exposure_score": 0.0, "exposure_category": "none"}, "geometry": {"type": "Polygon", "coordinates": [[[-90.0629079, 29.9647278], [-90.0628805, 29.9647591], [-90.0629328, 29.9647938], [-90.0629602, 29.9647625], [-90.0629079, 29.9647278]]]}}, {"id": "910", "type": "Feature", "properties": {"id": "ef8b19d0-6d98-41ae-8ef3-26ee26644bb7", "name": null, "subtype": null, "class": null, "height": null, "num_floors": null, "surge_class": 99, "surge_ft": 0.0, "flood_active": false, "exposure_score": 0.0, "exposure_category": "none"}, "geometry": {"type": "Polygon", "coordinates": [[[-90.0625377, 29.9648215], [-90.0624387, 29.9649309], [-90.0625005, 29.9649733], [-90.0627054, 29.964747], [-90.06266, 29.9647158], [-90.0625541, 29.9648328], [-90.0625377, 29.9648215]]]}}, {"id": "911", "type": "Feature", "properties": {"id": "ad53a4d6-23ac-4090-b5b6-c2753c305ea1", "name": null, "subtype": null, "class": null, "height": null, "num_floors": null, "surge_class": 99, "surge_ft": 0.0, "flood_active": false, "exposure_score": 0.0, "exposure_category": "none"}, "geometry": {"type": "Polygon", "coordinates": [[[-90.0625301, 29.9646634], [-90.0625179, 29.9646552], [-90.062438, 29.9647458], [-90.0624932, 29.9647827], [-90.0625464, 29.9647224], [-90.0625777, 29.9647433], [-90.0626242, 29.9646905], [-90.06255, 29.9646408], [-90.0625301, 29.9646634]]]}}, {"id": "912", "type": "Feature", "properties": {"id": "e4b08186-5bd6-4e29-bcfd-d847f4c3ebf0", "name": null, "subtype": null, "class": null, "height": null, "num_floors": null, "surge_class": 99, "surge_ft": 0.0, "flood_active": false, "exposure_score": 0.0, "exposure_category": "none"}, "geometry": {"type": "Polygon", "coordinates": [[[-90.0626154, 29.9645685], [-90.0625783, 29.9646084], [-90.0626549, 29.9646624], [-90.062692, 29.9646225], [-90.0626154, 29.9645685]]]}}, {"id": "913", "type": "Feature", "properties": {"id": "4ca66c48-c1c5-4cdd-b913-5814aea05bb2", "name": null, "subtype": null, "class": null, "height": null, "num_floors": null, "surge_class": 99, "surge_ft": 0.0, "flood_active": false, "exposure_score": 0.0, "exposure_category": "none"}, "geometry": {"type": "Polygon", "coordinates": [[[-90.0626448, 29.9646946], [-90.0626641, 29.9646714], [-90.0626128, 29.9646389], [-90.0625934, 29.9646621], [-90.0626448, 29.9646946]]]}}, {"id": "914", "type": "Feature", "properties": {"id": "9bec165f-a49d-4372-9938-9a938f1abaae", "name": null, "subtype": null, "class": null, "height": null, "num_floors": null, "surge_class": 99, "surge_ft": 0.0, "flood_active": false, "exposure_score": 0.0, "exposure_category": "none"}, "geometry": {"type": "Polygon", "coordinates": [[[-90.0629306, 29.9645292], [-90.0628581, 29.9644792], [-90.0627398, 29.9646095], [-90.0627464, 29.964614], [-90.0627298, 29.9646323], [-90.0627914, 29.9646747], [-90.0628078, 29.9646566], [-90.0628121, 29.9646596], [-90.0629306, 29.9645292]]]}}, {"id": "915", "type": "Feature", "properties": {"id": "06f1a1df-7626-4467-9f99-48918360147f", "name": null, "subtype": null, "class": null, "height": null, "num_floors": null, "surge_class": 99, "surge_ft": 0.0, "flood_active": false, "exposure_score": 0.0, "exposure_category": "none"}, "geometry": {"type": "Polygon", "coordinates": [[[-90.0626415, 29.9645116], [-90.062742, 29.964581], [-90.0628454, 29.9644674], [-90.062745, 29.9643981], [-90.0626415, 29.9645116]]]}}, {"id": "916", "type": "Feature", "properties": {"id": "13c4b668-e4b3-4da9-a14f-082fbd037480", "name": null, "subtype": null, "class": null, "height": null, "num_floors": null, "surge_class": 99, "surge_ft": 0.0, "flood_active": false, "exposure_score": 0.0, "exposure_category": "none"}, "geometry": {"type": "Polygon", "coordinates": [[[-90.0625328, 29.9645356], [-90.062577, 29.9645669], [-90.0627355, 29.9643971], [-90.0626966, 29.9643696], [-90.0625646, 29.964511], [-90.0625592, 29.9645073], [-90.0625328, 29.9645356]]]}}, {"id": "917", "type": "Feature", "properties": {"id": "a31b81de-eb4a-4fac-b107-862b5f2d231d", "name": null, "subtype": null, "class": null, "height": null, "num_floors": null, "surge_class": 99, "surge_ft": 0.0, "flood_active": false, "exposure_score": 0.0, "exposure_category": "none"}, "geometry": {"type": "Polygon", "coordinates": [[[-90.0624625, 29.9644889], [-90.0624155, 29.9645398], [-90.0625291, 29.9646192], [-90.062576, 29.9645684], [-90.0624625, 29.9644889]]]}}, {"id": "918", "type": "Feature", "properties": {"id": "4d61d745-aff4-4457-aec9-5c475ee0af6a", "name": null, "subtype": null, "class": null, "height": null, "num_floors": null, "surge_class": 99, "surge_ft": 0.0, "flood_active": false, "exposure_score": 0.0, "exposure_category": "none"}, "geometry": {"type": "Polygon", "coordinates": [[[-90.0624105, 29.9645388], [-90.0624423, 29.9645022], [-90.0622916, 29.9644027], [-90.0622597, 29.9644392], [-90.0624105, 29.9645388]]]}}, {"id": "919", "type": "Feature", "properties": {"id": "54fc0a78-d3b7-43b3-9b86-5457ced4f436", "name": null, "subtype": null, "class": null, "height": 11.272807121276855, "num_floors": null, "surge_class": 99, "surge_ft": 0.0, "flood_active": false, "exposure_score": 0.0, "exposure_category": "none"}, "geometry": {"type": "Polygon", "coordinates": [[[-90.0621484, 29.9644719], [-90.0621077, 29.9644457], [-90.0619596, 29.9646178], [-90.0620453, 29.9646732], [-90.0620482, 29.9646699], [-90.0621016, 29.9647044], [-90.0621458, 29.9646531], [-90.0621705, 29.964669], [-90.0622375, 29.9645911], [-90.0622106, 29.9645737], [-90.0622177, 29.9645656], [-90.0622107, 29.9645611], [-90.0622935, 29.9644649], [-90.0622537, 29.9644391], [-90.0622907, 29.9643961], [-90.0622411, 29.9643641], [-90.0621484, 29.9644719]]]}}, {"id": "920", "type": "Feature", "properties": {"id": "342ac155-8750-45f4-9175-1668c3bebd1a", "name": null, "subtype": null, "class": null, "height": 8.47227668762207, "num_floors": null, "surge_class": 99, "surge_ft": 0.0, "flood_active": false, "exposure_score": 0.0, "exposure_category": "none"}, "geometry": {"type": "Polygon", "coordinates": [[[-90.0620853, 29.964429], [-90.0620295, 29.9643925], [-90.0618905, 29.9645521], [-90.0619454, 29.964588], [-90.061995, 29.964531], [-90.0620133, 29.964543], [-90.0620487, 29.9645023], [-90.0620314, 29.9644909], [-90.0620853, 29.964429]]]}}, {"id": "921", "type": "Feature", "properties": {"id": "7ee1efdb-6f80-4147-b054-491ff9fbee05", "name": null, "subtype": null, "class": null, "height": null, "num_floors": null, "surge_class": 99, "surge_ft": 0.0, "flood_active": false, "exposure_score": 0.0, "exposure_category": "none"}, "geometry": {"type": "Polygon", "coordinates": [[[-90.061392, 29.9647381], [-90.0613677, 29.9647655], [-90.0614501, 29.9648211], [-90.061566, 29.9646907], [-90.0614928, 29.9646415], [-90.0614013, 29.9647444], [-90.061392, 29.9647381]]]}}, {"id": "922", "type": "Feature", "properties": {"id": "4b7cd038-4873-4379-a57f-5859aef58874", "name": null, "subtype": null, "class": null, "height": null, "num_floors": null, "surge_class": 99, "surge_ft": 0.0, "flood_active": false, "exposure_score": 0.0, "exposure_category": "none"}, "geometry": {"type": "Polygon", "coordinates": [[[-90.0613378, 29.9648154], [-90.0613105, 29.9647967], [-90.0612894, 29.96482], [-90.0613931, 29.9648912], [-90.0614483, 29.9648303], [-90.0613718, 29.9647778], [-90.0613378, 29.9648154]]]}}, {"id": "923", "type": "Feature", "properties": {"id": "77983b78-27de-4670-a101-769b36ffc33b", "name": null, "subtype": null, "class": null, "height": null, "num_floors": null, "surge_class": 99, "surge_ft": 0.0, "flood_active": false, "exposure_score": 0.0, "exposure_category": "none"}, "geometry": {"type": "Polygon", "coordinates": [[[-90.0622317, 29.9647831], [-90.0623067, 29.964835], [-90.0624488, 29.9646793], [-90.0624684, 29.9646928], [-90.0625296, 29.9646256], [-90.062406, 29.9645402], [-90.0623764, 29.9645726], [-90.0624546, 29.9646267], [-90.0624259, 29.9646581], [-90.0624076, 29.9646454], [-90.0623843, 29.9646709], [-90.0623728, 29.964663], [-90.0623564, 29.9646809], [-90.0623371, 29.9646675], [-90.0622317, 29.9647831]]]}}, {"id": "924", "type": "Feature", "properties": {"id": "59154df5-a561-4060-a097-84c0815b5f26", "name": null, "subtype": null, "class": null, "height": null, "num_floors": null, "surge_class": 99, "surge_ft": 0.0, "flood_active": false, "exposure_score": 0.0, "exposure_category": "none"}, "geometry": {"type": "Polygon", "coordinates": [[[-90.0619148, 29.9651251], [-90.0618351, 29.9652124], [-90.0619171, 29.9652691], [-90.0620552, 29.9651178], [-90.0620219, 29.9650948], [-90.0620741, 29.9650376], [-90.0620046, 29.9649895], [-90.061894, 29.9651107], [-90.0619148, 29.9651251]]]}}, {"id": "925", "type": "Feature", "properties": {"id": "8e599de5-e47b-4fb9-9438-b2db72f45618", "name": null, "subtype": null, "class": null, "height": 8.399072647094727, "num_floors": null, "surge_class": 99, "surge_ft": 0.0, "flood_active": false, "exposure_score": 0.0, "exposure_category": "none"}, "geometry": {"type": "Polygon", "coordinates": [[[-90.0616103, 29.9651061], [-90.0616302, 29.9650843], [-90.0616547, 29.9651012], [-90.061821, 29.9649185], [-90.0616854, 29.9648249], [-90.0616411, 29.9648735], [-90.0616254, 29.9648627], [-90.0615972, 29.9648937], [-90.0616159, 29.9649066], [-90.0615653, 29.9649622], [-90.0615467, 29.9649494], [-90.0615243, 29.9649741], [-90.0615437, 29.9649875], [-90.0615227, 29.9650106], [-90.0615577, 29.9650348], [-90.0615476, 29.9650459], [-90.0615759, 29.9650655], [-90.0615537, 29.9650898], [-90.0615668, 29.9650988], [-90.0615795, 29.9650849], [-90.0616103, 29.9651061]]]}}, {"id": "926", "type": "Feature", "properties": {"id": "15c80771-86ff-4ecc-ae37-90e59999eb26", "name": null, "subtype": null, "class": null, "height": null, "num_floors": null, "surge_class": 99, "surge_ft": 0.0, "flood_active": false, "exposure_score": 0.0, "exposure_category": "none"}, "geometry": {"type": "Polygon", "coordinates": [[[-90.0615558, 29.9650636], [-90.0615111, 29.9650318], [-90.0614689, 29.9650768], [-90.0615136, 29.9651086], [-90.0615558, 29.9650636]]]}}, {"id": "927", "type": "Feature", "properties": {"id": "f6c54b11-b6e6-4947-8ea4-9685fa5bc806", "name": null, "subtype": null, "class": null, "height": null, "num_floors": null, "surge_class": 99, "surge_ft": 0.0, "flood_active": false, "exposure_score": 0.0, "exposure_category": "none"}, "geometry": {"type": "Polygon", "coordinates": [[[-90.0618155, 29.9651028], [-90.061693, 29.9652438], [-90.0617456, 29.9652784], [-90.0619928, 29.9649939], [-90.0619215, 29.9649469], [-90.0617968, 29.9650904], [-90.0618155, 29.9651028]]]}}, {"id": "928", "type": "Feature", "properties": {"id": "b9b5d685-5a09-4891-983c-e2819f0ca9eb", "name": null, "subtype": null, "class": null, "height": 6.5625410079956055, "num_floors": null, "surge_class": 99, "surge_ft": 0.0, "flood_active": false, "exposure_score": 0.0, "exposure_category": "none"}, "geometry": {"type": "Polygon", "coordinates": [[[-90.0616268, 29.9652065], [-90.0614402, 29.9650785], [-90.0613674, 29.965159], [-90.0616088, 29.9653245], [-90.06167, 29.9652568], [-90.0616153, 29.9652193], [-90.0616268, 29.9652065]]]}}, {"id": "929", "type": "Feature", "properties": {"id": "a6b02727-40e9-4903-8e41-0c86e47b9f6f", "name": null, "subtype": null, "class": null, "height": 6.635191440582275, "num_floors": null, "surge_class": 99, "surge_ft": 0.0, "flood_active": false, "exposure_score": 0.0, "exposure_category": "none"}, "geometry": {"type": "Polygon", "coordinates": [[[-90.0613589, 29.9651667], [-90.0613027, 29.9652304], [-90.0614932, 29.9653576], [-90.0615494, 29.9652939], [-90.0613589, 29.9651667]]]}}, {"id": "930", "type": "Feature", "properties": {"id": "f2f6b0f2-b6ee-4525-88db-846221ac7ad6", "name": null, "subtype": null, "class": null, "height": null, "num_floors": null, "surge_class": 99, "surge_ft": 0.0, "flood_active": false, "exposure_score": 0.0, "exposure_category": "none"}, "geometry": {"type": "Polygon", "coordinates": [[[-90.0617637, 29.9653611], [-90.0617115, 29.9653231], [-90.0616946, 29.9653407], [-90.0617468, 29.9653787], [-90.0617637, 29.9653611]]]}}, {"id": "931", "type": "Feature", "properties": {"id": "628fbf5f-6661-4d12-83ab-d9e9e2813315", "name": null, "subtype": null, "class": null, "height": null, "num_floors": null, "surge_class": 99, "surge_ft": 0.0, "flood_active": false, "exposure_score": 0.0, "exposure_category": "none"}, "geometry": {"type": "Polygon", "coordinates": [[[-90.0619539, 29.9653428], [-90.0619938, 29.9652988], [-90.0620867, 29.9653625], [-90.0622361, 29.9651973], [-90.0622019, 29.9651738], [-90.062212, 29.9651627], [-90.0621449, 29.9651167], [-90.062036, 29.9652372], [-90.0619903, 29.9652059], [-90.0619464, 29.9652545], [-90.0619441, 29.9652488], [-90.0618953, 29.9653027], [-90.0619539, 29.9653428]]]}}, {"id": "932", "type": "Feature", "properties": {"id": "ac57f2e5-4afc-400e-979f-a624fd54a47b", "name": null, "subtype": null, "class": null, "height": null, "num_floors": null, "surge_class": 99, "surge_ft": 0.0, "flood_active": false, "exposure_score": 0.0, "exposure_category": "none"}, "geometry": {"type": "Polygon", "coordinates": [[[-90.0625043, 29.9649823], [-90.0625743, 29.9650297], [-90.0627285, 29.9648569], [-90.0626585, 29.9648096], [-90.0625043, 29.9649823]]]}}, {"id": "933", "type": "Feature", "properties": {"id": "9d9438b7-e490-4e53-8b05-2f615e003b02", "name": null, "subtype": null, "class": null, "height": null, "num_floors": null, "surge_class": 99, "surge_ft": 0.0, "flood_active": false, "exposure_score": 0.0, "exposure_category": "none"}, "geometry": {"type": "Polygon", "coordinates": [[[-90.0627022, 29.9649094], [-90.0625897, 29.9650392], [-90.0626751, 29.9650953], [-90.062884, 29.9648542], [-90.0628353, 29.9648222], [-90.0627521, 29.9649182], [-90.0627288, 29.9649029], [-90.0627156, 29.9649182], [-90.0627022, 29.9649094]]]}}, {"id": "934", "type": "Feature", "properties": {"id": "b7645b43-a2a0-4995-8ce6-d123d7af9055", "name": null, "subtype": null, "class": null, "height": null, "num_floors": null, "surge_class": 99, "surge_ft": 0.0, "flood_active": false, "exposure_score": 0.0, "exposure_category": "none"}, "geometry": {"type": "Polygon", "coordinates": [[[-90.0629162, 29.9650024], [-90.0627772, 29.965158], [-90.0628382, 29.9651993], [-90.0630466, 29.9649659], [-90.0630047, 29.9649375], [-90.0629352, 29.9650153], [-90.0629162, 29.9650024]]]}}, {"id": "935", "type": "Feature", "properties": {"id": "ac4a4187-b4e0-4aec-9a4a-594d86cb7bf5", "name": null, "subtype": null, "class": null, "height": null, "num_floors": null, "surge_class": 99, "surge_ft": 0.0, "flood_active": false, "exposure_score": 0.0, "exposure_category": "none"}, "geometry": {"type": "Polygon", "coordinates": [[[-90.0628925, 29.9652139], [-90.0629101, 29.9652123], [-90.062958, 29.9652445], [-90.0631094, 29.9650735], [-90.0630499, 29.9650336], [-90.0629942, 29.9650965], [-90.0629623, 29.9650752], [-90.0628819, 29.965166], [-90.062888, 29.9651701], [-90.0628791, 29.9651802], [-90.0628852, 29.9651843], [-90.0628805, 29.9651897], [-90.0628808, 29.9652061], [-90.0628925, 29.9652139]]]}}, {"id": "936", "type": "Feature", "properties": {"id": "71d81eb2-22f6-4518-8849-17e91224e5f3", "name": null, "subtype": null, "class": null, "height": null, "num_floors": null, "surge_class": 99, "surge_ft": 0.0, "flood_active": false, "exposure_score": 0.0, "exposure_category": "none"}, "geometry": {"type": "Polygon", "coordinates": [[[-90.0630267, 29.964997], [-90.0630948, 29.9650436], [-90.0631215, 29.9650139], [-90.0630534, 29.9649674], [-90.0630267, 29.964997]]]}}, {"id": "937", "type": "Feature", "properties": {"id": "41309f4a-4b91-4163-a8b8-d713124db06e", "name": null, "subtype": null, "class": null, "height": 7.929217338562012, "num_floors": null, "surge_class": 99, "surge_ft": 0.0, "flood_active": false, "exposure_score": 0.0, "exposure_category": "none"}, "geometry": {"type": "Polygon", "coordinates": [[[-90.0632563, 29.9654758], [-90.0634015, 29.9653115], [-90.0634104, 29.9653174], [-90.0636609, 29.9650339], [-90.0635607, 29.9649667], [-90.0635074, 29.965027], [-90.0635457, 29.9650526], [-90.0634289, 29.9651849], [-90.0633261, 29.9651161], [-90.0631005, 29.9653715], [-90.0632563, 29.9654758]]]}}, {"id": "938", "type": "Feature", "properties": {"id": "6f505467-32ae-4b9a-b45b-e67207f7542c", "name": null, "subtype": null, "class": null, "height": null, "num_floors": null, "surge_class": 99, "surge_ft": 0.0, "flood_active": false, "exposure_score": 0.0, "exposure_category": "none"}, "geometry": {"type": "Polygon", "coordinates": [[[-90.0630397, 29.9653148], [-90.063025, 29.9653312], [-90.0630912, 29.9653761], [-90.0633332, 29.9651055], [-90.0632698, 29.9650626], [-90.063224, 29.9651138], [-90.0631382, 29.9650556], [-90.0630791, 29.9651217], [-90.0631643, 29.9651794], [-90.063099, 29.9652525], [-90.0630868, 29.9652442], [-90.0630619, 29.9652461], [-90.0630377, 29.9652732], [-90.0630444, 29.9652935], [-90.0630308, 29.9653088], [-90.0630397, 29.9653148]]]}}, {"id": "939", "type": "Feature", "properties": {"id": "ed8bc9a6-0925-4996-a256-ba70ee0914e1", "name": null, "subtype": null, "class": null, "height": null, "num_floors": null, "surge_class": 99, "surge_ft": 0.0, "flood_active": false, "exposure_score": 0.0, "exposure_category": "none"}, "geometry": {"type": "Polygon", "coordinates": [[[-90.0635406, 29.9653154], [-90.0634969, 29.9653622], [-90.0635724, 29.9654158], [-90.0636162, 29.965369], [-90.0635406, 29.9653154]]]}}, {"id": "940", "type": "Feature", "properties": {"id": "c9bae288-a1c4-4eef-8f69-d01cca2dd302", "name": null, "subtype": null, "class": null, "height": null, "num_floors": null, "surge_class": 99, "surge_ft": 0.0, "flood_active": false, "exposure_score": 0.0, "exposure_category": "none"}, "geometry": {"type": "Polygon", "coordinates": [[[-90.063671, 29.9653145], [-90.0638257, 29.965145], [-90.0637706, 29.9651068], [-90.063588, 29.9653069], [-90.0636394, 29.9653425], [-90.0636251, 29.9653582], [-90.0637794, 29.9654649], [-90.0638216, 29.9654187], [-90.063671, 29.9653145]]]}}, {"id": "941", "type": "Feature", "properties": {"id": "268e78d2-cc9f-46c7-be2f-55a07f97195e", "name": null, "subtype": null, "class": null, "height": null, "num_floors": null, "surge_class": 99, "surge_ft": 0.0, "flood_active": false, "exposure_score": 0.0, "exposure_category": "none"}, "geometry": {"type": "Polygon", "coordinates": [[[-90.0636343, 29.9651758], [-90.0637246, 29.9650731], [-90.0636657, 29.9650338], [-90.0634775, 29.9652479], [-90.0635276, 29.9652812], [-90.0635628, 29.9652412], [-90.0635767, 29.9652505], [-90.0636394, 29.9651792], [-90.0636343, 29.9651758]]]}}, {"id": "942", "type": "Feature", "properties": {"id": "b3068657-9c51-42dd-8d6f-2d2ce92a9919", "name": null, "subtype": null, "class": null, "height": null, "num_floors": null, "surge_class": 99, "surge_ft": 0.0, "flood_active": false, "exposure_score": 0.0, "exposure_category": "none"}, "geometry": {"type": "Polygon", "coordinates": [[[-90.063466, 29.9649476], [-90.0635157, 29.9649826], [-90.0635426, 29.9649537], [-90.0634929, 29.9649187], [-90.063466, 29.9649476]]]}}, {"id": "943", "type": "Feature", "properties": {"id": "8ea9ffa4-b26e-4f0b-b0d8-0f2fd7f05ea3", "name": "Center of Jesus the Lord", "subtype": "religious", "class": null, "height": null, "num_floors": null, "surge_class": 99, "surge_ft": 0.0, "flood_active": false, "exposure_score": 0.0, "exposure_category": "none"}, "geometry": {"type": "Polygon", "coordinates": [[[-90.0635523, 29.9647928], [-90.0635344, 29.9648134], [-90.0636454, 29.9648865], [-90.0636553, 29.964875], [-90.0636677, 29.9648832], [-90.0637476, 29.9647911], [-90.0637592, 29.9647988], [-90.0636956, 29.964872], [-90.0637422, 29.9649027], [-90.0637491, 29.9648949], [-90.0639168, 29.9650053], [-90.0638751, 29.9650532], [-90.0639913, 29.9651297], [-90.0640301, 29.965085], [-90.0639552, 29.9650357], [-90.0640231, 29.9649576], [-90.0641345, 29.965031], [-90.0642195, 29.9649332], [-90.0641156, 29.9648648], [-90.06417, 29.9648021], [-90.0641812, 29.9648095], [-90.0641965, 29.9647918], [-90.0642311, 29.9648146], [-90.0642794, 29.9647589], [-90.0642621, 29.9647474], [-90.064274, 29.9647337], [-90.0642401, 29.9647113], [-90.0641842, 29.9647758], [-90.0639194, 29.9646014], [-90.0639369, 29.9645813], [-90.0638524, 29.9645256], [-90.0638282, 29.9645534], [-90.0637713, 29.9645159], [-90.0636701, 29.9646323], [-90.0636529, 29.964621], [-90.063578, 29.9647072], [-90.0635287, 29.9646748], [-90.0635165, 29.9646888], [-90.0634921, 29.9646728], [-90.0634741, 29.9646935], [-90.0634268, 29.9646624], [-90.0633871, 29.9647082], [-90.0635025, 29.9647843], [-90.0635159, 29.9647689], [-90.0635523, 29.9647928]], [[-90.0639331, 29.9646839], [-90.0638578, 29.9647671], [-90.0638087, 29.9647334], [-90.063884, 29.9646502], [-90.0639331, 29.9646839]], [[-90.0640082, 29.9647985], [-90.063953, 29.9647609], [-90.063993, 29.9647164], [-90.0640482, 29.9647541], [-90.0640082, 29.9647985]], [[-90.063839, 29.9648869], [-90.0638817, 29.9648415], [-90.0639363, 29.9648805], [-90.0638937, 29.9649258], [-90.063839, 29.9648869]]]}}, {"id": "944", "type": "Feature", "properties": {"id": "66e54df3-4a63-468c-a696-a6b1fc1a5e0f", "name": null, "subtype": null, "class": null, "height": null, "num_floors": null, "surge_class": 99, "surge_ft": 0.0, "flood_active": false, "exposure_score": 0.0, "exposure_category": "none"}, "geometry": {"type": "Polygon", "coordinates": [[[-90.0638611, 29.9644169], [-90.0638279, 29.9644535], [-90.063993, 29.9645674], [-90.0640208, 29.9645368], [-90.064011, 29.9645301], [-90.0640158, 29.9645248], [-90.0639355, 29.9644695], [-90.0639306, 29.9644748], [-90.063919, 29.9644668], [-90.0639246, 29.9644607], [-90.0638611, 29.9644169]]]}}, {"id": "945", "type": "Feature", "properties": {"id": "e3a3fcad-a426-47dd-99dd-193b1fed45f9", "name": null, "subtype": null, "class": null, "height": null, "num_floors": null, "surge_class": 99, "surge_ft": 0.0, "flood_active": false, "exposure_score": 0.0, "exposure_category": "none"}, "geometry": {"type": "Polygon", "coordinates": [[[-90.0645406, 29.9645869], [-90.0645737, 29.9646096], [-90.0646885, 29.9644828], [-90.0646896, 29.9644563], [-90.0646139, 29.9644044], [-90.0645802, 29.9644416], [-90.0645701, 29.9644347], [-90.0644822, 29.9645319], [-90.0644365, 29.9645006], [-90.0644107, 29.9645291], [-90.0643857, 29.964512], [-90.0643135, 29.9645919], [-90.0643298, 29.9646031], [-90.0643041, 29.9646314], [-90.0643486, 29.9646619], [-90.0643291, 29.9646834], [-90.0643597, 29.9647045], [-90.0643752, 29.9646874], [-90.0644647, 29.9647489], [-90.0645181, 29.96469], [-90.0644547, 29.9646465], [-90.0645134, 29.9645817], [-90.0645331, 29.9645953], [-90.0645406, 29.9645869]]]}}, {"id": "946", "type": "Feature", "properties": {"id": "2c539470-0c0e-4da5-8c66-ca3a478da91c", "name": null, "subtype": null, "class": null, "height": null, "num_floors": null, "surge_class": 99, "surge_ft": 0.0, "flood_active": false, "exposure_score": 0.0, "exposure_category": "none"}, "geometry": {"type": "Polygon", "coordinates": [[[-90.0642782, 29.9648488], [-90.0642444, 29.9648865], [-90.0642801, 29.9649108], [-90.0643497, 29.9648333], [-90.0642965, 29.9647971], [-90.0642608, 29.9648369], [-90.0642782, 29.9648488]]]}}, {"id": "947", "type": "Feature", "properties": {"id": "f56d6427-54aa-412b-bfe1-86a7fd04925b", "name": null, "subtype": null, "class": null, "height": null, "num_floors": null, "surge_class": 99, "surge_ft": 0.0, "flood_active": false, "exposure_score": 0.0, "exposure_category": "none"}, "geometry": {"type": "Polygon", "coordinates": [[[-90.0648299, 29.9649785], [-90.0649128, 29.9650397], [-90.0650982, 29.9648493], [-90.0650153, 29.9647881], [-90.0648299, 29.9649785]]]}}, {"id": "948", "type": "Feature", "properties": {"id": "b91a9f87-989c-4b40-8558-f64411e39aed", "name": null, "subtype": null, "class": null, "height": null, "num_floors": null, "surge_class": 99, "surge_ft": 0.0, "flood_active": false, "exposure_score": 0.0, "exposure_category": "none"}, "geometry": {"type": "Polygon", "coordinates": [[[-90.0649401, 29.9648551], [-90.0650221, 29.9647676], [-90.0649003, 29.9646811], [-90.0647839, 29.9648052], [-90.064767, 29.9647932], [-90.0646566, 29.964911], [-90.0647926, 29.9650077], [-90.0648323, 29.9649654], [-90.0647752, 29.9649248], [-90.0648804, 29.9648126], [-90.0649401, 29.9648551]]]}}, {"id": "949", "type": "Feature", "properties": {"id": "929debd3-177c-43f2-b7f1-6c4ae2c047d3", "name": null, "subtype": null, "class": null, "height": null, "num_floors": null, "surge_class": 99, "surge_ft": 0.0, "flood_active": false, "exposure_score": 0.0, "exposure_category": "none"}, "geometry": {"type": "Polygon", "coordinates": [[[-90.0651787, 29.9644395], [-90.0651439, 29.9644784], [-90.0651875, 29.964508], [-90.0652207, 29.9645305], [-90.0652555, 29.9644916], [-90.0652243, 29.9644704], [-90.0651787, 29.9644395]]]}}, {"id": "950", "type": "Feature", "properties": {"id": "c3055cab-5a12-4da7-b5d2-ffefb37ebc59", "name": null, "subtype": null, "class": null, "height": 7.505860328674316, "num_floors": null, "surge_class": 99, "surge_ft": 0.0, "flood_active": false, "exposure_score": 0.0, "exposure_category": "none"}, "geometry": {"type": "Polygon", "coordinates": [[[-90.0653413, 29.9646256], [-90.0654338, 29.9645197], [-90.0653585, 29.9644698], [-90.065266, 29.9645758], [-90.0653413, 29.9646256]]]}}, {"id": "951", "type": "Feature", "properties": {"id": "bca23cf8-ba65-46b3-96b5-fd38de7bd38c", "name": null, "subtype": null, "class": null, "height": null, "num_floors": null, "surge_class": 99, "surge_ft": 0.0, "flood_active": false, "exposure_score": 0.0, "exposure_category": "none"}, "geometry": {"type": "Polygon", "coordinates": [[[-90.0654864, 29.9645004], [-90.0654537, 29.9645343], [-90.0654818, 29.9645547], [-90.0655145, 29.9645208], [-90.0654864, 29.9645004]]]}}, {"id": "952", "type": "Feature", "properties": {"id": "9ba02592-683e-4ae6-b111-94f46f7f74dc", "name": null, "subtype": null, "class": null, "height": null, "num_floors": null, "surge_class": 99, "surge_ft": 0.0, "flood_active": false, "exposure_score": 0.0, "exposure_category": "none"}, "geometry": {"type": "Polygon", "coordinates": [[[-90.0655158, 29.9645279], [-90.0654778, 29.9645679], [-90.0655048, 29.9645872], [-90.0655428, 29.9645472], [-90.0655158, 29.9645279]]]}}, {"id": "953", "type": "Feature", "properties": {"id": "c4ed0683-4765-419f-9de7-e48d449bdf22", "name": null, "subtype": null, "class": null, "height": 11.678732872009277, "num_floors": null, "surge_class": 99, "surge_ft": 0.0, "flood_active": false, "exposure_score": 0.0, "exposure_category": "none"}, "geometry": {"type": "Polygon", "coordinates": [[[-90.0652358, 29.9649034], [-90.065171, 29.964853], [-90.0650283, 29.9649909], [-90.0651235, 29.9650648], [-90.0652355, 29.9649565], [-90.0652052, 29.964933], [-90.0652358, 29.9649034]]]}}, {"id": "954", "type": "Feature", "properties": {"id": "8820a85a-29f6-48fd-8967-af6c7dc75af0", "name": null, "subtype": null, "class": null, "height": null, "num_floors": null, "surge_class": 99, "surge_ft": 0.0, "flood_active": false, "exposure_score": 0.0, "exposure_category": "none"}, "geometry": {"type": "Polygon", "coordinates": [[[-90.0648616, 29.9650422], [-90.0648766, 29.9650267], [-90.0648248, 29.9649884], [-90.0648013, 29.9650125], [-90.0648405, 29.9650414], [-90.0648616, 29.9650422]]]}}, {"id": "955", "type": "Feature", "properties": {"id": "1e51afaf-3f48-4c05-9f11-7c99b164e085", "name": "Wein Jazz & Heritage Center", "subtype": "civic", "class": null, "height": null, "num_floors": null, "surge_class": 99, "surge_ft": 0.0, "flood_active": false, "exposure_score": 0.0, "exposure_category": "none"}, "geometry": {"type": "Polygon", "coordinates": [[[-90.0648231, 29.9651394], [-90.0648676, 29.9650888], [-90.0646744, 29.9649599], [-90.0645518, 29.9650992], [-90.0647443, 29.9652277], [-90.0647205, 29.9652547], [-90.0647684, 29.9652867], [-90.0647567, 29.9652999], [-90.0648021, 29.9653303], [-90.0648151, 29.9653155], [-90.0648901, 29.9653656], [-90.0649386, 29.9653105], [-90.0649644, 29.9653277], [-90.0650204, 29.9652642], [-90.0649215, 29.9651982], [-90.0649937, 29.9651161], [-90.0649401, 29.9650803], [-90.0648641, 29.9651667], [-90.0648231, 29.9651394]]]}}, {"id": "956", "type": "Feature", "properties": {"id": "a95c399d-7c55-489e-93c8-e93a82f871e9", "name": null, "subtype": null, "class": null, "height": null, "num_floors": null, "surge_class": 99, "surge_ft": 0.0, "flood_active": false, "exposure_score": 0.0, "exposure_category": "none"}, "geometry": {"type": "Polygon", "coordinates": [[[-90.0652647, 29.9652503], [-90.0652302, 29.9652834], [-90.0653102, 29.9653468], [-90.0653448, 29.9653137], [-90.0652647, 29.9652503]]]}}, {"id": "957", "type": "Feature", "properties": {"id": "f1ab5761-2d33-4c58-8e53-a599f4925ae8", "name": null, "subtype": null, "class": null, "height": null, "num_floors": null, "surge_class": 99, "surge_ft": 0.0, "flood_active": false, "exposure_score": 0.0, "exposure_category": "none"}, "geometry": {"type": "Polygon", "coordinates": [[[-90.0652751, 29.9652484], [-90.0654367, 29.9650936], [-90.0653879, 29.965055], [-90.0652263, 29.9652098], [-90.0652751, 29.9652484]]]}}, {"id": "958", "type": "Feature", "properties": {"id": "9f8966e3-74ca-4e9f-aa94-34558e5f0f11", "name": null, "subtype": null, "class": null, "height": null, "num_floors": null, "surge_class": 99, "surge_ft": 0.0, "flood_active": false, "exposure_score": 0.0, "exposure_category": "none"}, "geometry": {"type": "Polygon", "coordinates": [[[-90.0654961, 29.965149], [-90.0654333, 29.9651008], [-90.065343, 29.9651901], [-90.0654059, 29.9652383], [-90.0654961, 29.965149]]]}}, {"id": "959", "type": "Feature", "properties": {"id": "ca969f03-d62f-4ecb-bb28-69a87b4b311b", "name": null, "subtype": null, "class": null, "height": null, "num_floors": null, "surge_class": 99, "surge_ft": 0.0, "flood_active": false, "exposure_score": 0.0, "exposure_category": "none"}, "geometry": {"type": "Polygon", "coordinates": [[[-90.0655581, 29.9651988], [-90.0654983, 29.9651551], [-90.0654011, 29.9652559], [-90.0654393, 29.9652838], [-90.0653693, 29.9653564], [-90.0654064, 29.9653835], [-90.0654125, 29.9653761], [-90.0654892, 29.9652977], [-90.0654736, 29.9652863], [-90.0655581, 29.9651988]]]}}, {"id": "960", "type": "Feature", "properties": {"id": "40117102-8bc9-474e-86b5-dca15216ffdf", "name": null, "subtype": null, "class": null, "height": null, "num_floors": null, "surge_class": 99, "surge_ft": 0.0, "flood_active": false, "exposure_score": 0.0, "exposure_category": "none"}, "geometry": {"type": "Polygon", "coordinates": [[[-90.0654064, 29.9653835], [-90.0653717, 29.9654161], [-90.0654436, 29.9654717], [-90.0654844, 29.9654316], [-90.0654125, 29.9653761], [-90.0654064, 29.9653835]]]}}, {"id": "961", "type": "Feature", "properties": {"id": "5ad74024-f593-4427-86a1-b63c5c50af4a", "name": null, "subtype": null, "class": null, "height": null, "num_floors": null, "surge_class": 99, "surge_ft": 0.0, "flood_active": false, "exposure_score": 0.0, "exposure_category": "none"}, "geometry": {"type": "Polygon", "coordinates": [[[-90.0652255, 29.9654742], [-90.065212, 29.9654874], [-90.0654213, 29.965649], [-90.06545, 29.9656207], [-90.0652937, 29.9654999], [-90.0653145, 29.9654795], [-90.0651795, 29.9653752], [-90.0651434, 29.9654107], [-90.0652255, 29.9654742]]]}}, {"id": "962", "type": "Feature", "properties": {"id": "bad30d62-2bf8-4963-8438-7af55ec2cd9b", "name": null, "subtype": null, "class": null, "height": null, "num_floors": null, "surge_class": 99, "surge_ft": 0.0, "flood_active": false, "exposure_score": 0.0, "exposure_category": "none"}, "geometry": {"type": "Polygon", "coordinates": [[[-90.0647667, 29.9654925], [-90.0647971, 29.9654577], [-90.0646965, 29.9653912], [-90.0646661, 29.9654259], [-90.0647667, 29.9654925]]]}}, {"id": "963", "type": "Feature", "properties": {"id": "b29857f5-cf5e-495b-a170-819f3806299d", "name": null, "subtype": null, "class": null, "height": null, "num_floors": null, "surge_class": 99, "surge_ft": 0.0, "flood_active": false, "exposure_score": 0.0, "exposure_category": "none"}, "geometry": {"type": "Polygon", "coordinates": [[[-90.0647352, 29.9654956], [-90.0646493, 29.9654366], [-90.0645701, 29.9655242], [-90.064656, 29.9655831], [-90.0647352, 29.9654956]]]}}, {"id": "964", "type": "Feature", "properties": {"id": "27b4f7a7-e559-4057-a371-3e2070631d58", "name": null, "subtype": null, "class": null, "height": null, "num_floors": null, "surge_class": 99, "surge_ft": 0.0, "flood_active": false, "exposure_score": 0.0, "exposure_category": "none"}, "geometry": {"type": "Polygon", "coordinates": [[[-90.0648604, 29.9656344], [-90.0648872, 29.9656082], [-90.0647524, 29.9655038], [-90.0647106, 29.9655446], [-90.0647631, 29.9655854], [-90.064717, 29.9656306], [-90.0648473, 29.9657316], [-90.0649085, 29.9656718], [-90.0648604, 29.9656344]]]}}, {"id": "965", "type": "Feature", "properties": {"id": "d291aa53-8805-4558-822e-183c6ed01c21", "name": null, "subtype": null, "class": null, "height": null, "num_floors": null, "surge_class": 99, "surge_ft": 0.0, "flood_active": false, "exposure_score": 0.0, "exposure_category": "none"}, "geometry": {"type": "Polygon", "coordinates": [[[-90.0649844, 29.9658309], [-90.0650642, 29.9657547], [-90.064982, 29.9656895], [-90.0649023, 29.9657657], [-90.0649844, 29.9658309]]]}}, {"id": "966", "type": "Feature", "properties": {"id": "60b92892-8e32-440f-b1d9-f2ec82722806", "name": null, "subtype": null, "class": null, "height": null, "num_floors": null, "surge_class": 99, "surge_ft": 0.0, "flood_active": false, "exposure_score": 0.0, "exposure_category": "none"}, "geometry": {"type": "Polygon", "coordinates": [[[-90.0652113, 29.9658598], [-90.0652537, 29.9658189], [-90.0650301, 29.9656436], [-90.0649988, 29.9656739], [-90.0650606, 29.9657224], [-90.0650496, 29.965733], [-90.0652113, 29.9658598]]]}}, {"id": "967", "type": "Feature", "properties": {"id": "d2eb0cb1-528c-4749-aeab-4417d21d9461", "name": null, "subtype": null, "class": null, "height": 5.736599922180176, "num_floors": null, "surge_class": 99, "surge_ft": 0.0, "flood_active": false, "exposure_score": 0.0, "exposure_category": "none"}, "geometry": {"type": "Polygon", "coordinates": [[[-90.0653614, 29.9657103], [-90.0654141, 29.9656564], [-90.0651939, 29.9654931], [-90.0651412, 29.965547], [-90.0653614, 29.9657103]]]}}, {"id": "968", "type": "Feature", "properties": {"id": "144d3054-4dca-4c3f-822f-d52e52f46fd1", "name": null, "subtype": null, "class": null, "height": null, "num_floors": null, "surge_class": 99, "surge_ft": 0.0, "flood_active": false, "exposure_score": 0.0, "exposure_category": "none"}, "geometry": {"type": "Polygon", "coordinates": [[[-90.065143, 29.9656368], [-90.0651488, 29.9656309], [-90.0653173, 29.9657569], [-90.065357, 29.9657166], [-90.0651914, 29.9655928], [-90.0651759, 29.9656086], [-90.0651133, 29.9655618], [-90.0650833, 29.9655922], [-90.065143, 29.9656368]]]}}, {"id": "969", "type": "Feature", "properties": {"id": "4df7a7e5-6d9a-478b-a7ef-2f198de1ef64", "name": null, "subtype": null, "class": null, "height": null, "num_floors": null, "surge_class": 99, "surge_ft": 0.0, "flood_active": false, "exposure_score": 0.0, "exposure_category": "none"}, "geometry": {"type": "Polygon", "coordinates": [[[-90.0652647, 29.9658073], [-90.0653042, 29.9657685], [-90.0650815, 29.9655969], [-90.0650534, 29.9656246], [-90.0651112, 29.9656691], [-90.0650999, 29.9656803], [-90.0652647, 29.9658073]]]}}, {"id": "970", "type": "Feature", "properties": {"id": "23a5d232-76a4-41e0-aefc-10d2018feb6a", "name": null, "subtype": null, "class": null, "height": 5.485848903656006, "num_floors": null, "surge_class": 99, "surge_ft": 0.0, "flood_active": false, "exposure_score": 0.0, "exposure_category": "none"}, "geometry": {"type": "Polygon", "coordinates": [[[-90.0654839, 29.965738], [-90.0654291, 29.9657893], [-90.0655722, 29.9659052], [-90.065627, 29.965854], [-90.0654839, 29.965738]]]}}, {"id": "971", "type": "Feature", "properties": {"id": "80e1eff3-43b5-4db3-b21c-9121dc764f6e", "name": null, "subtype": null, "class": null, "height": 5.408531188964844, "num_floors": null, "surge_class": 99, "surge_ft": 0.0, "flood_active": false, "exposure_score": 0.0, "exposure_category": "none"}, "geometry": {"type": "Polygon", "coordinates": [[[-90.0652684, 29.9659516], [-90.0653359, 29.9660051], [-90.0654642, 29.9658822], [-90.0653967, 29.9658288], [-90.0652684, 29.9659516]]]}}, {"id": "972", "type": "Feature", "properties": {"id": "386d1acf-85f0-4b5c-bdc0-31328e619126", "name": null, "subtype": null, "class": null, "height": 4.565042972564697, "num_floors": null, "surge_class": 99, "surge_ft": 0.0, "flood_active": false, "exposure_score": 0.0, "exposure_category": "none"}, "geometry": {"type": "Polygon", "coordinates": [[[-90.0650956, 29.9657976], [-90.0650386, 29.9658567], [-90.0651394, 29.9659303], [-90.0651979, 29.9658695], [-90.0651568, 29.9658395], [-90.0651607, 29.9658355], [-90.0651365, 29.9658178], [-90.065131, 29.9658235], [-90.0650956, 29.9657976]]]}}, {"id": "973", "type": "Feature", "properties": {"id": "be64c4b1-15be-4ad6-a4d6-ea88ab04b763", "name": null, "subtype": null, "class": null, "height": null, "num_floors": null, "surge_class": 99, "surge_ft": 0.0, "flood_active": false, "exposure_score": 0.0, "exposure_category": "none"}, "geometry": {"type": "Polygon", "coordinates": [[[-90.0653182, 29.9660433], [-90.0653713, 29.9660847], [-90.0655361, 29.9659245], [-90.0654965, 29.9658936], [-90.0654312, 29.9659571], [-90.0654177, 29.9659466], [-90.0653182, 29.9660433]]]}}, {"id": "974", "type": "Feature", "properties": {"id": "edbdb223-7c3a-4f86-8b2b-a87f693444b7", "name": null, "subtype": null, "class": null, "height": null, "num_floors": null, "surge_class": 99, "surge_ft": 0.0, "flood_active": false, "exposure_score": 0.0, "exposure_category": "none"}, "geometry": {"type": "Polygon", "coordinates": [[[-90.0653838, 29.9660828], [-90.0654397, 29.9661263], [-90.0656115, 29.9659588], [-90.0655555, 29.9659153], [-90.0653838, 29.9660828]]]}}, {"id": "975", "type": "Feature", "properties": {"id": "7c33d7f4-4df2-4296-9253-acda6c5b7cfe", "name": null, "subtype": null, "class": null, "height": 5.553962707519531, "num_floors": null, "surge_class": 99, "surge_ft": 0.0, "flood_active": false, "exposure_score": 0.0, "exposure_category": "none"}, "geometry": {"type": "Polygon", "coordinates": [[[-90.0652554, 29.9663154], [-90.065283, 29.9662868], [-90.0650772, 29.9661359], [-90.0650293, 29.9661855], [-90.0651677, 29.966287], [-90.065188, 29.966266], [-90.0652554, 29.9663154]]]}}, {"id": "976", "type": "Feature", "properties": {"id": "109415a3-5020-4b48-80c6-ded50b78820c", "name": null, "subtype": null, "class": null, "height": 5.617351531982422, "num_floors": null, "surge_class": 99, "surge_ft": 0.0, "flood_active": false, "exposure_score": 0.0, "exposure_category": "none"}, "geometry": {"type": "Polygon", "coordinates": [[[-90.0651342, 29.966079], [-90.0650836, 29.9661343], [-90.0652412, 29.9662438], [-90.0652918, 29.9661886], [-90.0651342, 29.966079]]]}}, {"id": "977", "type": "Feature", "properties": {"id": "9a5c5a30-6d84-4c45-a994-30e768098a6b", "name": null, "subtype": null, "class": null, "height": 5.559953212738037, "num_floors": null, "surge_class": 99, "surge_ft": 0.0, "flood_active": false, "exposure_score": 0.0, "exposure_category": "none"}, "geometry": {"type": "Polygon", "coordinates": [[[-90.0647633, 29.9660255], [-90.064727, 29.9660616], [-90.0648824, 29.96618], [-90.0649187, 29.966144], [-90.0647633, 29.9660255]]]}}, {"id": "978", "type": "Feature", "properties": {"id": "22e63ada-bf28-4f63-8baf-a2a050846d91", "name": null, "subtype": null, "class": null, "height": null, "num_floors": null, "surge_class": 99, "surge_ft": 0.0, "flood_active": false, "exposure_score": 0.0, "exposure_category": "none"}, "geometry": {"type": "Polygon", "coordinates": [[[-90.0646434, 29.9661621], [-90.064606, 29.9661955], [-90.0647475, 29.9663133], [-90.0647923, 29.9662732], [-90.0646955, 29.9661932], [-90.064688, 29.9661999], [-90.0646434, 29.9661621]]]}}, {"id": "979", "type": "Feature", "properties": {"id": "4226b9a6-b86f-4617-b7cb-9be4dccbf22b", "name": null, "subtype": null, "class": null, "height": null, "num_floors": null, "surge_class": 99, "surge_ft": 0.0, "flood_active": false, "exposure_score": 0.0, "exposure_category": "none"}, "geometry": {"type": "Polygon", "coordinates": [[[-90.0645504, 29.9660215], [-90.0645831, 29.9660465], [-90.0646206, 29.9660093], [-90.0645879, 29.9659843], [-90.0645504, 29.9660215]]]}}, {"id": "980", "type": "Feature", "properties": {"id": "abcd307a-253d-4e92-8948-3b684c95598b", "name": null, "subtype": null, "class": null, "height": 6.034294605255127, "num_floors": null, "surge_class": 99, "surge_ft": 0.0, "flood_active": false, "exposure_score": 0.0, "exposure_category": "none"}, "geometry": {"type": "Polygon", "coordinates": [[[-90.0648053, 29.9660291], [-90.0649384, 29.9661249], [-90.0650525, 29.9660048], [-90.0649194, 29.965909], [-90.0648053, 29.9660291]]]}}, {"id": "981", "type": "Feature", "properties": {"id": "d3d53db8-c651-427c-9cbd-c5dcca7b50c6", "name": null, "subtype": null, "class": null, "height": null, "num_floors": null, "surge_class": 99, "surge_ft": 0.0, "flood_active": false, "exposure_score": 0.0, "exposure_category": "none"}, "geometry": {"type": "Polygon", "coordinates": [[[-90.064826, 29.9658261], [-90.0647732, 29.9657903], [-90.0647014, 29.9658706], [-90.0647465, 29.9659012], [-90.064706, 29.9659465], [-90.0647555, 29.9659801], [-90.0648184, 29.9659098], [-90.0647765, 29.9658814], [-90.064826, 29.9658261]]]}}, {"id": "982", "type": "Feature", "properties": {"id": "727f72a9-3d6b-487d-9a99-cb4aa2267a1f", "name": null, "subtype": null, "class": null, "height": 9.464900970458984, "num_floors": null, "surge_class": 99, "surge_ft": 0.0, "flood_active": false, "exposure_score": 0.0, "exposure_category": "none"}, "geometry": {"type": "Polygon", "coordinates": [[[-90.0641029, 29.9656148], [-90.0640869, 29.9656332], [-90.0644196, 29.9658495], [-90.0644254, 29.9658428], [-90.0645027, 29.965893], [-90.0645395, 29.9658505], [-90.0644921, 29.9658197], [-90.0645575, 29.9657442], [-90.0645923, 29.9657668], [-90.0646437, 29.9657074], [-90.0646059, 29.9656829], [-90.0646149, 29.9656725], [-90.0645145, 29.9656072], [-90.0645275, 29.9655922], [-90.0643667, 29.9654876], [-90.0643626, 29.9654924], [-90.0642624, 29.9654273], [-90.064101, 29.9656136], [-90.0641029, 29.9656148]]]}}, {"id": "983", "type": "Feature", "properties": {"id": "d0da0922-9373-43b0-a71f-e8ea5a16ea3c", "name": null, "subtype": null, "class": null, "height": 5.568423271179199, "num_floors": null, "surge_class": 99, "surge_ft": 0.0, "flood_active": false, "exposure_score": 0.0, "exposure_category": "none"}, "geometry": {"type": "Polygon", "coordinates": [[[-90.0636179, 29.9654587], [-90.063609, 29.9654686], [-90.063566, 29.9654391], [-90.0634143, 29.9656062], [-90.063495, 29.9656617], [-90.0635225, 29.9656314], [-90.063602, 29.9656861], [-90.0636232, 29.9656627], [-90.0636602, 29.9654878], [-90.0636179, 29.9654587]]]}}, {"id": "984", "type": "Feature", "properties": {"id": "3719b9b2-963f-4ec5-96be-d05e6f79a14f", "name": null, "subtype": null, "class": null, "height": null, "num_floors": null, "surge_class": 99, "surge_ft": 0.0, "flood_active": false, "exposure_score": 0.0, "exposure_category": "none"}, "geometry": {"type": "Polygon", "coordinates": [[[-90.063621, 29.9653713], [-90.0635737, 29.9654241], [-90.0635893, 29.9654347], [-90.0636366, 29.9653819], [-90.063621, 29.9653713]]]}}, {"id": "985", "type": "Feature", "properties": {"id": "2cd03228-20dc-4259-9e3e-73165c9ef581", "name": null, "subtype": null, "class": null, "height": null, "num_floors": null, "surge_class": 99, "surge_ft": 0.0, "flood_active": false, "exposure_score": 0.0, "exposure_category": "none"}, "geometry": {"type": "Polygon", "coordinates": [[[-90.063316, 29.9655048], [-90.0633216, 29.9654985], [-90.0633525, 29.9655194], [-90.0634971, 29.9653578], [-90.0634438, 29.9653216], [-90.0634146, 29.9653543], [-90.0634042, 29.9653472], [-90.0633479, 29.9654102], [-90.063357, 29.9654164], [-90.0633443, 29.9654306], [-90.0633291, 29.9654202], [-90.0632894, 29.9654647], [-90.0632908, 29.965477], [-90.0632807, 29.9654883], [-90.063302, 29.9655027], [-90.0633061, 29.9654982], [-90.063316, 29.9655048]]]}}, {"id": "986", "type": "Feature", "properties": {"id": "0ca7e159-0281-4775-8953-6aab0c45acaf", "name": null, "subtype": null, "class": null, "height": 6.379136085510254, "num_floors": null, "surge_class": 99, "surge_ft": 0.0, "flood_active": false, "exposure_score": 0.0, "exposure_category": "none"}, "geometry": {"type": "Polygon", "coordinates": [[[-90.0634682, 29.9654045], [-90.0633391, 29.9655495], [-90.0634113, 29.9655983], [-90.0635466, 29.9654463], [-90.0635208, 29.9654288], [-90.063506, 29.9654454], [-90.0634906, 29.9654349], [-90.0634991, 29.9654254], [-90.0634682, 29.9654045]]]}}, {"id": "987", "type": "Feature", "properties": {"id": "676434e9-010b-4976-939d-7255f5970f52", "name": null, "subtype": null, "class": null, "height": null, "num_floors": null, "surge_class": 99, "surge_ft": 0.0, "flood_active": false, "exposure_score": 0.0, "exposure_category": "none"}, "geometry": {"type": "Polygon", "coordinates": [[[-90.0626531, 29.9656299], [-90.0625421, 29.9657515], [-90.0625907, 29.9657852], [-90.0628139, 29.9655408], [-90.0627386, 29.9654887], [-90.0627229, 29.9654898], [-90.0626743, 29.9655431], [-90.0626861, 29.9655513], [-90.0626293, 29.9656134], [-90.0626531, 29.9656299]]]}}, {"id": "988", "type": "Feature", "properties": {"id": "343413c6-b51b-4d16-9ae5-cb59f246111a", "name": null, "subtype": null, "class": null, "height": null, "num_floors": null, "surge_class": 99, "surge_ft": 0.0, "flood_active": false, "exposure_score": 0.0, "exposure_category": "none"}, "geometry": {"type": "Polygon", "coordinates": [[[-90.0627296, 29.9657113], [-90.0626824, 29.9657625], [-90.062732, 29.9657972], [-90.062843, 29.965677], [-90.0628331, 29.96567], [-90.0628987, 29.9655989], [-90.0628322, 29.9655524], [-90.0627522, 29.9656391], [-90.062745, 29.965634], [-90.0627075, 29.9656747], [-90.0627157, 29.9656804], [-90.0627038, 29.9656933], [-90.0627296, 29.9657113]]]}}, {"id": "989", "type": "Feature", "properties": {"id": "24d810a5-d03b-4efb-bb0e-24ee0b0f6c5e", "name": null, "subtype": null, "class": null, "height": null, "num_floors": null, "surge_class": 99, "surge_ft": 0.0, "flood_active": false, "exposure_score": 0.0, "exposure_category": "none"}, "geometry": {"type": "Polygon", "coordinates": [[[-90.0628291, 29.9658249], [-90.0629781, 29.9656621], [-90.062907, 29.9656127], [-90.0627579, 29.9657755], [-90.0628291, 29.9658249]]]}}, {"id": "990", "type": "Feature", "properties": {"id": "041cc664-f436-4c33-a255-e6ac7b6c6449", "name": null, "subtype": null, "class": null, "height": 5.019807815551758, "num_floors": null, "surge_class": 99, "surge_ft": 0.0, "flood_active": false, "exposure_score": 0.0, "exposure_category": "none"}, "geometry": {"type": "Polygon", "coordinates": [[[-90.062473, 29.965747], [-90.0623726, 29.9656804], [-90.0623211, 29.9657392], [-90.0626027, 29.9659261], [-90.0626351, 29.9658892], [-90.0625065, 29.9658038], [-90.0625291, 29.9657781], [-90.0625265, 29.9657591], [-90.0625009, 29.965742], [-90.0624775, 29.9657418], [-90.062473, 29.965747]]]}}, {"id": "991", "type": "Feature", "properties": {"id": "50d18cf2-f9ca-44d6-858f-78bf63ab9b3a", "name": null, "subtype": null, "class": null, "height": null, "num_floors": null, "surge_class": 99, "surge_ft": 0.0, "flood_active": false, "exposure_score": 0.0, "exposure_category": "none"}, "geometry": {"type": "Polygon", "coordinates": [[[-90.0625762, 29.9656339], [-90.0625238, 29.9656915], [-90.0625511, 29.9657103], [-90.0626035, 29.9656527], [-90.0625762, 29.9656339]]]}}, {"id": "992", "type": "Feature", "properties": {"id": "2a322af3-5a3a-435a-bf4e-59c9ea3e2ca0", "name": null, "subtype": null, "class": null, "height": 5.262327194213867, "num_floors": null, "surge_class": 99, "surge_ft": 0.0, "flood_active": false, "exposure_score": 0.0, "exposure_category": "none"}, "geometry": {"type": "Polygon", "coordinates": [[[-90.0623816, 29.9656248], [-90.0624885, 29.9657002], [-90.0625432, 29.965639], [-90.0624437, 29.9655608], [-90.0623816, 29.9656248]]]}}, {"id": "993", "type": "Feature", "properties": {"id": "558b58f8-6e6e-4d30-b9cf-9575525929cb", "name": null, "subtype": null, "class": null, "height": 7.886211395263672, "num_floors": null, "surge_class": 99, "surge_ft": 0.0, "flood_active": false, "exposure_score": 0.0, "exposure_category": "none"}, "geometry": {"type": "Polygon", "coordinates": [[[-90.062622, 29.9655305], [-90.0626922, 29.9654521], [-90.0625958, 29.9653874], [-90.0624456, 29.9655554], [-90.0625636, 29.9656345], [-90.0626436, 29.965545], [-90.062622, 29.9655305]]]}}, {"id": "994", "type": "Feature", "properties": {"id": "4c53043f-5060-412f-96b4-bbfe692d1792", "name": null, "subtype": null, "class": null, "height": 8.528541564941406, "num_floors": null, "surge_class": 99, "surge_ft": 0.0, "flood_active": false, "exposure_score": 0.0, "exposure_category": "none"}, "geometry": {"type": "Polygon", "coordinates": [[[-90.0621514, 29.9654487], [-90.0621376, 29.9654627], [-90.0622314, 29.9655329], [-90.062339, 29.9654238], [-90.0623184, 29.9654084], [-90.0623762, 29.9653498], [-90.0624083, 29.9653455], [-90.0624025, 29.9653129], [-90.0623364, 29.9652635], [-90.0622976, 29.9653028], [-90.0622779, 29.965288], [-90.0621936, 29.9653735], [-90.0621371, 29.9653312], [-90.0620742, 29.9653948], [-90.062088, 29.9654052], [-90.0620728, 29.9654207], [-90.0621054, 29.9654451], [-90.0621229, 29.9654274], [-90.0621514, 29.9654487]]]}}, {"id": "995", "type": "Feature", "properties": {"id": "e34012d3-910b-4b44-a2f0-f2e3a07ca583", "name": null, "subtype": null, "class": null, "height": 7.2639617919921875, "num_floors": null, "surge_class": 99, "surge_ft": 0.0, "flood_active": false, "exposure_score": 0.0, "exposure_category": "none"}, "geometry": {"type": "Polygon", "coordinates": [[[-90.0619768, 29.9654552], [-90.0621916, 29.9656049], [-90.0622419, 29.9655502], [-90.0620271, 29.9654005], [-90.0619768, 29.9654552]]]}}, {"id": "996", "type": "Feature", "properties": {"id": "26e85264-1de3-4032-a8a6-9e3987a117e1", "name": null, "subtype": null, "class": null, "height": null, "num_floors": null, "surge_class": 99, "surge_ft": 0.0, "flood_active": false, "exposure_score": 0.0, "exposure_category": "none"}, "geometry": {"type": "Polygon", "coordinates": [[[-90.0619129, 29.9654811], [-90.0621515, 29.9656511], [-90.0621848, 29.9656157], [-90.0619462, 29.9654456], [-90.0619129, 29.9654811]]]}}, {"id": "997", "type": "Feature", "properties": {"id": "71e00580-7011-41b4-8ee2-715a55459d84", "name": null, "subtype": null, "class": null, "height": null, "num_floors": null, "surge_class": 99, "surge_ft": 0.0, "flood_active": false, "exposure_score": 0.0, "exposure_category": "none"}, "geometry": {"type": "Polygon", "coordinates": [[[-90.0618091, 29.9654582], [-90.0618441, 29.965419], [-90.0617859, 29.9653796], [-90.0617509, 29.9654187], [-90.0618091, 29.9654582]]]}}, {"id": "998", "type": "Feature", "properties": {"id": "5a1507a6-d92e-4831-99b4-c91b313efb50", "name": null, "subtype": null, "class": null, "height": null, "num_floors": null, "surge_class": 99, "surge_ft": 0.0, "flood_active": false, "exposure_score": 0.0, "exposure_category": "none"}, "geometry": {"type": "Polygon", "coordinates": [[[-90.0616026, 29.9654321], [-90.0616571, 29.9653715], [-90.0615922, 29.9653273], [-90.0615377, 29.9653879], [-90.0616026, 29.9654321]]]}}, {"id": "999", "type": "Feature", "properties": {"id": "7b55327e-c14b-4c8a-aaa4-3b3d3d251c2a", "name": null, "subtype": null, "class": null, "height": null, "num_floors": null, "surge_class": 99, "surge_ft": 0.0, "flood_active": false, "exposure_score": 0.0, "exposure_category": "none"}, "geometry": {"type": "Polygon", "coordinates": [[[-90.0614918, 29.9653687], [-90.0614307, 29.9654367], [-90.0614578, 29.9654551], [-90.0615188, 29.9653871], [-90.0614918, 29.9653687]]]}}]}