{"type": "FeatureCollection", "features": [{"id": "0", "type": "Feature", "properties": {"id": "8a085020-5f83-4a05-8021-4a458fb5ca0c", "name": null, "subtype": null, "class": null, "height": 3.662588119506836, "num_floors": null, "surge_class": 1, "surge_ft": 0.5, "flood_active": false, "exposure_score": 0.015, "exposure_category": "low"}, "geometry": {"type": "Polygon", "coordinates": [[[-94.8184653, 29.2981214], [-94.818552, 29.298375], [-94.8189382, 29.2982746], [-94.8188515, 29.298021], [-94.8184653, 29.2981214]]]}}, {"id": "1", "type": "Feature", "properties": {"id": "faac5457-8459-4b43-aff9-919fa0db8f9c", "name": null, "subtype": null, "class": null, "height": null, "num_floors": null, "surge_class": 2, "surge_ft": 1.5, "flood_active": false, "exposure_score": 0.045, "exposure_category": "low"}, "geometry": {"type": "Polygon", "coordinates": [[[-94.8182521, 29.2981765], [-94.8182777, 29.2982537], [-94.818393, 29.2982245], [-94.8183674, 29.2981474], [-94.8182521, 29.2981765]]]}}, {"id": "2", "type": "Feature", "properties": {"id": "01416fcc-21eb-4733-86bf-99a8ee67d797", "name": null, "subtype": null, "class": null, "height": null, "num_floors": null, "surge_class": 1, "surge_ft": 0.5, "flood_active": false, "exposure_score": 0.015, "exposure_category": "low"}, "geometry": {"type": "Polygon", "coordinates": [[[-94.817368, 29.2981701], [-94.8174565, 29.2981442], [-94.8174283, 29.2980709], [-94.8173398, 29.2980967], [-94.817368, 29.2981701]]]}}, {"id": "3", "type": "Feature", "properties": {"id": "be6fe664-3e3c-40f0-9129-1dfb03d68497", "name": null, "subtype": null, "class": null, "height": null, "num_floors": null, "surge_class": 1, "surge_ft": 0.5, "flood_active": false, "exposure_score": 0.015, "exposure_category": "low"}, "geometry": {"type": "Polygon", "coordinates": [[[-94.8171965, 29.2980249], [-94.8172108, 29.2980785], [-94.8172718, 29.2980661], [-94.8172575, 29.2980125], [-94.8171965, 29.2980249]]]}}, {"id": "4", "type": "Feature", "properties": {"id": "961f72bf-910a-433f-a35b-b4b0f046cb7b", "name": null, "subtype": null, "class": null, "height": null, "num_floors": null, "surge_class": 0, "surge_ft": 0.0, "flood_active": false, "exposure_score": 0.0, "exposure_category": "none"}, "geometry": {"type": "Polygon", "coordinates": [[[-94.8172646, 29.2985669], [-94.8173031, 29.2986752], [-94.817484, 29.2986263], [-94.8174455, 29.298518], [-94.8172646, 29.2985669]]]}}, {"id": "5", "type": "Feature", "properties": {"id": "89480c32-74d4-403f-a241-11fade890a90", "name": null, "subtype": null, "class": null, "height": null, "num_floors": null, "surge_class": 1, "surge_ft": 0.5, "flood_active": false, "exposure_score": 0.015, "exposure_category": "low"}, "geometry": {"type": "Polygon", "coordinates": [[[-94.8166191, 29.298047], [-94.8164608, 29.298078], [-94.8164791, 29.2981492], [-94.8166374, 29.2981183], [-94.8166191, 29.298047]]]}}, {"id": "6", "type": "Feature", "properties": {"id": "18af6df3-4276-409f-a5a1-358d1cc9fbd9", "name": null, "subtype": null, "class": null, "height": null, "num_floors": null, "surge_class": 0, "surge_ft": 0.0, "flood_active": false, "exposure_score": 0.0, "exposure_category": "none"}, "geometry": {"type": "Polygon", "coordinates": [[[-94.8161799, 29.2981043], [-94.8161587, 29.2980219], [-94.8160321, 29.2980467], [-94.8160533, 29.2981291], [-94.8161799, 29.2981043]]]}}, {"id": "7", "type": "Feature", "properties": {"id": "3c24137e-e7fe-4481-bc0d-5c11134478aa", "name": null, "subtype": null, "class": null, "height": null, "num_floors": null, "surge_class": 1, "surge_ft": 0.5, "flood_active": false, "exposure_score": 0.015, "exposure_category": "low"}, "geometry": {"type": "Polygon", "coordinates": [[[-94.8160956, 29.2979271], [-94.8160412, 29.2979392], [-94.8160682, 29.2980314], [-94.8161226, 29.2980193], [-94.8160956, 29.2979271]]]}}, {"id": "8", "type": "Feature", "properties": {"id": "cc150f3c-8e23-4e7a-8153-aff77b0faab4", "name": null, "subtype": null, "class": null, "height": 3.485147476196289, "num_floors": null, "surge_class": 1, "surge_ft": 0.5, "flood_active": false, "exposure_score": 0.015, "exposure_category": "low"}, "geometry": {"type": "Polygon", "coordinates": [[[-94.8159845, 29.2981359], [-94.8160402, 29.2981215], [-94.8159934, 29.2979839], [-94.8159377, 29.2979983], [-94.8159845, 29.2981359]]]}}, {"id": "9", "type": "Feature", "properties": {"id": "998a0862-4561-4260-9921-b3128bb8403f", "name": null, "subtype": null, "class": null, "height": 4.114206790924072, "num_floors": null, "surge_class": 1, "surge_ft": 0.5, "flood_active": false, "exposure_score": 0.015, "exposure_category": "low"}, "geometry": {"type": "Polygon", "coordinates": [[[-94.8159488, 29.2981525], [-94.8159159, 29.2980208], [-94.8158186, 29.2980393], [-94.8158515, 29.298171], [-94.8159488, 29.2981525]]]}}, {"id": "10", "type": "Feature", "properties": {"id": "04d70210-66ac-4eeb-abfd-7ac11f4b2920", "name": null, "subtype": null, "class": null, "height": null, "num_floors": null, "surge_class": 1, "surge_ft": 0.5, "flood_active": false, "exposure_score": 0.015, "exposure_category": "low"}, "geometry": {"type": "Polygon", "coordinates": [[[-94.815781, 29.2980881], [-94.815702, 29.2981085], [-94.8157308, 29.2981934], [-94.8158097, 29.2981731], [-94.815781, 29.2980881]]]}}, {"id": "11", "type": "Feature", "properties": {"id": "c103b604-eb09-48bb-a867-77c969912285", "name": null, "subtype": null, "class": null, "height": null, "num_floors": null, "surge_class": 1, "surge_ft": 0.5, "flood_active": false, "exposure_score": 0.015, "exposure_category": "low"}, "geometry": {"type": "Polygon", "coordinates": [[[-94.8155359, 29.2979525], [-94.8156227, 29.2982001], [-94.8156743, 29.2981863], [-94.8155875, 29.2979387], [-94.8155359, 29.2979525]]]}}, {"id": "12", "type": "Feature", "properties": {"id": "5b87a209-df61-4284-81a3-27cf0a714f3c", "name": null, "subtype": null, "class": null, "height": null, "num_floors": null, "surge_class": 1, "surge_ft": 0.5, "flood_active": false, "exposure_score": 0.015, "exposure_category": "low"}, "geometry": {"type": "Polygon", "coordinates": [[[-94.8155046, 29.2979381], [-94.815443, 29.2979557], [-94.8154928, 29.2980889], [-94.8155544, 29.2980713], [-94.8155046, 29.2979381]]]}}, {"id": "13", "type": "Feature", "properties": {"id": "269a082c-b045-4694-97f8-2cc885c08e37", "name": null, "subtype": null, "class": null, "height": null, "num_floors": null, "surge_class": 1, "surge_ft": 0.5, "flood_active": false, "exposure_score": 0.015, "exposure_category": "low"}, "geometry": {"type": "Polygon", "coordinates": [[[-94.8154385, 29.2979614], [-94.815394, 29.29797], [-94.8154388, 29.2981475], [-94.8154834, 29.2981389], [-94.8154385, 29.2979614]]]}}, {"id": "14", "type": "Feature", "properties": {"id": "27fa181e-1c01-49e8-888a-4ad6802ca6a6", "name": null, "subtype": null, "class": null, "height": 5.414055347442627, "num_floors": null, "surge_class": 0, "surge_ft": 0.0, "flood_active": false, "exposure_score": 0.0, "exposure_category": "none"}, "geometry": {"type": "Polygon", "coordinates": [[[-94.8152584, 29.2981407], [-94.8153528, 29.2981151], [-94.815311, 29.2979978], [-94.8152166, 29.2980234], [-94.8152584, 29.2981407]]]}}, {"id": "15", "type": "Feature", "properties": {"id": "b57998dd-5e54-4cda-b661-ae23c6f27d7e", "name": null, "subtype": null, "class": null, "height": 5.11566686630249, "num_floors": null, "surge_class": 1, "surge_ft": 0.5, "flood_active": false, "exposure_score": 0.015, "exposure_category": "low"}, "geometry": {"type": "Polygon", "coordinates": [[[-94.8153866, 29.2982861], [-94.8153517, 29.2981676], [-94.8152651, 29.298187], [-94.8153, 29.2983055], [-94.8153866, 29.2982861]]]}}, {"id": "16", "type": "Feature", "properties": {"id": "a299fe5a-34b5-46ac-8b16-9ed6c4536f8c", "name": null, "subtype": null, "class": null, "height": 4.909678936004639, "num_floors": null, "surge_class": 1, "surge_ft": 0.5, "flood_active": false, "exposure_score": 0.015, "exposure_category": "low"}, "geometry": {"type": "Polygon", "coordinates": [[[-94.8147329, 29.2988666], [-94.8163028, 29.2984554], [-94.8161988, 29.2981536], [-94.8150619, 29.2984515], [-94.8149198, 29.298039], [-94.814467, 29.2981577], [-94.8144756, 29.2981827], [-94.8144588, 29.2981957], [-94.8145573, 29.298485], [-94.8142464, 29.2985655], [-94.8143012, 29.2987262], [-94.8146145, 29.298645], [-94.8146844, 29.2988501], [-94.8147237, 29.2988399], [-94.8147329, 29.2988666]]]}}, {"id": "17", "type": "Feature", "properties": {"id": "ec02f52d-a096-4265-a436-76a59f5c642d", "name": null, "subtype": "residential", "class": "apartments", "height": 3.9307353496551514, "num_floors": null, "surge_class": 0, "surge_ft": 0.0, "flood_active": false, "exposure_score": 0.0, "exposure_category": "none"}, "geometry": {"type": "Polygon", "coordinates": [[[-94.813632, 29.2982096], [-94.8136348, 29.2982176], [-94.8137361, 29.2981904], [-94.8137174, 29.2981377], [-94.8136956, 29.2981436], [-94.8136831, 29.2981083], [-94.8136576, 29.2981151], [-94.8136529, 29.2981019], [-94.8134083, 29.2981677], [-94.8134119, 29.2981778], [-94.8133866, 29.2981846], [-94.813399, 29.2982197], [-94.8133745, 29.2982263], [-94.8133944, 29.2982826], [-94.8134992, 29.2982544], [-94.8134963, 29.2982461], [-94.813632, 29.2982096]]]}}, {"id": "18", "type": "Feature", "properties": {"id": "35d31efb-a6dd-4039-9dba-63a28cd47d7b", "name": null, "subtype": "residential", "class": "apartments", "height": 4.140469551086426, "num_floors": null, "surge_class": 0, "surge_ft": 0.0, "flood_active": false, "exposure_score": 0.0, "exposure_category": "none"}, "geometry": {"type": "Polygon", "coordinates": [[[-94.8132149, 29.2980384], [-94.8132402, 29.2981119], [-94.8135063, 29.2980423], [-94.813481, 29.2979688], [-94.8132149, 29.2980384]]]}}, {"id": "19", "type": "Feature", "properties": {"id": "765a4499-6b36-49dc-a4cc-e76082a285a7", "name": null, "subtype": "residential", "class": "apartments", "height": 3.2483341693878174, "num_floors": null, "surge_class": 0, "surge_ft": 0.0, "flood_active": false, "exposure_score": 0.0, "exposure_category": "none"}, "geometry": {"type": "Polygon", "coordinates": [[[-94.8128222, 29.2984137], [-94.8130851, 29.2983458], [-94.8130896, 29.298359], [-94.8133554, 29.2982903], [-94.8133311, 29.2982189], [-94.8130714, 29.298286], [-94.8130657, 29.2982692], [-94.8127967, 29.2983387], [-94.8128222, 29.2984137]]]}}, {"id": "20", "type": "Feature", "properties": {"id": "9978501e-2efc-498e-8192-6a636c48bb57", "name": null, "subtype": "residential", "class": "apartments", "height": 3.8360066413879395, "num_floors": null, "surge_class": 0, "surge_ft": 0.0, "flood_active": false, "exposure_score": 0.0, "exposure_category": "none"}, "geometry": {"type": "Polygon", "coordinates": [[[-94.8129088, 29.2981203], [-94.8129344, 29.2981927], [-94.8132008, 29.2981211], [-94.8131752, 29.2980486], [-94.8129088, 29.2981203]]]}}, {"id": "21", "type": "Feature", "properties": {"id": "ee352c4d-145a-4745-86ab-c80a02c09a24", "name": null, "subtype": "residential", "class": "apartments", "height": 5.20451021194458, "num_floors": null, "surge_class": 0, "surge_ft": 0.0, "flood_active": false, "exposure_score": 0.0, "exposure_category": "none"}, "geometry": {"type": "Polygon", "coordinates": [[[-94.8121607, 29.2981277], [-94.812202, 29.2982469], [-94.8122824, 29.2982256], [-94.8122405, 29.2981049], [-94.8122167, 29.2981112], [-94.8122139, 29.2981033], [-94.8121761, 29.2981133], [-94.8121794, 29.2981228], [-94.8121607, 29.2981277]]]}}, {"id": "22", "type": "Feature", "properties": {"id": "53dcec81-6177-4960-9959-fd5891e9ae5d", "name": null, "subtype": "residential", "class": "apartments", "height": 4.796741485595703, "num_floors": null, "surge_class": 0, "surge_ft": 0.0, "flood_active": false, "exposure_score": 0.0, "exposure_category": "none"}, "geometry": {"type": "Polygon", "coordinates": [[[-94.8124655, 29.2983123], [-94.8124529, 29.2982757], [-94.8124767, 29.2982695], [-94.8124592, 29.2982187], [-94.8123593, 29.2982448], [-94.8123616, 29.2982514], [-94.8122266, 29.2982867], [-94.8122233, 29.2982773], [-94.812118, 29.2983048], [-94.8121379, 29.2983628], [-94.8121594, 29.2983572], [-94.8121714, 29.298392], [-94.8121991, 29.2983848], [-94.8122018, 29.2983927], [-94.8123634, 29.2983504], [-94.8124436, 29.2983294], [-94.81244, 29.298319], [-94.8124655, 29.2983123]]]}}, {"id": "23", "type": "Feature", "properties": {"id": "ca84d837-b377-45c5-a91d-2bef3b7c26f4", "name": null, "subtype": "residential", "class": "apartments", "height": 3.850935220718384, "num_floors": null, "surge_class": 0, "surge_ft": 0.0, "flood_active": false, "exposure_score": 0.0, "exposure_category": "none"}, "geometry": {"type": "Polygon", "coordinates": [[[-94.8124074, 29.2985426], [-94.8124041, 29.298533], [-94.8126853, 29.2984586], [-94.8126886, 29.2984679], [-94.812791, 29.2984408], [-94.812772, 29.2983863], [-94.8127483, 29.2983925], [-94.8127368, 29.2983594], [-94.8127109, 29.2983663], [-94.8127064, 29.2983535], [-94.8126987, 29.2983555], [-94.8126269, 29.2983745], [-94.8125443, 29.2983964], [-94.8124827, 29.2984127], [-94.8123978, 29.2984352], [-94.8123294, 29.2984533], [-94.8123227, 29.2984551], [-94.8123267, 29.2984667], [-94.8122983, 29.2984743], [-94.8123094, 29.2985062], [-94.8122834, 29.298513], [-94.8123033, 29.2985702], [-94.8124074, 29.2985426]]]}}, {"id": "24", "type": "Feature", "properties": {"id": "8d47bff9-01be-4a7a-9a8b-1f5113ca535f", "name": null, "subtype": "residential", "class": "apartments", "height": 3.480712413787842, "num_floors": null, "surge_class": 0, "surge_ft": 0.0, "flood_active": false, "exposure_score": 0.0, "exposure_category": "none"}, "geometry": {"type": "Polygon", "coordinates": [[[-94.8108277, 29.298956], [-94.8108246, 29.2989473], [-94.8111087, 29.2988723], [-94.8111118, 29.2988813], [-94.8112125, 29.2988547], [-94.8111941, 29.2988016], [-94.8111724, 29.2988073], [-94.8111595, 29.2987701], [-94.8111327, 29.2987772], [-94.8111287, 29.2987659], [-94.8111212, 29.2987679], [-94.8110498, 29.2987866], [-94.810967, 29.2988083], [-94.8109034, 29.2988249], [-94.8108231, 29.2988464], [-94.8107506, 29.2988655], [-94.810742, 29.2988678], [-94.8107464, 29.2988803], [-94.8107211, 29.298887], [-94.8107331, 29.2989218], [-94.810708, 29.2989284], [-94.8107268, 29.2989826], [-94.8108277, 29.298956]]]}}, {"id": "25", "type": "Feature", "properties": {"id": "3560cd78-222a-4968-bb78-738ec600aea5", "name": null, "subtype": "residential", "class": "apartments", "height": 3.9283175468444824, "num_floors": null, "surge_class": 0, "surge_ft": 0.0, "flood_active": false, "exposure_score": 0.0, "exposure_category": "none"}, "geometry": {"type": "Polygon", "coordinates": [[[-94.8113554, 29.2988179], [-94.811352, 29.2988079], [-94.8116342, 29.2987335], [-94.8116375, 29.2987431], [-94.8117383, 29.2987166], [-94.8117191, 29.2986613], [-94.8116968, 29.2986672], [-94.8116851, 29.2986334], [-94.8116572, 29.2986407], [-94.8116537, 29.2986304], [-94.8116457, 29.2986325], [-94.8115756, 29.298651], [-94.8114914, 29.2986732], [-94.8114308, 29.2986892], [-94.8112773, 29.2987297], [-94.8112701, 29.2987316], [-94.8112739, 29.2987425], [-94.8112456, 29.29875], [-94.8112575, 29.2987843], [-94.8112344, 29.2987904], [-94.8112533, 29.2988448], [-94.8113554, 29.2988179]]]}}, {"id": "26", "type": "Feature", "properties": {"id": "65639c55-b9ec-4a50-944b-5036267c6f40", "name": null, "subtype": "residential", "class": "apartments", "height": 4.707685947418213, "num_floors": null, "surge_class": 0, "surge_ft": 0.0, "flood_active": false, "exposure_score": 0.0, "exposure_category": "none"}, "geometry": {"type": "Polygon", "coordinates": [[[-94.8118825, 29.2986801], [-94.8118787, 29.2986691], [-94.8121583, 29.2985962], [-94.8121613, 29.2986049], [-94.8122639, 29.2985781], [-94.8122455, 29.2985245], [-94.8122233, 29.2985303], [-94.8122107, 29.2984935], [-94.8121835, 29.2985006], [-94.8121803, 29.2984913], [-94.8121719, 29.2984935], [-94.8121037, 29.2985113], [-94.8120174, 29.2985339], [-94.8119562, 29.2985498], [-94.8118734, 29.2985715], [-94.8118029, 29.2985899], [-94.8117922, 29.2985927], [-94.8117958, 29.2986034], [-94.8117708, 29.2986099], [-94.811783, 29.2986454], [-94.8117581, 29.2986518], [-94.8117773, 29.2987076], [-94.8118825, 29.2986801]]]}}, {"id": "27", "type": "Feature", "properties": {"id": "998bda11-3dfc-46ff-a22f-89c4819f92f4", "name": null, "subtype": "residential", "class": "apartments", "height": 4.847271919250488, "num_floors": null, "surge_class": 0, "surge_ft": 0.0, "flood_active": false, "exposure_score": 0.0, "exposure_category": "none"}, "geometry": {"type": "Polygon", "coordinates": [[[-94.8116086, 29.298434], [-94.8115025, 29.2984616], [-94.8115214, 29.2985168], [-94.8115448, 29.2985107], [-94.8115569, 29.2985461], [-94.8115848, 29.2985388], [-94.8115879, 29.2985479], [-94.8115985, 29.2985451], [-94.8116663, 29.2985274], [-94.8117485, 29.298506], [-94.81181, 29.29849], [-94.8118926, 29.2984685], [-94.8119626, 29.29845], [-94.8119733, 29.2984474], [-94.8119697, 29.298437], [-94.8119969, 29.2984299], [-94.8119856, 29.2983971], [-94.8120089, 29.298391], [-94.8119895, 29.2983344], [-94.8118848, 29.2983617], [-94.811888, 29.2983713], [-94.8116118, 29.2984433], [-94.8116086, 29.298434]]]}}, {"id": "28", "type": "Feature", "properties": {"id": "c0908f8b-b326-46a8-aede-159da4807879", "name": null, "subtype": "residential", "class": "apartments", "height": 3.068763494491577, "num_floors": null, "surge_class": 0, "surge_ft": 0.0, "flood_active": false, "exposure_score": 0.0, "exposure_category": "none"}, "geometry": {"type": "Polygon", "coordinates": [[[-94.8117919, 29.2979944], [-94.8118436, 29.2981477], [-94.8119681, 29.2981157], [-94.8119716, 29.2981259], [-94.8120313, 29.2981106], [-94.8120278, 29.2981002], [-94.8120867, 29.2980851], [-94.8120354, 29.2979334], [-94.8120291, 29.2979146], [-94.8118996, 29.2979478], [-94.8117996, 29.2979735], [-94.811786, 29.297977], [-94.8117919, 29.2979944]]]}}, {"id": "29", "type": "Feature", "properties": {"id": "dc7cd16d-bd6e-42bd-8d73-fba1d5f6a5b4", "name": null, "subtype": "residential", "class": "apartments", "height": null, "num_floors": null, "surge_class": 0, "surge_ft": 0.0, "flood_active": false, "exposure_score": 0.0, "exposure_category": "none"}, "geometry": {"type": "Polygon", "coordinates": [[[-94.8114528, 29.2982683], [-94.8114825, 29.2983589], [-94.8115488, 29.2983424], [-94.8115415, 29.2983203], [-94.8115813, 29.2983104], [-94.8115732, 29.2982856], [-94.8115835, 29.2982831], [-94.8115809, 29.2982752], [-94.8115607, 29.2982137], [-94.8115368, 29.298141], [-94.811516, 29.2980777], [-94.8115138, 29.2980709], [-94.8115001, 29.2980743], [-94.8114921, 29.29805], [-94.8114516, 29.2980601], [-94.8114451, 29.2980403], [-94.8113817, 29.2980561], [-94.8114119, 29.2981482], [-94.811425, 29.2981449], [-94.8114645, 29.2982654], [-94.8114528, 29.2982683]]]}}, {"id": "30", "type": "Feature", "properties": {"id": "0508d6f0-d4b2-4942-825f-30f6803c0130", "name": null, "subtype": "residential", "class": "apartments", "height": 5.139487266540527, "num_floors": null, "surge_class": 0, "surge_ft": 0.0, "flood_active": false, "exposure_score": 0.0, "exposure_category": "none"}, "geometry": {"type": "Polygon", "coordinates": [[[-94.8109227, 29.2985347], [-94.8109309, 29.2985587], [-94.8110499, 29.2985279], [-94.8109821, 29.2983287], [-94.8108572, 29.298361], [-94.8108661, 29.298387], [-94.8108594, 29.2983888], [-94.8108649, 29.298405], [-94.8108914, 29.2984829], [-94.8109071, 29.298529], [-94.8109101, 29.2985379], [-94.8109227, 29.2985347]]]}}, {"id": "31", "type": "Feature", "properties": {"id": "697f9610-2905-4adb-9a1e-bf918bbca2d4", "name": null, "subtype": "residential", "class": "apartments", "height": 4.286558151245117, "num_floors": null, "surge_class": 0, "surge_ft": 0.0, "flood_active": false, "exposure_score": 0.0, "exposure_category": "none"}, "geometry": {"type": "Polygon", "coordinates": [[[-94.8109903, 29.2986145], [-94.8107123, 29.2986877], [-94.8107084, 29.2986764], [-94.8106009, 29.2987047], [-94.8106203, 29.298761], [-94.8106437, 29.2987549], [-94.8106555, 29.298789], [-94.8106827, 29.2987819], [-94.8106861, 29.2987918], [-94.810693, 29.2987903], [-94.8107663, 29.298771], [-94.8108476, 29.2987502], [-94.8109107, 29.2987334], [-94.8110716, 29.2986905], [-94.8110682, 29.2986806], [-94.8110972, 29.298673], [-94.8110852, 29.2986383], [-94.811108, 29.2986323], [-94.8110888, 29.2985766], [-94.8109865, 29.2986035], [-94.8109903, 29.2986145]]]}}, {"id": "32", "type": "Feature", "properties": {"id": "8fe88b70-d2a3-4f29-9e8c-c2ba589ae53a", "name": null, "subtype": "residential", "class": "apartments", "height": null, "num_floors": null, "surge_class": 0, "surge_ft": 0.0, "flood_active": false, "exposure_score": 0.0, "exposure_category": "none"}, "geometry": {"type": "Polygon", "coordinates": [[[-94.8106078, 29.2982611], [-94.8106275, 29.2983171], [-94.8106503, 29.298311], [-94.8106625, 29.2983459], [-94.8106918, 29.2983381], [-94.8106956, 29.2983489], [-94.810702, 29.2983472], [-94.8107717, 29.2983286], [-94.8108552, 29.2983066], [-94.8109256, 29.2982876], [-94.8109351, 29.298285], [-94.8109313, 29.298274], [-94.8109569, 29.2982671], [-94.810945, 29.2982332], [-94.8109693, 29.2982267], [-94.8109497, 29.2981707], [-94.8108462, 29.2981983], [-94.8108496, 29.298208], [-94.8107145, 29.2982441], [-94.8107108, 29.2982336], [-94.8106078, 29.2982611]]]}}, {"id": "33", "type": "Feature", "properties": {"id": "e03af184-b966-40dc-a8f2-29d774cd5da9", "name": null, "subtype": null, "class": null, "height": 4.190149307250977, "num_floors": null, "surge_class": 3, "surge_ft": 2.5, "flood_active": false, "exposure_score": 0.075, "exposure_category": "low"}, "geometry": {"type": "Polygon", "coordinates": [[[-94.8105099, 29.2980484], [-94.8105878, 29.2980283], [-94.810559, 29.2979436], [-94.8104811, 29.2979637], [-94.8105099, 29.2980484]]]}}, {"id": "34", "type": "Feature", "properties": {"id": "13aae35c-b039-4e22-9870-7eb2188bb8b9", "name": null, "subtype": null, "class": null, "height": 4.698558807373047, "num_floors": null, "surge_class": 3, "surge_ft": 2.5, "flood_active": false, "exposure_score": 0.075, "exposure_category": "low"}, "geometry": {"type": "Polygon", "coordinates": [[[-94.8103646, 29.2981097], [-94.810329, 29.2979965], [-94.8102852, 29.298007], [-94.810279, 29.2979874], [-94.8102166, 29.2980023], [-94.8102583, 29.298135], [-94.8103646, 29.2981097]]]}}, {"id": "35", "type": "Feature", "properties": {"id": "3f4b48d3-fea3-4673-892c-222a134874ff", "name": null, "subtype": null, "class": null, "height": 3.373920202255249, "num_floors": null, "surge_class": 3, "surge_ft": 2.5, "flood_active": false, "exposure_score": 0.075, "exposure_category": "low"}, "geometry": {"type": "Polygon", "coordinates": [[[-94.8100079, 29.2987617], [-94.8101835, 29.2987316], [-94.8101693, 29.2986685], [-94.8099937, 29.2986987], [-94.8100079, 29.2987617]]]}}, {"id": "36", "type": "Feature", "properties": {"id": "f84583e8-4dbb-4f21-a800-7457641d1237", "name": null, "subtype": null, "class": null, "height": 2.972266912460327, "num_floors": null, "surge_class": 3, "surge_ft": 2.5, "flood_active": false, "exposure_score": 0.075, "exposure_category": "low"}, "geometry": {"type": "Polygon", "coordinates": [[[-94.8100343, 29.2986743], [-94.8101413, 29.2986507], [-94.8101222, 29.2985848], [-94.8100152, 29.2986083], [-94.8100343, 29.2986743]]]}}, {"id": "37", "type": "Feature", "properties": {"id": "8c14ca98-30fb-46f2-9f67-44caef11ec9b", "name": null, "subtype": "residential", "class": "apartments", "height": null, "num_floors": null, "surge_class": 0, "surge_ft": 0.0, "flood_active": false, "exposure_score": 0.0, "exposure_category": "none"}, "geometry": {"type": "Polygon", "coordinates": [[[-94.8104817, 29.2988428], [-94.8105122, 29.2989329], [-94.8105753, 29.2989167], [-94.8105686, 29.298897], [-94.810609, 29.2988866], [-94.8106008, 29.2988626], [-94.8106131, 29.2988594], [-94.8106094, 29.2988486], [-94.8105888, 29.2987876], [-94.8105644, 29.2987156], [-94.8105434, 29.2986538], [-94.8105408, 29.298646], [-94.810527, 29.2986496], [-94.810519, 29.2986258], [-94.8104782, 29.2986363], [-94.8104712, 29.2986156], [-94.8104091, 29.2986315], [-94.8104402, 29.2987232], [-94.8104501, 29.2987206], [-94.8104906, 29.2988406], [-94.8104817, 29.2988428]]]}}, {"id": "38", "type": "Feature", "properties": {"id": "afdb82f2-7351-4446-ab49-64c5c20c353d", "name": null, "subtype": "residential", "class": "apartments", "height": 2.915771007537842, "num_floors": null, "surge_class": 0, "surge_ft": 0.0, "flood_active": false, "exposure_score": 0.0, "exposure_category": "none"}, "geometry": {"type": "Polygon", "coordinates": [[[-94.8103369, 29.2984249], [-94.8103948, 29.2985987], [-94.8104618, 29.2985817], [-94.8104546, 29.2985603], [-94.8104938, 29.2985503], [-94.810486, 29.298527], [-94.8104937, 29.298525], [-94.8104915, 29.2985183], [-94.8104678, 29.2984472], [-94.8104647, 29.2984378], [-94.8104538, 29.2984406], [-94.8104468, 29.2984197], [-94.8104062, 29.29843], [-94.8103992, 29.2984091], [-94.8103369, 29.2984249]]]}}, {"id": "39", "type": "Feature", "properties": {"id": "b2f6016e-b304-442c-bd40-7d117651223c", "name": null, "subtype": null, "class": null, "height": null, "num_floors": null, "surge_class": 3, "surge_ft": 2.5, "flood_active": false, "exposure_score": 0.075, "exposure_category": "low"}, "geometry": {"type": "Polygon", "coordinates": [[[-94.8102478, 29.2989355], [-94.8101827, 29.2989546], [-94.8102259, 29.2990669], [-94.810291, 29.2990478], [-94.8102478, 29.2989355]]]}}, {"id": "40", "type": "Feature", "properties": {"id": "73d4ca83-b0b8-412a-9337-2dd82e37a571", "name": null, "subtype": null, "class": null, "height": 3.5747745037078857, "num_floors": null, "surge_class": 3, "surge_ft": 2.5, "flood_active": false, "exposure_score": 0.075, "exposure_category": "low"}, "geometry": {"type": "Polygon", "coordinates": [[[-94.8098022, 29.2990934], [-94.8097098, 29.2991192], [-94.8097199, 29.2991468], [-94.8096798, 29.2991579], [-94.8097086, 29.2992364], [-94.8098411, 29.2991995], [-94.8098022, 29.2990934]]]}}, {"id": "41", "type": "Feature", "properties": {"id": "c9a9a8a7-0568-4c1d-8a60-2f48b7f2b36c", "name": null, "subtype": null, "class": null, "height": null, "num_floors": null, "surge_class": 4, "surge_ft": 3.5, "flood_active": false, "exposure_score": 0.105, "exposure_category": "low"}, "geometry": {"type": "Polygon", "coordinates": [[[-94.8100269, 29.2990454], [-94.8099783, 29.2990548], [-94.8100022, 29.2991484], [-94.8100508, 29.299139], [-94.8100269, 29.2990454]]]}}, {"id": "42", "type": "Feature", "properties": {"id": "c290cd39-3190-4bef-9f7e-d165652ce7e3", "name": null, "subtype": null, "class": null, "height": 3.4073245525360107, "num_floors": null, "surge_class": 4, "surge_ft": 3.5, "flood_active": false, "exposure_score": 0.105, "exposure_category": "low"}, "geometry": {"type": "Polygon", "coordinates": [[[-94.8094943, 29.2991219], [-94.8094805, 29.2990635], [-94.8093313, 29.2990904], [-94.8093451, 29.2991487], [-94.8094943, 29.2991219]]]}}, {"id": "43", "type": "Feature", "properties": {"id": "cf196c64-b3dd-47cb-a83d-bb39427c10d7", "name": null, "subtype": null, "class": null, "height": 2.8849477767944336, "num_floors": null, "surge_class": 4, "surge_ft": 3.5, "flood_active": false, "exposure_score": 0.105, "exposure_category": "low"}, "geometry": {"type": "Polygon", "coordinates": [[[-94.8095551, 29.2991818], [-94.8093753, 29.2992121], [-94.8093995, 29.2993213], [-94.8095598, 29.2992943], [-94.8095466, 29.2992347], [-94.8095661, 29.2992314], [-94.8095551, 29.2991818]]]}}, {"id": "44", "type": "Feature", "properties": {"id": "6582731d-d229-41b9-b07a-69b483dc1486", "name": null, "subtype": null, "class": null, "height": null, "num_floors": null, "surge_class": 3, "surge_ft": 2.5, "flood_active": false, "exposure_score": 0.075, "exposure_category": "low"}, "geometry": {"type": "Polygon", "coordinates": [[[-94.8096493, 29.2992537], [-94.809696, 29.2992461], [-94.8096688, 29.2991195], [-94.8096222, 29.2991271], [-94.8096493, 29.2992537]]]}}, {"id": "45", "type": "Feature", "properties": {"id": "dbfd8d09-c2a2-428c-89e6-545a694993a6", "name": null, "subtype": null, "class": null, "height": null, "num_floors": null, "surge_class": 3, "surge_ft": 2.5, "flood_active": false, "exposure_score": 0.075, "exposure_category": "low"}, "geometry": {"type": "Polygon", "coordinates": [[[-94.8096831, 29.298927], [-94.8096194, 29.2989423], [-94.8096399, 29.2990076], [-94.8097037, 29.2989923], [-94.8096831, 29.298927]]]}}, {"id": "46", "type": "Feature", "properties": {"id": "0442ab5f-1c92-4d56-9cf0-7c972d4de804", "name": null, "subtype": null, "class": null, "height": 2.8505308628082275, "num_floors": null, "surge_class": 3, "surge_ft": 2.5, "flood_active": false, "exposure_score": 0.075, "exposure_category": "low"}, "geometry": {"type": "Polygon", "coordinates": [[[-94.8095289, 29.2990733], [-94.8095762, 29.2990618], [-94.8095416, 29.2989532], [-94.8093075, 29.2990099], [-94.809331, 29.2990838], [-94.8095178, 29.2990385], [-94.8095289, 29.2990733]]]}}, {"id": "47", "type": "Feature", "properties": {"id": "11e36855-ded4-4adb-92eb-a485f09e21c7", "name": null, "subtype": null, "class": null, "height": 2.9004440307617188, "num_floors": null, "surge_class": 3, "surge_ft": 2.5, "flood_active": false, "exposure_score": 0.075, "exposure_category": "low"}, "geometry": {"type": "Polygon", "coordinates": [[[-94.8095427, 29.2985895], [-94.8094521, 29.2986098], [-94.8094815, 29.2987095], [-94.8095721, 29.2986891], [-94.8095427, 29.2985895]]]}}, {"id": "48", "type": "Feature", "properties": {"id": "a85d77a0-66f1-49fa-9f80-b16d313f85cc", "name": null, "subtype": null, "class": null, "height": null, "num_floors": null, "surge_class": 3, "surge_ft": 2.5, "flood_active": false, "exposure_score": 0.075, "exposure_category": "low"}, "geometry": {"type": "Polygon", "coordinates": [[[-94.8098571, 29.2986013], [-94.8099279, 29.2985862], [-94.8099043, 29.2985023], [-94.8098779, 29.298508], [-94.8098645, 29.2984604], [-94.8098201, 29.2984699], [-94.8098571, 29.2986013]]]}}, {"id": "49", "type": "Feature", "properties": {"id": "d6885219-f5a6-4821-9799-b15801bc18e3", "name": null, "subtype": null, "class": null, "height": null, "num_floors": null, "surge_class": 3, "surge_ft": 2.5, "flood_active": false, "exposure_score": 0.075, "exposure_category": "low"}, "geometry": {"type": "Polygon", "coordinates": [[[-94.8099004, 29.2982499], [-94.8098802, 29.2981794], [-94.8098019, 29.2981964], [-94.8098221, 29.2982669], [-94.8099004, 29.2982499]]]}}, {"id": "50", "type": "Feature", "properties": {"id": "5ee2cd17-cc64-4e1b-aba3-de966667ee7d", "name": null, "subtype": null, "class": null, "height": 3.2134056091308594, "num_floors": null, "surge_class": 3, "surge_ft": 2.5, "flood_active": false, "exposure_score": 0.075, "exposure_category": "low"}, "geometry": {"type": "Polygon", "coordinates": [[[-94.8099883, 29.2981495], [-94.8099072, 29.2981644], [-94.8099256, 29.2982406], [-94.8100067, 29.2982257], [-94.8099883, 29.2981495]]]}}, {"id": "51", "type": "Feature", "properties": {"id": "62b5aff9-6538-424a-9d5d-34d862ccf76f", "name": null, "subtype": null, "class": null, "height": 4.0584845542907715, "num_floors": null, "surge_class": 3, "surge_ft": 2.5, "flood_active": false, "exposure_score": 0.075, "exposure_category": "low"}, "geometry": {"type": "Polygon", "coordinates": [[[-94.8098427, 29.2980726], [-94.8098543, 29.2981121], [-94.8098417, 29.2981149], [-94.8098546, 29.2981588], [-94.8099744, 29.2981321], [-94.8099499, 29.2980486], [-94.8098427, 29.2980726]]]}}, {"id": "52", "type": "Feature", "properties": {"id": "e4fdca1e-5141-4e72-9db9-4b6cd1501c21", "name": null, "subtype": null, "class": null, "height": 3.773883581161499, "num_floors": null, "surge_class": 3, "surge_ft": 2.5, "flood_active": false, "exposure_score": 0.075, "exposure_category": "low"}, "geometry": {"type": "Polygon", "coordinates": [[[-94.8098056, 29.2979932], [-94.8098221, 29.2980482], [-94.809931, 29.2980234], [-94.8099145, 29.2979684], [-94.8098056, 29.2979932]]]}}, {"id": "53", "type": "Feature", "properties": {"id": "2dff514a-2d23-4134-949f-7964a2c3c071", "name": null, "subtype": null, "class": null, "height": 5.016780853271484, "num_floors": null, "surge_class": 2, "surge_ft": 1.5, "flood_active": false, "exposure_score": 0.045, "exposure_category": "low"}, "geometry": {"type": "Polygon", "coordinates": [[[-94.80979, 29.2982328], [-94.8097605, 29.2981011], [-94.8096789, 29.298115], [-94.8096897, 29.2981633], [-94.8096706, 29.2981666], [-94.8096892, 29.2982499], [-94.80979, 29.2982328]]]}}, {"id": "54", "type": "Feature", "properties": {"id": "818f26a2-c82f-4f61-b393-e9864238fb79", "name": null, "subtype": null, "class": null, "height": 5.535007953643799, "num_floors": null, "surge_class": 3, "surge_ft": 2.5, "flood_active": false, "exposure_score": 0.075, "exposure_category": "low"}, "geometry": {"type": "Polygon", "coordinates": [[[-94.8095345, 29.2981976], [-94.8096344, 29.2981739], [-94.8095758, 29.2979866], [-94.8094759, 29.2980104], [-94.8095345, 29.2981976]]]}}, {"id": "55", "type": "Feature", "properties": {"id": "8c56109f-55c3-4f6e-b6d2-891d13ae217c", "name": null, "subtype": null, "class": null, "height": 2.5652527809143066, "num_floors": null, "surge_class": 3, "surge_ft": 2.5, "flood_active": false, "exposure_score": 0.075, "exposure_category": "low"}, "geometry": {"type": "Polygon", "coordinates": [[[-94.8095068, 29.2982883], [-94.8094165, 29.2983145], [-94.8094406, 29.2983777], [-94.809531, 29.2983515], [-94.8095068, 29.2982883]]]}}, {"id": "56", "type": "Feature", "properties": {"id": "d2d79bf6-eeb4-4e6f-9296-d835d4d67f16", "name": null, "subtype": null, "class": null, "height": 3.4321093559265137, "num_floors": null, "surge_class": 3, "surge_ft": 2.5, "flood_active": false, "exposure_score": 0.075, "exposure_category": "low"}, "geometry": {"type": "Polygon", "coordinates": [[[-94.8094064, 29.298289], [-94.8094998, 29.2982662], [-94.809479, 29.2982011], [-94.8093855, 29.2982239], [-94.8094064, 29.298289]]]}}, {"id": "57", "type": "Feature", "properties": {"id": "fdf626b9-ffaa-4703-80f9-aa57a1a33244", "name": null, "subtype": null, "class": null, "height": 4.520637512207031, "num_floors": null, "surge_class": 3, "surge_ft": 2.5, "flood_active": false, "exposure_score": 0.075, "exposure_category": "low"}, "geometry": {"type": "Polygon", "coordinates": [[[-94.8093992, 29.2981983], [-94.8094922, 29.2981823], [-94.809477, 29.2981148], [-94.809384, 29.2981307], [-94.8093992, 29.2981983]]]}}, {"id": "58", "type": "Feature", "properties": {"id": "3a76f491-4679-4c6c-8dcf-4d33e6ed8850", "name": null, "subtype": null, "class": null, "height": 3.8776066303253174, "num_floors": null, "surge_class": 2, "surge_ft": 1.5, "flood_active": false, "exposure_score": 0.045, "exposure_category": "low"}, "geometry": {"type": "Polygon", "coordinates": [[[-94.8094603, 29.2980737], [-94.8094388, 29.2980079], [-94.8093421, 29.298032], [-94.8093636, 29.2980978], [-94.8094603, 29.2980737]]]}}, {"id": "59", "type": "Feature", "properties": {"id": "310dfb5d-a4ba-4b57-ae2f-d279a7e5e62e", "name": null, "subtype": null, "class": null, "height": 3.6040103435516357, "num_floors": null, "surge_class": 2, "surge_ft": 1.5, "flood_active": false, "exposure_score": 0.045, "exposure_category": "low"}, "geometry": {"type": "Polygon", "coordinates": [[[-94.8091555, 29.2979723], [-94.809186, 29.2980611], [-94.8092361, 29.298048], [-94.8092056, 29.2979592], [-94.8091555, 29.2979723]]]}}, {"id": "60", "type": "Feature", "properties": {"id": "5865a7e2-3a8d-4727-af00-c7dca35ccdba", "name": null, "subtype": null, "class": null, "height": 3.338122844696045, "num_floors": null, "surge_class": 2, "surge_ft": 1.5, "flood_active": false, "exposure_score": 0.045, "exposure_category": "low"}, "geometry": {"type": "Polygon", "coordinates": [[[-94.8092365, 29.2980164], [-94.8092986, 29.2980011], [-94.80928, 29.2979435], [-94.8092179, 29.2979588], [-94.8092365, 29.2980164]]]}}, {"id": "61", "type": "Feature", "properties": {"id": "7377ad5f-308a-43ae-bf81-1ec7902d941b", "name": null, "subtype": null, "class": null, "height": 4.3230695724487305, "num_floors": null, "surge_class": 2, "surge_ft": 1.5, "flood_active": false, "exposure_score": 0.045, "exposure_category": "low"}, "geometry": {"type": "Polygon", "coordinates": [[[-94.809117, 29.2978836], [-94.8089405, 29.2979252], [-94.8089554, 29.2979732], [-94.8090068, 29.2979611], [-94.809046, 29.2980875], [-94.809171, 29.298058], [-94.809117, 29.2978836]]]}}, {"id": "62", "type": "Feature", "properties": {"id": "a908fbe1-5426-4954-a7a4-25ee300eba02", "name": null, "subtype": null, "class": null, "height": 4.763984203338623, "num_floors": null, "surge_class": 3, "surge_ft": 2.5, "flood_active": false, "exposure_score": 0.075, "exposure_category": "low"}, "geometry": {"type": "Polygon", "coordinates": [[[-94.8090862, 29.2982216], [-94.8092275, 29.2982023], [-94.8092095, 29.2981018], [-94.8090917, 29.2981179], [-94.8090995, 29.2981613], [-94.8090759, 29.2981645], [-94.8090862, 29.2982216]]]}}, {"id": "63", "type": "Feature", "properties": {"id": "b85f2aa9-16ab-4552-9944-ae44596bd823", "name": null, "subtype": null, "class": null, "height": 3.0700488090515137, "num_floors": null, "surge_class": 3, "surge_ft": 2.5, "flood_active": false, "exposure_score": 0.075, "exposure_category": "low"}, "geometry": {"type": "Polygon", "coordinates": [[[-94.8092174, 29.2982763], [-94.8093123, 29.2982499], [-94.8092874, 29.2981819], [-94.8091925, 29.2982084], [-94.8092174, 29.2982763]]]}}, {"id": "64", "type": "Feature", "properties": {"id": "37434d69-6fa5-45b1-bba6-07edc260a3b7", "name": null, "subtype": null, "class": null, "height": null, "num_floors": null, "surge_class": 3, "surge_ft": 2.5, "flood_active": false, "exposure_score": 0.075, "exposure_category": "low"}, "geometry": {"type": "Polygon", "coordinates": [[[-94.8092398, 29.2983544], [-94.8092632, 29.2984235], [-94.8093578, 29.2983992], [-94.8093344, 29.29833], [-94.8092398, 29.2983544]]]}}, {"id": "65", "type": "Feature", "properties": {"id": "8fbf177e-3d84-4599-bca6-2e4c5d73dd4d", "name": null, "subtype": null, "class": null, "height": null, "num_floors": null, "surge_class": 3, "surge_ft": 2.5, "flood_active": false, "exposure_score": 0.075, "exposure_category": "low"}, "geometry": {"type": "Polygon", "coordinates": [[[-94.8084279, 29.2983674], [-94.8084075, 29.2982996], [-94.8083147, 29.2983209], [-94.8083351, 29.2983887], [-94.8084279, 29.2983674]]]}}, {"id": "66", "type": "Feature", "properties": {"id": "e17556fd-8b63-4916-9599-11a75bde7168", "name": null, "subtype": null, "class": null, "height": 2.882760524749756, "num_floors": null, "surge_class": 3, "surge_ft": 2.5, "flood_active": false, "exposure_score": 0.075, "exposure_category": "low"}, "geometry": {"type": "Polygon", "coordinates": [[[-94.8084438, 29.2979231], [-94.8084009, 29.2979302], [-94.8084317, 29.2980735], [-94.8084747, 29.2980665], [-94.8084438, 29.2979231]]]}}, {"id": "67", "type": "Feature", "properties": {"id": "5788a0cc-4025-4390-99e5-1caaab6f93ed", "name": null, "subtype": null, "class": null, "height": 3.8838515281677246, "num_floors": null, "surge_class": 3, "surge_ft": 2.5, "flood_active": false, "exposure_score": 0.075, "exposure_category": "low"}, "geometry": {"type": "Polygon", "coordinates": [[[-94.8083025, 29.2979538], [-94.808346, 29.298128], [-94.808432, 29.2981117], [-94.8083885, 29.2979375], [-94.8083025, 29.2979538]]]}}, {"id": "68", "type": "Feature", "properties": {"id": "301a67f6-be74-42c4-897e-5418a42af8bc", "name": null, "subtype": null, "class": null, "height": 3.7854411602020264, "num_floors": null, "surge_class": 2, "surge_ft": 1.5, "flood_active": false, "exposure_score": 0.045, "exposure_category": "low"}, "geometry": {"type": "Polygon", "coordinates": [[[-94.808306, 29.2981293], [-94.8082713, 29.2979749], [-94.8082083, 29.2979856], [-94.8082429, 29.29814], [-94.808306, 29.2981293]]]}}, {"id": "69", "type": "Feature", "properties": {"id": "2c44786b-2681-4ee2-90b5-5b359924c203", "name": null, "subtype": null, "class": null, "height": 3.771286725997925, "num_floors": null, "surge_class": 2, "surge_ft": 1.5, "flood_active": false, "exposure_score": 0.045, "exposure_category": "low"}, "geometry": {"type": "Polygon", "coordinates": [[[-94.8081348, 29.2980123], [-94.8080332, 29.2980378], [-94.8080739, 29.2981609], [-94.8081754, 29.2981354], [-94.8081348, 29.2980123]]]}}, {"id": "70", "type": "Feature", "properties": {"id": "2db80884-8350-4595-aa7a-df30a4813d47", "name": null, "subtype": null, "class": null, "height": 2.7438201904296875, "num_floors": null, "surge_class": 3, "surge_ft": 2.5, "flood_active": false, "exposure_score": 0.075, "exposure_category": "low"}, "geometry": {"type": "Polygon", "coordinates": [[[-94.8082772, 29.298481], [-94.8082034, 29.2984928], [-94.8082389, 29.2986602], [-94.8083126, 29.2986483], [-94.8082772, 29.298481]]]}}, {"id": "71", "type": "Feature", "properties": {"id": "6b5a586d-7bfe-471a-968e-c7061fb20510", "name": null, "subtype": null, "class": null, "height": 2.9920811653137207, "num_floors": null, "surge_class": 3, "surge_ft": 2.5, "flood_active": false, "exposure_score": 0.075, "exposure_category": "low"}, "geometry": {"type": "Polygon", "coordinates": [[[-94.8081906, 29.2985287], [-94.8081199, 29.2985441], [-94.8081591, 29.2986806], [-94.8082298, 29.2986652], [-94.8081906, 29.2985287]]]}}, {"id": "72", "type": "Feature", "properties": {"id": "49b67a1f-cf00-4440-b758-0c2622132084", "name": null, "subtype": null, "class": null, "height": null, "num_floors": null, "surge_class": 3, "surge_ft": 2.5, "flood_active": false, "exposure_score": 0.075, "exposure_category": "low"}, "geometry": {"type": "Polygon", "coordinates": [[[-94.8081347, 29.2985097], [-94.8081774, 29.2984999], [-94.8081504, 29.2984102], [-94.8081077, 29.29842], [-94.8081347, 29.2985097]]]}}, {"id": "73", "type": "Feature", "properties": {"id": "30f1a0ce-19fa-419f-955c-75c756241dec", "name": null, "subtype": null, "class": null, "height": null, "num_floors": null, "surge_class": 3, "surge_ft": 2.5, "flood_active": false, "exposure_score": 0.075, "exposure_category": "low"}, "geometry": {"type": "Polygon", "coordinates": [[[-94.8084079, 29.2986286], [-94.808365, 29.2984865], [-94.8082948, 29.2985026], [-94.8083377, 29.2986448], [-94.8084079, 29.2986286]]]}}, {"id": "74", "type": "Feature", "properties": {"id": "0b8f7e84-9238-48c8-af06-8b75da6ea556", "name": null, "subtype": null, "class": null, "height": 4.790781497955322, "num_floors": null, "surge_class": 3, "surge_ft": 2.5, "flood_active": false, "exposure_score": 0.075, "exposure_category": "low"}, "geometry": {"type": "Polygon", "coordinates": [[[-94.8084098, 29.2986113], [-94.8084978, 29.2985967], [-94.8084623, 29.2984342], [-94.8083743, 29.2984488], [-94.8084098, 29.2986113]]]}}, {"id": "75", "type": "Feature", "properties": {"id": "f1661399-0cf1-40e7-93cd-790838a4ac83", "name": null, "subtype": null, "class": null, "height": 4.769614219665527, "num_floors": null, "surge_class": 4, "surge_ft": 3.5, "flood_active": false, "exposure_score": 0.105, "exposure_category": "low"}, "geometry": {"type": "Polygon", "coordinates": [[[-94.8086026, 29.2985816], [-94.8085736, 29.2984879], [-94.8084886, 29.2985079], [-94.8085176, 29.2986017], [-94.8086026, 29.2985816]]]}}, {"id": "76", "type": "Feature", "properties": {"id": "2db6ae94-f9b9-475c-9fd3-24c0597f7489", "name": null, "subtype": null, "class": null, "height": 4.2415971755981445, "num_floors": null, "surge_class": 3, "surge_ft": 2.5, "flood_active": false, "exposure_score": 0.075, "exposure_category": "low"}, "geometry": {"type": "Polygon", "coordinates": [[[-94.8086889, 29.2985642], [-94.8086545, 29.2984504], [-94.8085843, 29.2984665], [-94.8086186, 29.2985803], [-94.8086889, 29.2985642]]]}}, {"id": "77", "type": "Feature", "properties": {"id": "af93005b-8b80-40b1-b0a7-63e20f64c324", "name": null, "subtype": null, "class": null, "height": 4.326019287109375, "num_floors": null, "surge_class": 2, "surge_ft": 1.5, "flood_active": false, "exposure_score": 0.045, "exposure_category": "low"}, "geometry": {"type": "Polygon", "coordinates": [[[-94.8072217, 29.2998663], [-94.8091652, 29.2994441], [-94.8089605, 29.2987274], [-94.8076548, 29.2990109], [-94.8077749, 29.2994316], [-94.8070133, 29.299597], [-94.8070627, 29.2997699], [-94.8071865, 29.299743], [-94.8072217, 29.2998663]]]}}, {"id": "78", "type": "Feature", "properties": {"id": "0adbcbe4-5438-4010-98a4-0f08e85f8e3b", "name": null, "subtype": null, "class": null, "height": 3.2117393016815186, "num_floors": null, "surge_class": 3, "surge_ft": 2.5, "flood_active": false, "exposure_score": 0.075, "exposure_category": "low"}, "geometry": {"type": "Polygon", "coordinates": [[[-94.8092725, 29.2989639], [-94.8093959, 29.2989365], [-94.8093586, 29.2988091], [-94.8092352, 29.2988366], [-94.8092725, 29.2989639]]]}}, {"id": "79", "type": "Feature", "properties": {"id": "6df534bf-7601-401e-bf46-7af999d7614e", "name": null, "subtype": null, "class": null, "height": 3.4801952838897705, "num_floors": null, "surge_class": 4, "surge_ft": 3.5, "flood_active": false, "exposure_score": 0.105, "exposure_category": "low"}, "geometry": {"type": "Polygon", "coordinates": [[[-94.8091192, 29.299686], [-94.8092501, 29.2996681], [-94.8092361, 29.2995895], [-94.8091051, 29.2996073], [-94.8091192, 29.299686]]]}}, {"id": "80", "type": "Feature", "properties": {"id": "af0e056d-0ba5-45d1-8576-0d2253d16c64", "name": null, "subtype": null, "class": null, "height": 3.887284755706787, "num_floors": null, "surge_class": 3, "surge_ft": 2.5, "flood_active": false, "exposure_score": 0.075, "exposure_category": "low"}, "geometry": {"type": "Polygon", "coordinates": [[[-94.8088913, 29.2997708], [-94.8089591, 29.2999668], [-94.8090544, 29.2999417], [-94.8089866, 29.2997457], [-94.8088913, 29.2997708]]]}}, {"id": "81", "type": "Feature", "properties": {"id": "ae816a27-0d61-4c04-ba51-2dcb0614aea4", "name": null, "subtype": null, "class": null, "height": null, "num_floors": null, "surge_class": 4, "surge_ft": 3.5, "flood_active": false, "exposure_score": 0.105, "exposure_category": "low"}, "geometry": {"type": "Polygon", "coordinates": [[[-94.8085373, 29.2999006], [-94.8085992, 29.299885], [-94.8085578, 29.2997598], [-94.8084959, 29.2997754], [-94.8085373, 29.2999006]]]}}, {"id": "82", "type": "Feature", "properties": {"id": "79146352-3ce2-4777-9b36-a0325b2ee5d5", "name": null, "subtype": null, "class": null, "height": null, "num_floors": null, "surge_class": 4, "surge_ft": 3.5, "flood_active": false, "exposure_score": 0.105, "exposure_category": "low"}, "geometry": {"type": "Polygon", "coordinates": [[[-94.8086349, 29.2999304], [-94.8086849, 29.2999168], [-94.8086259, 29.2997517], [-94.8085759, 29.2997653], [-94.8086349, 29.2999304]]]}}, {"id": "83", "type": "Feature", "properties": {"id": "8f6a7630-7956-4d4c-929a-69c84c93d6c8", "name": null, "subtype": null, "class": null, "height": 3.9531211853027344, "num_floors": null, "surge_class": 2, "surge_ft": 1.5, "flood_active": false, "exposure_score": 0.045, "exposure_category": "low"}, "geometry": {"type": "Polygon", "coordinates": [[[-94.8054123, 29.299967], [-94.8055398, 29.299935], [-94.8055055, 29.2998313], [-94.8053321, 29.2998748], [-94.8053568, 29.2999494], [-94.8054026, 29.2999379], [-94.8054123, 29.299967]]]}}, {"id": "84", "type": "Feature", "properties": {"id": "f5afb819-be36-466b-97ab-ee9cd39a8839", "name": null, "subtype": null, "class": null, "height": null, "num_floors": null, "surge_class": 3, "surge_ft": 2.5, "flood_active": false, "exposure_score": 0.075, "exposure_category": "low"}, "geometry": {"type": "Polygon", "coordinates": [[[-94.8060392, 29.2997216], [-94.8060223, 29.2996546], [-94.8059634, 29.2996659], [-94.8059803, 29.2997329], [-94.8060392, 29.2997216]]]}}, {"id": "85", "type": "Feature", "properties": {"id": "2c324d2f-2b54-4076-ba8d-7253d74f0430", "name": null, "subtype": null, "class": null, "height": null, "num_floors": null, "surge_class": 3, "surge_ft": 2.5, "flood_active": false, "exposure_score": 0.075, "exposure_category": "low"}, "geometry": {"type": "Polygon", "coordinates": [[[-94.8069154, 29.2990375], [-94.8068696, 29.2989019], [-94.8067769, 29.2989258], [-94.8068228, 29.2990613], [-94.8069154, 29.2990375]]]}}, {"id": "86", "type": "Feature", "properties": {"id": "71000744-ce60-4740-b90f-4b68c94861d3", "name": null, "subtype": null, "class": null, "height": 3.4945101737976074, "num_floors": null, "surge_class": 3, "surge_ft": 2.5, "flood_active": false, "exposure_score": 0.075, "exposure_category": "low"}, "geometry": {"type": "Polygon", "coordinates": [[[-94.8070927, 29.2988652], [-94.8069724, 29.2988911], [-94.8070033, 29.2990002], [-94.8071235, 29.2989743], [-94.8070927, 29.2988652]]]}}, {"id": "87", "type": "Feature", "properties": {"id": "7f3a76e6-c884-42e7-b285-9c4e605e3a1c", "name": null, "subtype": null, "class": null, "height": 4.812544345855713, "num_floors": null, "surge_class": 3, "surge_ft": 2.5, "flood_active": false, "exposure_score": 0.075, "exposure_category": "low"}, "geometry": {"type": "Polygon", "coordinates": [[[-94.8072057, 29.2989021], [-94.8071732, 29.2987738], [-94.8070826, 29.2987913], [-94.807115, 29.2989195], [-94.8072057, 29.2989021]]]}}, {"id": "88", "type": "Feature", "properties": {"id": "c74c6318-17a6-41df-8cf0-ca5c69259986", "name": null, "subtype": null, "class": null, "height": 5.64301872253418, "num_floors": null, "surge_class": 2, "surge_ft": 1.5, "flood_active": false, "exposure_score": 0.045, "exposure_category": "low"}, "geometry": {"type": "Polygon", "coordinates": [[[-94.807395, 29.2988578], [-94.8073559, 29.298744], [-94.8072992, 29.2987588], [-94.8073214, 29.2988232], [-94.8072919, 29.2988309], [-94.8073088, 29.2988803], [-94.807395, 29.2988578]]]}}, {"id": "89", "type": "Feature", "properties": {"id": "c2746e11-8293-4ad8-a3d5-d6c9a36f0f56", "name": null, "subtype": null, "class": null, "height": 4.502790451049805, "num_floors": null, "surge_class": 3, "surge_ft": 2.5, "flood_active": false, "exposure_score": 0.075, "exposure_category": "low"}, "geometry": {"type": "Polygon", "coordinates": [[[-94.807397, 29.2988642], [-94.8075618, 29.2988296], [-94.8075216, 29.2986837], [-94.8074455, 29.2986996], [-94.8074473, 29.2987062], [-94.8073586, 29.2987248], [-94.807397, 29.2988642]]]}}, {"id": "90", "type": "Feature", "properties": {"id": "2e4dff52-27a0-4619-8bf7-61e8dcd5bca3", "name": null, "subtype": null, "class": null, "height": 3.24301815032959, "num_floors": null, "surge_class": 3, "surge_ft": 2.5, "flood_active": false, "exposure_score": 0.075, "exposure_category": "low"}, "geometry": {"type": "Polygon", "coordinates": [[[-94.8076994, 29.2987396], [-94.8075929, 29.2987566], [-94.8076079, 29.2988279], [-94.8077143, 29.298811], [-94.8076994, 29.2987396]]]}}, {"id": "91", "type": "Feature", "properties": {"id": "b32ccfd4-9be5-44b7-b1e0-a1887f24e070", "name": null, "subtype": null, "class": null, "height": 4.100647449493408, "num_floors": null, "surge_class": 3, "surge_ft": 2.5, "flood_active": false, "exposure_score": 0.075, "exposure_category": "low"}, "geometry": {"type": "Polygon", "coordinates": [[[-94.8079626, 29.2987411], [-94.8080346, 29.2987251], [-94.807992, 29.2985791], [-94.8079201, 29.298595], [-94.8079626, 29.2987411]]]}}, {"id": "92", "type": "Feature", "properties": {"id": "0d40e664-cb2a-4a11-adf4-9ca4e222819f", "name": null, "subtype": null, "class": null, "height": 4.5709614753723145, "num_floors": null, "surge_class": 3, "surge_ft": 2.5, "flood_active": false, "exposure_score": 0.075, "exposure_category": "low"}, "geometry": {"type": "Polygon", "coordinates": [[[-94.807835, 29.2983349], [-94.8079411, 29.2983076], [-94.8078722, 29.2981042], [-94.8077661, 29.2981315], [-94.807835, 29.2983349]]]}}, {"id": "93", "type": "Feature", "properties": {"id": "8ee620bd-1d10-4906-9de0-6260e265f8b4", "name": null, "subtype": null, "class": null, "height": 3.042158603668213, "num_floors": null, "surge_class": 3, "surge_ft": 2.5, "flood_active": false, "exposure_score": 0.075, "exposure_category": "low"}, "geometry": {"type": "Polygon", "coordinates": [[[-94.8080206, 29.2981588], [-94.8079732, 29.2980216], [-94.807871, 29.2980485], [-94.8079184, 29.2981857], [-94.8080206, 29.2981588]]]}}, {"id": "94", "type": "Feature", "properties": {"id": "ce302a91-5442-4965-af3b-b80c16f87c3d", "name": null, "subtype": null, "class": null, "height": null, "num_floors": null, "surge_class": 3, "surge_ft": 2.5, "flood_active": false, "exposure_score": 0.075, "exposure_category": "low"}, "geometry": {"type": "Polygon", "coordinates": [[[-94.8074633, 29.2984878], [-94.8075959, 29.2984567], [-94.8074977, 29.2981382], [-94.8073652, 29.2981693], [-94.8074633, 29.2984878]]]}}, {"id": "95", "type": "Feature", "properties": {"id": "987decc6-b709-40c7-b79d-ac79464bb35e", "name": null, "subtype": null, "class": null, "height": 4.989558696746826, "num_floors": null, "surge_class": 2, "surge_ft": 1.5, "flood_active": false, "exposure_score": 0.045, "exposure_category": "low"}, "geometry": {"type": "Polygon", "coordinates": [[[-94.8073964, 29.2983215], [-94.8073685, 29.2982247], [-94.8072438, 29.298252], [-94.8072949, 29.2984291], [-94.8073767, 29.2984111], [-94.8073535, 29.2983309], [-94.8073964, 29.2983215]]]}}, {"id": "96", "type": "Feature", "properties": {"id": "a3d3093e-344a-46bc-99d0-3d8513865b5a", "name": null, "subtype": null, "class": null, "height": 3.1104276180267334, "num_floors": null, "surge_class": 2, "surge_ft": 1.5, "flood_active": false, "exposure_score": 0.045, "exposure_category": "low"}, "geometry": {"type": "Polygon", "coordinates": [[[-94.8070846, 29.298431], [-94.8070444, 29.298295], [-94.8069438, 29.2983176], [-94.806984, 29.2984536], [-94.8070846, 29.298431]]]}}, {"id": "97", "type": "Feature", "properties": {"id": "64e9773a-dd96-433f-8a00-7d0ecc85146c", "name": null, "subtype": null, "class": null, "height": 3.8961570262908936, "num_floors": null, "surge_class": 3, "surge_ft": 2.5, "flood_active": false, "exposure_score": 0.075, "exposure_category": "low"}, "geometry": {"type": "Polygon", "coordinates": [[[-94.8071068, 29.298415], [-94.807221, 29.2983892], [-94.8071819, 29.2982576], [-94.8070677, 29.2982834], [-94.8071068, 29.298415]]]}}, {"id": "98", "type": "Feature", "properties": {"id": "993cd8e5-47d3-43b9-828b-a93675b7c2ab", "name": null, "subtype": null, "class": null, "height": null, "num_floors": null, "surge_class": 2, "surge_ft": 1.5, "flood_active": false, "exposure_score": 0.045, "exposure_category": "low"}, "geometry": {"type": "Polygon", "coordinates": [[[-94.8071503, 29.2984438], [-94.8071953, 29.2985614], [-94.8072773, 29.2985375], [-94.8072322, 29.2984199], [-94.8071503, 29.2984438]]]}}, {"id": "99", "type": "Feature", "properties": {"id": "0ff256be-b47f-4d2c-b33a-a94d4ed9f90f", "name": null, "subtype": null, "class": null, "height": 4.932993412017822, "num_floors": null, "surge_class": 3, "surge_ft": 2.5, "flood_active": false, "exposure_score": 0.075, "exposure_category": "low"}, "geometry": {"type": "Polygon", "coordinates": [[[-94.8072203, 29.2989104], [-94.8073057, 29.2988891], [-94.8072592, 29.2987475], [-94.8071738, 29.2987688], [-94.8072203, 29.2989104]]]}}, {"id": "100", "type": "Feature", "properties": {"id": "c2bd61f8-d882-479e-85ab-701f7c1d8637", "name": null, "subtype": null, "class": null, "height": 2.5048274993896484, "num_floors": null, "surge_class": 3, "surge_ft": 2.5, "flood_active": false, "exposure_score": 0.075, "exposure_category": "low"}, "geometry": {"type": "Polygon", "coordinates": [[[-94.806997, 29.2985313], [-94.8070228, 29.2986004], [-94.8071409, 29.298567], [-94.8071152, 29.2984978], [-94.806997, 29.2985313]]]}}, {"id": "101", "type": "Feature", "properties": {"id": "96eb94ac-93df-415e-839e-b2f197040052", "name": null, "subtype": null, "class": null, "height": 3.771933078765869, "num_floors": null, "surge_class": 2, "surge_ft": 1.5, "flood_active": false, "exposure_score": 0.045, "exposure_category": "low"}, "geometry": {"type": "Polygon", "coordinates": [[[-94.8067952, 29.2985578], [-94.8066615, 29.2985891], [-94.8066944, 29.298696], [-94.8068281, 29.2986647], [-94.8067952, 29.2985578]]]}}, {"id": "102", "type": "Feature", "properties": {"id": "c9be638a-e05c-48fe-9544-b480ce5b5326", "name": null, "subtype": null, "class": null, "height": 4.9399590492248535, "num_floors": null, "surge_class": 3, "surge_ft": 2.5, "flood_active": false, "exposure_score": 0.075, "exposure_category": "low"}, "geometry": {"type": "Polygon", "coordinates": [[[-94.8066416, 29.2984983], [-94.8066643, 29.2985801], [-94.806796, 29.2985522], [-94.8067733, 29.2984705], [-94.8066416, 29.2984983]]]}}, {"id": "103", "type": "Feature", "properties": {"id": "91f7a395-4f8f-4152-8edc-be90a09c1229", "name": null, "subtype": null, "class": null, "height": 4.832721710205078, "num_floors": null, "surge_class": 3, "surge_ft": 2.5, "flood_active": false, "exposure_score": 0.075, "exposure_category": "low"}, "geometry": {"type": "Polygon", "coordinates": [[[-94.8065888, 29.2983742], [-94.8066272, 29.2984868], [-94.806764, 29.2984513], [-94.8067256, 29.2983387], [-94.8065888, 29.2983742]]]}}, {"id": "104", "type": "Feature", "properties": {"id": "43ea25d9-3a85-4f3f-85e9-892439f3d837", "name": null, "subtype": null, "class": null, "height": 5.089890956878662, "num_floors": null, "surge_class": 2, "surge_ft": 1.5, "flood_active": false, "exposure_score": 0.045, "exposure_category": "low"}, "geometry": {"type": "Polygon", "coordinates": [[[-94.8069185, 29.2979164], [-94.8068402, 29.2979312], [-94.8068716, 29.2980574], [-94.8069357, 29.2980453], [-94.8069226, 29.2979928], [-94.8069369, 29.2979901], [-94.8069185, 29.2979164]]]}}, {"id": "105", "type": "Feature", "properties": {"id": "0c19ed70-583b-4214-bc0c-671f516b7dae", "name": null, "subtype": null, "class": null, "height": 3.0675876140594482, "num_floors": null, "surge_class": 2, "surge_ft": 1.5, "flood_active": false, "exposure_score": 0.045, "exposure_category": "low"}, "geometry": {"type": "Polygon", "coordinates": [[[-94.8065616, 29.29795], [-94.8064648, 29.2979739], [-94.8064859, 29.2980389], [-94.8065827, 29.298015], [-94.8065616, 29.29795]]]}}, {"id": "106", "type": "Feature", "properties": {"id": "8f18d660-b7bc-46b2-aae1-227afef90709", "name": null, "subtype": null, "class": null, "height": null, "num_floors": null, "surge_class": 2, "surge_ft": 1.5, "flood_active": false, "exposure_score": 0.045, "exposure_category": "low"}, "geometry": {"type": "Polygon", "coordinates": [[[-94.8059451, 29.2980614], [-94.8060623, 29.2980293], [-94.8060447, 29.2979803], [-94.8059275, 29.2980124], [-94.8059451, 29.2980614]]]}}, {"id": "107", "type": "Feature", "properties": {"id": "4feab6da-6029-43c5-a7e4-eadf79d0e523", "name": null, "subtype": null, "class": null, "height": null, "num_floors": null, "surge_class": 2, "surge_ft": 1.5, "flood_active": false, "exposure_score": 0.045, "exposure_category": "low"}, "geometry": {"type": "Polygon", "coordinates": [[[-94.8060494, 29.2981667], [-94.806086, 29.29828], [-94.8061465, 29.2982652], [-94.8061099, 29.2981518], [-94.8060494, 29.2981667]]]}}, {"id": "108", "type": "Feature", "properties": {"id": "510e9fe8-5166-4ba7-8d5c-b6bda34a08b8", "name": null, "subtype": null, "class": null, "height": null, "num_floors": null, "surge_class": 2, "surge_ft": 1.5, "flood_active": false, "exposure_score": 0.045, "exposure_category": "low"}, "geometry": {"type": "Polygon", "coordinates": [[[-94.8059854, 29.2981821], [-94.806022, 29.2982956], [-94.8060826, 29.2982807], [-94.806046, 29.2981673], [-94.8059854, 29.2981821]]]}}, {"id": "109", "type": "Feature", "properties": {"id": "e97c4f3f-22c7-4424-b967-2810841ac6d1", "name": null, "subtype": null, "class": null, "height": 3.519411087036133, "num_floors": null, "surge_class": 2, "surge_ft": 1.5, "flood_active": false, "exposure_score": 0.045, "exposure_category": "low"}, "geometry": {"type": "Polygon", "coordinates": [[[-94.8060335, 29.2985729], [-94.806067, 29.2987093], [-94.8061454, 29.2986947], [-94.8061119, 29.2985582], [-94.8060335, 29.2985729]]]}}, {"id": "110", "type": "Feature", "properties": {"id": "e2c727a7-f964-4dcf-8dbc-d2908c82f3db", "name": null, "subtype": null, "class": null, "height": 3.770479202270508, "num_floors": null, "surge_class": 2, "surge_ft": 1.5, "flood_active": false, "exposure_score": 0.045, "exposure_category": "low"}, "geometry": {"type": "Polygon", "coordinates": [[[-94.8060533, 29.2987299], [-94.8060035, 29.2985863], [-94.8059273, 29.2986064], [-94.8059771, 29.29875], [-94.8060533, 29.2987299]]]}}, {"id": "111", "type": "Feature", "properties": {"id": "1ae00189-5a2d-4ed2-b979-fd6390f332fb", "name": null, "subtype": null, "class": null, "height": null, "num_floors": null, "surge_class": 2, "surge_ft": 1.5, "flood_active": false, "exposure_score": 0.045, "exposure_category": "low"}, "geometry": {"type": "Polygon", "coordinates": [[[-94.8061764, 29.2987815], [-94.8061623, 29.2987173], [-94.8060925, 29.2987289], [-94.8061066, 29.2987932], [-94.8061764, 29.2987815]]]}}, {"id": "112", "type": "Feature", "properties": {"id": "f97197fe-214c-4057-99f7-95b25f139fc0", "name": null, "subtype": null, "class": null, "height": 4.979290962219238, "num_floors": null, "surge_class": 2, "surge_ft": 1.5, "flood_active": false, "exposure_score": 0.045, "exposure_category": "low"}, "geometry": {"type": "Polygon", "coordinates": [[[-94.8063045, 29.2987721], [-94.8062577, 29.2986359], [-94.8061653, 29.2986601], [-94.8062121, 29.2987963], [-94.8063045, 29.2987721]]]}}, {"id": "113", "type": "Feature", "properties": {"id": "7fd46f1d-f720-4865-a552-17bc1a0f2000", "name": null, "subtype": null, "class": null, "height": 3.881164789199829, "num_floors": null, "surge_class": 2, "surge_ft": 1.5, "flood_active": false, "exposure_score": 0.045, "exposure_category": "low"}, "geometry": {"type": "Polygon", "coordinates": [[[-94.8063483, 29.2987891], [-94.8064555, 29.2987447], [-94.8064202, 29.2986798], [-94.806313, 29.2987243], [-94.8063483, 29.2987891]]]}}, {"id": "114", "type": "Feature", "properties": {"id": "cb628cc5-cb35-472f-85e1-81f24378e7aa", "name": null, "subtype": null, "class": null, "height": 4.5967793464660645, "num_floors": null, "surge_class": 3, "surge_ft": 2.5, "flood_active": false, "exposure_score": 0.075, "exposure_category": "low"}, "geometry": {"type": "Polygon", "coordinates": [[[-94.8063708, 29.2985556], [-94.8063391, 29.2984531], [-94.8062341, 29.2984777], [-94.8062658, 29.2985802], [-94.8063708, 29.2985556]]]}}, {"id": "115", "type": "Feature", "properties": {"id": "8e1c6008-0db2-4125-ae63-93412f5f5e0f", "name": null, "subtype": null, "class": null, "height": 2.6990411281585693, "num_floors": null, "surge_class": 1, "surge_ft": 0.5, "flood_active": false, "exposure_score": 0.015, "exposure_category": "low"}, "geometry": {"type": "Polygon", "coordinates": [[[-94.8064236, 29.2989628], [-94.8064613, 29.2991011], [-94.8064994, 29.2990932], [-94.8065103, 29.2991331], [-94.8065596, 29.2991228], [-94.806511, 29.2989446], [-94.8064236, 29.2989628]]]}}, {"id": "116", "type": "Feature", "properties": {"id": "194658f6-30ce-48ad-b2b5-442bb4ab3782", "name": null, "subtype": null, "class": null, "height": 3.840742349624634, "num_floors": null, "surge_class": 2, "surge_ft": 1.5, "flood_active": false, "exposure_score": 0.045, "exposure_category": "low"}, "geometry": {"type": "Polygon", "coordinates": [[[-94.806304, 29.2989488], [-94.8064513, 29.2989119], [-94.8064261, 29.2988352], [-94.8062787, 29.2988721], [-94.806304, 29.2989488]]]}}, {"id": "117", "type": "Feature", "properties": {"id": "214fc5a6-8395-4034-8901-2090adcbd095", "name": null, "subtype": null, "class": null, "height": 3.491791248321533, "num_floors": null, "surge_class": 1, "surge_ft": 0.5, "flood_active": false, "exposure_score": 0.015, "exposure_category": "low"}, "geometry": {"type": "Polygon", "coordinates": [[[-94.8063891, 29.2989831], [-94.8063026, 29.2990052], [-94.8063449, 29.2991313], [-94.8064314, 29.2991092], [-94.8063891, 29.2989831]]]}}, {"id": "118", "type": "Feature", "properties": {"id": "fafe94a4-57bc-4507-94bc-cc4cb90bb7a0", "name": null, "subtype": null, "class": null, "height": null, "num_floors": null, "surge_class": 3, "surge_ft": 2.5, "flood_active": false, "exposure_score": 0.075, "exposure_category": "low"}, "geometry": {"type": "Polygon", "coordinates": [[[-94.8065424, 29.2996257], [-94.8064626, 29.299394], [-94.8064208, 29.2994049], [-94.8065006, 29.2996366], [-94.8065424, 29.2996257]]]}}, {"id": "119", "type": "Feature", "properties": {"id": "19403690-52d2-4a47-8ee4-0b94860005be", "name": null, "subtype": null, "class": null, "height": null, "num_floors": null, "surge_class": 3, "surge_ft": 2.5, "flood_active": false, "exposure_score": 0.075, "exposure_category": "low"}, "geometry": {"type": "Polygon", "coordinates": [[[-94.8064689, 29.2995796], [-94.8064045, 29.2993956], [-94.8063432, 29.299412], [-94.8064076, 29.299596], [-94.8064689, 29.2995796]]]}}, {"id": "120", "type": "Feature", "properties": {"id": "c7668969-be50-43e6-aed5-e77c603155b5", "name": null, "subtype": null, "class": null, "height": null, "num_floors": null, "surge_class": 3, "surge_ft": 2.5, "flood_active": false, "exposure_score": 0.075, "exposure_category": "low"}, "geometry": {"type": "Polygon", "coordinates": [[[-94.8063839, 29.2997211], [-94.8064268, 29.2997143], [-94.8064051, 29.2996102], [-94.8063621, 29.299617], [-94.8063839, 29.2997211]]]}}, {"id": "121", "type": "Feature", "properties": {"id": "bf4d66d5-5359-445c-a589-d7b3c9b343bb", "name": null, "subtype": null, "class": null, "height": null, "num_floors": null, "surge_class": 3, "surge_ft": 2.5, "flood_active": false, "exposure_score": 0.075, "exposure_category": "low"}, "geometry": {"type": "Polygon", "coordinates": [[[-94.8063346, 29.2997032], [-94.806307, 29.2996112], [-94.8062732, 29.2996189], [-94.8063008, 29.2997109], [-94.8063346, 29.2997032]]]}}, {"id": "122", "type": "Feature", "properties": {"id": "1e3f0a3f-7713-4239-a369-b5f676e7c7ed", "name": null, "subtype": null, "class": null, "height": 2.8013477325439453, "num_floors": null, "surge_class": 3, "surge_ft": 2.5, "flood_active": false, "exposure_score": 0.075, "exposure_category": "low"}, "geometry": {"type": "Polygon", "coordinates": [[[-94.8063395, 29.2994193], [-94.8062821, 29.2994347], [-94.8063311, 29.2995736], [-94.8063886, 29.2995581], [-94.8063395, 29.2994193]]]}}, {"id": "123", "type": "Feature", "properties": {"id": "48f8b708-975f-4e58-bf15-30054f350428", "name": null, "subtype": null, "class": null, "height": 3.097238779067993, "num_floors": null, "surge_class": 3, "surge_ft": 2.5, "flood_active": false, "exposure_score": 0.075, "exposure_category": "low"}, "geometry": {"type": "Polygon", "coordinates": [[[-94.806323, 29.2995736], [-94.8062769, 29.2994343], [-94.806215, 29.2994499], [-94.8062611, 29.2995892], [-94.806323, 29.2995736]]]}}, {"id": "124", "type": "Feature", "properties": {"id": "22c2e423-8d9d-4e0e-b2fa-47192442acaf", "name": null, "subtype": null, "class": null, "height": 3.8899495601654053, "num_floors": null, "surge_class": 3, "surge_ft": 2.5, "flood_active": false, "exposure_score": 0.075, "exposure_category": "low"}, "geometry": {"type": "Polygon", "coordinates": [[[-94.8059067, 29.2995177], [-94.8059405, 29.2996157], [-94.8060085, 29.2995979], [-94.8059747, 29.2994999], [-94.8059067, 29.2995177]]]}}, {"id": "125", "type": "Feature", "properties": {"id": "6a343cb6-c304-4f13-b56e-190271a82248", "name": null, "subtype": null, "class": null, "height": null, "num_floors": null, "surge_class": 1, "surge_ft": 0.5, "flood_active": false, "exposure_score": 0.015, "exposure_category": "low"}, "geometry": {"type": "Polygon", "coordinates": [[[-94.8061817, 29.2989903], [-94.8062297, 29.2991588], [-94.8062903, 29.2991457], [-94.8062423, 29.2989772], [-94.8061817, 29.2989903]]]}}, {"id": "126", "type": "Feature", "properties": {"id": "9f98722a-1eea-445b-9b17-be8aef5ea8d4", "name": null, "subtype": null, "class": null, "height": null, "num_floors": null, "surge_class": 2, "surge_ft": 1.5, "flood_active": false, "exposure_score": 0.045, "exposure_category": "low"}, "geometry": {"type": "Polygon", "coordinates": [[[-94.8062042, 29.2991699], [-94.8061601, 29.2989997], [-94.8061, 29.2990115], [-94.8061441, 29.2991818], [-94.8062042, 29.2991699]]]}}, {"id": "127", "type": "Feature", "properties": {"id": "fcc22d53-b5e6-4a36-af1e-a31d9610bf0d", "name": null, "subtype": null, "class": null, "height": null, "num_floors": null, "surge_class": 2, "surge_ft": 1.5, "flood_active": false, "exposure_score": 0.045, "exposure_category": "low"}, "geometry": {"type": "Polygon", "coordinates": [[[-94.805941, 29.2988943], [-94.8060204, 29.2988746], [-94.8060007, 29.298814], [-94.8059213, 29.2988337], [-94.805941, 29.2988943]]]}}, {"id": "128", "type": "Feature", "properties": {"id": "be84ce3c-c894-4116-869f-f780e2252219", "name": null, "subtype": null, "class": null, "height": 4.113266468048096, "num_floors": null, "surge_class": 2, "surge_ft": 1.5, "flood_active": false, "exposure_score": 0.045, "exposure_category": "low"}, "geometry": {"type": "Polygon", "coordinates": [[[-94.8057677, 29.2991397], [-94.8058171, 29.2992797], [-94.8058746, 29.2992643], [-94.8058715, 29.2992558], [-94.8059194, 29.2992429], [-94.8058731, 29.2991115], [-94.8057677, 29.2991397]]]}}, {"id": "129", "type": "Feature", "properties": {"id": "9da3d114-a1c0-41bf-b554-cee5600308f1", "name": null, "subtype": null, "class": null, "height": 4.345315456390381, "num_floors": null, "surge_class": 2, "surge_ft": 1.5, "flood_active": false, "exposure_score": 0.045, "exposure_category": "low"}, "geometry": {"type": "Polygon", "coordinates": [[[-94.8057755, 29.2996004], [-94.8057996, 29.2996707], [-94.8059274, 29.2996374], [-94.8059033, 29.299567], [-94.8057755, 29.2996004]]]}}, {"id": "130", "type": "Feature", "properties": {"id": "f2f98314-11c9-42ae-bc1e-a435f205c161", "name": null, "subtype": null, "class": null, "height": 4.379205703735352, "num_floors": null, "surge_class": 2, "surge_ft": 1.5, "flood_active": false, "exposure_score": 0.045, "exposure_category": "low"}, "geometry": {"type": "Polygon", "coordinates": [[[-94.8056684, 29.2992003], [-94.8056816, 29.2992364], [-94.8056378, 29.2992486], [-94.8056768, 29.2993547], [-94.8057668, 29.2993296], [-94.8057146, 29.2991874], [-94.8056684, 29.2992003]]]}}, {"id": "131", "type": "Feature", "properties": {"id": "f98a77f4-3cb0-4091-9325-e3bc335adb73", "name": null, "subtype": null, "class": null, "height": 4.213992595672607, "num_floors": null, "surge_class": 2, "surge_ft": 1.5, "flood_active": false, "exposure_score": 0.045, "exposure_category": "low"}, "geometry": {"type": "Polygon", "coordinates": [[[-94.8052707, 29.2997662], [-94.8054706, 29.299719], [-94.8054341, 29.2996013], [-94.8052953, 29.2996341], [-94.8053186, 29.2997092], [-94.8052575, 29.2997237], [-94.8052707, 29.2997662]]]}}, {"id": "132", "type": "Feature", "properties": {"id": "857c44e9-4c46-4955-b8c1-ead9bedea3fe", "name": null, "subtype": null, "class": null, "height": null, "num_floors": null, "surge_class": 2, "surge_ft": 1.5, "flood_active": false, "exposure_score": 0.045, "exposure_category": "low"}, "geometry": {"type": "Polygon", "coordinates": [[[-94.8057129, 29.2986596], [-94.8056326, 29.2986798], [-94.8056551, 29.2987478], [-94.8057354, 29.2987275], [-94.8057129, 29.2986596]]]}}, {"id": "133", "type": "Feature", "properties": {"id": "61ae9f9b-481f-4849-bd58-13b036bb79c5", "name": null, "subtype": null, "class": null, "height": 3.995232582092285, "num_floors": null, "surge_class": 2, "surge_ft": 1.5, "flood_active": false, "exposure_score": 0.045, "exposure_category": "low"}, "geometry": {"type": "Polygon", "coordinates": [[[-94.8058265, 29.2986056], [-94.8057275, 29.2986263], [-94.8057785, 29.2988121], [-94.8058597, 29.2987952], [-94.8058464, 29.2987465], [-94.8058641, 29.2987428], [-94.8058265, 29.2986056]]]}}, {"id": "134", "type": "Feature", "properties": {"id": "6b232c5a-f5d2-474d-9fe5-87ba3fb04660", "name": null, "subtype": null, "class": null, "height": 4.034292221069336, "num_floors": null, "surge_class": 2, "surge_ft": 1.5, "flood_active": false, "exposure_score": 0.045, "exposure_category": "low"}, "geometry": {"type": "Polygon", "coordinates": [[[-94.8057436, 29.2983208], [-94.8057198, 29.2982076], [-94.805629, 29.2982221], [-94.8056527, 29.2983353], [-94.8057436, 29.2983208]]]}}, {"id": "135", "type": "Feature", "properties": {"id": "5e6cd7c3-82af-4f48-9c1b-297e71e91fe9", "name": null, "subtype": null, "class": null, "height": null, "num_floors": null, "surge_class": 2, "surge_ft": 1.5, "flood_active": false, "exposure_score": 0.045, "exposure_category": "low"}, "geometry": {"type": "Polygon", "coordinates": [[[-94.8056893, 29.2983977], [-94.8057477, 29.2983857], [-94.8057337, 29.2983337], [-94.8056752, 29.2983457], [-94.8056893, 29.2983977]]]}}, {"id": "136", "type": "Feature", "properties": {"id": "6a143d0d-25e6-4cb1-8dd1-aeb8c103680d", "name": null, "subtype": null, "class": null, "height": null, "num_floors": null, "surge_class": 2, "surge_ft": 1.5, "flood_active": false, "exposure_score": 0.045, "exposure_category": "low"}, "geometry": {"type": "Polygon", "coordinates": [[[-94.8056218, 29.2981058], [-94.8056319, 29.2981387], [-94.8056799, 29.2981276], [-94.8056699, 29.2980947], [-94.8056218, 29.2981058]]]}}, {"id": "137", "type": "Feature", "properties": {"id": "e38270c1-f4da-4dff-bee3-b15680267827", "name": null, "subtype": null, "class": null, "height": 4.84692907333374, "num_floors": null, "surge_class": 2, "surge_ft": 1.5, "flood_active": false, "exposure_score": 0.045, "exposure_category": "low"}, "geometry": {"type": "Polygon", "coordinates": [[[-94.805496, 29.2983981], [-94.8056133, 29.2983781], [-94.8055793, 29.298226], [-94.8054619, 29.298246], [-94.805496, 29.2983981]]]}}, {"id": "138", "type": "Feature", "properties": {"id": "74451244-70fd-4535-86f2-be2a7406c46e", "name": null, "subtype": null, "class": null, "height": 4.318839073181152, "num_floors": null, "surge_class": 2, "surge_ft": 1.5, "flood_active": false, "exposure_score": 0.045, "exposure_category": "low"}, "geometry": {"type": "Polygon", "coordinates": [[[-94.8054021, 29.2982189], [-94.8053731, 29.2981458], [-94.8052845, 29.2981725], [-94.8053135, 29.2982456], [-94.8054021, 29.2982189]]]}}, {"id": "139", "type": "Feature", "properties": {"id": "fbb1e156-c872-4e3d-9b87-660dfe4045a4", "name": null, "subtype": null, "class": null, "height": 4.586215019226074, "num_floors": null, "surge_class": 2, "surge_ft": 1.5, "flood_active": false, "exposure_score": 0.045, "exposure_category": "low"}, "geometry": {"type": "Polygon", "coordinates": [[[-94.8049211, 29.298119], [-94.8049291, 29.2981527], [-94.8048982, 29.2981582], [-94.8049099, 29.2982076], [-94.8050128, 29.298189], [-94.8049931, 29.298106], [-94.8049211, 29.298119]]]}}, {"id": "140", "type": "Feature", "properties": {"id": "501c826b-95a1-4c8d-83f3-70ac5b2b2598", "name": null, "subtype": null, "class": null, "height": 3.9893274307250977, "num_floors": null, "surge_class": 1, "surge_ft": 0.5, "flood_active": false, "exposure_score": 0.015, "exposure_category": "low"}, "geometry": {"type": "Polygon", "coordinates": [[[-94.8049866, 29.298098], [-94.8049673, 29.2980385], [-94.804852, 29.2980671], [-94.8048714, 29.2981265], [-94.8049866, 29.298098]]]}}, {"id": "141", "type": "Feature", "properties": {"id": "5fce708e-7238-4cec-89e1-7a7e45c07609", "name": null, "subtype": null, "class": null, "height": 2.7868716716766357, "num_floors": null, "surge_class": 2, "surge_ft": 1.5, "flood_active": false, "exposure_score": 0.045, "exposure_category": "low"}, "geometry": {"type": "Polygon", "coordinates": [[[-94.8048827, 29.2982727], [-94.8048963, 29.2983384], [-94.8050314, 29.2983171], [-94.8050178, 29.2982514], [-94.8048827, 29.2982727]]]}}, {"id": "142", "type": "Feature", "properties": {"id": "724ac1cd-47c8-4236-a9cf-38663015838f", "name": null, "subtype": null, "class": null, "height": 3.4962430000305176, "num_floors": null, "surge_class": 2, "surge_ft": 1.5, "flood_active": false, "exposure_score": 0.045, "exposure_category": "low"}, "geometry": {"type": "Polygon", "coordinates": [[[-94.8050564, 29.2983986], [-94.8050462, 29.2983439], [-94.8048947, 29.2983654], [-94.8049049, 29.2984201], [-94.8050564, 29.2983986]]]}}, {"id": "143", "type": "Feature", "properties": {"id": "49bfec17-8f7f-48a8-9856-3e4d7d42eff4", "name": null, "subtype": null, "class": null, "height": 3.9785802364349365, "num_floors": null, "surge_class": 2, "surge_ft": 1.5, "flood_active": false, "exposure_score": 0.045, "exposure_category": "low"}, "geometry": {"type": "Polygon", "coordinates": [[[-94.8051206, 29.2985567], [-94.8051086, 29.2985026], [-94.8049198, 29.2985342], [-94.8049318, 29.2985884], [-94.8051206, 29.2985567]]]}}, {"id": "144", "type": "Feature", "properties": {"id": "212a44c5-b8fe-439d-aced-70f414c473e3", "name": null, "subtype": null, "class": null, "height": 4.809956073760986, "num_floors": null, "surge_class": 2, "surge_ft": 1.5, "flood_active": false, "exposure_score": 0.045, "exposure_category": "low"}, "geometry": {"type": "Polygon", "coordinates": [[[-94.8050689, 29.2984192], [-94.8049359, 29.2984516], [-94.8049561, 29.2985145], [-94.805089, 29.2984821], [-94.8050689, 29.2984192]]]}}, {"id": "145", "type": "Feature", "properties": {"id": "e82c985c-c697-4685-bbd7-96a9584417bf", "name": null, "subtype": null, "class": null, "height": 4.365715026855469, "num_floors": null, "surge_class": 2, "surge_ft": 1.5, "flood_active": false, "exposure_score": 0.045, "exposure_category": "low"}, "geometry": {"type": "Polygon", "coordinates": [[[-94.8047529, 29.2986079], [-94.8048123, 29.2985977], [-94.8047836, 29.2984705], [-94.8047242, 29.2984807], [-94.8047529, 29.2986079]]]}}, {"id": "146", "type": "Feature", "properties": {"id": "7f56787f-a01f-426f-9e42-da8a7480ad4f", "name": null, "subtype": null, "class": null, "height": 4.9173903465271, "num_floors": null, "surge_class": 2, "surge_ft": 1.5, "flood_active": false, "exposure_score": 0.045, "exposure_category": "low"}, "geometry": {"type": "Polygon", "coordinates": [[[-94.8048605, 29.2984437], [-94.8047996, 29.298454], [-94.8048297, 29.2985893], [-94.8048906, 29.298579], [-94.8048605, 29.2984437]]]}}, {"id": "147", "type": "Feature", "properties": {"id": "d3b71be9-5872-4743-99c4-e4aac3832590", "name": null, "subtype": null, "class": null, "height": 5.0573225021362305, "num_floors": null, "surge_class": 2, "surge_ft": 1.5, "flood_active": false, "exposure_score": 0.045, "exposure_category": "low"}, "geometry": {"type": "Polygon", "coordinates": [[[-94.8046353, 29.2986346], [-94.8047418, 29.298608], [-94.8046907, 29.2984524], [-94.8045841, 29.298479], [-94.8046353, 29.2986346]]]}}, {"id": "148", "type": "Feature", "properties": {"id": "c32d4499-23fb-44ac-846e-98c1220c51e9", "name": null, "subtype": null, "class": null, "height": 3.8319954872131348, "num_floors": null, "surge_class": 1, "surge_ft": 0.5, "flood_active": false, "exposure_score": 0.015, "exposure_category": "low"}, "geometry": {"type": "Polygon", "coordinates": [[[-94.8045816, 29.2983774], [-94.8046069, 29.2984517], [-94.8046796, 29.2984329], [-94.8046542, 29.2983586], [-94.8045816, 29.2983774]]]}}, {"id": "149", "type": "Feature", "properties": {"id": "5c0a32df-07ba-4ebd-81ab-c80f0ea361df", "name": null, "subtype": null, "class": null, "height": 2.6843295097351074, "num_floors": null, "surge_class": 1, "surge_ft": 0.5, "flood_active": false, "exposure_score": 0.015, "exposure_category": "low"}, "geometry": {"type": "Polygon", "coordinates": [[[-94.80479, 29.2979341], [-94.8047283, 29.29795], [-94.8047799, 29.2981028], [-94.8048416, 29.298087], [-94.80479, 29.2979341]]]}}, {"id": "150", "type": "Feature", "properties": {"id": "795ed38b-ab16-4cad-8ff1-ce0205fc6f00", "name": null, "subtype": null, "class": null, "height": 2.684032678604126, "num_floors": null, "surge_class": 1, "surge_ft": 0.5, "flood_active": false, "exposure_score": 0.015, "exposure_category": "low"}, "geometry": {"type": "Polygon", "coordinates": [[[-94.8046652, 29.2979739], [-94.8045526, 29.2980021], [-94.8046098, 29.298176], [-94.8047224, 29.2981478], [-94.8046652, 29.2979739]]]}}, {"id": "151", "type": "Feature", "properties": {"id": "5d7de0c3-7c5c-4cb5-9f38-d62094c4017e", "name": null, "subtype": null, "class": null, "height": 4.904392242431641, "num_floors": null, "surge_class": 2, "surge_ft": 1.5, "flood_active": false, "exposure_score": 0.045, "exposure_category": "low"}, "geometry": {"type": "Polygon", "coordinates": [[[-94.8045344, 29.2980142], [-94.8044251, 29.2980412], [-94.8044756, 29.2981971], [-94.8045849, 29.2981702], [-94.8045344, 29.2980142]]]}}, {"id": "152", "type": "Feature", "properties": {"id": "5cea5a79-15e9-406d-9d07-be13d9751eae", "name": null, "subtype": null, "class": null, "height": null, "num_floors": null, "surge_class": 2, "surge_ft": 1.5, "flood_active": false, "exposure_score": 0.045, "exposure_category": "low"}, "geometry": {"type": "Polygon", "coordinates": [[[-94.8044783, 29.2982785], [-94.8044653, 29.2982175], [-94.8043864, 29.2982303], [-94.8044091, 29.2983365], [-94.804462, 29.2983279], [-94.8044524, 29.2982827], [-94.8044783, 29.2982785]]]}}, {"id": "153", "type": "Feature", "properties": {"id": "01c5eaea-6ee5-438b-b555-1b312b14f9bc", "name": null, "subtype": null, "class": null, "height": 2.680415153503418, "num_floors": null, "surge_class": 2, "surge_ft": 1.5, "flood_active": false, "exposure_score": 0.045, "exposure_category": "low"}, "geometry": {"type": "Polygon", "coordinates": [[[-94.8043926, 29.2983364], [-94.8043569, 29.2982233], [-94.8042746, 29.2982431], [-94.8043104, 29.2983561], [-94.8043926, 29.2983364]]]}}, {"id": "154", "type": "Feature", "properties": {"id": "b50c5b2f-f38a-45d5-b0c3-6e98bfeb25d3", "name": null, "subtype": null, "class": null, "height": null, "num_floors": null, "surge_class": 1, "surge_ft": 0.5, "flood_active": false, "exposure_score": 0.015, "exposure_category": "low"}, "geometry": {"type": "Polygon", "coordinates": [[[-94.8042537, 29.2980823], [-94.8042812, 29.2981625], [-94.8043485, 29.2981449], [-94.8043211, 29.2980647], [-94.8042537, 29.2980823]]]}}, {"id": "155", "type": "Feature", "properties": {"id": "a245ce3d-83d9-46d0-b599-d5482cf81e36", "name": null, "subtype": null, "class": null, "height": null, "num_floors": null, "surge_class": 1, "surge_ft": 0.5, "flood_active": false, "exposure_score": 0.015, "exposure_category": "low"}, "geometry": {"type": "Polygon", "coordinates": [[[-94.8043899, 29.2981889], [-94.8044533, 29.2981757], [-94.8044142, 29.2980328], [-94.8043508, 29.298046], [-94.8043899, 29.2981889]]]}}, {"id": "156", "type": "Feature", "properties": {"id": "7b025d1b-2e3c-4da3-918b-280c43947001", "name": null, "subtype": null, "class": null, "height": 3.2165145874023438, "num_floors": null, "surge_class": 1, "surge_ft": 0.5, "flood_active": false, "exposure_score": 0.015, "exposure_category": "low"}, "geometry": {"type": "Polygon", "coordinates": [[[-94.8041362, 29.2982539], [-94.8042465, 29.2982261], [-94.8041979, 29.2980793], [-94.8040875, 29.2981071], [-94.8041362, 29.2982539]]]}}, {"id": "157", "type": "Feature", "properties": {"id": "85d59de1-f7c6-458f-85e3-7224fdf751a9", "name": null, "subtype": null, "class": null, "height": 4.008073329925537, "num_floors": null, "surge_class": 2, "surge_ft": 1.5, "flood_active": false, "exposure_score": 0.045, "exposure_category": "low"}, "geometry": {"type": "Polygon", "coordinates": [[[-94.8043816, 29.2987632], [-94.8043617, 29.2986574], [-94.8042114, 29.2986789], [-94.8042313, 29.2987847], [-94.8043816, 29.2987632]]]}}, {"id": "158", "type": "Feature", "properties": {"id": "91409333-9a48-48e7-9c79-2a029d7ef804", "name": null, "subtype": null, "class": null, "height": 5.384151935577393, "num_floors": null, "surge_class": 2, "surge_ft": 1.5, "flood_active": false, "exposure_score": 0.045, "exposure_category": "low"}, "geometry": {"type": "Polygon", "coordinates": [[[-94.8042685, 29.298659], [-94.8044403, 29.2986219], [-94.8044141, 29.2985293], [-94.8043534, 29.2985424], [-94.8043449, 29.2985125], [-94.8043236, 29.2985171], [-94.8043117, 29.2984753], [-94.8041915, 29.2985012], [-94.8042053, 29.2985497], [-94.80418, 29.2985551], [-94.8042078, 29.2986534], [-94.8042635, 29.2986414], [-94.8042685, 29.298659]]]}}, {"id": "159", "type": "Feature", "properties": {"id": "2078b15d-3508-4323-9207-53259b66f258", "name": null, "subtype": null, "class": null, "height": 5.6930742263793945, "num_floors": null, "surge_class": 1, "surge_ft": 0.5, "flood_active": false, "exposure_score": 0.015, "exposure_category": "low"}, "geometry": {"type": "Polygon", "coordinates": [[[-94.8045867, 29.2986506], [-94.8045384, 29.2985125], [-94.8044403, 29.2985386], [-94.8044885, 29.2986767], [-94.8045867, 29.2986506]]]}}, {"id": "160", "type": "Feature", "properties": {"id": "95baf484-2745-4728-929a-538bd66571de", "name": null, "subtype": null, "class": null, "height": 4.603788375854492, "num_floors": null, "surge_class": 2, "surge_ft": 1.5, "flood_active": false, "exposure_score": 0.045, "exposure_category": "low"}, "geometry": {"type": "Polygon", "coordinates": [[[-94.804586, 29.2991633], [-94.8045297, 29.2989849], [-94.8043926, 29.2990178], [-94.8044324, 29.2991439], [-94.8045221, 29.2991224], [-94.8045386, 29.2991746], [-94.804586, 29.2991633]]]}}, {"id": "161", "type": "Feature", "properties": {"id": "3290fe7b-2961-4e0c-bed1-2cd87c8e1398", "name": null, "subtype": null, "class": null, "height": 4.475535869598389, "num_floors": null, "surge_class": 2, "surge_ft": 1.5, "flood_active": false, "exposure_score": 0.045, "exposure_category": "low"}, "geometry": {"type": "Polygon", "coordinates": [[[-94.8040286, 29.2993531], [-94.8040374, 29.2993828], [-94.803967, 29.2993987], [-94.8039793, 29.2994403], [-94.803924, 29.2994528], [-94.803936, 29.2994932], [-94.8041372, 29.299448], [-94.8041041, 29.2993361], [-94.8040286, 29.2993531]]]}}, {"id": "162", "type": "Feature", "properties": {"id": "a2852261-b4d5-4dee-83e9-791568da4198", "name": null, "subtype": null, "class": null, "height": 4.396113872528076, "num_floors": null, "surge_class": 2, "surge_ft": 1.5, "flood_active": false, "exposure_score": 0.045, "exposure_category": "low"}, "geometry": {"type": "Polygon", "coordinates": [[[-94.8042012, 29.2996187], [-94.8041862, 29.2995414], [-94.8039593, 29.2995749], [-94.8039686, 29.2996226], [-94.8040482, 29.2996109], [-94.804054, 29.2996404], [-94.8042012, 29.2996187]]]}}, {"id": "163", "type": "Feature", "properties": {"id": "5d62f07b-17ab-473d-9d66-1b0607a56ae3", "name": null, "subtype": null, "class": null, "height": 3.801727294921875, "num_floors": null, "surge_class": 2, "surge_ft": 1.5, "flood_active": false, "exposure_score": 0.045, "exposure_category": "low"}, "geometry": {"type": "Polygon", "coordinates": [[[-94.8047565, 29.2995593], [-94.8048141, 29.2995438], [-94.8047974, 29.2994968], [-94.804593, 29.299552], [-94.8046327, 29.299664], [-94.8047086, 29.2996435], [-94.8046992, 29.2996169], [-94.8047702, 29.2995977], [-94.8047565, 29.2995593]]]}}, {"id": "164", "type": "Feature", "properties": {"id": "b1865b9a-e960-4f71-b918-a3713f65403c", "name": null, "subtype": null, "class": null, "height": null, "num_floors": null, "surge_class": 3, "surge_ft": 2.5, "flood_active": false, "exposure_score": 0.075, "exposure_category": "low"}, "geometry": {"type": "Polygon", "coordinates": [[[-94.8047797, 29.2993305], [-94.8047943, 29.2993655], [-94.8048295, 29.2993544], [-94.8048148, 29.2993193], [-94.8047797, 29.2993305]]]}}, {"id": "165", "type": "Feature", "properties": {"id": "7e0b0081-ad53-43d6-958b-c63139e65e23", "name": null, "subtype": null, "class": null, "height": 5.083861827850342, "num_floors": null, "surge_class": 2, "surge_ft": 1.5, "flood_active": false, "exposure_score": 0.045, "exposure_category": "low"}, "geometry": {"type": "Polygon", "coordinates": [[[-94.8047142, 29.2993569], [-94.8045396, 29.2993943], [-94.8045685, 29.299497], [-94.8047012, 29.2994686], [-94.8046916, 29.2994343], [-94.8047334, 29.2994253], [-94.8047142, 29.2993569]]]}}, {"id": "166", "type": "Feature", "properties": {"id": "b6e2049e-7ac5-4d50-b8eb-cf3910f207d5", "name": null, "subtype": null, "class": null, "height": 3.424415349960327, "num_floors": null, "surge_class": 2, "surge_ft": 1.5, "flood_active": false, "exposure_score": 0.045, "exposure_category": "low"}, "geometry": {"type": "Polygon", "coordinates": [[[-94.8047133, 29.2989308], [-94.8045897, 29.2989623], [-94.8046501, 29.2991424], [-94.8046995, 29.2991297], [-94.8046865, 29.299091], [-94.8047324, 29.2990793], [-94.8047074, 29.2990048], [-94.8047357, 29.2989976], [-94.8047133, 29.2989308]]]}}, {"id": "167", "type": "Feature", "properties": {"id": "e3eb4cc8-0610-4f1a-9e98-61e13f1ca108", "name": null, "subtype": null, "class": null, "height": 4.427149772644043, "num_floors": null, "surge_class": 2, "surge_ft": 1.5, "flood_active": false, "exposure_score": 0.045, "exposure_category": "low"}, "geometry": {"type": "Polygon", "coordinates": [[[-94.8050016, 29.2990095], [-94.8049892, 29.2989703], [-94.8050216, 29.2989625], [-94.8049855, 29.2988483], [-94.8048708, 29.2988759], [-94.8049193, 29.2990292], [-94.8050016, 29.2990095]]]}}, {"id": "168", "type": "Feature", "properties": {"id": "37ad6462-d54c-4b24-ae61-4e411e9aa73f", "name": null, "subtype": null, "class": null, "height": 4.422501564025879, "num_floors": null, "surge_class": 2, "surge_ft": 1.5, "flood_active": false, "exposure_score": 0.045, "exposure_category": "low"}, "geometry": {"type": "Polygon", "coordinates": [[[-94.8050406, 29.2991237], [-94.8052425, 29.29908], [-94.8052078, 29.2989583], [-94.8051765, 29.2989651], [-94.8051551, 29.2988901], [-94.8050852, 29.2989052], [-94.8050665, 29.2989485], [-94.8050863, 29.2990177], [-94.8050725, 29.2990207], [-94.8050852, 29.2990652], [-94.8050275, 29.2990777], [-94.8050406, 29.2991237]]]}}, {"id": "169", "type": "Feature", "properties": {"id": "f5795b3f-5fe5-44de-8312-c422b2fff292", "name": null, "subtype": null, "class": null, "height": 4.001895904541016, "num_floors": null, "surge_class": 2, "surge_ft": 1.5, "flood_active": false, "exposure_score": 0.045, "exposure_category": "low"}, "geometry": {"type": "Polygon", "coordinates": [[[-94.8051641, 29.2992237], [-94.8050957, 29.2992353], [-94.8051063, 29.2992826], [-94.805052, 29.2992919], [-94.8050603, 29.299329], [-94.8052644, 29.2992943], [-94.805238, 29.299176], [-94.8051565, 29.2991899], [-94.8051641, 29.2992237]]]}}, {"id": "170", "type": "Feature", "properties": {"id": "e67724af-7e68-41dc-81bd-606050df19d3", "name": null, "subtype": null, "class": null, "height": 3.384570837020874, "num_floors": null, "surge_class": 2, "surge_ft": 1.5, "flood_active": false, "exposure_score": 0.045, "exposure_category": "low"}, "geometry": {"type": "Polygon", "coordinates": [[[-94.805289, 29.2994776], [-94.8053661, 29.2994588], [-94.805331, 29.2993493], [-94.8051132, 29.2994024], [-94.8051278, 29.2994479], [-94.8051889, 29.299433], [-94.8052014, 29.2994721], [-94.805281, 29.2994527], [-94.805289, 29.2994776]]]}}, {"id": "171", "type": "Feature", "properties": {"id": "5337daa6-d14e-4aaa-b197-48a08e4301bc", "name": null, "subtype": null, "class": null, "height": 4.584854602813721, "num_floors": null, "surge_class": 2, "surge_ft": 1.5, "flood_active": false, "exposure_score": 0.045, "exposure_category": "low"}, "geometry": {"type": "Polygon", "coordinates": [[[-94.80467, 29.2997843], [-94.8046903, 29.2998621], [-94.8047388, 29.2998525], [-94.8047562, 29.2999192], [-94.8048443, 29.2999017], [-94.8048187, 29.2998039], [-94.8048581, 29.299796], [-94.8048459, 29.2997493], [-94.80467, 29.2997843]]]}}, {"id": "172", "type": "Feature", "properties": {"id": "269d1743-e7ab-41bf-a549-acfb0385162e", "name": null, "subtype": null, "class": null, "height": 5.2043585777282715, "num_floors": null, "surge_class": 2, "surge_ft": 1.5, "flood_active": false, "exposure_score": 0.045, "exposure_category": "low"}, "geometry": {"type": "Polygon", "coordinates": [[[-94.8049402, 29.3001075], [-94.8049301, 29.3000759], [-94.8049712, 29.3000659], [-94.8049484, 29.2999943], [-94.8047753, 29.3000363], [-94.8048082, 29.3001395], [-94.8049402, 29.3001075]]]}}, {"id": "173", "type": "Feature", "properties": {"id": "f6ce9aa3-ca01-4b7e-a92f-65cc28f0f06d", "name": null, "subtype": null, "class": null, "height": 4.094674587249756, "num_floors": null, "surge_class": 2, "surge_ft": 1.5, "flood_active": false, "exposure_score": 0.045, "exposure_category": "low"}, "geometry": {"type": "Polygon", "coordinates": [[[-94.8041573, 29.2996859], [-94.8040616, 29.2997072], [-94.8040904, 29.299806], [-94.8042264, 29.2997759], [-94.8042053, 29.2997034], [-94.804165, 29.2997123], [-94.8041573, 29.2996859]]]}}, {"id": "174", "type": "Feature", "properties": {"id": "2a707ac3-e75c-4935-a068-55be6ae95ed7", "name": null, "subtype": null, "class": null, "height": 5.159061908721924, "num_floors": null, "surge_class": 2, "surge_ft": 1.5, "flood_active": false, "exposure_score": 0.045, "exposure_category": "low"}, "geometry": {"type": "Polygon", "coordinates": [[[-94.8042787, 29.2998942], [-94.8041401, 29.299931], [-94.8041647, 29.3000016], [-94.8041033, 29.3000179], [-94.804119, 29.3000629], [-94.804319, 29.3000098], [-94.8042787, 29.2998942]]]}}, {"id": "175", "type": "Feature", "properties": {"id": "703cb188-62ce-4735-aeef-827a0e7fc469", "name": null, "subtype": null, "class": null, "height": 4.73447847366333, "num_floors": null, "surge_class": 2, "surge_ft": 1.5, "flood_active": false, "exposure_score": 0.045, "exposure_category": "low"}, "geometry": {"type": "Polygon", "coordinates": [[[-94.8034, 29.299819], [-94.8036217, 29.2997576], [-94.8036078, 29.2997193], [-94.8035322, 29.2997402], [-94.8035165, 29.2996968], [-94.8033702, 29.2997373], [-94.8034, 29.299819]]]}}, {"id": "176", "type": "Feature", "properties": {"id": "22fcbd06-b460-486a-9292-1e6e2beefdaf", "name": null, "subtype": null, "class": null, "height": 4.979978561401367, "num_floors": null, "surge_class": 2, "surge_ft": 1.5, "flood_active": false, "exposure_score": 0.045, "exposure_category": "low"}, "geometry": {"type": "Polygon", "coordinates": [[[-94.803587, 29.2998347], [-94.8034987, 29.2998541], [-94.8035085, 29.299888], [-94.8034606, 29.2998986], [-94.8034797, 29.2999645], [-94.8036159, 29.2999346], [-94.803587, 29.2998347]]]}}, {"id": "177", "type": "Feature", "properties": {"id": "d09c6374-3a61-4dc5-a4e8-a6d36598cf7f", "name": null, "subtype": null, "class": null, "height": 4.589053630828857, "num_floors": null, "surge_class": 2, "surge_ft": 1.5, "flood_active": false, "exposure_score": 0.045, "exposure_category": "low"}, "geometry": {"type": "Polygon", "coordinates": [[[-94.8030525, 29.2998527], [-94.8029698, 29.2998741], [-94.8029503, 29.299817], [-94.8029011, 29.2998298], [-94.8029609, 29.3000051], [-94.8030928, 29.2999709], [-94.8030525, 29.2998527]]]}}, {"id": "178", "type": "Feature", "properties": {"id": "dcc522bd-312c-4a26-93bc-f8e9b46c2a98", "name": null, "subtype": null, "class": null, "height": 5.067153453826904, "num_floors": null, "surge_class": 2, "surge_ft": 1.5, "flood_active": false, "exposure_score": 0.045, "exposure_category": "low"}, "geometry": {"type": "Polygon", "coordinates": [[[-94.8029133, 29.3000246], [-94.802861, 29.2998418], [-94.802808, 29.2998534], [-94.8028231, 29.2999062], [-94.8027802, 29.2999156], [-94.8027985, 29.2999794], [-94.8027707, 29.2999855], [-94.8027896, 29.3000515], [-94.8029133, 29.3000246]]]}}, {"id": "179", "type": "Feature", "properties": {"id": "9d772e14-f8e7-4d39-9948-f3cd1b7be1dd", "name": null, "subtype": null, "class": null, "height": 5.044091701507568, "num_floors": null, "surge_class": 2, "surge_ft": 1.5, "flood_active": false, "exposure_score": 0.045, "exposure_category": "low"}, "geometry": {"type": "Polygon", "coordinates": [[[-94.8026848, 29.3000771], [-94.8026754, 29.3000441], [-94.8027133, 29.3000359], [-94.8026914, 29.2999587], [-94.8025664, 29.2999857], [-94.8025976, 29.3000959], [-94.8026848, 29.3000771]]]}}, {"id": "180", "type": "Feature", "properties": {"id": "d3b7dff0-0b54-4bfb-9325-f421b25e2b37", "name": null, "subtype": null, "class": null, "height": 3.625951051712036, "num_floors": null, "surge_class": 2, "surge_ft": 1.5, "flood_active": false, "exposure_score": 0.045, "exposure_category": "low"}, "geometry": {"type": "Polygon", "coordinates": [[[-94.8028286, 29.2996198], [-94.8028799, 29.2996077], [-94.8028637, 29.2995554], [-94.8029099, 29.2995445], [-94.8028902, 29.2994813], [-94.8029152, 29.2994754], [-94.8028949, 29.29941], [-94.8027725, 29.2994389], [-94.8028286, 29.2996198]]]}}, {"id": "181", "type": "Feature", "properties": {"id": "b9393518-8a23-4ed4-b00c-3cdf8df5079a", "name": null, "subtype": null, "class": null, "height": 3.675595283508301, "num_floors": null, "surge_class": 1, "surge_ft": 0.5, "flood_active": false, "exposure_score": 0.015, "exposure_category": "low"}, "geometry": {"type": "Polygon", "coordinates": [[[-94.8027238, 29.299455], [-94.802598, 29.2994912], [-94.8026442, 29.2996136], [-94.8027228, 29.299591], [-94.8027435, 29.2996459], [-94.8027908, 29.2996323], [-94.8027238, 29.299455]]]}}, {"id": "182", "type": "Feature", "properties": {"id": "c63d5345-c52e-4426-a434-bfa7256c3563", "name": null, "subtype": null, "class": null, "height": 2.828895092010498, "num_floors": null, "surge_class": 1, "surge_ft": 0.5, "flood_active": false, "exposure_score": 0.015, "exposure_category": "low"}, "geometry": {"type": "Polygon", "coordinates": [[[-94.8033918, 29.299276], [-94.8032724, 29.2993052], [-94.8033063, 29.2994106], [-94.8033834, 29.2993917], [-94.8034039, 29.2994555], [-94.8034462, 29.2994452], [-94.8033918, 29.299276]]]}}, {"id": "183", "type": "Feature", "properties": {"id": "886befa9-18a5-4e51-9e44-2d2bea9c4c96", "name": null, "subtype": null, "class": null, "height": null, "num_floors": null, "surge_class": 1, "surge_ft": 0.5, "flood_active": false, "exposure_score": 0.015, "exposure_category": "low"}, "geometry": {"type": "Polygon", "coordinates": [[[-94.8035559, 29.2992241], [-94.8034363, 29.2992505], [-94.8034875, 29.2994263], [-94.8035365, 29.2994155], [-94.8035215, 29.299364], [-94.8035683, 29.2993536], [-94.8035503, 29.2992921], [-94.8035742, 29.2992868], [-94.8035559, 29.2992241]]]}}, {"id": "184", "type": "Feature", "properties": {"id": "7d5316ba-e1e6-4f18-b117-58d4a2a299af", "name": null, "subtype": null, "class": null, "height": 3.2321677207946777, "num_floors": null, "surge_class": 1, "surge_ft": 0.5, "flood_active": false, "exposure_score": 0.015, "exposure_category": "low"}, "geometry": {"type": "Polygon", "coordinates": [[[-94.8037878, 29.299174], [-94.803669, 29.2991944], [-94.8037095, 29.2993736], [-94.8037586, 29.2993652], [-94.803742, 29.2992918], [-94.8038117, 29.2992798], [-94.8037878, 29.299174]]]}}, {"id": "185", "type": "Feature", "properties": {"id": "90d650a7-2954-49ff-9c1c-feeb25ac9621", "name": null, "subtype": null, "class": null, "height": null, "num_floors": null, "surge_class": 2, "surge_ft": 1.5, "flood_active": false, "exposure_score": 0.045, "exposure_category": "low"}, "geometry": {"type": "Polygon", "coordinates": [[[-94.803137, 29.298127], [-94.80322, 29.2981059], [-94.8031812, 29.2979894], [-94.8030042, 29.2980343], [-94.8030293, 29.2981098], [-94.8031233, 29.298086], [-94.803137, 29.298127]]]}}, {"id": "186", "type": "Feature", "properties": {"id": "e1a81ac7-ca1b-4936-85a1-f5e07266afce", "name": null, "subtype": null, "class": null, "height": 4.095613956451416, "num_floors": null, "surge_class": 1, "surge_ft": 0.5, "flood_active": false, "exposure_score": 0.015, "exposure_category": "low"}, "geometry": {"type": "Polygon", "coordinates": [[[-94.8030059, 29.2981504], [-94.8029758, 29.2980649], [-94.8028042, 29.2981108], [-94.8028343, 29.2981963], [-94.8030059, 29.2981504]]]}}, {"id": "187", "type": "Feature", "properties": {"id": "7ace326f-8f1b-4b23-acb4-f5c40ae27d10", "name": null, "subtype": null, "class": null, "height": 4.3771820068359375, "num_floors": null, "surge_class": 2, "surge_ft": 1.5, "flood_active": false, "exposure_score": 0.045, "exposure_category": "low"}, "geometry": {"type": "Polygon", "coordinates": [[[-94.8029342, 29.297945], [-94.8028759, 29.2979591], [-94.8028655, 29.2979265], [-94.8027384, 29.2979572], [-94.8027557, 29.2980115], [-94.8027816, 29.2980052], [-94.8027927, 29.29804], [-94.8029521, 29.2980015], [-94.8029342, 29.297945]]]}}, {"id": "188", "type": "Feature", "properties": {"id": "4d28a606-a1c9-4337-a75b-b1a3c90f4c6a", "name": null, "subtype": null, "class": null, "height": null, "num_floors": null, "surge_class": 2, "surge_ft": 1.5, "flood_active": false, "exposure_score": 0.045, "exposure_category": "low"}, "geometry": {"type": "Polygon", "coordinates": [[[-94.8024423, 29.2980055], [-94.8024228, 29.2979473], [-94.8022425, 29.2979934], [-94.8022664, 29.2980645], [-94.8022392, 29.2980714], [-94.8022566, 29.2981231], [-94.8024616, 29.2980707], [-94.8024399, 29.2980061], [-94.8024423, 29.2980055]]]}}, {"id": "189", "type": "Feature", "properties": {"id": "ba13747d-1640-4cdd-9f93-de3dfa313f2b", "name": null, "subtype": null, "class": null, "height": 3.130439519882202, "num_floors": null, "surge_class": 2, "surge_ft": 1.5, "flood_active": false, "exposure_score": 0.045, "exposure_category": "low"}, "geometry": {"type": "Polygon", "coordinates": [[[-94.8024857, 29.2980871], [-94.802307, 29.2981166], [-94.8023194, 29.2981739], [-94.8024981, 29.2981444], [-94.8024857, 29.2980871]]]}}, {"id": "190", "type": "Feature", "properties": {"id": "e258f98f-6a5d-40a7-96c8-16cd10def295", "name": null, "subtype": null, "class": null, "height": 3.731217622756958, "num_floors": null, "surge_class": 1, "surge_ft": 0.5, "flood_active": false, "exposure_score": 0.015, "exposure_category": "low"}, "geometry": {"type": "Polygon", "coordinates": [[[-94.802524, 29.29815], [-94.802408, 29.29818], [-94.802425, 29.298232], [-94.802378, 29.298243], [-94.802405, 29.298325], [-94.802568, 29.298284], [-94.802524, 29.29815]]]}}, {"id": "191", "type": "Feature", "properties": {"id": "5584519f-500f-4146-bb1d-1cc232e84c35", "name": null, "subtype": null, "class": null, "height": 2.963327169418335, "num_floors": null, "surge_class": 0, "surge_ft": 0.0, "flood_active": false, "exposure_score": 0.0, "exposure_category": "none"}, "geometry": {"type": "Polygon", "coordinates": [[[-94.8022704, 29.2982392], [-94.8022002, 29.2982571], [-94.802232, 29.2983519], [-94.8023022, 29.298334], [-94.8022704, 29.2982392]]]}}, {"id": "192", "type": "Feature", "properties": {"id": "b0a3ca91-bf3d-465b-883d-a48882ed2011", "name": null, "subtype": null, "class": null, "height": 3.4390175342559814, "num_floors": null, "surge_class": 2, "surge_ft": 1.5, "flood_active": false, "exposure_score": 0.045, "exposure_category": "low"}, "geometry": {"type": "Polygon", "coordinates": [[[-94.8025735, 29.2996186], [-94.802546, 29.2995367], [-94.8025016, 29.2995481], [-94.8024922, 29.2995201], [-94.8024093, 29.2995413], [-94.8024462, 29.2996511], [-94.8025735, 29.2996186]]]}}, {"id": "193", "type": "Feature", "properties": {"id": "9985aee9-ef40-42a7-892c-8766689c9e49", "name": null, "subtype": null, "class": null, "height": 3.677415370941162, "num_floors": null, "surge_class": 2, "surge_ft": 1.5, "flood_active": false, "exposure_score": 0.045, "exposure_category": "low"}, "geometry": {"type": "Polygon", "coordinates": [[[-94.8023678, 29.2996431], [-94.802348, 29.2995611], [-94.802298, 29.2995703], [-94.8022926, 29.2995479], [-94.8021642, 29.2995715], [-94.8021894, 29.2996759], [-94.8023678, 29.2996431]]]}}, {"id": "194", "type": "Feature", "properties": {"id": "c508ea30-baef-4702-91d1-2c3bb0a0ee27", "name": null, "subtype": null, "class": null, "height": 5.631423473358154, "num_floors": null, "surge_class": 1, "surge_ft": 0.5, "flood_active": false, "exposure_score": 0.015, "exposure_category": "low"}, "geometry": {"type": "Polygon", "coordinates": [[[-94.8028108, 29.2991419], [-94.802641, 29.2986376], [-94.8017953, 29.298854], [-94.8017608, 29.2987513], [-94.8012801, 29.2988738], [-94.801263, 29.2988225], [-94.8009636, 29.2988981], [-94.8009682, 29.2989121], [-94.8007085, 29.2989754], [-94.8007666, 29.2991568], [-94.8010486, 29.2990882], [-94.801062, 29.29913], [-94.801067, 29.29915], [-94.800725, 29.299305], [-94.800773, 29.299504], [-94.8008825, 29.2996348], [-94.8019735, 29.2993544], [-94.8019831, 29.2993826], [-94.8020406, 29.2993678], [-94.8020288, 29.299333], [-94.8022074, 29.2992871], [-94.8021728, 29.2991849], [-94.8020804, 29.2992087], [-94.8020078, 29.2989936], [-94.8021292, 29.2989624], [-94.8021803, 29.2991139], [-94.8022938, 29.2990848], [-94.8023526, 29.2992592], [-94.8028108, 29.2991419]]]}}, {"id": "195", "type": "Feature", "properties": {"id": "271cafea-e84c-4839-ad13-10f0bfa203b1", "name": null, "subtype": null, "class": null, "height": 7.330356121063232, "num_floors": null, "surge_class": 0, "surge_ft": 0.0, "flood_active": false, "exposure_score": 0.0, "exposure_category": "none"}, "geometry": {"type": "Polygon", "coordinates": [[[-94.8010908, 29.2983614], [-94.80133, 29.298304], [-94.8012528, 29.2980593], [-94.8011381, 29.2980868], [-94.8011, 29.2979659], [-94.8009371, 29.298005], [-94.8009436, 29.2980258], [-94.8008888, 29.2980389], [-94.8009042, 29.2980876], [-94.8008312, 29.2981051], [-94.8008852, 29.2982767], [-94.800955, 29.2982599], [-94.8009624, 29.2982834], [-94.8010589, 29.2982602], [-94.8010908, 29.2983614]]]}}, {"id": "196", "type": "Feature", "properties": {"id": "915dea6a-57c3-4b1c-a221-e806005f04ac", "name": null, "subtype": null, "class": null, "height": null, "num_floors": null, "surge_class": 0, "surge_ft": 0.0, "flood_active": false, "exposure_score": 0.0, "exposure_category": "none"}, "geometry": {"type": "Polygon", "coordinates": [[[-94.8003997, 29.2983533], [-94.8004683, 29.2985534], [-94.8007413, 29.2984823], [-94.8006727, 29.2982822], [-94.8003997, 29.2983533]]]}}, {"id": "197", "type": "Feature", "properties": {"id": "4878ce69-d927-4de6-94db-984fbdaa53c8", "name": "Family Dollar", "subtype": null, "class": null, "height": 3.3203089237213135, "num_floors": null, "surge_class": 0, "surge_ft": 0.0, "flood_active": false, "exposure_score": 0.0, "exposure_category": "none"}, "geometry": {"type": "Polygon", "coordinates": [[[-94.7998061, 29.2983224], [-94.7998813, 29.2985458], [-94.8001211, 29.2984784], [-94.8000215, 29.2982231], [-94.7998426, 29.2982533], [-94.7998061, 29.2983224]]]}}, {"id": "198", "type": "Feature", "properties": {"id": "ff4a7c1c-afdc-4f85-a1a7-4371588c17bf", "name": null, "subtype": null, "class": null, "height": null, "num_floors": null, "surge_class": 2, "surge_ft": 1.5, "flood_active": false, "exposure_score": 0.045, "exposure_category": "low"}, "geometry": {"type": "Polygon", "coordinates": [[[-94.8001807, 29.2992661], [-94.8003723, 29.2992311], [-94.8003442, 29.2991145], [-94.8002632, 29.2991294], [-94.800267, 29.2991451], [-94.8001565, 29.2991653], [-94.8001807, 29.2992661]]]}}, {"id": "199", "type": "Feature", "properties": {"id": "9d0cab25-cdae-49be-9447-66f6a59030ad", "name": null, "subtype": null, "class": null, "height": null, "num_floors": null, "surge_class": 0, "surge_ft": 0.0, "flood_active": false, "exposure_score": 0.0, "exposure_category": "none"}, "geometry": {"type": "Polygon", "coordinates": [[[-94.800254, 29.298768], [-94.800071, 29.29881], [-94.800054, 29.298753], [-94.799851, 29.298799], [-94.799904, 29.298976], [-94.80029, 29.298888], [-94.800254, 29.298768]]]}}, {"id": "200", "type": "Feature", "properties": {"id": "52aa75a7-7622-4c90-bf06-62244daebbea", "name": null, "subtype": null, "class": null, "height": null, "num_floors": null, "surge_class": 2, "surge_ft": 1.5, "flood_active": false, "exposure_score": 0.045, "exposure_category": "low"}, "geometry": {"type": "Polygon", "coordinates": [[[-94.7997494, 29.29894], [-94.7997828, 29.2989339], [-94.7997914, 29.2989698], [-94.7998722, 29.2989551], [-94.7998398, 29.2988192], [-94.7997256, 29.2988399], [-94.7997494, 29.29894]]]}}, {"id": "201", "type": "Feature", "properties": {"id": "5df973eb-5c89-42b3-b2c5-a03fec1dc483", "name": null, "subtype": null, "class": null, "height": null, "num_floors": null, "surge_class": 2, "surge_ft": 1.5, "flood_active": false, "exposure_score": 0.045, "exposure_category": "low"}, "geometry": {"type": "Polygon", "coordinates": [[[-94.7999721, 29.2992199], [-94.7999235, 29.2992336], [-94.7999588, 29.2993289], [-94.8001264, 29.2992817], [-94.8000856, 29.2991715], [-94.8000273, 29.2991879], [-94.800025, 29.2991816], [-94.7999642, 29.2991987], [-94.7999721, 29.2992199]]]}}, {"id": "202", "type": "Feature", "properties": {"id": "f7190a99-753c-472e-80c3-4ba5a38f1958", "name": null, "subtype": null, "class": null, "height": null, "num_floors": null, "surge_class": 2, "surge_ft": 1.5, "flood_active": false, "exposure_score": 0.045, "exposure_category": "low"}, "geometry": {"type": "Polygon", "coordinates": [[[-94.7997892, 29.2993718], [-94.7999115, 29.2993387], [-94.799878, 29.2992448], [-94.7997557, 29.299278], [-94.7997892, 29.2993718]]]}}, {"id": "203", "type": "Feature", "properties": {"id": "610141e8-e939-4df4-92bd-09f10cbbb172", "name": null, "subtype": null, "class": null, "height": 4.486487865447998, "num_floors": null, "surge_class": 2, "surge_ft": 1.5, "flood_active": false, "exposure_score": 0.045, "exposure_category": "low"}, "geometry": {"type": "Polygon", "coordinates": [[[-94.8001999, 29.2997997], [-94.8005082, 29.2997331], [-94.8004038, 29.299365], [-94.8002053, 29.2994079], [-94.8002647, 29.2996173], [-94.7998339, 29.2997103], [-94.7997817, 29.2995265], [-94.7995921, 29.2995674], [-94.7996741, 29.2998561], [-94.7996362, 29.2998643], [-94.7996649, 29.2999657], [-94.8000326, 29.2998863], [-94.8000226, 29.2998511], [-94.8001212, 29.2998298], [-94.8001093, 29.2997879], [-94.8001915, 29.2997702], [-94.8001999, 29.2997997]]]}}, {"id": "204", "type": "Feature", "properties": {"id": "9c7ca964-5855-4583-b9d7-2e306a1369a7", "name": null, "subtype": null, "class": null, "height": null, "num_floors": null, "surge_class": 2, "surge_ft": 1.5, "flood_active": false, "exposure_score": 0.045, "exposure_category": "low"}, "geometry": {"type": "Polygon", "coordinates": [[[-94.8004233, 29.3001404], [-94.8005566, 29.3001083], [-94.8005683, 29.3001452], [-94.8006867, 29.3001167], [-94.8006468, 29.2999907], [-94.8006056, 29.3000006], [-94.8005983, 29.2999775], [-94.8004064, 29.3000237], [-94.8004298, 29.3000976], [-94.8004112, 29.3001021], [-94.8004233, 29.3001404]]]}}, {"id": "205", "type": "Feature", "properties": {"id": "3d0d335d-d62d-451a-8606-510d48730956", "name": null, "subtype": null, "class": null, "height": 3.8964717388153076, "num_floors": null, "surge_class": 2, "surge_ft": 1.5, "flood_active": false, "exposure_score": 0.045, "exposure_category": "low"}, "geometry": {"type": "Polygon", "coordinates": [[[-94.8001599, 29.2998181], [-94.8001588, 29.2997924], [-94.8001213, 29.2997937], [-94.8001224, 29.2998193], [-94.8001599, 29.2998181]]]}}, {"id": "206", "type": "Feature", "properties": {"id": "371dc79c-a89a-4e02-8cdb-8d5c64061c24", "name": null, "subtype": null, "class": null, "height": 12.332795143127441, "num_floors": null, "surge_class": 1, "surge_ft": 0.5, "flood_active": false, "exposure_score": 0.015, "exposure_category": "low"}, "geometry": {"type": "Polygon", "coordinates": [[[-94.8014158, 29.300085], [-94.8013611, 29.299876], [-94.8010742, 29.2999331], [-94.801129, 29.3001421], [-94.8014158, 29.300085]]]}}, {"id": "207", "type": "Feature", "properties": {"id": "8dc2778e-ae0e-4c6f-8412-77d8b87c539d", "name": null, "subtype": null, "class": null, "height": 3.9171090126037598, "num_floors": null, "surge_class": 1, "surge_ft": 0.5, "flood_active": false, "exposure_score": 0.015, "exposure_category": "low"}, "geometry": {"type": "Polygon", "coordinates": [[[-94.8015744, 29.2998208], [-94.8013661, 29.2998766], [-94.801394, 29.2999556], [-94.8016023, 29.2998998], [-94.8015744, 29.2998208]]]}}, {"id": "208", "type": "Feature", "properties": {"id": "f11ebddb-52c2-483a-9693-3710bac632e6", "name": null, "subtype": null, "class": null, "height": 3.474000930786133, "num_floors": null, "surge_class": 2, "surge_ft": 1.5, "flood_active": false, "exposure_score": 0.045, "exposure_category": "low"}, "geometry": {"type": "Polygon", "coordinates": [[[-94.8022424, 29.3000183], [-94.802324, 29.300005], [-94.8023162, 29.2999689], [-94.8023849, 29.2999576], [-94.8023749, 29.2999111], [-94.8024267, 29.2999026], [-94.8024185, 29.2998642], [-94.8022164, 29.2998972], [-94.8022424, 29.3000183]]]}}, {"id": "209", "type": "Feature", "properties": {"id": "0af2c121-8d64-4ee0-bc6d-f47374f5f6d4", "name": null, "subtype": null, "class": null, "height": 3.9896795749664307, "num_floors": null, "surge_class": 2, "surge_ft": 1.5, "flood_active": false, "exposure_score": 0.045, "exposure_category": "low"}, "geometry": {"type": "Polygon", "coordinates": [[[-94.8023955, 29.2997896], [-94.802327, 29.2998039], [-94.8023075, 29.2997332], [-94.8021719, 29.2997616], [-94.8022038, 29.2998774], [-94.8024079, 29.2998347], [-94.8023955, 29.2997896]]]}}, {"id": "210", "type": "Feature", "properties": {"id": "1b29b1cb-bc98-4d9d-b97b-c2e20b3a3863", "name": null, "subtype": null, "class": null, "height": null, "num_floors": null, "surge_class": 2, "surge_ft": 1.5, "flood_active": false, "exposure_score": 0.045, "exposure_category": "low"}, "geometry": {"type": "Polygon", "coordinates": [[[-94.7973193, 29.3000001], [-94.7973859, 29.2999816], [-94.797346, 29.2998723], [-94.7972794, 29.2998908], [-94.7973193, 29.3000001]]]}}, {"id": "211", "type": "Feature", "properties": {"id": "3ea4b6f3-1f8e-491c-8729-c8f89f500932", "name": null, "subtype": null, "class": null, "height": 3.353642702102661, "num_floors": null, "surge_class": 2, "surge_ft": 1.5, "flood_active": false, "exposure_score": 0.045, "exposure_category": "low"}, "geometry": {"type": "Polygon", "coordinates": [[[-94.7971969, 29.2999874], [-94.797275, 29.2999664], [-94.7972526, 29.2999028], [-94.7971745, 29.2999238], [-94.7971969, 29.2999874]]]}}, {"id": "212", "type": "Feature", "properties": {"id": "09c584ef-1b58-4a88-a9d6-568776f4838f", "name": null, "subtype": null, "class": null, "height": 4.418997764587402, "num_floors": null, "surge_class": 2, "surge_ft": 1.5, "flood_active": false, "exposure_score": 0.045, "exposure_category": "low"}, "geometry": {"type": "Polygon", "coordinates": [[[-94.7973842, 29.2999526], [-94.7974598, 29.2999315], [-94.7974284, 29.2998459], [-94.7973528, 29.2998671], [-94.7973842, 29.2999526]]]}}, {"id": "213", "type": "Feature", "properties": {"id": "72612db6-0d39-4abe-b0b8-4046b88c742b", "name": null, "subtype": null, "class": null, "height": 2.874471664428711, "num_floors": null, "surge_class": 2, "surge_ft": 1.5, "flood_active": false, "exposure_score": 0.045, "exposure_category": "low"}, "geometry": {"type": "Polygon", "coordinates": [[[-94.7974614, 29.2998388], [-94.7974935, 29.2999326], [-94.7975774, 29.2999108], [-94.7975453, 29.299817], [-94.7974614, 29.2998388]]]}}, {"id": "214", "type": "Feature", "properties": {"id": "fec17bac-e345-44e1-904d-4c50dc138366", "name": null, "subtype": null, "class": null, "height": null, "num_floors": null, "surge_class": 3, "surge_ft": 2.5, "flood_active": false, "exposure_score": 0.075, "exposure_category": "low"}, "geometry": {"type": "Polygon", "coordinates": [[[-94.7975527, 29.2998246], [-94.7975917, 29.2999403], [-94.7976513, 29.2999251], [-94.7976097, 29.2998016], [-94.7975501, 29.2998169], [-94.7975527, 29.2998246]]]}}, {"id": "215", "type": "Feature", "properties": {"id": "1e81840e-4054-4b77-8809-3162c467852d", "name": null, "subtype": null, "class": null, "height": null, "num_floors": null, "surge_class": 2, "surge_ft": 1.5, "flood_active": false, "exposure_score": 0.045, "exposure_category": "low"}, "geometry": {"type": "Polygon", "coordinates": [[[-94.797616, 29.2997984], [-94.7976576, 29.2999219], [-94.7977172, 29.2999066], [-94.7976757, 29.2997831], [-94.797616, 29.2997984]]]}}, {"id": "216", "type": "Feature", "properties": {"id": "ce691519-4f3c-4ceb-82b4-6c659fc6a8ab", "name": null, "subtype": null, "class": null, "height": 5.694080829620361, "num_floors": null, "surge_class": 2, "surge_ft": 1.5, "flood_active": false, "exposure_score": 0.045, "exposure_category": "low"}, "geometry": {"type": "Polygon", "coordinates": [[[-94.797717, 29.2998939], [-94.7978438, 29.2998633], [-94.7978234, 29.299799], [-94.7978105, 29.2998021], [-94.7977979, 29.2997625], [-94.797696, 29.2997871], [-94.7977135, 29.2998421], [-94.7977015, 29.299845], [-94.797717, 29.2998939]]]}}, {"id": "217", "type": "Feature", "properties": {"id": "100ee29b-27de-4b8b-b7cb-1f6089a5c742", "name": null, "subtype": null, "class": null, "height": 5.049753665924072, "num_floors": null, "surge_class": 2, "surge_ft": 1.5, "flood_active": false, "exposure_score": 0.045, "exposure_category": "low"}, "geometry": {"type": "Polygon", "coordinates": [[[-94.7978715, 29.2998268], [-94.7979566, 29.2998073], [-94.7979362, 29.2997396], [-94.7978505, 29.2997593], [-94.7978567, 29.2997797], [-94.7978289, 29.299786], [-94.7978462, 29.2998434], [-94.7978746, 29.2998369], [-94.7978715, 29.2998268]]]}}, {"id": "218", "type": "Feature", "properties": {"id": "5ed87bf2-206d-48c8-805e-49b444c77743", "name": null, "subtype": null, "class": null, "height": 5.673637390136719, "num_floors": null, "surge_class": 2, "surge_ft": 1.5, "flood_active": false, "exposure_score": 0.045, "exposure_category": "low"}, "geometry": {"type": "Polygon", "coordinates": [[[-94.7979865, 29.2998199], [-94.7981047, 29.2997899], [-94.7980655, 29.2996728], [-94.7979473, 29.2997029], [-94.7979865, 29.2998199]]]}}, {"id": "219", "type": "Feature", "properties": {"id": "6bf209e9-c930-40f4-aa90-8658010e5f8e", "name": null, "subtype": null, "class": null, "height": 3.2017195224761963, "num_floors": null, "surge_class": 2, "surge_ft": 1.5, "flood_active": false, "exposure_score": 0.045, "exposure_category": "low"}, "geometry": {"type": "Polygon", "coordinates": [[[-94.7992724, 29.3000057], [-94.7992976, 29.3000841], [-94.7994356, 29.3000504], [-94.7993848, 29.2998922], [-94.7992729, 29.2999195], [-94.7992985, 29.2999993], [-94.7992724, 29.3000057]]]}}, {"id": "220", "type": "Feature", "properties": {"id": "ca377f7c-82fd-4524-ab4f-ed09fcf58910", "name": null, "subtype": null, "class": null, "height": 4.870086669921875, "num_floors": null, "surge_class": 2, "surge_ft": 1.5, "flood_active": false, "exposure_score": 0.045, "exposure_category": "low"}, "geometry": {"type": "Polygon", "coordinates": [[[-94.7988959, 29.3001632], [-94.7988438, 29.2999968], [-94.7987689, 29.3000146], [-94.7987842, 29.3000634], [-94.7987554, 29.3000703], [-94.7987922, 29.3001878], [-94.7988959, 29.3001632]]]}}, {"id": "221", "type": "Feature", "properties": {"id": "00421bfa-e2ed-4b3c-ae31-80af6ec07477", "name": null, "subtype": null, "class": null, "height": null, "num_floors": null, "surge_class": 2, "surge_ft": 1.5, "flood_active": false, "exposure_score": 0.045, "exposure_category": "low"}, "geometry": {"type": "Polygon", "coordinates": [[[-94.7988606, 29.3000068], [-94.7989087, 29.3001541], [-94.798968, 29.3001394], [-94.7989199, 29.299992], [-94.7988606, 29.3000068]]]}}, {"id": "222", "type": "Feature", "properties": {"id": "4461ea06-bc2b-4188-b78c-b26ea61e1bdb", "name": null, "subtype": null, "class": null, "height": null, "num_floors": null, "surge_class": 2, "surge_ft": 1.5, "flood_active": false, "exposure_score": 0.045, "exposure_category": "low"}, "geometry": {"type": "Polygon", "coordinates": [[[-94.7989253, 29.2999871], [-94.7989746, 29.3001381], [-94.7990382, 29.3001223], [-94.7989888, 29.2999713], [-94.7989253, 29.2999871]]]}}, {"id": "223", "type": "Feature", "properties": {"id": "dcc0dba4-5b64-4074-b652-32cb211193db", "name": null, "subtype": null, "class": null, "height": 4.973306655883789, "num_floors": null, "surge_class": 3, "surge_ft": 2.5, "flood_active": false, "exposure_score": 0.075, "exposure_category": "low"}, "geometry": {"type": "Polygon", "coordinates": [[[-94.7984712, 29.300026], [-94.7984991, 29.3000201], [-94.7985058, 29.3000444], [-94.7986541, 29.3000133], [-94.798629, 29.2999226], [-94.7984529, 29.2999596], [-94.7984712, 29.300026]]]}}, {"id": "224", "type": "Feature", "properties": {"id": "935399c6-7f31-4a85-af7d-d310cdfb07e7", "name": null, "subtype": null, "class": null, "height": 4.693958759307861, "num_floors": null, "surge_class": 2, "surge_ft": 1.5, "flood_active": false, "exposure_score": 0.045, "exposure_category": "low"}, "geometry": {"type": "Polygon", "coordinates": [[[-94.7986887, 29.2998959], [-94.7987138, 29.299973], [-94.7988282, 29.2999446], [-94.7988031, 29.2998675], [-94.7986887, 29.2998959]]]}}, {"id": "225", "type": "Feature", "properties": {"id": "dc503612-127f-486b-9d11-7f81bfc7458a", "name": null, "subtype": null, "class": null, "height": null, "num_floors": null, "surge_class": 0, "surge_ft": 0.0, "flood_active": false, "exposure_score": 0.0, "exposure_category": "none"}, "geometry": {"type": "Polygon", "coordinates": [[[-94.7986727, 29.299753], [-94.798611, 29.2995472], [-94.7983424, 29.2996083], [-94.7984138, 29.299847], [-94.7986499, 29.2997933], [-94.79864, 29.2997604], [-94.7986727, 29.299753]]]}}, {"id": "226", "type": "Feature", "properties": {"id": "60a44640-7778-4d1c-80ce-305ff35b6965", "name": null, "subtype": "residential", "class": "house", "height": null, "num_floors": null, "surge_class": 2, "surge_ft": 1.5, "flood_active": false, "exposure_score": 0.045, "exposure_category": "low"}, "geometry": {"type": "Polygon", "coordinates": [[[-94.7985244, 29.2990657], [-94.7984763, 29.2990783], [-94.7985427, 29.2992709], [-94.7985908, 29.2992582], [-94.7985244, 29.2990657]]]}}, {"id": "227", "type": "Feature", "properties": {"id": "715ac4c5-6f3d-4c00-9095-2f6f0c4d518d", "name": null, "subtype": null, "class": null, "height": 4.624442100524902, "num_floors": null, "surge_class": 2, "surge_ft": 1.5, "flood_active": false, "exposure_score": 0.045, "exposure_category": "low"}, "geometry": {"type": "Polygon", "coordinates": [[[-94.7988117, 29.2990753], [-94.798701, 29.2991021], [-94.7987515, 29.2992606], [-94.7988622, 29.2992338], [-94.7988117, 29.2990753]]]}}, {"id": "228", "type": "Feature", "properties": {"id": "c75dd44a-85a0-4a41-8eb7-46c78b7a391f", "name": null, "subtype": null, "class": null, "height": 3.3925750255584717, "num_floors": null, "surge_class": 2, "surge_ft": 1.5, "flood_active": false, "exposure_score": 0.045, "exposure_category": "low"}, "geometry": {"type": "Polygon", "coordinates": [[[-94.7989166, 29.2988919], [-94.7990243, 29.2992089], [-94.7991453, 29.2991777], [-94.7990376, 29.2988607], [-94.7989166, 29.2988919]]]}}, {"id": "229", "type": "Feature", "properties": {"id": "bf273c4e-81ba-4b55-be7e-eacad0a7c540", "name": null, "subtype": null, "class": null, "height": 3.485034942626953, "num_floors": null, "surge_class": 0, "surge_ft": 0.0, "flood_active": false, "exposure_score": 0.0, "exposure_category": "none"}, "geometry": {"type": "Polygon", "coordinates": [[[-94.7990605, 29.299655], [-94.7989941, 29.299449], [-94.7988251, 29.2994905], [-94.7988719, 29.2996357], [-94.7989614, 29.2996138], [-94.7989809, 29.2996745], [-94.7990605, 29.299655]]]}}, {"id": "230", "type": "Feature", "properties": {"id": "f29ef97c-3ef4-40ca-bb45-aa5b9c9fee9a", "name": null, "subtype": null, "class": null, "height": 3.7996530532836914, "num_floors": null, "surge_class": 2, "surge_ft": 1.5, "flood_active": false, "exposure_score": 0.045, "exposure_category": "low"}, "geometry": {"type": "Polygon", "coordinates": [[[-94.7995073, 29.2994403], [-94.7997441, 29.2993879], [-94.799716, 29.2992912], [-94.799653, 29.2993051], [-94.7996478, 29.2992876], [-94.799474, 29.2993261], [-94.7995073, 29.2994403]]]}}, {"id": "231", "type": "Feature", "properties": {"id": "d9d44ed8-9b42-411e-8940-8b3af7787f3c", "name": null, "subtype": null, "class": null, "height": null, "num_floors": null, "surge_class": 2, "surge_ft": 1.5, "flood_active": false, "exposure_score": 0.045, "exposure_category": "low"}, "geometry": {"type": "Polygon", "coordinates": [[[-94.7997288, 29.2989644], [-94.7996916, 29.2988496], [-94.7996047, 29.298871], [-94.7996419, 29.2989858], [-94.7997288, 29.2989644]]]}}, {"id": "232", "type": "Feature", "properties": {"id": "c7633d19-5d83-46f6-84ed-0b8cf01f758d", "name": null, "subtype": null, "class": null, "height": 4.791335105895996, "num_floors": null, "surge_class": 1, "surge_ft": 0.5, "flood_active": false, "exposure_score": 0.015, "exposure_category": "low"}, "geometry": {"type": "Polygon", "coordinates": [[[-94.7995002, 29.299023], [-94.7996037, 29.2990057], [-94.7995719, 29.2988613], [-94.7994684, 29.2988786], [-94.7995002, 29.299023]]]}}, {"id": "233", "type": "Feature", "properties": {"id": "0db24852-d0b1-4281-a5f7-bea285dacf33", "name": null, "subtype": null, "class": null, "height": 4.887328147888184, "num_floors": null, "surge_class": 2, "surge_ft": 1.5, "flood_active": false, "exposure_score": 0.045, "exposure_category": "low"}, "geometry": {"type": "Polygon", "coordinates": [[[-94.7993731, 29.2990046], [-94.7993489, 29.2990098], [-94.7993747, 29.2991026], [-94.7994532, 29.299086], [-94.799414, 29.2989446], [-94.7993597, 29.298956], [-94.7993731, 29.2990046]]]}}, {"id": "234", "type": "Feature", "properties": {"id": "9dc22af8-0a32-401a-bdc3-0f6af20099da", "name": null, "subtype": null, "class": null, "height": 4.419179439544678, "num_floors": null, "surge_class": 1, "surge_ft": 0.5, "flood_active": false, "exposure_score": 0.015, "exposure_category": "low"}, "geometry": {"type": "Polygon", "coordinates": [[[-94.799335, 29.2986018], [-94.7992965, 29.2984601], [-94.7991772, 29.2984847], [-94.7992157, 29.2986265], [-94.799335, 29.2986018]]]}}, {"id": "235", "type": "Feature", "properties": {"id": "094abec1-6266-42eb-a81e-56735d6794f8", "name": null, "subtype": null, "class": null, "height": 5.089747905731201, "num_floors": null, "surge_class": 1, "surge_ft": 0.5, "flood_active": false, "exposure_score": 0.015, "exposure_category": "low"}, "geometry": {"type": "Polygon", "coordinates": [[[-94.7983789, 29.2987739], [-94.7984421, 29.2989576], [-94.7990125, 29.2988086], [-94.7989494, 29.2986249], [-94.7983789, 29.2987739]]]}}, {"id": "236", "type": "Feature", "properties": {"id": "751b7f62-881b-40ef-beff-b960a7b45d79", "name": null, "subtype": null, "class": null, "height": null, "num_floors": null, "surge_class": 0, "surge_ft": 0.0, "flood_active": false, "exposure_score": 0.0, "exposure_category": "none"}, "geometry": {"type": "Polygon", "coordinates": [[[-94.7983512, 29.297943], [-94.7984224, 29.2981308], [-94.7985258, 29.298101], [-94.7984556, 29.2979132], [-94.7983512, 29.297943]]]}}, {"id": "237", "type": "Feature", "properties": {"id": "653e62ab-5811-4ab2-b4e2-e88a28c2756a", "name": null, "subtype": null, "class": null, "height": 3.2125933170318604, "num_floors": null, "surge_class": 0, "surge_ft": 0.0, "flood_active": false, "exposure_score": 0.0, "exposure_category": "none"}, "geometry": {"type": "Polygon", "coordinates": [[[-94.798103, 29.298252], [-94.7980342, 29.2980355], [-94.797929, 29.298061], [-94.7979978, 29.2982775], [-94.798103, 29.298252]]]}}, {"id": "238", "type": "Feature", "properties": {"id": "67eb5ac6-a2f8-412f-af26-0f86004e042e", "name": null, "subtype": null, "class": null, "height": 3.9616305828094482, "num_floors": null, "surge_class": 1, "surge_ft": 0.5, "flood_active": false, "exposure_score": 0.015, "exposure_category": "low"}, "geometry": {"type": "Polygon", "coordinates": [[[-94.7980422, 29.2988556], [-94.798106, 29.2990431], [-94.7983474, 29.2989806], [-94.7982836, 29.2987931], [-94.7980422, 29.2988556]]]}}, {"id": "239", "type": "Feature", "properties": {"id": "91e518da-bfd5-44c1-a171-529fcabd6070", "name": null, "subtype": null, "class": null, "height": 4.113004207611084, "num_floors": null, "surge_class": 2, "surge_ft": 1.5, "flood_active": false, "exposure_score": 0.045, "exposure_category": "low"}, "geometry": {"type": "Polygon", "coordinates": [[[-94.7981587, 29.2991616], [-94.7981827, 29.2992393], [-94.7982971, 29.2992124], [-94.798273, 29.2991347], [-94.7981587, 29.2991616]]]}}, {"id": "240", "type": "Feature", "properties": {"id": "0fbe6b80-df77-472b-8837-e7af1ddefcac", "name": null, "subtype": null, "class": null, "height": null, "num_floors": null, "surge_class": 2, "surge_ft": 1.5, "flood_active": false, "exposure_score": 0.045, "exposure_category": "low"}, "geometry": {"type": "Polygon", "coordinates": [[[-94.7982726, 29.2990645], [-94.7982956, 29.2991428], [-94.7983393, 29.299133], [-94.7983163, 29.2990547], [-94.7982726, 29.2990645]]]}}, {"id": "241", "type": "Feature", "properties": {"id": "56b08d05-41f6-4e29-82ea-aaa5631a5a12", "name": null, "subtype": null, "class": null, "height": null, "num_floors": null, "surge_class": 2, "surge_ft": 1.5, "flood_active": false, "exposure_score": 0.045, "exposure_category": "low"}, "geometry": {"type": "Polygon", "coordinates": [[[-94.7983226, 29.2992086], [-94.7983482, 29.2992909], [-94.79839, 29.299281], [-94.7983644, 29.2991988], [-94.7983226, 29.2992086]]]}}, {"id": "242", "type": "Feature", "properties": {"id": "323eb43e-bc42-4f9d-80fc-91b3b2e336e0", "name": null, "subtype": null, "class": null, "height": 4.242591381072998, "num_floors": null, "surge_class": 2, "surge_ft": 1.5, "flood_active": false, "exposure_score": 0.045, "exposure_category": "low"}, "geometry": {"type": "Polygon", "coordinates": [[[-94.7983637, 29.2993882], [-94.7983392, 29.2993175], [-94.7981992, 29.2993545], [-94.7982237, 29.2994252], [-94.7983637, 29.2993882]]]}}, {"id": "243", "type": "Feature", "properties": {"id": "59d98215-8e58-493a-aa09-70220d054292", "name": null, "subtype": null, "class": null, "height": 4.621628761291504, "num_floors": null, "surge_class": 2, "surge_ft": 1.5, "flood_active": false, "exposure_score": 0.045, "exposure_category": "low"}, "geometry": {"type": "Polygon", "coordinates": [[[-94.7977697, 29.2995335], [-94.797976, 29.2994921], [-94.7979085, 29.2992366], [-94.7977022, 29.2992781], [-94.7977697, 29.2995335]]]}}, {"id": "244", "type": "Feature", "properties": {"id": "5a2f8270-6349-4568-87b5-c6d1769516b1", "name": null, "subtype": null, "class": null, "height": null, "num_floors": null, "surge_class": 1, "surge_ft": 0.5, "flood_active": false, "exposure_score": 0.015, "exposure_category": "low"}, "geometry": {"type": "Polygon", "coordinates": [[[-94.7976278, 29.2988334], [-94.7976462, 29.2988862], [-94.7977789, 29.2988509], [-94.7977604, 29.2987981], [-94.7976278, 29.2988334]]]}}, {"id": "245", "type": "Feature", "properties": {"id": "2f452c92-0fbe-43e6-854f-f8512a101399", "name": null, "subtype": null, "class": null, "height": 4.2759881019592285, "num_floors": null, "surge_class": 1, "surge_ft": 0.5, "flood_active": false, "exposure_score": 0.015, "exposure_category": "low"}, "geometry": {"type": "Polygon", "coordinates": [[[-94.7974822, 29.2989998], [-94.7975158, 29.2991045], [-94.7977089, 29.2990573], [-94.7976971, 29.2990205], [-94.79777, 29.2990027], [-94.7977481, 29.2989347], [-94.7974822, 29.2989998]]]}}, {"id": "246", "type": "Feature", "properties": {"id": "9d62ac8f-703b-44b6-bef5-f3bf90b014f8", "name": null, "subtype": null, "class": null, "height": 3.077407121658325, "num_floors": null, "surge_class": 1, "surge_ft": 0.5, "flood_active": false, "exposure_score": 0.015, "exposure_category": "low"}, "geometry": {"type": "Polygon", "coordinates": [[[-94.7972785, 29.2993936], [-94.7973868, 29.2993695], [-94.7973668, 29.2993014], [-94.7972585, 29.2993256], [-94.7972785, 29.2993936]]]}}, {"id": "247", "type": "Feature", "properties": {"id": "d6687df4-58d3-459e-a3d8-cc7ee636a939", "name": null, "subtype": null, "class": null, "height": 2.9528303146362305, "num_floors": null, "surge_class": 1, "surge_ft": 0.5, "flood_active": false, "exposure_score": 0.015, "exposure_category": "low"}, "geometry": {"type": "Polygon", "coordinates": [[[-94.7973014, 29.2994761], [-94.7973481, 29.299629], [-94.7974683, 29.2996011], [-94.7974217, 29.2994482], [-94.7973014, 29.2994761]]]}}, {"id": "248", "type": "Feature", "properties": {"id": "f533f35c-6ad8-4502-a1fd-1b17ef3c6d77", "name": null, "subtype": null, "class": null, "height": 5.272826671600342, "num_floors": null, "surge_class": 2, "surge_ft": 1.5, "flood_active": false, "exposure_score": 0.045, "exposure_category": "low"}, "geometry": {"type": "Polygon", "coordinates": [[[-94.7972339, 29.2995545], [-94.7972168, 29.2994877], [-94.7970609, 29.299518], [-94.797078, 29.2995848], [-94.7972339, 29.2995545]]]}}, {"id": "249", "type": "Feature", "properties": {"id": "e0a21faf-0ec5-4f15-b92f-0e037f78abb2", "name": null, "subtype": null, "class": null, "height": 2.6805150508880615, "num_floors": null, "surge_class": 2, "surge_ft": 1.5, "flood_active": false, "exposure_score": 0.045, "exposure_category": "low"}, "geometry": {"type": "Polygon", "coordinates": [[[-94.7972639, 29.2996543], [-94.7972355, 29.2995666], [-94.7971013, 29.2995997], [-94.7971297, 29.2996873], [-94.7972639, 29.2996543]]]}}, {"id": "250", "type": "Feature", "properties": {"id": "160db5f1-db1c-41a3-b530-8ab1fa9a580d", "name": null, "subtype": null, "class": null, "height": 5.405386447906494, "num_floors": null, "surge_class": 2, "surge_ft": 1.5, "flood_active": false, "exposure_score": 0.045, "exposure_category": "low"}, "geometry": {"type": "Polygon", "coordinates": [[[-94.797064, 29.2995138], [-94.7972151, 29.2994803], [-94.7971965, 29.2994166], [-94.7970453, 29.2994501], [-94.797064, 29.2995138]]]}}, {"id": "251", "type": "Feature", "properties": {"id": "e6330cd3-1847-44d4-92ed-ad1a31ce307c", "name": null, "subtype": null, "class": null, "height": null, "num_floors": null, "surge_class": 1, "surge_ft": 0.5, "flood_active": false, "exposure_score": 0.015, "exposure_category": "low"}, "geometry": {"type": "Polygon", "coordinates": [[[-94.7969922, 29.2990059], [-94.7970624, 29.2992038], [-94.7971868, 29.2991702], [-94.7971167, 29.2989723], [-94.7969922, 29.2990059]]]}}, {"id": "252", "type": "Feature", "properties": {"id": "7baa072c-5744-4535-9452-416bbce0e62f", "name": null, "subtype": null, "class": null, "height": null, "num_floors": null, "surge_class": 1, "surge_ft": 0.5, "flood_active": false, "exposure_score": 0.015, "exposure_category": "low"}, "geometry": {"type": "Polygon", "coordinates": [[[-94.797112, 29.298949], [-94.7972209, 29.2992654], [-94.7973518, 29.2992312], [-94.7972429, 29.2989147], [-94.797112, 29.298949]]]}}, {"id": "253", "type": "Feature", "properties": {"id": "9110bacd-80f2-4050-884e-4c6f1b6a0b05", "name": null, "subtype": null, "class": null, "height": 5.241690158843994, "num_floors": null, "surge_class": 0, "surge_ft": 0.0, "flood_active": false, "exposure_score": 0.0, "exposure_category": "none"}, "geometry": {"type": "Polygon", "coordinates": [[[-94.7974358, 29.2982701], [-94.797327, 29.2982999], [-94.7973638, 29.2984021], [-94.7974726, 29.2983722], [-94.7974358, 29.2982701]]]}}, {"id": "254", "type": "Feature", "properties": {"id": "467c10a4-fe3a-4560-89bf-7bcbf7c3f0eb", "name": null, "subtype": null, "class": null, "height": 4.341513156890869, "num_floors": null, "surge_class": 0, "surge_ft": 0.0, "flood_active": false, "exposure_score": 0.0, "exposure_category": "none"}, "geometry": {"type": "Polygon", "coordinates": [[[-94.7975054, 29.2984515], [-94.7976594, 29.2984153], [-94.7976418, 29.2983586], [-94.7976079, 29.2983666], [-94.7975343, 29.2981289], [-94.7974632, 29.2981457], [-94.79747, 29.2981675], [-94.797421, 29.298179], [-94.7975054, 29.2984515]]]}}, {"id": "255", "type": "Feature", "properties": {"id": "51311bd7-fcaa-41ea-89c1-7c24c1de4579", "name": null, "subtype": null, "class": null, "height": 4.763333320617676, "num_floors": null, "surge_class": 0, "surge_ft": 0.0, "flood_active": false, "exposure_score": 0.0, "exposure_category": "none"}, "geometry": {"type": "Polygon", "coordinates": [[[-94.7972776, 29.2982506], [-94.7971717, 29.2982759], [-94.7972226, 29.2984381], [-94.7973284, 29.2984129], [-94.7972776, 29.2982506]]]}}, {"id": "256", "type": "Feature", "properties": {"id": "248dde92-120e-43f2-bc15-4f6f644a753b", "name": null, "subtype": null, "class": null, "height": 4.840814113616943, "num_floors": null, "surge_class": 0, "surge_ft": 0.0, "flood_active": false, "exposure_score": 0.0, "exposure_category": "none"}, "geometry": {"type": "Polygon", "coordinates": [[[-94.797101, 29.2984641], [-94.7972108, 29.2984354], [-94.7971749, 29.2983308], [-94.7970651, 29.2983595], [-94.797101, 29.2984641]]]}}, {"id": "257", "type": "Feature", "properties": {"id": "551b3122-bb15-4ef8-baf3-2490bc139f5d", "name": null, "subtype": null, "class": null, "height": 5.069448471069336, "num_floors": null, "surge_class": 0, "surge_ft": 0.0, "flood_active": false, "exposure_score": 0.0, "exposure_category": "none"}, "geometry": {"type": "Polygon", "coordinates": [[[-94.7971974, 29.2980243], [-94.7971265, 29.2980393], [-94.7971426, 29.2980968], [-94.7972134, 29.2980817], [-94.7971974, 29.2980243]]]}}, {"id": "258", "type": "Feature", "properties": {"id": "bb5cd37e-243a-4ebb-8f78-3c7cc591915a", "name": null, "subtype": null, "class": null, "height": 4.96308708190918, "num_floors": null, "surge_class": 0, "surge_ft": 0.0, "flood_active": false, "exposure_score": 0.0, "exposure_category": "none"}, "geometry": {"type": "Polygon", "coordinates": [[[-94.7967627, 29.2979299], [-94.7966502, 29.2979564], [-94.7966807, 29.2980545], [-94.7967307, 29.2980427], [-94.7967415, 29.2980776], [-94.796804, 29.2980628], [-94.7967627, 29.2979299]]]}}, {"id": "259", "type": "Feature", "properties": {"id": "b2845199-d258-4ff5-b0f4-755f12aaee48", "name": null, "subtype": null, "class": null, "height": 4.317453384399414, "num_floors": null, "surge_class": 0, "surge_ft": 0.0, "flood_active": false, "exposure_score": 0.0, "exposure_category": "none"}, "geometry": {"type": "Polygon", "coordinates": [[[-94.7968661, 29.2982532], [-94.7968852, 29.2983075], [-94.7966376, 29.2983741], [-94.7966792, 29.2984915], [-94.797055, 29.2983894], [-94.7969943, 29.2982188], [-94.7968661, 29.2982532]]]}}, {"id": "260", "type": "Feature", "properties": {"id": "6f15e14a-ba58-40c9-b1bb-71d119855c68", "name": null, "subtype": null, "class": null, "height": 4.9438629150390625, "num_floors": null, "surge_class": 1, "surge_ft": 0.5, "flood_active": false, "exposure_score": 0.015, "exposure_category": "low"}, "geometry": {"type": "Polygon", "coordinates": [[[-94.7965849, 29.2981959], [-94.7966059, 29.2982656], [-94.7967224, 29.2982389], [-94.7967014, 29.2981692], [-94.7965849, 29.2981959]]]}}, {"id": "261", "type": "Feature", "properties": {"id": "655790ac-2b7b-4293-906e-49c34e2bba19", "name": null, "subtype": null, "class": null, "height": 3.985867500305176, "num_floors": null, "surge_class": 0, "surge_ft": 0.0, "flood_active": false, "exposure_score": 0.0, "exposure_category": "none"}, "geometry": {"type": "Polygon", "coordinates": [[[-94.7967383, 29.2980909], [-94.7967273, 29.2980497], [-94.7966841, 29.2980585], [-94.796695, 29.2980996], [-94.7967383, 29.2980909]]]}}, {"id": "262", "type": "Feature", "properties": {"id": "7edf3241-0e57-4043-908a-3ea4a4b4975b", "name": null, "subtype": null, "class": null, "height": 8.261622428894043, "num_floors": null, "surge_class": 0, "surge_ft": 0.0, "flood_active": false, "exposure_score": 0.0, "exposure_category": "none"}, "geometry": {"type": "Polygon", "coordinates": [[[-94.7965008, 29.297972], [-94.7965457, 29.2981016], [-94.7966587, 29.2980718], [-94.7966137, 29.2979422], [-94.7965008, 29.297972]]]}}, {"id": "263", "type": "Feature", "properties": {"id": "d0b71fa2-5bd3-4aba-8982-a6f8ca743ec5", "name": null, "subtype": null, "class": null, "height": null, "num_floors": null, "surge_class": 0, "surge_ft": 0.0, "flood_active": false, "exposure_score": 0.0, "exposure_category": "none"}, "geometry": {"type": "Polygon", "coordinates": [[[-94.7962786, 29.2982692], [-94.7963006, 29.2983423], [-94.7963577, 29.2983293], [-94.7963358, 29.2982561], [-94.7962786, 29.2982692]]]}}, {"id": "264", "type": "Feature", "properties": {"id": "444f51cd-5965-4213-948e-96cdbdcbbea5", "name": null, "subtype": null, "class": null, "height": 4.405479431152344, "num_floors": null, "surge_class": 0, "surge_ft": 0.0, "flood_active": false, "exposure_score": 0.0, "exposure_category": "none"}, "geometry": {"type": "Polygon", "coordinates": [[[-94.7961836, 29.2982372], [-94.7962434, 29.2982255], [-94.7962377, 29.2982032], [-94.7961779, 29.2982149], [-94.7961836, 29.2982372]]]}}, {"id": "265", "type": "Feature", "properties": {"id": "375628d2-5a6d-4a39-8d2a-daecf9ce0f69", "name": null, "subtype": null, "class": null, "height": 6.32343053817749, "num_floors": null, "surge_class": 0, "surge_ft": 0.0, "flood_active": false, "exposure_score": 0.0, "exposure_category": "none"}, "geometry": {"type": "Polygon", "coordinates": [[[-94.7961638, 29.2982124], [-94.7962466, 29.2981986], [-94.796218, 29.2980677], [-94.7961351, 29.2980814], [-94.7961638, 29.2982124]]]}}, {"id": "266", "type": "Feature", "properties": {"id": "ead31e3f-f887-4ac9-bbd8-cefb4002e74b", "name": null, "subtype": null, "class": null, "height": 5.216639518737793, "num_floors": null, "surge_class": 0, "surge_ft": 0.0, "flood_active": false, "exposure_score": 0.0, "exposure_category": "none"}, "geometry": {"type": "Polygon", "coordinates": [[[-94.7958328, 29.2981793], [-94.7957448, 29.2981992], [-94.7957956, 29.2983702], [-94.7958836, 29.2983503], [-94.7958328, 29.2981793]]]}}, {"id": "267", "type": "Feature", "properties": {"id": "9d9e3daa-f27a-4577-9f8f-08fc8339052b", "name": null, "subtype": null, "class": null, "height": 5.959726810455322, "num_floors": null, "surge_class": 0, "surge_ft": 0.0, "flood_active": false, "exposure_score": 0.0, "exposure_category": "none"}, "geometry": {"type": "Polygon", "coordinates": [[[-94.7957437, 29.2983267], [-94.7957049, 29.2982179], [-94.7956389, 29.2982358], [-94.7956776, 29.2983446], [-94.7957437, 29.2983267]]]}}, {"id": "268", "type": "Feature", "properties": {"id": "0c4d6be3-0bb8-4d7f-9fdf-598fa3027d7a", "name": null, "subtype": null, "class": null, "height": 5.916439533233643, "num_floors": null, "surge_class": 0, "surge_ft": 0.0, "flood_active": false, "exposure_score": 0.0, "exposure_category": "none"}, "geometry": {"type": "Polygon", "coordinates": [[[-94.7959418, 29.2983301], [-94.7960198, 29.2983178], [-94.7959921, 29.2981842], [-94.7959142, 29.2981964], [-94.7959418, 29.2983301]]]}}, {"id": "269", "type": "Feature", "properties": {"id": "cc66a847-2e47-49d5-8074-83c25dded36e", "name": null, "subtype": null, "class": null, "height": 5.5358428955078125, "num_floors": null, "surge_class": 0, "surge_ft": 0.0, "flood_active": false, "exposure_score": 0.0, "exposure_category": "none"}, "geometry": {"type": "Polygon", "coordinates": [[[-94.7957188, 29.2984822], [-94.7957862, 29.2984713], [-94.7957639, 29.2983673], [-94.7956966, 29.2983783], [-94.7957188, 29.2984822]]]}}, {"id": "270", "type": "Feature", "properties": {"id": "39c54a5f-5d92-42e2-bb60-38e8c1c23ec4", "name": null, "subtype": null, "class": null, "height": 2.52838397026062, "num_floors": null, "surge_class": 0, "surge_ft": 0.0, "flood_active": false, "exposure_score": 0.0, "exposure_category": "none"}, "geometry": {"type": "Polygon", "coordinates": [[[-94.7958174, 29.2985298], [-94.7957441, 29.2985497], [-94.7957685, 29.2986179], [-94.7958419, 29.298598], [-94.7958174, 29.2985298]]]}}, {"id": "271", "type": "Feature", "properties": {"id": "f9df40ad-a434-49a7-904b-904cbba958bb", "name": null, "subtype": null, "class": null, "height": 6.215596675872803, "num_floors": null, "surge_class": 0, "surge_ft": 0.0, "flood_active": false, "exposure_score": 0.0, "exposure_category": "none"}, "geometry": {"type": "Polygon", "coordinates": [[[-94.7958187, 29.2988518], [-94.7957867, 29.2987222], [-94.7956867, 29.298741], [-94.7957187, 29.2988706], [-94.7958187, 29.2988518]]]}}, {"id": "272", "type": "Feature", "properties": {"id": "a119dcff-3816-47c9-8961-8c5b6b9b84f6", "name": null, "subtype": null, "class": null, "height": 4.9153571128845215, "num_floors": null, "surge_class": 0, "surge_ft": 0.0, "flood_active": false, "exposure_score": 0.0, "exposure_category": "none"}, "geometry": {"type": "Polygon", "coordinates": [[[-94.7958705, 29.2988074], [-94.7959505, 29.2987886], [-94.795908, 29.2986512], [-94.795788, 29.2986794], [-94.7958463, 29.298868], [-94.7958863, 29.2988586], [-94.7958705, 29.2988074]]]}}, {"id": "273", "type": "Feature", "properties": {"id": "e4ecd6f3-d1cc-40e6-b140-5cd048f236fe", "name": null, "subtype": "residential", "class": "house", "height": 4.256436824798584, "num_floors": null, "surge_class": 0, "surge_ft": 0.0, "flood_active": false, "exposure_score": 0.0, "exposure_category": "none"}, "geometry": {"type": "Polygon", "coordinates": [[[-94.79597, 29.2987799], [-94.7960625, 29.2987584], [-94.7960224, 29.2985972], [-94.79593, 29.2986187], [-94.79597, 29.2987799]]]}}, {"id": "274", "type": "Feature", "properties": {"id": "d1d90e14-41a8-4dc8-ac27-f50d9e575d19", "name": null, "subtype": null, "class": null, "height": 3.0139307975769043, "num_floors": null, "surge_class": 0, "surge_ft": 0.0, "flood_active": false, "exposure_score": 0.0, "exposure_category": "none"}, "geometry": {"type": "Polygon", "coordinates": [[[-94.7964298, 29.2985459], [-94.796403, 29.2984633], [-94.7961483, 29.2985263], [-94.7962263, 29.2987661], [-94.7963606, 29.298733], [-94.7963339, 29.2986504], [-94.7962742, 29.2986643], [-94.7962496, 29.2985897], [-94.7964298, 29.2985459]]]}}, {"id": "275", "type": "Feature", "properties": {"id": "0532673a-9434-4ea1-af91-e8c4bb024036", "name": null, "subtype": null, "class": null, "height": null, "num_floors": null, "surge_class": 0, "surge_ft": 0.0, "flood_active": false, "exposure_score": 0.0, "exposure_category": "none"}, "geometry": {"type": "Polygon", "coordinates": [[[-94.7962288, 29.2984253], [-94.7962477, 29.298481], [-94.7963963, 29.2984428], [-94.7963774, 29.298387], [-94.7962288, 29.2984253]]]}}, {"id": "276", "type": "Feature", "properties": {"id": "1bd63f67-53a3-43a1-b689-35278ca52c23", "name": "Moody Mansion", "subtype": "entertainment", "class": null, "height": 9.149452209472656, "num_floors": null, "surge_class": 0, "surge_ft": 0.0, "flood_active": false, "exposure_score": 0.0, "exposure_category": "none"}, "geometry": {"type": "Polygon", "coordinates": [[[-94.7963956, 29.299416], [-94.7963454, 29.2992513], [-94.7960895, 29.2993096], [-94.7961033, 29.2993582], [-94.7960557, 29.2993696], [-94.7960694, 29.2994152], [-94.796113, 29.299406], [-94.7961565, 29.2995518], [-94.796462, 29.2994811], [-94.7964402, 29.2994067], [-94.7963956, 29.299416]]]}}, {"id": "277", "type": "Feature", "properties": {"id": "3a1a9abb-f6c6-4759-993e-cb1dfb7c0e90", "name": null, "subtype": null, "class": null, "height": 5.3415303230285645, "num_floors": null, "surge_class": 1, "surge_ft": 0.5, "flood_active": false, "exposure_score": 0.015, "exposure_category": "low"}, "geometry": {"type": "Polygon", "coordinates": [[[-94.796611, 29.299386], [-94.796679, 29.299369], [-94.796604, 29.299138], [-94.796465, 29.299173], [-94.796513, 29.29932], [-94.796584, 29.299302], [-94.796611, 29.299386]]]}}, {"id": "278", "type": "Feature", "properties": {"id": "5f7e7485-9f87-4651-8d8c-3ee5979c87c4", "name": null, "subtype": null, "class": null, "height": 4.747737884521484, "num_floors": null, "surge_class": 1, "surge_ft": 0.5, "flood_active": false, "exposure_score": 0.015, "exposure_category": "low"}, "geometry": {"type": "Polygon", "coordinates": [[[-94.7960404, 29.2997589], [-94.7960776, 29.2998642], [-94.7962292, 29.2998236], [-94.7961921, 29.2997182], [-94.7960404, 29.2997589]]]}}, {"id": "279", "type": "Feature", "properties": {"id": "8de0ed7f-bd91-4993-8b2a-d7993675b46d", "name": null, "subtype": null, "class": null, "height": 3.581252098083496, "num_floors": null, "surge_class": 0, "surge_ft": 0.0, "flood_active": false, "exposure_score": 0.0, "exposure_category": "none"}, "geometry": {"type": "Polygon", "coordinates": [[[-94.7959183, 29.2999115], [-94.7960352, 29.2998806], [-94.7959597, 29.2996675], [-94.7958429, 29.2996994], [-94.7959183, 29.2999115]]]}}, {"id": "280", "type": "Feature", "properties": {"id": "a8cefe0d-8ca1-4221-8278-b451d0db921d", "name": null, "subtype": null, "class": null, "height": 3.8107311725616455, "num_floors": null, "surge_class": 0, "surge_ft": 0.0, "flood_active": false, "exposure_score": 0.0, "exposure_category": "none"}, "geometry": {"type": "Polygon", "coordinates": [[[-94.7952823, 29.2997062], [-94.7952457, 29.2995811], [-94.7950266, 29.2996298], [-94.7950414, 29.2996803], [-94.7948022, 29.2997336], [-94.794824, 29.2998082], [-94.7952823, 29.2997062]]]}}, {"id": "281", "type": "Feature", "properties": {"id": "d6cbb6a2-1e12-4213-847a-350486ad21c0", "name": null, "subtype": null, "class": null, "height": 5.463871002197266, "num_floors": null, "surge_class": 1, "surge_ft": 0.5, "flood_active": false, "exposure_score": 0.015, "exposure_category": "low"}, "geometry": {"type": "Polygon", "coordinates": [[[-94.7946954, 29.2999866], [-94.7948099, 29.3003128], [-94.794937, 29.3002789], [-94.7948533, 29.3000405], [-94.7949621, 29.3000114], [-94.7949312, 29.2999236], [-94.7946954, 29.2999866]]]}}, {"id": "282", "type": "Feature", "properties": {"id": "e5db8591-09a3-47a9-b224-e5c9c2dc9cfd", "name": null, "subtype": null, "class": null, "height": null, "num_floors": null, "surge_class": 0, "surge_ft": 0.0, "flood_active": false, "exposure_score": 0.0, "exposure_category": "none"}, "geometry": {"type": "Polygon", "coordinates": [[[-94.7943882, 29.2995152], [-94.79437, 29.2994255], [-94.7942686, 29.2994411], [-94.7942867, 29.2995308], [-94.7943882, 29.2995152]]]}}, {"id": "283", "type": "Feature", "properties": {"id": "8ed1cba4-b3c7-442f-af90-251bd0d3f34f", "name": null, "subtype": null, "class": null, "height": 4.087825298309326, "num_floors": null, "surge_class": 0, "surge_ft": 0.0, "flood_active": false, "exposure_score": 0.0, "exposure_category": "none"}, "geometry": {"type": "Polygon", "coordinates": [[[-94.7944149, 29.2989225], [-94.7944561, 29.2990399], [-94.7947624, 29.2989583], [-94.7947212, 29.2988408], [-94.7944149, 29.2989225]]]}}, {"id": "284", "type": "Feature", "properties": {"id": "81eaae4d-cd3c-4ada-abda-e0500208c548", "name": null, "subtype": null, "class": null, "height": 3.1984901428222656, "num_floors": null, "surge_class": 0, "surge_ft": 0.0, "flood_active": false, "exposure_score": 0.0, "exposure_category": "none"}, "geometry": {"type": "Polygon", "coordinates": [[[-94.7953623, 29.2997638], [-94.7955768, 29.2997169], [-94.795566, 29.2996795], [-94.7955231, 29.2996889], [-94.7954846, 29.2995546], [-94.7953129, 29.2995921], [-94.7953623, 29.2997638]]]}}, {"id": "285", "type": "Feature", "properties": {"id": "4bafe59e-4995-45d1-86b9-50fe8ce8b11a", "name": null, "subtype": null, "class": null, "height": null, "num_floors": null, "surge_class": 0, "surge_ft": 0.0, "flood_active": false, "exposure_score": 0.0, "exposure_category": "none"}, "geometry": {"type": "Polygon", "coordinates": [[[-94.7951094, 29.2989884], [-94.7951301, 29.2990503], [-94.7952776, 29.2990127], [-94.7952569, 29.2989509], [-94.7951094, 29.2989884]]]}}, {"id": "286", "type": "Feature", "properties": {"id": "9ca788ad-2946-474b-b7e0-6195338dc40a", "name": null, "subtype": null, "class": null, "height": 5.742467880249023, "num_floors": null, "surge_class": 0, "surge_ft": 0.0, "flood_active": false, "exposure_score": 0.0, "exposure_category": "none"}, "geometry": {"type": "Polygon", "coordinates": [[[-94.7951143, 29.2984722], [-94.7950793, 29.2983524], [-94.7949257, 29.2983865], [-94.7949607, 29.2985063], [-94.7951143, 29.2984722]]]}}, {"id": "287", "type": "Feature", "properties": {"id": "a1abb6ca-6c53-4024-9fd4-e96bfc77d3cd", "name": null, "subtype": null, "class": null, "height": 6.025084972381592, "num_floors": null, "surge_class": 0, "surge_ft": 0.0, "flood_active": false, "exposure_score": 0.0, "exposure_category": "none"}, "geometry": {"type": "Polygon", "coordinates": [[[-94.7955747, 29.2989087], [-94.7956856, 29.2988893], [-94.7956537, 29.298751], [-94.7955428, 29.2987704], [-94.7955747, 29.2989087]]]}}, {"id": "288", "type": "Feature", "properties": {"id": "10f4a0d2-ae68-4a80-aa60-da15b4003643", "name": null, "subtype": null, "class": null, "height": null, "num_floors": null, "surge_class": 0, "surge_ft": 0.0, "flood_active": false, "exposure_score": 0.0, "exposure_category": "none"}, "geometry": {"type": "Polygon", "coordinates": [[[-94.7954723, 29.2986112], [-94.7954836, 29.2986453], [-94.7955746, 29.2986224], [-94.7955633, 29.2985883], [-94.7954723, 29.2986112]]]}}, {"id": "289", "type": "Feature", "properties": {"id": "177d9ae2-60cd-47ba-9062-905d8b673703", "name": null, "subtype": null, "class": null, "height": null, "num_floors": null, "surge_class": 0, "surge_ft": 0.0, "flood_active": false, "exposure_score": 0.0, "exposure_category": "none"}, "geometry": {"type": "Polygon", "coordinates": [[[-94.7956043, 29.2985902], [-94.795623, 29.2986397], [-94.7956946, 29.2986192], [-94.7956759, 29.2985696], [-94.7956043, 29.2985902]]]}}, {"id": "290", "type": "Feature", "properties": {"id": "88085995-2a07-4527-aadb-156b8414ba7f", "name": null, "subtype": null, "class": null, "height": null, "num_floors": null, "surge_class": 0, "surge_ft": 0.0, "flood_active": false, "exposure_score": 0.0, "exposure_category": "none"}, "geometry": {"type": "Polygon", "coordinates": [[[-94.7955909, 29.2984489], [-94.7956121, 29.2985113], [-94.7957017, 29.2984882], [-94.7956805, 29.2984258], [-94.7955909, 29.2984489]]]}}, {"id": "291", "type": "Feature", "properties": {"id": "2830e8ac-69c3-43c7-aa2e-f7ccb7939520", "name": null, "subtype": null, "class": null, "height": 5.674306392669678, "num_floors": null, "surge_class": 0, "surge_ft": 0.0, "flood_active": false, "exposure_score": 0.0, "exposure_category": "none"}, "geometry": {"type": "Polygon", "coordinates": [[[-94.7955803, 29.298539], [-94.7955595, 29.2984527], [-94.7954285, 29.2984767], [-94.7954492, 29.2985629], [-94.7955803, 29.298539]]]}}, {"id": "292", "type": "Feature", "properties": {"id": "af3bf3a5-ddef-4eb0-864e-176d578026ff", "name": null, "subtype": null, "class": null, "height": 3.331817388534546, "num_floors": null, "surge_class": 0, "surge_ft": 0.0, "flood_active": false, "exposure_score": 0.0, "exposure_category": "none"}, "geometry": {"type": "Polygon", "coordinates": [[[-94.7955433, 29.2983976], [-94.7954903, 29.2982379], [-94.7953715, 29.2982678], [-94.7954109, 29.2983865], [-94.7954827, 29.2983684], [-94.7954963, 29.2984095], [-94.7955433, 29.2983976]]]}}, {"id": "293", "type": "Feature", "properties": {"id": "fdff86c6-5e23-4966-a626-747c50b205c1", "name": null, "subtype": null, "class": null, "height": 3.4276022911071777, "num_floors": null, "surge_class": 0, "surge_ft": 0.0, "flood_active": false, "exposure_score": 0.0, "exposure_category": "none"}, "geometry": {"type": "Polygon", "coordinates": [[[-94.7956487, 29.2983448], [-94.7956204, 29.2982065], [-94.7955075, 29.2982241], [-94.7955315, 29.2983409], [-94.7955897, 29.2983318], [-94.7955942, 29.2983533], [-94.7956487, 29.2983448]]]}}, {"id": "294", "type": "Feature", "properties": {"id": "f79d30f8-a72f-4cbb-9188-7e55a270b468", "name": null, "subtype": null, "class": null, "height": 4.448390007019043, "num_floors": null, "surge_class": 0, "surge_ft": 0.0, "flood_active": false, "exposure_score": 0.0, "exposure_category": "none"}, "geometry": {"type": "Polygon", "coordinates": [[[-94.7949869, 29.2979482], [-94.7947867, 29.2979875], [-94.7948223, 29.2981255], [-94.794904, 29.2981095], [-94.7948925, 29.298065], [-94.7950111, 29.2980417], [-94.7949869, 29.2979482]]]}}, {"id": "295", "type": "Feature", "properties": {"id": "511a587f-b109-41bb-8f59-928b82f2853c", "name": null, "subtype": null, "class": null, "height": 5.46781587600708, "num_floors": null, "surge_class": 0, "surge_ft": 0.0, "flood_active": false, "exposure_score": 0.0, "exposure_category": "none"}, "geometry": {"type": "Polygon", "coordinates": [[[-94.7947882, 29.2987333], [-94.7950849, 29.2986639], [-94.7950614, 29.2985876], [-94.7947647, 29.2986569], [-94.7947882, 29.2987333]]]}}, {"id": "296", "type": "Feature", "properties": {"id": "adab6c92-d6c2-434f-9a23-6f41a2eaa747", "name": null, "subtype": null, "class": null, "height": 4.731494903564453, "num_floors": null, "surge_class": 0, "surge_ft": 0.0, "flood_active": false, "exposure_score": 0.0, "exposure_category": "none"}, "geometry": {"type": "Polygon", "coordinates": [[[-94.7947361, 29.2988118], [-94.7947806, 29.2989381], [-94.7952456, 29.2988133], [-94.795201, 29.298687], [-94.7947361, 29.2988118]]]}}, {"id": "297", "type": "Feature", "properties": {"id": "879ac9ba-b9cd-4ebe-a663-a9977770de30", "name": null, "subtype": null, "class": null, "height": 7.086968898773193, "num_floors": null, "surge_class": 0, "surge_ft": 0.0, "flood_active": false, "exposure_score": 0.0, "exposure_category": "none"}, "geometry": {"type": "Polygon", "coordinates": [[[-94.7946683, 29.2984519], [-94.7947124, 29.2985858], [-94.7948388, 29.2985541], [-94.7947946, 29.2984202], [-94.7946683, 29.2984519]]]}}, {"id": "298", "type": "Feature", "properties": {"id": "26606787-8ad8-4aeb-b3cf-96a59d71a979", "name": null, "subtype": null, "class": null, "height": 5.898806571960449, "num_floors": null, "surge_class": 0, "surge_ft": 0.0, "flood_active": false, "exposure_score": 0.0, "exposure_category": "none"}, "geometry": {"type": "Polygon", "coordinates": [[[-94.7945969, 29.2986446], [-94.7947127, 29.2986188], [-94.7946736, 29.2984848], [-94.7945577, 29.2985106], [-94.7945969, 29.2986446]]]}}, {"id": "299", "type": "Feature", "properties": {"id": "22ed293b-453a-4d62-a680-a9f6832ef79f", "name": null, "subtype": null, "class": null, "height": null, "num_floors": null, "surge_class": 0, "surge_ft": 0.0, "flood_active": false, "exposure_score": 0.0, "exposure_category": "none"}, "geometry": {"type": "Polygon", "coordinates": [[[-94.7943717, 29.2986143], [-94.7943839, 29.2986509], [-94.7944433, 29.2986359], [-94.794431, 29.2985992], [-94.7943717, 29.2986143]]]}}, {"id": "300", "type": "Feature", "properties": {"id": "6ec92552-51fa-4812-9a88-52e034bea7eb", "name": null, "subtype": null, "class": null, "height": 3.102755069732666, "num_floors": null, "surge_class": 0, "surge_ft": 0.0, "flood_active": false, "exposure_score": 0.0, "exposure_category": "none"}, "geometry": {"type": "Polygon", "coordinates": [[[-94.7944726, 29.2988253], [-94.7944454, 29.2987408], [-94.7942976, 29.298777], [-94.7943249, 29.2988615], [-94.7944726, 29.2988253]]]}}, {"id": "301", "type": "Feature", "properties": {"id": "9ace0317-00e9-44fb-99ba-16f7e37babbf", "name": null, "subtype": null, "class": null, "height": 3.896127462387085, "num_floors": null, "surge_class": 0, "surge_ft": 0.0, "flood_active": false, "exposure_score": 0.0, "exposure_category": "none"}, "geometry": {"type": "Polygon", "coordinates": [[[-94.7944007, 29.2987319], [-94.7943708, 29.2986391], [-94.7942644, 29.2986652], [-94.7942942, 29.298758], [-94.7944007, 29.2987319]]]}}, {"id": "302", "type": "Feature", "properties": {"id": "4e368799-2de7-4aea-a5d2-9a651a9fd140", "name": null, "subtype": null, "class": null, "height": 5.907953262329102, "num_floors": null, "surge_class": 0, "surge_ft": 0.0, "flood_active": false, "exposure_score": 0.0, "exposure_category": "none"}, "geometry": {"type": "Polygon", "coordinates": [[[-94.7944179, 29.2985197], [-94.7944584, 29.298643], [-94.7945631, 29.2986169], [-94.7945226, 29.2984936], [-94.7944179, 29.2985197]]]}}, {"id": "303", "type": "Feature", "properties": {"id": "9ad604cb-6c2c-484a-a666-f936769fe079", "name": null, "subtype": null, "class": null, "height": 5.716203212738037, "num_floors": null, "surge_class": 0, "surge_ft": 0.0, "flood_active": false, "exposure_score": 0.0, "exposure_category": "none"}, "geometry": {"type": "Polygon", "coordinates": [[[-94.7945528, 29.2980621], [-94.7945921, 29.2981737], [-94.7947196, 29.2981395], [-94.7946803, 29.2980279], [-94.7945528, 29.2980621]]]}}, {"id": "304", "type": "Feature", "properties": {"id": "9deee299-508e-42fb-a53b-e07b052d71cb", "name": null, "subtype": null, "class": null, "height": 5.203503131866455, "num_floors": null, "surge_class": 0, "surge_ft": 0.0, "flood_active": false, "exposure_score": 0.0, "exposure_category": "none"}, "geometry": {"type": "Polygon", "coordinates": [[[-94.7945384, 29.2981927], [-94.7945067, 29.2980927], [-94.7944733, 29.2981008], [-94.7944588, 29.2980552], [-94.7943552, 29.2980802], [-94.7944014, 29.2982258], [-94.7945384, 29.2981927]]]}}, {"id": "305", "type": "Feature", "properties": {"id": "2b285fc9-c9e6-40a1-aa7b-bfeba30b7572", "name": null, "subtype": null, "class": null, "height": 5.672181606292725, "num_floors": null, "surge_class": 0, "surge_ft": 0.0, "flood_active": false, "exposure_score": 0.0, "exposure_category": "none"}, "geometry": {"type": "Polygon", "coordinates": [[[-94.79425, 29.298098], [-94.794215, 29.298003], [-94.794079, 29.298041], [-94.794114, 29.298137], [-94.79425, 29.298098]]]}}, {"id": "306", "type": "Feature", "properties": {"id": "d21ddb30-646b-4d66-b74c-964b31cc3b23", "name": null, "subtype": null, "class": null, "height": null, "num_floors": null, "surge_class": 0, "surge_ft": 0.0, "flood_active": false, "exposure_score": 0.0, "exposure_category": "none"}, "geometry": {"type": "Polygon", "coordinates": [[[-94.7943293, 29.2980666], [-94.79426, 29.2980848], [-94.7942839, 29.2981542], [-94.7942958, 29.2981511], [-94.7943045, 29.2981762], [-94.7943619, 29.2981611], [-94.7943293, 29.2980666]]]}}, {"id": "307", "type": "Feature", "properties": {"id": "d3952771-a6cc-4731-9d0d-fadf93f4b9b4", "name": null, "subtype": null, "class": null, "height": 5.584011554718018, "num_floors": null, "surge_class": 0, "surge_ft": 0.0, "flood_active": false, "exposure_score": 0.0, "exposure_category": "none"}, "geometry": {"type": "Polygon", "coordinates": [[[-94.7941577, 29.2982057], [-94.7941998, 29.2983338], [-94.794343, 29.298298], [-94.7943008, 29.2981699], [-94.7941577, 29.2982057]]]}}, {"id": "308", "type": "Feature", "properties": {"id": "14f8305f-9341-432e-941c-91c2a403df6c", "name": null, "subtype": null, "class": null, "height": 5.421706199645996, "num_floors": null, "surge_class": 0, "surge_ft": 0.0, "flood_active": false, "exposure_score": 0.0, "exposure_category": "none"}, "geometry": {"type": "Polygon", "coordinates": [[[-94.7935318, 29.2981882], [-94.7936351, 29.2984849], [-94.793763, 29.298451], [-94.7936597, 29.2981543], [-94.7935318, 29.2981882]]]}}, {"id": "309", "type": "Feature", "properties": {"id": "cf6a3a26-9899-4991-a4ec-34c700ef8b05", "name": null, "subtype": null, "class": null, "height": 5.627766132354736, "num_floors": null, "surge_class": 0, "surge_ft": 0.0, "flood_active": false, "exposure_score": 0.0, "exposure_category": "none"}, "geometry": {"type": "Polygon", "coordinates": [[[-94.7943951, 29.2986016], [-94.7943763, 29.298543], [-94.794346, 29.2985504], [-94.7943334, 29.2985111], [-94.7942199, 29.2985388], [-94.7942512, 29.2986366], [-94.7943951, 29.2986016]]]}}, {"id": "310", "type": "Feature", "properties": {"id": "c2149b17-fa32-46cf-9654-4cffcbc172f5", "name": "CVS Pharmacy", "subtype": "medical", "class": null, "height": 5.785126686096191, "num_floors": null, "surge_class": 0, "surge_ft": 0.0, "flood_active": false, "exposure_score": 0.0, "exposure_category": "none"}, "geometry": {"type": "Polygon", "coordinates": [[[-94.7934587, 29.2988576], [-94.793607, 29.2992515], [-94.7938617, 29.2991786], [-94.7937121, 29.2987798], [-94.793571, 29.2988206], [-94.7935558, 29.2987815], [-94.7934794, 29.2988032], [-94.793496, 29.2988473], [-94.7934587, 29.2988576]]]}}, {"id": "311", "type": "Feature", "properties": {"id": "06f6ca6f-89ea-4eef-8d2b-e0039269d364", "name": null, "subtype": null, "class": null, "height": 3.9203031063079834, "num_floors": null, "surge_class": 0, "surge_ft": 0.0, "flood_active": false, "exposure_score": 0.0, "exposure_category": "none"}, "geometry": {"type": "Polygon", "coordinates": [[[-94.7931778, 29.2995634], [-94.7934453, 29.2994976], [-94.7933698, 29.2992639], [-94.7933091, 29.299278], [-94.793266, 29.2991468], [-94.7931059, 29.2991856], [-94.7931242, 29.2992423], [-94.7931889, 29.2992262], [-94.7932147, 29.2993047], [-94.7931033, 29.2993317], [-94.7931778, 29.2995634]]]}}, {"id": "312", "type": "Feature", "properties": {"id": "1722134f-b735-4650-ad53-ca5900fca98b", "name": null, "subtype": null, "class": null, "height": 5.03101921081543, "num_floors": null, "surge_class": 0, "surge_ft": 0.0, "flood_active": false, "exposure_score": 0.0, "exposure_category": "none"}, "geometry": {"type": "Polygon", "coordinates": [[[-94.7931836, 29.2982718], [-94.7928129, 29.2983631], [-94.7928466, 29.2984685], [-94.7928149, 29.2984771], [-94.7928845, 29.2986928], [-94.7930445, 29.2986536], [-94.7930456, 29.2986576], [-94.7933686, 29.2985782], [-94.7932958, 29.2983556], [-94.7932173, 29.2983751], [-94.7931836, 29.2982718]]]}}, {"id": "313", "type": "Feature", "properties": {"id": "a2b98b39-efd1-4ad4-9590-114c2c86cc2c", "name": null, "subtype": null, "class": null, "height": 6.696831703186035, "num_floors": null, "surge_class": 0, "surge_ft": 0.0, "flood_active": false, "exposure_score": 0.0, "exposure_category": "none"}, "geometry": {"type": "Polygon", "coordinates": [[[-94.793626, 29.29801], [-94.793511, 29.298025], [-94.793527, 29.298117], [-94.793642, 29.298102], [-94.793626, 29.29801]]]}}, {"id": "314", "type": "Feature", "properties": {"id": "be33749f-ee44-4802-96ea-6a19a0059016", "name": null, "subtype": null, "class": null, "height": 2.893221616744995, "num_floors": null, "surge_class": 0, "surge_ft": 0.0, "flood_active": false, "exposure_score": 0.0, "exposure_category": "none"}, "geometry": {"type": "Polygon", "coordinates": [[[-94.793505, 29.298131], [-94.793486, 29.298075], [-94.793385, 29.2981], [-94.793403, 29.298156], [-94.793505, 29.298131]]]}}, {"id": "315", "type": "Feature", "properties": {"id": "74e85122-0a54-44cd-bc3e-b2968a81056f", "name": null, "subtype": null, "class": null, "height": 4.541330337524414, "num_floors": null, "surge_class": 0, "surge_ft": 0.0, "flood_active": false, "exposure_score": 0.0, "exposure_category": "none"}, "geometry": {"type": "Polygon", "coordinates": [[[-94.7932847, 29.2981874], [-94.7933709, 29.2981715], [-94.7933568, 29.2981133], [-94.7932706, 29.2981292], [-94.7932847, 29.2981874]]]}}, {"id": "316", "type": "Feature", "properties": {"id": "844061b6-2650-4ee6-8f0b-3cfbddfe7465", "name": null, "subtype": null, "class": null, "height": 5.523453712463379, "num_floors": null, "surge_class": 0, "surge_ft": 0.0, "flood_active": false, "exposure_score": 0.0, "exposure_category": "none"}, "geometry": {"type": "Polygon", "coordinates": [[[-94.793081, 29.298084], [-94.79321, 29.298062], [-94.79318, 29.297927], [-94.793051, 29.297949], [-94.793081, 29.298084]]]}}, {"id": "317", "type": "Feature", "properties": {"id": "52dab64a-8e30-430c-81a9-66d9379e30e1", "name": null, "subtype": null, "class": null, "height": 3.630674123764038, "num_floors": null, "surge_class": 0, "surge_ft": 0.0, "flood_active": false, "exposure_score": 0.0, "exposure_category": "none"}, "geometry": {"type": "Polygon", "coordinates": [[[-94.793161, 29.298162], [-94.792876, 29.298225], [-94.792894, 29.298286], [-94.793179, 29.298222], [-94.793161, 29.298162]]]}}, {"id": "318", "type": "Feature", "properties": {"id": "b624293f-48ce-4871-801d-7a793d00be7e", "name": null, "subtype": null, "class": null, "height": 5.692950248718262, "num_floors": null, "surge_class": 0, "surge_ft": 0.0, "flood_active": false, "exposure_score": 0.0, "exposure_category": "none"}, "geometry": {"type": "Polygon", "coordinates": [[[-94.7928563, 29.2980586], [-94.7928833, 29.2981399], [-94.7930118, 29.2981073], [-94.7929848, 29.298026], [-94.7928563, 29.2980586]]]}}, {"id": "319", "type": "Feature", "properties": {"id": "c24cef28-d5db-47af-99c5-dc7c2c09c5be", "name": null, "subtype": null, "class": null, "height": null, "num_floors": null, "surge_class": 0, "surge_ft": 0.0, "flood_active": false, "exposure_score": 0.0, "exposure_category": "none"}, "geometry": {"type": "Polygon", "coordinates": [[[-94.792809, 29.298057], [-94.792682, 29.298085], [-94.792727, 29.298239], [-94.792775, 29.298228], [-94.792783, 29.298257], [-94.792735, 29.298267], [-94.792753, 29.298327], [-94.79288, 29.298298], [-94.792809, 29.298057]]]}}, {"id": "320", "type": "Feature", "properties": {"id": "cb3ac8d4-18a4-466e-8d56-3a61259eadb9", "name": "Virginia Point Inn Bed and Breakfast", "subtype": "residential", "class": "house", "height": 8.54123592376709, "num_floors": null, "surge_class": 0, "surge_ft": 0.0, "flood_active": false, "exposure_score": 0.0, "exposure_category": "none"}, "geometry": {"type": "Polygon", "coordinates": [[[-94.7923848, 29.2987605], [-94.7925608, 29.2987161], [-94.792554, 29.2986943], [-94.7925859, 29.2986883], [-94.7925623, 29.2986209], [-94.7925153, 29.2986334], [-94.7924903, 29.2985574], [-94.7923575, 29.2985931], [-94.7923788, 29.2986652], [-94.7923378, 29.2986771], [-94.7923552, 29.2987254], [-94.7923697, 29.2987201], [-94.7923848, 29.2987605]]]}}, {"id": "321", "type": "Feature", "properties": {"id": "32050505-92b1-4a0c-81cb-0cb917e87785", "name": null, "subtype": null, "class": null, "height": null, "num_floors": null, "surge_class": 0, "surge_ft": 0.0, "flood_active": false, "exposure_score": 0.0, "exposure_category": "none"}, "geometry": {"type": "Polygon", "coordinates": [[[-94.7922529, 29.2988462], [-94.7923222, 29.2988306], [-94.7922992, 29.2987529], [-94.7922299, 29.2987685], [-94.7922529, 29.2988462]]]}}, {"id": "322", "type": "Feature", "properties": {"id": "f4b5aea1-df79-4294-a6a9-7aac89ec9603", "name": null, "subtype": null, "class": null, "height": 7.443055152893066, "num_floors": null, "surge_class": 0, "surge_ft": 0.0, "flood_active": false, "exposure_score": 0.0, "exposure_category": "none"}, "geometry": {"type": "Polygon", "coordinates": [[[-94.792371, 29.298149], [-94.792126, 29.298203], [-94.792158, 29.298315], [-94.792221, 29.298301], [-94.792236, 29.298353], [-94.792334, 29.298331], [-94.792327, 29.298306], [-94.792411, 29.298288], [-94.792371, 29.298149]]]}}, {"id": "323", "type": "Feature", "properties": {"id": "efbe4088-33a5-4a75-9fd6-a53720e8681a", "name": null, "subtype": null, "class": null, "height": 4.835586071014404, "num_floors": null, "surge_class": 0, "surge_ft": 0.0, "flood_active": false, "exposure_score": 0.0, "exposure_category": "none"}, "geometry": {"type": "Polygon", "coordinates": [[[-94.7919219, 29.298242], [-94.7918041, 29.2982743], [-94.7918643, 29.2984414], [-94.7919821, 29.2984091], [-94.7919219, 29.298242]]]}}, {"id": "324", "type": "Feature", "properties": {"id": "1dccab91-cee2-45be-92d5-13a19afa7e06", "name": null, "subtype": null, "class": null, "height": null, "num_floors": null, "surge_class": 0, "surge_ft": 0.0, "flood_active": false, "exposure_score": 0.0, "exposure_category": "none"}, "geometry": {"type": "Polygon", "coordinates": [[[-94.7916915, 29.2983415], [-94.7915749, 29.2983716], [-94.7916252, 29.2985195], [-94.7917417, 29.2984894], [-94.7916915, 29.2983415]]]}}, {"id": "325", "type": "Feature", "properties": {"id": "cdbee4ab-430e-48ce-8e17-973c591c9e5a", "name": null, "subtype": null, "class": null, "height": 6.253749370574951, "num_floors": null, "surge_class": 0, "surge_ft": 0.0, "flood_active": false, "exposure_score": 0.0, "exposure_category": "none"}, "geometry": {"type": "Polygon", "coordinates": [[[-94.7919851, 29.2988103], [-94.7917223, 29.2988782], [-94.7917582, 29.2989841], [-94.7920211, 29.2989162], [-94.7919851, 29.2988103]]]}}, {"id": "326", "type": "Feature", "properties": {"id": "d63c2cf0-41d8-48d0-b842-2a249ad00f1b", "name": null, "subtype": null, "class": null, "height": 4.655830383300781, "num_floors": null, "surge_class": 0, "surge_ft": 0.0, "flood_active": false, "exposure_score": 0.0, "exposure_category": "none"}, "geometry": {"type": "Polygon", "coordinates": [[[-94.7919054, 29.2994929], [-94.7922995, 29.2993907], [-94.7921921, 29.2990757], [-94.791798, 29.2991779], [-94.7919054, 29.2994929]]]}}, {"id": "327", "type": "Feature", "properties": {"id": "85d05cab-659e-43ac-93e2-2c4298614dd8", "name": null, "subtype": null, "class": null, "height": 4.466559410095215, "num_floors": null, "surge_class": 0, "surge_ft": 0.0, "flood_active": false, "exposure_score": 0.0, "exposure_category": "none"}, "geometry": {"type": "Polygon", "coordinates": [[[-94.7919208, 29.2995377], [-94.7919663, 29.2996868], [-94.7923036, 29.2996085], [-94.792353, 29.2997703], [-94.7929383, 29.2996346], [-94.7928823, 29.2994508], [-94.7928161, 29.2994661], [-94.7928189, 29.2994754], [-94.7925796, 29.2995308], [-94.7925677, 29.2994916], [-94.7925956, 29.2994851], [-94.792566, 29.299388], [-94.7919208, 29.2995377]]]}}, {"id": "328", "type": "Feature", "properties": {"id": "c125219c-8100-4e63-ab42-779b2a15e490", "name": null, "subtype": null, "class": null, "height": null, "num_floors": null, "surge_class": 0, "surge_ft": 0.0, "flood_active": false, "exposure_score": 0.0, "exposure_category": "none"}, "geometry": {"type": "Polygon", "coordinates": [[[-94.7924004, 29.2992733], [-94.7924286, 29.2993519], [-94.7925057, 29.2993308], [-94.7924776, 29.2992523], [-94.7924004, 29.2992733]]]}}, {"id": "329", "type": "Feature", "properties": {"id": "6ba6df9b-a06e-4248-b1b9-24d83a12d539", "name": null, "subtype": null, "class": null, "height": 4.150553226470947, "num_floors": null, "surge_class": 0, "surge_ft": 0.0, "flood_active": false, "exposure_score": 0.0, "exposure_category": "none"}, "geometry": {"type": "Polygon", "coordinates": [[[-94.7926945, 29.2989587], [-94.7923759, 29.2990379], [-94.7924119, 29.2991467], [-94.7924584, 29.2991351], [-94.7924944, 29.2992439], [-94.7927655, 29.2991764], [-94.7926945, 29.2989587]]]}}, {"id": "330", "type": "Feature", "properties": {"id": "4e6d1cbb-e292-4d20-bd90-290d0a8c34c5", "name": null, "subtype": null, "class": null, "height": null, "num_floors": null, "surge_class": 0, "surge_ft": 0.0, "flood_active": false, "exposure_score": 0.0, "exposure_category": "none"}, "geometry": {"type": "Polygon", "coordinates": [[[-94.7926035, 29.2992338], [-94.7926206, 29.2992835], [-94.7927689, 29.2992446], [-94.7927518, 29.299195], [-94.7926035, 29.2992338]]]}}, {"id": "331", "type": "Feature", "properties": {"id": "d19f13f8-3c8f-4474-be64-af8ec9847db5", "name": null, "subtype": null, "class": null, "height": null, "num_floors": null, "surge_class": 0, "surge_ft": 0.0, "flood_active": false, "exposure_score": 0.0, "exposure_category": "none"}, "geometry": {"type": "Polygon", "coordinates": [[[-94.7916585, 29.2997849], [-94.7916809, 29.2998512], [-94.7917526, 29.2998328], [-94.7917302, 29.2997664], [-94.7916585, 29.2997849]]]}}, {"id": "332", "type": "Feature", "properties": {"id": "7580c008-b760-4b45-b51e-e47af25ccf81", "name": null, "subtype": null, "class": null, "height": null, "num_floors": null, "surge_class": 0, "surge_ft": 0.0, "flood_active": false, "exposure_score": 0.0, "exposure_category": "none"}, "geometry": {"type": "Polygon", "coordinates": [[[-94.7915912, 29.2999039], [-94.7916145, 29.2999716], [-94.7916884, 29.2999522], [-94.7916651, 29.2998845], [-94.7915912, 29.2999039]]]}}, {"id": "333", "type": "Feature", "properties": {"id": "a7e40762-c66f-4d29-b71e-eb1075811062", "name": null, "subtype": null, "class": null, "height": 8.415777206420898, "num_floors": null, "surge_class": 0, "surge_ft": 0.0, "flood_active": false, "exposure_score": 0.0, "exposure_category": "none"}, "geometry": {"type": "Polygon", "coordinates": [[[-94.7939633, 29.2999093], [-94.7939204, 29.299893], [-94.7938962, 29.299907], [-94.7938895, 29.2999433], [-94.7939217, 29.2999678], [-94.7939351, 29.2999608], [-94.7939468, 29.2999964], [-94.7939305, 29.3000004], [-94.7939455, 29.300046], [-94.7939192, 29.3000526], [-94.7939573, 29.3001683], [-94.7938645, 29.3001915], [-94.7938795, 29.3002371], [-94.7940978, 29.3001824], [-94.7940647, 29.3000818], [-94.7941879, 29.3000509], [-94.7941698, 29.2999959], [-94.7941832, 29.2999819], [-94.7941873, 29.2999596], [-94.794151, 29.2999398], [-94.7941456, 29.2999177], [-94.7940971, 29.2999267], [-94.7940871, 29.2998862], [-94.7939633, 29.2999093]]]}}, {"id": "334", "type": "Feature", "properties": {"id": "7c89dca3-d35e-4e22-83f4-bec55a60e79b", "name": null, "subtype": null, "class": null, "height": 5.625583648681641, "num_floors": null, "surge_class": 0, "surge_ft": 0.0, "flood_active": false, "exposure_score": 0.0, "exposure_category": "none"}, "geometry": {"type": "Polygon", "coordinates": [[[-94.7887795, 29.3000355], [-94.788808, 29.3001229], [-94.7888709, 29.3001072], [-94.7888914, 29.3001698], [-94.7889515, 29.3001548], [-94.7889025, 29.3000052], [-94.7888864, 29.3000092], [-94.7888797, 29.2999887], [-94.7887984, 29.3000089], [-94.788805, 29.3000292], [-94.7887795, 29.3000355]]]}}, {"id": "335", "type": "Feature", "properties": {"id": "d0b9f2fd-e305-40b9-85db-7234dac49c5f", "name": null, "subtype": null, "class": null, "height": 5.888650894165039, "num_floors": null, "surge_class": 0, "surge_ft": 0.0, "flood_active": false, "exposure_score": 0.0, "exposure_category": "none"}, "geometry": {"type": "Polygon", "coordinates": [[[-94.789035, 29.299957], [-94.788917, 29.299982], [-94.788943, 29.300075], [-94.789061, 29.30005], [-94.789035, 29.299957]]]}}, {"id": "336", "type": "Feature", "properties": {"id": "fee3c53c-88a5-4ac8-bf48-972ce4d12a1a", "name": null, "subtype": null, "class": null, "height": 5.250766277313232, "num_floors": null, "surge_class": 0, "surge_ft": 0.0, "flood_active": false, "exposure_score": 0.0, "exposure_category": "none"}, "geometry": {"type": "Polygon", "coordinates": [[[-94.789108, 29.300087], [-94.78915, 29.300076], [-94.789141, 29.300046], [-94.789195, 29.300033], [-94.789154, 29.299902], [-94.789057, 29.299926], [-94.789108, 29.300087]]]}}, {"id": "337", "type": "Feature", "properties": {"id": "1c2e2442-8089-41e8-af49-0ce4216afd5f", "name": null, "subtype": null, "class": null, "height": 4.428600311279297, "num_floors": null, "surge_class": 1, "surge_ft": 0.5, "flood_active": false, "exposure_score": 0.015, "exposure_category": "low"}, "geometry": {"type": "Polygon", "coordinates": [[[-94.789279, 29.299845], [-94.789155, 29.299872], [-94.789178, 29.299951], [-94.789206, 29.299945], [-94.789242, 29.300073], [-94.789338, 29.300052], [-94.789279, 29.299845]]]}}, {"id": "338", "type": "Feature", "properties": {"id": "69ea393f-fc60-4544-a65d-42a8e3d293de", "name": null, "subtype": null, "class": null, "height": 2.954821825027466, "num_floors": null, "surge_class": 0, "surge_ft": 0.0, "flood_active": false, "exposure_score": 0.0, "exposure_category": "none"}, "geometry": {"type": "Polygon", "coordinates": [[[-94.789618, 29.30003], [-94.789708, 29.300008], [-94.789627, 29.299758], [-94.789538, 29.29978], [-94.789618, 29.30003]]]}}, {"id": "339", "type": "Feature", "properties": {"id": "d719d5e4-dbda-412f-963e-d4a8ecab455b", "name": null, "subtype": null, "class": null, "height": 4.151748180389404, "num_floors": null, "surge_class": 0, "surge_ft": 0.0, "flood_active": false, "exposure_score": 0.0, "exposure_category": "none"}, "geometry": {"type": "Polygon", "coordinates": [[[-94.78986, 29.29998], [-94.789782, 29.299731], [-94.78968, 29.299756], [-94.789757, 29.300004], [-94.78986, 29.29998]]]}}, {"id": "340", "type": "Feature", "properties": {"id": "ae210c28-1eb3-4c23-97be-d5bbb3e35b51", "name": null, "subtype": null, "class": null, "height": null, "num_floors": null, "surge_class": 0, "surge_ft": 0.0, "flood_active": false, "exposure_score": 0.0, "exposure_category": "none"}, "geometry": {"type": "Polygon", "coordinates": [[[-94.7898857, 29.3000234], [-94.789974, 29.2999995], [-94.7899531, 29.2999408], [-94.7898648, 29.2999647], [-94.7898857, 29.3000234]]]}}, {"id": "341", "type": "Feature", "properties": {"id": "a2dcb281-a6c7-43c6-9ae1-9805806f757f", "name": null, "subtype": null, "class": null, "height": 4.6868486404418945, "num_floors": null, "surge_class": 0, "surge_ft": 0.0, "flood_active": false, "exposure_score": 0.0, "exposure_category": "none"}, "geometry": {"type": "Polygon", "coordinates": [[[-94.789925, 29.299698], [-94.789815, 29.299725], [-94.789869, 29.299893], [-94.78998, 29.299866], [-94.789925, 29.299698]]]}}, {"id": "342", "type": "Feature", "properties": {"id": "9c954e52-3294-4103-8839-f0fc104458c2", "name": null, "subtype": null, "class": null, "height": 6.8006978034973145, "num_floors": null, "surge_class": 0, "surge_ft": 0.0, "flood_active": false, "exposure_score": 0.0, "exposure_category": "none"}, "geometry": {"type": "Polygon", "coordinates": [[[-94.7900136, 29.2998377], [-94.7901112, 29.299812], [-94.7900753, 29.2997085], [-94.7899777, 29.2997342], [-94.7900136, 29.2998377]]]}}, {"id": "343", "type": "Feature", "properties": {"id": "c948348e-56ce-4a59-8ca1-222552641a11", "name": null, "subtype": null, "class": null, "height": 6.570820331573486, "num_floors": null, "surge_class": 0, "surge_ft": 0.0, "flood_active": false, "exposure_score": 0.0, "exposure_category": "none"}, "geometry": {"type": "Polygon", "coordinates": [[[-94.7901564, 29.2996201], [-94.7900611, 29.2996447], [-94.7901059, 29.2997766], [-94.7901506, 29.2997651], [-94.7901564, 29.2997821], [-94.790207, 29.299769], [-94.7901564, 29.2996201]]]}}, {"id": "344", "type": "Feature", "properties": {"id": "66bd6653-89d7-4695-89b8-3082153ed7e6", "name": null, "subtype": null, "class": null, "height": 3.639054536819458, "num_floors": null, "surge_class": 0, "surge_ft": 0.0, "flood_active": false, "exposure_score": 0.0, "exposure_category": "none"}, "geometry": {"type": "Polygon", "coordinates": [[[-94.7901389, 29.2998813], [-94.7901639, 29.2999533], [-94.790258, 29.2999284], [-94.790233, 29.2998564], [-94.7901389, 29.2998813]]]}}, {"id": "345", "type": "Feature", "properties": {"id": "75f9b402-5bdd-493a-a54c-575e18e62d9d", "name": null, "subtype": null, "class": null, "height": 3.6509392261505127, "num_floors": null, "surge_class": 0, "surge_ft": 0.0, "flood_active": false, "exposure_score": 0.0, "exposure_category": "none"}, "geometry": {"type": "Polygon", "coordinates": [[[-94.7901202, 29.2998865], [-94.7899846, 29.299921], [-94.7900086, 29.2999927], [-94.7901442, 29.2999581], [-94.7901202, 29.2998865]]]}}, {"id": "346", "type": "Feature", "properties": {"id": "55059f84-e2c8-4870-92ef-3b8a6f5308da", "name": null, "subtype": null, "class": null, "height": 5.968502044677734, "num_floors": null, "surge_class": 0, "surge_ft": 0.0, "flood_active": false, "exposure_score": 0.0, "exposure_category": "none"}, "geometry": {"type": "Polygon", "coordinates": [[[-94.7915459, 29.2998822], [-94.7916403, 29.2998577], [-94.7915825, 29.2996882], [-94.7914881, 29.2997127], [-94.7915459, 29.2998822]]]}}, {"id": "347", "type": "Feature", "properties": {"id": "a689671d-aae3-4510-ab81-82656a87a6b1", "name": null, "subtype": null, "class": null, "height": null, "num_floors": null, "surge_class": 0, "surge_ft": 0.0, "flood_active": false, "exposure_score": 0.0, "exposure_category": "none"}, "geometry": {"type": "Polygon", "coordinates": [[[-94.7913964, 29.2997354], [-94.7914091, 29.2997782], [-94.7914572, 29.2997673], [-94.7914445, 29.2997245], [-94.7913964, 29.2997354]]]}}, {"id": "348", "type": "Feature", "properties": {"id": "7a908f76-bc22-48c8-aa40-cc7848fc64aa", "name": null, "subtype": null, "class": null, "height": 6.671842575073242, "num_floors": null, "surge_class": 0, "surge_ft": 0.0, "flood_active": false, "exposure_score": 0.0, "exposure_category": "none"}, "geometry": {"type": "Polygon", "coordinates": [[[-94.791418, 29.299837], [-94.7914, 29.299778], [-94.791311, 29.299799], [-94.791329, 29.299857], [-94.791271, 29.29987], [-94.791315, 29.300015], [-94.791422, 29.299991], [-94.791399, 29.299914], [-94.79146, 29.2999], [-94.791439, 29.299833], [-94.791418, 29.299837]]]}}, {"id": "349", "type": "Feature", "properties": {"id": "2166b96c-719a-4f4c-adf6-7372de242491", "name": null, "subtype": null, "class": null, "height": null, "num_floors": null, "surge_class": 0, "surge_ft": 0.0, "flood_active": false, "exposure_score": 0.0, "exposure_category": "none"}, "geometry": {"type": "Polygon", "coordinates": [[[-94.7912931, 29.2997672], [-94.7912852, 29.2997238], [-94.7912172, 29.2997332], [-94.791225, 29.2997766], [-94.7912931, 29.2997672]]]}}, {"id": "350", "type": "Feature", "properties": {"id": "40e26933-055e-4115-b93f-a0ee1d65be0e", "name": null, "subtype": null, "class": null, "height": 4.028194427490234, "num_floors": null, "surge_class": 0, "surge_ft": 0.0, "flood_active": false, "exposure_score": 0.0, "exposure_category": "none"}, "geometry": {"type": "Polygon", "coordinates": [[[-94.791224, 29.299794], [-94.791211, 29.299737], [-94.791086, 29.299759], [-94.7911, 29.299816], [-94.791224, 29.299794]]]}}, {"id": "351", "type": "Feature", "properties": {"id": "6b10d0ef-0bbc-4d3c-9e11-4f5939dbc7cf", "name": "Family Dollar", "subtype": null, "class": null, "height": 5.915331840515137, "num_floors": null, "surge_class": 0, "surge_ft": 0.0, "flood_active": false, "exposure_score": 0.0, "exposure_category": "none"}, "geometry": {"type": "Polygon", "coordinates": [[[-94.7908692, 29.2998318], [-94.7909771, 29.3001405], [-94.7911843, 29.3000855], [-94.7910764, 29.2997767], [-94.7908692, 29.2998318]]]}}, {"id": "352", "type": "Feature", "properties": {"id": "5dc50cc2-d52c-466f-8cae-c47497dbe20d", "name": null, "subtype": null, "class": null, "height": 6.462175369262695, "num_floors": null, "surge_class": 0, "surge_ft": 0.0, "flood_active": false, "exposure_score": 0.0, "exposure_category": "none"}, "geometry": {"type": "Polygon", "coordinates": [[[-94.7906497, 29.3002262], [-94.7905413, 29.2999079], [-94.7904065, 29.2999428], [-94.7905149, 29.3002611], [-94.7906497, 29.3002262]]]}}, {"id": "353", "type": "Feature", "properties": {"id": "725354b4-5612-4606-91e4-c1b9143c0e2d", "name": null, "subtype": null, "class": null, "height": 5.198167324066162, "num_floors": null, "surge_class": 0, "surge_ft": 0.0, "flood_active": false, "exposure_score": 0.0, "exposure_category": "none"}, "geometry": {"type": "Polygon", "coordinates": [[[-94.7903563, 29.2998062], [-94.790258, 29.2998312], [-94.7902879, 29.2999202], [-94.7903861, 29.2998951], [-94.7903563, 29.2998062]]]}}, {"id": "354", "type": "Feature", "properties": {"id": "72902b0e-553e-4563-bba8-5e6f92dbd6d5", "name": null, "subtype": null, "class": null, "height": 5.4473772048950195, "num_floors": null, "surge_class": 0, "surge_ft": 0.0, "flood_active": false, "exposure_score": 0.0, "exposure_category": "none"}, "geometry": {"type": "Polygon", "coordinates": [[[-94.7902897, 29.2997138], [-94.7902525, 29.2996064], [-94.7901721, 29.2996276], [-94.7902062, 29.299726], [-94.7901967, 29.2997285], [-94.7902117, 29.2997717], [-94.7902875, 29.2997517], [-94.7902757, 29.2997175], [-94.7902897, 29.2997138]]]}}, {"id": "355", "type": "Feature", "properties": {"id": "d5c6acab-0fb5-4e42-8a5e-677e59e1d2bd", "name": null, "subtype": null, "class": null, "height": 4.076752662658691, "num_floors": null, "surge_class": 0, "surge_ft": 0.0, "flood_active": false, "exposure_score": 0.0, "exposure_category": "none"}, "geometry": {"type": "Polygon", "coordinates": [[[-94.790484, 29.29979], [-94.79042, 29.299568], [-94.79032, 29.29959], [-94.790385, 29.299812], [-94.790484, 29.29979]]]}}, {"id": "356", "type": "Feature", "properties": {"id": "bb9886ff-2d9d-4187-8df2-4893c30a0264", "name": null, "subtype": null, "class": null, "height": 5.811294078826904, "num_floors": null, "surge_class": 0, "surge_ft": 0.0, "flood_active": false, "exposure_score": 0.0, "exposure_category": "none"}, "geometry": {"type": "Polygon", "coordinates": [[[-94.790333, 29.299259], [-94.790226, 29.299287], [-94.790262, 29.299387], [-94.790368, 29.299358], [-94.790333, 29.299259]]]}}, {"id": "357", "type": "Feature", "properties": {"id": "c94ac2b4-c2a8-4e06-b579-5ef8972f46fb", "name": null, "subtype": null, "class": null, "height": 3.978299379348755, "num_floors": null, "surge_class": 0, "surge_ft": 0.0, "flood_active": false, "exposure_score": 0.0, "exposure_category": "none"}, "geometry": {"type": "Polygon", "coordinates": [[[-94.7903119, 29.299236], [-94.7902896, 29.2991724], [-94.7901742, 29.299203], [-94.7901963, 29.2992656], [-94.7903119, 29.299236]]]}}, {"id": "358", "type": "Feature", "properties": {"id": "67e37973-e4bb-489e-bc4d-7120eb3ad906", "name": null, "subtype": null, "class": null, "height": 5.636273384094238, "num_floors": null, "surge_class": 0, "surge_ft": 0.0, "flood_active": false, "exposure_score": 0.0, "exposure_category": "none"}, "geometry": {"type": "Polygon", "coordinates": [[[-94.7904807, 29.298928], [-94.7905946, 29.2989039], [-94.7905558, 29.2987647], [-94.7904418, 29.2987889], [-94.7904807, 29.298928]]]}}, {"id": "359", "type": "Feature", "properties": {"id": "44f9b82f-4284-4d75-bf3a-6fe74c50d006", "name": null, "subtype": null, "class": null, "height": 5.587169647216797, "num_floors": null, "surge_class": 0, "surge_ft": 0.0, "flood_active": false, "exposure_score": 0.0, "exposure_category": "none"}, "geometry": {"type": "Polygon", "coordinates": [[[-94.790785, 29.299056], [-94.790554, 29.299109], [-94.790583, 29.299207], [-94.790619, 29.299199], [-94.790632, 29.299245], [-94.790718, 29.299226], [-94.790702, 29.299173], [-94.790765, 29.299159], [-94.79078, 29.299211], [-94.790828, 29.299201], [-94.790785, 29.299056]]]}}, {"id": "360", "type": "Feature", "properties": {"id": "8eddd440-0aca-462f-b400-cf87c284c54e", "name": null, "subtype": null, "class": null, "height": 5.610358715057373, "num_floors": null, "surge_class": 0, "surge_ft": 0.0, "flood_active": false, "exposure_score": 0.0, "exposure_category": "none"}, "geometry": {"type": "Polygon", "coordinates": [[[-94.790912, 29.298997], [-94.790812, 29.299021], [-94.790862, 29.299182], [-94.790942, 29.299163], [-94.790913, 29.29907], [-94.790933, 29.299065], [-94.790912, 29.298997]]]}}, {"id": "361", "type": "Feature", "properties": {"id": "2b1181d7-7192-4010-8839-d368fb352e2c", "name": "1859 Saint Josephs Church Museum", "subtype": "entertainment", "class": null, "height": 6.159806251525879, "num_floors": null, "surge_class": 0, "surge_ft": 0.0, "flood_active": false, "exposure_score": 0.0, "exposure_category": "none"}, "geometry": {"type": "Polygon", "coordinates": [[[-94.791057, 29.299727], [-94.791026, 29.299619], [-94.790852, 29.299657], [-94.790797, 29.299465], [-94.790678, 29.299491], [-94.790752, 29.299749], [-94.790893, 29.299718], [-94.790905, 29.29976], [-94.791057, 29.299727]]]}}, {"id": "362", "type": "Feature", "properties": {"id": "1ed1c185-b67c-4e9d-a0a7-276567f1f087", "name": null, "subtype": null, "class": null, "height": 6.142251491546631, "num_floors": null, "surge_class": 0, "surge_ft": 0.0, "flood_active": false, "exposure_score": 0.0, "exposure_category": "none"}, "geometry": {"type": "Polygon", "coordinates": [[[-94.79111, 29.299439], [-94.791071, 29.299446], [-94.791068, 29.299434], [-94.790991, 29.299449], [-94.791027, 29.299595], [-94.791143, 29.299574], [-94.79111, 29.299439]]]}}, {"id": "363", "type": "Feature", "properties": {"id": "f482617e-baa2-4583-89e8-1e4f27b80d68", "name": null, "subtype": null, "class": null, "height": 7.2524590492248535, "num_floors": null, "surge_class": 0, "surge_ft": 0.0, "flood_active": false, "exposure_score": 0.0, "exposure_category": "none"}, "geometry": {"type": "Polygon", "coordinates": [[[-94.790945, 29.299442], [-94.790847, 29.29946], [-94.790876, 29.299586], [-94.790974, 29.299568], [-94.790945, 29.299442]]]}}, {"id": "364", "type": "Feature", "properties": {"id": "a53ab39d-5179-440a-a4f8-44081f16c477", "name": null, "subtype": null, "class": null, "height": 6.470664978027344, "num_floors": null, "surge_class": 0, "surge_ft": 0.0, "flood_active": false, "exposure_score": 0.0, "exposure_category": "none"}, "geometry": {"type": "Polygon", "coordinates": [[[-94.791189, 29.299538], [-94.791244, 29.299525], [-94.791234, 29.299492], [-94.79127, 29.299485], [-94.791239, 29.299381], [-94.791149, 29.299402], [-94.791189, 29.299538]]]}}, {"id": "365", "type": "Feature", "properties": {"id": "9c3c497c-69a7-49b4-85f3-7228d52b544d", "name": null, "subtype": null, "class": null, "height": 4.126453876495361, "num_floors": null, "surge_class": 0, "surge_ft": 0.0, "flood_active": false, "exposure_score": 0.0, "exposure_category": "none"}, "geometry": {"type": "Polygon", "coordinates": [[[-94.79108, 29.299719], [-94.791214, 29.299688], [-94.791187, 29.299598], [-94.791053, 29.299629], [-94.79108, 29.299719]]]}}, {"id": "366", "type": "Feature", "properties": {"id": "9c6ebf12-cf07-4749-a34d-280b799cbf35", "name": null, "subtype": null, "class": null, "height": 2.932236433029175, "num_floors": null, "surge_class": 0, "surge_ft": 0.0, "flood_active": false, "exposure_score": 0.0, "exposure_category": "none"}, "geometry": {"type": "Polygon", "coordinates": [[[-94.791318, 29.299652], [-94.791299, 29.299588], [-94.791225, 29.299605], [-94.791244, 29.299669], [-94.791318, 29.299652]]]}}, {"id": "367", "type": "Feature", "properties": {"id": "07bb5dde-f338-4279-ad51-c22bf1fff617", "name": null, "subtype": null, "class": null, "height": 4.8808817863464355, "num_floors": null, "surge_class": 0, "surge_ft": 0.0, "flood_active": false, "exposure_score": 0.0, "exposure_category": "none"}, "geometry": {"type": "Polygon", "coordinates": [[[-94.7912472, 29.2995271], [-94.7912808, 29.2995215], [-94.791274, 29.2994899], [-94.7912403, 29.2994954], [-94.7912472, 29.2995271]]]}}, {"id": "368", "type": "Feature", "properties": {"id": "bb81ebc0-8b69-40c0-bb0b-1288a201c3d6", "name": null, "subtype": null, "class": null, "height": 3.5592172145843506, "num_floors": null, "surge_class": 0, "surge_ft": 0.0, "flood_active": false, "exposure_score": 0.0, "exposure_category": "none"}, "geometry": {"type": "Polygon", "coordinates": [[[-94.7913354, 29.2996447], [-94.7914445, 29.2996166], [-94.7914242, 29.2995565], [-94.791315, 29.2995846], [-94.7913354, 29.2996447]]]}}, {"id": "369", "type": "Feature", "properties": {"id": "737276ab-2695-48a8-977d-9ac3478f4f38", "name": null, "subtype": null, "class": null, "height": 4.210293769836426, "num_floors": null, "surge_class": 0, "surge_ft": 0.0, "flood_active": false, "exposure_score": 0.0, "exposure_category": "none"}, "geometry": {"type": "Polygon", "coordinates": [[[-94.7913626, 29.2992968], [-94.7914732, 29.2996078], [-94.7916715, 29.2995542], [-94.7915609, 29.2992432], [-94.7913626, 29.2992968]]]}}, {"id": "370", "type": "Feature", "properties": {"id": "52fb3427-08ce-4184-a2c7-390715c75b1b", "name": null, "subtype": null, "class": null, "height": 6.728906631469727, "num_floors": null, "surge_class": 0, "surge_ft": 0.0, "flood_active": false, "exposure_score": 0.0, "exposure_category": "none"}, "geometry": {"type": "Polygon", "coordinates": [[[-94.7912891, 29.2994832], [-94.7913798, 29.2994564], [-94.7913307, 29.2993301], [-94.7912673, 29.2993488], [-94.791281, 29.299384], [-94.7912537, 29.2993921], [-94.7912891, 29.2994832]]]}}, {"id": "371", "type": "Feature", "properties": {"id": "f89fc6dc-6f67-4e37-b6be-1ad37a38c880", "name": null, "subtype": null, "class": null, "height": 4.2840752601623535, "num_floors": null, "surge_class": 0, "surge_ft": 0.0, "flood_active": false, "exposure_score": 0.0, "exposure_category": "none"}, "geometry": {"type": "Polygon", "coordinates": [[[-94.7912624, 29.2987865], [-94.7913424, 29.2990102], [-94.7914786, 29.2989732], [-94.7913986, 29.2987495], [-94.7912624, 29.2987865]]]}}, {"id": "372", "type": "Feature", "properties": {"id": "0371f8c0-4e9d-4f6a-97a9-e3c6b20a57a3", "name": null, "subtype": null, "class": null, "height": 5.852532386779785, "num_floors": null, "surge_class": 0, "surge_ft": 0.0, "flood_active": false, "exposure_score": 0.0, "exposure_category": "none"}, "geometry": {"type": "Polygon", "coordinates": [[[-94.7911954, 29.2989433], [-94.7912507, 29.299093], [-94.7913429, 29.2990671], [-94.7912877, 29.2989174], [-94.7911954, 29.2989433]]]}}, {"id": "373", "type": "Feature", "properties": {"id": "a332f9db-c654-4ca9-9389-8c94aa709529", "name": null, "subtype": null, "class": null, "height": null, "num_floors": null, "surge_class": 0, "surge_ft": 0.0, "flood_active": false, "exposure_score": 0.0, "exposure_category": "none"}, "geometry": {"type": "Polygon", "coordinates": [[[-94.7911763, 29.2988953], [-94.7912697, 29.2988704], [-94.791244, 29.2987972], [-94.7911506, 29.2988221], [-94.7911763, 29.2988953]]]}}, {"id": "374", "type": "Feature", "properties": {"id": "531a4f9f-7602-48cd-9c8e-ad0df4938af9", "name": null, "subtype": null, "class": null, "height": 4.974434852600098, "num_floors": null, "surge_class": 0, "surge_ft": 0.0, "flood_active": false, "exposure_score": 0.0, "exposure_category": "none"}, "geometry": {"type": "Polygon", "coordinates": [[[-94.7911114, 29.2991259], [-94.7912187, 29.2990994], [-94.7911727, 29.298958], [-94.7910654, 29.2989845], [-94.7911114, 29.2991259]]]}}, {"id": "375", "type": "Feature", "properties": {"id": "bc4d4f47-f4ae-4f10-a5bc-a105b025ab57", "name": null, "subtype": null, "class": null, "height": 5.471847057342529, "num_floors": null, "surge_class": 0, "surge_ft": 0.0, "flood_active": false, "exposure_score": 0.0, "exposure_category": "none"}, "geometry": {"type": "Polygon", "coordinates": [[[-94.7909446, 29.2990612], [-94.790982, 29.2991656], [-94.7910913, 29.2991358], [-94.7910263, 29.2989544], [-94.790943, 29.2989771], [-94.7909706, 29.2990541], [-94.7909446, 29.2990612]]]}}, {"id": "376", "type": "Feature", "properties": {"id": "e8c14585-a4e8-4c11-b2d0-df594f5fd272", "name": null, "subtype": null, "class": null, "height": 4.176100254058838, "num_floors": null, "surge_class": 0, "surge_ft": 0.0, "flood_active": false, "exposure_score": 0.0, "exposure_category": "none"}, "geometry": {"type": "Polygon", "coordinates": [[[-94.7910076, 29.2988415], [-94.7910286, 29.2988989], [-94.791116, 29.2988745], [-94.7910949, 29.2988171], [-94.7910076, 29.2988415]]]}}, {"id": "377", "type": "Feature", "properties": {"id": "0cc2bd67-ffef-47be-9ccc-43873a78bb56", "name": null, "subtype": null, "class": null, "height": 5.677550315856934, "num_floors": null, "surge_class": 0, "surge_ft": 0.0, "flood_active": false, "exposure_score": 0.0, "exposure_category": "none"}, "geometry": {"type": "Polygon", "coordinates": [[[-94.7913829, 29.2986811], [-94.7912715, 29.2983618], [-94.7907471, 29.2985009], [-94.7908585, 29.2988203], [-94.7913829, 29.2986811]]]}}, {"id": "378", "type": "Feature", "properties": {"id": "1b86d8f3-7bc0-4661-b915-60e5c41ec427", "name": null, "subtype": null, "class": null, "height": 4.813526153564453, "num_floors": null, "surge_class": 0, "surge_ft": 0.0, "flood_active": false, "exposure_score": 0.0, "exposure_category": "none"}, "geometry": {"type": "Polygon", "coordinates": [[[-94.7907237, 29.297971], [-94.7907725, 29.2981117], [-94.7910855, 29.2980291], [-94.7910367, 29.2978884], [-94.7907237, 29.297971]]]}}, {"id": "379", "type": "Feature", "properties": {"id": "7fde04df-4a89-4946-b70b-fd3c1de46faa", "name": null, "subtype": null, "class": null, "height": 6.507175445556641, "num_floors": null, "surge_class": 0, "surge_ft": 0.0, "flood_active": false, "exposure_score": 0.0, "exposure_category": "none"}, "geometry": {"type": "Polygon", "coordinates": [[[-94.7907194, 29.2980937], [-94.790618, 29.2981205], [-94.7906703, 29.2982711], [-94.7907942, 29.2982384], [-94.7907709, 29.2981711], [-94.7907608, 29.2981738], [-94.7907454, 29.2981296], [-94.7907321, 29.2981302], [-94.7907194, 29.2980937]]]}}, {"id": "380", "type": "Feature", "properties": {"id": "286e9d90-1239-4f21-a12d-fd87dd338a38", "name": null, "subtype": null, "class": null, "height": 5.356926441192627, "num_floors": null, "surge_class": 0, "surge_ft": 0.0, "flood_active": false, "exposure_score": 0.0, "exposure_category": "none"}, "geometry": {"type": "Polygon", "coordinates": [[[-94.7907514, 29.2985359], [-94.7906385, 29.2985659], [-94.7907208, 29.2988017], [-94.7908337, 29.2987717], [-94.7907514, 29.2985359]]]}}, {"id": "381", "type": "Feature", "properties": {"id": "1997b1d9-0bce-47df-bb0a-536a09412963", "name": null, "subtype": null, "class": null, "height": 6.403436660766602, "num_floors": null, "surge_class": 0, "surge_ft": 0.0, "flood_active": false, "exposure_score": 0.0, "exposure_category": "none"}, "geometry": {"type": "Polygon", "coordinates": [[[-94.7904676, 29.2986095], [-94.7903815, 29.2986279], [-94.7904262, 29.2987868], [-94.7905437, 29.2987617], [-94.7905183, 29.2986712], [-94.7904868, 29.2986779], [-94.7904676, 29.2986095]]]}}, {"id": "382", "type": "Feature", "properties": {"id": "2017f911-be58-4637-a2d2-dfe35e58a004", "name": null, "subtype": null, "class": null, "height": 7.5999345779418945, "num_floors": null, "surge_class": 0, "surge_ft": 0.0, "flood_active": false, "exposure_score": 0.0, "exposure_category": "none"}, "geometry": {"type": "Polygon", "coordinates": [[[-94.7902115, 29.2981084], [-94.790317, 29.2984183], [-94.7906276, 29.2983378], [-94.790522, 29.298028], [-94.7902115, 29.2981084]]]}}, {"id": "383", "type": "Feature", "properties": {"id": "879b5c8a-4f59-4357-a343-8aaafe3acced", "name": null, "subtype": null, "class": null, "height": 2.851370096206665, "num_floors": null, "surge_class": 0, "surge_ft": 0.0, "flood_active": false, "exposure_score": 0.0, "exposure_category": "none"}, "geometry": {"type": "Polygon", "coordinates": [[[-94.7898083, 29.2983021], [-94.7897453, 29.2982723], [-94.7896422, 29.2984378], [-94.7897052, 29.2984676], [-94.7898083, 29.2983021]]]}}, {"id": "384", "type": "Feature", "properties": {"id": "b6dfd128-f007-4494-8645-6069aa157bf2", "name": null, "subtype": null, "class": null, "height": 6.39078950881958, "num_floors": null, "surge_class": 0, "surge_ft": 0.0, "flood_active": false, "exposure_score": 0.0, "exposure_category": "none"}, "geometry": {"type": "Polygon", "coordinates": [[[-94.7898919, 29.2988803], [-94.7899707, 29.2988594], [-94.7899375, 29.2987643], [-94.7898587, 29.2987852], [-94.7898919, 29.2988803]]]}}, {"id": "385", "type": "Feature", "properties": {"id": "a951c24f-b783-4b75-afb8-0f6fc8aa65da", "name": null, "subtype": null, "class": null, "height": 6.981905937194824, "num_floors": null, "surge_class": 1, "surge_ft": 0.5, "flood_active": false, "exposure_score": 0.015, "exposure_category": "low"}, "geometry": {"type": "Polygon", "coordinates": [[[-94.7901464, 29.2988529], [-94.7900914, 29.2986951], [-94.7899874, 29.2987227], [-94.7900424, 29.2988805], [-94.7901464, 29.2988529]]]}}, {"id": "386", "type": "Feature", "properties": {"id": "50c9c026-672c-462e-a003-7e9c2ec577c9", "name": null, "subtype": null, "class": null, "height": null, "num_floors": null, "surge_class": 0, "surge_ft": 0.0, "flood_active": false, "exposure_score": 0.0, "exposure_category": "none"}, "geometry": {"type": "Polygon", "coordinates": [[[-94.7901058, 29.299125], [-94.7900917, 29.2990812], [-94.790023, 29.299098], [-94.790037, 29.2991418], [-94.7901058, 29.299125]]]}}, {"id": "387", "type": "Feature", "properties": {"id": "91166ab6-0edb-4252-b851-3ce6b6190f58", "name": null, "subtype": null, "class": null, "height": null, "num_floors": null, "surge_class": 0, "surge_ft": 0.0, "flood_active": false, "exposure_score": 0.0, "exposure_category": "none"}, "geometry": {"type": "Polygon", "coordinates": [[[-94.790175, 29.299149], [-94.790253, 29.299128], [-94.79023, 29.299066], [-94.790152, 29.299088], [-94.790175, 29.299149]]]}}, {"id": "388", "type": "Feature", "properties": {"id": "4693da35-df01-4368-b897-c5a5c7fb9144", "name": null, "subtype": null, "class": null, "height": 6.108723163604736, "num_floors": null, "surge_class": 0, "surge_ft": 0.0, "flood_active": false, "exposure_score": 0.0, "exposure_category": "none"}, "geometry": {"type": "Polygon", "coordinates": [[[-94.790155, 29.29918], [-94.790083, 29.2992], [-94.790147, 29.299381], [-94.790219, 29.299362], [-94.790155, 29.29918]]]}}, {"id": "389", "type": "Feature", "properties": {"id": "e3100150-4ddc-448e-a10b-05adc3bcd080", "name": null, "subtype": null, "class": null, "height": 6.431251049041748, "num_floors": null, "surge_class": 0, "surge_ft": 0.0, "flood_active": false, "exposure_score": 0.0, "exposure_category": "none"}, "geometry": {"type": "Polygon", "coordinates": [[[-94.790062, 29.299204], [-94.789985, 29.299224], [-94.790049, 29.299408], [-94.790125, 29.299388], [-94.790062, 29.299204]]]}}, {"id": "390", "type": "Feature", "properties": {"id": "aac56f0f-3d67-4de6-ac9b-5a5fbff72a1e", "name": null, "subtype": null, "class": null, "height": 4.496570110321045, "num_floors": null, "surge_class": 0, "surge_ft": 0.0, "flood_active": false, "exposure_score": 0.0, "exposure_category": "none"}, "geometry": {"type": "Polygon", "coordinates": [[[-94.789679, 29.299362], [-94.789718, 29.29948], [-94.789818, 29.299455], [-94.78978, 29.299337], [-94.789679, 29.299362]]]}}, {"id": "391", "type": "Feature", "properties": {"id": "db4c138e-b4b5-4091-818a-6bca386ba1b5", "name": null, "subtype": null, "class": null, "height": 4.7538557052612305, "num_floors": null, "surge_class": 0, "surge_ft": 0.0, "flood_active": false, "exposure_score": 0.0, "exposure_category": "none"}, "geometry": {"type": "Polygon", "coordinates": [[[-94.789834, 29.299451], [-94.789913, 29.299438], [-94.789886, 29.299319], [-94.789808, 29.299333], [-94.789834, 29.299451]]]}}, {"id": "392", "type": "Feature", "properties": {"id": "6577dbfa-c24e-4f1f-bbeb-a5b734a24c16", "name": null, "subtype": null, "class": null, "height": 2.64774227142334, "num_floors": null, "surge_class": 0, "surge_ft": 0.0, "flood_active": false, "exposure_score": 0.0, "exposure_category": "none"}, "geometry": {"type": "Polygon", "coordinates": [[[-94.7896997, 29.299047], [-94.7897235, 29.2991133], [-94.7898136, 29.2990887], [-94.7897898, 29.2990224], [-94.7896997, 29.299047]]]}}, {"id": "393", "type": "Feature", "properties": {"id": "5d908e5b-3a2b-4864-ae5f-1642d80bf8d2", "name": null, "subtype": null, "class": null, "height": null, "num_floors": null, "surge_class": 0, "surge_ft": 0.0, "flood_active": false, "exposure_score": 0.0, "exposure_category": "none"}, "geometry": {"type": "Polygon", "coordinates": [[[-94.7898377, 29.2987914], [-94.7897467, 29.2988156], [-94.7897971, 29.2989602], [-94.7898882, 29.2989361], [-94.7898377, 29.2987914]]]}}, {"id": "394", "type": "Feature", "properties": {"id": "18276c81-8712-4d21-b4b5-85fc014f552a", "name": null, "subtype": null, "class": null, "height": 5.271305084228516, "num_floors": null, "surge_class": 0, "surge_ft": 0.0, "flood_active": false, "exposure_score": 0.0, "exposure_category": "none"}, "geometry": {"type": "Polygon", "coordinates": [[[-94.7896062, 29.2988436], [-94.7896433, 29.2989489], [-94.7896966, 29.2989346], [-94.7897035, 29.2989541], [-94.7897702, 29.2989362], [-94.7897262, 29.2988114], [-94.7896062, 29.2988436]]]}}, {"id": "395", "type": "Feature", "properties": {"id": "dda1d0db-f05a-450b-9f5d-7fcdaa25e0db", "name": null, "subtype": null, "class": null, "height": 4.912315368652344, "num_floors": null, "surge_class": 0, "surge_ft": 0.0, "flood_active": false, "exposure_score": 0.0, "exposure_category": "none"}, "geometry": {"type": "Polygon", "coordinates": [[[-94.7894929, 29.2988728], [-94.7895309, 29.2989826], [-94.7896275, 29.2989573], [-94.7895896, 29.2988474], [-94.7894929, 29.2988728]]]}}, {"id": "396", "type": "Feature", "properties": {"id": "a942a772-9f69-464f-af9f-dacbbacad76b", "name": null, "subtype": null, "class": null, "height": 4.6478962898254395, "num_floors": null, "surge_class": 0, "surge_ft": 0.0, "flood_active": false, "exposure_score": 0.0, "exposure_category": "none"}, "geometry": {"type": "Polygon", "coordinates": [[[-94.789566, 29.299138], [-94.789493, 29.298893], [-94.789377, 29.298919], [-94.789432, 29.299104], [-94.789462, 29.299097], [-94.789481, 29.299157], [-94.789566, 29.299138]]]}}, {"id": "397", "type": "Feature", "properties": {"id": "be67000c-106b-4f03-94af-d813531b1941", "name": null, "subtype": null, "class": null, "height": 6.231445789337158, "num_floors": null, "surge_class": 1, "surge_ft": 0.5, "flood_active": false, "exposure_score": 0.015, "exposure_category": "low"}, "geometry": {"type": "Polygon", "coordinates": [[[-94.7893488, 29.2989631], [-94.7893202, 29.2988811], [-94.7892192, 29.2989079], [-94.7892478, 29.2989898], [-94.7893488, 29.2989631]]]}}, {"id": "398", "type": "Feature", "properties": {"id": "5feff9c7-52b7-4edc-a1eb-cd84be5a54f0", "name": null, "subtype": null, "class": null, "height": 6.321649074554443, "num_floors": null, "surge_class": 0, "surge_ft": 0.0, "flood_active": false, "exposure_score": 0.0, "exposure_category": "none"}, "geometry": {"type": "Polygon", "coordinates": [[[-94.7894174, 29.2990814], [-94.7893873, 29.2989951], [-94.7892586, 29.2990292], [-94.7892887, 29.2991156], [-94.7894174, 29.2990814]]]}}, {"id": "399", "type": "Feature", "properties": {"id": "71b29478-5d69-4e18-b614-332ca05bde9d", "name": null, "subtype": null, "class": null, "height": 5.3996806144714355, "num_floors": null, "surge_class": 0, "surge_ft": 0.0, "flood_active": false, "exposure_score": 0.0, "exposure_category": "none"}, "geometry": {"type": "Polygon", "coordinates": [[[-94.789381, 29.299118], [-94.789297, 29.29914], [-94.789326, 29.299226], [-94.78941, 29.299205], [-94.789381, 29.299118]]]}}, {"id": "400", "type": "Feature", "properties": {"id": "29c2701c-7af1-459c-9bd0-3ce2a9c12341", "name": null, "subtype": null, "class": null, "height": 4.069542407989502, "num_floors": null, "surge_class": 0, "surge_ft": 0.0, "flood_active": false, "exposure_score": 0.0, "exposure_category": "none"}, "geometry": {"type": "Polygon", "coordinates": [[[-94.789442, 29.299247], [-94.789339, 29.299274], [-94.78936, 29.299336], [-94.789464, 29.299309], [-94.789442, 29.299247]]]}}, {"id": "401", "type": "Feature", "properties": {"id": "5784ff04-025e-4c07-8069-7d42c834b3e2", "name": null, "subtype": null, "class": null, "height": 4.0578083992004395, "num_floors": null, "surge_class": 0, "surge_ft": 0.0, "flood_active": false, "exposure_score": 0.0, "exposure_category": "none"}, "geometry": {"type": "Polygon", "coordinates": [[[-94.78945, 29.299591], [-94.789573, 29.299564], [-94.789508, 29.299339], [-94.789378, 29.299368], [-94.789402, 29.29945], [-94.789466, 29.299436], [-94.789477, 29.299473], [-94.78942, 29.299485], [-94.78945, 29.299591]]]}}, {"id": "402", "type": "Feature", "properties": {"id": "61f09ece-e723-497c-82a4-7f4ee4e70a56", "name": null, "subtype": null, "class": null, "height": 14.35507583618164, "num_floors": null, "surge_class": 0, "surge_ft": 0.0, "flood_active": false, "exposure_score": 0.0, "exposure_category": "none"}, "geometry": {"type": "Polygon", "coordinates": [[[-94.7897882, 29.2979598], [-94.789539, 29.2983614], [-94.7890505, 29.2981308], [-94.7889893, 29.2982305], [-94.7891359, 29.2982994], [-94.789091, 29.2983727], [-94.7894788, 29.2985562], [-94.7895138, 29.2984995], [-94.7896057, 29.2985422], [-94.7896374, 29.2984914], [-94.7896139, 29.2984805], [-94.7899035, 29.2980134], [-94.7897882, 29.2979598]]]}}, {"id": "403", "type": "Feature", "properties": {"id": "1af05de7-57d1-47e0-b709-ef38f49e8c17", "name": null, "subtype": null, "class": null, "height": null, "num_floors": null, "surge_class": 0, "surge_ft": 0.0, "flood_active": false, "exposure_score": 0.0, "exposure_category": "none"}, "geometry": {"type": "Polygon", "coordinates": [[[-94.7895574, 29.2981982], [-94.7895384, 29.2981397], [-94.7894093, 29.2981716], [-94.7894282, 29.2982301], [-94.7895574, 29.2981982]]]}}, {"id": "404", "type": "Feature", "properties": {"id": "c26b6a58-212e-4975-9339-c2a8cd7768b0", "name": null, "subtype": null, "class": null, "height": 3.4153542518615723, "num_floors": null, "surge_class": 0, "surge_ft": 0.0, "flood_active": false, "exposure_score": 0.0, "exposure_category": "none"}, "geometry": {"type": "Polygon", "coordinates": [[[-94.7886437, 29.298268], [-94.7887295, 29.2982493], [-94.7886978, 29.2981383], [-94.7886119, 29.298157], [-94.7886437, 29.298268]]]}}, {"id": "405", "type": "Feature", "properties": {"id": "23a80c40-492a-4c1a-94e8-7411114e6cb0", "name": null, "subtype": null, "class": null, "height": 5.796158790588379, "num_floors": null, "surge_class": 0, "surge_ft": 0.0, "flood_active": false, "exposure_score": 0.0, "exposure_category": "none"}, "geometry": {"type": "Polygon", "coordinates": [[[-94.7885734, 29.2981838], [-94.7884552, 29.2982103], [-94.7884985, 29.2983573], [-94.7886168, 29.2983308], [-94.7885734, 29.2981838]]]}}, {"id": "406", "type": "Feature", "properties": {"id": "df4b2be5-1157-4eb2-921a-0aaaf9cf4868", "name": null, "subtype": null, "class": null, "height": 4.882768630981445, "num_floors": null, "surge_class": 0, "surge_ft": 0.0, "flood_active": false, "exposure_score": 0.0, "exposure_category": "none"}, "geometry": {"type": "Polygon", "coordinates": [[[-94.7887192, 29.2983462], [-94.7886943, 29.2982757], [-94.7886184, 29.298296], [-94.7886726, 29.2984499], [-94.788778, 29.2984217], [-94.7887486, 29.2983383], [-94.7887192, 29.2983462]]]}}, {"id": "407", "type": "Feature", "properties": {"id": "16e15bd9-605d-4265-838b-02e74dac7a47", "name": null, "subtype": "residential", "class": "house", "height": 6.089179039001465, "num_floors": null, "surge_class": 0, "surge_ft": 0.0, "flood_active": false, "exposure_score": 0.0, "exposure_category": "none"}, "geometry": {"type": "Polygon", "coordinates": [[[-94.7886815, 29.2987152], [-94.7887185, 29.2988253], [-94.788875, 29.2987853], [-94.7888328, 29.2986595], [-94.7888139, 29.2986643], [-94.7888088, 29.2986491], [-94.7886826, 29.2986813], [-94.788693, 29.2987122], [-94.7886815, 29.2987152]]]}}, {"id": "408", "type": "Feature", "properties": {"id": "fe81941a-f5d4-49a7-9629-204f29b060ec", "name": null, "subtype": null, "class": null, "height": 4.823897361755371, "num_floors": null, "surge_class": 0, "surge_ft": 0.0, "flood_active": false, "exposure_score": 0.0, "exposure_category": "none"}, "geometry": {"type": "Polygon", "coordinates": [[[-94.7886972, 29.2988028], [-94.788652, 29.2986097], [-94.7885644, 29.2986253], [-94.7885823, 29.2987016], [-94.7885231, 29.2987121], [-94.7885504, 29.2988289], [-94.7886972, 29.2988028]]]}}, {"id": "409", "type": "Feature", "properties": {"id": "0b7c5670-8526-4385-b36c-bb59f440f68b", "name": null, "subtype": null, "class": null, "height": 3.4555394649505615, "num_floors": null, "surge_class": 0, "surge_ft": 0.0, "flood_active": false, "exposure_score": 0.0, "exposure_category": "none"}, "geometry": {"type": "Polygon", "coordinates": [[[-94.7885293, 29.298548], [-94.7885528, 29.298615], [-94.7886338, 29.2985934], [-94.7886103, 29.2985264], [-94.7885293, 29.298548]]]}}, {"id": "410", "type": "Feature", "properties": {"id": "f02f0879-04d6-434b-9229-01cc853a75e3", "name": null, "subtype": null, "class": null, "height": null, "num_floors": null, "surge_class": 0, "surge_ft": 0.0, "flood_active": false, "exposure_score": 0.0, "exposure_category": "none"}, "geometry": {"type": "Polygon", "coordinates": [[[-94.788633, 29.2983958], [-94.7885303, 29.2984196], [-94.7885479, 29.2984773], [-94.7886506, 29.2984534], [-94.788633, 29.2983958]]]}}, {"id": "411", "type": "Feature", "properties": {"id": "d8df2717-13d0-457b-b185-cd330a9a97ad", "name": null, "subtype": null, "class": null, "height": 3.7367241382598877, "num_floors": null, "surge_class": 0, "surge_ft": 0.0, "flood_active": false, "exposure_score": 0.0, "exposure_category": "none"}, "geometry": {"type": "Polygon", "coordinates": [[[-94.788491, 29.2984018], [-94.7884092, 29.2984203], [-94.7884339, 29.2985036], [-94.7885158, 29.2984851], [-94.788491, 29.2984018]]]}}, {"id": "412", "type": "Feature", "properties": {"id": "6427fd57-7dc6-48db-8a61-7e7b14bf0ceb", "name": null, "subtype": null, "class": null, "height": 5.6590256690979, "num_floors": null, "surge_class": 0, "surge_ft": 0.0, "flood_active": false, "exposure_score": 0.0, "exposure_category": "none"}, "geometry": {"type": "Polygon", "coordinates": [[[-94.7885052, 29.2988432], [-94.7884623, 29.2987425], [-94.7883562, 29.2987769], [-94.7883992, 29.2988776], [-94.7885052, 29.2988432]]]}}, {"id": "413", "type": "Feature", "properties": {"id": "9fe7206d-c614-4d78-ab01-dc8c16462c6b", "name": null, "subtype": null, "class": null, "height": 4.210474491119385, "num_floors": null, "surge_class": 0, "surge_ft": 0.0, "flood_active": false, "exposure_score": 0.0, "exposure_category": "none"}, "geometry": {"type": "Polygon", "coordinates": [[[-94.7884206, 29.2985829], [-94.7883229, 29.2986006], [-94.7883379, 29.2986634], [-94.7884356, 29.2986456], [-94.7884206, 29.2985829]]]}}, {"id": "414", "type": "Feature", "properties": {"id": "5cc49b67-d2d4-4b0c-bfce-19ab4908371b", "name": null, "subtype": null, "class": null, "height": 6.577864646911621, "num_floors": null, "surge_class": 0, "surge_ft": 0.0, "flood_active": false, "exposure_score": 0.0, "exposure_category": "none"}, "geometry": {"type": "Polygon", "coordinates": [[[-94.7883188, 29.2986899], [-94.7881976, 29.2987206], [-94.7882602, 29.2989082], [-94.7883814, 29.2988775], [-94.7883188, 29.2986899]]]}}, {"id": "415", "type": "Feature", "properties": {"id": "fbcd8162-ac88-4145-8c23-ea5134627c4e", "name": null, "subtype": null, "class": null, "height": 2.701155424118042, "num_floors": null, "surge_class": 0, "surge_ft": 0.0, "flood_active": false, "exposure_score": 0.0, "exposure_category": "none"}, "geometry": {"type": "Polygon", "coordinates": [[[-94.7881644, 29.2985292], [-94.7881751, 29.2985603], [-94.7882652, 29.2985368], [-94.7882445, 29.2984768], [-94.7881756, 29.2984948], [-94.7881855, 29.2985237], [-94.7881644, 29.2985292]]]}}, {"id": "416", "type": "Feature", "properties": {"id": "90a21205-14cd-4df2-b98a-56df14343859", "name": null, "subtype": null, "class": null, "height": 5.446739196777344, "num_floors": null, "surge_class": 0, "surge_ft": 0.0, "flood_active": false, "exposure_score": 0.0, "exposure_category": "none"}, "geometry": {"type": "Polygon", "coordinates": [[[-94.788236, 29.2984097], [-94.788319, 29.298387], [-94.7882644, 29.2982358], [-94.7881815, 29.2982586], [-94.788236, 29.2984097]]]}}, {"id": "417", "type": "Feature", "properties": {"id": "a3aef0d0-2b11-48e1-b0b1-b3483db29a43", "name": null, "subtype": null, "class": null, "height": 5.804196357727051, "num_floors": null, "surge_class": 0, "surge_ft": 0.0, "flood_active": false, "exposure_score": 0.0, "exposure_category": "none"}, "geometry": {"type": "Polygon", "coordinates": [[[-94.7884754, 29.2983354], [-94.7884282, 29.2982058], [-94.7883147, 29.2982371], [-94.7883683, 29.2983847], [-94.7884146, 29.2983719], [-94.7884082, 29.298354], [-94.7884754, 29.2983354]]]}}, {"id": "418", "type": "Feature", "properties": {"id": "dbf3ce9e-f297-48ff-bb65-c9f1bc97209e", "name": null, "subtype": null, "class": null, "height": 5.118336200714111, "num_floors": null, "surge_class": 0, "surge_ft": 0.0, "flood_active": false, "exposure_score": 0.0, "exposure_category": "none"}, "geometry": {"type": "Polygon", "coordinates": [[[-94.7881805, 29.2982805], [-94.788073, 29.298301], [-94.7881059, 29.2984327], [-94.7882134, 29.2984123], [-94.7881805, 29.2982805]]]}}, {"id": "419", "type": "Feature", "properties": {"id": "84b918ed-dce8-44ae-a646-8a96c428414b", "name": null, "subtype": null, "class": null, "height": 6.472782611846924, "num_floors": null, "surge_class": 0, "surge_ft": 0.0, "flood_active": false, "exposure_score": 0.0, "exposure_category": "none"}, "geometry": {"type": "Polygon", "coordinates": [[[-94.7880592, 29.298334], [-94.7880208, 29.2983414], [-94.7880064, 29.2982844], [-94.7879286, 29.2982994], [-94.7879572, 29.2984122], [-94.7880734, 29.2983898], [-94.7880592, 29.298334]]]}}, {"id": "420", "type": "Feature", "properties": {"id": "70e0a64a-ab49-4403-966f-554e22c73791", "name": null, "subtype": null, "class": null, "height": 3.281342029571533, "num_floors": null, "surge_class": 0, "surge_ft": 0.0, "flood_active": false, "exposure_score": 0.0, "exposure_category": "none"}, "geometry": {"type": "Polygon", "coordinates": [[[-94.787934, 29.2983964], [-94.7879022, 29.2983027], [-94.7877898, 29.2983317], [-94.7878216, 29.2984254], [-94.787934, 29.2983964]]]}}, {"id": "421", "type": "Feature", "properties": {"id": "8bb1a09c-fd72-4af1-8016-f2fea2f15bf0", "name": null, "subtype": null, "class": null, "height": 4.565099716186523, "num_floors": null, "surge_class": 0, "surge_ft": 0.0, "flood_active": false, "exposure_score": 0.0, "exposure_category": "none"}, "geometry": {"type": "Polygon", "coordinates": [[[-94.7878237, 29.2980912], [-94.7877684, 29.2979135], [-94.7876884, 29.2979324], [-94.787699, 29.2979663], [-94.78766, 29.2979756], [-94.7877001, 29.2981041], [-94.7877415, 29.2980943], [-94.7877462, 29.2981095], [-94.7878237, 29.2980912]]]}}, {"id": "422", "type": "Feature", "properties": {"id": "61de24dd-b4fa-4dbf-a72b-2339bc6a7a00", "name": null, "subtype": null, "class": null, "height": 6.562507629394531, "num_floors": null, "surge_class": 0, "surge_ft": 0.0, "flood_active": false, "exposure_score": 0.0, "exposure_category": "none"}, "geometry": {"type": "Polygon", "coordinates": [[[-94.7875549, 29.2985462], [-94.7875837, 29.2985422], [-94.7875667, 29.2984486], [-94.787449, 29.2984649], [-94.7874755, 29.2986109], [-94.7875645, 29.2985986], [-94.7875549, 29.2985462]]]}}, {"id": "423", "type": "Feature", "properties": {"id": "29890eb8-13ba-4b84-a606-8146adf01a71", "name": null, "subtype": null, "class": null, "height": 7.595339298248291, "num_floors": null, "surge_class": 0, "surge_ft": 0.0, "flood_active": false, "exposure_score": 0.0, "exposure_category": "none"}, "geometry": {"type": "Polygon", "coordinates": [[[-94.7874003, 29.2987813], [-94.7876234, 29.2987254], [-94.7875932, 29.2986337], [-94.7873702, 29.2986896], [-94.7874003, 29.2987813]]]}}, {"id": "424", "type": "Feature", "properties": {"id": "c0677181-b823-4731-8e6c-1f9f75d446d3", "name": null, "subtype": null, "class": null, "height": 6.359565258026123, "num_floors": null, "surge_class": 0, "surge_ft": 0.0, "flood_active": false, "exposure_score": 0.0, "exposure_category": "none"}, "geometry": {"type": "Polygon", "coordinates": [[[-94.7876535, 29.2987764], [-94.7875315, 29.2988059], [-94.7875546, 29.2988785], [-94.7876767, 29.2988489], [-94.7876535, 29.2987764]]]}}, {"id": "425", "type": "Feature", "properties": {"id": "6a54d2fe-0960-4eb2-b70c-e3e1fee7efda", "name": null, "subtype": null, "class": null, "height": 7.2837042808532715, "num_floors": null, "surge_class": 0, "surge_ft": 0.0, "flood_active": false, "exposure_score": 0.0, "exposure_category": "none"}, "geometry": {"type": "Polygon", "coordinates": [[[-94.7879294, 29.2984393], [-94.78784, 29.2984568], [-94.7878641, 29.2985503], [-94.7879534, 29.2985328], [-94.7879294, 29.2984393]]]}}, {"id": "426", "type": "Feature", "properties": {"id": "a40ad9b8-00ad-4cf8-b964-54521fd33445", "name": null, "subtype": null, "class": null, "height": 2.590615749359131, "num_floors": null, "surge_class": 0, "surge_ft": 0.0, "flood_active": false, "exposure_score": 0.0, "exposure_category": "none"}, "geometry": {"type": "Polygon", "coordinates": [[[-94.7881126, 29.2985325], [-94.7880362, 29.2985479], [-94.7880514, 29.2986056], [-94.7881279, 29.2985903], [-94.7881126, 29.2985325]]]}}, {"id": "427", "type": "Feature", "properties": {"id": "a54e875d-363c-414a-b62c-effe3099975e", "name": null, "subtype": null, "class": null, "height": 7.822432518005371, "num_floors": null, "surge_class": 0, "surge_ft": 0.0, "flood_active": false, "exposure_score": 0.0, "exposure_category": "none"}, "geometry": {"type": "Polygon", "coordinates": [[[-94.7879689, 29.2988694], [-94.7880081, 29.2989846], [-94.7880549, 29.2989725], [-94.7880578, 29.2989811], [-94.7881367, 29.2989608], [-94.7880845, 29.2988068], [-94.7880006, 29.2988285], [-94.7880108, 29.2988586], [-94.7879689, 29.2988694]]]}}, {"id": "428", "type": "Feature", "properties": {"id": "180d0892-dbe8-4729-934a-3618b3054121", "name": null, "subtype": null, "class": null, "height": 7.550811290740967, "num_floors": null, "surge_class": 0, "surge_ft": 0.0, "flood_active": false, "exposure_score": 0.0, "exposure_category": "none"}, "geometry": {"type": "Polygon", "coordinates": [[[-94.7875586, 29.2991018], [-94.787719, 29.2990694], [-94.7876884, 29.298954], [-94.7877164, 29.2989483], [-94.787701, 29.2988906], [-94.7875126, 29.2989287], [-94.7875586, 29.2991018]]]}}, {"id": "429", "type": "Feature", "properties": {"id": "a1691b92-1d69-4659-8d41-df0e3acc2196", "name": null, "subtype": null, "class": null, "height": 7.92011833190918, "num_floors": null, "surge_class": 0, "surge_ft": 0.0, "flood_active": false, "exposure_score": 0.0, "exposure_category": "none"}, "geometry": {"type": "Polygon", "coordinates": [[[-94.7881489, 29.2989488], [-94.7882485, 29.2989208], [-94.7881862, 29.2987522], [-94.7880866, 29.2987802], [-94.7881489, 29.2989488]]]}}, {"id": "430", "type": "Feature", "properties": {"id": "2242dca7-0f05-477a-90b4-256d272fc3c5", "name": null, "subtype": null, "class": null, "height": 4.788427352905273, "num_floors": null, "surge_class": 0, "surge_ft": 0.0, "flood_active": false, "exposure_score": 0.0, "exposure_category": "none"}, "geometry": {"type": "Polygon", "coordinates": [[[-94.7883779, 29.2997925], [-94.7891027, 29.2996037], [-94.7890645, 29.2994921], [-94.7891327, 29.2994744], [-94.7890259, 29.2991622], [-94.788959, 29.2991796], [-94.788921, 29.2990684], [-94.7882186, 29.2992512], [-94.7882579, 29.2993661], [-94.7880967, 29.2994081], [-94.7882033, 29.2997194], [-94.7880353, 29.2997632], [-94.7880893, 29.2999207], [-94.7883945, 29.2998411], [-94.7883779, 29.2997925]]]}}, {"id": "431", "type": "Feature", "properties": {"id": "a4abfff8-3e2e-4caf-befa-5134e8cc509f", "name": null, "subtype": "outbuilding", "class": "roof", "height": null, "num_floors": null, "surge_class": 0, "surge_ft": 0.0, "flood_active": false, "exposure_score": 0.0, "exposure_category": "none"}, "geometry": {"type": "Polygon", "coordinates": [[[-94.7871564, 29.3000143], [-94.7872, 29.300004], [-94.7871886, 29.2999671], [-94.787145, 29.2999774], [-94.7871564, 29.3000143]]]}}, {"id": "432", "type": "Feature", "properties": {"id": "51a33240-909c-41ad-8f4e-f6314c2ea462", "name": null, "subtype": "outbuilding", "class": "roof", "height": null, "num_floors": null, "surge_class": 0, "surge_ft": 0.0, "flood_active": false, "exposure_score": 0.0, "exposure_category": "none"}, "geometry": {"type": "Polygon", "coordinates": [[[-94.7870524, 29.2997514], [-94.7870665, 29.299789], [-94.787108, 29.2997771], [-94.787094, 29.2997396], [-94.7870524, 29.2997514]]]}}, {"id": "433", "type": "Feature", "properties": {"id": "80f864a4-5dd4-42f0-be14-30835f0f7e6d", "name": null, "subtype": null, "class": null, "height": null, "num_floors": null, "surge_class": 0, "surge_ft": 0.0, "flood_active": false, "exposure_score": 0.0, "exposure_category": "none"}, "geometry": {"type": "Polygon", "coordinates": [[[-94.7865862, 29.3000005], [-94.7866067, 29.3000592], [-94.7866824, 29.3000391], [-94.7866619, 29.2999804], [-94.7865862, 29.3000005]]]}}, {"id": "434", "type": "Feature", "properties": {"id": "8d872829-a4ac-43c2-8fc9-a30a7ff6d4bb", "name": null, "subtype": null, "class": null, "height": 6.213461875915527, "num_floors": null, "surge_class": 0, "surge_ft": 0.0, "flood_active": false, "exposure_score": 0.0, "exposure_category": "none"}, "geometry": {"type": "Polygon", "coordinates": [[[-94.786759, 29.300075], [-94.786859, 29.300048], [-94.786827, 29.299956], [-94.786726, 29.299983], [-94.786759, 29.300075]]]}}, {"id": "435", "type": "Feature", "properties": {"id": "c91388d7-a83d-4264-aa35-431afd762110", "name": null, "subtype": null, "class": null, "height": 4.972358226776123, "num_floors": null, "surge_class": 0, "surge_ft": 0.0, "flood_active": false, "exposure_score": 0.0, "exposure_category": "none"}, "geometry": {"type": "Polygon", "coordinates": [[[-94.786745, 29.299804], [-94.786645, 29.299827], [-94.786674, 29.299921], [-94.786774, 29.299898], [-94.786745, 29.299804]]]}}, {"id": "436", "type": "Feature", "properties": {"id": "eda3d4e2-e214-40b4-a963-e7382d211dee", "name": null, "subtype": null, "class": null, "height": 2.80863881111145, "num_floors": null, "surge_class": 0, "surge_ft": 0.0, "flood_active": false, "exposure_score": 0.0, "exposure_category": "none"}, "geometry": {"type": "Polygon", "coordinates": [[[-94.786545, 29.299906], [-94.786587, 29.299899], [-94.786595, 29.299943], [-94.786633, 29.299937], [-94.786614, 29.299844], [-94.786535, 29.299856], [-94.786545, 29.299906]]]}}, {"id": "437", "type": "Feature", "properties": {"id": "4be906b7-190a-4b0a-a914-c2adf50744e5", "name": null, "subtype": null, "class": null, "height": 6.066922664642334, "num_floors": null, "surge_class": 0, "surge_ft": 0.0, "flood_active": false, "exposure_score": 0.0, "exposure_category": "none"}, "geometry": {"type": "Polygon", "coordinates": [[[-94.786552, 29.299632], [-94.786474, 29.29965], [-94.786511, 29.299773], [-94.786589, 29.299755], [-94.786552, 29.299632]]]}}, {"id": "438", "type": "Feature", "properties": {"id": "568d0804-5a2b-45d5-a93c-df7dc2cfe4d8", "name": null, "subtype": null, "class": null, "height": 6.144257068634033, "num_floors": null, "surge_class": 0, "surge_ft": 0.0, "flood_active": false, "exposure_score": 0.0, "exposure_category": "none"}, "geometry": {"type": "Polygon", "coordinates": [[[-94.786298, 29.299719], [-94.78621, 29.299741], [-94.786268, 29.299914], [-94.786356, 29.299891], [-94.786298, 29.299719]]]}}, {"id": "439", "type": "Feature", "properties": {"id": "c1250af8-97c6-46a8-bc42-5cd6f728e7c4", "name": null, "subtype": null, "class": null, "height": 6.855706691741943, "num_floors": null, "surge_class": 0, "surge_ft": 0.0, "flood_active": false, "exposure_score": 0.0, "exposure_category": "none"}, "geometry": {"type": "Polygon", "coordinates": [[[-94.786188, 29.299778], [-94.786083, 29.299802], [-94.786131, 29.299961], [-94.786236, 29.299937], [-94.786188, 29.299778]]]}}, {"id": "440", "type": "Feature", "properties": {"id": "838b0035-2f69-4c3c-b3b5-158e305441a3", "name": null, "subtype": null, "class": null, "height": 6.463231563568115, "num_floors": null, "surge_class": 0, "surge_ft": 0.0, "flood_active": false, "exposure_score": 0.0, "exposure_category": "none"}, "geometry": {"type": "Polygon", "coordinates": [[[-94.786338, 29.29929], [-94.786376, 29.299407], [-94.786484, 29.29938], [-94.786422, 29.299188], [-94.786352, 29.299206], [-94.786377, 29.29928], [-94.786338, 29.29929]]]}}, {"id": "441", "type": "Feature", "properties": {"id": "d4905a3e-e3a1-4f60-b37c-177641218d41", "name": null, "subtype": null, "class": null, "height": 6.046453475952148, "num_floors": null, "surge_class": 0, "surge_ft": 0.0, "flood_active": false, "exposure_score": 0.0, "exposure_category": "none"}, "geometry": {"type": "Polygon", "coordinates": [[[-94.786368, 29.299425], [-94.786305, 29.299252], [-94.786226, 29.299273], [-94.786288, 29.299447], [-94.786368, 29.299425]]]}}, {"id": "442", "type": "Feature", "properties": {"id": "c23ef4db-6afc-4162-a559-7c6e0f3f8b9f", "name": null, "subtype": null, "class": null, "height": 6.353304386138916, "num_floors": null, "surge_class": 0, "surge_ft": 0.0, "flood_active": false, "exposure_score": 0.0, "exposure_category": "none"}, "geometry": {"type": "Polygon", "coordinates": [[[-94.786211, 29.29928], [-94.786125, 29.299303], [-94.786184, 29.299473], [-94.78627, 29.29945], [-94.786211, 29.29928]]]}}, {"id": "443", "type": "Feature", "properties": {"id": "cd10c98a-1d7e-44b2-bac7-c2e14d1619ac", "name": null, "subtype": null, "class": null, "height": 5.6532206535339355, "num_floors": null, "surge_class": 0, "surge_ft": 0.0, "flood_active": false, "exposure_score": 0.0, "exposure_category": "none"}, "geometry": {"type": "Polygon", "coordinates": [[[-94.78609, 29.2989288], [-94.7862037, 29.2988999], [-94.7861713, 29.2988029], [-94.7860576, 29.2988317], [-94.78609, 29.2989288]]]}}, {"id": "444", "type": "Feature", "properties": {"id": "c773cab3-28e9-4753-9ff9-c1648684cdaa", "name": null, "subtype": null, "class": null, "height": 5.485743045806885, "num_floors": null, "surge_class": 0, "surge_ft": 0.0, "flood_active": false, "exposure_score": 0.0, "exposure_category": "none"}, "geometry": {"type": "Polygon", "coordinates": [[[-94.7862558, 29.2989346], [-94.7863345, 29.2989139], [-94.7862801, 29.2987562], [-94.7862014, 29.2987768], [-94.7862558, 29.2989346]]]}}, {"id": "445", "type": "Feature", "properties": {"id": "91ec66c7-1556-4f82-b049-5cf99ec379bb", "name": null, "subtype": null, "class": null, "height": 4.297402858734131, "num_floors": null, "surge_class": 1, "surge_ft": 0.5, "flood_active": false, "exposure_score": 0.015, "exposure_category": "low"}, "geometry": {"type": "Polygon", "coordinates": [[[-94.7863967, 29.2987463], [-94.7863112, 29.2987605], [-94.7863486, 29.298932], [-94.7864651, 29.2989127], [-94.7864486, 29.298837], [-94.7864175, 29.2988421], [-94.7863967, 29.2987463]]]}}, {"id": "446", "type": "Feature", "properties": {"id": "5188fe2b-5b08-414d-87e3-3df7b4e31491", "name": null, "subtype": null, "class": null, "height": 2.631934881210327, "num_floors": null, "surge_class": 0, "surge_ft": 0.0, "flood_active": false, "exposure_score": 0.0, "exposure_category": "none"}, "geometry": {"type": "Polygon", "coordinates": [[[-94.7863, 29.2990594], [-94.7865123, 29.2990313], [-94.7865026, 29.2989754], [-94.7862902, 29.2990035], [-94.7863, 29.2990594]]]}}, {"id": "447", "type": "Feature", "properties": {"id": "624a4c65-981f-4632-898d-2f186cfbe0d2", "name": null, "subtype": null, "class": null, "height": 5.071102619171143, "num_floors": null, "surge_class": 0, "surge_ft": 0.0, "flood_active": false, "exposure_score": 0.0, "exposure_category": "none"}, "geometry": {"type": "Polygon", "coordinates": [[[-94.786398, 29.299096], [-94.786421, 29.299166], [-94.786493, 29.299149], [-94.786505, 29.299186], [-94.786562, 29.299172], [-94.786528, 29.299064], [-94.786398, 29.299096]]]}}, {"id": "448", "type": "Feature", "properties": {"id": "cd91c893-eb4d-4b66-a1ed-c01958ee61fd", "name": "Sonny's Place", "subtype": "commercial", "class": null, "height": 6.210850238800049, "num_floors": null, "surge_class": 0, "surge_ft": 0.0, "flood_active": false, "exposure_score": 0.0, "exposure_category": "none"}, "geometry": {"type": "Polygon", "coordinates": [[[-94.7864426, 29.2992226], [-94.7865132, 29.2994215], [-94.7866338, 29.2993889], [-94.7865631, 29.29919], [-94.7864426, 29.2992226]]]}}, {"id": "449", "type": "Feature", "properties": {"id": "3d04066f-25bd-476d-bcda-6d73aa7e6474", "name": null, "subtype": null, "class": null, "height": 6.138578414916992, "num_floors": null, "surge_class": 0, "surge_ft": 0.0, "flood_active": false, "exposure_score": 0.0, "exposure_category": "none"}, "geometry": {"type": "Polygon", "coordinates": [[[-94.786728, 29.299656], [-94.786708, 29.299567], [-94.786584, 29.299588], [-94.786615, 29.299725], [-94.786674, 29.299715], [-94.786663, 29.299667], [-94.786728, 29.299656]]]}}, {"id": "450", "type": "Feature", "properties": {"id": "feec66e1-240b-48c0-9d1e-77accdce18ce", "name": null, "subtype": "outbuilding", "class": "roof", "height": null, "num_floors": null, "surge_class": 0, "surge_ft": 0.0, "flood_active": false, "exposure_score": 0.0, "exposure_category": "none"}, "geometry": {"type": "Polygon", "coordinates": [[[-94.7870546, 29.2996319], [-94.7870671, 29.2996695], [-94.7871075, 29.2996593], [-94.7870949, 29.2996217], [-94.7870546, 29.2996319]]]}}, {"id": "451", "type": "Feature", "properties": {"id": "1a7c8b66-db04-44c8-b8b8-6ff94debe5d9", "name": null, "subtype": null, "class": null, "height": 5.184372901916504, "num_floors": null, "surge_class": 0, "surge_ft": 0.0, "flood_active": false, "exposure_score": 0.0, "exposure_category": "none"}, "geometry": {"type": "Polygon", "coordinates": [[[-94.787236, 29.299033], [-94.787169, 29.299046], [-94.787209, 29.299203], [-94.787275, 29.299191], [-94.787236, 29.299033]]]}}, {"id": "452", "type": "Feature", "properties": {"id": "ef607aaa-0257-450f-9731-5949ac3ef4c1", "name": null, "subtype": null, "class": null, "height": 5.680859088897705, "num_floors": null, "surge_class": 0, "surge_ft": 0.0, "flood_active": false, "exposure_score": 0.0, "exposure_category": "none"}, "geometry": {"type": "Polygon", "coordinates": [[[-94.7873816, 29.2991591], [-94.7873285, 29.2990176], [-94.7872558, 29.2990383], [-94.7873089, 29.2991799], [-94.7873816, 29.2991591]]]}}, {"id": "453", "type": "Feature", "properties": {"id": "a187d69a-cc64-4492-9b4c-1d134f7c75e5", "name": null, "subtype": null, "class": null, "height": 5.988503456115723, "num_floors": null, "surge_class": 0, "surge_ft": 0.0, "flood_active": false, "exposure_score": 0.0, "exposure_category": "none"}, "geometry": {"type": "Polygon", "coordinates": [[[-94.787448, 29.2989229], [-94.7873489, 29.2989434], [-94.7873988, 29.2991272], [-94.7874979, 29.2991068], [-94.787448, 29.2989229]]]}}, {"id": "454", "type": "Feature", "properties": {"id": "a18665b4-68b4-4ec1-814f-12e7909fc5fa", "name": null, "subtype": null, "class": null, "height": 4.8753509521484375, "num_floors": null, "surge_class": 0, "surge_ft": 0.0, "flood_active": false, "exposure_score": 0.0, "exposure_category": "none"}, "geometry": {"type": "Polygon", "coordinates": [[[-94.7870301, 29.2988799], [-94.7871298, 29.2988631], [-94.7871126, 29.2987855], [-94.7870129, 29.2988022], [-94.7870301, 29.2988799]]]}}, {"id": "455", "type": "Feature", "properties": {"id": "41b8ec82-f3e7-443d-979a-e3a272fa2087", "name": null, "subtype": null, "class": null, "height": 5.98581075668335, "num_floors": null, "surge_class": 0, "surge_ft": 0.0, "flood_active": false, "exposure_score": 0.0, "exposure_category": "none"}, "geometry": {"type": "Polygon", "coordinates": [[[-94.787085, 29.299214], [-94.787172, 29.2992], [-94.78714, 29.299045], [-94.787053, 29.299059], [-94.787085, 29.299214]]]}}, {"id": "456", "type": "Feature", "properties": {"id": "2a0e21d3-65f8-4ab4-a629-ce80f87dd472", "name": null, "subtype": null, "class": null, "height": 5.928393363952637, "num_floors": null, "surge_class": 0, "surge_ft": 0.0, "flood_active": false, "exposure_score": 0.0, "exposure_category": "none"}, "geometry": {"type": "Polygon", "coordinates": [[[-94.78708, 29.299222], [-94.787033, 29.299074], [-94.786946, 29.299094], [-94.786992, 29.299242], [-94.78708, 29.299222]]]}}, {"id": "457", "type": "Feature", "properties": {"id": "058d1bb7-3d67-439d-8ac0-e6816e755cf1", "name": null, "subtype": null, "class": null, "height": 5.183061122894287, "num_floors": null, "surge_class": 0, "surge_ft": 0.0, "flood_active": false, "exposure_score": 0.0, "exposure_category": "none"}, "geometry": {"type": "Polygon", "coordinates": [[[-94.786933, 29.299071], [-94.786889, 29.299078], [-94.786902, 29.299136], [-94.786865, 29.299142], [-94.786892, 29.299269], [-94.786973, 29.299256], [-94.786933, 29.299071]]]}}, {"id": "458", "type": "Feature", "properties": {"id": "601ccce2-34d5-4526-a744-fecd3a13fdfc", "name": null, "subtype": null, "class": null, "height": 4.869455337524414, "num_floors": null, "surge_class": 0, "surge_ft": 0.0, "flood_active": false, "exposure_score": 0.0, "exposure_category": "none"}, "geometry": {"type": "Polygon", "coordinates": [[[-94.7867672, 29.2990023], [-94.7867874, 29.2990629], [-94.7869119, 29.2990314], [-94.7868917, 29.2989708], [-94.7867672, 29.2990023]]]}}, {"id": "459", "type": "Feature", "properties": {"id": "43f1e0eb-7528-46d9-a665-83886c500172", "name": null, "subtype": null, "class": null, "height": 5.095026016235352, "num_floors": null, "surge_class": 0, "surge_ft": 0.0, "flood_active": false, "exposure_score": 0.0, "exposure_category": "none"}, "geometry": {"type": "Polygon", "coordinates": [[[-94.7869701, 29.2989107], [-94.7869547, 29.2988384], [-94.7868692, 29.2988522], [-94.7868846, 29.2989246], [-94.7869701, 29.2989107]]]}}, {"id": "460", "type": "Feature", "properties": {"id": "b29e60d6-49d5-426d-96d1-2fc5fa6d66d1", "name": null, "subtype": null, "class": null, "height": 5.365786075592041, "num_floors": null, "surge_class": 0, "surge_ft": 0.0, "flood_active": false, "exposure_score": 0.0, "exposure_category": "none"}, "geometry": {"type": "Polygon", "coordinates": [[[-94.7867257, 29.2989047], [-94.786745, 29.2989622], [-94.7868738, 29.2989293], [-94.7868545, 29.2988718], [-94.7867257, 29.2989047]]]}}, {"id": "461", "type": "Feature", "properties": {"id": "b525ef2a-8835-4ff5-b2a6-454a3c7464ef", "name": null, "subtype": null, "class": null, "height": 7.7093939781188965, "num_floors": null, "surge_class": 0, "surge_ft": 0.0, "flood_active": false, "exposure_score": 0.0, "exposure_category": "none"}, "geometry": {"type": "Polygon", "coordinates": [[[-94.7869589, 29.2987695], [-94.7869052, 29.2986153], [-94.78678, 29.2986485], [-94.7868255, 29.2987791], [-94.786877, 29.2987655], [-94.7868852, 29.298789], [-94.7869589, 29.2987695]]]}}, {"id": "462", "type": "Feature", "properties": {"id": "524ca376-1c2c-4716-bbfb-82b2eb642489", "name": null, "subtype": null, "class": null, "height": 6.371692657470703, "num_floors": null, "surge_class": 0, "surge_ft": 0.0, "flood_active": false, "exposure_score": 0.0, "exposure_category": "none"}, "geometry": {"type": "Polygon", "coordinates": [[[-94.7870486, 29.2987247], [-94.787143, 29.2987002], [-94.7871003, 29.2985929], [-94.7870895, 29.2985868], [-94.7870741, 29.2985907], [-94.787069, 29.2985784], [-94.7869887, 29.2986018], [-94.7870257, 29.2987103], [-94.7870416, 29.2987036], [-94.7870486, 29.2987247]]]}}, {"id": "463", "type": "Feature", "properties": {"id": "9a7af274-b2a2-46fe-86f2-2c4de4c11cba", "name": null, "subtype": null, "class": null, "height": 4.00711727142334, "num_floors": null, "surge_class": 0, "surge_ft": 0.0, "flood_active": false, "exposure_score": 0.0, "exposure_category": "none"}, "geometry": {"type": "Polygon", "coordinates": [[[-94.7871562, 29.2987121], [-94.7871018, 29.298721], [-94.7871189, 29.2988001], [-94.7871733, 29.2987912], [-94.7871562, 29.2987121]]]}}, {"id": "464", "type": "Feature", "properties": {"id": "8567fde3-006d-4a34-8715-2042e7de0281", "name": null, "subtype": null, "class": null, "height": 5.594738483428955, "num_floors": null, "surge_class": 0, "surge_ft": 0.0, "flood_active": false, "exposure_score": 0.0, "exposure_category": "none"}, "geometry": {"type": "Polygon", "coordinates": [[[-94.7872618, 29.2987225], [-94.7873398, 29.2987049], [-94.7872865, 29.2985252], [-94.7871396, 29.2985583], [-94.7871779, 29.2986876], [-94.7872469, 29.2986721], [-94.7872618, 29.2987225]]]}}, {"id": "465", "type": "Feature", "properties": {"id": "3ee3ac47-b736-4577-8de8-f1c9e176d536", "name": null, "subtype": null, "class": null, "height": 6.870841026306152, "num_floors": null, "surge_class": 0, "surge_ft": 0.0, "flood_active": false, "exposure_score": 0.0, "exposure_category": "none"}, "geometry": {"type": "Polygon", "coordinates": [[[-94.7874317, 29.2986398], [-94.7874154, 29.2985876], [-94.7874528, 29.2985787], [-94.7874228, 29.2984829], [-94.7873066, 29.2985106], [-94.787353, 29.2986586], [-94.7874317, 29.2986398]]]}}, {"id": "466", "type": "Feature", "properties": {"id": "79a9f084-c342-454e-acc3-3bbeed071f4f", "name": null, "subtype": null, "class": null, "height": 7.151438236236572, "num_floors": null, "surge_class": 0, "surge_ft": 0.0, "flood_active": false, "exposure_score": 0.0, "exposure_category": "none"}, "geometry": {"type": "Polygon", "coordinates": [[[-94.7874253, 29.2980607], [-94.787292, 29.2980795], [-94.7873046, 29.2981479], [-94.7873099, 29.2981472], [-94.7873211, 29.2982074], [-94.7874491, 29.2981894], [-94.7874253, 29.2980607]]]}}, {"id": "467", "type": "Feature", "properties": {"id": "02133aa2-01c4-4d65-9981-ab87d1c345e1", "name": null, "subtype": null, "class": null, "height": 5.946805000305176, "num_floors": null, "surge_class": 0, "surge_ft": 0.0, "flood_active": false, "exposure_score": 0.0, "exposure_category": "none"}, "geometry": {"type": "Polygon", "coordinates": [[[-94.7872749, 29.2981353], [-94.787242, 29.2980334], [-94.7871501, 29.2980559], [-94.7871661, 29.2981058], [-94.7871189, 29.2981174], [-94.787158, 29.2982388], [-94.78725, 29.2982162], [-94.7872276, 29.2981469], [-94.7872749, 29.2981353]]]}}, {"id": "468", "type": "Feature", "properties": {"id": "b88ec2d9-3061-40a2-924b-1942b91bebd8", "name": null, "subtype": null, "class": null, "height": 5.409949779510498, "num_floors": null, "surge_class": 0, "surge_ft": 0.0, "flood_active": false, "exposure_score": 0.0, "exposure_category": "none"}, "geometry": {"type": "Polygon", "coordinates": [[[-94.7869601, 29.2980777], [-94.7868992, 29.2980904], [-94.7869537, 29.2982896], [-94.7870882, 29.2982617], [-94.7870446, 29.2981023], [-94.786971, 29.2981176], [-94.7869601, 29.2980777]]]}}, {"id": "469", "type": "Feature", "properties": {"id": "97bd1e21-8d9f-4a3a-89f6-ecda2aaaad71", "name": null, "subtype": null, "class": null, "height": 3.9131522178649902, "num_floors": null, "surge_class": 0, "surge_ft": 0.0, "flood_active": false, "exposure_score": 0.0, "exposure_category": "none"}, "geometry": {"type": "Polygon", "coordinates": [[[-94.7868996, 29.2981944], [-94.7868065, 29.2982194], [-94.7868449, 29.2983284], [-94.786938, 29.2983034], [-94.7868996, 29.2981944]]]}}, {"id": "470", "type": "Feature", "properties": {"id": "96b585f5-efa5-4a27-a44d-75d147a7e547", "name": null, "subtype": null, "class": null, "height": 2.576573133468628, "num_floors": null, "surge_class": 0, "surge_ft": 0.0, "flood_active": false, "exposure_score": 0.0, "exposure_category": "none"}, "geometry": {"type": "Polygon", "coordinates": [[[-94.7867609, 29.2980699], [-94.7867846, 29.2981341], [-94.7868712, 29.2981098], [-94.7868475, 29.2980455], [-94.7867609, 29.2980699]]]}}, {"id": "471", "type": "Feature", "properties": {"id": "90b303a7-2d50-4076-97dd-c4d4e87638f5", "name": null, "subtype": null, "class": null, "height": 5.039769649505615, "num_floors": null, "surge_class": 0, "surge_ft": 0.0, "flood_active": false, "exposure_score": 0.0, "exposure_category": "none"}, "geometry": {"type": "Polygon", "coordinates": [[[-94.7864678, 29.2980887], [-94.7866089, 29.2980625], [-94.7865772, 29.2979327], [-94.7865053, 29.2979461], [-94.7865154, 29.2979873], [-94.7864461, 29.2980002], [-94.7864678, 29.2980887]]]}}, {"id": "472", "type": "Feature", "properties": {"id": "b703c6a9-cbd4-44dd-97f9-db93e0fecb0e", "name": null, "subtype": null, "class": null, "height": 4.621511459350586, "num_floors": null, "surge_class": 0, "surge_ft": 0.0, "flood_active": false, "exposure_score": 0.0, "exposure_category": "none"}, "geometry": {"type": "Polygon", "coordinates": [[[-94.786533, 29.2983161], [-94.7866907, 29.2982895], [-94.7866755, 29.2982208], [-94.7865178, 29.2982474], [-94.786533, 29.2983161]]]}}, {"id": "473", "type": "Feature", "properties": {"id": "f23236b1-1f68-4fd4-b4cb-a7624d7c056e", "name": null, "subtype": null, "class": null, "height": 4.250059127807617, "num_floors": null, "surge_class": 1, "surge_ft": 0.5, "flood_active": false, "exposure_score": 0.015, "exposure_category": "low"}, "geometry": {"type": "Polygon", "coordinates": [[[-94.7866931, 29.2984237], [-94.7866784, 29.2983707], [-94.7866241, 29.2983821], [-94.7866067, 29.2983192], [-94.7865459, 29.298332], [-94.786578, 29.298448], [-94.7866931, 29.2984237]]]}}, {"id": "474", "type": "Feature", "properties": {"id": "6ac84677-5ae8-42da-8dbc-dfd38087aed1", "name": null, "subtype": null, "class": null, "height": null, "num_floors": null, "surge_class": 0, "surge_ft": 0.0, "flood_active": false, "exposure_score": 0.0, "exposure_category": "none"}, "geometry": {"type": "Polygon", "coordinates": [[[-94.7866673, 29.2983681], [-94.7866513, 29.2983008], [-94.7866113, 29.298308], [-94.7866272, 29.2983753], [-94.7866673, 29.2983681]]]}}, {"id": "475", "type": "Feature", "properties": {"id": "5bbbeeff-801d-4cae-9e25-c8ffb41adbbc", "name": null, "subtype": null, "class": null, "height": 3.1525485515594482, "num_floors": null, "surge_class": 0, "surge_ft": 0.0, "flood_active": false, "exposure_score": 0.0, "exposure_category": "none"}, "geometry": {"type": "Polygon", "coordinates": [[[-94.7866765, 29.2983627], [-94.7867181, 29.2983514], [-94.7866938, 29.2982832], [-94.7866522, 29.2982944], [-94.7866765, 29.2983627]]]}}, {"id": "476", "type": "Feature", "properties": {"id": "b0bf15e0-9f72-4ce2-926d-de106d7acd19", "name": null, "subtype": null, "class": null, "height": 5.137328624725342, "num_floors": null, "surge_class": 0, "surge_ft": 0.0, "flood_active": false, "exposure_score": 0.0, "exposure_category": "none"}, "geometry": {"type": "Polygon", "coordinates": [[[-94.7867348, 29.2982611], [-94.786701, 29.2982694], [-94.7867332, 29.298369], [-94.7868152, 29.2983489], [-94.7867585, 29.2981734], [-94.7867102, 29.2981852], [-94.7867348, 29.2982611]]]}}, {"id": "477", "type": "Feature", "properties": {"id": "9298433d-31b0-465c-93f4-7b69462180e4", "name": null, "subtype": null, "class": null, "height": 6.663381576538086, "num_floors": null, "surge_class": 0, "surge_ft": 0.0, "flood_active": false, "exposure_score": 0.0, "exposure_category": "none"}, "geometry": {"type": "Polygon", "coordinates": [[[-94.7867638, 29.2986467], [-94.786664, 29.298668], [-94.7866962, 29.2987827], [-94.7867342, 29.2987746], [-94.7867487, 29.2988266], [-94.7867184, 29.2988331], [-94.7867341, 29.2988893], [-94.7867833, 29.2988788], [-94.7867722, 29.298839], [-94.7868152, 29.2988299], [-94.7867638, 29.2986467]]]}}, {"id": "478", "type": "Feature", "properties": {"id": "85eeb339-946f-467c-817e-3a26f2473e36", "name": null, "subtype": null, "class": null, "height": 5.0465006828308105, "num_floors": null, "surge_class": 0, "surge_ft": 0.0, "flood_active": false, "exposure_score": 0.0, "exposure_category": "none"}, "geometry": {"type": "Polygon", "coordinates": [[[-94.7862452, 29.2985469], [-94.7863428, 29.2985223], [-94.7863071, 29.2984144], [-94.7861858, 29.2984449], [-94.7862022, 29.2984946], [-94.7862259, 29.2984886], [-94.7862452, 29.2985469]]]}}, {"id": "479", "type": "Feature", "properties": {"id": "5a16cd51-1e23-49e0-83e3-20370ccd457a", "name": null, "subtype": null, "class": null, "height": 4.542364120483398, "num_floors": null, "surge_class": 0, "surge_ft": 0.0, "flood_active": false, "exposure_score": 0.0, "exposure_category": "none"}, "geometry": {"type": "Polygon", "coordinates": [[[-94.7862541, 29.2982844], [-94.7862361, 29.2982008], [-94.7861377, 29.2982169], [-94.7861557, 29.2983005], [-94.7862541, 29.2982844]]]}}, {"id": "480", "type": "Feature", "properties": {"id": "cacaa2d1-d40f-45b9-a28e-0182400c5022", "name": null, "subtype": null, "class": null, "height": 4.982478618621826, "num_floors": null, "surge_class": 0, "surge_ft": 0.0, "flood_active": false, "exposure_score": 0.0, "exposure_category": "none"}, "geometry": {"type": "Polygon", "coordinates": [[[-94.7861614, 29.2983961], [-94.7862854, 29.2983629], [-94.7862613, 29.2982945], [-94.7861374, 29.2983277], [-94.7861614, 29.2983961]]]}}, {"id": "481", "type": "Feature", "properties": {"id": "05b8e785-2b73-49f1-a616-8a12d29b3d3c", "name": null, "subtype": null, "class": null, "height": 6.033082008361816, "num_floors": null, "surge_class": 0, "surge_ft": 0.0, "flood_active": false, "exposure_score": 0.0, "exposure_category": "none"}, "geometry": {"type": "Polygon", "coordinates": [[[-94.7858776, 29.297956], [-94.7859406, 29.298149], [-94.7860479, 29.2981221], [-94.7859808, 29.2979314], [-94.7858776, 29.297956]]]}}, {"id": "482", "type": "Feature", "properties": {"id": "0f89a602-fe6f-4f4e-92d3-629f9f2a4f59", "name": null, "subtype": null, "class": null, "height": 4.84252405166626, "num_floors": null, "surge_class": 0, "surge_ft": 0.0, "flood_active": false, "exposure_score": 0.0, "exposure_category": "none"}, "geometry": {"type": "Polygon", "coordinates": [[[-94.7859968, 29.2983393], [-94.7859797, 29.2982664], [-94.7858911, 29.2982823], [-94.7859082, 29.2983552], [-94.7859968, 29.2983393]]]}}, {"id": "483", "type": "Feature", "properties": {"id": "c2b8d82b-5077-4442-b987-fc9b602d2602", "name": null, "subtype": null, "class": null, "height": 2.90281081199646, "num_floors": null, "surge_class": 0, "surge_ft": 0.0, "flood_active": false, "exposure_score": 0.0, "exposure_category": "none"}, "geometry": {"type": "Polygon", "coordinates": [[[-94.7859343, 29.2982252], [-94.7859246, 29.2981728], [-94.7858122, 29.2981886], [-94.7858219, 29.298241], [-94.7859343, 29.2982252]]]}}, {"id": "484", "type": "Feature", "properties": {"id": "2abffc35-ab8a-42d9-9f69-2106da85fdc0", "name": null, "subtype": null, "class": null, "height": 4.813307762145996, "num_floors": null, "surge_class": 0, "surge_ft": 0.0, "flood_active": false, "exposure_score": 0.0, "exposure_category": "none"}, "geometry": {"type": "Polygon", "coordinates": [[[-94.7858063, 29.2981657], [-94.7859234, 29.2981375], [-94.7858706, 29.2979701], [-94.7857534, 29.2979982], [-94.7858063, 29.2981657]]]}}, {"id": "485", "type": "Feature", "properties": {"id": "cfc5f2f4-f22d-440e-9258-af62d04518d6", "name": null, "subtype": null, "class": null, "height": 5.573429584503174, "num_floors": null, "surge_class": 0, "surge_ft": 0.0, "flood_active": false, "exposure_score": 0.0, "exposure_category": "none"}, "geometry": {"type": "Polygon", "coordinates": [[[-94.7857777, 29.2981398], [-94.7857439, 29.2979876], [-94.7856198, 29.2980085], [-94.785644, 29.2981179], [-94.7857035, 29.2981079], [-94.785713, 29.2981507], [-94.7857777, 29.2981398]]]}}, {"id": "486", "type": "Feature", "properties": {"id": "27b57e7c-0e91-4dc2-847d-d08ecbefc928", "name": null, "subtype": null, "class": null, "height": 5.870739936828613, "num_floors": null, "surge_class": 0, "surge_ft": 0.0, "flood_active": false, "exposure_score": 0.0, "exposure_category": "none"}, "geometry": {"type": "Polygon", "coordinates": [[[-94.785486, 29.2980439], [-94.7855112, 29.2981344], [-94.7855644, 29.2981232], [-94.7855809, 29.2981829], [-94.7856519, 29.2981679], [-94.7856101, 29.2980176], [-94.785486, 29.2980439]]]}}, {"id": "487", "type": "Feature", "properties": {"id": "508e95d0-a860-4fa5-bf0e-19e26f0dc192", "name": null, "subtype": null, "class": null, "height": 5.341751575469971, "num_floors": null, "surge_class": 0, "surge_ft": 0.0, "flood_active": false, "exposure_score": 0.0, "exposure_category": "none"}, "geometry": {"type": "Polygon", "coordinates": [[[-94.7856857, 29.2981821], [-94.7857165, 29.2982591], [-94.7858072, 29.2982316], [-94.7857764, 29.2981546], [-94.7856857, 29.2981821]]]}}, {"id": "488", "type": "Feature", "properties": {"id": "8035b2b4-7844-458c-abde-444ca4deed35", "name": null, "subtype": null, "class": null, "height": 6.5099639892578125, "num_floors": null, "surge_class": 0, "surge_ft": 0.0, "flood_active": false, "exposure_score": 0.0, "exposure_category": "none"}, "geometry": {"type": "Polygon", "coordinates": [[[-94.7857935, 29.2986135], [-94.7857218, 29.2983635], [-94.7856461, 29.2983801], [-94.7856732, 29.2984747], [-94.7856465, 29.2984806], [-94.7856911, 29.2986358], [-94.7857935, 29.2986135]]]}}, {"id": "489", "type": "Feature", "properties": {"id": "c5f71580-ba82-42b0-89c6-7ba6397960ca", "name": null, "subtype": null, "class": null, "height": 5.970666885375977, "num_floors": null, "surge_class": 0, "surge_ft": 0.0, "flood_active": false, "exposure_score": 0.0, "exposure_category": "none"}, "geometry": {"type": "Polygon", "coordinates": [[[-94.7855657, 29.2986693], [-94.7856762, 29.2986423], [-94.7856416, 29.2985349], [-94.7855311, 29.2985619], [-94.7855657, 29.2986693]]]}}, {"id": "490", "type": "Feature", "properties": {"id": "1829fa03-6ebb-4124-9bf1-30c81f7dca01", "name": null, "subtype": null, "class": null, "height": null, "num_floors": null, "surge_class": 0, "surge_ft": 0.0, "flood_active": false, "exposure_score": 0.0, "exposure_category": "none"}, "geometry": {"type": "Polygon", "coordinates": [[[-94.7854793, 29.2983903], [-94.7855115, 29.2984722], [-94.7856067, 29.2984437], [-94.7855745, 29.2983618], [-94.7854793, 29.2983903]]]}}, {"id": "491", "type": "Feature", "properties": {"id": "8b76d8a0-922e-4a99-a055-58708990c4aa", "name": null, "subtype": null, "class": null, "height": 3.533102512359619, "num_floors": null, "surge_class": 0, "surge_ft": 0.0, "flood_active": false, "exposure_score": 0.0, "exposure_category": "none"}, "geometry": {"type": "Polygon", "coordinates": [[[-94.785447, 29.298645], [-94.785421, 29.298651], [-94.785437, 29.2987], [-94.785534, 29.298676], [-94.785486, 29.298528], [-94.785415, 29.298545], [-94.785447, 29.298645]]]}}, {"id": "492", "type": "Feature", "properties": {"id": "3e697dbb-db87-415d-a97c-221c5c74b8d6", "name": null, "subtype": null, "class": null, "height": 3.861720561981201, "num_floors": null, "surge_class": 0, "surge_ft": 0.0, "flood_active": false, "exposure_score": 0.0, "exposure_category": "none"}, "geometry": {"type": "Polygon", "coordinates": [[[-94.7857829, 29.2985257], [-94.785817, 29.2986206], [-94.7859308, 29.2985895], [-94.7858967, 29.2984946], [-94.7857829, 29.2985257]]]}}, {"id": "493", "type": "Feature", "properties": {"id": "8668f849-44f5-43fb-91e6-2e808afec739", "name": null, "subtype": null, "class": null, "height": 5.838622570037842, "num_floors": null, "surge_class": 0, "surge_ft": 0.0, "flood_active": false, "exposure_score": 0.0, "exposure_category": "none"}, "geometry": {"type": "Polygon", "coordinates": [[[-94.7859261, 29.2983978], [-94.78594, 29.2984437], [-94.7859074, 29.2984512], [-94.7859421, 29.2985661], [-94.7860549, 29.2985402], [-94.7860063, 29.2983793], [-94.7859261, 29.2983978]]]}}, {"id": "494", "type": "Feature", "properties": {"id": "32924da2-7acd-46dc-bede-ac9388dd28eb", "name": null, "subtype": null, "class": null, "height": 5.455846309661865, "num_floors": null, "surge_class": 0, "surge_ft": 0.0, "flood_active": false, "exposure_score": 0.0, "exposure_category": "none"}, "geometry": {"type": "Polygon", "coordinates": [[[-94.7860731, 29.2985255], [-94.7861723, 29.2985033], [-94.7861417, 29.2983992], [-94.7860425, 29.2984213], [-94.7860731, 29.2985255]]]}}, {"id": "495", "type": "Feature", "properties": {"id": "e73238b9-c45c-422a-9298-36e97838ef87", "name": null, "subtype": null, "class": null, "height": 6.211642742156982, "num_floors": null, "surge_class": 0, "surge_ft": 0.0, "flood_active": false, "exposure_score": 0.0, "exposure_category": "none"}, "geometry": {"type": "Polygon", "coordinates": [[[-94.7860328, 29.2989854], [-94.7860864, 29.298975], [-94.7860513, 29.2988379], [-94.7859236, 29.2988628], [-94.7859513, 29.2989709], [-94.7860254, 29.2989565], [-94.7860328, 29.2989854]]]}}, {"id": "496", "type": "Feature", "properties": {"id": "3463e71a-5237-40e0-b235-e73f392a9e27", "name": null, "subtype": null, "class": null, "height": 6.794253349304199, "num_floors": null, "surge_class": 0, "surge_ft": 0.0, "flood_active": false, "exposure_score": 0.0, "exposure_category": "none"}, "geometry": {"type": "Polygon", "coordinates": [[[-94.7858355, 29.2990293], [-94.7859568, 29.2990031], [-94.7859229, 29.2988831], [-94.7858015, 29.2989092], [-94.7858355, 29.2990293]]]}}, {"id": "497", "type": "Feature", "properties": {"id": "7703ae38-43ac-4a8a-aec3-5d6595ca644b", "name": null, "subtype": null, "class": null, "height": 5.733914852142334, "num_floors": null, "surge_class": 0, "surge_ft": 0.0, "flood_active": false, "exposure_score": 0.0, "exposure_category": "none"}, "geometry": {"type": "Polygon", "coordinates": [[[-94.785932, 29.299363], [-94.785974, 29.299515], [-94.786062, 29.299497], [-94.78602, 29.299344], [-94.785932, 29.299363]]]}}, {"id": "498", "type": "Feature", "properties": {"id": "4bdd8080-4b42-41e0-b600-b2d320e0ac01", "name": null, "subtype": null, "class": null, "height": 4.599824905395508, "num_floors": null, "surge_class": 0, "surge_ft": 0.0, "flood_active": false, "exposure_score": 0.0, "exposure_category": "none"}, "geometry": {"type": "Polygon", "coordinates": [[[-94.786079, 29.299485], [-94.786166, 29.299461], [-94.78611, 29.2993], [-94.786023, 29.299323], [-94.786079, 29.299485]]]}}, {"id": "499", "type": "Feature", "properties": {"id": "2177e62d-8c4e-4f12-9b6c-c5a35a5cc178", "name": null, "subtype": null, "class": null, "height": 4.767584800720215, "num_floors": null, "surge_class": 0, "surge_ft": 0.0, "flood_active": false, "exposure_score": 0.0, "exposure_category": "none"}, "geometry": {"type": "Polygon", "coordinates": [[[-94.785721, 29.299622], [-94.785859, 29.299595], [-94.785843, 29.299534], [-94.785963, 29.299511], [-94.785931, 29.299387], [-94.785801, 29.299413], [-94.785814, 29.299462], [-94.785743, 29.299475], [-94.785752, 29.299509], [-94.785694, 29.29952], [-94.785721, 29.299622]]]}}, {"id": "500", "type": "Feature", "properties": {"id": "d221b4d5-b247-4516-870b-c94efc3eae2a", "name": null, "subtype": null, "class": null, "height": 5.87972354888916, "num_floors": null, "surge_class": 0, "surge_ft": 0.0, "flood_active": false, "exposure_score": 0.0, "exposure_category": "none"}, "geometry": {"type": "Polygon", "coordinates": [[[-94.7857531, 29.2992712], [-94.7856353, 29.2992936], [-94.7856719, 29.2994399], [-94.7857897, 29.2994175], [-94.7857531, 29.2992712]]]}}, {"id": "501", "type": "Feature", "properties": {"id": "d5710017-b27a-416b-8455-9f8f827a5daf", "name": null, "subtype": null, "class": null, "height": 4.7539496421813965, "num_floors": null, "surge_class": 0, "surge_ft": 0.0, "flood_active": false, "exposure_score": 0.0, "exposure_category": "none"}, "geometry": {"type": "Polygon", "coordinates": [[[-94.785723, 29.29917], [-94.785581, 29.299208], [-94.785598, 29.299258], [-94.785741, 29.299221], [-94.785723, 29.29917]]]}}, {"id": "502", "type": "Feature", "properties": {"id": "134fd30e-32e1-4398-89d1-abfa86141c51", "name": null, "subtype": null, "class": null, "height": 5.560842990875244, "num_floors": null, "surge_class": 0, "surge_ft": 0.0, "flood_active": false, "exposure_score": 0.0, "exposure_category": "none"}, "geometry": {"type": "Polygon", "coordinates": [[[-94.7858421, 29.2990837], [-94.785789, 29.2989024], [-94.785657, 29.2989319], [-94.7856901, 29.299045], [-94.7857329, 29.2990355], [-94.7857529, 29.2991036], [-94.7858421, 29.2990837]]]}}, {"id": "503", "type": "Feature", "properties": {"id": "81c0ee5b-870a-4a7b-8100-3cec94baefa1", "name": null, "subtype": null, "class": null, "height": 6.317439079284668, "num_floors": null, "surge_class": 0, "surge_ft": 0.0, "flood_active": false, "exposure_score": 0.0, "exposure_category": "none"}, "geometry": {"type": "Polygon", "coordinates": [[[-94.7856246, 29.2989113], [-94.7855052, 29.2989426], [-94.7855492, 29.2990703], [-94.7856009, 29.2990567], [-94.7855901, 29.2990256], [-94.7856579, 29.2990078], [-94.7856246, 29.2989113]]]}}, {"id": "504", "type": "Feature", "properties": {"id": "4f89aea5-73d9-49f3-9665-3f4281957e02", "name": null, "subtype": null, "class": null, "height": 6.026778221130371, "num_floors": null, "surge_class": 0, "surge_ft": 0.0, "flood_active": false, "exposure_score": 0.0, "exposure_category": "none"}, "geometry": {"type": "Polygon", "coordinates": [[[-94.785189, 29.299225], [-94.785325, 29.299186], [-94.785301, 29.299123], [-94.785287, 29.299127], [-94.785259, 29.299053], [-94.785138, 29.299087], [-94.785189, 29.299225]]]}}, {"id": "505", "type": "Feature", "properties": {"id": "ee2dd2cc-eb73-4562-9789-4b5f448cc6f8", "name": null, "subtype": null, "class": null, "height": 3.5458831787109375, "num_floors": null, "surge_class": 0, "surge_ft": 0.0, "flood_active": false, "exposure_score": 0.0, "exposure_category": "none"}, "geometry": {"type": "Polygon", "coordinates": [[[-94.785209, 29.299353], [-94.78537, 29.299325], [-94.785354, 29.299255], [-94.785329, 29.29926], [-94.785323, 29.299233], [-94.785254, 29.299245], [-94.785264, 29.299292], [-94.785197, 29.299304], [-94.785209, 29.299353]]]}}, {"id": "506", "type": "Feature", "properties": {"id": "70444ef9-ab24-44ec-9a1e-eae95f42ca98", "name": null, "subtype": null, "class": null, "height": 5.196926116943359, "num_floors": null, "surge_class": 0, "surge_ft": 0.0, "flood_active": false, "exposure_score": 0.0, "exposure_category": "none"}, "geometry": {"type": "Polygon", "coordinates": [[[-94.785406, 29.299441], [-94.785384, 29.299378], [-94.785274, 29.299407], [-94.785296, 29.29947], [-94.785406, 29.299441]]]}}, {"id": "507", "type": "Feature", "properties": {"id": "b82ef7fa-abea-4c72-b589-9cace6bef8a8", "name": null, "subtype": null, "class": null, "height": 5.381186008453369, "num_floors": null, "surge_class": 0, "surge_ft": 0.0, "flood_active": false, "exposure_score": 0.0, "exposure_category": "none"}, "geometry": {"type": "Polygon", "coordinates": [[[-94.785378, 29.299676], [-94.785476, 29.299647], [-94.785428, 29.299523], [-94.78533, 29.299553], [-94.785378, 29.299676]]]}}, {"id": "508", "type": "Feature", "properties": {"id": "c586bdf9-548c-4daf-9647-f199bccd5a1f", "name": null, "subtype": null, "class": null, "height": 5.654638290405273, "num_floors": null, "surge_class": 0, "surge_ft": 0.0, "flood_active": false, "exposure_score": 0.0, "exposure_category": "none"}, "geometry": {"type": "Polygon", "coordinates": [[[-94.785345, 29.299686], [-94.78528, 29.299491], [-94.785181, 29.299516], [-94.785246, 29.299711], [-94.785345, 29.299686]]]}}, {"id": "509", "type": "Feature", "properties": {"id": "eedee869-5a9b-4264-933a-4665aad4c234", "name": null, "subtype": null, "class": null, "height": 2.525738000869751, "num_floors": null, "surge_class": 0, "surge_ft": 0.0, "flood_active": false, "exposure_score": 0.0, "exposure_category": "none"}, "geometry": {"type": "Polygon", "coordinates": [[[-94.785091, 29.299739], [-94.785208, 29.299719], [-94.785172, 29.299559], [-94.785055, 29.299579], [-94.785091, 29.299739]]]}}, {"id": "510", "type": "Feature", "properties": {"id": "74f94d18-434b-41c7-959f-aba412c682a5", "name": null, "subtype": null, "class": null, "height": 3.3408429622650146, "num_floors": null, "surge_class": 0, "surge_ft": 0.0, "flood_active": false, "exposure_score": 0.0, "exposure_category": "none"}, "geometry": {"type": "Polygon", "coordinates": [[[-94.785171, 29.299284], [-94.785089, 29.299305], [-94.785117, 29.299385], [-94.785198, 29.299363], [-94.785171, 29.299284]]]}}, {"id": "511", "type": "Feature", "properties": {"id": "e8ea5742-c8de-4df3-8a28-68f4cbdf541f", "name": null, "subtype": null, "class": null, "height": null, "num_floors": null, "surge_class": 0, "surge_ft": 0.0, "flood_active": false, "exposure_score": 0.0, "exposure_category": "none"}, "geometry": {"type": "Polygon", "coordinates": [[[-94.7849612, 29.2993656], [-94.7849758, 29.2994169], [-94.7850929, 29.2993916], [-94.7850783, 29.2993403], [-94.7849612, 29.2993656]]]}}, {"id": "512", "type": "Feature", "properties": {"id": "6c4e4207-e555-4ed6-a14b-886a73004d97", "name": null, "subtype": null, "class": null, "height": 4.269948959350586, "num_floors": null, "surge_class": 0, "surge_ft": 0.0, "flood_active": false, "exposure_score": 0.0, "exposure_category": "none"}, "geometry": {"type": "Polygon", "coordinates": [[[-94.785018, 29.299552], [-94.78496, 29.299568], [-94.784992, 29.299656], [-94.784945, 29.299669], [-94.784975, 29.299751], [-94.78508, 29.299722], [-94.785018, 29.299552]]]}}, {"id": "513", "type": "Feature", "properties": {"id": "635e5da1-d7d2-4223-bf10-2f668b66d19e", "name": null, "subtype": null, "class": null, "height": 2.836221694946289, "num_floors": null, "surge_class": 0, "surge_ft": 0.0, "flood_active": false, "exposure_score": 0.0, "exposure_category": "none"}, "geometry": {"type": "Polygon", "coordinates": [[[-94.78486, 29.299447], [-94.784972, 29.299418], [-94.784934, 29.299307], [-94.784822, 29.299336], [-94.78486, 29.299447]]]}}, {"id": "514", "type": "Feature", "properties": {"id": "fd4742e0-a47d-4ec9-98d9-09afc26b8e73", "name": null, "subtype": null, "class": null, "height": 5.798579692840576, "num_floors": null, "surge_class": 0, "surge_ft": 0.0, "flood_active": false, "exposure_score": 0.0, "exposure_category": "none"}, "geometry": {"type": "Polygon", "coordinates": [[[-94.784883, 29.299161], [-94.784798, 29.299185], [-94.784836, 29.299288], [-94.784921, 29.299264], [-94.784883, 29.299161]]]}}, {"id": "515", "type": "Feature", "properties": {"id": "214ea5e2-12f5-428a-9627-e227aae9f43d", "name": null, "subtype": null, "class": null, "height": 5.969137668609619, "num_floors": null, "surge_class": 0, "surge_ft": 0.0, "flood_active": false, "exposure_score": 0.0, "exposure_category": "none"}, "geometry": {"type": "Polygon", "coordinates": [[[-94.784961, 29.299322], [-94.785068, 29.2993], [-94.785025, 29.29914], [-94.784918, 29.299162], [-94.784961, 29.299322]]]}}, {"id": "516", "type": "Feature", "properties": {"id": "01456083-e41f-490d-abd0-315dc3c0c86d", "name": null, "subtype": null, "class": null, "height": 5.405086994171143, "num_floors": null, "surge_class": 0, "surge_ft": 0.0, "flood_active": false, "exposure_score": 0.0, "exposure_category": "none"}, "geometry": {"type": "Polygon", "coordinates": [[[-94.784766, 29.298745], [-94.784796, 29.29888], [-94.78491, 29.29886], [-94.78488, 29.298726], [-94.784766, 29.298745]]]}}, {"id": "517", "type": "Feature", "properties": {"id": "8705c953-995c-4ba9-9f72-e077375d5102", "name": null, "subtype": null, "class": null, "height": 5.852483749389648, "num_floors": null, "surge_class": 0, "surge_ft": 0.0, "flood_active": false, "exposure_score": 0.0, "exposure_category": "none"}, "geometry": {"type": "Polygon", "coordinates": [[[-94.784799, 29.29852], [-94.784777, 29.298435], [-94.784699, 29.29845], [-94.784721, 29.298536], [-94.784799, 29.29852]]]}}, {"id": "518", "type": "Feature", "properties": {"id": "70eb8e19-456c-43e2-bc64-7a05e069b5fb", "name": null, "subtype": null, "class": null, "height": 5.001110553741455, "num_floors": null, "surge_class": 1, "surge_ft": 0.5, "flood_active": false, "exposure_score": 0.015, "exposure_category": "low"}, "geometry": {"type": "Polygon", "coordinates": [[[-94.784948, 29.298473], [-94.785076, 29.298446], [-94.785054, 29.298369], [-94.784926, 29.298395], [-94.784948, 29.298473]]]}}, {"id": "519", "type": "Feature", "properties": {"id": "42fdfcd5-ad44-4001-b524-606b41a95d06", "name": null, "subtype": null, "class": null, "height": 2.689141035079956, "num_floors": null, "surge_class": 0, "surge_ft": 0.0, "flood_active": false, "exposure_score": 0.0, "exposure_category": "none"}, "geometry": {"type": "Polygon", "coordinates": [[[-94.784983, 29.298516], [-94.78499, 29.298548], [-94.78503, 29.298542], [-94.785034, 29.29856], [-94.785105, 29.29855], [-94.785095, 29.2985], [-94.784983, 29.298516]]]}}, {"id": "520", "type": "Feature", "properties": {"id": "f0a04f28-8069-42f5-9fa0-398110866b4c", "name": null, "subtype": "residential", "class": "house", "height": 6.378985404968262, "num_floors": null, "surge_class": 0, "surge_ft": 0.0, "flood_active": false, "exposure_score": 0.0, "exposure_category": "none"}, "geometry": {"type": "Polygon", "coordinates": [[[-94.785028, 29.298815], [-94.7851402, 29.2987855], [-94.7851146, 29.2987117], [-94.785118, 29.2987092], [-94.7851125, 29.2986934], [-94.7851376, 29.2986868], [-94.7851033, 29.2985876], [-94.7850316, 29.2986065], [-94.7850526, 29.2986672], [-94.7849832, 29.2986855], [-94.785028, 29.298815]]]}}, {"id": "521", "type": "Feature", "properties": {"id": "b1740505-a325-4572-828b-4de0d515caa4", "name": null, "subtype": null, "class": null, "height": 6.27974271774292, "num_floors": null, "surge_class": 1, "surge_ft": 0.5, "flood_active": false, "exposure_score": 0.015, "exposure_category": "low"}, "geometry": {"type": "Polygon", "coordinates": [[[-94.785484, 29.298492], [-94.785456, 29.298398], [-94.785329, 29.298427], [-94.785357, 29.29852], [-94.785484, 29.298492]]]}}, {"id": "522", "type": "Feature", "properties": {"id": "3f038145-b6b2-419e-bc94-7d97f878b1f0", "name": null, "subtype": null, "class": null, "height": 4.714406490325928, "num_floors": null, "surge_class": 0, "surge_ft": 0.0, "flood_active": false, "exposure_score": 0.0, "exposure_category": "none"}, "geometry": {"type": "Polygon", "coordinates": [[[-94.785432, 29.298353], [-94.78541, 29.29829], [-94.785366, 29.298302], [-94.785363, 29.298292], [-94.785283, 29.298314], [-94.785309, 29.298386], [-94.785432, 29.298353]]]}}, {"id": "523", "type": "Feature", "properties": {"id": "892ff37a-679b-4f29-b431-d778d44863f8", "name": null, "subtype": null, "class": null, "height": 5.447409152984619, "num_floors": null, "surge_class": 0, "surge_ft": 0.0, "flood_active": false, "exposure_score": 0.0, "exposure_category": "none"}, "geometry": {"type": "Polygon", "coordinates": [[[-94.785344, 29.298089], [-94.785236, 29.29811], [-94.785268, 29.298238], [-94.785376, 29.298218], [-94.785344, 29.298089]]]}}, {"id": "524", "type": "Feature", "properties": {"id": "79038074-1e05-48f9-b046-0d0340dd5a28", "name": null, "subtype": "residential", "class": "house", "height": 2.7828145027160645, "num_floors": null, "surge_class": 0, "surge_ft": 0.0, "flood_active": false, "exposure_score": 0.0, "exposure_category": "none"}, "geometry": {"type": "Polygon", "coordinates": [[[-94.7849737, 29.2982684], [-94.785, 29.2982613], [-94.7849613, 29.2981521], [-94.7848717, 29.2981762], [-94.7848882, 29.298223], [-94.7849187, 29.2982148], [-94.7849396, 29.2982738], [-94.7848707, 29.2982923], [-94.7848901, 29.2983472], [-94.7849919, 29.2983198], [-94.7849737, 29.2982684]]]}}, {"id": "525", "type": "Feature", "properties": {"id": "6948cb43-ce06-473e-93d7-a379dd7c7403", "name": null, "subtype": null, "class": null, "height": 4.606144428253174, "num_floors": null, "surge_class": 0, "surge_ft": 0.0, "flood_active": false, "exposure_score": 0.0, "exposure_category": "none"}, "geometry": {"type": "Polygon", "coordinates": [[[-94.784833, 29.298278], [-94.784857, 29.298273], [-94.784837, 29.298184], [-94.784729, 29.298203], [-94.784764, 29.298358], [-94.784848, 29.298344], [-94.784833, 29.298278]]]}}, {"id": "526", "type": "Feature", "properties": {"id": "557a6f8f-f74d-4d15-b31a-92d6eee0ef58", "name": null, "subtype": "residential", "class": "house", "height": 5.493825912475586, "num_floors": null, "surge_class": 0, "surge_ft": 0.0, "flood_active": false, "exposure_score": 0.0, "exposure_category": "none"}, "geometry": {"type": "Polygon", "coordinates": [[[-94.7844044, 29.2984407], [-94.7844968, 29.2984165], [-94.7844526, 29.298288], [-94.784336, 29.2983185], [-94.7843666, 29.2984077], [-94.7843909, 29.2984014], [-94.7844044, 29.2984407]]]}}, {"id": "527", "type": "Feature", "properties": {"id": "4b0fdf98-8130-4972-9206-c64855e4b476", "name": null, "subtype": "residential", "class": "house", "height": 4.137312412261963, "num_floors": null, "surge_class": 0, "surge_ft": 0.0, "flood_active": false, "exposure_score": 0.0, "exposure_category": "none"}, "geometry": {"type": "Polygon", "coordinates": [[[-94.7845566, 29.2984092], [-94.7846251, 29.2983925], [-94.7845843, 29.2982649], [-94.7845391, 29.2982759], [-94.7845355, 29.2982649], [-94.7845103, 29.298271], [-94.7845138, 29.2982819], [-94.7844713, 29.2982923], [-94.7845015, 29.2983865], [-94.7845051, 29.2983856], [-94.7845077, 29.2983936], [-94.7845284, 29.2983885], [-94.7845303, 29.2983945], [-94.7845504, 29.2983896], [-94.7845566, 29.2984092]]]}}, {"id": "528", "type": "Feature", "properties": {"id": "37b793ae-6fee-4f80-bcbb-e169e1800032", "name": null, "subtype": null, "class": null, "height": 5.49290132522583, "num_floors": null, "surge_class": 0, "surge_ft": 0.0, "flood_active": false, "exposure_score": 0.0, "exposure_category": "none"}, "geometry": {"type": "Polygon", "coordinates": [[[-94.784721, 29.298224], [-94.784611, 29.298242], [-94.784644, 29.298395], [-94.784754, 29.298377], [-94.784721, 29.298224]]]}}, {"id": "529", "type": "Feature", "properties": {"id": "f76ab44d-5421-423b-b701-ecd78508b64c", "name": null, "subtype": null, "class": null, "height": 5.645503997802734, "num_floors": null, "surge_class": 0, "surge_ft": 0.0, "flood_active": false, "exposure_score": 0.0, "exposure_category": "none"}, "geometry": {"type": "Polygon", "coordinates": [[[-94.784665, 29.29881], [-94.784641, 29.298814], [-94.784664, 29.298911], [-94.784773, 29.29889], [-94.784736, 29.298739], [-94.784652, 29.298755], [-94.784665, 29.29881]]]}}, {"id": "530", "type": "Feature", "properties": {"id": "5e73b6b9-4266-445f-9662-dd8a0d79890c", "name": null, "subtype": null, "class": null, "height": null, "num_floors": null, "surge_class": 0, "surge_ft": 0.0, "flood_active": false, "exposure_score": 0.0, "exposure_category": "none"}, "geometry": {"type": "Polygon", "coordinates": [[[-94.784706, 29.298667], [-94.784692, 29.29861], [-94.784583, 29.298632], [-94.784598, 29.298688], [-94.784706, 29.298667]]]}}, {"id": "531", "type": "Feature", "properties": {"id": "f9f8823c-671c-4136-8d58-44bd31656669", "name": null, "subtype": null, "class": null, "height": 4.840207099914551, "num_floors": null, "surge_class": 0, "surge_ft": 0.0, "flood_active": false, "exposure_score": 0.0, "exposure_category": "none"}, "geometry": {"type": "Polygon", "coordinates": [[[-94.784268, 29.298511], [-94.784374, 29.298486], [-94.784337, 29.298364], [-94.784231, 29.298389], [-94.784268, 29.298511]]]}}, {"id": "532", "type": "Feature", "properties": {"id": "8fd1167d-e6f0-4e0f-aabc-57d28c684f70", "name": null, "subtype": null, "class": null, "height": 4.364811897277832, "num_floors": null, "surge_class": 0, "surge_ft": 0.0, "flood_active": false, "exposure_score": 0.0, "exposure_category": "none"}, "geometry": {"type": "Polygon", "coordinates": [[[-94.784311, 29.298642], [-94.784416, 29.298618], [-94.784392, 29.298537], [-94.784286, 29.298561], [-94.784311, 29.298642]]]}}, {"id": "533", "type": "Feature", "properties": {"id": "52cece7c-7425-489c-84bb-cd80c4c4360f", "name": null, "subtype": null, "class": null, "height": 4.99203634262085, "num_floors": null, "surge_class": 0, "surge_ft": 0.0, "flood_active": false, "exposure_score": 0.0, "exposure_category": "none"}, "geometry": {"type": "Polygon", "coordinates": [[[-94.784214, 29.298818], [-94.784337, 29.298794], [-94.784315, 29.298705], [-94.784192, 29.298728], [-94.784214, 29.298818]]]}}, {"id": "534", "type": "Feature", "properties": {"id": "65fbd219-4976-4515-a921-6c15ab7afaa6", "name": null, "subtype": null, "class": null, "height": 4.444810390472412, "num_floors": null, "surge_class": 0, "surge_ft": 0.0, "flood_active": false, "exposure_score": 0.0, "exposure_category": "none"}, "geometry": {"type": "Polygon", "coordinates": [[[-94.784162, 29.298681], [-94.784293, 29.298652], [-94.784269, 29.298568], [-94.784138, 29.298596], [-94.784162, 29.298681]]]}}, {"id": "535", "type": "Feature", "properties": {"id": "58e81064-98da-415d-aaf4-78942fc33a2b", "name": null, "subtype": null, "class": null, "height": 5.794897556304932, "num_floors": null, "surge_class": 0, "surge_ft": 0.0, "flood_active": false, "exposure_score": 0.0, "exposure_category": "none"}, "geometry": {"type": "Polygon", "coordinates": [[[-94.784171, 29.29846], [-94.78421, 29.298453], [-94.784189, 29.298366], [-94.784078, 29.298386], [-94.784108, 29.298511], [-94.78418, 29.298498], [-94.784171, 29.29846]]]}}, {"id": "536", "type": "Feature", "properties": {"id": "138f9619-0053-47c0-a6dc-5aa99041e07e", "name": null, "subtype": null, "class": null, "height": 5.084357738494873, "num_floors": null, "surge_class": 0, "surge_ft": 0.0, "flood_active": false, "exposure_score": 0.0, "exposure_category": "none"}, "geometry": {"type": "Polygon", "coordinates": [[[-94.784169, 29.298102], [-94.78424, 29.298083], [-94.784188, 29.29793], [-94.784116, 29.297948], [-94.784169, 29.298102]]]}}, {"id": "537", "type": "Feature", "properties": {"id": "c6d62bb3-e472-416e-be31-f01041c24b66", "name": null, "subtype": null, "class": null, "height": 4.718903541564941, "num_floors": null, "surge_class": 0, "surge_ft": 0.0, "flood_active": false, "exposure_score": 0.0, "exposure_category": "none"}, "geometry": {"type": "Polygon", "coordinates": [[[-94.784012, 29.297952], [-94.784001, 29.297912], [-94.783923, 29.297929], [-94.78396, 29.298056], [-94.7841, 29.298026], [-94.784075, 29.297938], [-94.784012, 29.297952]]]}}, {"id": "538", "type": "Feature", "properties": {"id": "3a562c61-d5b4-4f23-b255-3c48431b97f2", "name": null, "subtype": null, "class": null, "height": 5.592203617095947, "num_floors": null, "surge_class": 0, "surge_ft": 0.0, "flood_active": false, "exposure_score": 0.0, "exposure_category": "none"}, "geometry": {"type": "Polygon", "coordinates": [[[-94.784095, 29.298074], [-94.783969, 29.298095], [-94.783989, 29.298183], [-94.784114, 29.298162], [-94.784095, 29.298074]]]}}, {"id": "539", "type": "Feature", "properties": {"id": "c760f957-a900-4277-abdc-e3b165ff6cb5", "name": null, "subtype": null, "class": null, "height": 6.055519104003906, "num_floors": null, "surge_class": 0, "surge_ft": 0.0, "flood_active": false, "exposure_score": 0.0, "exposure_category": "none"}, "geometry": {"type": "Polygon", "coordinates": [[[-94.783728, 29.298241], [-94.78372, 29.298199], [-94.783741, 29.298196], [-94.783725, 29.298114], [-94.783603, 29.298131], [-94.783626, 29.298256], [-94.783728, 29.298241]]]}}, {"id": "540", "type": "Feature", "properties": {"id": "29c09602-e4d7-4598-9275-ca61b54227d6", "name": null, "subtype": null, "class": null, "height": 5.2104668617248535, "num_floors": null, "surge_class": 0, "surge_ft": 0.0, "flood_active": false, "exposure_score": 0.0, "exposure_category": "none"}, "geometry": {"type": "Polygon", "coordinates": [[[-94.783562, 29.298075], [-94.78369, 29.29805], [-94.783659, 29.297934], [-94.783532, 29.29796], [-94.783562, 29.298075]]]}}, {"id": "541", "type": "Feature", "properties": {"id": "5df1ee23-f823-4ab8-8fce-dc847725db1a", "name": null, "subtype": null, "class": null, "height": 5.967951774597168, "num_floors": null, "surge_class": 0, "surge_ft": 0.0, "flood_active": false, "exposure_score": 0.0, "exposure_category": "none"}, "geometry": {"type": "Polygon", "coordinates": [[[-94.7834813, 29.2982597], [-94.7835876, 29.2982323], [-94.7835291, 29.2980595], [-94.7834228, 29.2980869], [-94.7834813, 29.2982597]]]}}, {"id": "542", "type": "Feature", "properties": {"id": "37a09c28-4887-47f4-93bc-c7debaf03a8c", "name": null, "subtype": null, "class": null, "height": 6.110538482666016, "num_floors": null, "surge_class": 0, "surge_ft": 0.0, "flood_active": false, "exposure_score": 0.0, "exposure_category": "none"}, "geometry": {"type": "Polygon", "coordinates": [[[-94.7833292, 29.2981816], [-94.7833667, 29.2982888], [-94.7834747, 29.2982601], [-94.7834372, 29.2981529], [-94.7833292, 29.2981816]]]}}, {"id": "543", "type": "Feature", "properties": {"id": "8d88c002-4e45-4080-bedd-dc2e45516460", "name": null, "subtype": null, "class": null, "height": 4.649576663970947, "num_floors": null, "surge_class": 0, "surge_ft": 0.0, "flood_active": false, "exposure_score": 0.0, "exposure_category": "none"}, "geometry": {"type": "Polygon", "coordinates": [[[-94.783517, 29.298545], [-94.783562, 29.298698], [-94.783656, 29.298676], [-94.783611, 29.298524], [-94.783517, 29.298545]]]}}, {"id": "544", "type": "Feature", "properties": {"id": "ecee8052-7cfd-4ac0-b199-a516409698a3", "name": null, "subtype": null, "class": null, "height": 5.823665618896484, "num_floors": null, "surge_class": 0, "surge_ft": 0.0, "flood_active": false, "exposure_score": 0.0, "exposure_category": "none"}, "geometry": {"type": "Polygon", "coordinates": [[[-94.783426, 29.298676], [-94.783482, 29.298664], [-94.783511, 29.298763], [-94.783572, 29.298749], [-94.783521, 29.298574], [-94.783332, 29.298617], [-94.783366, 29.298731], [-94.783438, 29.298715], [-94.783426, 29.298676]]]}}, {"id": "545", "type": "Feature", "properties": {"id": "94f1d32c-627c-4a18-b28d-d8e706ceeabe", "name": null, "subtype": null, "class": null, "height": 4.959073543548584, "num_floors": null, "surge_class": 1, "surge_ft": 0.5, "flood_active": false, "exposure_score": 0.015, "exposure_category": "low"}, "geometry": {"type": "Polygon", "coordinates": [[[-94.7837646, 29.2986124], [-94.7838147, 29.2987564], [-94.7839126, 29.2987305], [-94.7838625, 29.2985865], [-94.7837646, 29.2986124]]]}}, {"id": "546", "type": "Feature", "properties": {"id": "b9048dd8-ed61-48a7-83b0-d5f4c1889df2", "name": null, "subtype": null, "class": null, "height": 5.664392948150635, "num_floors": null, "surge_class": 0, "surge_ft": 0.0, "flood_active": false, "exposure_score": 0.0, "exposure_category": "none"}, "geometry": {"type": "Polygon", "coordinates": [[[-94.783705, 29.298599], [-94.783853, 29.298577], [-94.783831, 29.298461], [-94.783682, 29.298483], [-94.783705, 29.298599]]]}}, {"id": "547", "type": "Feature", "properties": {"id": "366b7b25-0bda-45c6-a5d3-18fbddaf7d77", "name": null, "subtype": null, "class": null, "height": 4.542058944702148, "num_floors": null, "surge_class": 1, "surge_ft": 0.5, "flood_active": false, "exposure_score": 0.015, "exposure_category": "low"}, "geometry": {"type": "Polygon", "coordinates": [[[-94.783971, 29.29888], [-94.783951, 29.298795], [-94.783817, 29.298818], [-94.783836, 29.298903], [-94.783971, 29.29888]]]}}, {"id": "548", "type": "Feature", "properties": {"id": "caae1b75-5104-4f1d-b715-8dca67f298c8", "name": null, "subtype": null, "class": null, "height": 4.874336242675781, "num_floors": null, "surge_class": 0, "surge_ft": 0.0, "flood_active": false, "exposure_score": 0.0, "exposure_category": "none"}, "geometry": {"type": "Polygon", "coordinates": [[[-94.783872, 29.298998], [-94.783963, 29.298977], [-94.783941, 29.298907], [-94.78385, 29.298929], [-94.783872, 29.298998]]]}}, {"id": "549", "type": "Feature", "properties": {"id": "3770960d-95d8-4d55-abd9-8e36b0c0f97d", "name": null, "subtype": null, "class": null, "height": 5.52932596206665, "num_floors": null, "surge_class": 0, "surge_ft": 0.0, "flood_active": false, "exposure_score": 0.0, "exposure_category": "none"}, "geometry": {"type": "Polygon", "coordinates": [[[-94.784018, 29.299001], [-94.783897, 29.299023], [-94.783925, 29.29914], [-94.784046, 29.299118], [-94.784018, 29.299001]]]}}, {"id": "550", "type": "Feature", "properties": {"id": "b76ccaa4-2d1e-476a-99a9-e7b6f67abfdb", "name": null, "subtype": null, "class": null, "height": 5.653424263000488, "num_floors": null, "surge_class": 0, "surge_ft": 0.0, "flood_active": false, "exposure_score": 0.0, "exposure_category": "none"}, "geometry": {"type": "Polygon", "coordinates": [[[-94.78376, 29.2990419], [-94.7838012, 29.2991576], [-94.783908, 29.2991287], [-94.7838667, 29.299013], [-94.78376, 29.2990419]]]}}, {"id": "551", "type": "Feature", "properties": {"id": "21e32119-03f4-460b-ace6-ed68985e6fe5", "name": null, "subtype": null, "class": null, "height": 4.315868377685547, "num_floors": null, "surge_class": 0, "surge_ft": 0.0, "flood_active": false, "exposure_score": 0.0, "exposure_category": "none"}, "geometry": {"type": "Polygon", "coordinates": [[[-94.783513, 29.298904], [-94.783492, 29.298837], [-94.783415, 29.298856], [-94.783462, 29.299005], [-94.783584, 29.298976], [-94.783576, 29.298948], [-94.78369, 29.298921], [-94.783673, 29.298865], [-94.783513, 29.298904]]]}}, {"id": "552", "type": "Feature", "properties": {"id": "bd22a0ee-ebcc-493c-8d11-f93476baa0b8", "name": null, "subtype": null, "class": null, "height": 5.204407215118408, "num_floors": null, "surge_class": 0, "surge_ft": 0.0, "flood_active": false, "exposure_score": 0.0, "exposure_category": "none"}, "geometry": {"type": "Polygon", "coordinates": [[[-94.783414, 29.29913], [-94.783368, 29.299138], [-94.783385, 29.299217], [-94.783442, 29.299208], [-94.783446, 29.299228], [-94.783498, 29.299219], [-94.783468, 29.299082], [-94.783406, 29.299092], [-94.783414, 29.29913]]]}}, {"id": "553", "type": "Feature", "properties": {"id": "5b91500d-5891-4c1e-ba60-aba2464f786c", "name": null, "subtype": null, "class": null, "height": 5.813899040222168, "num_floors": null, "surge_class": 0, "surge_ft": 0.0, "flood_active": false, "exposure_score": 0.0, "exposure_category": "none"}, "geometry": {"type": "Polygon", "coordinates": [[[-94.7834755, 29.2990588], [-94.7835211, 29.2991867], [-94.7836332, 29.2991563], [-94.7835876, 29.2990284], [-94.7834755, 29.2990588]]]}}, {"id": "554", "type": "Feature", "properties": {"id": "506cc632-8d73-49cb-bcd8-bc8a69d8eec5", "name": null, "subtype": null, "class": null, "height": 4.132717132568359, "num_floors": null, "surge_class": 0, "surge_ft": 0.0, "flood_active": false, "exposure_score": 0.0, "exposure_category": "none"}, "geometry": {"type": "Polygon", "coordinates": [[[-94.783675, 29.299184], [-94.783754, 29.299169], [-94.783732, 29.29908], [-94.783748, 29.299076], [-94.783722, 29.298969], [-94.783627, 29.298987], [-94.783675, 29.299184]]]}}, {"id": "555", "type": "Feature", "properties": {"id": "e26a572e-3512-411f-ade9-1f3f08af9450", "name": null, "subtype": null, "class": null, "height": 5.431633949279785, "num_floors": null, "surge_class": 0, "surge_ft": 0.0, "flood_active": false, "exposure_score": 0.0, "exposure_category": "none"}, "geometry": {"type": "Polygon", "coordinates": [[[-94.783409, 29.299666], [-94.783522, 29.299635], [-94.783478, 29.299515], [-94.783366, 29.299546], [-94.783409, 29.299666]]]}}, {"id": "556", "type": "Feature", "properties": {"id": "a892b7fa-ba48-4a9e-86fc-774702f320e4", "name": null, "subtype": null, "class": null, "height": 6.054757595062256, "num_floors": null, "surge_class": 0, "surge_ft": 0.0, "flood_active": false, "exposure_score": 0.0, "exposure_category": "none"}, "geometry": {"type": "Polygon", "coordinates": [[[-94.783605, 29.299464], [-94.783491, 29.299492], [-94.783532, 29.299618], [-94.783646, 29.299589], [-94.783605, 29.299464]]]}}, {"id": "557", "type": "Feature", "properties": {"id": "698ebe8c-39a5-4469-b140-53fbda2887ea", "name": null, "subtype": null, "class": null, "height": 5.385109901428223, "num_floors": null, "surge_class": 0, "surge_ft": 0.0, "flood_active": false, "exposure_score": 0.0, "exposure_category": "none"}, "geometry": {"type": "Polygon", "coordinates": [[[-94.783738, 29.29944], [-94.783619, 29.299463], [-94.78364, 29.299545], [-94.783694, 29.299535], [-94.783702, 29.299566], [-94.783767, 29.299554], [-94.783738, 29.29944]]]}}, {"id": "558", "type": "Feature", "properties": {"id": "897e6a88-5a6e-4c5b-9b12-b3bf4644fc00", "name": null, "subtype": null, "class": null, "height": 3.8550851345062256, "num_floors": null, "surge_class": 0, "surge_ft": 0.0, "flood_active": false, "exposure_score": 0.0, "exposure_category": "none"}, "geometry": {"type": "Polygon", "coordinates": [[[-94.7837356, 29.2996564], [-94.7837565, 29.2997152], [-94.7838228, 29.2996972], [-94.7838019, 29.2996384], [-94.7837356, 29.2996564]]]}}, {"id": "559", "type": "Feature", "properties": {"id": "f6c378cf-b3f8-4d7b-b2b7-73c60441e831", "name": null, "subtype": null, "class": null, "height": 4.102067947387695, "num_floors": null, "surge_class": 0, "surge_ft": 0.0, "flood_active": false, "exposure_score": 0.0, "exposure_category": "none"}, "geometry": {"type": "Polygon", "coordinates": [[[-94.78381, 29.299533], [-94.783882, 29.29952], [-94.783855, 29.299401], [-94.783747, 29.29942], [-94.783767, 29.299507], [-94.783803, 29.299501], [-94.78381, 29.299533]]]}}, {"id": "560", "type": "Feature", "properties": {"id": "b70c20f8-8cd1-44eb-8960-2fe68abfc835", "name": null, "subtype": null, "class": null, "height": 5.323380470275879, "num_floors": null, "surge_class": 0, "surge_ft": 0.0, "flood_active": false, "exposure_score": 0.0, "exposure_category": "none"}, "geometry": {"type": "Polygon", "coordinates": [[[-94.78395, 29.299539], [-94.784038, 29.299515], [-94.783989, 29.299379], [-94.783901, 29.299403], [-94.78395, 29.299539]]]}}, {"id": "561", "type": "Feature", "properties": {"id": "eba976b8-ed31-4344-bc2c-8a81d56f1b0a", "name": null, "subtype": null, "class": null, "height": 4.833163738250732, "num_floors": null, "surge_class": 0, "surge_ft": 0.0, "flood_active": false, "exposure_score": 0.0, "exposure_category": "none"}, "geometry": {"type": "Polygon", "coordinates": [[[-94.784181, 29.299536], [-94.784073, 29.299567], [-94.784104, 29.299651], [-94.784212, 29.29962], [-94.784181, 29.299536]]]}}, {"id": "562", "type": "Feature", "properties": {"id": "ae1165a9-5e95-4abb-8be9-28290d265fb0", "name": null, "subtype": null, "class": null, "height": 5.490530014038086, "num_floors": null, "surge_class": 1, "surge_ft": 0.5, "flood_active": false, "exposure_score": 0.015, "exposure_category": "low"}, "geometry": {"type": "Polygon", "coordinates": [[[-94.784126, 29.299315], [-94.784026, 29.299342], [-94.784065, 29.299451], [-94.784114, 29.299438], [-94.784122, 29.299459], [-94.784173, 29.299445], [-94.784126, 29.299315]]]}}, {"id": "563", "type": "Feature", "properties": {"id": "0014a628-bd12-4c33-88ad-85e60dd12418", "name": null, "subtype": null, "class": null, "height": 4.266107082366943, "num_floors": null, "surge_class": 0, "surge_ft": 0.0, "flood_active": false, "exposure_score": 0.0, "exposure_category": "none"}, "geometry": {"type": "Polygon", "coordinates": [[[-94.784415, 29.299013], [-94.784372, 29.298872], [-94.78429, 29.298891], [-94.784307, 29.298946], [-94.784263, 29.298956], [-94.784289, 29.299042], [-94.784415, 29.299013]]]}}, {"id": "564", "type": "Feature", "properties": {"id": "06109e51-2478-4c4f-b92d-accd85eaef1f", "name": null, "subtype": null, "class": null, "height": 4.696384429931641, "num_floors": null, "surge_class": 0, "surge_ft": 0.0, "flood_active": false, "exposure_score": 0.0, "exposure_category": "none"}, "geometry": {"type": "Polygon", "coordinates": [[[-94.784424, 29.29901], [-94.784539, 29.298981], [-94.784476, 29.298787], [-94.78436, 29.298816], [-94.784424, 29.29901]]]}}, {"id": "565", "type": "Feature", "properties": {"id": "0e967d86-9a2b-424f-8139-13ead2d6e55a", "name": null, "subtype": null, "class": null, "height": 5.58582067489624, "num_floors": null, "surge_class": 0, "surge_ft": 0.0, "flood_active": false, "exposure_score": 0.0, "exposure_category": "none"}, "geometry": {"type": "Polygon", "coordinates": [[[-94.784614, 29.298773], [-94.784521, 29.298794], [-94.784568, 29.298944], [-94.78466, 29.298922], [-94.784614, 29.298773]]]}}, {"id": "566", "type": "Feature", "properties": {"id": "9b212bf3-8285-496b-acdf-efa2703734f0", "name": null, "subtype": null, "class": null, "height": 6.228150844573975, "num_floors": null, "surge_class": 0, "surge_ft": 0.0, "flood_active": false, "exposure_score": 0.0, "exposure_category": "none"}, "geometry": {"type": "Polygon", "coordinates": [[[-94.784698, 29.299334], [-94.784799, 29.299307], [-94.784754, 29.299183], [-94.784654, 29.299211], [-94.784698, 29.299334]]]}}, {"id": "567", "type": "Feature", "properties": {"id": "e0bfff36-b778-48ef-b738-cdd5b758ec03", "name": null, "subtype": null, "class": null, "height": 3.870554208755493, "num_floors": null, "surge_class": 0, "surge_ft": 0.0, "flood_active": false, "exposure_score": 0.0, "exposure_category": "none"}, "geometry": {"type": "Polygon", "coordinates": [[[-94.7845924, 29.2994433], [-94.7846126, 29.2995085], [-94.7847179, 29.2994837], [-94.7846977, 29.2994185], [-94.7845924, 29.2994433]]]}}, {"id": "568", "type": "Feature", "properties": {"id": "1a834fc8-2f44-40ec-b223-7f8c36c60ee7", "name": null, "subtype": null, "class": null, "height": null, "num_floors": null, "surge_class": 0, "surge_ft": 0.0, "flood_active": false, "exposure_score": 0.0, "exposure_category": "none"}, "geometry": {"type": "Polygon", "coordinates": [[[-94.784619, 29.299616], [-94.784608, 29.299572], [-94.784482, 29.299596], [-94.784493, 29.29964], [-94.784619, 29.299616]]]}}, {"id": "569", "type": "Feature", "properties": {"id": "c53b013b-9b19-4370-8094-31b4e6a40e62", "name": null, "subtype": null, "class": null, "height": null, "num_floors": null, "surge_class": 0, "surge_ft": 0.0, "flood_active": false, "exposure_score": 0.0, "exposure_category": "none"}, "geometry": {"type": "Polygon", "coordinates": [[[-94.78452, 29.29972], [-94.784645, 29.299697], [-94.784634, 29.299652], [-94.784509, 29.299675], [-94.78452, 29.29972]]]}}, {"id": "570", "type": "Feature", "properties": {"id": "01aa0c99-78e3-43cb-85fd-62e85ba1d4e1", "name": null, "subtype": null, "class": null, "height": 4.692404270172119, "num_floors": null, "surge_class": 0, "surge_ft": 0.0, "flood_active": false, "exposure_score": 0.0, "exposure_category": "none"}, "geometry": {"type": "Polygon", "coordinates": [[[-94.7846705, 29.2997442], [-94.784703, 29.299841], [-94.7847582, 29.2998269], [-94.7847257, 29.2997301], [-94.7846705, 29.2997442]]]}}, {"id": "571", "type": "Feature", "properties": {"id": "f9f1fa5e-0b84-4c09-8bfc-f76cf1cf462f", "name": null, "subtype": null, "class": null, "height": 2.8119170665740967, "num_floors": null, "surge_class": 0, "surge_ft": 0.0, "flood_active": false, "exposure_score": 0.0, "exposure_category": "none"}, "geometry": {"type": "Polygon", "coordinates": [[[-94.784588, 29.299908], [-94.784688, 29.299882], [-94.784661, 29.299801], [-94.784561, 29.299827], [-94.784588, 29.299908]]]}}, {"id": "572", "type": "Feature", "properties": {"id": "57c6f424-bcbd-41be-8600-fbcf2f5ff3f4", "name": null, "subtype": null, "class": null, "height": 2.9201278686523438, "num_floors": null, "surge_class": 0, "surge_ft": 0.0, "flood_active": false, "exposure_score": 0.0, "exposure_category": "none"}, "geometry": {"type": "Polygon", "coordinates": [[[-94.784674, 29.299781], [-94.784664, 29.299728], [-94.784538, 29.299746], [-94.784548, 29.299799], [-94.784674, 29.299781]]]}}, {"id": "573", "type": "Feature", "properties": {"id": "69502d0e-04f2-4bea-a225-9c98c10c0500", "name": null, "subtype": null, "class": null, "height": 5.145557880401611, "num_floors": null, "surge_class": 0, "surge_ft": 0.0, "flood_active": false, "exposure_score": 0.0, "exposure_category": "none"}, "geometry": {"type": "Polygon", "coordinates": [[[-94.784145, 29.299805], [-94.784037, 29.299825], [-94.784081, 29.300004], [-94.784189, 29.299984], [-94.784145, 29.299805]]]}}, {"id": "574", "type": "Feature", "properties": {"id": "8a7157ec-e351-43d0-94a8-ab53d8d25c5c", "name": null, "subtype": null, "class": null, "height": 5.200893878936768, "num_floors": null, "surge_class": 0, "surge_ft": 0.0, "flood_active": false, "exposure_score": 0.0, "exposure_category": "none"}, "geometry": {"type": "Polygon", "coordinates": [[[-94.784231, 29.300016], [-94.78435, 29.299989], [-94.784314, 29.299871], [-94.784195, 29.299898], [-94.784231, 29.300016]]]}}, {"id": "575", "type": "Feature", "properties": {"id": "b29182e1-55a7-4e86-8401-fd9f018c13ab", "name": null, "subtype": null, "class": null, "height": 4.722558498382568, "num_floors": null, "surge_class": 0, "surge_ft": 0.0, "flood_active": false, "exposure_score": 0.0, "exposure_category": "none"}, "geometry": {"type": "Polygon", "coordinates": [[[-94.784146, 29.299773], [-94.784259, 29.299749], [-94.784237, 29.299668], [-94.784123, 29.299692], [-94.784146, 29.299773]]]}}, {"id": "576", "type": "Feature", "properties": {"id": "d06fed6b-3b93-4ba5-bb80-e761a27f79f6", "name": null, "subtype": null, "class": null, "height": 4.532173156738281, "num_floors": null, "surge_class": 0, "surge_ft": 0.0, "flood_active": false, "exposure_score": 0.0, "exposure_category": "none"}, "geometry": {"type": "Polygon", "coordinates": [[[-94.784301, 29.299868], [-94.784276, 29.29979], [-94.784166, 29.299817], [-94.784191, 29.299895], [-94.784301, 29.299868]]]}}, {"id": "577", "type": "Feature", "properties": {"id": "e90370ac-5b4c-469f-b0d5-e6a5fb7757b7", "name": null, "subtype": null, "class": null, "height": null, "num_floors": null, "surge_class": 0, "surge_ft": 0.0, "flood_active": false, "exposure_score": 0.0, "exposure_category": "none"}, "geometry": {"type": "Polygon", "coordinates": [[[-94.78397, 29.299835], [-94.783945, 29.299763], [-94.783871, 29.299782], [-94.783896, 29.299854], [-94.78397, 29.299835]]]}}, {"id": "578", "type": "Feature", "properties": {"id": "0cf4332b-c0b3-4d35-a514-4dbb1ba1d78f", "name": null, "subtype": null, "class": null, "height": 4.864675045013428, "num_floors": null, "surge_class": 0, "surge_ft": 0.0, "flood_active": false, "exposure_score": 0.0, "exposure_category": "none"}, "geometry": {"type": "Polygon", "coordinates": [[[-94.783971, 29.300072], [-94.784018, 29.300063], [-94.784009, 29.300032], [-94.784061, 29.300021], [-94.784041, 29.299948], [-94.783942, 29.299969], [-94.783971, 29.300072]]]}}, {"id": "579", "type": "Feature", "properties": {"id": "ec65f60e-38af-4a0b-9a18-31e558c4b25c", "name": null, "subtype": null, "class": null, "height": 4.658092975616455, "num_floors": null, "surge_class": 0, "surge_ft": 0.0, "flood_active": false, "exposure_score": 0.0, "exposure_category": "none"}, "geometry": {"type": "Polygon", "coordinates": [[[-94.783943, 29.300065], [-94.783899, 29.299881], [-94.783812, 29.299897], [-94.783855, 29.300081], [-94.783943, 29.300065]]]}}, {"id": "580", "type": "Feature", "properties": {"id": "9f03c4c4-e07f-4ff4-94ee-596a136ffa32", "name": null, "subtype": null, "class": null, "height": 6.2076592445373535, "num_floors": null, "surge_class": 0, "surge_ft": 0.0, "flood_active": false, "exposure_score": 0.0, "exposure_category": "none"}, "geometry": {"type": "Polygon", "coordinates": [[[-94.783807, 29.300067], [-94.783781, 29.299982], [-94.783677, 29.300006], [-94.783703, 29.300091], [-94.783807, 29.300067]]]}}, {"id": "581", "type": "Feature", "properties": {"id": "54173671-c213-493e-8945-cc1e7d6c1b2f", "name": null, "subtype": null, "class": null, "height": 3.786041021347046, "num_floors": null, "surge_class": 0, "surge_ft": 0.0, "flood_active": false, "exposure_score": 0.0, "exposure_category": "none"}, "geometry": {"type": "Polygon", "coordinates": [[[-94.7834595, 29.2998098], [-94.7835077, 29.2997957], [-94.783478, 29.2997189], [-94.7834298, 29.2997331], [-94.7834595, 29.2998098]]]}}, {"id": "582", "type": "Feature", "properties": {"id": "0137163b-c890-4be9-aaa7-7f14d0e985b6", "name": null, "subtype": null, "class": null, "height": 5.654016017913818, "num_floors": null, "surge_class": 0, "surge_ft": 0.0, "flood_active": false, "exposure_score": 0.0, "exposure_category": "none"}, "geometry": {"type": "Polygon", "coordinates": [[[-94.783688, 29.300121], [-94.783644, 29.299993], [-94.783536, 29.300021], [-94.78358, 29.30015], [-94.783688, 29.300121]]]}}, {"id": "583", "type": "Feature", "properties": {"id": "fe5490d7-41b6-45a1-951b-04810ee1267c", "name": null, "subtype": null, "class": null, "height": 4.663498878479004, "num_floors": null, "surge_class": 0, "surge_ft": 0.0, "flood_active": false, "exposure_score": 0.0, "exposure_category": "none"}, "geometry": {"type": "Polygon", "coordinates": [[[-94.78478, 29.299846], [-94.784839, 29.299827], [-94.784778, 29.29968], [-94.784719, 29.299699], [-94.78478, 29.299846]]]}}, {"id": "584", "type": "Feature", "properties": {"id": "5bd18a64-0f9d-439b-985d-e447a79b02b4", "name": null, "subtype": null, "class": null, "height": 3.783003091812134, "num_floors": null, "surge_class": 0, "surge_ft": 0.0, "flood_active": false, "exposure_score": 0.0, "exposure_category": "none"}, "geometry": {"type": "Polygon", "coordinates": [[[-94.784907, 29.299619], [-94.78485, 29.299634], [-94.784906, 29.299793], [-94.784963, 29.299777], [-94.784907, 29.299619]]]}}, {"id": "585", "type": "Feature", "properties": {"id": "2164fdc4-8ffa-48ac-9a89-50c683e0ea66", "name": null, "subtype": null, "class": null, "height": 4.149713039398193, "num_floors": null, "surge_class": 0, "surge_ft": 0.0, "flood_active": false, "exposure_score": 0.0, "exposure_category": "none"}, "geometry": {"type": "Polygon", "coordinates": [[[-94.784836, 29.299634], [-94.784779, 29.299649], [-94.78484, 29.299822], [-94.784897, 29.299807], [-94.784836, 29.299634]]]}}, {"id": "586", "type": "Feature", "properties": {"id": "746f205b-205b-4f8d-9ad7-7727f37daf24", "name": null, "subtype": null, "class": null, "height": 5.599628448486328, "num_floors": null, "surge_class": 0, "surge_ft": 0.0, "flood_active": false, "exposure_score": 0.0, "exposure_category": "none"}, "geometry": {"type": "Polygon", "coordinates": [[[-94.7853785, 29.2999558], [-94.7852941, 29.2999778], [-94.7853335, 29.3000927], [-94.7853444, 29.3000899], [-94.785352, 29.300112], [-94.7854255, 29.3000928], [-94.7853785, 29.2999558]]]}}, {"id": "587", "type": "Feature", "properties": {"id": "75c7046e-29e0-4bb3-8764-61a41e0e4c53", "name": null, "subtype": null, "class": null, "height": 5.021193027496338, "num_floors": null, "surge_class": 0, "surge_ft": 0.0, "flood_active": false, "exposure_score": 0.0, "exposure_category": "none"}, "geometry": {"type": "Polygon", "coordinates": [[[-94.7856021, 29.3000568], [-94.7855476, 29.2999038], [-94.7854652, 29.2999261], [-94.7855101, 29.3000521], [-94.785514, 29.3000511], [-94.7855236, 29.3000781], [-94.7856021, 29.3000568]]]}}, {"id": "588", "type": "Feature", "properties": {"id": "dd21ea0e-be0a-416a-8da7-19e66393614f", "name": null, "subtype": null, "class": null, "height": 6.244989395141602, "num_floors": null, "surge_class": 0, "surge_ft": 0.0, "flood_active": false, "exposure_score": 0.0, "exposure_category": "none"}, "geometry": {"type": "Polygon", "coordinates": [[[-94.7854418, 29.3000896], [-94.7855111, 29.3000713], [-94.7854635, 29.2999338], [-94.7853854, 29.2999544], [-94.785424, 29.3000661], [-94.7854329, 29.3000638], [-94.7854418, 29.3000896]]]}}, {"id": "589", "type": "Feature", "properties": {"id": "37abfb35-3acb-4065-bbce-5116c8f7ca67", "name": null, "subtype": null, "class": null, "height": 4.756397724151611, "num_floors": null, "surge_class": 0, "surge_ft": 0.0, "flood_active": false, "exposure_score": 0.0, "exposure_category": "none"}, "geometry": {"type": "Polygon", "coordinates": [[[-94.785961, 29.299988], [-94.78594, 29.299918], [-94.785845, 29.29994], [-94.785866, 29.30001], [-94.785961, 29.299988]]]}}, {"id": "590", "type": "Feature", "properties": {"id": "e668ffea-3179-409a-b58a-34ed4872e2cc", "name": null, "subtype": null, "class": null, "height": 5.2925872802734375, "num_floors": null, "surge_class": 0, "surge_ft": 0.0, "flood_active": false, "exposure_score": 0.0, "exposure_category": "none"}, "geometry": {"type": "Polygon", "coordinates": [[[-94.785949, 29.299856], [-94.785919, 29.299771], [-94.785789, 29.299805], [-94.785819, 29.299891], [-94.785949, 29.299856]]]}}, {"id": "591", "type": "Feature", "properties": {"id": "a7a9be38-8993-4e34-a7f6-c75a753c06b8", "name": null, "subtype": null, "class": null, "height": 6.1151299476623535, "num_floors": null, "surge_class": 0, "surge_ft": 0.0, "flood_active": false, "exposure_score": 0.0, "exposure_category": "none"}, "geometry": {"type": "Polygon", "coordinates": [[[-94.786046, 29.299975], [-94.786112, 29.299962], [-94.786064, 29.299777], [-94.785944, 29.299801], [-94.785977, 29.299926], [-94.78603, 29.299915], [-94.786046, 29.299975]]]}}, {"id": "592", "type": "Feature", "properties": {"id": "f17f16f6-bf2b-4e43-8317-e18290a35e0e", "name": null, "subtype": null, "class": null, "height": 4.890503406524658, "num_floors": null, "surge_class": 0, "surge_ft": 0.0, "flood_active": false, "exposure_score": 0.0, "exposure_category": "none"}, "geometry": {"type": "Polygon", "coordinates": [[[-94.786022, 29.300094], [-94.785993, 29.300003], [-94.78587, 29.300033], [-94.785899, 29.300124], [-94.786022, 29.300094]]]}}, {"id": "593", "type": "Feature", "properties": {"id": "3e30e379-a7c3-4bd8-8409-f2fe13b283c4", "name": null, "subtype": null, "class": null, "height": 5.570201873779297, "num_floors": null, "surge_class": 0, "surge_ft": 0.0, "flood_active": false, "exposure_score": 0.0, "exposure_category": "none"}, "geometry": {"type": "Polygon", "coordinates": [[[-94.780845, 29.299818], [-94.78094, 29.299792], [-94.780914, 29.299719], [-94.780819, 29.299745], [-94.780845, 29.299818]]]}}, {"id": "594", "type": "Feature", "properties": {"id": "e72e4c21-7f98-4363-ae62-4858d692ccca", "name": null, "subtype": null, "class": null, "height": 5.098140239715576, "num_floors": null, "surge_class": 0, "surge_ft": 0.0, "flood_active": false, "exposure_score": 0.0, "exposure_category": "none"}, "geometry": {"type": "Polygon", "coordinates": [[[-94.780912, 29.299836], [-94.780848, 29.299853], [-94.780879, 29.299943], [-94.780987, 29.299914], [-94.780964, 29.299848], [-94.78092, 29.299859], [-94.780912, 29.299836]]]}}, {"id": "595", "type": "Feature", "properties": {"id": "969c5dc6-b336-4899-b60c-6bf932308c14", "name": null, "subtype": null, "class": null, "height": 5.254703998565674, "num_floors": null, "surge_class": 0, "surge_ft": 0.0, "flood_active": false, "exposure_score": 0.0, "exposure_category": "none"}, "geometry": {"type": "Polygon", "coordinates": [[[-94.781109, 29.299867], [-94.781079, 29.299739], [-94.781003, 29.299752], [-94.781018, 29.299817], [-94.780983, 29.299824], [-94.780998, 29.299886], [-94.781109, 29.299867]]]}}, {"id": "596", "type": "Feature", "properties": {"id": "81d4bc44-4375-4e79-8b6d-0c6a1cc0ffda", "name": null, "subtype": null, "class": null, "height": 5.305840492248535, "num_floors": null, "surge_class": 0, "surge_ft": 0.0, "flood_active": false, "exposure_score": 0.0, "exposure_category": "none"}, "geometry": {"type": "Polygon", "coordinates": [[[-94.781222, 29.299624], [-94.781114, 29.299649], [-94.781128, 29.299696], [-94.781108, 29.299701], [-94.781151, 29.299843], [-94.781279, 29.299813], [-94.781222, 29.299624]]]}}, {"id": "597", "type": "Feature", "properties": {"id": "b32a708f-95c8-47eb-a72e-3d961f373930", "name": null, "subtype": null, "class": null, "height": 5.6858954429626465, "num_floors": null, "surge_class": 0, "surge_ft": 0.0, "flood_active": false, "exposure_score": 0.0, "exposure_category": "none"}, "geometry": {"type": "Polygon", "coordinates": [[[-94.7815851, 29.2999969], [-94.7816227, 29.3001072], [-94.781687, 29.3000906], [-94.7816493, 29.2999802], [-94.7815851, 29.2999969]]]}}, {"id": "598", "type": "Feature", "properties": {"id": "58571a5b-4f91-4ff1-81e0-1be58148dea1", "name": null, "subtype": null, "class": null, "height": 4.890167713165283, "num_floors": null, "surge_class": 0, "surge_ft": 0.0, "flood_active": false, "exposure_score": 0.0, "exposure_category": "none"}, "geometry": {"type": "Polygon", "coordinates": [[[-94.781759, 29.300012], [-94.781804, 29.300001], [-94.781815, 29.300035], [-94.781877, 29.300019], [-94.781838, 29.299905], [-94.781732, 29.299933], [-94.781759, 29.300012]]]}}, {"id": "599", "type": "Feature", "properties": {"id": "b34cc51e-025d-4735-a0e6-408eb2d2f457", "name": null, "subtype": null, "class": null, "height": 6.085341930389404, "num_floors": null, "surge_class": 0, "surge_ft": 0.0, "flood_active": false, "exposure_score": 0.0, "exposure_category": "none"}, "geometry": {"type": "Polygon", "coordinates": [[[-94.781724, 29.299935], [-94.781653, 29.299955], [-94.781696, 29.30007], [-94.781766, 29.30005], [-94.781724, 29.299935]]]}}, {"id": "600", "type": "Feature", "properties": {"id": "c023504d-7288-43d0-b955-862a9a3fdb1e", "name": null, "subtype": null, "class": null, "height": 4.599689960479736, "num_floors": null, "surge_class": 0, "surge_ft": 0.0, "flood_active": false, "exposure_score": 0.0, "exposure_category": "none"}, "geometry": {"type": "Polygon", "coordinates": [[[-94.782912, 29.299844], [-94.783039, 29.29982], [-94.78302, 29.299744], [-94.782893, 29.299768], [-94.782912, 29.299844]]]}}, {"id": "601", "type": "Feature", "properties": {"id": "221434a0-a577-46ab-ab50-4b633a89d0a9", "name": null, "subtype": null, "class": null, "height": 4.404333591461182, "num_floors": null, "surge_class": 0, "surge_ft": 0.0, "flood_active": false, "exposure_score": 0.0, "exposure_category": "none"}, "geometry": {"type": "Polygon", "coordinates": [[[-94.782952, 29.299949], [-94.783073, 29.299916], [-94.783047, 29.299843], [-94.782926, 29.299875], [-94.782952, 29.299949]]]}}, {"id": "602", "type": "Feature", "properties": {"id": "52ece412-3375-49d3-9d2e-bc02b6c33e78", "name": null, "subtype": null, "class": null, "height": 5.920406341552734, "num_floors": null, "surge_class": 0, "surge_ft": 0.0, "flood_active": false, "exposure_score": 0.0, "exposure_category": "none"}, "geometry": {"type": "Polygon", "coordinates": [[[-94.782847, 29.299673], [-94.782734, 29.299703], [-94.782793, 29.299873], [-94.782906, 29.299843], [-94.782847, 29.299673]]]}}, {"id": "603", "type": "Feature", "properties": {"id": "4ce8c18b-39e4-4599-a0a1-23e1f474ce30", "name": null, "subtype": null, "class": null, "height": 4.925271987915039, "num_floors": null, "surge_class": 0, "surge_ft": 0.0, "flood_active": false, "exposure_score": 0.0, "exposure_category": "none"}, "geometry": {"type": "Polygon", "coordinates": [[[-94.782679, 29.299904], [-94.78263, 29.299739], [-94.782507, 29.299767], [-94.782563, 29.299954], [-94.782611, 29.299943], [-94.782604, 29.299921], [-94.782679, 29.299904]]]}}, {"id": "604", "type": "Feature", "properties": {"id": "59c0b599-7725-4b0e-bdf0-9771afad3edf", "name": null, "subtype": null, "class": null, "height": 5.0942230224609375, "num_floors": null, "surge_class": 0, "surge_ft": 0.0, "flood_active": false, "exposure_score": 0.0, "exposure_category": "none"}, "geometry": {"type": "Polygon", "coordinates": [[[-94.782557, 29.300056], [-94.782529, 29.299957], [-94.782458, 29.299973], [-94.782442, 29.299918], [-94.782502, 29.299905], [-94.782469, 29.299791], [-94.782358, 29.299815], [-94.782436, 29.300083], [-94.782557, 29.300056]]]}}, {"id": "605", "type": "Feature", "properties": {"id": "2e919e1a-f1ff-4bb7-bfd6-4555c7664686", "name": null, "subtype": null, "class": null, "height": 3.5171821117401123, "num_floors": null, "surge_class": 0, "surge_ft": 0.0, "flood_active": false, "exposure_score": 0.0, "exposure_category": "none"}, "geometry": {"type": "Polygon", "coordinates": [[[-94.782651, 29.299957], [-94.782584, 29.299978], [-94.782603, 29.300024], [-94.782669, 29.300003], [-94.782651, 29.299957]]]}}, {"id": "606", "type": "Feature", "properties": {"id": "1c1e9981-c16e-4103-b540-a8ad8613ce26", "name": null, "subtype": null, "class": null, "height": 5.5214433670043945, "num_floors": null, "surge_class": 0, "surge_ft": 0.0, "flood_active": false, "exposure_score": 0.0, "exposure_category": "none"}, "geometry": {"type": "Polygon", "coordinates": [[[-94.782267, 29.299978], [-94.782374, 29.299953], [-94.782336, 29.299831], [-94.782228, 29.299857], [-94.782267, 29.299978]]]}}, {"id": "607", "type": "Feature", "properties": {"id": "9a844d59-a366-4e67-8907-148793f1d9f8", "name": null, "subtype": null, "class": null, "height": 6.111781597137451, "num_floors": null, "surge_class": 0, "surge_ft": 0.0, "flood_active": false, "exposure_score": 0.0, "exposure_category": "none"}, "geometry": {"type": "Polygon", "coordinates": [[[-94.782199, 29.299816], [-94.782087, 29.299834], [-94.78211, 29.29994], [-94.782222, 29.299922], [-94.782199, 29.299816]]]}}, {"id": "608", "type": "Feature", "properties": {"id": "e88f94d8-73ca-4a2d-b395-e389e339c1d8", "name": null, "subtype": null, "class": null, "height": 3.374570608139038, "num_floors": null, "surge_class": 0, "surge_ft": 0.0, "flood_active": false, "exposure_score": 0.0, "exposure_category": "none"}, "geometry": {"type": "Polygon", "coordinates": [[[-94.7820084, 29.2995828], [-94.7820217, 29.2996253], [-94.7820879, 29.2996096], [-94.7820746, 29.2995671], [-94.7820084, 29.2995828]]]}}, {"id": "609", "type": "Feature", "properties": {"id": "99991045-387a-471e-a1e7-384383a3b282", "name": null, "subtype": null, "class": null, "height": 2.524137496948242, "num_floors": null, "surge_class": 0, "surge_ft": 0.0, "flood_active": false, "exposure_score": 0.0, "exposure_category": "none"}, "geometry": {"type": "Polygon", "coordinates": [[[-94.782082, 29.299549], [-94.782075, 29.299515], [-94.781996, 29.299528], [-94.782003, 29.299562], [-94.782082, 29.299549]]]}}, {"id": "610", "type": "Feature", "properties": {"id": "b54ad822-fba3-4254-b1b4-9e0a4c429ce5", "name": null, "subtype": null, "class": null, "height": 5.22325325012207, "num_floors": null, "surge_class": 0, "surge_ft": 0.0, "flood_active": false, "exposure_score": 0.0, "exposure_category": "none"}, "geometry": {"type": "Polygon", "coordinates": [[[-94.782166, 29.299573], [-94.782264, 29.29955], [-94.782205, 29.299361], [-94.782107, 29.299384], [-94.782166, 29.299573]]]}}, {"id": "611", "type": "Feature", "properties": {"id": "5f7c6f73-6d3c-44f8-92af-f18977527079", "name": null, "subtype": null, "class": null, "height": 5.431675910949707, "num_floors": null, "surge_class": 0, "surge_ft": 0.0, "flood_active": false, "exposure_score": 0.0, "exposure_category": "none"}, "geometry": {"type": "Polygon", "coordinates": [[[-94.782372, 29.299525], [-94.782327, 29.299362], [-94.782253, 29.299377], [-94.782268, 29.29943], [-94.782248, 29.299435], [-94.782278, 29.299545], [-94.782372, 29.299525]]]}}, {"id": "612", "type": "Feature", "properties": {"id": "ff3186ca-bf8b-4329-9747-947ae61089c2", "name": null, "subtype": null, "class": null, "height": null, "num_floors": null, "surge_class": 0, "surge_ft": 0.0, "flood_active": false, "exposure_score": 0.0, "exposure_category": "none"}, "geometry": {"type": "Polygon", "coordinates": [[[-94.7821854, 29.2992565], [-94.7822098, 29.2993241], [-94.7822751, 29.2993062], [-94.7822508, 29.2992386], [-94.7821854, 29.2992565]]]}}, {"id": "613", "type": "Feature", "properties": {"id": "78779ba2-d261-4254-a6d2-2348f7cc5cdb", "name": null, "subtype": null, "class": null, "height": 2.727863311767578, "num_floors": null, "surge_class": 0, "surge_ft": 0.0, "flood_active": false, "exposure_score": 0.0, "exposure_category": "none"}, "geometry": {"type": "Polygon", "coordinates": [[[-94.782175, 29.29927], [-94.782092, 29.299283], [-94.782105, 29.299343], [-94.782188, 29.29933], [-94.782175, 29.29927]]]}}, {"id": "614", "type": "Feature", "properties": {"id": "5c2b4e9b-5af0-4763-a3e9-6d9403cae83a", "name": null, "subtype": null, "class": null, "height": null, "num_floors": null, "surge_class": 0, "surge_ft": 0.0, "flood_active": false, "exposure_score": 0.0, "exposure_category": "none"}, "geometry": {"type": "Polygon", "coordinates": [[[-94.7820966, 29.299123], [-94.7821152, 29.2991745], [-94.782151, 29.2991647], [-94.7821323, 29.2991132], [-94.7820966, 29.299123]]]}}, {"id": "615", "type": "Feature", "properties": {"id": "11522e4a-eb86-4391-9671-c5862731531e", "name": null, "subtype": null, "class": null, "height": 4.995889663696289, "num_floors": null, "surge_class": 0, "surge_ft": 0.0, "flood_active": false, "exposure_score": 0.0, "exposure_category": "none"}, "geometry": {"type": "Polygon", "coordinates": [[[-94.782203, 29.298901], [-94.78211, 29.298926], [-94.78215, 29.299039], [-94.782243, 29.299014], [-94.782203, 29.298901]]]}}, {"id": "616", "type": "Feature", "properties": {"id": "5ddc94a1-c671-4098-8022-6425aa9f11d6", "name": null, "subtype": null, "class": null, "height": 6.455864429473877, "num_floors": null, "surge_class": 0, "surge_ft": 0.0, "flood_active": false, "exposure_score": 0.0, "exposure_category": "none"}, "geometry": {"type": "Polygon", "coordinates": [[[-94.782315, 29.298875], [-94.782216, 29.298895], [-94.782244, 29.299004], [-94.782343, 29.298984], [-94.782315, 29.298875]]]}}, {"id": "617", "type": "Feature", "properties": {"id": "a5a77603-227b-40a5-bbfb-b37432448fc2", "name": null, "subtype": null, "class": null, "height": 3.73128080368042, "num_floors": null, "surge_class": 0, "surge_ft": 0.0, "flood_active": false, "exposure_score": 0.0, "exposure_category": "none"}, "geometry": {"type": "Polygon", "coordinates": [[[-94.7822952, 29.2991717], [-94.7824028, 29.299139], [-94.7823775, 29.2990755], [-94.7822698, 29.2991082], [-94.7822952, 29.2991717]]]}}, {"id": "618", "type": "Feature", "properties": {"id": "56f19afa-3782-4a4a-a37e-4e37217642d0", "name": null, "subtype": null, "class": null, "height": 4.117022514343262, "num_floors": null, "surge_class": 0, "surge_ft": 0.0, "flood_active": false, "exposure_score": 0.0, "exposure_category": "none"}, "geometry": {"type": "Polygon", "coordinates": [[[-94.782292, 29.299223], [-94.782319, 29.299303], [-94.782454, 29.299269], [-94.782427, 29.299189], [-94.782292, 29.299223]]]}}, {"id": "619", "type": "Feature", "properties": {"id": "ebe7e149-0ac6-41ed-9f64-d62285341d14", "name": null, "subtype": null, "class": null, "height": 5.626147270202637, "num_floors": null, "surge_class": 0, "surge_ft": 0.0, "flood_active": false, "exposure_score": 0.0, "exposure_category": "none"}, "geometry": {"type": "Polygon", "coordinates": [[[-94.7823198, 29.2988654], [-94.7823607, 29.2989767], [-94.7824473, 29.2989524], [-94.7824063, 29.2988412], [-94.7823198, 29.2988654]]]}}, {"id": "620", "type": "Feature", "properties": {"id": "ef86d03e-a98f-43c0-bc8f-20cde084abda", "name": null, "subtype": null, "class": null, "height": 5.546789646148682, "num_floors": null, "surge_class": 0, "surge_ft": 0.0, "flood_active": false, "exposure_score": 0.0, "exposure_category": "none"}, "geometry": {"type": "Polygon", "coordinates": [[[-94.782478, 29.298993], [-94.782533, 29.29898], [-94.782523, 29.298949], [-94.782576, 29.298936], [-94.782542, 29.298832], [-94.782434, 29.29886], [-94.782478, 29.298993]]]}}, {"id": "621", "type": "Feature", "properties": {"id": "67233f09-45e4-4f32-8ffa-354172cc1e20", "name": null, "subtype": null, "class": null, "height": null, "num_floors": null, "surge_class": 0, "surge_ft": 0.0, "flood_active": false, "exposure_score": 0.0, "exposure_category": "none"}, "geometry": {"type": "Polygon", "coordinates": [[[-94.7824815, 29.2990388], [-94.7825039, 29.2991106], [-94.7825721, 29.2990945], [-94.7825497, 29.2990227], [-94.7824815, 29.2990388]]]}}, {"id": "622", "type": "Feature", "properties": {"id": "e55ef7e1-3249-4dd2-bf53-b5671de47e35", "name": null, "subtype": null, "class": null, "height": 3.8678293228149414, "num_floors": null, "surge_class": 0, "surge_ft": 0.0, "flood_active": false, "exposure_score": 0.0, "exposure_category": "none"}, "geometry": {"type": "Polygon", "coordinates": [[[-94.782624, 29.299274], [-94.782563, 29.299285], [-94.782599, 29.299441], [-94.78266, 29.299431], [-94.782624, 29.299274]]]}}, {"id": "623", "type": "Feature", "properties": {"id": "1c3e7129-1a14-48a4-9560-911af804a596", "name": null, "subtype": null, "class": null, "height": 5.633377552032471, "num_floors": null, "surge_class": 0, "surge_ft": 0.0, "flood_active": false, "exposure_score": 0.0, "exposure_category": "none"}, "geometry": {"type": "Polygon", "coordinates": [[[-94.782681, 29.299449], [-94.782744, 29.299431], [-94.782702, 29.299314], [-94.782639, 29.299332], [-94.782681, 29.299449]]]}}, {"id": "624", "type": "Feature", "properties": {"id": "4cd8cc4a-6b5f-4287-baec-db9ce924e982", "name": null, "subtype": null, "class": null, "height": 5.9326629638671875, "num_floors": null, "surge_class": 0, "surge_ft": 0.0, "flood_active": false, "exposure_score": 0.0, "exposure_category": "none"}, "geometry": {"type": "Polygon", "coordinates": [[[-94.782515, 29.299497], [-94.782471, 29.299343], [-94.782388, 29.299361], [-94.782403, 29.299414], [-94.782388, 29.299417], [-94.782416, 29.299519], [-94.782515, 29.299497]]]}}, {"id": "625", "type": "Feature", "properties": {"id": "a725d677-e0ef-4a34-a4b9-3e70a15223a6", "name": null, "subtype": null, "class": null, "height": 5.729354381561279, "num_floors": null, "surge_class": 0, "surge_ft": 0.0, "flood_active": false, "exposure_score": 0.0, "exposure_category": "none"}, "geometry": {"type": "Polygon", "coordinates": [[[-94.78277, 29.299296], [-94.782713, 29.29931], [-94.782754, 29.299439], [-94.782811, 29.299425], [-94.78277, 29.299296]]]}}, {"id": "626", "type": "Feature", "properties": {"id": "7522ec1c-2b20-43cb-a1f6-1b2bb41b78a6", "name": null, "subtype": null, "class": null, "height": 4.767341136932373, "num_floors": null, "surge_class": 0, "surge_ft": 0.0, "flood_active": false, "exposure_score": 0.0, "exposure_category": "none"}, "geometry": {"type": "Polygon", "coordinates": [[[-94.782838, 29.299421], [-94.782902, 29.299402], [-94.782833, 29.299229], [-94.782769, 29.299248], [-94.782838, 29.299421]]]}}, {"id": "627", "type": "Feature", "properties": {"id": "7638ff0e-4c79-4773-8368-424ec0cea8fc", "name": null, "subtype": null, "class": null, "height": 5.0417585372924805, "num_floors": null, "surge_class": 0, "surge_ft": 0.0, "flood_active": false, "exposure_score": 0.0, "exposure_category": "none"}, "geometry": {"type": "Polygon", "coordinates": [[[-94.783006, 29.299708], [-94.782976, 29.299632], [-94.782857, 29.299668], [-94.782887, 29.299743], [-94.783006, 29.299708]]]}}, {"id": "628", "type": "Feature", "properties": {"id": "a11640e8-2f79-425e-baee-80c058f94636", "name": null, "subtype": null, "class": null, "height": 4.329793453216553, "num_floors": null, "surge_class": 0, "surge_ft": 0.0, "flood_active": false, "exposure_score": 0.0, "exposure_category": "none"}, "geometry": {"type": "Polygon", "coordinates": [[[-94.783311, 29.299843], [-94.783446, 29.299813], [-94.783428, 29.299755], [-94.783372, 29.299768], [-94.78336, 29.299727], [-94.783406, 29.299716], [-94.783349, 29.299525], [-94.783274, 29.299542], [-94.783317, 29.299687], [-94.783268, 29.299699], [-94.783311, 29.299843]]]}}, {"id": "629", "type": "Feature", "properties": {"id": "9784090d-69f8-409b-a6b2-26e05440c6ba", "name": null, "subtype": null, "class": null, "height": 5.706976413726807, "num_floors": null, "surge_class": 0, "surge_ft": 0.0, "flood_active": false, "exposure_score": 0.0, "exposure_category": "none"}, "geometry": {"type": "Polygon", "coordinates": [[[-94.783251, 29.299181], [-94.783117, 29.2992], [-94.783138, 29.299312], [-94.783273, 29.299292], [-94.783251, 29.299181]]]}}, {"id": "630", "type": "Feature", "properties": {"id": "9f47a37b-5615-4c64-95b7-da69299cc14f", "name": null, "subtype": null, "class": null, "height": 5.222132682800293, "num_floors": null, "surge_class": 0, "surge_ft": 0.0, "flood_active": false, "exposure_score": 0.0, "exposure_category": "none"}, "geometry": {"type": "Polygon", "coordinates": [[[-94.783366, 29.299162], [-94.783264, 29.299185], [-94.783295, 29.299288], [-94.783397, 29.299266], [-94.783366, 29.299162]]]}}, {"id": "631", "type": "Feature", "properties": {"id": "9a0e8cb6-aca1-4184-a904-414081e26133", "name": null, "subtype": null, "class": null, "height": 4.112401962280273, "num_floors": null, "surge_class": 0, "surge_ft": 0.0, "flood_active": false, "exposure_score": 0.0, "exposure_category": "none"}, "geometry": {"type": "Polygon", "coordinates": [[[-94.783179, 29.298994], [-94.783039, 29.299031], [-94.783056, 29.29908], [-94.783196, 29.299043], [-94.783179, 29.298994]]]}}, {"id": "632", "type": "Feature", "properties": {"id": "6225441a-eb60-4ba8-9dec-2e41ec6a71ca", "name": null, "subtype": null, "class": null, "height": 5.757749557495117, "num_floors": null, "surge_class": 0, "surge_ft": 0.0, "flood_active": false, "exposure_score": 0.0, "exposure_category": "none"}, "geometry": {"type": "Polygon", "coordinates": [[[-94.7831203, 29.2988751], [-94.7829991, 29.2989047], [-94.7830297, 29.299], [-94.7831509, 29.2989705], [-94.7831203, 29.2988751]]]}}, {"id": "633", "type": "Feature", "properties": {"id": "e0e055ef-77f5-4ce1-9a0f-e56b68e2565c", "name": null, "subtype": null, "class": null, "height": 3.5301036834716797, "num_floors": null, "surge_class": 0, "surge_ft": 0.0, "flood_active": false, "exposure_score": 0.0, "exposure_category": "none"}, "geometry": {"type": "Polygon", "coordinates": [[[-94.782787, 29.299097], [-94.782685, 29.299124], [-94.782703, 29.299177], [-94.782805, 29.299151], [-94.782787, 29.299097]]]}}, {"id": "634", "type": "Feature", "properties": {"id": "8eb8c2fd-7ef5-4fb2-82cc-f5d022d616bb", "name": null, "subtype": null, "class": null, "height": 5.325702667236328, "num_floors": null, "surge_class": 0, "surge_ft": 0.0, "flood_active": false, "exposure_score": 0.0, "exposure_category": "none"}, "geometry": {"type": "Polygon", "coordinates": [[[-94.782768, 29.298966], [-94.782646, 29.298986], [-94.782664, 29.29907], [-94.782786, 29.299049], [-94.782768, 29.298966]]]}}, {"id": "635", "type": "Feature", "properties": {"id": "a0c1ac49-3e56-4003-a913-eae09e0b0f59", "name": null, "subtype": null, "class": null, "height": 5.580413818359375, "num_floors": null, "surge_class": 1, "surge_ft": 0.5, "flood_active": false, "exposure_score": 0.015, "exposure_category": "low"}, "geometry": {"type": "Polygon", "coordinates": [[[-94.782853, 29.298489], [-94.782962, 29.298457], [-94.782931, 29.298377], [-94.782822, 29.298409], [-94.782853, 29.298489]]]}}, {"id": "636", "type": "Feature", "properties": {"id": "379557e4-2f95-4d4d-80b8-81ba46043344", "name": null, "subtype": null, "class": null, "height": 5.6256842613220215, "num_floors": null, "surge_class": 0, "surge_ft": 0.0, "flood_active": false, "exposure_score": 0.0, "exposure_category": "none"}, "geometry": {"type": "Polygon", "coordinates": [[[-94.782946, 29.298749], [-94.783066, 29.298717], [-94.783036, 29.298631], [-94.782916, 29.298664], [-94.782946, 29.298749]]]}}, {"id": "637", "type": "Feature", "properties": {"id": "4c8e668b-e89b-4e80-9381-8d5726636807", "name": null, "subtype": null, "class": null, "height": 5.6146626472473145, "num_floors": null, "surge_class": 0, "surge_ft": 0.0, "flood_active": false, "exposure_score": 0.0, "exposure_category": "none"}, "geometry": {"type": "Polygon", "coordinates": [[[-94.78298, 29.298857], [-94.7831, 29.298835], [-94.783079, 29.298748], [-94.782959, 29.298769], [-94.78298, 29.298857]]]}}, {"id": "638", "type": "Feature", "properties": {"id": "91833549-43e4-40bf-9a37-135c82722d49", "name": null, "subtype": null, "class": null, "height": 3.3812294006347656, "num_floors": null, "surge_class": 0, "surge_ft": 0.0, "flood_active": false, "exposure_score": 0.0, "exposure_category": "none"}, "geometry": {"type": "Polygon", "coordinates": [[[-94.783129, 29.298665], [-94.7831219, 29.2986409], [-94.7830766, 29.298651], [-94.7831239, 29.2988123], [-94.7832322, 29.2987881], [-94.7831919, 29.298651], [-94.783129, 29.298665]]]}}, {"id": "639", "type": "Feature", "properties": {"id": "bef16bd9-b3ea-4e2a-ba8e-c5f128f71a9e", "name": null, "subtype": null, "class": null, "height": 5.985942840576172, "num_floors": null, "surge_class": 0, "surge_ft": 0.0, "flood_active": false, "exposure_score": 0.0, "exposure_category": "none"}, "geometry": {"type": "Polygon", "coordinates": [[[-94.783355, 29.298739], [-94.783321, 29.298619], [-94.783203, 29.298645], [-94.783236, 29.298764], [-94.783355, 29.298739]]]}}, {"id": "640", "type": "Feature", "properties": {"id": "c4a0cd75-d03c-4966-9df2-888a854a29d3", "name": null, "subtype": null, "class": null, "height": 5.210025310516357, "num_floors": null, "surge_class": 0, "surge_ft": 0.0, "flood_active": false, "exposure_score": 0.0, "exposure_category": "none"}, "geometry": {"type": "Polygon", "coordinates": [[[-94.783233, 29.298368], [-94.783182, 29.298213], [-94.783085, 29.298237], [-94.783137, 29.298392], [-94.783233, 29.298368]]]}}, {"id": "641", "type": "Feature", "properties": {"id": "e54ce4fd-79f8-4242-b6cb-f162f4852d43", "name": null, "subtype": null, "class": null, "height": 6.520969390869141, "num_floors": null, "surge_class": 0, "surge_ft": 0.0, "flood_active": false, "exposure_score": 0.0, "exposure_category": "none"}, "geometry": {"type": "Polygon", "coordinates": [[[-94.783348, 29.298328], [-94.783286, 29.298094], [-94.783186, 29.298115], [-94.783247, 29.298348], [-94.783348, 29.298328]]]}}, {"id": "642", "type": "Feature", "properties": {"id": "5413eab1-592a-4354-a33b-f1198f8bf69e", "name": null, "subtype": null, "class": null, "height": null, "num_floors": null, "surge_class": 0, "surge_ft": 0.0, "flood_active": false, "exposure_score": 0.0, "exposure_category": "none"}, "geometry": {"type": "Polygon", "coordinates": [[[-94.7830054, 29.2980936], [-94.783028, 29.2981543], [-94.7830677, 29.298143], [-94.7830451, 29.2980824], [-94.7830054, 29.2980936]]]}}, {"id": "643", "type": "Feature", "properties": {"id": "2bd522d4-43ff-4287-a02e-f226d7e807b9", "name": null, "subtype": null, "class": null, "height": null, "num_floors": null, "surge_class": 0, "surge_ft": 0.0, "flood_active": false, "exposure_score": 0.0, "exposure_category": "none"}, "geometry": {"type": "Polygon", "coordinates": [[[-94.782984, 29.298052], [-94.782969, 29.297994], [-94.782839, 29.29802], [-94.782854, 29.298078], [-94.782984, 29.298052]]]}}, {"id": "644", "type": "Feature", "properties": {"id": "d698ef32-edbc-441e-88e8-59e75282aa01", "name": null, "subtype": null, "class": null, "height": null, "num_floors": null, "surge_class": 0, "surge_ft": 0.0, "flood_active": false, "exposure_score": 0.0, "exposure_category": "none"}, "geometry": {"type": "Polygon", "coordinates": [[[-94.7828801, 29.2981332], [-94.7828993, 29.2981894], [-94.7829764, 29.2981693], [-94.7829571, 29.2981131], [-94.7828801, 29.2981332]]]}}, {"id": "645", "type": "Feature", "properties": {"id": "747a10fc-f904-4133-8e8e-90bc157a366a", "name": null, "subtype": null, "class": null, "height": 3.748685598373413, "num_floors": null, "surge_class": 1, "surge_ft": 0.5, "flood_active": false, "exposure_score": 0.015, "exposure_category": "low"}, "geometry": {"type": "Polygon", "coordinates": [[[-94.782991, 29.29842], [-94.78309, 29.298403], [-94.783065, 29.298288], [-94.782966, 29.298304], [-94.782991, 29.29842]]]}}, {"id": "646", "type": "Feature", "properties": {"id": "b89e166e-9fc6-4030-bb3d-155559950eff", "name": null, "subtype": null, "class": null, "height": 5.710643768310547, "num_floors": null, "surge_class": 0, "surge_ft": 0.0, "flood_active": false, "exposure_score": 0.0, "exposure_category": "none"}, "geometry": {"type": "Polygon", "coordinates": [[[-94.78277, 29.298273], [-94.782876, 29.298257], [-94.782861, 29.29818], [-94.782824, 29.298185], [-94.782818, 29.298151], [-94.782749, 29.298161], [-94.78277, 29.298273]]]}}, {"id": "647", "type": "Feature", "properties": {"id": "48b266d5-4af5-448d-9d80-6d654fed6f8d", "name": null, "subtype": null, "class": null, "height": 4.695751190185547, "num_floors": null, "surge_class": 0, "surge_ft": 0.0, "flood_active": false, "exposure_score": 0.0, "exposure_category": "none"}, "geometry": {"type": "Polygon", "coordinates": [[[-94.782821, 29.298401], [-94.782933, 29.298374], [-94.782909, 29.2983], [-94.782797, 29.298327], [-94.782821, 29.298401]]]}}, {"id": "648", "type": "Feature", "properties": {"id": "3307c042-9d4b-4ebf-8a17-f8e695381de8", "name": null, "subtype": null, "class": null, "height": 2.873955726623535, "num_floors": null, "surge_class": 0, "surge_ft": 0.0, "flood_active": false, "exposure_score": 0.0, "exposure_category": "none"}, "geometry": {"type": "Polygon", "coordinates": [[[-94.782801, 29.29803], [-94.782769, 29.298038], [-94.782759, 29.298008], [-94.782697, 29.298023], [-94.782727, 29.298115], [-94.782822, 29.298092], [-94.782801, 29.29803]]]}}, {"id": "649", "type": "Feature", "properties": {"id": "ec50a6dd-b50f-4016-82ed-863de2e8da64", "name": null, "subtype": null, "class": null, "height": 5.300159454345703, "num_floors": null, "surge_class": 0, "surge_ft": 0.0, "flood_active": false, "exposure_score": 0.0, "exposure_category": "none"}, "geometry": {"type": "Polygon", "coordinates": [[[-94.7818538, 29.2979877], [-94.7819426, 29.2982499], [-94.7824591, 29.2981168], [-94.7823703, 29.2978546], [-94.7818538, 29.2979877]]]}}, {"id": "650", "type": "Feature", "properties": {"id": "697d3c65-0cf8-4971-b6b7-f9cf4cf984df", "name": null, "subtype": null, "class": null, "height": 3.460202932357788, "num_floors": null, "surge_class": 0, "surge_ft": 0.0, "flood_active": false, "exposure_score": 0.0, "exposure_category": "none"}, "geometry": {"type": "Polygon", "coordinates": [[[-94.781412, 29.298635], [-94.781279, 29.29866], [-94.781291, 29.298709], [-94.781424, 29.298685], [-94.781412, 29.298635]]]}}, {"id": "651", "type": "Feature", "properties": {"id": "3c594792-0313-4915-afe7-7683b52b808d", "name": null, "subtype": null, "class": null, "height": 4.62371301651001, "num_floors": null, "surge_class": 0, "surge_ft": 0.0, "flood_active": false, "exposure_score": 0.0, "exposure_category": "none"}, "geometry": {"type": "Polygon", "coordinates": [[[-94.781346, 29.298878], [-94.781475, 29.298849], [-94.781444, 29.298748], [-94.781316, 29.298777], [-94.781346, 29.298878]]]}}, {"id": "652", "type": "Feature", "properties": {"id": "0cc8b026-c399-4b83-963b-fa54d0b7ff1a", "name": null, "subtype": null, "class": null, "height": 4.13342809677124, "num_floors": null, "surge_class": 0, "surge_ft": 0.0, "flood_active": false, "exposure_score": 0.0, "exposure_category": "none"}, "geometry": {"type": "Polygon", "coordinates": [[[-94.781996, 29.298943], [-94.781825, 29.298978], [-94.781846, 29.299056], [-94.782016, 29.299021], [-94.781996, 29.298943]]]}}, {"id": "653", "type": "Feature", "properties": {"id": "f5189b48-f872-46f4-908a-f00b7f6034a3", "name": null, "subtype": null, "class": null, "height": 4.712110996246338, "num_floors": null, "surge_class": 0, "surge_ft": 0.0, "flood_active": false, "exposure_score": 0.0, "exposure_category": "none"}, "geometry": {"type": "Polygon", "coordinates": [[[-94.782031, 29.299061], [-94.781861, 29.29909], [-94.781877, 29.29916], [-94.782047, 29.29913], [-94.782031, 29.299061]]]}}, {"id": "654", "type": "Feature", "properties": {"id": "32880913-d43a-4b2b-ac04-98bbbd56a9d0", "name": null, "subtype": null, "class": null, "height": 5.2287116050720215, "num_floors": null, "surge_class": 0, "surge_ft": 0.0, "flood_active": false, "exposure_score": 0.0, "exposure_category": "none"}, "geometry": {"type": "Polygon", "coordinates": [[[-94.782035, 29.299158], [-94.781892, 29.299195], [-94.78192, 29.299275], [-94.782062, 29.299237], [-94.782035, 29.299158]]]}}, {"id": "655", "type": "Feature", "properties": {"id": "1e06fb38-08ec-4462-a4be-ff7d6007d31b", "name": null, "subtype": null, "class": null, "height": 5.144659519195557, "num_floors": null, "surge_class": 0, "surge_ft": 0.0, "flood_active": false, "exposure_score": 0.0, "exposure_category": "none"}, "geometry": {"type": "Polygon", "coordinates": [[[-94.782047, 29.299373], [-94.782023, 29.299303], [-94.781908, 29.299333], [-94.781932, 29.299403], [-94.782047, 29.299373]]]}}, {"id": "656", "type": "Feature", "properties": {"id": "b784d551-73e5-4c4a-8ef4-9745567bf4b6", "name": null, "subtype": null, "class": null, "height": 5.126141548156738, "num_floors": null, "surge_class": 0, "surge_ft": 0.0, "flood_active": false, "exposure_score": 0.0, "exposure_category": "none"}, "geometry": {"type": "Polygon", "coordinates": [[[-94.782062, 29.299473], [-94.782041, 29.299402], [-94.781943, 29.299425], [-94.781964, 29.299496], [-94.782062, 29.299473]]]}}, {"id": "657", "type": "Feature", "properties": {"id": "14675194-34a1-404c-adad-71f596fd0bb9", "name": null, "subtype": null, "class": null, "height": 4.564343452453613, "num_floors": null, "surge_class": 0, "surge_ft": 0.0, "flood_active": false, "exposure_score": 0.0, "exposure_category": "none"}, "geometry": {"type": "Polygon", "coordinates": [[[-94.781695, 29.299603], [-94.781601, 29.299627], [-94.781642, 29.29975], [-94.78176, 29.29972], [-94.781745, 29.299676], [-94.781721, 29.299682], [-94.781695, 29.299603]]]}}, {"id": "658", "type": "Feature", "properties": {"id": "f00711e6-8788-4d35-aadf-441d4fd65aab", "name": null, "subtype": null, "class": null, "height": 3.3491976261138916, "num_floors": null, "surge_class": 0, "surge_ft": 0.0, "flood_active": false, "exposure_score": 0.0, "exposure_category": "none"}, "geometry": {"type": "Polygon", "coordinates": [[[-94.781603, 29.299245], [-94.781512, 29.299264], [-94.781541, 29.29937], [-94.781632, 29.299351], [-94.781603, 29.299245]]]}}, {"id": "659", "type": "Feature", "properties": {"id": "3532bb9e-e06c-4189-82df-d73ddf6cf47f", "name": null, "subtype": null, "class": null, "height": null, "num_floors": null, "surge_class": 0, "surge_ft": 0.0, "flood_active": false, "exposure_score": 0.0, "exposure_category": "none"}, "geometry": {"type": "Polygon", "coordinates": [[[-94.781595, 29.299602], [-94.781668, 29.299583], [-94.781646, 29.299516], [-94.781573, 29.299534], [-94.781595, 29.299602]]]}}, {"id": "660", "type": "Feature", "properties": {"id": "59a634ff-0657-4e4c-99b2-34a46d153fcb", "name": null, "subtype": null, "class": null, "height": 5.047781944274902, "num_floors": null, "surge_class": 0, "surge_ft": 0.0, "flood_active": false, "exposure_score": 0.0, "exposure_category": "none"}, "geometry": {"type": "Polygon", "coordinates": [[[-94.781617, 29.299709], [-94.781586, 29.299604], [-94.781475, 29.29963], [-94.781507, 29.299735], [-94.781617, 29.299709]]]}}, {"id": "661", "type": "Feature", "properties": {"id": "e35ca741-e91a-4227-88b9-792edf595117", "name": null, "subtype": null, "class": null, "height": null, "num_floors": null, "surge_class": 0, "surge_ft": 0.0, "flood_active": false, "exposure_score": 0.0, "exposure_category": "none"}, "geometry": {"type": "Polygon", "coordinates": [[[-94.7813407, 29.2994758], [-94.7813588, 29.2995311], [-94.7814312, 29.299513], [-94.781413, 29.2994577], [-94.7813407, 29.2994758]]]}}, {"id": "662", "type": "Feature", "properties": {"id": "a1f8ad74-b974-40a9-9495-42e6d6ffc9c2", "name": null, "subtype": null, "class": null, "height": 2.5297739505767822, "num_floors": null, "surge_class": 0, "surge_ft": 0.0, "flood_active": false, "exposure_score": 0.0, "exposure_category": "none"}, "geometry": {"type": "Polygon", "coordinates": [[[-94.781435, 29.299083], [-94.78134, 29.299109], [-94.781376, 29.299209], [-94.781471, 29.299183], [-94.781435, 29.299083]]]}}, {"id": "663", "type": "Feature", "properties": {"id": "30cb9dcb-37fd-4bf5-90f7-38812627200c", "name": null, "subtype": null, "class": null, "height": 4.862077713012695, "num_floors": null, "surge_class": 0, "surge_ft": 0.0, "flood_active": false, "exposure_score": 0.0, "exposure_category": "none"}, "geometry": {"type": "Polygon", "coordinates": [[[-94.781565, 29.299121], [-94.78153, 29.299025], [-94.781437, 29.299051], [-94.781493, 29.299202], [-94.781553, 29.299186], [-94.781533, 29.29913], [-94.781565, 29.299121]]]}}, {"id": "664", "type": "Feature", "properties": {"id": "4a262848-a250-4f33-bbcf-8e19f6ae951f", "name": null, "subtype": null, "class": null, "height": 4.2268452644348145, "num_floors": null, "surge_class": 0, "surge_ft": 0.0, "flood_active": false, "exposure_score": 0.0, "exposure_category": "none"}, "geometry": {"type": "Polygon", "coordinates": [[[-94.781041, 29.298905], [-94.781132, 29.298889], [-94.781105, 29.298768], [-94.781014, 29.298783], [-94.781041, 29.298905]]]}}, {"id": "665", "type": "Feature", "properties": {"id": "983e9569-6528-4e42-9a33-68dfae8d7e1a", "name": null, "subtype": null, "class": null, "height": 3.518979549407959, "num_floors": null, "surge_class": 0, "surge_ft": 0.0, "flood_active": false, "exposure_score": 0.0, "exposure_category": "none"}, "geometry": {"type": "Polygon", "coordinates": [[[-94.781138, 29.299313], [-94.781097, 29.299165], [-94.780972, 29.299191], [-94.781006, 29.299312], [-94.781072, 29.299298], [-94.781079, 29.299325], [-94.781138, 29.299313]]]}}, {"id": "666", "type": "Feature", "properties": {"id": "1cadf6f7-5f74-41ed-9953-8b5d06e81c2b", "name": null, "subtype": null, "class": null, "height": 3.9721803665161133, "num_floors": null, "surge_class": 0, "surge_ft": 0.0, "flood_active": false, "exposure_score": 0.0, "exposure_category": "none"}, "geometry": {"type": "Polygon", "coordinates": [[[-94.781361, 29.299262], [-94.781327, 29.299128], [-94.781245, 29.299144], [-94.781279, 29.299278], [-94.781361, 29.299262]]]}}, {"id": "667", "type": "Feature", "properties": {"id": "c785c01e-7a12-44a0-aa6b-6b13d9be0255", "name": null, "subtype": null, "class": null, "height": 4.517915725708008, "num_floors": null, "surge_class": 0, "surge_ft": 0.0, "flood_active": false, "exposure_score": 0.0, "exposure_category": "none"}, "geometry": {"type": "Polygon", "coordinates": [[[-94.781211, 29.299144], [-94.781117, 29.299162], [-94.781182, 29.299411], [-94.781276, 29.299393], [-94.781211, 29.299144]]]}}, {"id": "668", "type": "Feature", "properties": {"id": "222536f6-9181-44a6-9592-e95061f483d2", "name": null, "subtype": null, "class": null, "height": 3.8071582317352295, "num_floors": null, "surge_class": 0, "surge_ft": 0.0, "flood_active": false, "exposure_score": 0.0, "exposure_category": "none"}, "geometry": {"type": "Polygon", "coordinates": [[[-94.7811987, 29.2995162], [-94.7812948, 29.2997772], [-94.7813568, 29.2997599], [-94.7812608, 29.2994988], [-94.7811987, 29.2995162]]]}}, {"id": "669", "type": "Feature", "properties": {"id": "52a3242c-0540-464d-b976-77715180de47", "name": null, "subtype": null, "class": null, "height": 3.415207624435425, "num_floors": null, "surge_class": 0, "surge_ft": 0.0, "flood_active": false, "exposure_score": 0.0, "exposure_category": "none"}, "geometry": {"type": "Polygon", "coordinates": [[[-94.7810439, 29.299619], [-94.7811523, 29.2995931], [-94.7811348, 29.2995373], [-94.7810264, 29.2995632], [-94.7810439, 29.299619]]]}}, {"id": "670", "type": "Feature", "properties": {"id": "bd43c1dc-75d4-4974-95e7-edfcfd72978a", "name": null, "subtype": null, "class": null, "height": null, "num_floors": null, "surge_class": 0, "surge_ft": 0.0, "flood_active": false, "exposure_score": 0.0, "exposure_category": "none"}, "geometry": {"type": "Polygon", "coordinates": [[[-94.7810944, 29.2993671], [-94.7811283, 29.299469], [-94.7811721, 29.2994579], [-94.7811382, 29.299356], [-94.7810944, 29.2993671]]]}}, {"id": "671", "type": "Feature", "properties": {"id": "66e729d4-6d5a-4143-88f4-ac061d3afb85", "name": null, "subtype": null, "class": null, "height": 3.624009609222412, "num_floors": null, "surge_class": 0, "surge_ft": 0.0, "flood_active": false, "exposure_score": 0.0, "exposure_category": "none"}, "geometry": {"type": "Polygon", "coordinates": [[[-94.780945, 29.299356], [-94.780904, 29.299231], [-94.780844, 29.299246], [-94.780885, 29.299371], [-94.780945, 29.299356]]]}}, {"id": "672", "type": "Feature", "properties": {"id": "126bba07-ebf2-46f9-83a8-4a6564730912", "name": null, "subtype": null, "class": null, "height": 5.390208721160889, "num_floors": null, "surge_class": 0, "surge_ft": 0.0, "flood_active": false, "exposure_score": 0.0, "exposure_category": "none"}, "geometry": {"type": "Polygon", "coordinates": [[[-94.780899, 29.299601], [-94.780779, 29.29963], [-94.780798, 29.299692], [-94.780919, 29.299662], [-94.780899, 29.299601]]]}}, {"id": "673", "type": "Feature", "properties": {"id": "cabb8662-a37a-429f-8d85-212712697dd2", "name": null, "subtype": null, "class": null, "height": null, "num_floors": null, "surge_class": 0, "surge_ft": 0.0, "flood_active": false, "exposure_score": 0.0, "exposure_category": "none"}, "geometry": {"type": "Polygon", "coordinates": [[[-94.7808593, 29.2994671], [-94.7808834, 29.2995383], [-94.7809248, 29.2995277], [-94.7809007, 29.2994565], [-94.7808593, 29.2994671]]]}}, {"id": "674", "type": "Feature", "properties": {"id": "8158987e-6fc3-43cd-867f-331f657f0074", "name": null, "subtype": null, "class": null, "height": 4.092323303222656, "num_floors": null, "surge_class": 0, "surge_ft": 0.0, "flood_active": false, "exposure_score": 0.0, "exposure_category": "none"}, "geometry": {"type": "Polygon", "coordinates": [[[-94.7807376, 29.2995838], [-94.7808555, 29.2995546], [-94.7808265, 29.2994672], [-94.7807094, 29.2994953], [-94.7807376, 29.2995838]]]}}, {"id": "675", "type": "Feature", "properties": {"id": "a05876c8-28f9-4974-8f65-f23b5b0654bd", "name": null, "subtype": null, "class": null, "height": 4.561481475830078, "num_floors": null, "surge_class": 0, "surge_ft": 0.0, "flood_active": false, "exposure_score": 0.0, "exposure_category": "none"}, "geometry": {"type": "Polygon", "coordinates": [[[-94.780799, 29.29936], [-94.780677, 29.299387], [-94.780702, 29.299475], [-94.780824, 29.299448], [-94.780799, 29.29936]]]}}, {"id": "676", "type": "Feature", "properties": {"id": "6a3eba4c-b199-4a0f-845d-6dccb0fc7b14", "name": null, "subtype": null, "class": null, "height": 4.160964012145996, "num_floors": null, "surge_class": 0, "surge_ft": 0.0, "flood_active": false, "exposure_score": 0.0, "exposure_category": "none"}, "geometry": {"type": "Polygon", "coordinates": [[[-94.780655, 29.299346], [-94.780775, 29.299327], [-94.780755, 29.299234], [-94.780636, 29.299254], [-94.780655, 29.299346]]]}}, {"id": "677", "type": "Feature", "properties": {"id": "2b584d51-39e1-4801-8f7c-25d4e8e6771d", "name": null, "subtype": null, "class": null, "height": 4.974812030792236, "num_floors": null, "surge_class": 0, "surge_ft": 0.0, "flood_active": false, "exposure_score": 0.0, "exposure_category": "none"}, "geometry": {"type": "Polygon", "coordinates": [[[-94.780994, 29.298807], [-94.780979, 29.298756], [-94.780936, 29.298765], [-94.780948, 29.298807], [-94.780906, 29.298816], [-94.780941, 29.298936], [-94.781007, 29.298921], [-94.780975, 29.298812], [-94.780994, 29.298807]]]}}, {"id": "678", "type": "Feature", "properties": {"id": "05e29de9-7a52-4572-adca-0e8aed50aa49", "name": null, "subtype": null, "class": null, "height": 3.9102437496185303, "num_floors": null, "surge_class": 0, "surge_ft": 0.0, "flood_active": false, "exposure_score": 0.0, "exposure_category": "none"}, "geometry": {"type": "Polygon", "coordinates": [[[-94.780921, 29.29893], [-94.780898, 29.298848], [-94.780797, 29.29887], [-94.78082, 29.298951], [-94.780921, 29.29893]]]}}, {"id": "679", "type": "Feature", "properties": {"id": "580d4b1c-0713-4342-93ac-4104a5a116bd", "name": null, "subtype": null, "class": null, "height": 3.952672004699707, "num_floors": null, "surge_class": 0, "surge_ft": 0.0, "flood_active": false, "exposure_score": 0.0, "exposure_category": "none"}, "geometry": {"type": "Polygon", "coordinates": [[[-94.780668, 29.298889], [-94.78069, 29.298988], [-94.780803, 29.298969], [-94.780781, 29.29887], [-94.780668, 29.298889]]]}}, {"id": "680", "type": "Feature", "properties": {"id": "3a01ee5b-bb0f-4be6-89d1-33d47ecdf5fe", "name": null, "subtype": null, "class": null, "height": 3.114443778991699, "num_floors": null, "surge_class": 0, "surge_ft": 0.0, "flood_active": false, "exposure_score": 0.0, "exposure_category": "none"}, "geometry": {"type": "Polygon", "coordinates": [[[-94.78078, 29.298489], [-94.780725, 29.298323], [-94.780657, 29.298341], [-94.780712, 29.298507], [-94.78078, 29.298489]]]}}, {"id": "681", "type": "Feature", "properties": {"id": "595930a8-68c9-4bc3-a7ad-3a94f9270992", "name": null, "subtype": null, "class": null, "height": null, "num_floors": null, "surge_class": 0, "surge_ft": 0.0, "flood_active": false, "exposure_score": 0.0, "exposure_category": "none"}, "geometry": {"type": "Polygon", "coordinates": [[[-94.780747, 29.298634], [-94.780832, 29.29861], [-94.780807, 29.298544], [-94.780723, 29.298569], [-94.780747, 29.298634]]]}}, {"id": "682", "type": "Feature", "properties": {"id": "21dfcd0f-98d1-4db2-b302-c112866eae01", "name": null, "subtype": null, "class": null, "height": null, "num_floors": null, "surge_class": 0, "surge_ft": 0.0, "flood_active": false, "exposure_score": 0.0, "exposure_category": "none"}, "geometry": {"type": "Polygon", "coordinates": [[[-94.7809518, 29.2986274], [-94.7809693, 29.2986737], [-94.7810342, 29.2986551], [-94.7810167, 29.2986087], [-94.7809518, 29.2986274]]]}}, {"id": "683", "type": "Feature", "properties": {"id": "78e4c4d4-4191-40a5-ab98-39dffaf47f39", "name": null, "subtype": null, "class": null, "height": null, "num_floors": null, "surge_class": 0, "surge_ft": 0.0, "flood_active": false, "exposure_score": 0.0, "exposure_category": "none"}, "geometry": {"type": "Polygon", "coordinates": [[[-94.7807984, 29.2986757], [-94.7808105, 29.2987098], [-94.7808512, 29.2986987], [-94.7808391, 29.2986647], [-94.7807984, 29.2986757]]]}}, {"id": "684", "type": "Feature", "properties": {"id": "dfb65ff4-4cc8-4a7b-a278-9f5fc5f560ce", "name": null, "subtype": null, "class": null, "height": 3.6981654167175293, "num_floors": null, "surge_class": 0, "surge_ft": 0.0, "flood_active": false, "exposure_score": 0.0, "exposure_category": "none"}, "geometry": {"type": "Polygon", "coordinates": [[[-94.781316, 29.298839], [-94.781303, 29.298783], [-94.781253, 29.298792], [-94.781234, 29.298708], [-94.781165, 29.29872], [-94.781197, 29.29886], [-94.781316, 29.298839]]]}}, {"id": "685", "type": "Feature", "properties": {"id": "40b662aa-1056-42f1-8bd4-67fd3a2e721c", "name": null, "subtype": null, "class": null, "height": 3.196176528930664, "num_floors": null, "surge_class": 0, "surge_ft": 0.0, "flood_active": false, "exposure_score": 0.0, "exposure_category": "none"}, "geometry": {"type": "Polygon", "coordinates": [[[-94.781253, 29.298606], [-94.781255, 29.298616], [-94.781369, 29.298597], [-94.781354, 29.298529], [-94.781165, 29.298561], [-94.781178, 29.298618], [-94.781253, 29.298606]]]}}, {"id": "686", "type": "Feature", "properties": {"id": "af1a8a14-b6a7-437e-bffa-f8487f8e5534", "name": null, "subtype": null, "class": null, "height": 5.488131999969482, "num_floors": null, "surge_class": 0, "surge_ft": 0.0, "flood_active": false, "exposure_score": 0.0, "exposure_category": "none"}, "geometry": {"type": "Polygon", "coordinates": [[[-94.781215, 29.298509], [-94.781351, 29.298483], [-94.781329, 29.298397], [-94.781193, 29.298422], [-94.781215, 29.298509]]]}}, {"id": "687", "type": "Feature", "properties": {"id": "a980c1ff-74fa-4475-83d6-b854fbd18478", "name": null, "subtype": null, "class": null, "height": 5.3491973876953125, "num_floors": null, "surge_class": 0, "surge_ft": 0.0, "flood_active": false, "exposure_score": 0.0, "exposure_category": "none"}, "geometry": {"type": "Polygon", "coordinates": [[[-94.781137, 29.298343], [-94.781114, 29.298232], [-94.781018, 29.298248], [-94.781041, 29.298359], [-94.781137, 29.298343]]]}}, {"id": "688", "type": "Feature", "properties": {"id": "d54e8614-7390-41b4-b977-4f0e1ff5ba66", "name": null, "subtype": null, "class": null, "height": 5.0440802574157715, "num_floors": null, "surge_class": 0, "surge_ft": 0.0, "flood_active": false, "exposure_score": 0.0, "exposure_category": "none"}, "geometry": {"type": "Polygon", "coordinates": [[[-94.781289, 29.298319], [-94.781247, 29.298191], [-94.781138, 29.298219], [-94.78118, 29.298346], [-94.781289, 29.298319]]]}}, {"id": "689", "type": "Feature", "properties": {"id": "22259acc-69b3-45f1-b1f0-998fa8515bf2", "name": null, "subtype": null, "class": null, "height": 4.563747882843018, "num_floors": null, "surge_class": 0, "surge_ft": 0.0, "flood_active": false, "exposure_score": 0.0, "exposure_category": "none"}, "geometry": {"type": "Polygon", "coordinates": [[[-94.781031, 29.298391], [-94.780997, 29.29826], [-94.780936, 29.298272], [-94.78097, 29.298403], [-94.781031, 29.298391]]]}}, {"id": "690", "type": "Feature", "properties": {"id": "28fa4e02-7641-43fe-bfd0-27620b054a62", "name": null, "subtype": null, "class": null, "height": 4.962176322937012, "num_floors": null, "surge_class": 0, "surge_ft": 0.0, "flood_active": false, "exposure_score": 0.0, "exposure_category": "none"}, "geometry": {"type": "Polygon", "coordinates": [[[-94.780932, 29.298277], [-94.780871, 29.298287], [-94.7809, 29.298415], [-94.780961, 29.298404], [-94.780932, 29.298277]]]}}, {"id": "691", "type": "Feature", "properties": {"id": "5be7d548-18bd-4b14-9dbc-1c3ff45f9f73", "name": null, "subtype": null, "class": null, "height": null, "num_floors": null, "surge_class": 0, "surge_ft": 0.0, "flood_active": false, "exposure_score": 0.0, "exposure_category": "none"}, "geometry": {"type": "Polygon", "coordinates": [[[-94.7808812, 29.2983745], [-94.7808402, 29.2983823], [-94.7808497, 29.2984203], [-94.7808907, 29.2984125], [-94.7808812, 29.2983745]]]}}, {"id": "692", "type": "Feature", "properties": {"id": "1192c0cb-b3ea-45f4-97c5-c9892ff43776", "name": null, "subtype": null, "class": null, "height": null, "num_floors": null, "surge_class": 0, "surge_ft": 0.0, "flood_active": false, "exposure_score": 0.0, "exposure_category": "none"}, "geometry": {"type": "Polygon", "coordinates": [[[-94.780864, 29.298307], [-94.780746, 29.298325], [-94.780763, 29.298414], [-94.780818, 29.298406], [-94.780813, 29.298383], [-94.780877, 29.298373], [-94.780864, 29.298307]]]}}, {"id": "693", "type": "Feature", "properties": {"id": "d45344ed-542f-4043-b819-72b1ca7f796c", "name": null, "subtype": null, "class": null, "height": 4.005025863647461, "num_floors": null, "surge_class": 0, "surge_ft": 0.0, "flood_active": false, "exposure_score": 0.0, "exposure_category": "none"}, "geometry": {"type": "Polygon", "coordinates": [[[-94.780576, 29.298108], [-94.780559, 29.298017], [-94.78051, 29.298024], [-94.780504, 29.297997], [-94.780447, 29.298005], [-94.780469, 29.298123], [-94.780576, 29.298108]]]}}, {"id": "694", "type": "Feature", "properties": {"id": "b3fdf357-7284-488e-9153-c3129d417e36", "name": null, "subtype": null, "class": null, "height": 4.142049789428711, "num_floors": null, "surge_class": 0, "surge_ft": 0.0, "flood_active": false, "exposure_score": 0.0, "exposure_category": "none"}, "geometry": {"type": "Polygon", "coordinates": [[[-94.780252, 29.297951], [-94.780263, 29.297983], [-94.780231, 29.297991], [-94.780261, 29.298076], [-94.780389, 29.298041], [-94.780348, 29.297925], [-94.780252, 29.297951]]]}}, {"id": "695", "type": "Feature", "properties": {"id": "752e0e36-c7a4-444c-a78f-ea652f9afe34", "name": null, "subtype": null, "class": null, "height": 3.809300422668457, "num_floors": null, "surge_class": 0, "surge_ft": 0.0, "flood_active": false, "exposure_score": 0.0, "exposure_category": "none"}, "geometry": {"type": "Polygon", "coordinates": [[[-94.780352, 29.298074], [-94.78036, 29.298102], [-94.780281, 29.298121], [-94.780304, 29.298195], [-94.780462, 29.298157], [-94.78043, 29.298055], [-94.780352, 29.298074]]]}}, {"id": "696", "type": "Feature", "properties": {"id": "127d5924-604f-44e6-abd5-708a7ecb7f71", "name": null, "subtype": null, "class": null, "height": 3.20447039604187, "num_floors": null, "surge_class": 0, "surge_ft": 0.0, "flood_active": false, "exposure_score": 0.0, "exposure_category": "none"}, "geometry": {"type": "Polygon", "coordinates": [[[-94.780606, 29.298512], [-94.780554, 29.298377], [-94.780483, 29.298398], [-94.780535, 29.298533], [-94.780606, 29.298512]]]}}, {"id": "697", "type": "Feature", "properties": {"id": "ae158f06-87c7-4a46-90b2-908eb0afe441", "name": null, "subtype": null, "class": null, "height": 3.8109517097473145, "num_floors": null, "surge_class": 0, "surge_ft": 0.0, "flood_active": false, "exposure_score": 0.0, "exposure_category": "none"}, "geometry": {"type": "Polygon", "coordinates": [[[-94.780484, 29.298825], [-94.780518, 29.298819], [-94.780524, 29.298846], [-94.780617, 29.298829], [-94.780594, 29.29873], [-94.780468, 29.298753], [-94.780484, 29.298825]]]}}, {"id": "698", "type": "Feature", "properties": {"id": "72a74f0e-ee46-4590-8f4f-f65d06768d00", "name": null, "subtype": null, "class": null, "height": 4.278483867645264, "num_floors": null, "surge_class": 1, "surge_ft": 0.5, "flood_active": false, "exposure_score": 0.015, "exposure_category": "low"}, "geometry": {"type": "Polygon", "coordinates": [[[-94.780546, 29.298589], [-94.780429, 29.298615], [-94.780456, 29.298707], [-94.780573, 29.298681], [-94.780546, 29.298589]]]}}, {"id": "699", "type": "Feature", "properties": {"id": "ab181e34-df03-4166-87d7-8fd3196df811", "name": null, "subtype": null, "class": null, "height": 3.6218390464782715, "num_floors": null, "surge_class": 0, "surge_ft": 0.0, "flood_active": false, "exposure_score": 0.0, "exposure_category": "none"}, "geometry": {"type": "Polygon", "coordinates": [[[-94.7804582, 29.2983908], [-94.7803601, 29.2984161], [-94.7803845, 29.2984928], [-94.7803769, 29.2984959], [-94.7803916, 29.2985375], [-94.7805161, 29.2985052], [-94.7805004, 29.298464], [-94.7804851, 29.2984684], [-94.7804582, 29.2983908]]]}}, {"id": "700", "type": "Feature", "properties": {"id": "33ab7fbc-35c1-4fdd-8f6e-2996fcfdb580", "name": null, "subtype": null, "class": null, "height": 4.569783687591553, "num_floors": null, "surge_class": 0, "surge_ft": 0.0, "flood_active": false, "exposure_score": 0.0, "exposure_category": "none"}, "geometry": {"type": "Polygon", "coordinates": [[[-94.780056, 29.298729], [-94.780156, 29.298705], [-94.780092, 29.298508], [-94.779993, 29.298532], [-94.780056, 29.298729]]]}}, {"id": "701", "type": "Feature", "properties": {"id": "eacd1895-0843-4fec-880d-ad29fcdd5d29", "name": null, "subtype": null, "class": null, "height": 3.9300832748413086, "num_floors": null, "surge_class": 0, "surge_ft": 0.0, "flood_active": false, "exposure_score": 0.0, "exposure_category": "none"}, "geometry": {"type": "Polygon", "coordinates": [[[-94.780026, 29.298241], [-94.779998, 29.298157], [-94.77987, 29.298189], [-94.779899, 29.298273], [-94.780026, 29.298241]]]}}, {"id": "702", "type": "Feature", "properties": {"id": "8898912b-2d43-4a15-940a-31eefda4f5cc", "name": null, "subtype": null, "class": null, "height": 4.280587673187256, "num_floors": null, "surge_class": 0, "surge_ft": 0.0, "flood_active": false, "exposure_score": 0.0, "exposure_category": "none"}, "geometry": {"type": "Polygon", "coordinates": [[[-94.780006, 29.298635], [-94.779974, 29.298644], [-94.779944, 29.298553], [-94.779862, 29.298574], [-94.779916, 29.298735], [-94.78003, 29.298707], [-94.780006, 29.298635]]]}}, {"id": "703", "type": "Feature", "properties": {"id": "3d746f77-6bf9-451e-ab1f-f3b8aba5526d", "name": null, "subtype": null, "class": null, "height": 4.236052989959717, "num_floors": null, "surge_class": 0, "surge_ft": 0.0, "flood_active": false, "exposure_score": 0.0, "exposure_category": "none"}, "geometry": {"type": "Polygon", "coordinates": [[[-94.77988, 29.299197], [-94.780043, 29.299162], [-94.779987, 29.298966], [-94.779929, 29.298979], [-94.779945, 29.299036], [-94.77984, 29.299059], [-94.77988, 29.299197]]]}}, {"id": "704", "type": "Feature", "properties": {"id": "8296cf3b-7257-4939-b1b5-7400aa163b5e", "name": null, "subtype": null, "class": null, "height": 4.571046352386475, "num_floors": null, "surge_class": 0, "surge_ft": 0.0, "flood_active": false, "exposure_score": 0.0, "exposure_category": "none"}, "geometry": {"type": "Polygon", "coordinates": [[[-94.7799629, 29.2994792], [-94.7799883, 29.2995534], [-94.780065, 29.2995335], [-94.7800396, 29.2994592], [-94.7799629, 29.2994792]]]}}, {"id": "705", "type": "Feature", "properties": {"id": "b0ff5145-7bdb-4aa9-b229-bdce075cd140", "name": null, "subtype": null, "class": null, "height": 4.17882776260376, "num_floors": null, "surge_class": 0, "surge_ft": 0.0, "flood_active": false, "exposure_score": 0.0, "exposure_category": "none"}, "geometry": {"type": "Polygon", "coordinates": [[[-94.780054, 29.29945], [-94.780077, 29.299544], [-94.780184, 29.299524], [-94.780162, 29.29943], [-94.780054, 29.29945]]]}}, {"id": "706", "type": "Feature", "properties": {"id": "4953fc8d-1a97-4bfe-977c-05d96b4121fe", "name": null, "subtype": null, "class": null, "height": 3.877007246017456, "num_floors": null, "surge_class": 0, "surge_ft": 0.0, "flood_active": false, "exposure_score": 0.0, "exposure_category": "none"}, "geometry": {"type": "Polygon", "coordinates": [[[-94.780255, 29.299692], [-94.78024, 29.299622], [-94.78017, 29.299634], [-94.780186, 29.299704], [-94.780255, 29.299692]]]}}, {"id": "707", "type": "Feature", "properties": {"id": "474fb0ff-f497-4eb2-8b40-33c237f0379f", "name": null, "subtype": null, "class": null, "height": null, "num_floors": null, "surge_class": 0, "surge_ft": 0.0, "flood_active": false, "exposure_score": 0.0, "exposure_category": "none"}, "geometry": {"type": "Polygon", "coordinates": [[[-94.7801808, 29.2994319], [-94.7802183, 29.2995531], [-94.7802712, 29.2995406], [-94.7802516, 29.2994774], [-94.7802656, 29.2994741], [-94.7802477, 29.2994162], [-94.7801808, 29.2994319]]]}}, {"id": "708", "type": "Feature", "properties": {"id": "5ea9ff4f-9f3e-4a58-b609-d8a64115112b", "name": null, "subtype": null, "class": null, "height": 4.297698497772217, "num_floors": null, "surge_class": 0, "surge_ft": 0.0, "flood_active": false, "exposure_score": 0.0, "exposure_category": "none"}, "geometry": {"type": "Polygon", "coordinates": [[[-94.780058, 29.298965], [-94.780001, 29.29898], [-94.780062, 29.299153], [-94.780167, 29.299125], [-94.780118, 29.298984], [-94.780069, 29.298997], [-94.780058, 29.298965]]]}}, {"id": "709", "type": "Feature", "properties": {"id": "2e6fa74e-a873-4375-86aa-dfd2c7c33ccf", "name": null, "subtype": null, "class": null, "height": null, "num_floors": null, "surge_class": 0, "surge_ft": 0.0, "flood_active": false, "exposure_score": 0.0, "exposure_category": "none"}, "geometry": {"type": "Polygon", "coordinates": [[[-94.7799651, 29.2988899], [-94.7799833, 29.2989457], [-94.7800377, 29.2989322], [-94.7800196, 29.2988765], [-94.7799651, 29.2988899]]]}}, {"id": "710", "type": "Feature", "properties": {"id": "2c499922-819d-4c18-baa4-31d050cfff40", "name": null, "subtype": null, "class": null, "height": 3.9145615100860596, "num_floors": null, "surge_class": 0, "surge_ft": 0.0, "flood_active": false, "exposure_score": 0.0, "exposure_category": "none"}, "geometry": {"type": "Polygon", "coordinates": [[[-94.78025, 29.298909], [-94.78014, 29.298929], [-94.780188, 29.299129], [-94.780299, 29.299109], [-94.78025, 29.298909]]]}}, {"id": "711", "type": "Feature", "properties": {"id": "ca0a9aa6-1a4d-441b-a4ff-00f46d8d40ca", "name": null, "subtype": null, "class": null, "height": null, "num_floors": null, "surge_class": 0, "surge_ft": 0.0, "flood_active": false, "exposure_score": 0.0, "exposure_category": "none"}, "geometry": {"type": "Polygon", "coordinates": [[[-94.7806422, 29.2990079], [-94.7806683, 29.299004], [-94.7806552, 29.2989381], [-94.7806291, 29.2989421], [-94.7806422, 29.2990079]]]}}, {"id": "712", "type": "Feature", "properties": {"id": "761f2c93-f452-4c71-85b1-9ba50b458dde", "name": null, "subtype": null, "class": null, "height": 5.189324855804443, "num_floors": null, "surge_class": 0, "surge_ft": 0.0, "flood_active": false, "exposure_score": 0.0, "exposure_category": "none"}, "geometry": {"type": "Polygon", "coordinates": [[[-94.780624, 29.298938], [-94.780647, 29.298933], [-94.780624, 29.298844], [-94.780556, 29.298857], [-94.780568, 29.298902], [-94.780536, 29.298908], [-94.780573, 29.299055], [-94.780649, 29.29904], [-94.780624, 29.298938]]]}}, {"id": "713", "type": "Feature", "properties": {"id": "60239f5d-87d5-49b1-8799-fe159fd044ca", "name": null, "subtype": null, "class": null, "height": 4.703981876373291, "num_floors": null, "surge_class": 0, "surge_ft": 0.0, "flood_active": false, "exposure_score": 0.0, "exposure_category": "none"}, "geometry": {"type": "Polygon", "coordinates": [[[-94.7803728, 29.2993668], [-94.7802629, 29.2993939], [-94.7802962, 29.2994967], [-94.7804061, 29.2994697], [-94.7803728, 29.2993668]]]}}, {"id": "714", "type": "Feature", "properties": {"id": "b8d9f370-d13e-453e-939e-5ff9cd3d7991", "name": null, "subtype": null, "class": null, "height": 3.8828561305999756, "num_floors": null, "surge_class": 0, "surge_ft": 0.0, "flood_active": false, "exposure_score": 0.0, "exposure_category": "none"}, "geometry": {"type": "Polygon", "coordinates": [[[-94.780477, 29.29956], [-94.780338, 29.299598], [-94.780368, 29.299682], [-94.780506, 29.299644], [-94.780477, 29.29956]]]}}, {"id": "715", "type": "Feature", "properties": {"id": "231d3f44-3145-4516-8148-f5190b3a421a", "name": null, "subtype": null, "class": null, "height": 5.051952362060547, "num_floors": null, "surge_class": 0, "surge_ft": 0.0, "flood_active": false, "exposure_score": 0.0, "exposure_category": "none"}, "geometry": {"type": "Polygon", "coordinates": [[[-94.780567, 29.299824], [-94.780488, 29.299842], [-94.780473, 29.299792], [-94.780423, 29.299804], [-94.780496, 29.300042], [-94.780625, 29.300012], [-94.780567, 29.299824]]]}}, {"id": "716", "type": "Feature", "properties": {"id": "219b3b10-8a59-424f-8fdf-810bc22e6ed1", "name": null, "subtype": null, "class": null, "height": 2.791672468185425, "num_floors": null, "surge_class": 0, "surge_ft": 0.0, "flood_active": false, "exposure_score": 0.0, "exposure_category": "none"}, "geometry": {"type": "Polygon", "coordinates": [[[-94.780425, 29.29989], [-94.780363, 29.299904], [-94.780396, 29.300016], [-94.780458, 29.300003], [-94.780425, 29.29989]]]}}, {"id": "717", "type": "Feature", "properties": {"id": "77dc1c0b-3bc9-4eac-969e-675be9a68031", "name": null, "subtype": null, "class": null, "height": 4.6716485023498535, "num_floors": null, "surge_class": 0, "surge_ft": 0.0, "flood_active": false, "exposure_score": 0.0, "exposure_category": "none"}, "geometry": {"type": "Polygon", "coordinates": [[[-94.780341, 29.299899], [-94.780255, 29.299911], [-94.780282, 29.300059], [-94.780369, 29.300047], [-94.780341, 29.299899]]]}}, {"id": "718", "type": "Feature", "properties": {"id": "36cd665e-df64-4319-a018-cd5a0e088b99", "name": null, "subtype": null, "class": null, "height": 3.502323865890503, "num_floors": null, "surge_class": 0, "surge_ft": 0.0, "flood_active": false, "exposure_score": 0.0, "exposure_category": "none"}, "geometry": {"type": "Polygon", "coordinates": [[[-94.780366, 29.299803], [-94.780408, 29.299791], [-94.780383, 29.299724], [-94.780292, 29.29975], [-94.780306, 29.299789], [-94.780356, 29.299775], [-94.780366, 29.299803]]]}}, {"id": "719", "type": "Feature", "properties": {"id": "f01eb0a0-40a9-47c3-a0cb-7e95fb86e95b", "name": null, "subtype": null, "class": null, "height": 4.093036651611328, "num_floors": null, "surge_class": 0, "surge_ft": 0.0, "flood_active": false, "exposure_score": 0.0, "exposure_category": "none"}, "geometry": {"type": "Polygon", "coordinates": [[[-94.780051, 29.299751], [-94.780157, 29.299734], [-94.78014, 29.299655], [-94.780034, 29.299672], [-94.780051, 29.299751]]]}}, {"id": "720", "type": "Feature", "properties": {"id": "100cd300-d335-4a07-a66b-64e13d970c59", "name": null, "subtype": null, "class": null, "height": 4.207159519195557, "num_floors": null, "surge_class": 0, "surge_ft": 0.0, "flood_active": false, "exposure_score": 0.0, "exposure_category": "none"}, "geometry": {"type": "Polygon", "coordinates": [[[-94.7801, 29.299922], [-94.78004, 29.299937], [-94.780093, 29.300097], [-94.780152, 29.300082], [-94.7801, 29.299922]]]}}, {"id": "721", "type": "Feature", "properties": {"id": "ae9b1d83-a651-41d2-82c3-d847a95307c5", "name": null, "subtype": null, "class": null, "height": 4.400667190551758, "num_floors": null, "surge_class": 0, "surge_ft": 0.0, "flood_active": false, "exposure_score": 0.0, "exposure_category": "none"}, "geometry": {"type": "Polygon", "coordinates": [[[-94.7800352, 29.2999457], [-94.7799853, 29.2999577], [-94.7800358, 29.3001123], [-94.7800866, 29.3000992], [-94.7800352, 29.2999457]]]}}, {"id": "722", "type": "Feature", "properties": {"id": "4f9c8a70-bc95-47e5-b151-80321f6b7bc3", "name": null, "subtype": null, "class": null, "height": 5.071247577667236, "num_floors": null, "surge_class": 0, "surge_ft": 0.0, "flood_active": false, "exposure_score": 0.0, "exposure_category": "none"}, "geometry": {"type": "Polygon", "coordinates": [[[-94.779971, 29.300136], [-94.780027, 29.300121], [-94.779968, 29.299948], [-94.779913, 29.299963], [-94.779971, 29.300136]]]}}, {"id": "723", "type": "Feature", "properties": {"id": "cfed7540-256b-478c-924b-b91487ee5cab", "name": null, "subtype": null, "class": null, "height": 4.535256862640381, "num_floors": null, "surge_class": 0, "surge_ft": 0.0, "flood_active": false, "exposure_score": 0.0, "exposure_category": "none"}, "geometry": {"type": "Polygon", "coordinates": [[[-94.78011, 29.2999231], [-94.7801591, 29.3000721], [-94.7802634, 29.3000464], [-94.7802274, 29.2999353], [-94.7801757, 29.2999476], [-94.7801635, 29.2999096], [-94.78011, 29.2999231]]]}}, {"id": "724", "type": "Feature", "properties": {"id": "14ac58cf-e51d-4495-af34-70413b505a11", "name": "Denny's", "subtype": "commercial", "class": null, "height": 3.4291458129882812, "num_floors": null, "surge_class": 0, "surge_ft": 0.0, "flood_active": false, "exposure_score": 0.0, "exposure_category": "none"}, "geometry": {"type": "Polygon", "coordinates": [[[-94.7807076, 29.2966607], [-94.7806353, 29.2964573], [-94.7803685, 29.2965296], [-94.7804311, 29.2967066], [-94.7806344, 29.2966511], [-94.7806442, 29.2966785], [-94.7807076, 29.2966607]]]}}, {"id": "725", "type": "Feature", "properties": {"id": "98ed0f18-cddb-4acd-a604-89a302cdba74", "name": "La Quinta Inn Galveston East Beach", "subtype": "commercial", "class": "hotel", "height": 4.726160049438477, "num_floors": null, "surge_class": 0, "surge_ft": 0.0, "flood_active": false, "exposure_score": 0.0, "exposure_category": "none"}, "geometry": {"type": "Polygon", "coordinates": [[[-94.7800624, 29.2971631], [-94.7808349, 29.2969741], [-94.7807877, 29.2968275], [-94.7802251, 29.2969647], [-94.7801386, 29.2966953], [-94.7799633, 29.296738], [-94.7800568, 29.2970302], [-94.7800221, 29.2970393], [-94.7800624, 29.2971631]]]}}, {"id": "726", "type": "Feature", "properties": {"id": "25313c4a-1f08-4d70-8531-4120ef9849db", "name": null, "subtype": null, "class": null, "height": 5.237168312072754, "num_floors": null, "surge_class": 0, "surge_ft": 0.0, "flood_active": false, "exposure_score": 0.0, "exposure_category": "none"}, "geometry": {"type": "Polygon", "coordinates": [[[-94.78055, 29.297568], [-94.780621, 29.297552], [-94.780581, 29.29742], [-94.780511, 29.297436], [-94.78055, 29.297568]]]}}, {"id": "727", "type": "Feature", "properties": {"id": "6db020ca-71bd-4219-9d6f-0435cd631f66", "name": null, "subtype": null, "class": null, "height": 5.679506301879883, "num_floors": null, "surge_class": 0, "surge_ft": 0.0, "flood_active": false, "exposure_score": 0.0, "exposure_category": "none"}, "geometry": {"type": "Polygon", "coordinates": [[[-94.780508, 29.297462], [-94.780424, 29.297474], [-94.780448, 29.297595], [-94.780531, 29.297582], [-94.780508, 29.297462]]]}}, {"id": "728", "type": "Feature", "properties": {"id": "ff2c2ea8-1a5d-47f3-b7a3-dbcf0b4155d5", "name": null, "subtype": null, "class": null, "height": 5.005756855010986, "num_floors": null, "surge_class": 0, "surge_ft": 0.0, "flood_active": false, "exposure_score": 0.0, "exposure_category": "none"}, "geometry": {"type": "Polygon", "coordinates": [[[-94.780426, 29.297592], [-94.780406, 29.297468], [-94.780326, 29.297477], [-94.780345, 29.297601], [-94.780426, 29.297592]]]}}, {"id": "729", "type": "Feature", "properties": {"id": "0affd9ff-27cc-45e3-b07e-8a8da0fad443", "name": null, "subtype": null, "class": null, "height": 6.103298664093018, "num_floors": null, "surge_class": 0, "surge_ft": 0.0, "flood_active": false, "exposure_score": 0.0, "exposure_category": "none"}, "geometry": {"type": "Polygon", "coordinates": [[[-94.780301, 29.297489], [-94.780202, 29.297515], [-94.780252, 29.297664], [-94.780351, 29.297639], [-94.780301, 29.297489]]]}}, {"id": "730", "type": "Feature", "properties": {"id": "b6c868cc-8780-4c6b-ba2c-6feac1bd344d", "name": null, "subtype": null, "class": null, "height": 5.422016143798828, "num_floors": null, "surge_class": 0, "surge_ft": 0.0, "flood_active": false, "exposure_score": 0.0, "exposure_category": "none"}, "geometry": {"type": "Polygon", "coordinates": [[[-94.7801737, 29.2976024], [-94.7801487, 29.2975266], [-94.7800528, 29.2975506], [-94.7800995, 29.2976921], [-94.7802059, 29.2976655], [-94.7801842, 29.2975997], [-94.7801737, 29.2976024]]]}}, {"id": "731", "type": "Feature", "properties": {"id": "48960e08-ca79-48fa-b259-404156fe446e", "name": null, "subtype": null, "class": null, "height": 4.078642845153809, "num_floors": null, "surge_class": 0, "surge_ft": 0.0, "flood_active": false, "exposure_score": 0.0, "exposure_category": "none"}, "geometry": {"type": "Polygon", "coordinates": [[[-94.7801765, 29.2977545], [-94.7801535, 29.29776], [-94.780176, 29.2978311], [-94.7803017, 29.2978008], [-94.7802788, 29.2977283], [-94.7802501, 29.2977353], [-94.7802392, 29.297701], [-94.7801652, 29.2977188], [-94.7801765, 29.2977545]]]}}, {"id": "732", "type": "Feature", "properties": {"id": "eacca66f-c453-4213-800a-e92bcdeb71dc", "name": null, "subtype": null, "class": null, "height": 3.629699468612671, "num_floors": null, "surge_class": 0, "surge_ft": 0.0, "flood_active": false, "exposure_score": 0.0, "exposure_category": "none"}, "geometry": {"type": "Polygon", "coordinates": [[[-94.780345, 29.29784], [-94.780196, 29.29788], [-94.780221, 29.297953], [-94.780371, 29.297913], [-94.780345, 29.29784]]]}}, {"id": "733", "type": "Feature", "properties": {"id": "b6b6bcbc-e81d-4e8b-af96-dca1671943ee", "name": null, "subtype": null, "class": null, "height": 3.1539103984832764, "num_floors": null, "surge_class": 0, "surge_ft": 0.0, "flood_active": false, "exposure_score": 0.0, "exposure_category": "none"}, "geometry": {"type": "Polygon", "coordinates": [[[-94.780449, 29.297873], [-94.780443, 29.297847], [-94.780379, 29.297858], [-94.7804, 29.297949], [-94.780482, 29.297935], [-94.780467, 29.297869], [-94.780449, 29.297873]]]}}, {"id": "734", "type": "Feature", "properties": {"id": "c323da70-54b9-4985-adde-f310f0f67d9a", "name": null, "subtype": null, "class": null, "height": null, "num_floors": null, "surge_class": 0, "surge_ft": 0.0, "flood_active": false, "exposure_score": 0.0, "exposure_category": "none"}, "geometry": {"type": "Polygon", "coordinates": [[[-94.78061, 29.297707], [-94.780663, 29.297695], [-94.78064, 29.297616], [-94.780587, 29.297627], [-94.78061, 29.297707]]]}}, {"id": "735", "type": "Feature", "properties": {"id": "9392ecf1-5a05-4d92-baa6-12af23b8a915", "name": null, "subtype": null, "class": null, "height": 3.110461711883545, "num_floors": null, "surge_class": 0, "surge_ft": 0.0, "flood_active": false, "exposure_score": 0.0, "exposure_category": "none"}, "geometry": {"type": "Polygon", "coordinates": [[[-94.780511, 29.297794], [-94.780539, 29.297896], [-94.780647, 29.297873], [-94.780619, 29.297771], [-94.780511, 29.297794]]]}}, {"id": "736", "type": "Feature", "properties": {"id": "4b775770-c072-4bb8-95e8-21ed7d774061", "name": null, "subtype": null, "class": null, "height": null, "num_floors": null, "surge_class": 0, "surge_ft": 0.0, "flood_active": false, "exposure_score": 0.0, "exposure_category": "none"}, "geometry": {"type": "Polygon", "coordinates": [[[-94.780913, 29.298023], [-94.780965, 29.298011], [-94.780874, 29.297719], [-94.780823, 29.297731], [-94.780913, 29.298023]]]}}, {"id": "737", "type": "Feature", "properties": {"id": "43d69251-14d4-4c4d-a7d0-4b8f8e69bc22", "name": null, "subtype": null, "class": null, "height": null, "num_floors": null, "surge_class": 0, "surge_ft": 0.0, "flood_active": false, "exposure_score": 0.0, "exposure_category": "none"}, "geometry": {"type": "Polygon", "coordinates": [[[-94.780905, 29.298032], [-94.780847, 29.29786], [-94.780792, 29.297873], [-94.78085, 29.298046], [-94.780905, 29.298032]]]}}, {"id": "738", "type": "Feature", "properties": {"id": "a360472f-1233-45ce-b722-65a4b1e07788", "name": null, "subtype": null, "class": null, "height": 6.2155609130859375, "num_floors": null, "surge_class": 0, "surge_ft": 0.0, "flood_active": false, "exposure_score": 0.0, "exposure_category": "none"}, "geometry": {"type": "Polygon", "coordinates": [[[-94.781, 29.297511], [-94.780857, 29.297549], [-94.78089, 29.297643], [-94.781033, 29.297606], [-94.781, 29.297511]]]}}, {"id": "739", "type": "Feature", "properties": {"id": "8716f6c0-a81d-41e5-ab0f-cb1d779e5dc6", "name": null, "subtype": null, "class": null, "height": 4.217584609985352, "num_floors": null, "surge_class": 0, "surge_ft": 0.0, "flood_active": false, "exposure_score": 0.0, "exposure_category": "none"}, "geometry": {"type": "Polygon", "coordinates": [[[-94.7807118, 29.2975529], [-94.7806591, 29.2973943], [-94.7805882, 29.2974121], [-94.7806409, 29.2975707], [-94.7807118, 29.2975529]]]}}, {"id": "740", "type": "Feature", "properties": {"id": "55de1868-bd07-4739-b06a-72d57d138698", "name": null, "subtype": null, "class": null, "height": 5.518338203430176, "num_floors": null, "surge_class": 0, "surge_ft": 0.0, "flood_active": false, "exposure_score": 0.0, "exposure_category": "none"}, "geometry": {"type": "Polygon", "coordinates": [[[-94.7808082, 29.2975218], [-94.7807585, 29.297371], [-94.7806728, 29.2973922], [-94.7807225, 29.297543], [-94.7808082, 29.2975218]]]}}, {"id": "741", "type": "Feature", "properties": {"id": "b075ece4-4a70-4cbd-8d23-a21d28b790eb", "name": null, "subtype": null, "class": null, "height": 4.090981483459473, "num_floors": null, "surge_class": 0, "surge_ft": 0.0, "flood_active": false, "exposure_score": 0.0, "exposure_category": "none"}, "geometry": {"type": "Polygon", "coordinates": [[[-94.7807829, 29.29736], [-94.7808185, 29.2974644], [-94.7809433, 29.2974318], [-94.7809369, 29.2974149], [-94.7809796, 29.2974045], [-94.7809537, 29.2973361], [-94.7809138, 29.297346], [-94.7809059, 29.2973276], [-94.7807829, 29.29736]]]}}, {"id": "742", "type": "Feature", "properties": {"id": "92c8badb-21b0-45b6-a0a5-975e2b7c5c0d", "name": null, "subtype": null, "class": null, "height": 4.823330402374268, "num_floors": null, "surge_class": 0, "surge_ft": 0.0, "flood_active": false, "exposure_score": 0.0, "exposure_category": "none"}, "geometry": {"type": "Polygon", "coordinates": [[[-94.781098, 29.297736], [-94.781066, 29.297647], [-94.780934, 29.297683], [-94.780966, 29.297772], [-94.781098, 29.297736]]]}}, {"id": "743", "type": "Feature", "properties": {"id": "9425b590-f120-40c3-abe9-73fca4cbe451", "name": null, "subtype": null, "class": null, "height": 5.147663116455078, "num_floors": null, "surge_class": 0, "surge_ft": 0.0, "flood_active": false, "exposure_score": 0.0, "exposure_category": "none"}, "geometry": {"type": "Polygon", "coordinates": [[[-94.781108, 29.297807], [-94.781027, 29.297824], [-94.781039, 29.297868], [-94.781003, 29.297875], [-94.781019, 29.297938], [-94.781064, 29.297929], [-94.781071, 29.297955], [-94.781144, 29.297941], [-94.781108, 29.297807]]]}}, {"id": "744", "type": "Feature", "properties": {"id": "8e6cabec-77b4-4583-afa7-f927e25bf169", "name": null, "subtype": null, "class": null, "height": 7.451504230499268, "num_floors": null, "surge_class": 0, "surge_ft": 0.0, "flood_active": false, "exposure_score": 0.0, "exposure_category": "none"}, "geometry": {"type": "Polygon", "coordinates": [[[-94.7820451, 29.2976841], [-94.7822067, 29.2976416], [-94.7820198, 29.2971045], [-94.7812974, 29.2972962], [-94.7814952, 29.2978628], [-94.7815445, 29.2978505], [-94.7815844, 29.2979628], [-94.7817234, 29.2979263], [-94.7817074, 29.297878], [-94.7820779, 29.2977797], [-94.7820451, 29.2976841]]]}}, {"id": "745", "type": "Feature", "properties": {"id": "fb424230-df56-42ef-bdeb-a42c2876c9cb", "name": null, "subtype": null, "class": null, "height": 4.789947032928467, "num_floors": null, "surge_class": 0, "surge_ft": 0.0, "flood_active": false, "exposure_score": 0.0, "exposure_category": "none"}, "geometry": {"type": "Polygon", "coordinates": [[[-94.7813196, 29.2967551], [-94.7813723, 29.2969066], [-94.7814617, 29.296883], [-94.781409, 29.2967314], [-94.7813196, 29.2967551]]]}}, {"id": "746", "type": "Feature", "properties": {"id": "39ab0100-d202-47bb-9b81-7c80c4cecc36", "name": null, "subtype": null, "class": null, "height": 5.031099319458008, "num_floors": null, "surge_class": 0, "surge_ft": 0.0, "flood_active": false, "exposure_score": 0.0, "exposure_category": "none"}, "geometry": {"type": "Polygon", "coordinates": [[[-94.7814643, 29.2967328], [-94.7815108, 29.2968698], [-94.7816031, 29.2968459], [-94.7815567, 29.296709], [-94.7814643, 29.2967328]]]}}, {"id": "747", "type": "Feature", "properties": {"id": "e5b47c9a-6fb1-44c7-b4ec-6dcbdc3ffce6", "name": null, "subtype": null, "class": null, "height": 3.847414016723633, "num_floors": null, "surge_class": 0, "surge_ft": 0.0, "flood_active": false, "exposure_score": 0.0, "exposure_category": "none"}, "geometry": {"type": "Polygon", "coordinates": [[[-94.7818529, 29.2967238], [-94.7818881, 29.2968256], [-94.7820134, 29.2967926], [-94.7819782, 29.2966908], [-94.7818529, 29.2967238]]]}}, {"id": "748", "type": "Feature", "properties": {"id": "90bf72a6-1981-49ff-ada9-f2993e942433", "name": null, "subtype": null, "class": null, "height": null, "num_floors": null, "surge_class": 0, "surge_ft": 0.0, "flood_active": false, "exposure_score": 0.0, "exposure_category": "none"}, "geometry": {"type": "Polygon", "coordinates": [[[-94.781787, 29.296849], [-94.781873, 29.29683], [-94.781837, 29.296707], [-94.781752, 29.296726], [-94.781787, 29.296849]]]}}, {"id": "749", "type": "Feature", "properties": {"id": "68c86fe0-902d-4b59-9018-c23c6b7b1c04", "name": null, "subtype": null, "class": null, "height": 4.55213737487793, "num_floors": null, "surge_class": 0, "surge_ft": 0.0, "flood_active": false, "exposure_score": 0.0, "exposure_category": "none"}, "geometry": {"type": "Polygon", "coordinates": [[[-94.781676, 29.296615], [-94.781615, 29.296628], [-94.781634, 29.296692], [-94.781601, 29.296699], [-94.781641, 29.296837], [-94.781734, 29.296817], [-94.781676, 29.296615]]]}}, {"id": "750", "type": "Feature", "properties": {"id": "2592e3f4-30ae-43c4-bad7-21dde85ba458", "name": null, "subtype": null, "class": null, "height": 4.439409255981445, "num_floors": null, "surge_class": 0, "surge_ft": 0.0, "flood_active": false, "exposure_score": 0.0, "exposure_category": "none"}, "geometry": {"type": "Polygon", "coordinates": [[[-94.7816614, 29.2965504], [-94.7816877, 29.2966313], [-94.7818004, 29.2966034], [-94.7817741, 29.2965225], [-94.7816614, 29.2965504]]]}}, {"id": "751", "type": "Feature", "properties": {"id": "8c4bf955-281e-4a58-b408-814147bd9db5", "name": null, "subtype": null, "class": null, "height": 4.6877121925354, "num_floors": null, "surge_class": 0, "surge_ft": 0.0, "flood_active": false, "exposure_score": 0.0, "exposure_category": "none"}, "geometry": {"type": "Polygon", "coordinates": [[[-94.781941, 29.296587], [-94.781908, 29.296496], [-94.781798, 29.296526], [-94.781831, 29.296617], [-94.781941, 29.296587]]]}}, {"id": "752", "type": "Feature", "properties": {"id": "80b8ba98-285f-4a1f-8a0b-863812759825", "name": null, "subtype": null, "class": null, "height": 4.107701301574707, "num_floors": null, "surge_class": 0, "surge_ft": 0.0, "flood_active": false, "exposure_score": 0.0, "exposure_category": "none"}, "geometry": {"type": "Polygon", "coordinates": [[[-94.781825, 29.296333], [-94.781808, 29.296264], [-94.781708, 29.296283], [-94.781725, 29.296352], [-94.781825, 29.296333]]]}}, {"id": "753", "type": "Feature", "properties": {"id": "81b1af67-4949-4171-b49c-5b3345462bb9", "name": null, "subtype": null, "class": null, "height": 3.528226137161255, "num_floors": null, "surge_class": 0, "surge_ft": 0.0, "flood_active": false, "exposure_score": 0.0, "exposure_category": "none"}, "geometry": {"type": "Polygon", "coordinates": [[[-94.781876, 29.296444], [-94.781855, 29.296358], [-94.781742, 29.296378], [-94.781762, 29.296464], [-94.781876, 29.296444]]]}}, {"id": "754", "type": "Feature", "properties": {"id": "4cc0e903-ef02-427c-9c17-d3e01ef40301", "name": null, "subtype": null, "class": null, "height": null, "num_floors": null, "surge_class": 0, "surge_ft": 0.0, "flood_active": false, "exposure_score": 0.0, "exposure_category": "none"}, "geometry": {"type": "Polygon", "coordinates": [[[-94.7817131, 29.2964502], [-94.7817024, 29.2964005], [-94.7816454, 29.2964097], [-94.781656, 29.2964595], [-94.7817131, 29.2964502]]]}}, {"id": "755", "type": "Feature", "properties": {"id": "ac30ee03-f8c9-41b2-9988-4ee64a1fda1c", "name": null, "subtype": null, "class": null, "height": 4.83998966217041, "num_floors": null, "surge_class": 0, "surge_ft": 0.0, "flood_active": false, "exposure_score": 0.0, "exposure_category": "none"}, "geometry": {"type": "Polygon", "coordinates": [[[-94.781667, 29.296176], [-94.781582, 29.296189], [-94.781614, 29.296352], [-94.7817, 29.296339], [-94.781667, 29.296176]]]}}, {"id": "756", "type": "Feature", "properties": {"id": "3f2b431f-2af1-401f-b03d-779453362836", "name": null, "subtype": null, "class": null, "height": 3.805107355117798, "num_floors": null, "surge_class": 0, "surge_ft": 0.0, "flood_active": false, "exposure_score": 0.0, "exposure_category": "none"}, "geometry": {"type": "Polygon", "coordinates": [[[-94.781525, 29.296198], [-94.78144, 29.296222], [-94.781501, 29.296387], [-94.781587, 29.296363], [-94.781525, 29.296198]]]}}, {"id": "757", "type": "Feature", "properties": {"id": "2f04fde9-6436-4721-83bb-51cbfdc03808", "name": null, "subtype": null, "class": null, "height": null, "num_floors": null, "surge_class": 0, "surge_ft": 0.0, "flood_active": false, "exposure_score": 0.0, "exposure_category": "none"}, "geometry": {"type": "Polygon", "coordinates": [[[-94.7815391, 29.2964414], [-94.781562, 29.296514], [-94.7816298, 29.2964978], [-94.7816069, 29.2964251], [-94.7815391, 29.2964414]]]}}, {"id": "758", "type": "Feature", "properties": {"id": "2c7fb1e1-c9b9-4ff2-971d-2924cce1ebd1", "name": null, "subtype": null, "class": null, "height": null, "num_floors": null, "surge_class": 0, "surge_ft": 0.0, "flood_active": false, "exposure_score": 0.0, "exposure_category": "none"}, "geometry": {"type": "Polygon", "coordinates": [[[-94.7813989, 29.2966222], [-94.7814161, 29.2966736], [-94.7814762, 29.2966584], [-94.7814591, 29.296607], [-94.7813989, 29.2966222]]]}}, {"id": "759", "type": "Feature", "properties": {"id": "1890d0bf-1ea7-494d-868e-4d2df5b910a8", "name": null, "subtype": null, "class": null, "height": null, "num_floors": null, "surge_class": 0, "surge_ft": 0.0, "flood_active": false, "exposure_score": 0.0, "exposure_category": "none"}, "geometry": {"type": "Polygon", "coordinates": [[[-94.7813612, 29.2964936], [-94.7813805, 29.2965533], [-94.7814187, 29.2965438], [-94.7813993, 29.2964842], [-94.7813612, 29.2964936]]]}}, {"id": "760", "type": "Feature", "properties": {"id": "9c167a24-d858-47e3-90a7-73e703b904f7", "name": null, "subtype": null, "class": null, "height": 3.7567930221557617, "num_floors": null, "surge_class": 0, "surge_ft": 0.0, "flood_active": false, "exposure_score": 0.0, "exposure_category": "none"}, "geometry": {"type": "Polygon", "coordinates": [[[-94.781416, 29.296432], [-94.781461, 29.296421], [-94.78141, 29.296258], [-94.78131, 29.296282], [-94.781349, 29.296406], [-94.781404, 29.296393], [-94.781416, 29.296432]]]}}, {"id": "761", "type": "Feature", "properties": {"id": "79c35518-cd60-4343-80cf-887723752e3c", "name": null, "subtype": null, "class": null, "height": 4.626150131225586, "num_floors": null, "surge_class": 0, "surge_ft": 0.0, "flood_active": false, "exposure_score": 0.0, "exposure_category": "none"}, "geometry": {"type": "Polygon", "coordinates": [[[-94.781257, 29.296449], [-94.781301, 29.296437], [-94.781246, 29.296289], [-94.781156, 29.296315], [-94.781224, 29.296497], [-94.78127, 29.296484], [-94.781257, 29.296449]]]}}, {"id": "762", "type": "Feature", "properties": {"id": "2acd6039-4d55-4171-aa72-107047381f1d", "name": null, "subtype": null, "class": null, "height": 4.594755172729492, "num_floors": null, "surge_class": 0, "surge_ft": 0.0, "flood_active": false, "exposure_score": 0.0, "exposure_category": "none"}, "geometry": {"type": "Polygon", "coordinates": [[[-94.780914, 29.296359], [-94.780948, 29.296512], [-94.780986, 29.296506], [-94.780994, 29.296542], [-94.78108, 29.296528], [-94.781039, 29.296338], [-94.780914, 29.296359]]]}}, {"id": "763", "type": "Feature", "properties": {"id": "c47ab59b-79f7-4b4d-a280-a743d244136c", "name": null, "subtype": null, "class": null, "height": 4.283930778503418, "num_floors": null, "surge_class": 0, "surge_ft": 0.0, "flood_active": false, "exposure_score": 0.0, "exposure_category": "none"}, "geometry": {"type": "Polygon", "coordinates": [[[-94.781124, 29.296635], [-94.781096, 29.296546], [-94.780969, 29.296577], [-94.780997, 29.296666], [-94.781124, 29.296635]]]}}, {"id": "764", "type": "Feature", "properties": {"id": "b6d256d7-d8f1-4518-b0de-70e8a48c62fb", "name": null, "subtype": null, "class": null, "height": 5.5257978439331055, "num_floors": null, "surge_class": 0, "surge_ft": 0.0, "flood_active": false, "exposure_score": 0.0, "exposure_category": "none"}, "geometry": {"type": "Polygon", "coordinates": [[[-94.781248, 29.29661], [-94.781221, 29.296498], [-94.7811, 29.29652], [-94.781127, 29.296632], [-94.781248, 29.29661]]]}}, {"id": "765", "type": "Feature", "properties": {"id": "3b6e0863-1d61-4808-90d2-988cd5bac3e1", "name": null, "subtype": null, "class": null, "height": null, "num_floors": null, "surge_class": 0, "surge_ft": 0.0, "flood_active": false, "exposure_score": 0.0, "exposure_category": "none"}, "geometry": {"type": "Polygon", "coordinates": [[[-94.7812871, 29.2964923], [-94.7813106, 29.2965617], [-94.7813614, 29.2965485], [-94.7813378, 29.2964792], [-94.7812871, 29.2964923]]]}}, {"id": "766", "type": "Feature", "properties": {"id": "b8d911ca-cd49-4847-b504-9e56464d1e75", "name": null, "subtype": null, "class": null, "height": 2.9854912757873535, "num_floors": null, "surge_class": 0, "surge_ft": 0.0, "flood_active": false, "exposure_score": 0.0, "exposure_category": "none"}, "geometry": {"type": "Polygon", "coordinates": [[[-94.7812694, 29.2966495], [-94.7812928, 29.2967166], [-94.7813925, 29.2966902], [-94.7813691, 29.2966231], [-94.7812694, 29.2966495]]]}}, {"id": "767", "type": "Feature", "properties": {"id": "d446ef07-477d-4f4f-8119-fbd0a8284655", "name": null, "subtype": null, "class": null, "height": 3.1172287464141846, "num_floors": null, "surge_class": 0, "surge_ft": 0.0, "flood_active": false, "exposure_score": 0.0, "exposure_category": "none"}, "geometry": {"type": "Polygon", "coordinates": [[[-94.781292, 29.296816], [-94.781218, 29.296828], [-94.781244, 29.296946], [-94.781339, 29.29693], [-94.781327, 29.296872], [-94.781305, 29.296875], [-94.781292, 29.296816]]]}}, {"id": "768", "type": "Feature", "properties": {"id": "4ec5d695-1174-4abe-931a-2a701ac9b580", "name": null, "subtype": null, "class": null, "height": 3.9039716720581055, "num_floors": null, "surge_class": 0, "surge_ft": 0.0, "flood_active": false, "exposure_score": 0.0, "exposure_category": "none"}, "geometry": {"type": "Polygon", "coordinates": [[[-94.781227, 29.297013], [-94.781193, 29.29685], [-94.781076, 29.296869], [-94.781111, 29.297032], [-94.781227, 29.297013]]]}}, {"id": "769", "type": "Feature", "properties": {"id": "94d39d67-219e-46f9-941a-22e9a9e87764", "name": null, "subtype": null, "class": null, "height": 3.2676353454589844, "num_floors": null, "surge_class": 0, "surge_ft": 0.0, "flood_active": false, "exposure_score": 0.0, "exposure_category": "none"}, "geometry": {"type": "Polygon", "coordinates": [[[-94.7808309, 29.2961903], [-94.781021, 29.296147], [-94.780995, 29.296057], [-94.781035, 29.296048], [-94.780989, 29.295892], [-94.7809189, 29.2958934], [-94.7807704, 29.2960098], [-94.7808309, 29.2961903]]]}}, {"id": "770", "type": "Feature", "properties": {"id": "eda1efe2-d29f-4b85-8a3e-769436ef0b13", "name": null, "subtype": null, "class": null, "height": 3.205897808074951, "num_floors": null, "surge_class": 0, "surge_ft": 0.0, "flood_active": false, "exposure_score": 0.0, "exposure_category": "none"}, "geometry": {"type": "Polygon", "coordinates": [[[-94.7819821, 29.2955224], [-94.7818652, 29.2955494], [-94.7818971, 29.2956543], [-94.782014, 29.2956273], [-94.7819821, 29.2955224]]]}}, {"id": "771", "type": "Feature", "properties": {"id": "cdbed401-f477-4632-95c4-680e563f42e3", "name": null, "subtype": null, "class": null, "height": null, "num_floors": null, "surge_class": 0, "surge_ft": 0.0, "flood_active": false, "exposure_score": 0.0, "exposure_category": "none"}, "geometry": {"type": "Polygon", "coordinates": [[[-94.781362, 29.295681], [-94.781261, 29.295705], [-94.781303, 29.295842], [-94.781409, 29.295817], [-94.781404, 29.295802], [-94.781487, 29.295783], [-94.781493, 29.295802], [-94.781505, 29.295799], [-94.781462, 29.295657], [-94.781362, 29.295681]]]}}, {"id": "772", "type": "Feature", "properties": {"id": "eae33939-5639-4c7c-9c25-ece00a306b07", "name": null, "subtype": null, "class": null, "height": null, "num_floors": null, "surge_class": 0, "surge_ft": 0.0, "flood_active": false, "exposure_score": 0.0, "exposure_category": "none"}, "geometry": {"type": "Polygon", "coordinates": [[[-94.7814888, 29.29565], [-94.7815169, 29.295741], [-94.7816344, 29.2957135], [-94.7816063, 29.2956224], [-94.7814888, 29.29565]]]}}, {"id": "773", "type": "Feature", "properties": {"id": "40bc2960-37c3-4e95-8115-a70611e08b37", "name": null, "subtype": null, "class": null, "height": null, "num_floors": null, "surge_class": 0, "surge_ft": 0.0, "flood_active": false, "exposure_score": 0.0, "exposure_category": "none"}, "geometry": {"type": "Polygon", "coordinates": [[[-94.781664, 29.295798], [-94.781597, 29.295815], [-94.781581, 29.295766], [-94.781548, 29.295774], [-94.781605, 29.295948], [-94.781705, 29.295923], [-94.781664, 29.295798]]]}}, {"id": "774", "type": "Feature", "properties": {"id": "50ff7950-0531-44f7-b1c7-70092d390235", "name": null, "subtype": null, "class": null, "height": null, "num_floors": null, "surge_class": 0, "surge_ft": 0.0, "flood_active": false, "exposure_score": 0.0, "exposure_category": "none"}, "geometry": {"type": "Polygon", "coordinates": [[[-94.7813662, 29.2960163], [-94.7815755, 29.2959575], [-94.7815286, 29.2958303], [-94.781292, 29.2958971], [-94.7813118, 29.2959488], [-94.7813392, 29.2959409], [-94.7813662, 29.2960163]]]}}, {"id": "775", "type": "Feature", "properties": {"id": "bae6e24d-6858-4021-aa94-d1bc29674a45", "name": null, "subtype": null, "class": null, "height": 3.2322187423706055, "num_floors": null, "surge_class": 0, "surge_ft": 0.0, "flood_active": false, "exposure_score": 0.0, "exposure_category": "none"}, "geometry": {"type": "Polygon", "coordinates": [[[-94.781788, 29.296139], [-94.781688, 29.296166], [-94.781724, 29.296266], [-94.781824, 29.296239], [-94.781788, 29.296139]]]}}, {"id": "776", "type": "Feature", "properties": {"id": "c8bbc5fc-0efe-4de3-bb53-f97baf637fd6", "name": null, "subtype": null, "class": null, "height": 4.090624809265137, "num_floors": null, "surge_class": 0, "surge_ft": 0.0, "flood_active": false, "exposure_score": 0.0, "exposure_category": "none"}, "geometry": {"type": "Polygon", "coordinates": [[[-94.7820819, 29.2962066], [-94.782104, 29.2962808], [-94.7822244, 29.2962535], [-94.7822024, 29.2961793], [-94.7820819, 29.2962066]]]}}, {"id": "777", "type": "Feature", "properties": {"id": "d12f5117-a65e-45cc-b646-88435b189779", "name": null, "subtype": null, "class": null, "height": 3.606271743774414, "num_floors": null, "surge_class": 0, "surge_ft": 0.0, "flood_active": false, "exposure_score": 0.0, "exposure_category": "none"}, "geometry": {"type": "Polygon", "coordinates": [[[-94.782067, 29.296185], [-94.782171, 29.29617], [-94.782144, 29.296028], [-94.782039, 29.296043], [-94.782067, 29.296185]]]}}, {"id": "778", "type": "Feature", "properties": {"id": "1456645b-1255-430a-a5e9-e293eb1dd62e", "name": null, "subtype": null, "class": null, "height": 3.9706614017486572, "num_floors": null, "surge_class": 0, "surge_ft": 0.0, "flood_active": false, "exposure_score": 0.0, "exposure_category": "none"}, "geometry": {"type": "Polygon", "coordinates": [[[-94.782296, 29.296034], [-94.782181, 29.296055], [-94.782208, 29.296169], [-94.782323, 29.296149], [-94.782296, 29.296034]]]}}, {"id": "779", "type": "Feature", "properties": {"id": "4e4a3afa-d205-4416-8ae0-8f65d61ac693", "name": null, "subtype": null, "class": null, "height": 2.9203877449035645, "num_floors": null, "surge_class": 0, "surge_ft": 0.0, "flood_active": false, "exposure_score": 0.0, "exposure_category": "none"}, "geometry": {"type": "Polygon", "coordinates": [[[-94.782414, 29.296197], [-94.782371, 29.29602], [-94.782309, 29.296032], [-94.782352, 29.296208], [-94.782414, 29.296197]]]}}, {"id": "780", "type": "Feature", "properties": {"id": "9d2135b5-484d-48d0-864d-5a886f0b1bed", "name": null, "subtype": null, "class": null, "height": 4.005245685577393, "num_floors": null, "surge_class": 0, "surge_ft": 0.0, "flood_active": false, "exposure_score": 0.0, "exposure_category": "none"}, "geometry": {"type": "Polygon", "coordinates": [[[-94.782498, 29.295988], [-94.782383, 29.29601], [-94.782411, 29.296124], [-94.782526, 29.296102], [-94.782498, 29.295988]]]}}, {"id": "781", "type": "Feature", "properties": {"id": "aed8beb0-4e55-47b1-a5d9-90b931b5d421", "name": null, "subtype": null, "class": null, "height": 2.6123383045196533, "num_floors": null, "surge_class": 0, "surge_ft": 0.0, "flood_active": false, "exposure_score": 0.0, "exposure_category": "none"}, "geometry": {"type": "Polygon", "coordinates": [[[-94.7824662, 29.2961883], [-94.78249, 29.2962588], [-94.7825708, 29.2962381], [-94.782547, 29.2961676], [-94.7824662, 29.2961883]]]}}, {"id": "782", "type": "Feature", "properties": {"id": "779c8936-a6e2-42c0-ab46-07aab2641c2b", "name": null, "subtype": null, "class": null, "height": 4.113093852996826, "num_floors": null, "surge_class": 0, "surge_ft": 0.0, "flood_active": false, "exposure_score": 0.0, "exposure_category": "none"}, "geometry": {"type": "Polygon", "coordinates": [[[-94.7825025, 29.2959499], [-94.7825545, 29.2961043], [-94.7826446, 29.2960813], [-94.7825926, 29.2959269], [-94.7825025, 29.2959499]]]}}, {"id": "783", "type": "Feature", "properties": {"id": "9f295f1f-c8ac-49b1-b5c1-ce48dde0d53e", "name": null, "subtype": null, "class": null, "height": 3.700883626937866, "num_floors": null, "surge_class": 0, "surge_ft": 0.0, "flood_active": false, "exposure_score": 0.0, "exposure_category": "none"}, "geometry": {"type": "Polygon", "coordinates": [[[-94.7824599, 29.295558], [-94.7825086, 29.2957059], [-94.7825978, 29.295682], [-94.7825479, 29.2955358], [-94.7824599, 29.295558]]]}}, {"id": "784", "type": "Feature", "properties": {"id": "a52cae49-be51-483f-bab0-dcadbbdea4d6", "name": null, "subtype": null, "class": null, "height": null, "num_floors": null, "surge_class": 0, "surge_ft": 0.0, "flood_active": false, "exposure_score": 0.0, "exposure_category": "none"}, "geometry": {"type": "Polygon", "coordinates": [[[-94.782596, 29.2956543], [-94.7826555, 29.2956395], [-94.7826114, 29.2955044], [-94.7825519, 29.2955192], [-94.782596, 29.2956543]]]}}, {"id": "785", "type": "Feature", "properties": {"id": "6fef4dad-16a2-4932-94cd-e91d2d46b03f", "name": null, "subtype": null, "class": null, "height": null, "num_floors": null, "surge_class": 0, "surge_ft": 0.0, "flood_active": false, "exposure_score": 0.0, "exposure_category": "none"}, "geometry": {"type": "Polygon", "coordinates": [[[-94.7824121, 29.2954314], [-94.7824222, 29.2954613], [-94.7824449, 29.2954555], [-94.7824348, 29.2954256], [-94.7824121, 29.2954314]]]}}, {"id": "786", "type": "Feature", "properties": {"id": "90d84f08-b796-4707-9e87-9577c6464f20", "name": null, "subtype": null, "class": null, "height": 3.07538104057312, "num_floors": null, "surge_class": 0, "surge_ft": 0.0, "flood_active": false, "exposure_score": 0.0, "exposure_category": "none"}, "geometry": {"type": "Polygon", "coordinates": [[[-94.7822602, 29.2955896], [-94.7823121, 29.2957471], [-94.7823975, 29.2957256], [-94.7823456, 29.2955682], [-94.7822602, 29.2955896]]]}}, {"id": "787", "type": "Feature", "properties": {"id": "abe30449-bb50-4cae-99b4-6b5b3ecf7f9f", "name": null, "subtype": null, "class": null, "height": 3.464773178100586, "num_floors": null, "surge_class": 0, "surge_ft": 0.0, "flood_active": false, "exposure_score": 0.0, "exposure_category": "none"}, "geometry": {"type": "Polygon", "coordinates": [[[-94.7821592, 29.295616], [-94.7822106, 29.2957742], [-94.7823062, 29.2957495], [-94.7822527, 29.295592], [-94.7821592, 29.295616]]]}}, {"id": "788", "type": "Feature", "properties": {"id": "362b0867-1b3b-4ef7-95c0-1398776cb963", "name": null, "subtype": null, "class": null, "height": null, "num_floors": null, "surge_class": 0, "surge_ft": 0.0, "flood_active": false, "exposure_score": 0.0, "exposure_category": "none"}, "geometry": {"type": "Polygon", "coordinates": [[[-94.7820816, 29.2958102], [-94.7822118, 29.2957787], [-94.7822106, 29.2957742], [-94.7821592, 29.295616], [-94.7821544, 29.2956018], [-94.7820291, 29.2956332], [-94.7820388, 29.295661], [-94.7819166, 29.2956913], [-94.7819394, 29.2957629], [-94.7820567, 29.2957347], [-94.7820686, 29.2957715], [-94.7819334, 29.295804], [-94.7819572, 29.2958766], [-94.7820924, 29.295843], [-94.7820816, 29.2958102]]]}}, {"id": "789", "type": "Feature", "properties": {"id": "86d4f0f8-4faa-4e53-812d-15f74fe4ccd3", "name": null, "subtype": null, "class": null, "height": null, "num_floors": null, "surge_class": 0, "surge_ft": 0.0, "flood_active": false, "exposure_score": 0.0, "exposure_category": "none"}, "geometry": {"type": "Polygon", "coordinates": [[[-94.7820516, 29.2955004], [-94.7820762, 29.2955701], [-94.7821217, 29.2955579], [-94.7820971, 29.2954882], [-94.7820516, 29.2955004]]]}}, {"id": "790", "type": "Feature", "properties": {"id": "740682cf-365d-4949-8c6f-e15d0a18e83f", "name": null, "subtype": null, "class": null, "height": 5.346592426300049, "num_floors": null, "surge_class": 0, "surge_ft": 0.0, "flood_active": false, "exposure_score": 0.0, "exposure_category": "none"}, "geometry": {"type": "Polygon", "coordinates": [[[-94.7824767, 29.2953387], [-94.7823684, 29.2949723], [-94.7826034, 29.2949197], [-94.782568, 29.2948002], [-94.782324, 29.2948549], [-94.7823422, 29.2949157], [-94.7822526, 29.294936], [-94.7823384, 29.2952258], [-94.7817937, 29.295348], [-94.7818206, 29.2954416], [-94.7822846, 29.2953376], [-94.7822974, 29.2953794], [-94.7824767, 29.2953387]]]}}, {"id": "791", "type": "Feature", "properties": {"id": "c8fbba3c-91dc-4637-833e-7cc1d9a985ac", "name": "DoubleTree by Hilton Hotel Galveston Beach", "subtype": null, "class": null, "height": 5.030282497406006, "num_floors": null, "surge_class": 0, "surge_ft": 0.0, "flood_active": false, "exposure_score": 0.0, "exposure_category": "none"}, "geometry": {"type": "Polygon", "coordinates": [[[-94.7832446, 29.2945357], [-94.7828325, 29.2946393], [-94.78287, 29.2947526], [-94.7829659, 29.2947285], [-94.7829612, 29.2947143], [-94.7832831, 29.2946334], [-94.7832983, 29.2946794], [-94.7834438, 29.2946428], [-94.7834279, 29.2945948], [-94.7836482, 29.2945394], [-94.7836523, 29.2945517], [-94.7837289, 29.2945324], [-94.7836835, 29.2943948], [-94.7833535, 29.2944777], [-94.7833372, 29.2944283], [-94.7833168, 29.2943667], [-94.7831986, 29.2943964], [-94.7832147, 29.2944451], [-94.7832446, 29.2945357]]]}}, {"id": "792", "type": "Feature", "properties": {"id": "0678a68e-a6d4-4ad5-947e-81d785c0032e", "name": null, "subtype": null, "class": null, "height": 3.8629331588745117, "num_floors": null, "surge_class": 0, "surge_ft": 0.0, "flood_active": false, "exposure_score": 0.0, "exposure_category": "none"}, "geometry": {"type": "Polygon", "coordinates": [[[-94.7831455, 29.2952672], [-94.7831315, 29.29522], [-94.7829942, 29.295251], [-94.7830182, 29.2953321], [-94.783071, 29.2953202], [-94.7831055, 29.2954364], [-94.7831884, 29.2954177], [-94.7831439, 29.2952676], [-94.7831455, 29.2952672]]]}}, {"id": "793", "type": "Feature", "properties": {"id": "051a102b-c1fe-4b91-87b7-600f87f55cc9", "name": null, "subtype": null, "class": null, "height": 3.8640921115875244, "num_floors": null, "surge_class": 0, "surge_ft": 0.0, "flood_active": false, "exposure_score": 0.0, "exposure_category": "none"}, "geometry": {"type": "Polygon", "coordinates": [[[-94.7834241, 29.2954406], [-94.7833968, 29.2952923], [-94.7833131, 29.2953041], [-94.7833404, 29.2954523], [-94.7834241, 29.2954406]]]}}, {"id": "794", "type": "Feature", "properties": {"id": "0333d003-56d1-437e-a6fc-eaf6f90beaa5", "name": null, "subtype": null, "class": null, "height": 5.5536370277404785, "num_floors": null, "surge_class": 0, "surge_ft": 0.0, "flood_active": false, "exposure_score": 0.0, "exposure_category": "none"}, "geometry": {"type": "Polygon", "coordinates": [[[-94.7832242, 29.2954935], [-94.7833323, 29.2954674], [-94.7832899, 29.2953337], [-94.7831818, 29.2953597], [-94.7832242, 29.2954935]]]}}, {"id": "795", "type": "Feature", "properties": {"id": "2c555f6e-09a6-4a97-b713-f45b50a6469b", "name": null, "subtype": null, "class": null, "height": 3.29258131980896, "num_floors": null, "surge_class": 0, "surge_ft": 0.0, "flood_active": false, "exposure_score": 0.0, "exposure_category": "none"}, "geometry": {"type": "Polygon", "coordinates": [[[-94.7831648, 29.2957542], [-94.783201, 29.2958644], [-94.7832762, 29.2958456], [-94.7832401, 29.2957354], [-94.7831648, 29.2957542]]]}}, {"id": "796", "type": "Feature", "properties": {"id": "4fffd1d0-c4d2-49c0-b6f5-73e44545c66d", "name": null, "subtype": null, "class": null, "height": 4.227272033691406, "num_floors": null, "surge_class": 0, "surge_ft": 0.0, "flood_active": false, "exposure_score": 0.0, "exposure_category": "none"}, "geometry": {"type": "Polygon", "coordinates": [[[-94.7832083, 29.2954376], [-94.7830851, 29.2954539], [-94.7831036, 29.2955603], [-94.7832268, 29.295544], [-94.7832083, 29.2954376]]]}}, {"id": "797", "type": "Feature", "properties": {"id": "7164bc88-1745-4ae2-b0b6-daa6fa77ca40", "name": null, "subtype": null, "class": null, "height": 3.359199047088623, "num_floors": null, "surge_class": 0, "surge_ft": 0.0, "flood_active": false, "exposure_score": 0.0, "exposure_category": "none"}, "geometry": {"type": "Polygon", "coordinates": [[[-94.782932, 29.295814], [-94.782803, 29.295845], [-94.782835, 29.295948], [-94.782838, 29.295948], [-94.782857, 29.29601], [-94.78292, 29.295995], [-94.782928, 29.296022], [-94.782992, 29.296007], [-94.782932, 29.295814]]]}}, {"id": "798", "type": "Feature", "properties": {"id": "be8ee5bf-64e2-4c8e-827a-75f06e0d73c0", "name": null, "subtype": null, "class": null, "height": null, "num_floors": null, "surge_class": 0, "surge_ft": 0.0, "flood_active": false, "exposure_score": 0.0, "exposure_category": "none"}, "geometry": {"type": "Polygon", "coordinates": [[[-94.782845, 29.296008], [-94.782806, 29.295886], [-94.782744, 29.295901], [-94.782747, 29.29591], [-94.782654, 29.295933], [-94.782689, 29.296041], [-94.782779, 29.296019], [-94.78278, 29.296024], [-94.782845, 29.296008]]]}}, {"id": "799", "type": "Feature", "properties": {"id": "3e3be474-28ce-4b34-b2e1-cdf44f0d344d", "name": null, "subtype": null, "class": null, "height": 4.120028495788574, "num_floors": null, "surge_class": 0, "surge_ft": 0.0, "flood_active": false, "exposure_score": 0.0, "exposure_category": "none"}, "geometry": {"type": "Polygon", "coordinates": [[[-94.783042, 29.296141], [-94.783023, 29.296066], [-94.782882, 29.296094], [-94.782902, 29.296168], [-94.783042, 29.296141]]]}}, {"id": "800", "type": "Feature", "properties": {"id": "5c656971-dad6-4a2a-b2f5-911fda52c3da", "name": null, "subtype": null, "class": null, "height": 3.9076545238494873, "num_floors": null, "surge_class": 0, "surge_ft": 0.0, "flood_active": false, "exposure_score": 0.0, "exposure_category": "none"}, "geometry": {"type": "Polygon", "coordinates": [[[-94.783057, 29.296277], [-94.783028, 29.296191], [-94.782914, 29.29622], [-94.782943, 29.296306], [-94.783057, 29.296277]]]}}, {"id": "801", "type": "Feature", "properties": {"id": "42a0fb1f-ccbb-495d-85de-7ae6728cb1fa", "name": null, "subtype": null, "class": null, "height": 4.066941261291504, "num_floors": null, "surge_class": 0, "surge_ft": 0.0, "flood_active": false, "exposure_score": 0.0, "exposure_category": "none"}, "geometry": {"type": "Polygon", "coordinates": [[[-94.7832087, 29.2958833], [-94.7832421, 29.2959787], [-94.7833169, 29.2959587], [-94.7832834, 29.2958634], [-94.7832087, 29.2958833]]]}}, {"id": "802", "type": "Feature", "properties": {"id": "febf6266-9299-42a1-b080-bf827f38db44", "name": null, "subtype": null, "class": null, "height": 5.233288288116455, "num_floors": null, "surge_class": 0, "surge_ft": 0.0, "flood_active": false, "exposure_score": 0.0, "exposure_category": "none"}, "geometry": {"type": "Polygon", "coordinates": [[[-94.7832581, 29.2957796], [-94.7833036, 29.2959145], [-94.7833849, 29.2958936], [-94.7833721, 29.2958558], [-94.7833612, 29.2958586], [-94.7833284, 29.2957616], [-94.7832581, 29.2957796]]]}}, {"id": "803", "type": "Feature", "properties": {"id": "257aa607-b7e0-4504-8201-635c17dfa7d0", "name": null, "subtype": null, "class": null, "height": 4.991255283355713, "num_floors": null, "surge_class": 0, "surge_ft": 0.0, "flood_active": false, "exposure_score": 0.0, "exposure_category": "none"}, "geometry": {"type": "Polygon", "coordinates": [[[-94.783332, 29.295991], [-94.783251, 29.296009], [-94.783271, 29.296077], [-94.783352, 29.296059], [-94.783332, 29.295991]]]}}, {"id": "804", "type": "Feature", "properties": {"id": "b1e83d32-01a6-49c6-8ff0-708261089051", "name": null, "subtype": null, "class": null, "height": 3.0624845027923584, "num_floors": null, "surge_class": 1, "surge_ft": 0.5, "flood_active": false, "exposure_score": 0.015, "exposure_category": "low"}, "geometry": {"type": "Polygon", "coordinates": [[[-94.783436, 29.296186], [-94.783417, 29.2961], [-94.783295, 29.296121], [-94.783314, 29.296206], [-94.783436, 29.296186]]]}}, {"id": "805", "type": "Feature", "properties": {"id": "0778e238-3908-4c05-9940-1724b950cf0e", "name": null, "subtype": null, "class": null, "height": 4.311490058898926, "num_floors": null, "surge_class": 0, "surge_ft": 0.0, "flood_active": false, "exposure_score": 0.0, "exposure_category": "none"}, "geometry": {"type": "Polygon", "coordinates": [[[-94.783124, 29.296387], [-94.783029, 29.296401], [-94.783048, 29.296502], [-94.783144, 29.296488], [-94.783124, 29.296387]]]}}, {"id": "806", "type": "Feature", "properties": {"id": "4583c0e2-3fc9-4003-b211-f0420e4a8444", "name": null, "subtype": null, "class": null, "height": 5.5118842124938965, "num_floors": null, "surge_class": 0, "surge_ft": 0.0, "flood_active": false, "exposure_score": 0.0, "exposure_category": "none"}, "geometry": {"type": "Polygon", "coordinates": [[[-94.783295, 29.29693], [-94.783199, 29.296945], [-94.783216, 29.297026], [-94.783312, 29.29701], [-94.783295, 29.29693]]]}}, {"id": "807", "type": "Feature", "properties": {"id": "373b5b39-b4c6-4a5e-a088-884b6211816e", "name": null, "subtype": null, "class": null, "height": null, "num_floors": null, "surge_class": 0, "surge_ft": 0.0, "flood_active": false, "exposure_score": 0.0, "exposure_category": "none"}, "geometry": {"type": "Polygon", "coordinates": [[[-94.78309, 29.296968], [-94.783075, 29.296899], [-94.783021, 29.296907], [-94.783035, 29.296976], [-94.78309, 29.296968]]]}}, {"id": "808", "type": "Feature", "properties": {"id": "598a476f-cbd5-4977-8e3e-5e72f817f39e", "name": null, "subtype": null, "class": null, "height": 2.9985742568969727, "num_floors": null, "surge_class": 0, "surge_ft": 0.0, "flood_active": false, "exposure_score": 0.0, "exposure_category": "none"}, "geometry": {"type": "Polygon", "coordinates": [[[-94.783153, 29.296887], [-94.783104, 29.296748], [-94.783038, 29.296766], [-94.783087, 29.296905], [-94.783153, 29.296887]]]}}, {"id": "809", "type": "Feature", "properties": {"id": "e67f09ca-fdd6-4066-8522-6c3bb511b428", "name": null, "subtype": null, "class": null, "height": 3.764573097229004, "num_floors": null, "surge_class": 0, "surge_ft": 0.0, "flood_active": false, "exposure_score": 0.0, "exposure_category": "none"}, "geometry": {"type": "Polygon", "coordinates": [[[-94.783233, 29.296719], [-94.783128, 29.296744], [-94.783161, 29.296853], [-94.783266, 29.296829], [-94.783233, 29.296719]]]}}, {"id": "810", "type": "Feature", "properties": {"id": "4306a1da-7b43-434e-b378-d7e24e0c9a4d", "name": null, "subtype": null, "class": null, "height": 2.7297303676605225, "num_floors": null, "surge_class": 0, "surge_ft": 0.0, "flood_active": false, "exposure_score": 0.0, "exposure_category": "none"}, "geometry": {"type": "Polygon", "coordinates": [[[-94.782974, 29.296961], [-94.78302, 29.296949], [-94.782965, 29.296795], [-94.782919, 29.296808], [-94.782974, 29.296961]]]}}, {"id": "811", "type": "Feature", "properties": {"id": "de863a2c-37b1-4e67-a76a-2a9445ba2128", "name": null, "subtype": null, "class": null, "height": 3.223970413208008, "num_floors": null, "surge_class": 0, "surge_ft": 0.0, "flood_active": false, "exposure_score": 0.0, "exposure_category": "none"}, "geometry": {"type": "Polygon", "coordinates": [[[-94.783063, 29.296895], [-94.783045, 29.296797], [-94.78299, 29.296805], [-94.783008, 29.296903], [-94.783063, 29.296895]]]}}, {"id": "812", "type": "Feature", "properties": {"id": "32bea7e0-e5fa-474b-bd61-16c3730ff16a", "name": null, "subtype": null, "class": null, "height": 3.4920036792755127, "num_floors": null, "surge_class": 0, "surge_ft": 0.0, "flood_active": false, "exposure_score": 0.0, "exposure_category": "none"}, "geometry": {"type": "Polygon", "coordinates": [[[-94.782881, 29.29712], [-94.782979, 29.297098], [-94.782953, 29.297011], [-94.782855, 29.297034], [-94.782881, 29.29712]]]}}, {"id": "813", "type": "Feature", "properties": {"id": "ee65a5e8-1de5-4b9b-ae92-2c382618bdb6", "name": null, "subtype": null, "class": null, "height": 3.1172680854797363, "num_floors": null, "surge_class": 0, "surge_ft": 0.0, "flood_active": false, "exposure_score": 0.0, "exposure_category": "none"}, "geometry": {"type": "Polygon", "coordinates": [[[-94.782792, 29.296964], [-94.782775, 29.296852], [-94.782705, 29.29686], [-94.782722, 29.296972], [-94.782792, 29.296964]]]}}, {"id": "814", "type": "Feature", "properties": {"id": "2b3d76ed-8e83-42b7-a963-20e0c7731615", "name": null, "subtype": null, "class": null, "height": 2.6358604431152344, "num_floors": null, "surge_class": 0, "surge_ft": 0.0, "flood_active": false, "exposure_score": 0.0, "exposure_category": "none"}, "geometry": {"type": "Polygon", "coordinates": [[[-94.78272, 29.296525], [-94.782698, 29.29653], [-94.782713, 29.296587], [-94.78282, 29.296565], [-94.782788, 29.296444], [-94.782703, 29.296461], [-94.78272, 29.296525]]]}}, {"id": "815", "type": "Feature", "properties": {"id": "27eb4f25-746d-4356-9ce5-de5122be2493", "name": null, "subtype": null, "class": null, "height": 3.0845367908477783, "num_floors": null, "surge_class": 0, "surge_ft": 0.0, "flood_active": false, "exposure_score": 0.0, "exposure_category": "none"}, "geometry": {"type": "Polygon", "coordinates": [[[-94.782833, 29.296567], [-94.782953, 29.296538], [-94.782918, 29.296425], [-94.782797, 29.296454], [-94.782833, 29.296567]]]}}, {"id": "816", "type": "Feature", "properties": {"id": "e08b374f-fdb7-4edb-a4d4-3254a92cda41", "name": null, "subtype": null, "class": null, "height": null, "num_floors": null, "surge_class": 0, "surge_ft": 0.0, "flood_active": false, "exposure_score": 0.0, "exposure_category": "none"}, "geometry": {"type": "Polygon", "coordinates": [[[-94.7830173, 29.2963978], [-94.7829898, 29.2964077], [-94.7830049, 29.2964397], [-94.7830324, 29.2964298], [-94.7830173, 29.2963978]]]}}, {"id": "817", "type": "Feature", "properties": {"id": "073963cf-9874-4848-8586-9077ad426dca", "name": null, "subtype": null, "class": null, "height": 4.066953182220459, "num_floors": null, "surge_class": 0, "surge_ft": 0.0, "flood_active": false, "exposure_score": 0.0, "exposure_category": "none"}, "geometry": {"type": "Polygon", "coordinates": [[[-94.783089, 29.296374], [-94.783062, 29.296293], [-94.782948, 29.296323], [-94.782975, 29.296403], [-94.783089, 29.296374]]]}}, {"id": "818", "type": "Feature", "properties": {"id": "248b824d-22c1-48cf-b2af-0cb1e246fe3f", "name": null, "subtype": null, "class": null, "height": 2.9093620777130127, "num_floors": null, "surge_class": 0, "surge_ft": 0.0, "flood_active": false, "exposure_score": 0.0, "exposure_category": "none"}, "geometry": {"type": "Polygon", "coordinates": [[[-94.782798, 29.296331], [-94.782884, 29.296313], [-94.782863, 29.296242], [-94.782778, 29.296261], [-94.782798, 29.296331]]]}}, {"id": "819", "type": "Feature", "properties": {"id": "40bd77d3-d8df-47e2-b708-e1b775a12e0a", "name": null, "subtype": null, "class": null, "height": 2.897120952606201, "num_floors": null, "surge_class": 0, "surge_ft": 0.0, "flood_active": false, "exposure_score": 0.0, "exposure_category": "none"}, "geometry": {"type": "Polygon", "coordinates": [[[-94.782601, 29.2964462], [-94.7826496, 29.2965945], [-94.7826954, 29.2965831], [-94.7826468, 29.2964348], [-94.782601, 29.2964462]]]}}, {"id": "820", "type": "Feature", "properties": {"id": "b0b44ca8-971d-4cc8-99d7-1d8560883027", "name": null, "subtype": null, "class": null, "height": null, "num_floors": null, "surge_class": 0, "surge_ft": 0.0, "flood_active": false, "exposure_score": 0.0, "exposure_category": "none"}, "geometry": {"type": "Polygon", "coordinates": [[[-94.7825343, 29.2964644], [-94.7825809, 29.2966138], [-94.7826268, 29.2966029], [-94.7825803, 29.2964535], [-94.7825343, 29.2964644]]]}}, {"id": "821", "type": "Feature", "properties": {"id": "3b1e0601-9ce5-4ece-90a3-c7be66736961", "name": null, "subtype": null, "class": null, "height": 3.0041251182556152, "num_floors": null, "surge_class": 0, "surge_ft": 0.0, "flood_active": false, "exposure_score": 0.0, "exposure_category": "none"}, "geometry": {"type": "Polygon", "coordinates": [[[-94.782394, 29.2965931], [-94.7824163, 29.2966634], [-94.7824953, 29.2966443], [-94.782473, 29.296574], [-94.782394, 29.2965931]]]}}, {"id": "822", "type": "Feature", "properties": {"id": "3cd75931-b1ca-4b4e-ba70-077a31b91634", "name": null, "subtype": null, "class": null, "height": 4.352046966552734, "num_floors": null, "surge_class": 0, "surge_ft": 0.0, "flood_active": false, "exposure_score": 0.0, "exposure_category": "none"}, "geometry": {"type": "Polygon", "coordinates": [[[-94.7821754, 29.2964327], [-94.7821927, 29.2964974], [-94.7824066, 29.2964416], [-94.7823848, 29.2963795], [-94.7821754, 29.2964327]]]}}, {"id": "823", "type": "Feature", "properties": {"id": "d3a0b54d-6cfe-44b1-9f22-4e7c6d774537", "name": null, "subtype": null, "class": null, "height": 4.339083671569824, "num_floors": null, "surge_class": 0, "surge_ft": 0.0, "flood_active": false, "exposure_score": 0.0, "exposure_category": "none"}, "geometry": {"type": "Polygon", "coordinates": [[[-94.782261, 29.296336], [-94.782233, 29.29626], [-94.782136, 29.296286], [-94.782163, 29.296363], [-94.782261, 29.296336]]]}}, {"id": "824", "type": "Feature", "properties": {"id": "ec9732a4-492d-4bec-bbb9-db36cfc7d89d", "name": null, "subtype": null, "class": null, "height": 4.603940963745117, "num_floors": null, "surge_class": 0, "surge_ft": 0.0, "flood_active": false, "exposure_score": 0.0, "exposure_category": "none"}, "geometry": {"type": "Polygon", "coordinates": [[[-94.782382, 29.296582], [-94.782372, 29.296541], [-94.782425, 29.296532], [-94.782414, 29.296487], [-94.782223, 29.296522], [-94.782243, 29.296607], [-94.782382, 29.296582]]]}}, {"id": "825", "type": "Feature", "properties": {"id": "a1ccefad-db84-417d-bf09-0041e5efb8e1", "name": null, "subtype": null, "class": null, "height": 4.882731914520264, "num_floors": null, "surge_class": 0, "surge_ft": 0.0, "flood_active": false, "exposure_score": 0.0, "exposure_category": "none"}, "geometry": {"type": "Polygon", "coordinates": [[[-94.782384, 29.296609], [-94.782239, 29.296649], [-94.782271, 29.296738], [-94.782416, 29.296698], [-94.782384, 29.296609]]]}}, {"id": "826", "type": "Feature", "properties": {"id": "f132bd9c-f664-43e8-a4e5-67adbcb4f3ae", "name": null, "subtype": null, "class": null, "height": 3.4174084663391113, "num_floors": null, "surge_class": 0, "surge_ft": 0.0, "flood_active": false, "exposure_score": 0.0, "exposure_category": "none"}, "geometry": {"type": "Polygon", "coordinates": [[[-94.782426, 29.297103], [-94.782514, 29.297081], [-94.782454, 29.296896], [-94.782329, 29.296927], [-94.782353, 29.297003], [-94.782391, 29.296994], [-94.782426, 29.297103]]]}}, {"id": "827", "type": "Feature", "properties": {"id": "eccf4ecf-7bb9-460d-a7c8-caed405676c9", "name": null, "subtype": null, "class": null, "height": 2.905029058456421, "num_floors": null, "surge_class": 0, "surge_ft": 0.0, "flood_active": false, "exposure_score": 0.0, "exposure_category": "none"}, "geometry": {"type": "Polygon", "coordinates": [[[-94.782671, 29.296877], [-94.782604, 29.296888], [-94.782634, 29.297024], [-94.782701, 29.297013], [-94.782671, 29.296877]]]}}, {"id": "828", "type": "Feature", "properties": {"id": "80c6be7b-8c84-4d1f-ad4c-6d31a5e7f100", "name": null, "subtype": null, "class": null, "height": null, "num_floors": null, "surge_class": 0, "surge_ft": 0.0, "flood_active": false, "exposure_score": 0.0, "exposure_category": "none"}, "geometry": {"type": "Polygon", "coordinates": [[[-94.782644, 29.297059], [-94.78259, 29.296895], [-94.782493, 29.296919], [-94.782547, 29.297083], [-94.782644, 29.297059]]]}}, {"id": "829", "type": "Feature", "properties": {"id": "fd79b311-a83b-4454-b7a1-46d8b77e04e6", "name": null, "subtype": null, "class": null, "height": 2.8659586906433105, "num_floors": null, "surge_class": 0, "surge_ft": 0.0, "flood_active": false, "exposure_score": 0.0, "exposure_category": "none"}, "geometry": {"type": "Polygon", "coordinates": [[[-94.782621, 29.297109], [-94.782543, 29.297126], [-94.782567, 29.297206], [-94.782645, 29.297189], [-94.782621, 29.297109]]]}}, {"id": "830", "type": "Feature", "properties": {"id": "3bf853f2-deb0-4d89-b89c-d3c7e092406b", "name": null, "subtype": null, "class": null, "height": 4.609467506408691, "num_floors": null, "surge_class": 0, "surge_ft": 0.0, "flood_active": false, "exposure_score": 0.0, "exposure_category": "none"}, "geometry": {"type": "Polygon", "coordinates": [[[-94.782558, 29.297598], [-94.782677, 29.297577], [-94.782648, 29.297456], [-94.78253, 29.297477], [-94.782558, 29.297598]]]}}, {"id": "831", "type": "Feature", "properties": {"id": "5851d81c-9eac-47ae-a1c3-ddce5d9ba13b", "name": null, "subtype": null, "class": null, "height": 5.528265476226807, "num_floors": null, "surge_class": 0, "surge_ft": 0.0, "flood_active": false, "exposure_score": 0.0, "exposure_category": "none"}, "geometry": {"type": "Polygon", "coordinates": [[[-94.782581, 29.29728], [-94.782507, 29.2973], [-94.782529, 29.297362], [-94.782482, 29.297374], [-94.782507, 29.297447], [-94.782628, 29.297415], [-94.782581, 29.29728]]]}}, {"id": "832", "type": "Feature", "properties": {"id": "0d0a740e-2068-4a53-aa83-64dca1342872", "name": null, "subtype": null, "class": null, "height": 4.844696044921875, "num_floors": null, "surge_class": 1, "surge_ft": 0.5, "flood_active": false, "exposure_score": 0.015, "exposure_category": "low"}, "geometry": {"type": "Polygon", "coordinates": [[[-94.782559, 29.297216], [-94.78253, 29.297126], [-94.782403, 29.297158], [-94.782433, 29.297247], [-94.782559, 29.297216]]]}}, {"id": "833", "type": "Feature", "properties": {"id": "c1cb9e93-968d-4fe8-b630-1c833b648b8e", "name": null, "subtype": null, "class": null, "height": 4.387699604034424, "num_floors": null, "surge_class": 0, "surge_ft": 0.0, "flood_active": false, "exposure_score": 0.0, "exposure_category": "none"}, "geometry": {"type": "Polygon", "coordinates": [[[-94.782694, 29.298005], [-94.782819, 29.29798], [-94.782804, 29.29792], [-94.78275, 29.297931], [-94.782743, 29.297902], [-94.782671, 29.297916], [-94.782694, 29.298005]]]}}, {"id": "834", "type": "Feature", "properties": {"id": "4fbc779e-e860-4af6-8afd-71448e2ac9b9", "name": null, "subtype": null, "class": null, "height": 6.644477367401123, "num_floors": null, "surge_class": 0, "surge_ft": 0.0, "flood_active": false, "exposure_score": 0.0, "exposure_category": "none"}, "geometry": {"type": "Polygon", "coordinates": [[[-94.782664, 29.297883], [-94.782772, 29.29787], [-94.782756, 29.297773], [-94.782649, 29.297786], [-94.782664, 29.297883]]]}}, {"id": "835", "type": "Feature", "properties": {"id": "6afe20e4-de92-4c92-90f4-1443268163dd", "name": null, "subtype": null, "class": null, "height": 5.760844707489014, "num_floors": null, "surge_class": 0, "surge_ft": 0.0, "flood_active": false, "exposure_score": 0.0, "exposure_category": "none"}, "geometry": {"type": "Polygon", "coordinates": [[[-94.7827667, 29.2978024], [-94.7828117, 29.2979317], [-94.7829151, 29.2979044], [-94.78287, 29.297775], [-94.7827667, 29.2978024]]]}}, {"id": "836", "type": "Feature", "properties": {"id": "7f90cf33-3242-423b-89da-287b1db5f536", "name": null, "subtype": null, "class": null, "height": 5.191504955291748, "num_floors": null, "surge_class": 0, "surge_ft": 0.0, "flood_active": false, "exposure_score": 0.0, "exposure_category": "none"}, "geometry": {"type": "Polygon", "coordinates": [[[-94.783023, 29.297739], [-94.782965, 29.297752], [-94.783004, 29.297893], [-94.783063, 29.29788], [-94.783023, 29.297739]]]}}, {"id": "837", "type": "Feature", "properties": {"id": "658cd15a-a2e2-4dea-8f78-fcc30f95b4ad", "name": null, "subtype": null, "class": null, "height": 3.4311037063598633, "num_floors": null, "surge_class": 0, "surge_ft": 0.0, "flood_active": false, "exposure_score": 0.0, "exposure_category": "none"}, "geometry": {"type": "Polygon", "coordinates": [[[-94.7829012, 29.2977874], [-94.7829371, 29.2978907], [-94.7829932, 29.2978759], [-94.7829573, 29.2977725], [-94.7829012, 29.2977874]]]}}, {"id": "838", "type": "Feature", "properties": {"id": "64ccf742-d2a0-446e-a375-addea42fd357", "name": null, "subtype": null, "class": null, "height": 4.431134223937988, "num_floors": null, "surge_class": 0, "surge_ft": 0.0, "flood_active": false, "exposure_score": 0.0, "exposure_category": "none"}, "geometry": {"type": "Polygon", "coordinates": [[[-94.782769, 29.297411], [-94.782673, 29.297426], [-94.782695, 29.297532], [-94.782791, 29.297517], [-94.782769, 29.297411]]]}}, {"id": "839", "type": "Feature", "properties": {"id": "30ee77eb-3f10-4d62-960c-c7012db1a212", "name": null, "subtype": null, "class": null, "height": 4.937451362609863, "num_floors": null, "surge_class": 0, "surge_ft": 0.0, "flood_active": false, "exposure_score": 0.0, "exposure_category": "none"}, "geometry": {"type": "Polygon", "coordinates": [[[-94.782907, 29.297499], [-94.782869, 29.297373], [-94.782776, 29.297395], [-94.782814, 29.29752], [-94.782907, 29.297499]]]}}, {"id": "840", "type": "Feature", "properties": {"id": "5cbdd016-60dc-468e-bdc9-cd55f3ab9647", "name": null, "subtype": null, "class": null, "height": 4.939901351928711, "num_floors": null, "surge_class": 0, "surge_ft": 0.0, "flood_active": false, "exposure_score": 0.0, "exposure_category": "none"}, "geometry": {"type": "Polygon", "coordinates": [[[-94.782926, 29.297483], [-94.782989, 29.297472], [-94.782956, 29.297335], [-94.782893, 29.297346], [-94.782926, 29.297483]]]}}, {"id": "841", "type": "Feature", "properties": {"id": "b0e6559a-850c-4e72-90a7-f8f9d607e9dc", "name": null, "subtype": null, "class": null, "height": 4.479513168334961, "num_floors": null, "surge_class": 0, "surge_ft": 0.0, "flood_active": false, "exposure_score": 0.0, "exposure_category": "none"}, "geometry": {"type": "Polygon", "coordinates": [[[-94.783179, 29.297408], [-94.783147, 29.297285], [-94.783113, 29.297291], [-94.783121, 29.297321], [-94.78306, 29.297333], [-94.78305, 29.297293], [-94.78296, 29.297311], [-94.782995, 29.297444], [-94.783179, 29.297408]]]}}, {"id": "842", "type": "Feature", "properties": {"id": "20e300f8-9abc-4b0e-bf17-0c10076587ae", "name": null, "subtype": null, "class": null, "height": 3.053671360015869, "num_floors": null, "surge_class": 0, "surge_ft": 0.0, "flood_active": false, "exposure_score": 0.0, "exposure_category": "none"}, "geometry": {"type": "Polygon", "coordinates": [[[-94.783115, 29.297204], [-94.7831, 29.297136], [-94.783006, 29.297152], [-94.78302, 29.297219], [-94.783115, 29.297204]]]}}, {"id": "843", "type": "Feature", "properties": {"id": "551da5bd-061e-4677-a0a9-c27328d30fb9", "name": null, "subtype": null, "class": null, "height": 5.694699764251709, "num_floors": null, "surge_class": 0, "surge_ft": 0.0, "flood_active": false, "exposure_score": 0.0, "exposure_category": "none"}, "geometry": {"type": "Polygon", "coordinates": [[[-94.783191, 29.297214], [-94.783136, 29.297228], [-94.78319, 29.29739], [-94.783244, 29.297376], [-94.783191, 29.297214]]]}}, {"id": "844", "type": "Feature", "properties": {"id": "4c1f15ac-2a6f-422e-8264-964f23982707", "name": null, "subtype": null, "class": null, "height": 5.8567023277282715, "num_floors": null, "surge_class": 0, "surge_ft": 0.0, "flood_active": false, "exposure_score": 0.0, "exposure_category": "none"}, "geometry": {"type": "Polygon", "coordinates": [[[-94.783269, 29.297408], [-94.783327, 29.297391], [-94.783267, 29.297238], [-94.783209, 29.297255], [-94.783269, 29.297408]]]}}, {"id": "845", "type": "Feature", "properties": {"id": "2123d4c5-7458-471b-89d5-469a4c19d707", "name": null, "subtype": null, "class": null, "height": 5.676900863647461, "num_floors": null, "surge_class": 0, "surge_ft": 0.0, "flood_active": false, "exposure_score": 0.0, "exposure_category": "none"}, "geometry": {"type": "Polygon", "coordinates": [[[-94.783361, 29.297161], [-94.783332, 29.297064], [-94.78323, 29.297087], [-94.783259, 29.297184], [-94.783361, 29.297161]]]}}, {"id": "846", "type": "Feature", "properties": {"id": "f0aaa2b6-8abc-45e8-8cc2-f251ca4ca407", "name": null, "subtype": null, "class": null, "height": 6.131993293762207, "num_floors": null, "surge_class": 0, "surge_ft": 0.0, "flood_active": false, "exposure_score": 0.0, "exposure_category": "none"}, "geometry": {"type": "Polygon", "coordinates": [[[-94.783335, 29.297407], [-94.783434, 29.297383], [-94.783399, 29.297272], [-94.783299, 29.297296], [-94.783335, 29.297407]]]}}, {"id": "847", "type": "Feature", "properties": {"id": "4f8d7e61-74dd-4964-b290-de45413f7a6c", "name": null, "subtype": null, "class": null, "height": 5.008286476135254, "num_floors": null, "surge_class": 0, "surge_ft": 0.0, "flood_active": false, "exposure_score": 0.0, "exposure_category": "none"}, "geometry": {"type": "Polygon", "coordinates": [[[-94.783152, 29.297728], [-94.783037, 29.297758], [-94.783064, 29.297838], [-94.783179, 29.297808], [-94.783152, 29.297728]]]}}, {"id": "848", "type": "Feature", "properties": {"id": "51b5f2a4-a786-4f2c-b9e4-a50c1e383b82", "name": null, "subtype": null, "class": null, "height": null, "num_floors": null, "surge_class": 0, "surge_ft": 0.0, "flood_active": false, "exposure_score": 0.0, "exposure_category": "none"}, "geometry": {"type": "Polygon", "coordinates": [[[-94.7830937, 29.2979311], [-94.7831161, 29.2980017], [-94.7831916, 29.2979835], [-94.7831691, 29.2979129], [-94.7830937, 29.2979311]]]}}, {"id": "849", "type": "Feature", "properties": {"id": "2c9d73b1-9a03-4f73-9d8b-80df2881de86", "name": null, "subtype": null, "class": null, "height": 5.2815937995910645, "num_floors": null, "surge_class": 0, "surge_ft": 0.0, "flood_active": false, "exposure_score": 0.0, "exposure_category": "none"}, "geometry": {"type": "Polygon", "coordinates": [[[-94.783208, 29.297852], [-94.783292, 29.297833], [-94.783249, 29.297696], [-94.783166, 29.297716], [-94.783208, 29.297852]]]}}, {"id": "850", "type": "Feature", "properties": {"id": "963d4854-f126-4241-b035-52e3327b49ea", "name": null, "subtype": null, "class": null, "height": 3.5468294620513916, "num_floors": null, "surge_class": 0, "surge_ft": 0.0, "flood_active": false, "exposure_score": 0.0, "exposure_category": "none"}, "geometry": {"type": "Polygon", "coordinates": [[[-94.7833558, 29.2978809], [-94.7833761, 29.297945], [-94.7834937, 29.2979166], [-94.7834734, 29.2978525], [-94.7833558, 29.2978809]]]}}, {"id": "851", "type": "Feature", "properties": {"id": "dcd0b384-fa29-42c4-ba4a-70a6b00b53cd", "name": null, "subtype": null, "class": null, "height": 5.212292671203613, "num_floors": null, "surge_class": 0, "surge_ft": 0.0, "flood_active": false, "exposure_score": 0.0, "exposure_category": "none"}, "geometry": {"type": "Polygon", "coordinates": [[[-94.783448, 29.297789], [-94.78341, 29.297628], [-94.783304, 29.297647], [-94.783343, 29.297808], [-94.783448, 29.297789]]]}}, {"id": "852", "type": "Feature", "properties": {"id": "4dc9be84-4aaf-4316-acd3-5e589fb49965", "name": null, "subtype": null, "class": null, "height": 5.792352199554443, "num_floors": null, "surge_class": 0, "surge_ft": 0.0, "flood_active": false, "exposure_score": 0.0, "exposure_category": "none"}, "geometry": {"type": "Polygon", "coordinates": [[[-94.7834209, 29.2975894], [-94.7834524, 29.2976773], [-94.7835487, 29.297651], [-94.7835172, 29.2975631], [-94.7834209, 29.2975894]]]}}, {"id": "853", "type": "Feature", "properties": {"id": "5bc24522-19b5-48b7-8278-912833fec8af", "name": null, "subtype": null, "class": null, "height": 5.1708664894104, "num_floors": null, "surge_class": 0, "surge_ft": 0.0, "flood_active": false, "exposure_score": 0.0, "exposure_category": "none"}, "geometry": {"type": "Polygon", "coordinates": [[[-94.7834804, 29.2978207], [-94.7835078, 29.2979046], [-94.7836155, 29.2978778], [-94.7835881, 29.2977939], [-94.7834804, 29.2978207]]]}}, {"id": "854", "type": "Feature", "properties": {"id": "fca160d5-ca18-4473-9587-971f3a4e55d6", "name": null, "subtype": null, "class": null, "height": 6.373569011688232, "num_floors": null, "surge_class": 0, "surge_ft": 0.0, "flood_active": false, "exposure_score": 0.0, "exposure_category": "none"}, "geometry": {"type": "Polygon", "coordinates": [[[-94.783965, 29.297731], [-94.783851, 29.297755], [-94.783867, 29.297815], [-94.783982, 29.297791], [-94.783965, 29.297731]]]}}, {"id": "855", "type": "Feature", "properties": {"id": "e93a41cb-6a88-4bff-a14e-b6ad7aaf4bb3", "name": null, "subtype": null, "class": null, "height": 5.809274196624756, "num_floors": null, "surge_class": 0, "surge_ft": 0.0, "flood_active": false, "exposure_score": 0.0, "exposure_category": "none"}, "geometry": {"type": "Polygon", "coordinates": [[[-94.783828, 29.297706], [-94.783934, 29.297694], [-94.783924, 29.297633], [-94.783819, 29.297645], [-94.783828, 29.297706]]]}}, {"id": "856", "type": "Feature", "properties": {"id": "3913d871-f0de-4279-9ffd-e015de3c10b2", "name": null, "subtype": null, "class": null, "height": 5.443171501159668, "num_floors": null, "surge_class": 0, "surge_ft": 0.0, "flood_active": false, "exposure_score": 0.0, "exposure_category": "none"}, "geometry": {"type": "Polygon", "coordinates": [[[-94.783882, 29.297466], [-94.783767, 29.297487], [-94.783786, 29.29757], [-94.783902, 29.297549], [-94.783882, 29.297466]]]}}, {"id": "857", "type": "Feature", "properties": {"id": "da263e7d-344e-4e97-afd9-1162d42ac0eb", "name": null, "subtype": null, "class": null, "height": 6.580361843109131, "num_floors": null, "surge_class": 0, "surge_ft": 0.0, "flood_active": false, "exposure_score": 0.0, "exposure_category": "none"}, "geometry": {"type": "Polygon", "coordinates": [[[-94.784026, 29.297467], [-94.783909, 29.297496], [-94.783936, 29.297576], [-94.784052, 29.297547], [-94.784026, 29.297467]]]}}, {"id": "858", "type": "Feature", "properties": {"id": "e9b32de5-22a0-4c54-bcdc-47cdc88bdc7d", "name": null, "subtype": null, "class": null, "height": 3.3514113426208496, "num_floors": null, "surge_class": 0, "surge_ft": 0.0, "flood_active": false, "exposure_score": 0.0, "exposure_category": "none"}, "geometry": {"type": "Polygon", "coordinates": [[[-94.7839498, 29.2972191], [-94.7840163, 29.2972027], [-94.7839672, 29.2970519], [-94.7839007, 29.2970683], [-94.7839498, 29.2972191]]]}}, {"id": "859", "type": "Feature", "properties": {"id": "86a49116-3bbd-41af-af82-ce789cc690ba", "name": null, "subtype": null, "class": null, "height": 4.326567649841309, "num_floors": null, "surge_class": 0, "surge_ft": 0.0, "flood_active": false, "exposure_score": 0.0, "exposure_category": "none"}, "geometry": {"type": "Polygon", "coordinates": [[[-94.783879, 29.297044], [-94.783771, 29.297074], [-94.783833, 29.297242], [-94.783941, 29.297212], [-94.783879, 29.297044]]]}}, {"id": "860", "type": "Feature", "properties": {"id": "c7970514-f2af-4edf-b13a-81f07b83202f", "name": null, "subtype": null, "class": null, "height": 4.956897258758545, "num_floors": null, "surge_class": 0, "surge_ft": 0.0, "flood_active": false, "exposure_score": 0.0, "exposure_category": "none"}, "geometry": {"type": "Polygon", "coordinates": [[[-94.783802, 29.297191], [-94.78368, 29.297222], [-94.783709, 29.297309], [-94.783831, 29.297278], [-94.783802, 29.297191]]]}}, {"id": "861", "type": "Feature", "properties": {"id": "388fda49-524c-4647-b99f-3b244afa43d3", "name": null, "subtype": null, "class": null, "height": 4.983302116394043, "num_floors": null, "surge_class": 0, "surge_ft": 0.0, "flood_active": false, "exposure_score": 0.0, "exposure_category": "none"}, "geometry": {"type": "Polygon", "coordinates": [[[-94.783673, 29.297205], [-94.783793, 29.297173], [-94.783717, 29.296956], [-94.78364, 29.296976], [-94.783648, 29.296998], [-94.783605, 29.297009], [-94.783673, 29.297205]]]}}, {"id": "862", "type": "Feature", "properties": {"id": "b2a71669-ab79-4b01-b704-cfc830569cb1", "name": null, "subtype": null, "class": null, "height": 4.48441743850708, "num_floors": null, "surge_class": 0, "surge_ft": 0.0, "flood_active": false, "exposure_score": 0.0, "exposure_category": "none"}, "geometry": {"type": "Polygon", "coordinates": [[[-94.783765, 29.296879], [-94.783744, 29.296822], [-94.783565, 29.296874], [-94.783587, 29.296931], [-94.783765, 29.296879]]]}}, {"id": "863", "type": "Feature", "properties": {"id": "f2467a14-a5df-4641-a210-33f54efd6016", "name": null, "subtype": null, "class": null, "height": 5.828811168670654, "num_floors": null, "surge_class": 0, "surge_ft": 0.0, "flood_active": false, "exposure_score": 0.0, "exposure_category": "none"}, "geometry": {"type": "Polygon", "coordinates": [[[-94.783693, 29.296705], [-94.78354, 29.29674], [-94.783565, 29.296823], [-94.783718, 29.296788], [-94.783693, 29.296705]]]}}, {"id": "864", "type": "Feature", "properties": {"id": "2ced2a3f-5499-458f-b434-cbde9d6de177", "name": null, "subtype": null, "class": null, "height": 5.910148620605469, "num_floors": null, "surge_class": 0, "surge_ft": 0.0, "flood_active": false, "exposure_score": 0.0, "exposure_category": "none"}, "geometry": {"type": "Polygon", "coordinates": [[[-94.783512, 29.296417], [-94.78349, 29.296317], [-94.783379, 29.296335], [-94.783401, 29.296436], [-94.783512, 29.296417]]]}}, {"id": "865", "type": "Feature", "properties": {"id": "b05063f9-ce0a-4a9b-a273-d3dc1adcda6e", "name": null, "subtype": null, "class": null, "height": 4.873219966888428, "num_floors": null, "surge_class": 0, "surge_ft": 0.0, "flood_active": false, "exposure_score": 0.0, "exposure_category": "none"}, "geometry": {"type": "Polygon", "coordinates": [[[-94.783432, 29.296217], [-94.783338, 29.296242], [-94.783366, 29.296325], [-94.78346, 29.296301], [-94.783432, 29.296217]]]}}, {"id": "866", "type": "Feature", "properties": {"id": "7bb1eb2c-b53b-4541-a09d-8f9800ab54d9", "name": null, "subtype": null, "class": null, "height": 5.391396522521973, "num_floors": null, "surge_class": 0, "surge_ft": 0.0, "flood_active": false, "exposure_score": 0.0, "exposure_category": "none"}, "geometry": {"type": "Polygon", "coordinates": [[[-94.783543, 29.296245], [-94.783552, 29.29628], [-94.783518, 29.296287], [-94.783545, 29.29639], [-94.783651, 29.29637], [-94.783616, 29.296231], [-94.783543, 29.296245]]]}}, {"id": "867", "type": "Feature", "properties": {"id": "d0521d6b-e690-48e2-a634-ae1ef0051ed1", "name": null, "subtype": null, "class": null, "height": 5.602575778961182, "num_floors": null, "surge_class": 0, "surge_ft": 0.0, "flood_active": false, "exposure_score": 0.0, "exposure_category": "none"}, "geometry": {"type": "Polygon", "coordinates": [[[-94.783655, 29.296682], [-94.783622, 29.296583], [-94.783496, 29.296615], [-94.783529, 29.296714], [-94.783655, 29.296682]]]}}, {"id": "868", "type": "Feature", "properties": {"id": "af47f05b-2186-44c4-88d5-c2e3adab334c", "name": null, "subtype": null, "class": null, "height": 4.3256683349609375, "num_floors": null, "surge_class": 0, "surge_ft": 0.0, "flood_active": false, "exposure_score": 0.0, "exposure_category": "none"}, "geometry": {"type": "Polygon", "coordinates": [[[-94.783881, 29.29676], [-94.783841, 29.296598], [-94.783756, 29.296614], [-94.783797, 29.296776], [-94.783881, 29.29676]]]}}, {"id": "869", "type": "Feature", "properties": {"id": "a45c929d-c749-4beb-b192-1cb3c86c7fcb", "name": null, "subtype": null, "class": null, "height": 4.343249320983887, "num_floors": null, "surge_class": 0, "surge_ft": 0.0, "flood_active": false, "exposure_score": 0.0, "exposure_category": "none"}, "geometry": {"type": "Polygon", "coordinates": [[[-94.7838478, 29.2965539], [-94.7838943, 29.2966915], [-94.7839768, 29.2966703], [-94.7839304, 29.2965327], [-94.7838478, 29.2965539]]]}}, {"id": "870", "type": "Feature", "properties": {"id": "b676a658-6458-4025-9283-eb86270e15d3", "name": null, "subtype": null, "class": null, "height": 3.6586785316467285, "num_floors": null, "surge_class": 0, "surge_ft": 0.0, "flood_active": false, "exposure_score": 0.0, "exposure_category": "none"}, "geometry": {"type": "Polygon", "coordinates": [[[-94.784009, 29.296684], [-94.784073, 29.296667], [-94.784023, 29.296521], [-94.783959, 29.296538], [-94.784009, 29.296684]]]}}, {"id": "871", "type": "Feature", "properties": {"id": "ff2e3451-4760-4051-9de0-095ca2c847bb", "name": null, "subtype": null, "class": null, "height": null, "num_floors": null, "surge_class": 0, "surge_ft": 0.0, "flood_active": false, "exposure_score": 0.0, "exposure_category": "none"}, "geometry": {"type": "Polygon", "coordinates": [[[-94.7837287, 29.2967617], [-94.7837408, 29.2968038], [-94.7837837, 29.2967944], [-94.7837716, 29.2967523], [-94.7837287, 29.2967617]]]}}, {"id": "872", "type": "Feature", "properties": {"id": "9a5a9235-c09f-4608-ba12-75fa39200782", "name": null, "subtype": null, "class": null, "height": null, "num_floors": null, "surge_class": 0, "surge_ft": 0.0, "flood_active": false, "exposure_score": 0.0, "exposure_category": "none"}, "geometry": {"type": "Polygon", "coordinates": [[[-94.784018, 29.297201], [-94.784064, 29.297193], [-94.784024, 29.297027], [-94.783978, 29.297036], [-94.784018, 29.297201]]]}}, {"id": "873", "type": "Feature", "properties": {"id": "4a54d44b-183f-4560-afcc-f4366e74e1fb", "name": null, "subtype": null, "class": null, "height": 5.516080856323242, "num_floors": null, "surge_class": 0, "surge_ft": 0.0, "flood_active": false, "exposure_score": 0.0, "exposure_category": "none"}, "geometry": {"type": "Polygon", "coordinates": [[[-94.784077, 29.297158], [-94.784192, 29.297132], [-94.784159, 29.297023], [-94.784044, 29.29705], [-94.784077, 29.297158]]]}}, {"id": "874", "type": "Feature", "properties": {"id": "7a6fa72f-d0b6-46ee-99c2-87c48aafa0e8", "name": null, "subtype": null, "class": null, "height": 4.799048900604248, "num_floors": null, "surge_class": 0, "surge_ft": 0.0, "flood_active": false, "exposure_score": 0.0, "exposure_category": "none"}, "geometry": {"type": "Polygon", "coordinates": [[[-94.784287, 29.296973], [-94.784222, 29.296989], [-94.784226, 29.297], [-94.784164, 29.297015], [-94.784211, 29.297158], [-94.784338, 29.297126], [-94.784287, 29.296973]]]}}, {"id": "875", "type": "Feature", "properties": {"id": "4c1f54c5-26bf-43e6-8330-8787951e45f3", "name": null, "subtype": null, "class": null, "height": 6.275357723236084, "num_floors": null, "surge_class": 0, "surge_ft": 0.0, "flood_active": false, "exposure_score": 0.0, "exposure_category": "none"}, "geometry": {"type": "Polygon", "coordinates": [[[-94.784332, 29.297091], [-94.784444, 29.297071], [-94.784411, 29.296933], [-94.784299, 29.296953], [-94.784332, 29.297091]]]}}, {"id": "876", "type": "Feature", "properties": {"id": "470ab52d-8d34-4472-afcc-3a893bc58ecb", "name": null, "subtype": null, "class": null, "height": 3.5799124240875244, "num_floors": null, "surge_class": 0, "surge_ft": 0.0, "flood_active": false, "exposure_score": 0.0, "exposure_category": "none"}, "geometry": {"type": "Polygon", "coordinates": [[[-94.784314, 29.296658], [-94.784244, 29.296675], [-94.784271, 29.296758], [-94.784341, 29.296741], [-94.784314, 29.296658]]]}}, {"id": "877", "type": "Feature", "properties": {"id": "5c870129-237e-410f-9756-7bab46a34c46", "name": null, "subtype": null, "class": null, "height": 4.634221076965332, "num_floors": null, "surge_class": 0, "surge_ft": 0.0, "flood_active": false, "exposure_score": 0.0, "exposure_category": "none"}, "geometry": {"type": "Polygon", "coordinates": [[[-94.784093, 29.296503], [-94.784029, 29.296519], [-94.784077, 29.296664], [-94.784141, 29.296648], [-94.784093, 29.296503]]]}}, {"id": "878", "type": "Feature", "properties": {"id": "a0f99936-3e93-4a06-a3db-e120da6025eb", "name": null, "subtype": null, "class": null, "height": 5.747348308563232, "num_floors": null, "surge_class": 0, "surge_ft": 0.0, "flood_active": false, "exposure_score": 0.0, "exposure_category": "none"}, "geometry": {"type": "Polygon", "coordinates": [[[-94.784211, 29.296571], [-94.784284, 29.296551], [-94.784249, 29.296458], [-94.784176, 29.296478], [-94.784211, 29.296571]]]}}, {"id": "879", "type": "Feature", "properties": {"id": "c5c78e42-31a3-4978-aef2-44fd8c69e49c", "name": null, "subtype": null, "class": null, "height": 5.798611164093018, "num_floors": null, "surge_class": 0, "surge_ft": 0.0, "flood_active": false, "exposure_score": 0.0, "exposure_category": "none"}, "geometry": {"type": "Polygon", "coordinates": [[[-94.7841396, 29.2966286], [-94.7841906, 29.2966153], [-94.7841774, 29.296578], [-94.784199, 29.2965726], [-94.784168, 29.2964794], [-94.7840954, 29.2964981], [-94.7841396, 29.2966286]]]}}, {"id": "880", "type": "Feature", "properties": {"id": "f296f448-c9f6-42c5-b3fa-cd19f90e4adc", "name": null, "subtype": null, "class": null, "height": 6.326484680175781, "num_floors": null, "surge_class": 0, "surge_ft": 0.0, "flood_active": false, "exposure_score": 0.0, "exposure_category": "none"}, "geometry": {"type": "Polygon", "coordinates": [[[-94.78432, 29.296564], [-94.784414, 29.29654], [-94.784375, 29.296425], [-94.784282, 29.296448], [-94.78432, 29.296564]]]}}, {"id": "881", "type": "Feature", "properties": {"id": "5f2edcae-cd43-458d-8fb4-0bbfe3a5ca5f", "name": null, "subtype": null, "class": null, "height": 5.04678201675415, "num_floors": null, "surge_class": 0, "surge_ft": 0.0, "flood_active": false, "exposure_score": 0.0, "exposure_category": "none"}, "geometry": {"type": "Polygon", "coordinates": [[[-94.784357, 29.29674], [-94.784461, 29.296712], [-94.784431, 29.296626], [-94.784327, 29.296654], [-94.784357, 29.29674]]]}}, {"id": "882", "type": "Feature", "properties": {"id": "e9107f71-631c-4a1e-9d41-9fc2ce88590c", "name": null, "subtype": null, "class": null, "height": 4.932267665863037, "num_floors": null, "surge_class": 0, "surge_ft": 0.0, "flood_active": false, "exposure_score": 0.0, "exposure_category": "none"}, "geometry": {"type": "Polygon", "coordinates": [[[-94.784637, 29.296402], [-94.7848, 29.29637], [-94.784781, 29.296295], [-94.784618, 29.296327], [-94.784637, 29.296402]]]}}, {"id": "883", "type": "Feature", "properties": {"id": "579990f9-c309-42a9-b7a7-ce626b139f71", "name": null, "subtype": null, "class": null, "height": 4.936088562011719, "num_floors": null, "surge_class": 0, "surge_ft": 0.0, "flood_active": false, "exposure_score": 0.0, "exposure_category": "none"}, "geometry": {"type": "Polygon", "coordinates": [[[-94.78479, 29.296428], [-94.784673, 29.296448], [-94.784694, 29.296538], [-94.78481, 29.296518], [-94.78479, 29.296428]]]}}, {"id": "884", "type": "Feature", "properties": {"id": "98c819f6-3b29-4650-ad7a-f77628831a04", "name": null, "subtype": null, "class": null, "height": 4.486306190490723, "num_floors": null, "surge_class": 0, "surge_ft": 0.0, "flood_active": false, "exposure_score": 0.0, "exposure_category": "none"}, "geometry": {"type": "Polygon", "coordinates": [[[-94.78452, 29.296834], [-94.784491, 29.296756], [-94.78437, 29.29679], [-94.784399, 29.296869], [-94.78452, 29.296834]]]}}, {"id": "885", "type": "Feature", "properties": {"id": "88d74edf-fc91-403b-a03f-d127d4e55540", "name": null, "subtype": null, "class": null, "height": 4.612212181091309, "num_floors": null, "surge_class": 0, "surge_ft": 0.0, "flood_active": false, "exposure_score": 0.0, "exposure_category": "none"}, "geometry": {"type": "Polygon", "coordinates": [[[-94.784581, 29.29704], [-94.784533, 29.296895], [-94.784421, 29.296923], [-94.784469, 29.297068], [-94.784581, 29.29704]]]}}, {"id": "886", "type": "Feature", "properties": {"id": "cd1d21bf-9ec8-44f1-899a-2b1d9c91cd1f", "name": null, "subtype": null, "class": null, "height": 4.332112789154053, "num_floors": null, "surge_class": 0, "surge_ft": 0.0, "flood_active": false, "exposure_score": 0.0, "exposure_category": "none"}, "geometry": {"type": "Polygon", "coordinates": [[[-94.78471, 29.297445], [-94.784726, 29.297441], [-94.784672, 29.297256], [-94.784549, 29.297283], [-94.784607, 29.297483], [-94.784676, 29.297468], [-94.784684, 29.297496], [-94.784722, 29.297488], [-94.78471, 29.297445]]]}}, {"id": "887", "type": "Feature", "properties": {"id": "d148bb46-62c8-47cb-8744-2bc7e5cdf0d5", "name": null, "subtype": null, "class": null, "height": 5.554130554199219, "num_floors": null, "surge_class": 0, "surge_ft": 0.0, "flood_active": false, "exposure_score": 0.0, "exposure_category": "none"}, "geometry": {"type": "Polygon", "coordinates": [[[-94.784576, 29.2975], [-94.784521, 29.297339], [-94.784427, 29.297364], [-94.784483, 29.297525], [-94.784576, 29.2975]]]}}, {"id": "888", "type": "Feature", "properties": {"id": "3c923290-605f-4416-b7f3-4e2d840d9460", "name": null, "subtype": null, "class": null, "height": null, "num_floors": null, "surge_class": 0, "surge_ft": 0.0, "flood_active": false, "exposure_score": 0.0, "exposure_category": "none"}, "geometry": {"type": "Polygon", "coordinates": [[[-94.784024, 29.2974361], [-94.784062, 29.297545], [-94.7841197, 29.2975297], [-94.7840817, 29.2974208], [-94.784024, 29.2974361]]]}}, {"id": "889", "type": "Feature", "properties": {"id": "f8d0366a-faaf-4db3-a09b-f0c219d28366", "name": null, "subtype": null, "class": null, "height": 2.501129627227783, "num_floors": null, "surge_class": 0, "surge_ft": 0.0, "flood_active": false, "exposure_score": 0.0, "exposure_category": "none"}, "geometry": {"type": "Polygon", "coordinates": [[[-94.784224, 29.297397], [-94.784178, 29.297405], [-94.784235, 29.29764], [-94.784281, 29.297632], [-94.784224, 29.297397]]]}}, {"id": "890", "type": "Feature", "properties": {"id": "ecbd5f0a-8b65-43e0-9f40-307246ea17c9", "name": null, "subtype": null, "class": null, "height": 4.521892547607422, "num_floors": null, "surge_class": 0, "surge_ft": 0.0, "flood_active": false, "exposure_score": 0.0, "exposure_category": "none"}, "geometry": {"type": "Polygon", "coordinates": [[[-94.784283, 29.297381], [-94.784226, 29.297395], [-94.784271, 29.297533], [-94.784328, 29.297519], [-94.784283, 29.297381]]]}}, {"id": "891", "type": "Feature", "properties": {"id": "a8da4625-3ff2-4b10-af2e-0ef4dea2a07c", "name": null, "subtype": null, "class": null, "height": 6.226914882659912, "num_floors": null, "surge_class": 0, "surge_ft": 0.0, "flood_active": false, "exposure_score": 0.0, "exposure_category": "none"}, "geometry": {"type": "Polygon", "coordinates": [[[-94.784429, 29.297398], [-94.784319, 29.297425], [-94.784355, 29.297538], [-94.784465, 29.297511], [-94.784429, 29.297398]]]}}, {"id": "892", "type": "Feature", "properties": {"id": "6af7687a-79c4-42b8-ab7c-53cf06f4c40e", "name": null, "subtype": null, "class": null, "height": null, "num_floors": null, "surge_class": 0, "surge_ft": 0.0, "flood_active": false, "exposure_score": 0.0, "exposure_category": "none"}, "geometry": {"type": "Polygon", "coordinates": [[[-94.7841485, 29.2975816], [-94.7841691, 29.2976471], [-94.7842108, 29.2976372], [-94.7841903, 29.2975716], [-94.7841485, 29.2975816]]]}}, {"id": "893", "type": "Feature", "properties": {"id": "0596c6f5-9a6b-4015-a890-6f13b879b682", "name": null, "subtype": null, "class": null, "height": 5.562544345855713, "num_floors": null, "surge_class": 0, "surge_ft": 0.0, "flood_active": false, "exposure_score": 0.0, "exposure_category": "none"}, "geometry": {"type": "Polygon", "coordinates": [[[-94.784306, 29.297883], [-94.78422, 29.297907], [-94.784273, 29.298056], [-94.78436, 29.298032], [-94.784306, 29.297883]]]}}, {"id": "894", "type": "Feature", "properties": {"id": "5f9b68d1-71db-49d7-b7da-e87d42ba43f9", "name": null, "subtype": null, "class": null, "height": 4.618641376495361, "num_floors": null, "surge_class": 0, "surge_ft": 0.0, "flood_active": false, "exposure_score": 0.0, "exposure_category": "none"}, "geometry": {"type": "Polygon", "coordinates": [[[-94.784341, 29.297849], [-94.784365, 29.297915], [-94.784334, 29.297923], [-94.784369, 29.298023], [-94.784486, 29.297991], [-94.784427, 29.297826], [-94.784341, 29.297849]]]}}, {"id": "895", "type": "Feature", "properties": {"id": "60bec94d-7254-4724-bedb-492d491d128b", "name": null, "subtype": null, "class": null, "height": 4.876555919647217, "num_floors": null, "surge_class": 0, "surge_ft": 0.0, "flood_active": false, "exposure_score": 0.0, "exposure_category": "none"}, "geometry": {"type": "Polygon", "coordinates": [[[-94.784562, 29.298], [-94.784656, 29.297983], [-94.784619, 29.297829], [-94.784525, 29.297846], [-94.784562, 29.298]]]}}, {"id": "896", "type": "Feature", "properties": {"id": "42335c00-d3d2-4735-a1ea-6436061374a9", "name": null, "subtype": "residential", "class": "house", "height": 5.273507118225098, "num_floors": null, "surge_class": 0, "surge_ft": 0.0, "flood_active": false, "exposure_score": 0.0, "exposure_category": "none"}, "geometry": {"type": "Polygon", "coordinates": [[[-94.7847695, 29.2979516], [-94.7848746, 29.2979234], [-94.7848619, 29.2978872], [-94.7848736, 29.2978841], [-94.7848482, 29.297812], [-94.7847313, 29.2978434], [-94.7847695, 29.2979516]]]}}, {"id": "897", "type": "Feature", "properties": {"id": "8c080a5a-d32e-47e2-8a86-b8bdf6ebd8b6", "name": null, "subtype": "residential", "class": "house", "height": null, "num_floors": null, "surge_class": 0, "surge_ft": 0.0, "flood_active": false, "exposure_score": 0.0, "exposure_category": "none"}, "geometry": {"type": "Polygon", "coordinates": [[[-94.7848027, 29.2976483], [-94.7847939, 29.2976228], [-94.7847061, 29.297646], [-94.7847168, 29.297677], [-94.7846968, 29.2976823], [-94.7847152, 29.2977353], [-94.7846805, 29.2977444], [-94.784706, 29.2978178], [-94.7848453, 29.2977811], [-94.7848163, 29.2976974], [-94.7848301, 29.2976938], [-94.7848134, 29.2976455], [-94.7848027, 29.2976483]]]}}, {"id": "898", "type": "Feature", "properties": {"id": "f72c8616-d090-48dd-b2fa-13a29796b152", "name": null, "subtype": "residential", "class": "house", "height": 4.435020446777344, "num_floors": null, "surge_class": 0, "surge_ft": 0.0, "flood_active": false, "exposure_score": 0.0, "exposure_category": "none"}, "geometry": {"type": "Polygon", "coordinates": [[[-94.7849772, 29.2973838], [-94.7850956, 29.2973528], [-94.7850537, 29.2972314], [-94.7850226, 29.2972396], [-94.785008, 29.2971973], [-94.7849597, 29.2971982], [-94.784917, 29.2972094], [-94.7849772, 29.2973838]]]}}, {"id": "899", "type": "Feature", "properties": {"id": "bf31f4e5-2372-431c-91a7-3ecdb32a232d", "name": null, "subtype": "residential", "class": "house", "height": 4.68939208984375, "num_floors": null, "surge_class": 0, "surge_ft": 0.0, "flood_active": false, "exposure_score": 0.0, "exposure_category": "none"}, "geometry": {"type": "Polygon", "coordinates": [[[-94.7851246, 29.2973028], [-94.7852123, 29.2972798], [-94.7851654, 29.2971439], [-94.7850778, 29.2971669], [-94.7851246, 29.2973028]]]}}, {"id": "900", "type": "Feature", "properties": {"id": "dc088d5f-78f1-48c7-becf-48e6d594a97c", "name": null, "subtype": null, "class": null, "height": 4.8590874671936035, "num_floors": null, "surge_class": 0, "surge_ft": 0.0, "flood_active": false, "exposure_score": 0.0, "exposure_category": "none"}, "geometry": {"type": "Polygon", "coordinates": [[[-94.7852082, 29.2971607], [-94.7852448, 29.2972656], [-94.7853115, 29.2972478], [-94.7852749, 29.297143], [-94.7852082, 29.2971607]]]}}, {"id": "901", "type": "Feature", "properties": {"id": "c15d132a-1838-4a74-8bb7-7476d1edc212", "name": null, "subtype": "residential", "class": "house", "height": 3.6289265155792236, "num_floors": null, "surge_class": 0, "surge_ft": 0.0, "flood_active": false, "exposure_score": 0.0, "exposure_category": "none"}, "geometry": {"type": "Polygon", "coordinates": [[[-94.7854077, 29.2972643], [-94.7853597, 29.2971137], [-94.7853053, 29.2971269], [-94.7853532, 29.2972776], [-94.7854077, 29.2972643]]]}}, {"id": "902", "type": "Feature", "properties": {"id": "9b55cce7-4d4e-4abc-a217-3032bb45f478", "name": null, "subtype": "residential", "class": "house", "height": 4.235561370849609, "num_floors": null, "surge_class": 0, "surge_ft": 0.0, "flood_active": false, "exposure_score": 0.0, "exposure_category": "none"}, "geometry": {"type": "Polygon", "coordinates": [[[-94.785424, 29.2972622], [-94.7854777, 29.2972492], [-94.7854292, 29.2970968], [-94.7853755, 29.2971098], [-94.785424, 29.2972622]]]}}, {"id": "903", "type": "Feature", "properties": {"id": "1c8a1d6f-36de-4f32-915b-222f83f8a368", "name": null, "subtype": null, "class": null, "height": 5.156339645385742, "num_floors": null, "surge_class": 0, "surge_ft": 0.0, "flood_active": false, "exposure_score": 0.0, "exposure_category": "none"}, "geometry": {"type": "Polygon", "coordinates": [[[-94.785282, 29.297826], [-94.785389, 29.2978], [-94.785342, 29.297652], [-94.785235, 29.297678], [-94.785282, 29.297826]]]}}, {"id": "904", "type": "Feature", "properties": {"id": "4b8ab5e7-c0d2-4b0d-bf08-ae02689be3f1", "name": null, "subtype": null, "class": null, "height": 5.175356864929199, "num_floors": null, "surge_class": 0, "surge_ft": 0.0, "flood_active": false, "exposure_score": 0.0, "exposure_category": "none"}, "geometry": {"type": "Polygon", "coordinates": [[[-94.785203, 29.297645], [-94.785323, 29.297615], [-94.785286, 29.297501], [-94.785166, 29.297531], [-94.785203, 29.297645]]]}}, {"id": "905", "type": "Feature", "properties": {"id": "c4118b42-d233-4686-842f-98d5f94fda52", "name": null, "subtype": "residential", "class": "house", "height": 5.181375980377197, "num_floors": null, "surge_class": 0, "surge_ft": 0.0, "flood_active": false, "exposure_score": 0.0, "exposure_category": "none"}, "geometry": {"type": "Polygon", "coordinates": [[[-94.7851955, 29.2978449], [-94.7852455, 29.2978312], [-94.7852101, 29.2977331], [-94.7851029, 29.2977625], [-94.785133, 29.297846], [-94.7851902, 29.2978303], [-94.7851955, 29.2978449]]]}}, {"id": "906", "type": "Feature", "properties": {"id": "127abc4f-618d-4a58-bd6c-2a8c6b6ddb37", "name": null, "subtype": null, "class": null, "height": 4.556683540344238, "num_floors": null, "surge_class": 0, "surge_ft": 0.0, "flood_active": false, "exposure_score": 0.0, "exposure_category": "none"}, "geometry": {"type": "Polygon", "coordinates": [[[-94.785626, 29.297709], [-94.78559, 29.297507], [-94.785526, 29.297516], [-94.785562, 29.297717], [-94.785626, 29.297709]]]}}, {"id": "907", "type": "Feature", "properties": {"id": "dd7b06c4-e3cf-4171-98d3-37b120bc4624", "name": null, "subtype": null, "class": null, "height": 4.464621067047119, "num_floors": null, "surge_class": 0, "surge_ft": 0.0, "flood_active": false, "exposure_score": 0.0, "exposure_category": "none"}, "geometry": {"type": "Polygon", "coordinates": [[[-94.785754, 29.297669], [-94.785727, 29.297572], [-94.785618, 29.297595], [-94.785645, 29.297692], [-94.785754, 29.297669]]]}}, {"id": "908", "type": "Feature", "properties": {"id": "baba9d47-94f4-483b-846a-1c5e72c01f99", "name": null, "subtype": null, "class": null, "height": 5.065703868865967, "num_floors": null, "surge_class": 0, "surge_ft": 0.0, "flood_active": false, "exposure_score": 0.0, "exposure_category": "none"}, "geometry": {"type": "Polygon", "coordinates": [[[-94.7861046, 29.2979697], [-94.786142, 29.2979608], [-94.7861129, 29.2978671], [-94.786003, 29.2978931], [-94.7860368, 29.2980021], [-94.7860183, 29.2980064], [-94.7860325, 29.2980522], [-94.7861235, 29.2980307], [-94.7861046, 29.2979697]]]}}, {"id": "909", "type": "Feature", "properties": {"id": "b056c6e6-60e8-458c-90d8-7c2c81ff8124", "name": null, "subtype": null, "class": null, "height": 5.0948333740234375, "num_floors": null, "surge_class": 0, "surge_ft": 0.0, "flood_active": false, "exposure_score": 0.0, "exposure_category": "none"}, "geometry": {"type": "Polygon", "coordinates": [[[-94.786003, 29.297604], [-94.785974, 29.297483], [-94.785912, 29.297494], [-94.785922, 29.297534], [-94.785878, 29.297542], [-94.785897, 29.297623], [-94.786003, 29.297604]]]}}, {"id": "910", "type": "Feature", "properties": {"id": "85663274-e4d6-4109-aafb-514f91f2f42b", "name": null, "subtype": null, "class": null, "height": 5.476040840148926, "num_floors": null, "surge_class": 0, "surge_ft": 0.0, "flood_active": false, "exposure_score": 0.0, "exposure_category": "none"}, "geometry": {"type": "Polygon", "coordinates": [[[-94.785838, 29.297653], [-94.785896, 29.29764], [-94.785855, 29.297498], [-94.785797, 29.297511], [-94.785838, 29.297653]]]}}, {"id": "911", "type": "Feature", "properties": {"id": "e497b564-6862-4c80-a31a-631cbb5958bc", "name": null, "subtype": null, "class": null, "height": 5.558674335479736, "num_floors": null, "surge_class": 0, "surge_ft": 0.0, "flood_active": false, "exposure_score": 0.0, "exposure_category": "none"}, "geometry": {"type": "Polygon", "coordinates": [[[-94.785775, 29.297655], [-94.785829, 29.29764], [-94.785782, 29.297513], [-94.785729, 29.297528], [-94.785775, 29.297655]]]}}, {"id": "912", "type": "Feature", "properties": {"id": "991750c2-5fd9-4ae0-8868-578e7bcb471f", "name": null, "subtype": null, "class": null, "height": 4.4502387046813965, "num_floors": null, "surge_class": 0, "surge_ft": 0.0, "flood_active": false, "exposure_score": 0.0, "exposure_category": "none"}, "geometry": {"type": "Polygon", "coordinates": [[[-94.785856, 29.297457], [-94.785969, 29.297436], [-94.785949, 29.297353], [-94.785836, 29.297374], [-94.785856, 29.297457]]]}}, {"id": "913", "type": "Feature", "properties": {"id": "a84de694-287d-4c31-901e-e8f8e8147455", "name": null, "subtype": null, "class": null, "height": null, "num_floors": null, "surge_class": 0, "surge_ft": 0.0, "flood_active": false, "exposure_score": 0.0, "exposure_category": "none"}, "geometry": {"type": "Polygon", "coordinates": [[[-94.78591, 29.297283], [-94.785893, 29.297224], [-94.785817, 29.29724], [-94.785833, 29.2973], [-94.78591, 29.297283]]]}}, {"id": "914", "type": "Feature", "properties": {"id": "30957647-a121-46bf-983d-0692ecb3a8e3", "name": null, "subtype": null, "class": null, "height": 4.837507724761963, "num_floors": null, "surge_class": 0, "surge_ft": 0.0, "flood_active": false, "exposure_score": 0.0, "exposure_category": "none"}, "geometry": {"type": "Polygon", "coordinates": [[[-94.7856412, 29.2972499], [-94.7856683, 29.2973339], [-94.7857769, 29.2973072], [-94.7857498, 29.2972233], [-94.7856412, 29.2972499]]]}}, {"id": "915", "type": "Feature", "properties": {"id": "26060b9c-a0ee-4a1f-8784-cd33c208598c", "name": null, "subtype": null, "class": null, "height": 5.352570533752441, "num_floors": null, "surge_class": 0, "surge_ft": 0.0, "flood_active": false, "exposure_score": 0.0, "exposure_category": "none"}, "geometry": {"type": "Polygon", "coordinates": [[[-94.7854522, 29.2971202], [-94.7855198, 29.2973099], [-94.7856214, 29.2972823], [-94.7855538, 29.2970926], [-94.7854522, 29.2971202]]]}}, {"id": "916", "type": "Feature", "properties": {"id": "faaca46d-021c-489a-bd2b-3ccd7508e725", "name": null, "subtype": null, "class": null, "height": 4.420382976531982, "num_floors": null, "surge_class": 0, "surge_ft": 0.0, "flood_active": false, "exposure_score": 0.0, "exposure_category": "none"}, "geometry": {"type": "Polygon", "coordinates": [[[-94.785589, 29.296612], [-94.785529, 29.296619], [-94.785555, 29.296783], [-94.785615, 29.296776], [-94.785589, 29.296612]]]}}, {"id": "917", "type": "Feature", "properties": {"id": "04e739ab-30a7-44ba-aa34-13b04037dab2", "name": null, "subtype": "residential", "class": "house", "height": 5.6175994873046875, "num_floors": null, "surge_class": 0, "surge_ft": 0.0, "flood_active": false, "exposure_score": 0.0, "exposure_category": "none"}, "geometry": {"type": "Polygon", "coordinates": [[[-94.7856423, 29.2971625], [-94.7856965, 29.2971485], [-94.7856566, 29.2970309], [-94.7855611, 29.2970556], [-94.7855957, 29.2971577], [-94.785637, 29.297147], [-94.7856423, 29.2971625]]]}}, {"id": "918", "type": "Feature", "properties": {"id": "a5accb66-ad37-4313-bbeb-fac47e3eb15a", "name": null, "subtype": "residential", "class": "house", "height": 4.302497863769531, "num_floors": null, "surge_class": 0, "surge_ft": 0.0, "flood_active": false, "exposure_score": 0.0, "exposure_category": "none"}, "geometry": {"type": "Polygon", "coordinates": [[[-94.7857981, 29.2971524], [-94.7858583, 29.2971365], [-94.7858098, 29.2969972], [-94.7857105, 29.2970234], [-94.7857389, 29.2971051], [-94.785778, 29.2970948], [-94.7857981, 29.2971524]]]}}, {"id": "919", "type": "Feature", "properties": {"id": "ea01be27-cf33-4307-98aa-0d5fa59a8f9a", "name": null, "subtype": "residential", "class": "house", "height": 6.025967121124268, "num_floors": null, "surge_class": 0, "surge_ft": 0.0, "flood_active": false, "exposure_score": 0.0, "exposure_category": "none"}, "geometry": {"type": "Polygon", "coordinates": [[[-94.7860043, 29.2966775], [-94.786172, 29.2966347], [-94.7861446, 29.2965529], [-94.7860886, 29.2965672], [-94.7860781, 29.2965358], [-94.7859664, 29.2965643], [-94.7860043, 29.2966775]]]}}, {"id": "920", "type": "Feature", "properties": {"id": "1f1d4922-2605-4751-a626-707bc8d20209", "name": null, "subtype": "residential", "class": "house", "height": 5.607705593109131, "num_floors": null, "surge_class": 0, "surge_ft": 0.0, "flood_active": false, "exposure_score": 0.0, "exposure_category": "none"}, "geometry": {"type": "Polygon", "coordinates": [[[-94.7859177, 29.2964961], [-94.7861024, 29.2964462], [-94.7860884, 29.2964068], [-94.7860742, 29.2964107], [-94.7860697, 29.2963981], [-94.7860057, 29.2964154], [-94.7859943, 29.2963832], [-94.7858879, 29.296412], [-94.7859177, 29.2964961]]]}}, {"id": "921", "type": "Feature", "properties": {"id": "51b35961-c872-419f-8aae-c0df7688d3da", "name": null, "subtype": "residential", "class": "house", "height": 6.15231466293335, "num_floors": null, "surge_class": 0, "surge_ft": 0.0, "flood_active": false, "exposure_score": 0.0, "exposure_category": "none"}, "geometry": {"type": "Polygon", "coordinates": [[[-94.7856551, 29.2967625], [-94.7857273, 29.2967427], [-94.7856701, 29.296584], [-94.785615, 29.2965991], [-94.7856321, 29.2966464], [-94.785615, 29.2966511], [-94.7856551, 29.2967625]]]}}, {"id": "922", "type": "Feature", "properties": {"id": "bceb1676-b711-4e95-8461-7fbbd2e2a14b", "name": null, "subtype": "residential", "class": "house", "height": 4.609946250915527, "num_floors": null, "surge_class": 0, "surge_ft": 0.0, "flood_active": false, "exposure_score": 0.0, "exposure_category": "none"}, "geometry": {"type": "Polygon", "coordinates": [[[-94.7855079, 29.2965825], [-94.7856329, 29.2965482], [-94.7856209, 29.2965148], [-94.7856377, 29.2965102], [-94.7856195, 29.2964596], [-94.7854776, 29.2964985], [-94.7855079, 29.2965825]]]}}, {"id": "923", "type": "Feature", "properties": {"id": "02ac5fe7-a87b-45c4-9957-4ae700df91d8", "name": null, "subtype": null, "class": null, "height": 4.189964294433594, "num_floors": null, "surge_class": 0, "surge_ft": 0.0, "flood_active": false, "exposure_score": 0.0, "exposure_category": "none"}, "geometry": {"type": "Polygon", "coordinates": [[[-94.78519, 29.296374], [-94.785308, 29.296352], [-94.785275, 29.296222], [-94.785157, 29.296245], [-94.78519, 29.296374]]]}}, {"id": "924", "type": "Feature", "properties": {"id": "e7b2bf7b-f179-462f-96a8-ffa79c7e5ab5", "name": null, "subtype": null, "class": null, "height": 5.3008503913879395, "num_floors": null, "surge_class": 0, "surge_ft": 0.0, "flood_active": false, "exposure_score": 0.0, "exposure_category": "none"}, "geometry": {"type": "Polygon", "coordinates": [[[-94.785084, 29.296434], [-94.785178, 29.296409], [-94.785118, 29.296238], [-94.785025, 29.296262], [-94.785084, 29.296434]]]}}, {"id": "925", "type": "Feature", "properties": {"id": "07fe1678-868e-485f-ba9c-b7e728f6f7dd", "name": null, "subtype": null, "class": null, "height": 4.098917007446289, "num_floors": null, "surge_class": 0, "surge_ft": 0.0, "flood_active": false, "exposure_score": 0.0, "exposure_category": "none"}, "geometry": {"type": "Polygon", "coordinates": [[[-94.785114, 29.296541], [-94.785216, 29.296513], [-94.78519, 29.296441], [-94.785088, 29.296468], [-94.785114, 29.296541]]]}}, {"id": "926", "type": "Feature", "properties": {"id": "292bc03a-96d1-43d8-afbd-563f84495e50", "name": null, "subtype": null, "class": null, "height": 2.6119396686553955, "num_floors": null, "surge_class": 0, "surge_ft": 0.0, "flood_active": false, "exposure_score": 0.0, "exposure_category": "none"}, "geometry": {"type": "Polygon", "coordinates": [[[-94.785134, 29.2965908], [-94.7851549, 29.2966516], [-94.7852324, 29.2966312], [-94.7852115, 29.2965705], [-94.785134, 29.2965908]]]}}, {"id": "927", "type": "Feature", "properties": {"id": "67e21f3b-f1eb-41f7-b924-ddcd72682123", "name": null, "subtype": null, "class": null, "height": 5.201508522033691, "num_floors": null, "surge_class": 0, "surge_ft": 0.0, "flood_active": false, "exposure_score": 0.0, "exposure_category": "none"}, "geometry": {"type": "Polygon", "coordinates": [[[-94.7851826, 29.2966886], [-94.7852432, 29.2968709], [-94.7853225, 29.2968508], [-94.785262, 29.2966686], [-94.7851826, 29.2966886]]]}}, {"id": "928", "type": "Feature", "properties": {"id": "49e0d25e-8feb-4369-828f-8b32d061f622", "name": null, "subtype": null, "class": null, "height": 4.23474645614624, "num_floors": null, "surge_class": 0, "surge_ft": 0.0, "flood_active": false, "exposure_score": 0.0, "exposure_category": "none"}, "geometry": {"type": "Polygon", "coordinates": [[[-94.785026, 29.2966975], [-94.7850903, 29.296887], [-94.7851691, 29.2968656], [-94.7851024, 29.2966742], [-94.785026, 29.2966975]]]}}, {"id": "929", "type": "Feature", "properties": {"id": "8d58d3a3-9abe-4765-a228-c3d6852475da", "name": null, "subtype": null, "class": null, "height": 5.479429244995117, "num_floors": null, "surge_class": 0, "surge_ft": 0.0, "flood_active": false, "exposure_score": 0.0, "exposure_category": "none"}, "geometry": {"type": "Polygon", "coordinates": [[[-94.785046, 29.296808], [-94.784934, 29.296831], [-94.784961, 29.296932], [-94.785073, 29.296909], [-94.785046, 29.296808]]]}}, {"id": "930", "type": "Feature", "properties": {"id": "557895ef-5c88-46e1-9dfc-6ca2099973d4", "name": null, "subtype": null, "class": null, "height": 4.725968837738037, "num_floors": null, "surge_class": 0, "surge_ft": 0.0, "flood_active": false, "exposure_score": 0.0, "exposure_category": "none"}, "geometry": {"type": "Polygon", "coordinates": [[[-94.784965, 29.296973], [-94.784932, 29.296882], [-94.784808, 29.296915], [-94.784841, 29.297007], [-94.784965, 29.296973]]]}}, {"id": "931", "type": "Feature", "properties": {"id": "2e05bdaa-a5de-4694-a53d-17cddc8e322b", "name": null, "subtype": null, "class": null, "height": 6.181754112243652, "num_floors": null, "surge_class": 0, "surge_ft": 0.0, "flood_active": false, "exposure_score": 0.0, "exposure_category": "none"}, "geometry": {"type": "Polygon", "coordinates": [[[-94.784891, 29.296756], [-94.784855, 29.296659], [-94.784738, 29.296691], [-94.784774, 29.296789], [-94.784891, 29.296756]]]}}, {"id": "932", "type": "Feature", "properties": {"id": "3307c72c-01e3-4b94-a8e3-3f971b3a0c22", "name": null, "subtype": null, "class": null, "height": 5.041954040527344, "num_floors": null, "surge_class": 0, "surge_ft": 0.0, "flood_active": false, "exposure_score": 0.0, "exposure_category": "none"}, "geometry": {"type": "Polygon", "coordinates": [[[-94.7847305, 29.296663], [-94.7848529, 29.2966315], [-94.7848246, 29.2965476], [-94.7847022, 29.2965791], [-94.7847305, 29.296663]]]}}, {"id": "933", "type": "Feature", "properties": {"id": "6fc6b134-d648-40bd-9dc4-6afeaa017363", "name": null, "subtype": null, "class": null, "height": 4.5221123695373535, "num_floors": null, "surge_class": 0, "surge_ft": 0.0, "flood_active": false, "exposure_score": 0.0, "exposure_category": "none"}, "geometry": {"type": "Polygon", "coordinates": [[[-94.784963, 29.296522], [-94.785024, 29.296509], [-94.785017, 29.296484], [-94.785064, 29.296473], [-94.785011, 29.296283], [-94.784902, 29.296306], [-94.784963, 29.296522]]]}}, {"id": "934", "type": "Feature", "properties": {"id": "dc3aa53b-cb90-4844-8d19-50ab375eaf01", "name": null, "subtype": null, "class": null, "height": 5.096845626831055, "num_floors": null, "surge_class": 0, "surge_ft": 0.0, "flood_active": false, "exposure_score": 0.0, "exposure_category": "none"}, "geometry": {"type": "Polygon", "coordinates": [[[-94.784887, 29.29629], [-94.78481, 29.2963], [-94.784832, 29.296434], [-94.784909, 29.296425], [-94.784887, 29.29629]]]}}, {"id": "935", "type": "Feature", "properties": {"id": "655c8b8f-4d8a-4cf4-b5b3-c47c46f9d557", "name": null, "subtype": null, "class": null, "height": 5.028420448303223, "num_floors": null, "surge_class": 0, "surge_ft": 0.0, "flood_active": false, "exposure_score": 0.0, "exposure_category": "none"}, "geometry": {"type": "Polygon", "coordinates": [[[-94.78504, 29.295959], [-94.785004, 29.295835], [-94.784911, 29.295855], [-94.784946, 29.295979], [-94.78504, 29.295959]]]}}, {"id": "936", "type": "Feature", "properties": {"id": "fc5e2b14-32c3-4e4b-99c0-7926b8461cb8", "name": null, "subtype": null, "class": null, "height": 4.377863883972168, "num_floors": null, "surge_class": 0, "surge_ft": 0.0, "flood_active": false, "exposure_score": 0.0, "exposure_category": "none"}, "geometry": {"type": "Polygon", "coordinates": [[[-94.78477, 29.295896], [-94.784818, 29.296022], [-94.784914, 29.295994], [-94.784864, 29.295864], [-94.784832, 29.295873], [-94.784833, 29.295878], [-94.78477, 29.295896]]]}}, {"id": "937", "type": "Feature", "properties": {"id": "0cdefc17-f7c2-44b1-b12c-e4af80da99a0", "name": null, "subtype": null, "class": null, "height": 5.182704448699951, "num_floors": null, "surge_class": 0, "surge_ft": 0.0, "flood_active": false, "exposure_score": 0.0, "exposure_category": "none"}, "geometry": {"type": "Polygon", "coordinates": [[[-94.7848498, 29.2956565], [-94.7849601, 29.2956399], [-94.7849478, 29.2955775], [-94.7848374, 29.295594], [-94.7848498, 29.2956565]]]}}, {"id": "938", "type": "Feature", "properties": {"id": "3beb40cc-d401-4287-975c-b79a85cfbb2d", "name": null, "subtype": null, "class": null, "height": 4.195273399353027, "num_floors": null, "surge_class": 1, "surge_ft": 0.5, "flood_active": false, "exposure_score": 0.015, "exposure_category": "low"}, "geometry": {"type": "Polygon", "coordinates": [[[-94.784886, 29.2954787], [-94.7848423, 29.2953534], [-94.7847466, 29.2953788], [-94.7847902, 29.2955041], [-94.784886, 29.2954787]]]}}, {"id": "939", "type": "Feature", "properties": {"id": "b0e4a04c-774a-4a1e-98ee-e64bf7fe165c", "name": null, "subtype": null, "class": null, "height": null, "num_floors": null, "surge_class": 0, "surge_ft": 0.0, "flood_active": false, "exposure_score": 0.0, "exposure_category": "none"}, "geometry": {"type": "Polygon", "coordinates": [[[-94.7850853, 29.2955944], [-94.7850624, 29.2955279], [-94.7849821, 29.2955488], [-94.7850049, 29.2956154], [-94.7850853, 29.2955944]]]}}, {"id": "940", "type": "Feature", "properties": {"id": "0115e02b-11d8-43ff-a50b-a203fae9ee89", "name": null, "subtype": null, "class": null, "height": 4.963528633117676, "num_floors": null, "surge_class": 0, "surge_ft": 0.0, "flood_active": false, "exposure_score": 0.0, "exposure_category": "none"}, "geometry": {"type": "Polygon", "coordinates": [[[-94.7851891, 29.2956228], [-94.7852133, 29.2957023], [-94.7853196, 29.2956778], [-94.7852954, 29.2955983], [-94.7851891, 29.2956228]]]}}, {"id": "941", "type": "Feature", "properties": {"id": "3138e268-5888-4fef-a3af-9e3ae2216f76", "name": null, "subtype": "residential", "class": "house", "height": 4.014518737792969, "num_floors": null, "surge_class": 0, "surge_ft": 0.0, "flood_active": false, "exposure_score": 0.0, "exposure_category": "none"}, "geometry": {"type": "Polygon", "coordinates": [[[-94.7853002, 29.2955065], [-94.7852867, 29.2954641], [-94.785172, 29.2954919], [-94.7851975, 29.2955718], [-94.7853294, 29.2955398], [-94.7853174, 29.2955023], [-94.7853002, 29.2955065]]]}}, {"id": "942", "type": "Feature", "properties": {"id": "496f9fd0-974e-4709-91bc-95d52327ef0f", "name": null, "subtype": "residential", "class": "house", "height": 5.567007064819336, "num_floors": null, "surge_class": 0, "surge_ft": 0.0, "flood_active": false, "exposure_score": 0.0, "exposure_category": "none"}, "geometry": {"type": "Polygon", "coordinates": [[[-94.7852481, 29.2957998], [-94.7853591, 29.2957709], [-94.7853316, 29.2956905], [-94.7852206, 29.2957193], [-94.7852481, 29.2957998]]]}}, {"id": "943", "type": "Feature", "properties": {"id": "fb5d9dff-1d1e-42d8-8c40-d5468c211102", "name": null, "subtype": null, "class": null, "height": 6.150886058807373, "num_floors": null, "surge_class": 0, "surge_ft": 0.0, "flood_active": false, "exposure_score": 0.0, "exposure_category": "none"}, "geometry": {"type": "Polygon", "coordinates": [[[-94.785399, 29.295778], [-94.785306, 29.295798], [-94.785335, 29.295896], [-94.785428, 29.295876], [-94.785399, 29.295778]]]}}, {"id": "944", "type": "Feature", "properties": {"id": "fce0070a-77e6-4274-bcd0-33456549d32c", "name": null, "subtype": null, "class": null, "height": 5.651905059814453, "num_floors": null, "surge_class": 0, "surge_ft": 0.0, "flood_active": false, "exposure_score": 0.0, "exposure_category": "none"}, "geometry": {"type": "Polygon", "coordinates": [[[-94.785267, 29.295915], [-94.785229, 29.295802], [-94.785145, 29.295823], [-94.785183, 29.295937], [-94.785267, 29.295915]]]}}, {"id": "945", "type": "Feature", "properties": {"id": "97c03aa4-83a9-454a-bacd-8bd785044fbe", "name": null, "subtype": null, "class": null, "height": 5.567480564117432, "num_floors": null, "surge_class": 0, "surge_ft": 0.0, "flood_active": false, "exposure_score": 0.0, "exposure_category": "none"}, "geometry": {"type": "Polygon", "coordinates": [[[-94.785121, 29.295801], [-94.785031, 29.295817], [-94.785061, 29.295936], [-94.78515, 29.295919], [-94.785121, 29.295801]]]}}, {"id": "946", "type": "Feature", "properties": {"id": "78c4dbd1-28ef-4407-9bb5-5227c48bc5d5", "name": null, "subtype": null, "class": null, "height": 4.857966423034668, "num_floors": null, "surge_class": 0, "surge_ft": 0.0, "flood_active": false, "exposure_score": 0.0, "exposure_category": "none"}, "geometry": {"type": "Polygon", "coordinates": [[[-94.785437, 29.296321], [-94.785386, 29.296169], [-94.785303, 29.296191], [-94.785354, 29.296342], [-94.785437, 29.296321]]]}}, {"id": "947", "type": "Feature", "properties": {"id": "340fff2b-b31d-4972-9f19-b26bdd1e0cf6", "name": null, "subtype": "residential", "class": "house", "height": 4.802117824554443, "num_floors": null, "surge_class": 0, "surge_ft": 0.0, "flood_active": false, "exposure_score": 0.0, "exposure_category": "none"}, "geometry": {"type": "Polygon", "coordinates": [[[-94.7854544, 29.2962491], [-94.7855582, 29.2962225], [-94.7855163, 29.2960979], [-94.7854125, 29.2961244], [-94.7854544, 29.2962491]]]}}, {"id": "948", "type": "Feature", "properties": {"id": "d3214f4a-3ebc-4448-93ec-0a1cae62246d", "name": null, "subtype": null, "class": null, "height": 5.129971027374268, "num_floors": null, "surge_class": 0, "surge_ft": 0.0, "flood_active": false, "exposure_score": 0.0, "exposure_category": "none"}, "geometry": {"type": "Polygon", "coordinates": [[[-94.7858425, 29.2963693], [-94.7860583, 29.2963161], [-94.7859881, 29.2960996], [-94.785905, 29.2961201], [-94.7859177, 29.2961594], [-94.7858929, 29.2961656], [-94.785899, 29.2961842], [-94.7858621, 29.2961933], [-94.7858519, 29.2961619], [-94.7858021, 29.2961742], [-94.7858384, 29.2962859], [-94.7858171, 29.2962912], [-94.7858425, 29.2963693]]]}}, {"id": "949", "type": "Feature", "properties": {"id": "424c471a-dc23-4151-ad18-acd3a16f2824", "name": null, "subtype": null, "class": null, "height": 5.765500545501709, "num_floors": null, "surge_class": 0, "surge_ft": 0.0, "flood_active": false, "exposure_score": 0.0, "exposure_category": "none"}, "geometry": {"type": "Polygon", "coordinates": [[[-94.786126, 29.296138], [-94.786086, 29.295977], [-94.785976, 29.295998], [-94.786001, 29.296101], [-94.786053, 29.296091], [-94.786067, 29.296149], [-94.786126, 29.296138]]]}}, {"id": "950", "type": "Feature", "properties": {"id": "a998529f-4cde-4959-9ad7-d7b5c9881db9", "name": null, "subtype": null, "class": null, "height": 6.671853065490723, "num_floors": null, "surge_class": 0, "surge_ft": 0.0, "flood_active": false, "exposure_score": 0.0, "exposure_category": "none"}, "geometry": {"type": "Polygon", "coordinates": [[[-94.785864, 29.295723], [-94.785837, 29.295619], [-94.785765, 29.295633], [-94.785793, 29.295738], [-94.785864, 29.295723]]]}}, {"id": "951", "type": "Feature", "properties": {"id": "63e7ec0c-5e59-475a-8938-c51ab31368e7", "name": null, "subtype": null, "class": null, "height": 4.218191623687744, "num_floors": null, "surge_class": 0, "surge_ft": 0.0, "flood_active": false, "exposure_score": 0.0, "exposure_category": "none"}, "geometry": {"type": "Polygon", "coordinates": [[[-94.785986, 29.295706], [-94.785963, 29.295617], [-94.785895, 29.29563], [-94.785885, 29.295589], [-94.78584, 29.295597], [-94.785873, 29.295728], [-94.785986, 29.295706]]]}}, {"id": "952", "type": "Feature", "properties": {"id": "71728bbc-53b5-4b1e-8ae7-6d1de3c0b4d3", "name": null, "subtype": null, "class": null, "height": 5.6466875076293945, "num_floors": null, "surge_class": 0, "surge_ft": 0.0, "flood_active": false, "exposure_score": 0.0, "exposure_category": "none"}, "geometry": {"type": "Polygon", "coordinates": [[[-94.786021, 29.295706], [-94.786109, 29.295691], [-94.786082, 29.295574], [-94.785994, 29.295589], [-94.786021, 29.295706]]]}}, {"id": "953", "type": "Feature", "properties": {"id": "392008ab-2f5d-4f0b-b835-69993215cdcf", "name": null, "subtype": "residential", "class": "house", "height": 5.349215507507324, "num_floors": null, "surge_class": 0, "surge_ft": 0.0, "flood_active": false, "exposure_score": 0.0, "exposure_category": "none"}, "geometry": {"type": "Polygon", "coordinates": [[[-94.7856978, 29.2954415], [-94.7856693, 29.2953543], [-94.7856488, 29.2953594], [-94.7856506, 29.2953648], [-94.785552, 29.2953894], [-94.7855452, 29.2953685], [-94.785529, 29.2953725], [-94.7855484, 29.2954317], [-94.7855374, 29.2954345], [-94.7855518, 29.2954787], [-94.7855976, 29.2954673], [-94.7856004, 29.2954759], [-94.785649, 29.2954638], [-94.7856459, 29.2954544], [-94.7856978, 29.2954415]]]}}, {"id": "954", "type": "Feature", "properties": {"id": "848c16fc-d925-4b93-96b5-26623ea21c8d", "name": null, "subtype": "residential", "class": "house", "height": 5.027517795562744, "num_floors": null, "surge_class": 0, "surge_ft": 0.0, "flood_active": false, "exposure_score": 0.0, "exposure_category": "none"}, "geometry": {"type": "Polygon", "coordinates": [[[-94.7856623, 29.2956017], [-94.785734, 29.2955839], [-94.7857204, 29.295542], [-94.7857074, 29.2955452], [-94.7856903, 29.2954926], [-94.7856155, 29.2955112], [-94.7856196, 29.2955236], [-94.7856065, 29.2955269], [-94.7855974, 29.2955403], [-94.7856178, 29.2956027], [-94.7856593, 29.2955924], [-94.7856623, 29.2956017]]]}}, {"id": "955", "type": "Feature", "properties": {"id": "a11540a0-05af-4a22-9af2-384bed398023", "name": null, "subtype": null, "class": null, "height": 6.150816440582275, "num_floors": null, "surge_class": 0, "surge_ft": 0.0, "flood_active": false, "exposure_score": 0.0, "exposure_category": "none"}, "geometry": {"type": "Polygon", "coordinates": [[[-94.785794, 29.295766], [-94.785751, 29.295635], [-94.785639, 29.295663], [-94.785682, 29.295794], [-94.785794, 29.295766]]]}}, {"id": "956", "type": "Feature", "properties": {"id": "817191f0-7c9a-44cf-93c6-591fee76200e", "name": null, "subtype": "residential", "class": "house", "height": 5.155612468719482, "num_floors": null, "surge_class": 0, "surge_ft": 0.0, "flood_active": false, "exposure_score": 0.0, "exposure_category": "none"}, "geometry": {"type": "Polygon", "coordinates": [[[-94.7855577, 29.2953004], [-94.7856228, 29.295283], [-94.7855853, 29.2951763], [-94.7855492, 29.2951859], [-94.785546, 29.2951768], [-94.7855196, 29.2951839], [-94.7855224, 29.2951917], [-94.785485, 29.2952017], [-94.785511, 29.2952757], [-94.7855457, 29.2952664], [-94.7855577, 29.2953004]]]}}, {"id": "957", "type": "Feature", "properties": {"id": "a3600442-ee86-4d87-9614-54ce50fd3bd3", "name": null, "subtype": "residential", "class": "house", "height": 6.346126079559326, "num_floors": null, "surge_class": 0, "surge_ft": 0.0, "flood_active": false, "exposure_score": 0.0, "exposure_category": "none"}, "geometry": {"type": "Polygon", "coordinates": [[[-94.7856513, 29.2952695], [-94.7857085, 29.2952544], [-94.7857032, 29.2952391], [-94.7857569, 29.2952249], [-94.7857415, 29.2951807], [-94.7857291, 29.2951839], [-94.7857148, 29.2951428], [-94.7856247, 29.2951666], [-94.785645, 29.2952247], [-94.7856365, 29.295227], [-94.7856513, 29.2952695]]]}}, {"id": "958", "type": "Feature", "properties": {"id": "417e608c-087c-4f2e-8733-b40b26233f43", "name": null, "subtype": null, "class": null, "height": 4.364713191986084, "num_floors": null, "surge_class": 0, "surge_ft": 0.0, "flood_active": false, "exposure_score": 0.0, "exposure_category": "none"}, "geometry": {"type": "Polygon", "coordinates": [[[-94.785693, 29.2953632], [-94.7857151, 29.295428], [-94.7858044, 29.2954048], [-94.7857822, 29.29534], [-94.785693, 29.2953632]]]}}, {"id": "959", "type": "Feature", "properties": {"id": "c9ce18a0-ec27-41e0-afbf-07e63770268d", "name": null, "subtype": "residential", "class": "house", "height": null, "num_floors": null, "surge_class": 0, "surge_ft": 0.0, "flood_active": false, "exposure_score": 0.0, "exposure_category": "none"}, "geometry": {"type": "Polygon", "coordinates": [[[-94.7859727, 29.2952078], [-94.786039, 29.2951909], [-94.7859942, 29.2950575], [-94.785928, 29.2950744], [-94.7859727, 29.2952078]]]}}, {"id": "960", "type": "Feature", "properties": {"id": "feb63bd0-d3e3-4703-8900-85cbacf7a4ca", "name": null, "subtype": "residential", "class": "house", "height": null, "num_floors": null, "surge_class": 0, "surge_ft": 0.0, "flood_active": false, "exposure_score": 0.0, "exposure_category": "none"}, "geometry": {"type": "Polygon", "coordinates": [[[-94.7860413, 29.2951866], [-94.7861156, 29.2951673], [-94.7860752, 29.2950487], [-94.7860557, 29.2950538], [-94.7860511, 29.2950401], [-94.7860155, 29.2950493], [-94.7860201, 29.295063], [-94.7860009, 29.2950679], [-94.7860413, 29.2951866]]]}}, {"id": "961", "type": "Feature", "properties": {"id": "ea53f920-4c1f-43fc-acfc-394ba898d012", "name": null, "subtype": "residential", "class": "house", "height": 4.747735500335693, "num_floors": null, "surge_class": 0, "surge_ft": 0.0, "flood_active": false, "exposure_score": 0.0, "exposure_category": "none"}, "geometry": {"type": "Polygon", "coordinates": [[[-94.7858137, 29.2952633], [-94.7859269, 29.2952341], [-94.7858805, 29.2950969], [-94.7857831, 29.2951219], [-94.7857943, 29.295155], [-94.7857784, 29.2951591], [-94.7858137, 29.2952633]]]}}, {"id": "962", "type": "Feature", "properties": {"id": "f427d299-a335-448d-b9d4-30f28928b538", "name": null, "subtype": null, "class": null, "height": 6.165999889373779, "num_floors": null, "surge_class": 0, "surge_ft": 0.0, "flood_active": false, "exposure_score": 0.0, "exposure_category": "none"}, "geometry": {"type": "Polygon", "coordinates": [[[-94.78605, 29.294766], [-94.786145, 29.29474], [-94.786103, 29.294621], [-94.786007, 29.294647], [-94.78605, 29.294766]]]}}, {"id": "963", "type": "Feature", "properties": {"id": "1663c0d1-2757-47d9-94ef-66071d7c3dd5", "name": null, "subtype": null, "class": null, "height": 5.757303237915039, "num_floors": null, "surge_class": 0, "surge_ft": 0.0, "flood_active": false, "exposure_score": 0.0, "exposure_category": "none"}, "geometry": {"type": "Polygon", "coordinates": [[[-94.785998, 29.294765], [-94.785969, 29.294638], [-94.785872, 29.294655], [-94.785902, 29.294782], [-94.785998, 29.294765]]]}}, {"id": "964", "type": "Feature", "properties": {"id": "6777a3ad-4690-42ef-b23f-b290be4f7f8b", "name": null, "subtype": null, "class": null, "height": 4.500880241394043, "num_floors": null, "surge_class": 0, "surge_ft": 0.0, "flood_active": false, "exposure_score": 0.0, "exposure_category": "none"}, "geometry": {"type": "Polygon", "coordinates": [[[-94.785782, 29.29466], [-94.785776, 29.294639], [-94.785735, 29.294647], [-94.785778, 29.294815], [-94.785868, 29.294798], [-94.78583, 29.294651], [-94.785782, 29.29466]]]}}, {"id": "965", "type": "Feature", "properties": {"id": "0e275431-3946-43c5-a40e-4bf67d1b769a", "name": null, "subtype": null, "class": null, "height": 3.9141366481781006, "num_floors": null, "surge_class": 0, "surge_ft": 0.0, "flood_active": false, "exposure_score": 0.0, "exposure_category": "none"}, "geometry": {"type": "Polygon", "coordinates": [[[-94.7855864, 29.2945857], [-94.7856083, 29.294657], [-94.7856844, 29.2946393], [-94.7856626, 29.294568], [-94.7855864, 29.2945857]]]}}, {"id": "966", "type": "Feature", "properties": {"id": "9fb15e6d-765e-4101-8532-4869821705e1", "name": null, "subtype": "residential", "class": "house", "height": 5.9341959953308105, "num_floors": null, "surge_class": 0, "surge_ft": 0.0, "flood_active": false, "exposure_score": 0.0, "exposure_category": "none"}, "geometry": {"type": "Polygon", "coordinates": [[[-94.7857597, 29.2948275], [-94.7857286, 29.2947298], [-94.7856133, 29.2947577], [-94.7856444, 29.2948554], [-94.7857597, 29.2948275]]]}}, {"id": "967", "type": "Feature", "properties": {"id": "a1a47ef9-abae-456d-84c1-5952942bfa3a", "name": null, "subtype": null, "class": null, "height": 6.189186096191406, "num_floors": null, "surge_class": 0, "surge_ft": 0.0, "flood_active": false, "exposure_score": 0.0, "exposure_category": "none"}, "geometry": {"type": "Polygon", "coordinates": [[[-94.785512, 29.294893], [-94.785595, 29.294869], [-94.785557, 29.294768], [-94.785474, 29.294792], [-94.785512, 29.294893]]]}}, {"id": "968", "type": "Feature", "properties": {"id": "1230cb7a-f35c-4462-b0d1-4f6d28509159", "name": null, "subtype": null, "class": null, "height": 3.438196897506714, "num_floors": null, "surge_class": 0, "surge_ft": 0.0, "flood_active": false, "exposure_score": 0.0, "exposure_category": "none"}, "geometry": {"type": "Polygon", "coordinates": [[[-94.785435, 29.29467], [-94.785556, 29.294649], [-94.785543, 29.294592], [-94.785422, 29.294614], [-94.785435, 29.29467]]]}}, {"id": "969", "type": "Feature", "properties": {"id": "d96ae088-9f05-4ddb-9d66-c5c8f067db35", "name": null, "subtype": null, "class": null, "height": 4.7834858894348145, "num_floors": null, "surge_class": 0, "surge_ft": 0.0, "flood_active": false, "exposure_score": 0.0, "exposure_category": "none"}, "geometry": {"type": "Polygon", "coordinates": [[[-94.7854136, 29.2946992], [-94.7853911, 29.2946274], [-94.7852897, 29.2946515], [-94.7853122, 29.2947233], [-94.7854136, 29.2946992]]]}}, {"id": "970", "type": "Feature", "properties": {"id": "b4dc6cf2-dbc3-4088-9bb3-a42c04fb045a", "name": null, "subtype": null, "class": null, "height": 4.633969306945801, "num_floors": null, "surge_class": 2, "surge_ft": 1.5, "flood_active": false, "exposure_score": 0.045, "exposure_category": "low"}, "geometry": {"type": "Polygon", "coordinates": [[[-94.785345, 29.294823], [-94.785384, 29.294947], [-94.785501, 29.29492], [-94.785463, 29.294795], [-94.785345, 29.294823]]]}}, {"id": "971", "type": "Feature", "properties": {"id": "74adc3b3-1416-44fa-8cd7-399b93a3f5c2", "name": null, "subtype": "residential", "class": "house", "height": 5.909689426422119, "num_floors": null, "surge_class": 0, "surge_ft": 0.0, "flood_active": false, "exposure_score": 0.0, "exposure_category": "none"}, "geometry": {"type": "Polygon", "coordinates": [[[-94.7852544, 29.2953059], [-94.7852362, 29.2952524], [-94.785216, 29.2952576], [-94.7852022, 29.2952169], [-94.7851131, 29.2952399], [-94.7851451, 29.2953341], [-94.7852544, 29.2953059]]]}}, {"id": "972", "type": "Feature", "properties": {"id": "c006d0e0-e934-4402-8109-e6f5b77166ad", "name": null, "subtype": "residential", "class": "house", "height": 5.158490180969238, "num_floors": null, "surge_class": 0, "surge_ft": 0.0, "flood_active": false, "exposure_score": 0.0, "exposure_category": "none"}, "geometry": {"type": "Polygon", "coordinates": [[[-94.7850045, 29.2950749], [-94.7851525, 29.2950363], [-94.7851162, 29.2949304], [-94.7849682, 29.294969], [-94.7850045, 29.2950749]]]}}, {"id": "973", "type": "Feature", "properties": {"id": "8fa4f6a5-9d42-4c9e-9e91-08c9997da0d3", "name": null, "subtype": null, "class": null, "height": 5.350254058837891, "num_floors": null, "surge_class": 0, "surge_ft": 0.0, "flood_active": false, "exposure_score": 0.0, "exposure_category": "none"}, "geometry": {"type": "Polygon", "coordinates": [[[-94.7850438, 29.2954315], [-94.7851356, 29.2954087], [-94.7850975, 29.2952918], [-94.7850057, 29.2953146], [-94.7850438, 29.2954315]]]}}, {"id": "974", "type": "Feature", "properties": {"id": "47acb083-1a8f-4e2b-832e-1645986d0d0c", "name": null, "subtype": null, "class": null, "height": 5.669713497161865, "num_floors": null, "surge_class": 0, "surge_ft": 0.0, "flood_active": false, "exposure_score": 0.0, "exposure_category": "none"}, "geometry": {"type": "Polygon", "coordinates": [[[-94.7850246, 29.2954181], [-94.7850012, 29.295317], [-94.7849084, 29.2953333], [-94.7849318, 29.2954344], [-94.7850246, 29.2954181]]]}}, {"id": "975", "type": "Feature", "properties": {"id": "25f5ffb5-4299-4752-973a-f4a2015f1c3b", "name": null, "subtype": null, "class": null, "height": 3.634796380996704, "num_floors": null, "surge_class": 0, "surge_ft": 0.0, "flood_active": false, "exposure_score": 0.0, "exposure_category": "none"}, "geometry": {"type": "Polygon", "coordinates": [[[-94.784967, 29.2950594], [-94.7849512, 29.2949871], [-94.7848658, 29.2950013], [-94.7848815, 29.2950735], [-94.784967, 29.2950594]]]}}, {"id": "976", "type": "Feature", "properties": {"id": "3a856aea-e474-49f1-a24b-bc1c9a7dbd71", "name": null, "subtype": null, "class": null, "height": 3.044278860092163, "num_floors": null, "surge_class": 0, "surge_ft": 0.0, "flood_active": false, "exposure_score": 0.0, "exposure_category": "none"}, "geometry": {"type": "Polygon", "coordinates": [[[-94.7848736, 29.2948431], [-94.7848426, 29.2947902], [-94.7848052, 29.2948068], [-94.7848361, 29.2948597], [-94.7848736, 29.2948431]]]}}, {"id": "977", "type": "Feature", "properties": {"id": "e368c2be-b1f1-4ef5-85cc-1a726773262d", "name": null, "subtype": null, "class": null, "height": 5.251275539398193, "num_floors": null, "surge_class": 0, "surge_ft": 0.0, "flood_active": false, "exposure_score": 0.0, "exposure_category": "none"}, "geometry": {"type": "Polygon", "coordinates": [[[-94.784874, 29.2947722], [-94.7849067, 29.2948658], [-94.7850417, 29.29483], [-94.785009, 29.2947364], [-94.784874, 29.2947722]]]}}, {"id": "978", "type": "Feature", "properties": {"id": "2aca57b3-64d3-4a79-9284-fce1badece0d", "name": null, "subtype": null, "class": null, "height": 4.954273700714111, "num_floors": null, "surge_class": 0, "surge_ft": 0.0, "flood_active": false, "exposure_score": 0.0, "exposure_category": "none"}, "geometry": {"type": "Polygon", "coordinates": [[[-94.7848778, 29.2947006], [-94.7849863, 29.2946768], [-94.7849608, 29.2945888], [-94.7848524, 29.2946126], [-94.7848778, 29.2947006]]]}}, {"id": "979", "type": "Feature", "properties": {"id": "f24f0340-a000-4c2f-98ef-8bdee61c8775", "name": null, "subtype": null, "class": null, "height": 4.8706488609313965, "num_floors": null, "surge_class": 0, "surge_ft": 0.0, "flood_active": false, "exposure_score": 0.0, "exposure_category": "none"}, "geometry": {"type": "Polygon", "coordinates": [[[-94.7846571, 29.2946372], [-94.7847465, 29.2946197], [-94.7847173, 29.2945061], [-94.7846279, 29.2945236], [-94.7846571, 29.2946372]]]}}, {"id": "980", "type": "Feature", "properties": {"id": "b4e49552-2a10-4912-88fe-539456ddba46", "name": null, "subtype": null, "class": null, "height": 3.340646505355835, "num_floors": null, "surge_class": 0, "surge_ft": 0.0, "flood_active": false, "exposure_score": 0.0, "exposure_category": "none"}, "geometry": {"type": "Polygon", "coordinates": [[[-94.7845654, 29.2947269], [-94.7845831, 29.2947789], [-94.7846894, 29.2947514], [-94.7846717, 29.2946993], [-94.7845654, 29.2947269]]]}}, {"id": "981", "type": "Feature", "properties": {"id": "fcb721c0-10d8-40e0-a9d8-64ea04615b9f", "name": null, "subtype": null, "class": null, "height": null, "num_floors": null, "surge_class": 0, "surge_ft": 0.0, "flood_active": false, "exposure_score": 0.0, "exposure_category": "none"}, "geometry": {"type": "Polygon", "coordinates": [[[-94.7844943, 29.2947895], [-94.7845532, 29.2947913], [-94.7845566, 29.2947072], [-94.7844977, 29.2947054], [-94.7844943, 29.2947895]]]}}, {"id": "982", "type": "Feature", "properties": {"id": "04457540-2c1d-4178-b102-0bc3f87bfdd6", "name": null, "subtype": null, "class": null, "height": null, "num_floors": null, "surge_class": 0, "surge_ft": 0.0, "flood_active": false, "exposure_score": 0.0, "exposure_category": "none"}, "geometry": {"type": "Polygon", "coordinates": [[[-94.7844498, 29.2944995], [-94.7843764, 29.2945152], [-94.7844272, 29.294695], [-94.784498, 29.2946797], [-94.7844837, 29.294629], [-94.7845206, 29.2946211], [-94.7845038, 29.2945615], [-94.7844694, 29.2945689], [-94.7844498, 29.2944995]]]}}, {"id": "983", "type": "Feature", "properties": {"id": "5377c498-9e94-4e4e-9323-5295d47c395f", "name": null, "subtype": null, "class": null, "height": null, "num_floors": null, "surge_class": 0, "surge_ft": 0.0, "flood_active": false, "exposure_score": 0.0, "exposure_category": "none"}, "geometry": {"type": "Polygon", "coordinates": [[[-94.7842679, 29.2945629], [-94.7843163, 29.2947178], [-94.7843993, 29.294698], [-94.7843508, 29.2945432], [-94.7842679, 29.2945629]]]}}, {"id": "984", "type": "Feature", "properties": {"id": "fd00e5b1-878d-4196-b8b1-f0c80c877470", "name": null, "subtype": null, "class": null, "height": 2.7909276485443115, "num_floors": null, "surge_class": 0, "surge_ft": 0.0, "flood_active": false, "exposure_score": 0.0, "exposure_category": "none"}, "geometry": {"type": "Polygon", "coordinates": [[[-94.7842299, 29.2945695], [-94.7840383, 29.2946217], [-94.784065, 29.2946963], [-94.7842566, 29.2946441], [-94.7842299, 29.2945695]]]}}, {"id": "985", "type": "Feature", "properties": {"id": "ba38ea59-83ea-4868-baf6-68f32122289e", "name": null, "subtype": null, "class": null, "height": 3.210430860519409, "num_floors": null, "surge_class": 0, "surge_ft": 0.0, "flood_active": false, "exposure_score": 0.0, "exposure_category": "none"}, "geometry": {"type": "Polygon", "coordinates": [[[-94.7842825, 29.2948038], [-94.7842647, 29.2947274], [-94.7840895, 29.2947585], [-94.7841073, 29.2948349], [-94.7842825, 29.2948038]]]}}, {"id": "986", "type": "Feature", "properties": {"id": "6c2ffbf2-7de9-4484-8ee7-402f726841dd", "name": null, "subtype": null, "class": null, "height": 2.8449978828430176, "num_floors": null, "surge_class": 0, "surge_ft": 0.0, "flood_active": false, "exposure_score": 0.0, "exposure_category": "none"}, "geometry": {"type": "Polygon", "coordinates": [[[-94.7842844, 29.2949906], [-94.78426, 29.2949211], [-94.7841447, 29.2949518], [-94.7841691, 29.2950213], [-94.7842844, 29.2949906]]]}}, {"id": "987", "type": "Feature", "properties": {"id": "b7c91820-4b55-4beb-a60f-cd615f1b3f6c", "name": null, "subtype": null, "class": null, "height": 3.6449224948883057, "num_floors": null, "surge_class": 0, "surge_ft": 0.0, "flood_active": false, "exposure_score": 0.0, "exposure_category": "none"}, "geometry": {"type": "Polygon", "coordinates": [[[-94.7844011, 29.295118], [-94.7843467, 29.2951318], [-94.7843679, 29.2951954], [-94.7844223, 29.2951816], [-94.7844011, 29.295118]]]}}, {"id": "988", "type": "Feature", "properties": {"id": "dcb6243c-86f8-4628-b8dc-c5d9a76a5977", "name": null, "subtype": null, "class": null, "height": 3.9761481285095215, "num_floors": null, "surge_class": 0, "surge_ft": 0.0, "flood_active": false, "exposure_score": 0.0, "exposure_category": "none"}, "geometry": {"type": "Polygon", "coordinates": [[[-94.784204, 29.2951551], [-94.7843848, 29.2951098], [-94.7843599, 29.2950342], [-94.7843113, 29.2950464], [-94.7843181, 29.2950669], [-94.7841858, 29.2951], [-94.784204, 29.2951551]]]}}, {"id": "989", "type": "Feature", "properties": {"id": "d4f8c84e-24db-464e-8675-7bf8755d2459", "name": null, "subtype": null, "class": null, "height": 4.779942989349365, "num_floors": null, "surge_class": 0, "surge_ft": 0.0, "flood_active": false, "exposure_score": 0.0, "exposure_category": "none"}, "geometry": {"type": "Polygon", "coordinates": [[[-94.7842549, 29.2952689], [-94.7843641, 29.2952379], [-94.7843282, 29.2951416], [-94.7842191, 29.2951726], [-94.7842549, 29.2952689]]]}}, {"id": "990", "type": "Feature", "properties": {"id": "037214d7-d203-4264-9106-49cf64bea2da", "name": null, "subtype": null, "class": null, "height": 4.533242225646973, "num_floors": null, "surge_class": 0, "surge_ft": 0.0, "flood_active": false, "exposure_score": 0.0, "exposure_category": "none"}, "geometry": {"type": "Polygon", "coordinates": [[[-94.7845366, 29.2951454], [-94.7844939, 29.2950132], [-94.784397, 29.295037], [-94.7844396, 29.2951692], [-94.7845366, 29.2951454]]]}}, {"id": "991", "type": "Feature", "properties": {"id": "b015f967-25b7-45f3-90ab-93d228c1c828", "name": null, "subtype": null, "class": null, "height": 5.02323055267334, "num_floors": null, "surge_class": 0, "surge_ft": 0.0, "flood_active": false, "exposure_score": 0.0, "exposure_category": "none"}, "geometry": {"type": "Polygon", "coordinates": [[[-94.7846853, 29.2951269], [-94.7846323, 29.2949931], [-94.784523, 29.295026], [-94.784576, 29.2951598], [-94.7846853, 29.2951269]]]}}, {"id": "992", "type": "Feature", "properties": {"id": "51bd2364-3c39-45bd-af27-4544cca99e44", "name": null, "subtype": null, "class": null, "height": 5.847642421722412, "num_floors": null, "surge_class": 0, "surge_ft": 0.0, "flood_active": false, "exposure_score": 0.0, "exposure_category": "none"}, "geometry": {"type": "Polygon", "coordinates": [[[-94.7846637, 29.2949745], [-94.7846983, 29.2950737], [-94.7847538, 29.295059], [-94.7847481, 29.2950425], [-94.7847908, 29.2950311], [-94.784762, 29.2949485], [-94.7846637, 29.2949745]]]}}, {"id": "993", "type": "Feature", "properties": {"id": "169202d6-e959-4e94-bb01-50235e463a40", "name": null, "subtype": null, "class": null, "height": 2.509871244430542, "num_floors": null, "surge_class": 0, "surge_ft": 0.0, "flood_active": false, "exposure_score": 0.0, "exposure_category": "none"}, "geometry": {"type": "Polygon", "coordinates": [[[-94.784704, 29.2953768], [-94.7846279, 29.2953927], [-94.7846893, 29.2956161], [-94.7847654, 29.2956002], [-94.784704, 29.2953768]]]}}, {"id": "994", "type": "Feature", "properties": {"id": "af50f41e-92ff-4201-9232-59f86e565867", "name": null, "subtype": null, "class": null, "height": 4.888242721557617, "num_floors": null, "surge_class": 0, "surge_ft": 0.0, "flood_active": false, "exposure_score": 0.0, "exposure_category": "none"}, "geometry": {"type": "Polygon", "coordinates": [[[-94.7844951, 29.2954275], [-94.7845494, 29.2955918], [-94.7846027, 29.2955784], [-94.7845954, 29.2955563], [-94.7846334, 29.2955467], [-94.7845864, 29.2954045], [-94.7844951, 29.2954275]]]}}, {"id": "995", "type": "Feature", "properties": {"id": "e9a98d0d-8167-4113-82f6-e2b489157b29", "name": null, "subtype": null, "class": null, "height": 4.751879692077637, "num_floors": null, "surge_class": 0, "surge_ft": 0.0, "flood_active": false, "exposure_score": 0.0, "exposure_category": "none"}, "geometry": {"type": "Polygon", "coordinates": [[[-94.7843919, 29.2956447], [-94.7844854, 29.2956278], [-94.7844443, 29.2954551], [-94.7843508, 29.295472], [-94.7843919, 29.2956447]]]}}, {"id": "996", "type": "Feature", "properties": {"id": "09ffbdf1-8e3d-455f-96a9-9484018cb77e", "name": null, "subtype": null, "class": null, "height": 4.096804618835449, "num_floors": null, "surge_class": 0, "surge_ft": 0.0, "flood_active": false, "exposure_score": 0.0, "exposure_category": "none"}, "geometry": {"type": "Polygon", "coordinates": [[[-94.7845232, 29.2956542], [-94.7843899, 29.2956884], [-94.784419, 29.2957745], [-94.7845523, 29.2957403], [-94.7845232, 29.2956542]]]}}, {"id": "997", "type": "Feature", "properties": {"id": "4a8d6dc6-2e34-4131-a4b5-52821f151c29", "name": null, "subtype": null, "class": null, "height": 5.443216800689697, "num_floors": null, "surge_class": 0, "surge_ft": 0.0, "flood_active": false, "exposure_score": 0.0, "exposure_category": "none"}, "geometry": {"type": "Polygon", "coordinates": [[[-94.78455, 29.296092], [-94.784656, 29.296068], [-94.784614, 29.295923], [-94.784543, 29.295939], [-94.784555, 29.295981], [-94.78452, 29.295989], [-94.78455, 29.296092]]]}}, {"id": "998", "type": "Feature", "properties": {"id": "c2c431c5-03b8-4a2f-ba29-12795a7c91bc", "name": null, "subtype": null, "class": null, "height": 4.761022090911865, "num_floors": null, "surge_class": 0, "surge_ft": 0.0, "flood_active": false, "exposure_score": 0.0, "exposure_category": "none"}, "geometry": {"type": "Polygon", "coordinates": [[[-94.78472, 29.295871], [-94.784627, 29.295888], [-94.784667, 29.296054], [-94.784761, 29.296036], [-94.78472, 29.295871]]]}}, {"id": "999", "type": "Feature", "properties": {"id": "7e17014b-9526-4824-b20d-b1c039247c92", "name": null, "subtype": null, "class": null, "height": 3.8327062129974365, "num_floors": null, "surge_class": 1, "surge_ft": 0.5, "flood_active": false, "exposure_score": 0.015, "exposure_category": "low"}, "geometry": {"type": "Polygon", "coordinates": [[[-94.78456, 29.295792], [-94.784444, 29.295823], [-94.784482, 29.295934], [-94.784599, 29.295903], [-94.78456, 29.295792]]]}}]}