{"type": "FeatureCollection", "features": [{"id": "0", "type": "Feature", "properties": {"id": "39aa9176-35bd-4f5a-b280-d2559d62ff1e", "name": null, "subtype": null, "class": null, "height": null, "num_floors": null, "surge_class": 3, "surge_ft": 2.5, "flood_active": false, "exposure_score": 0.075, "exposure_category": "low"}, "geometry": {"type": "Polygon", "coordinates": [[[-75.0999374, 38.3277353], [-75.1001027, 38.3277358], [-75.1001035, 38.3275638], [-75.0999382, 38.3275633], [-75.0999374, 38.3277353]]]}}, {"id": "1", "type": "Feature", "properties": {"id": "3053d3d8-5c9f-4cad-a8df-771d14651a99", "name": null, "subtype": null, "class": null, "height": null, "num_floors": null, "surge_class": 8, "surge_ft": 7.5, "flood_active": false, "exposure_score": 0.225, "exposure_category": "low"}, "geometry": {"type": "Polygon", "coordinates": [[[-75.0900128, 38.3263316], [-75.0901021, 38.326361], [-75.0903277, 38.3259394], [-75.0900631, 38.3258522], [-75.0900277, 38.3259184], [-75.0902031, 38.3259761], [-75.0900128, 38.3263316]]]}}, {"id": "2", "type": "Feature", "properties": {"id": "f3da41cf-d5d1-4147-ab00-de6e795cd3b5", "name": null, "subtype": null, "class": null, "height": null, "num_floors": null, "surge_class": 0, "surge_ft": 0.0, "flood_active": false, "exposure_score": 0.0, "exposure_category": "none"}, "geometry": {"type": "Polygon", "coordinates": [[[-75.0901385, 38.3267981], [-75.0902362, 38.3268251], [-75.090275, 38.3267389], [-75.0902806, 38.3267263], [-75.0901829, 38.3266993], [-75.0901488, 38.3267751], [-75.0901385, 38.3267981]]]}}, {"id": "3", "type": "Feature", "properties": {"id": "422fff37-70a5-444f-aa13-e32c013f21ff", "name": null, "subtype": "civic", "class": null, "height": null, "num_floors": null, "surge_class": 5, "surge_ft": 4.5, "flood_active": false, "exposure_score": 0.135, "exposure_category": "low"}, "geometry": {"type": "Polygon", "coordinates": [[[-75.0902527, 38.3275181], [-75.090507, 38.3275475], [-75.090513, 38.3275159], [-75.0902586, 38.3274865], [-75.0902527, 38.3275181]]]}}, {"id": "4", "type": "Feature", "properties": {"id": "20db301a-e639-4217-ac5b-1fb5052af972", "name": null, "subtype": "civic", "class": null, "height": null, "num_floors": null, "surge_class": 5, "surge_ft": 4.5, "flood_active": false, "exposure_score": 0.135, "exposure_category": "low"}, "geometry": {"type": "Polygon", "coordinates": [[[-75.0901003, 38.3274966], [-75.0902086, 38.3275098], [-75.0902145, 38.3274806], [-75.0901061, 38.3274673], [-75.0901003, 38.3274966]]]}}, {"id": "5", "type": "Feature", "properties": {"id": "dfaa655f-ef13-4598-a3c8-ff7312b1a40a", "name": null, "subtype": "civic", "class": null, "height": null, "num_floors": null, "surge_class": 4, "surge_ft": 3.5, "flood_active": false, "exposure_score": 0.105, "exposure_category": "low"}, "geometry": {"type": "Polygon", "coordinates": [[[-75.089908, 38.3274852], [-75.0900835, 38.3275107], [-75.0900928, 38.3274717], [-75.0899173, 38.3274462], [-75.089908, 38.3274852]]]}}, {"id": "6", "type": "Feature", "properties": {"id": "aa024bb2-3420-4ad5-a567-1479bf3d2f74", "name": null, "subtype": "outbuilding", "class": "shed", "height": null, "num_floors": null, "surge_class": 4, "surge_ft": 3.5, "flood_active": false, "exposure_score": 0.105, "exposure_category": "low"}, "geometry": {"type": "Polygon", "coordinates": [[[-75.0906453, 38.3280349], [-75.0906664, 38.3280411], [-75.0906852, 38.3280022], [-75.0906641, 38.3279959], [-75.0906453, 38.3280349]]]}}, {"id": "7", "type": "Feature", "properties": {"id": "c1de0b9e-a0a5-4d8a-aa91-52b92b75ef0c", "name": "Boat Mantenance", "subtype": "residential", "class": "garage", "height": 2.4452221393585205, "num_floors": null, "surge_class": 4, "surge_ft": 3.5, "flood_active": false, "exposure_score": 0.105, "exposure_category": "low"}, "geometry": {"type": "Polygon", "coordinates": [[[-75.0906499, 38.3280889], [-75.0907595, 38.3281242], [-75.0908284, 38.3279926], [-75.0907187, 38.3279573], [-75.0906499, 38.3280889]]]}}, {"id": "8", "type": "Feature", "properties": {"id": "ab2ea0c0-b4b4-4b0b-a3c4-ca543275081c", "name": null, "subtype": null, "class": null, "height": null, "num_floors": null, "surge_class": 4, "surge_ft": 3.5, "flood_active": false, "exposure_score": 0.105, "exposure_category": "low"}, "geometry": {"type": "Polygon", "coordinates": [[[-75.0908213, 38.3280844], [-75.0907834, 38.3281556], [-75.090832, 38.3281715], [-75.0908698, 38.3281003], [-75.0908213, 38.3280844]]]}}, {"id": "9", "type": "Feature", "properties": {"id": "938cf1b0-3f29-458c-b1d2-34a07440a4a5", "name": null, "subtype": "outbuilding", "class": "shed", "height": null, "num_floors": null, "surge_class": 4, "surge_ft": 3.5, "flood_active": false, "exposure_score": 0.105, "exposure_category": "low"}, "geometry": {"type": "Polygon", "coordinates": [[[-75.0906946, 38.3286619], [-75.0907655, 38.3286394], [-75.0907438, 38.3285975], [-75.0906729, 38.32862], [-75.0906946, 38.3286619]]]}}, {"id": "10", "type": "Feature", "properties": {"id": "0f234387-c295-4159-a4ae-e4a692549840", "name": null, "subtype": null, "class": null, "height": 7.763793468475342, "num_floors": null, "surge_class": 6, "surge_ft": 5.5, "flood_active": false, "exposure_score": 0.165, "exposure_category": "low"}, "geometry": {"type": "Polygon", "coordinates": [[[-75.0904331, 38.3290949], [-75.0906201, 38.3291224], [-75.0906304, 38.3290792], [-75.0905616, 38.3290691], [-75.0905792, 38.3289955], [-75.0905573, 38.3289923], [-75.0905886, 38.3288614], [-75.090397, 38.3288332], [-75.0904022, 38.3288113], [-75.0899832, 38.3287496], [-75.0899794, 38.3287654], [-75.0898888, 38.328752], [-75.0898692, 38.3288337], [-75.0898329, 38.3288283], [-75.089823, 38.3288697], [-75.0898415, 38.3288725], [-75.0898337, 38.328905], [-75.0899608, 38.3289237], [-75.0899681, 38.3288935], [-75.09033, 38.3289468], [-75.0903237, 38.3289729], [-75.0903532, 38.3289773], [-75.0903392, 38.3290356], [-75.0903621, 38.329039], [-75.0903591, 38.3290515], [-75.0904406, 38.3290635], [-75.0904331, 38.3290949]]]}}, {"id": "11", "type": "Feature", "properties": {"id": "ef125c6f-0e88-4240-85f7-c51a48b5b578", "name": null, "subtype": null, "class": null, "height": 8.293439865112305, "num_floors": null, "surge_class": 6, "surge_ft": 5.5, "flood_active": false, "exposure_score": 0.165, "exposure_category": "low"}, "geometry": {"type": "Polygon", "coordinates": [[[-75.0900783, 38.3290698], [-75.0900075, 38.3292089], [-75.0905133, 38.3293672], [-75.0905841, 38.3292281], [-75.0900783, 38.3290698]]]}}, {"id": "12", "type": "Feature", "properties": {"id": "c1bca437-3c30-4588-9111-212ff2a938c9", "name": null, "subtype": null, "class": null, "height": 6.783382892608643, "num_floors": null, "surge_class": 4, "surge_ft": 3.5, "flood_active": false, "exposure_score": 0.105, "exposure_category": "low"}, "geometry": {"type": "Polygon", "coordinates": [[[-75.0906931, 38.3288967], [-75.0906546, 38.3288937], [-75.090642, 38.3289916], [-75.0906805, 38.3289946], [-75.0906931, 38.3288967]]]}}, {"id": "13", "type": "Feature", "properties": {"id": "773903cb-45dc-4ab5-9036-47a368bb1439", "name": null, "subtype": null, "class": null, "height": 5.234537601470947, "num_floors": null, "surge_class": 4, "surge_ft": 3.5, "flood_active": false, "exposure_score": 0.105, "exposure_category": "low"}, "geometry": {"type": "Polygon", "coordinates": [[[-75.0975418, 38.3335689], [-75.0974792, 38.333525], [-75.0973879, 38.333605], [-75.0973551, 38.333582], [-75.0973078, 38.3336235], [-75.0974106, 38.3336956], [-75.0974519, 38.3336594], [-75.0974772, 38.3336772], [-75.0975545, 38.3336094], [-75.0975218, 38.3335864], [-75.0975418, 38.3335689]]]}}, {"id": "14", "type": "Feature", "properties": {"id": "335eef6d-5f6b-4b09-8904-4d4be79d5838", "name": null, "subtype": null, "class": null, "height": 5.163710594177246, "num_floors": null, "surge_class": 5, "surge_ft": 4.5, "flood_active": false, "exposure_score": 0.135, "exposure_category": "low"}, "geometry": {"type": "Polygon", "coordinates": [[[-75.0970871, 38.333199], [-75.0970789, 38.3332455], [-75.0972068, 38.3332594], [-75.0972087, 38.3332491], [-75.0973464, 38.3332642], [-75.0973604, 38.3331857], [-75.0972515, 38.3331738], [-75.0972662, 38.3330913], [-75.0971109, 38.3330743], [-75.0971021, 38.3331239], [-75.09706, 38.3331193], [-75.0970467, 38.3331946], [-75.0970871, 38.333199]]]}}, {"id": "15", "type": "Feature", "properties": {"id": "53cbbe99-2f0e-4c35-9f64-069f7f25c90d", "name": null, "subtype": null, "class": null, "height": 4.827168941497803, "num_floors": null, "surge_class": 5, "surge_ft": 4.5, "flood_active": false, "exposure_score": 0.135, "exposure_category": "low"}, "geometry": {"type": "Polygon", "coordinates": [[[-75.0972337, 38.3333176], [-75.0971344, 38.3332854], [-75.0970543, 38.3334371], [-75.0971284, 38.3334612], [-75.0971018, 38.3335115], [-75.0972337, 38.3335543], [-75.0972769, 38.3334726], [-75.0971999, 38.3334476], [-75.0972497, 38.3333533], [-75.0972199, 38.3333437], [-75.0972337, 38.3333176]]]}}, {"id": "16", "type": "Feature", "properties": {"id": "86533f46-cad9-4f6c-a99a-3fef8b01fcc6", "name": null, "subtype": null, "class": null, "height": 0.7095147967338562, "num_floors": null, "surge_class": 5, "surge_ft": 4.5, "flood_active": false, "exposure_score": 0.135, "exposure_category": "low"}, "geometry": {"type": "Polygon", "coordinates": [[[-75.0970472, 38.3331871], [-75.0970468, 38.3331177], [-75.0971022, 38.3331175], [-75.097102, 38.3330754], [-75.0969866, 38.3330759], [-75.0969873, 38.3331874], [-75.0970472, 38.3331871]]]}}, {"id": "17", "type": "Feature", "properties": {"id": "5e308925-55e0-46ad-8800-f326d04f3f37", "name": null, "subtype": null, "class": null, "height": 6.030651569366455, "num_floors": null, "surge_class": 5, "surge_ft": 4.5, "flood_active": false, "exposure_score": 0.135, "exposure_category": "low"}, "geometry": {"type": "Polygon", "coordinates": [[[-75.0970157, 38.3325618], [-75.0970128, 38.3325974], [-75.0972399, 38.3326088], [-75.0972489, 38.3324977], [-75.0972319, 38.3324969], [-75.097239, 38.3324089], [-75.0971412, 38.332404], [-75.0971433, 38.3323788], [-75.0970898, 38.3323762], [-75.0970779, 38.3325228], [-75.0970485, 38.3325214], [-75.0970451, 38.3325633], [-75.0970157, 38.3325618]]]}}, {"id": "18", "type": "Feature", "properties": {"id": "68875f81-bdd0-4918-9614-a22cf51ed3d0", "name": null, "subtype": null, "class": null, "height": 4.815341949462891, "num_floors": null, "surge_class": 4, "surge_ft": 3.5, "flood_active": false, "exposure_score": 0.105, "exposure_category": "low"}, "geometry": {"type": "Polygon", "coordinates": [[[-75.0973084, 38.332133], [-75.097068, 38.3322409], [-75.0971264, 38.332321], [-75.097166, 38.3323032], [-75.0972025, 38.3323531], [-75.0974032, 38.3322629], [-75.0973084, 38.332133]]]}}, {"id": "19", "type": "Feature", "properties": {"id": "89f92ca8-e9ec-4505-9446-4e76a64f7d93", "name": null, "subtype": null, "class": null, "height": 5.78446102142334, "num_floors": null, "surge_class": 4, "surge_ft": 3.5, "flood_active": false, "exposure_score": 0.105, "exposure_category": "low"}, "geometry": {"type": "Polygon", "coordinates": [[[-75.0976291, 38.3320728], [-75.0974002, 38.3321332], [-75.0974533, 38.332257], [-75.0976822, 38.3321966], [-75.0976291, 38.3320728]]]}}, {"id": "20", "type": "Feature", "properties": {"id": "d44fadf3-c3a1-4e3c-9217-8370c7d08f17", "name": null, "subtype": null, "class": null, "height": 3.3671329021453857, "num_floors": null, "surge_class": 6, "surge_ft": 5.5, "flood_active": false, "exposure_score": 0.165, "exposure_category": "low"}, "geometry": {"type": "Polygon", "coordinates": [[[-75.0962607, 38.3301486], [-75.0963862, 38.3301708], [-75.0964122, 38.3300804], [-75.0962867, 38.3300582], [-75.0962607, 38.3301486]]]}}, {"id": "21", "type": "Feature", "properties": {"id": "efed3024-41cd-4d00-b949-d595890c1582", "name": null, "subtype": "residential", "class": "house", "height": null, "num_floors": null, "surge_class": 3, "surge_ft": 2.5, "flood_active": false, "exposure_score": 0.075, "exposure_category": "low"}, "geometry": {"type": "Polygon", "coordinates": [[[-75.0956413, 38.3296495], [-75.095679, 38.3295775], [-75.0954022, 38.3294883], [-75.0953602, 38.3295685], [-75.0954474, 38.3295966], [-75.0954396, 38.3296115], [-75.0955144, 38.3296356], [-75.0955265, 38.3296126], [-75.0956413, 38.3296495]]]}}, {"id": "22", "type": "Feature", "properties": {"id": "ccc72923-e15e-4afd-b9aa-7622d8e1c1f1", "name": null, "subtype": "residential", "class": "house", "height": 4.046200752258301, "num_floors": null, "surge_class": 3, "surge_ft": 2.5, "flood_active": false, "exposure_score": 0.075, "exposure_category": "low"}, "geometry": {"type": "Polygon", "coordinates": [[[-75.0954228, 38.3294593], [-75.095458, 38.3294702], [-75.0954507, 38.3294846], [-75.0955702, 38.3295215], [-75.0955831, 38.3294959], [-75.0956305, 38.3295106], [-75.0956702, 38.3294315], [-75.0956429, 38.3294231], [-75.0956549, 38.3293993], [-75.0954801, 38.3293453], [-75.0954228, 38.3294593]]]}}, {"id": "23", "type": "Feature", "properties": {"id": "006c46ef-c82c-497f-883a-f2f024319529", "name": null, "subtype": "residential", "class": "house", "height": null, "num_floors": null, "surge_class": 3, "surge_ft": 2.5, "flood_active": false, "exposure_score": 0.075, "exposure_category": "low"}, "geometry": {"type": "Polygon", "coordinates": [[[-75.0955357, 38.3292851], [-75.0955174, 38.3293222], [-75.0955605, 38.3293352], [-75.095556, 38.3293445], [-75.0956437, 38.329371], [-75.0956668, 38.3293241], [-75.0956902, 38.3293312], [-75.0957089, 38.3292932], [-75.0956542, 38.3292767], [-75.0956731, 38.3292382], [-75.0955799, 38.32921], [-75.0955626, 38.3292451], [-75.0955378, 38.3292376], [-75.0955172, 38.3292795], [-75.0955357, 38.3292851]]]}}, {"id": "24", "type": "Feature", "properties": {"id": "2d1a9649-1ff8-4dce-b243-3da6fbf40762", "name": null, "subtype": "residential", "class": "house", "height": null, "num_floors": null, "surge_class": 2, "surge_ft": 1.5, "flood_active": false, "exposure_score": 0.045, "exposure_category": "low"}, "geometry": {"type": "Polygon", "coordinates": [[[-75.0958471, 38.3291868], [-75.0958327, 38.3291557], [-75.0956805, 38.3291024], [-75.0956445, 38.329117], [-75.0956043, 38.3291878], [-75.0958063, 38.3292585], [-75.0958471, 38.3291868]]]}}, {"id": "25", "type": "Feature", "properties": {"id": "c8b80779-67f6-4e17-90c3-d4ce466473f9", "name": null, "subtype": "residential", "class": "house", "height": null, "num_floors": null, "surge_class": 3, "surge_ft": 2.5, "flood_active": false, "exposure_score": 0.075, "exposure_category": "low"}, "geometry": {"type": "Polygon", "coordinates": [[[-75.0958337, 38.3293057], [-75.0958623, 38.3293166], [-75.0958318, 38.3293661], [-75.0959148, 38.3293976], [-75.0960383, 38.3291976], [-75.0959267, 38.3291552], [-75.0958337, 38.3293057]]]}}, {"id": "26", "type": "Feature", "properties": {"id": "446d4c72-e4c7-4dcc-bc56-5fd96e86ceb5", "name": null, "subtype": "residential", "class": "house", "height": 5.172786235809326, "num_floors": null, "surge_class": 6, "surge_ft": 5.5, "flood_active": false, "exposure_score": 0.165, "exposure_category": "low"}, "geometry": {"type": "Polygon", "coordinates": [[[-75.0960128, 38.3295249], [-75.096104, 38.3295421], [-75.0961411, 38.3294211], [-75.0960499, 38.3294039], [-75.0960128, 38.3295249]]]}}, {"id": "27", "type": "Feature", "properties": {"id": "359c4470-8448-4925-9479-5c9e70259574", "name": null, "subtype": "outbuilding", "class": "shed", "height": null, "num_floors": null, "surge_class": 6, "surge_ft": 5.5, "flood_active": false, "exposure_score": 0.165, "exposure_category": "low"}, "geometry": {"type": "Polygon", "coordinates": [[[-75.0961635, 38.3292782], [-75.0961223, 38.3292674], [-75.0961083, 38.3293001], [-75.0961496, 38.3293109], [-75.0961635, 38.3292782]]]}}, {"id": "28", "type": "Feature", "properties": {"id": "2a7ce713-19ee-48a6-9e20-37ce0b79211e", "name": null, "subtype": null, "class": null, "height": 2.7306501865386963, "num_floors": null, "surge_class": 6, "surge_ft": 5.5, "flood_active": false, "exposure_score": 0.165, "exposure_category": "low"}, "geometry": {"type": "Polygon", "coordinates": [[[-75.0962721, 38.3292681], [-75.0963417, 38.3292815], [-75.0963626, 38.3292146], [-75.0962561, 38.3291942], [-75.0962383, 38.3292511], [-75.0962752, 38.3292582], [-75.0962721, 38.3292681]]]}}, {"id": "29", "type": "Feature", "properties": {"id": "a00b6df4-aa1e-4e85-9100-2ed93ccf9c1b", "name": null, "subtype": "residential", "class": "house", "height": 4.771324634552002, "num_floors": null, "surge_class": 6, "surge_ft": 5.5, "flood_active": false, "exposure_score": 0.165, "exposure_category": "low"}, "geometry": {"type": "Polygon", "coordinates": [[[-75.0964483, 38.3294822], [-75.0964227, 38.3295764], [-75.0964904, 38.3295877], [-75.0964973, 38.3295625], [-75.0965376, 38.3295692], [-75.096563, 38.3294754], [-75.0965253, 38.3294691], [-75.0965325, 38.3294425], [-75.0964558, 38.3294297], [-75.0964418, 38.3294811], [-75.0964483, 38.3294822]]]}}, {"id": "30", "type": "Feature", "properties": {"id": "711b9b4f-647f-4c92-88d0-ccf5045e619c", "name": null, "subtype": "residential", "class": "garage", "height": 2.5142459869384766, "num_floors": null, "surge_class": 5, "surge_ft": 4.5, "flood_active": false, "exposure_score": 0.135, "exposure_category": "low"}, "geometry": {"type": "Polygon", "coordinates": [[[-75.0963645, 38.3293546], [-75.0964688, 38.3293719], [-75.0964896, 38.3292946], [-75.0963854, 38.3292773], [-75.0963645, 38.3293546]]]}}, {"id": "31", "type": "Feature", "properties": {"id": "5914d498-e6d5-4f56-8c5b-b4088f32728e", "name": null, "subtype": null, "class": null, "height": 2.777400255203247, "num_floors": null, "surge_class": 6, "surge_ft": 5.5, "flood_active": false, "exposure_score": 0.165, "exposure_category": "low"}, "geometry": {"type": "Polygon", "coordinates": [[[-75.0967706, 38.3296298], [-75.0968117, 38.3296358], [-75.0968483, 38.3294809], [-75.0968073, 38.3294749], [-75.0967706, 38.3296298]]]}}, {"id": "32", "type": "Feature", "properties": {"id": "2e9f145b-b957-4bc0-83e0-9e98acaf2ba8", "name": null, "subtype": null, "class": null, "height": null, "num_floors": null, "surge_class": 6, "surge_ft": 5.5, "flood_active": false, "exposure_score": 0.165, "exposure_category": "low"}, "geometry": {"type": "Polygon", "coordinates": [[[-75.0968702, 38.3293645], [-75.0968501, 38.3294358], [-75.0969228, 38.3294485], [-75.0969429, 38.3293771], [-75.0968702, 38.3293645]]]}}, {"id": "33", "type": "Feature", "properties": {"id": "b423b666-90af-441b-b446-8277fbec0c3f", "name": null, "subtype": null, "class": null, "height": null, "num_floors": null, "surge_class": 6, "surge_ft": 5.5, "flood_active": false, "exposure_score": 0.165, "exposure_category": "low"}, "geometry": {"type": "Polygon", "coordinates": [[[-75.0967378, 38.3293087], [-75.0969221, 38.3293407], [-75.0969336, 38.3293002], [-75.0967492, 38.3292681], [-75.0967378, 38.3293087]]]}}, {"id": "34", "type": "Feature", "properties": {"id": "16411494-8d1b-4f63-bb69-f6c052f1ddc5", "name": null, "subtype": "outbuilding", "class": "shed", "height": null, "num_floors": null, "surge_class": 5, "surge_ft": 4.5, "flood_active": false, "exposure_score": 0.135, "exposure_category": "low"}, "geometry": {"type": "Polygon", "coordinates": [[[-75.0969943, 38.3292994], [-75.0969622, 38.3292933], [-75.0969484, 38.3293385], [-75.0969805, 38.3293445], [-75.0969943, 38.3292994]]]}}, {"id": "35", "type": "Feature", "properties": {"id": "9bb4d5e0-a48f-4cfe-8f4e-a21c275461a8", "name": null, "subtype": "residential", "class": "house", "height": null, "num_floors": null, "surge_class": 0, "surge_ft": 0.0, "flood_active": false, "exposure_score": 0.0, "exposure_category": "none"}, "geometry": {"type": "Polygon", "coordinates": [[[-75.0967924, 38.3291584], [-75.0968756, 38.3291526], [-75.0968732, 38.3291322], [-75.0969528, 38.3291265], [-75.0969447, 38.329056], [-75.0967127, 38.3290724], [-75.0967205, 38.3291398], [-75.0967897, 38.3291349], [-75.0967924, 38.3291584]]]}}, {"id": "36", "type": "Feature", "properties": {"id": "78269d79-15bb-4625-86d2-e5fc840cd7c7", "name": null, "subtype": "residential", "class": "house", "height": null, "num_floors": null, "surge_class": 0, "surge_ft": 0.0, "flood_active": false, "exposure_score": 0.0, "exposure_category": "none"}, "geometry": {"type": "Polygon", "coordinates": [[[-75.096217, 38.3286221], [-75.0963285, 38.3286915], [-75.0964042, 38.3286166], [-75.0964474, 38.3286435], [-75.0964944, 38.3285969], [-75.0964457, 38.3285666], [-75.0965187, 38.3284944], [-75.0964128, 38.3284285], [-75.096217, 38.3286221]]]}}, {"id": "37", "type": "Feature", "properties": {"id": "dc32fc62-9024-4208-b55a-a6a6e6929349", "name": null, "subtype": "residential", "class": "house", "height": null, "num_floors": null, "surge_class": 0, "surge_ft": 0.0, "flood_active": false, "exposure_score": 0.0, "exposure_category": "none"}, "geometry": {"type": "Polygon", "coordinates": [[[-75.0965294, 38.3284859], [-75.0967026, 38.3286188], [-75.0969101, 38.3284503], [-75.096735, 38.3283176], [-75.0965294, 38.3284859]]]}}, {"id": "38", "type": "Feature", "properties": {"id": "8fc771bb-8f08-41c5-b223-b2bc4316a9ad", "name": null, "subtype": "residential", "class": "house", "height": 3.5672247409820557, "num_floors": null, "surge_class": 0, "surge_ft": 0.0, "flood_active": false, "exposure_score": 0.0, "exposure_category": "none"}, "geometry": {"type": "Polygon", "coordinates": [[[-75.0971978, 38.3284565], [-75.0972823, 38.3283913], [-75.0970284, 38.3281889], [-75.0968371, 38.3283366], [-75.0969935, 38.3284614], [-75.0971004, 38.3283789], [-75.0971978, 38.3284565]]]}}, {"id": "39", "type": "Feature", "properties": {"id": "18c20aa1-7b2b-4bb5-ba03-7aca778ad963", "name": null, "subtype": "residential", "class": "house", "height": 4.706937313079834, "num_floors": null, "surge_class": 0, "surge_ft": 0.0, "flood_active": false, "exposure_score": 0.0, "exposure_category": "none"}, "geometry": {"type": "Polygon", "coordinates": [[[-75.0973066, 38.3283407], [-75.097422, 38.3284527], [-75.0975008, 38.3284027], [-75.0973861, 38.3282915], [-75.0974533, 38.3282488], [-75.0974308, 38.3282269], [-75.0974718, 38.3282009], [-75.0973725, 38.3281047], [-75.0972053, 38.3282108], [-75.097142, 38.3281494], [-75.0970993, 38.3281765], [-75.0972444, 38.3283173], [-75.0973053, 38.3282786], [-75.0973445, 38.3283167], [-75.0973066, 38.3283407]]]}}, {"id": "40", "type": "Feature", "properties": {"id": "481b5e5f-bb28-4647-b12f-7b99653a62b7", "name": null, "subtype": "residential", "class": "house", "height": 5.720123767852783, "num_floors": null, "surge_class": 0, "surge_ft": 0.0, "flood_active": false, "exposure_score": 0.0, "exposure_category": "none"}, "geometry": {"type": "Polygon", "coordinates": [[[-75.0975337, 38.3289213], [-75.0977267, 38.3289017], [-75.0977027, 38.328756], [-75.0975097, 38.3287755], [-75.0975337, 38.3289213]]]}}, {"id": "41", "type": "Feature", "properties": {"id": "85226e89-88bd-417a-bb17-0c4391b3a9de", "name": null, "subtype": "residential", "class": "house", "height": null, "num_floors": null, "surge_class": 0, "surge_ft": 0.0, "flood_active": false, "exposure_score": 0.0, "exposure_category": "none"}, "geometry": {"type": "Polygon", "coordinates": [[[-75.097225, 38.3289556], [-75.0973534, 38.3289308], [-75.097302, 38.3287674], [-75.0971736, 38.3287923], [-75.097225, 38.3289556]]]}}, {"id": "42", "type": "Feature", "properties": {"id": "fb55aaa1-76e3-412e-b788-3e5bdf9ac655", "name": null, "subtype": "residential", "class": "house", "height": null, "num_floors": null, "surge_class": 0, "surge_ft": 0.0, "flood_active": false, "exposure_score": 0.0, "exposure_category": "none"}, "geometry": {"type": "Polygon", "coordinates": [[[-75.0975894, 38.3296381], [-75.0976402, 38.3296466], [-75.0976758, 38.3295155], [-75.0975356, 38.3294921], [-75.0975261, 38.3295272], [-75.0975089, 38.3295243], [-75.0974928, 38.3295839], [-75.09751, 38.3295868], [-75.0975001, 38.3296232], [-75.0975471, 38.329631], [-75.0975463, 38.329634], [-75.0975532, 38.3296423], [-75.097578, 38.3296464], [-75.0975886, 38.329641], [-75.0975894, 38.3296381]]]}}, {"id": "43", "type": "Feature", "properties": {"id": "b8dd438b-4ec4-46e1-9215-3cfb3e0540b0", "name": null, "subtype": "residential", "class": "house", "height": 3.19655179977417, "num_floors": null, "surge_class": 6, "surge_ft": 5.5, "flood_active": false, "exposure_score": 0.165, "exposure_category": "low"}, "geometry": {"type": "Polygon", "coordinates": [[[-75.097444, 38.3300889], [-75.0974212, 38.3301675], [-75.0976001, 38.3301994], [-75.0976229, 38.3301209], [-75.097444, 38.3300889]]]}}, {"id": "44", "type": "Feature", "properties": {"id": "75bef1b7-44a7-4bee-bf78-35475ed94b47", "name": null, "subtype": "residential", "class": "house", "height": null, "num_floors": null, "surge_class": 7, "surge_ft": 6.5, "flood_active": false, "exposure_score": 0.195, "exposure_category": "low"}, "geometry": {"type": "Polygon", "coordinates": [[[-75.0971635, 38.3302161], [-75.0973084, 38.3302427], [-75.0973638, 38.3300569], [-75.097219, 38.3300303], [-75.0971635, 38.3302161]]]}}, {"id": "45", "type": "Feature", "properties": {"id": "f17f90ca-ffe7-49f1-a916-431169126e7b", "name": null, "subtype": "residential", "class": "house", "height": null, "num_floors": null, "surge_class": 6, "surge_ft": 5.5, "flood_active": false, "exposure_score": 0.165, "exposure_category": "low"}, "geometry": {"type": "Polygon", "coordinates": [[[-75.0969556, 38.3302161], [-75.0971056, 38.3302294], [-75.0971323, 38.330043], [-75.0969823, 38.3300298], [-75.0969556, 38.3302161]]]}}, {"id": "46", "type": "Feature", "properties": {"id": "6bc77932-4bfa-4070-b6dd-160f6e2c48fa", "name": null, "subtype": "residential", "class": "house", "height": null, "num_floors": null, "surge_class": 1, "surge_ft": 0.5, "flood_active": false, "exposure_score": 0.015, "exposure_category": "low"}, "geometry": {"type": "Polygon", "coordinates": [[[-75.0971954, 38.3295851], [-75.0971995, 38.3295859], [-75.0971925, 38.3296094], [-75.097218, 38.329614], [-75.0972107, 38.3296386], [-75.0972906, 38.3296532], [-75.0973072, 38.3295972], [-75.0973717, 38.329609], [-75.0973788, 38.3295849], [-75.0973857, 38.3295862], [-75.0974019, 38.3295316], [-75.097369, 38.3295256], [-75.0973735, 38.3295105], [-75.0973206, 38.3295009], [-75.0973192, 38.3295057], [-75.0972249, 38.3294886], [-75.0972214, 38.3295006], [-75.0971921, 38.3294953], [-75.0971696, 38.3295715], [-75.0971979, 38.3295767], [-75.0971954, 38.3295851]]]}}, {"id": "47", "type": "Feature", "properties": {"id": "d09fd326-9dd1-47b9-8f1b-590dd55fd7a9", "name": null, "subtype": null, "class": null, "height": null, "num_floors": null, "surge_class": 6, "surge_ft": 5.5, "flood_active": false, "exposure_score": 0.165, "exposure_category": "low"}, "geometry": {"type": "Polygon", "coordinates": [[[-75.0987499, 38.3303768], [-75.0988281, 38.330384], [-75.0988471, 38.3302556], [-75.0987664, 38.3302482], [-75.0987621, 38.3302774], [-75.0987146, 38.3302731], [-75.0987077, 38.3303195], [-75.0987577, 38.330324], [-75.0987499, 38.3303768]]]}}, {"id": "48", "type": "Feature", "properties": {"id": "4c646ba9-5a71-4d1a-8e8d-f6003d5c59a9", "name": null, "subtype": null, "class": null, "height": null, "num_floors": null, "surge_class": 7, "surge_ft": 6.5, "flood_active": false, "exposure_score": 0.195, "exposure_category": "low"}, "geometry": {"type": "Polygon", "coordinates": [[[-75.098328, 38.3302737], [-75.098426, 38.3302867], [-75.0984403, 38.3302205], [-75.0984663, 38.330224], [-75.0984715, 38.3302003], [-75.0984908, 38.3302029], [-75.0984982, 38.3301688], [-75.0984794, 38.3301663], [-75.0984833, 38.3301484], [-75.0984184, 38.3301397], [-75.098415, 38.3301554], [-75.0983553, 38.3301475], [-75.098328, 38.3302737]]]}}, {"id": "49", "type": "Feature", "properties": {"id": "b6a967cd-9cde-4418-88f7-28b3a01a67a1", "name": null, "subtype": "residential", "class": "house", "height": null, "num_floors": null, "surge_class": 1, "surge_ft": 0.5, "flood_active": false, "exposure_score": 0.015, "exposure_category": "low"}, "geometry": {"type": "Polygon", "coordinates": [[[-75.0986341, 38.3296707], [-75.0987838, 38.3296968], [-75.0988217, 38.3295628], [-75.098672, 38.3295368], [-75.0986341, 38.3296707]]]}}, {"id": "50", "type": "Feature", "properties": {"id": "ab98d94d-3e1e-4f22-87ca-8852c2ad3246", "name": null, "subtype": "residential", "class": "house", "height": 6.21624755859375, "num_floors": null, "surge_class": 0, "surge_ft": 0.0, "flood_active": false, "exposure_score": 0.0, "exposure_category": "none"}, "geometry": {"type": "Polygon", "coordinates": [[[-75.0980802, 38.3296975], [-75.0982492, 38.3297264], [-75.0982968, 38.329555], [-75.0981278, 38.3295261], [-75.0980802, 38.3296975]]]}}, {"id": "51", "type": "Feature", "properties": {"id": "8cbd0b23-b27c-42ae-a13e-64cc25c45174", "name": null, "subtype": "residential", "class": "house", "height": null, "num_floors": null, "surge_class": 6, "surge_ft": 5.5, "flood_active": false, "exposure_score": 0.165, "exposure_category": "low"}, "geometry": {"type": "Polygon", "coordinates": [[[-75.0976709, 38.3301787], [-75.0976535, 38.3302868], [-75.097786, 38.3302999], [-75.0978094, 38.3301546], [-75.0977284, 38.3301466], [-75.0977224, 38.3301838], [-75.0976709, 38.3301787]]]}}, {"id": "52", "type": "Feature", "properties": {"id": "153c5e54-9e5a-430d-a824-0d5d480b9ce2", "name": null, "subtype": "residential", "class": "house", "height": null, "num_floors": null, "surge_class": 0, "surge_ft": 0.0, "flood_active": false, "exposure_score": 0.0, "exposure_category": "none"}, "geometry": {"type": "Polygon", "coordinates": [[[-75.0977588, 38.3296362], [-75.0979356, 38.3296644], [-75.0979613, 38.3295654], [-75.0977845, 38.3295372], [-75.0977588, 38.3296362]]]}}, {"id": "53", "type": "Feature", "properties": {"id": "e72ffb75-9efb-49cf-9b4b-304e10d716f5", "name": null, "subtype": null, "class": null, "height": 4.749579906463623, "num_floors": null, "surge_class": 0, "surge_ft": 0.0, "flood_active": false, "exposure_score": 0.0, "exposure_category": "none"}, "geometry": {"type": "Polygon", "coordinates": [[[-75.0980728, 38.329346], [-75.0980738, 38.3293764], [-75.0981542, 38.3293748], [-75.098151, 38.329275], [-75.0980411, 38.3292772], [-75.0980433, 38.3293466], [-75.0980728, 38.329346]]]}}, {"id": "54", "type": "Feature", "properties": {"id": "ceb9adbb-75c5-4d44-a6c5-80d93098f1ec", "name": null, "subtype": null, "class": null, "height": null, "num_floors": null, "surge_class": 0, "surge_ft": 0.0, "flood_active": false, "exposure_score": 0.0, "exposure_category": "none"}, "geometry": {"type": "Polygon", "coordinates": [[[-75.0981851, 38.3294401], [-75.0982992, 38.3294342], [-75.0982964, 38.3294007], [-75.0983224, 38.3293993], [-75.0983122, 38.3292786], [-75.0982752, 38.3292805], [-75.0982709, 38.3292294], [-75.0981881, 38.3292337], [-75.0981926, 38.3292866], [-75.0981722, 38.3292877], [-75.0981851, 38.3294401]]]}}, {"id": "55", "type": "Feature", "properties": {"id": "79b93c1c-24ef-4048-850b-6b0d5c53fbf7", "name": null, "subtype": "residential", "class": "house", "height": 5.376077651977539, "num_floors": null, "surge_class": 0, "surge_ft": 0.0, "flood_active": false, "exposure_score": 0.0, "exposure_category": "none"}, "geometry": {"type": "Polygon", "coordinates": [[[-75.0979505, 38.3290283], [-75.0980028, 38.3291407], [-75.0981932, 38.3290861], [-75.0981827, 38.3290637], [-75.098221, 38.3290527], [-75.0981714, 38.3289462], [-75.098125, 38.3289595], [-75.0981133, 38.3289342], [-75.0979601, 38.3289781], [-75.0979796, 38.32902], [-75.0979505, 38.3290283]]]}}, {"id": "56", "type": "Feature", "properties": {"id": "65beefcd-9b26-4fd2-818b-7f1bd8b49fc7", "name": null, "subtype": null, "class": null, "height": null, "num_floors": null, "surge_class": 0, "surge_ft": 0.0, "flood_active": false, "exposure_score": 0.0, "exposure_category": "none"}, "geometry": {"type": "Polygon", "coordinates": [[[-75.0978804, 38.3291135], [-75.0978948, 38.3290713], [-75.097841, 38.32906], [-75.0978266, 38.3291021], [-75.0978804, 38.3291135]]]}}, {"id": "57", "type": "Feature", "properties": {"id": "d715caa2-e711-429c-b4a5-05bfb56eba3b", "name": null, "subtype": "residential", "class": "house", "height": 4.967051982879639, "num_floors": null, "surge_class": 0, "surge_ft": 0.0, "flood_active": false, "exposure_score": 0.0, "exposure_category": "none"}, "geometry": {"type": "Polygon", "coordinates": [[[-75.0978791, 38.3283833], [-75.0979606, 38.3283758], [-75.0979377, 38.3282227], [-75.0979046, 38.3282257], [-75.097891, 38.3281348], [-75.0978246, 38.3281409], [-75.0978209, 38.3281158], [-75.0976533, 38.3281312], [-75.0976485, 38.3280985], [-75.0975495, 38.3281076], [-75.0975659, 38.3282172], [-75.0975947, 38.3282146], [-75.0976013, 38.3282591], [-75.0976626, 38.3282534], [-75.097665, 38.3282695], [-75.0978594, 38.3282516], [-75.0978791, 38.3283833]]]}}, {"id": "58", "type": "Feature", "properties": {"id": "46de02e7-1189-43d2-aaa3-d411dfdc37a1", "name": null, "subtype": "residential", "class": "house", "height": null, "num_floors": null, "surge_class": 0, "surge_ft": 0.0, "flood_active": false, "exposure_score": 0.0, "exposure_category": "none"}, "geometry": {"type": "Polygon", "coordinates": [[[-75.0978341, 38.3288512], [-75.0980422, 38.3289204], [-75.0980872, 38.3288372], [-75.0980248, 38.3288165], [-75.0980417, 38.3287853], [-75.0979726, 38.328762], [-75.097944, 38.3287052], [-75.097859, 38.3287315], [-75.0978781, 38.3287695], [-75.0978341, 38.3288512]]]}}, {"id": "59", "type": "Feature", "properties": {"id": "9fcaf926-16ae-47e2-9633-c503295cc7f7", "name": null, "subtype": "residential", "class": "house", "height": null, "num_floors": null, "surge_class": 0, "surge_ft": 0.0, "flood_active": false, "exposure_score": 0.0, "exposure_category": "none"}, "geometry": {"type": "Polygon", "coordinates": [[[-75.0980709, 38.3281561], [-75.0981121, 38.3282375], [-75.0983663, 38.3281582], [-75.0983878, 38.3282006], [-75.0983813, 38.3282027], [-75.0984359, 38.3283103], [-75.098543, 38.3282769], [-75.0985244, 38.3282403], [-75.0985519, 38.3282318], [-75.0985317, 38.3281919], [-75.098509, 38.328199], [-75.0984896, 38.3281608], [-75.098419, 38.3281828], [-75.0984037, 38.3281524], [-75.0984293, 38.3281444], [-75.0984111, 38.3281085], [-75.0984248, 38.3281043], [-75.0984106, 38.3280764], [-75.0983931, 38.3280819], [-75.098374, 38.3280442], [-75.0982678, 38.3280773], [-75.0982555, 38.3280532], [-75.0981719, 38.3280792], [-75.0981917, 38.3281183], [-75.0980709, 38.3281561]]]}}, {"id": "60", "type": "Feature", "properties": {"id": "49fc61a9-2ef2-42f5-910b-5b85a33b92b8", "name": null, "subtype": "residential", "class": "house", "height": null, "num_floors": null, "surge_class": 0, "surge_ft": 0.0, "flood_active": false, "exposure_score": 0.0, "exposure_category": "none"}, "geometry": {"type": "Polygon", "coordinates": [[[-75.0985812, 38.3286218], [-75.0986383, 38.328582], [-75.0986672, 38.3286076], [-75.098731, 38.3285632], [-75.0987072, 38.3285422], [-75.0987387, 38.3285203], [-75.0985754, 38.3283758], [-75.0983922, 38.3285032], [-75.0985085, 38.3286062], [-75.0985393, 38.3285848], [-75.0985812, 38.3286218]]]}}, {"id": "61", "type": "Feature", "properties": {"id": "6067becb-c455-418c-a658-83598bbeb077", "name": null, "subtype": null, "class": null, "height": 3.975567102432251, "num_floors": null, "surge_class": 2, "surge_ft": 1.5, "flood_active": false, "exposure_score": 0.045, "exposure_category": "low"}, "geometry": {"type": "Polygon", "coordinates": [[[-75.0987574, 38.3295123], [-75.0987505, 38.3295386], [-75.0988688, 38.3295577], [-75.0988758, 38.3295315], [-75.0987574, 38.3295123]]]}}, {"id": "62", "type": "Feature", "properties": {"id": "6e0b0e74-fdf6-4e2a-9c3b-817a7deef28e", "name": null, "subtype": "residential", "class": "house", "height": null, "num_floors": null, "surge_class": 1, "surge_ft": 0.5, "flood_active": false, "exposure_score": 0.015, "exposure_category": "low"}, "geometry": {"type": "Polygon", "coordinates": [[[-75.09958, 38.3294619], [-75.0996045, 38.3293602], [-75.0995378, 38.3293503], [-75.099544, 38.3293245], [-75.0994544, 38.3293112], [-75.0994476, 38.3293396], [-75.099363, 38.3293271], [-75.0993508, 38.3293778], [-75.0993951, 38.3293844], [-75.0993835, 38.3294327], [-75.09958, 38.3294619]]]}}, {"id": "63", "type": "Feature", "properties": {"id": "e4192d1b-8a4e-45d5-b283-b6e02aef030d", "name": null, "subtype": "residential", "class": "house", "height": 3.1638360023498535, "num_floors": null, "surge_class": 0, "surge_ft": 0.0, "flood_active": false, "exposure_score": 0.0, "exposure_category": "none"}, "geometry": {"type": "Polygon", "coordinates": [[[-75.0998011, 38.3294221], [-75.0996497, 38.3293819], [-75.099625, 38.329439], [-75.0996684, 38.3294505], [-75.0996435, 38.329508], [-75.0998135, 38.3295533], [-75.099871, 38.3294204], [-75.099809, 38.3294039], [-75.0998011, 38.3294221]]]}}, {"id": "64", "type": "Feature", "properties": {"id": "a6d44ac4-cbe5-44b1-bc7d-8823830790ff", "name": null, "subtype": "residential", "class": "house", "height": 3.2614285945892334, "num_floors": null, "surge_class": 1, "surge_ft": 0.5, "flood_active": false, "exposure_score": 0.015, "exposure_category": "low"}, "geometry": {"type": "Polygon", "coordinates": [[[-75.0997641, 38.3298542], [-75.0999226, 38.3298853], [-75.099976, 38.3297174], [-75.0998175, 38.3296864], [-75.0997641, 38.3298542]]]}}, {"id": "65", "type": "Feature", "properties": {"id": "67807146-363b-4f9d-b864-92993e17093f", "name": null, "subtype": "residential", "class": "house", "height": null, "num_floors": null, "surge_class": 1, "surge_ft": 0.5, "flood_active": false, "exposure_score": 0.015, "exposure_category": "low"}, "geometry": {"type": "Polygon", "coordinates": [[[-75.1000863, 38.3301208], [-75.1001185, 38.330004], [-75.1000957, 38.3299987], [-75.1001225, 38.3299293], [-75.100203, 38.3299346], [-75.1002245, 38.3298409], [-75.1002982, 38.3298125], [-75.1002271, 38.3297336], [-75.1000877, 38.3297252], [-75.1000769, 38.3297747], [-75.1000313, 38.3297768], [-75.1000206, 38.3298546], [-75.1000662, 38.3298567], [-75.1000635, 38.3299041], [-75.1000354, 38.3299766], [-75.0999925, 38.3299766], [-75.0999589, 38.3300997], [-75.1000863, 38.3301208]]]}}, {"id": "66", "type": "Feature", "properties": {"id": "0e027ee4-2713-4635-8219-a870cd222bcb", "name": null, "subtype": "residential", "class": "house", "height": null, "num_floors": null, "surge_class": 2, "surge_ft": 1.5, "flood_active": false, "exposure_score": 0.045, "exposure_category": "low"}, "geometry": {"type": "Polygon", "coordinates": [[[-75.099031, 38.3297343], [-75.0990018, 38.3298372], [-75.09911, 38.329856], [-75.0991394, 38.3297523], [-75.099092, 38.3297441], [-75.0991406, 38.3295722], [-75.0989852, 38.3295452], [-75.0989364, 38.3297178], [-75.099031, 38.3297343]]]}}, {"id": "67", "type": "Feature", "properties": {"id": "23cb564b-b4c4-45d0-8fe5-a2a73b37a5f0", "name": null, "subtype": "residential", "class": "house", "height": null, "num_floors": null, "surge_class": 7, "surge_ft": 6.5, "flood_active": false, "exposure_score": 0.195, "exposure_category": "low"}, "geometry": {"type": "Polygon", "coordinates": [[[-75.0995472, 38.3303453], [-75.0994101, 38.3303242], [-75.099386, 38.3304208], [-75.0995231, 38.3304418], [-75.0995472, 38.3303453]]]}}, {"id": "68", "type": "Feature", "properties": {"id": "6b6d001c-ee6e-4121-bc19-fa5d69c5ed6a", "name": null, "subtype": "residential", "class": "house", "height": null, "num_floors": null, "surge_class": 7, "surge_ft": 6.5, "flood_active": false, "exposure_score": 0.195, "exposure_category": "low"}, "geometry": {"type": "Polygon", "coordinates": [[[-75.0991013, 38.330356], [-75.0991792, 38.3303647], [-75.0991935, 38.3302859], [-75.0991156, 38.3302772], [-75.0991013, 38.330356]]]}}, {"id": "69", "type": "Feature", "properties": {"id": "28d8613c-cbc0-4969-8b36-43b57f1a948e", "name": null, "subtype": null, "class": null, "height": null, "num_floors": null, "surge_class": 5, "surge_ft": 4.5, "flood_active": false, "exposure_score": 0.135, "exposure_category": "low"}, "geometry": {"type": "Polygon", "coordinates": [[[-75.0988541, 38.3303886], [-75.0989978, 38.3304061], [-75.0990232, 38.3302779], [-75.0988794, 38.3302604], [-75.0988541, 38.3303886]]]}}, {"id": "70", "type": "Feature", "properties": {"id": "e6680b61-d243-4f2f-b044-231c377394e7", "name": null, "subtype": "residential", "class": "house", "height": 2.6535959243774414, "num_floors": null, "surge_class": 6, "surge_ft": 5.5, "flood_active": false, "exposure_score": 0.165, "exposure_category": "low"}, "geometry": {"type": "Polygon", "coordinates": [[[-75.0997609, 38.3306115], [-75.0998835, 38.3305235], [-75.0997551, 38.3304135], [-75.0996325, 38.3305015], [-75.0997609, 38.3306115]]]}}, {"id": "71", "type": "Feature", "properties": {"id": "6dcf98b4-fc05-4bdb-b62e-c912a516ddcd", "name": null, "subtype": "residential", "class": "house", "height": 2.1945221424102783, "num_floors": null, "surge_class": 6, "surge_ft": 5.5, "flood_active": false, "exposure_score": 0.165, "exposure_category": "low"}, "geometry": {"type": "Polygon", "coordinates": [[[-75.1000405, 38.3304337], [-75.0999859, 38.3305934], [-75.100254, 38.3306499], [-75.1002829, 38.3305651], [-75.1001338, 38.3305337], [-75.1001594, 38.3304588], [-75.1000405, 38.3304337]]]}}, {"id": "72", "type": "Feature", "properties": {"id": "59ed8b42-e78b-46b0-82c6-57d9a0edbe1c", "name": null, "subtype": null, "class": null, "height": 7.023476600646973, "num_floors": null, "surge_class": 3, "surge_ft": 2.5, "flood_active": false, "exposure_score": 0.075, "exposure_category": "low"}, "geometry": {"type": "Polygon", "coordinates": [[[-75.0979122, 38.3322333], [-75.0979661, 38.3321523], [-75.0977701, 38.332072], [-75.0977404, 38.3321167], [-75.0977151, 38.3321063], [-75.0976909, 38.3321427], [-75.0979122, 38.3322333]]]}}, {"id": "73", "type": "Feature", "properties": {"id": "19514800-fc10-4a60-86e3-42ef7b2dca1b", "name": null, "subtype": null, "class": null, "height": 5.177599906921387, "num_floors": null, "surge_class": 4, "surge_ft": 3.5, "flood_active": false, "exposure_score": 0.105, "exposure_category": "low"}, "geometry": {"type": "Polygon", "coordinates": [[[-75.0976316, 38.3330473], [-75.0976026, 38.3330747], [-75.097787, 38.3331946], [-75.0978845, 38.3331023], [-75.0976858, 38.3329731], [-75.0976173, 38.333038], [-75.0976316, 38.3330473]]]}}, {"id": "74", "type": "Feature", "properties": {"id": "7dd1dc2a-4da7-44ab-a98e-93abaa83511a", "name": null, "subtype": null, "class": null, "height": 5.600977420806885, "num_floors": null, "surge_class": 4, "surge_ft": 3.5, "flood_active": false, "exposure_score": 0.105, "exposure_category": "low"}, "geometry": {"type": "Polygon", "coordinates": [[[-75.0980011, 38.3332839], [-75.0980701, 38.3332077], [-75.0979204, 38.3331243], [-75.0978235, 38.3332312], [-75.0979447, 38.3332987], [-75.0979213, 38.3333246], [-75.0979926, 38.3333644], [-75.0980439, 38.3333077], [-75.0980011, 38.3332839]]]}}, {"id": "75", "type": "Feature", "properties": {"id": "7e3a6d82-936e-4909-930f-3ab6e729f6fe", "name": "Micky Fins Bar", "subtype": "commercial", "class": null, "height": null, "num_floors": null, "surge_class": 6, "surge_ft": 5.5, "flood_active": false, "exposure_score": 0.165, "exposure_category": "low"}, "geometry": {"type": "Polygon", "coordinates": [[[-75.0993661, 38.3337298], [-75.0995469, 38.3337773], [-75.0996151, 38.3336045], [-75.0995832, 38.333599], [-75.0995965, 38.3335719], [-75.0996983, 38.333599], [-75.0997451, 38.3334595], [-75.0995726, 38.3334095], [-75.0996133, 38.3333082], [-75.0995363, 38.3332908], [-75.0994983, 38.3333859], [-75.099442, 38.3335315], [-75.0994852, 38.333543], [-75.0994776, 38.3335696], [-75.0994292, 38.3335549], [-75.0993661, 38.3337298]]]}}, {"id": "76", "type": "Feature", "properties": {"id": "eea15638-d378-45c0-b3b1-d8b1b57535b3", "name": null, "subtype": null, "class": null, "height": 1.0, "num_floors": null, "surge_class": 3, "surge_ft": 2.5, "flood_active": false, "exposure_score": 0.075, "exposure_category": "low"}, "geometry": {"type": "Polygon", "coordinates": [[[-75.0997153, 38.3343778], [-75.0997588, 38.3342434], [-75.0996152, 38.3342148], [-75.0995986, 38.3342662], [-75.0996339, 38.3342732], [-75.099607, 38.3343562], [-75.0997153, 38.3343778]]]}}, {"id": "77", "type": "Feature", "properties": {"id": "5542ea3f-ffb1-40f2-9e95-0f7f4dd04c7f", "name": null, "subtype": null, "class": null, "height": 0.3888063430786133, "num_floors": null, "surge_class": 4, "surge_ft": 3.5, "flood_active": false, "exposure_score": 0.105, "exposure_category": "low"}, "geometry": {"type": "Polygon", "coordinates": [[[-75.0987681, 38.334185], [-75.0988239, 38.3340521], [-75.0987464, 38.3340321], [-75.0986907, 38.334165], [-75.0987681, 38.334185]]]}}, {"id": "78", "type": "Feature", "properties": {"id": "3ec6d272-7fd9-48b7-be2d-4ac420fb045a", "name": null, "subtype": null, "class": null, "height": 1.6608375310897827, "num_floors": null, "surge_class": 0, "surge_ft": 0.0, "flood_active": false, "exposure_score": 0.0, "exposure_category": "none"}, "geometry": {"type": "Polygon", "coordinates": [[[-75.0984534, 38.3340087], [-75.098486, 38.3340124], [-75.0984952, 38.3339618], [-75.0983891, 38.3339498], [-75.0983674, 38.3340684], [-75.0984761, 38.3340807], [-75.0984846, 38.3340342], [-75.0984495, 38.3340303], [-75.0984534, 38.3340087]]]}}, {"id": "79", "type": "Feature", "properties": {"id": "de83a943-71ae-472b-9ef3-96ef9ac9082e", "name": "Sneaky Pete's", "subtype": "commercial", "class": null, "height": null, "num_floors": null, "surge_class": 0, "surge_ft": 0.0, "flood_active": false, "exposure_score": 0.0, "exposure_category": "none"}, "geometry": {"type": "Polygon", "coordinates": [[[-75.0979243, 38.334974], [-75.0979659, 38.3349365], [-75.0979582, 38.3348858], [-75.0979243, 38.3348712], [-75.0978657, 38.33487], [-75.0978426, 38.3348543], [-75.0978057, 38.33487], [-75.0978087, 38.3349667], [-75.0978411, 38.3349873], [-75.0978657, 38.334974], [-75.0979243, 38.334974]]]}}, {"id": "80", "type": "Feature", "properties": {"id": "6cca8ef1-786e-4490-98ec-b8afdd30dd13", "name": "Hooper's Crab House", "subtype": "commercial", "class": null, "height": 5.074465274810791, "num_floors": null, "surge_class": 8, "surge_ft": 7.5, "flood_active": false, "exposure_score": 0.225, "exposure_category": "low"}, "geometry": {"type": "Polygon", "coordinates": [[[-75.0985762, 38.3353876], [-75.0985773, 38.3353358], [-75.0986631, 38.3353369], [-75.0986647, 38.3352578], [-75.0986973, 38.3352582], [-75.0986991, 38.3351723], [-75.0987724, 38.3351732], [-75.0987741, 38.3350906], [-75.0987089, 38.3350898], [-75.0987101, 38.3350304], [-75.0986768, 38.33503], [-75.0986793, 38.3349099], [-75.0984752, 38.3349074], [-75.0984744, 38.3349455], [-75.0984079, 38.3349446], [-75.0984063, 38.3350214], [-75.0983874, 38.3350212], [-75.0983835, 38.3352132], [-75.09845, 38.3352879], [-75.098539, 38.335289], [-75.0985369, 38.3353871], [-75.0985762, 38.3353876]]]}}, {"id": "81", "type": "Feature", "properties": {"id": "4eceebb0-2364-4e34-9cdb-0cdcacb96837", "name": null, "subtype": "commercial", "class": "retail", "height": null, "num_floors": 2, "surge_class": 5, "surge_ft": 4.5, "flood_active": false, "exposure_score": 0.135, "exposure_category": "low"}, "geometry": {"type": "Polygon", "coordinates": [[[-75.1000662, 38.3356578], [-75.1001895, 38.3356887], [-75.1002706, 38.3354895], [-75.1000384, 38.3354314], [-75.10003, 38.335452], [-75.0999933, 38.3354428], [-75.0999468, 38.3353722], [-75.0998647, 38.3353516], [-75.0997818, 38.3353852], [-75.0997533, 38.3354552], [-75.0997661, 38.3354584], [-75.0997505, 38.335497], [-75.0997376, 38.3354938], [-75.0997024, 38.3355804], [-75.1000612, 38.3356703], [-75.1000662, 38.3356578]]]}}, {"id": "82", "type": "Feature", "properties": {"id": "ef4cea1d-afee-4454-b3d4-68f65ca542ef", "name": null, "subtype": "residential", "class": "terrace", "height": null, "num_floors": 3, "surge_class": 2, "surge_ft": 1.5, "flood_active": false, "exposure_score": 0.045, "exposure_category": "low"}, "geometry": {"type": "Polygon", "coordinates": [[[-75.09994, 38.3359289], [-75.1000144, 38.3357443], [-75.099854, 38.3357045], [-75.0997797, 38.3358891], [-75.09994, 38.3359289]]]}}, {"id": "83", "type": "Feature", "properties": {"id": "f1c6e585-6ccc-4e6c-aa84-c6dd705cf344", "name": null, "subtype": "residential", "class": "terrace", "height": null, "num_floors": 3, "surge_class": 3, "surge_ft": 2.5, "flood_active": false, "exposure_score": 0.075, "exposure_category": "low"}, "geometry": {"type": "Polygon", "coordinates": [[[-75.0999149, 38.336163], [-75.0998969, 38.3359679], [-75.0997394, 38.3359768], [-75.0997574, 38.3361719], [-75.0999149, 38.336163]]]}}, {"id": "84", "type": "Feature", "properties": {"id": "d24e8360-f602-4ffa-9edb-1c39c57c7d0b", "name": null, "subtype": null, "class": null, "height": 4.405487537384033, "num_floors": null, "surge_class": 0, "surge_ft": 0.0, "flood_active": false, "exposure_score": 0.0, "exposure_category": "none"}, "geometry": {"type": "Polygon", "coordinates": [[[-75.096899, 38.344656], [-75.0969719, 38.3444955], [-75.0970267, 38.3445108], [-75.0970627, 38.3444314], [-75.0969199, 38.3443915], [-75.0968928, 38.3444513], [-75.0968452, 38.344438], [-75.096793, 38.3445527], [-75.0968335, 38.344564], [-75.0968038, 38.3446294], [-75.096899, 38.344656]]]}}, {"id": "85", "type": "Feature", "properties": {"id": "e611523f-d659-4255-b68b-848a841fd793", "name": null, "subtype": null, "class": null, "height": 3.8126273155212402, "num_floors": null, "surge_class": 2, "surge_ft": 1.5, "flood_active": false, "exposure_score": 0.045, "exposure_category": "low"}, "geometry": {"type": "Polygon", "coordinates": [[[-75.0969606, 38.3450581], [-75.0967964, 38.3450828], [-75.0967706, 38.3449773], [-75.0966502, 38.3449955], [-75.096677, 38.345105], [-75.0967029, 38.3451011], [-75.0967248, 38.3451904], [-75.0968567, 38.3451705], [-75.0968609, 38.3451877], [-75.0969373, 38.3451762], [-75.0969288, 38.3451417], [-75.0969792, 38.3451341], [-75.0969606, 38.3450581]]]}}, {"id": "86", "type": "Feature", "properties": {"id": "c8907c72-05f0-4b48-a04e-a3638baf553c", "name": null, "subtype": null, "class": null, "height": 4.333522796630859, "num_floors": null, "surge_class": 0, "surge_ft": 0.0, "flood_active": false, "exposure_score": 0.0, "exposure_category": "none"}, "geometry": {"type": "Polygon", "coordinates": [[[-75.0971774, 38.3443968], [-75.0972418, 38.3443295], [-75.097053, 38.3442184], [-75.0969886, 38.3442857], [-75.0971774, 38.3443968]]]}}, {"id": "87", "type": "Feature", "properties": {"id": "9596d1d0-0082-46fa-8ac5-4b15070eee39", "name": null, "subtype": null, "class": null, "height": 3.2106823921203613, "num_floors": null, "surge_class": 0, "surge_ft": 0.0, "flood_active": false, "exposure_score": 0.0, "exposure_category": "none"}, "geometry": {"type": "Polygon", "coordinates": [[[-75.0973018, 38.3441217], [-75.0974962, 38.3440378], [-75.0974815, 38.3440168], [-75.0975309, 38.3439955], [-75.0975049, 38.3439583], [-75.097261, 38.3440636], [-75.0973018, 38.3441217]]]}}, {"id": "88", "type": "Feature", "properties": {"id": "ca2edfdd-135e-4e8b-8e54-481471bd29fa", "name": null, "subtype": null, "class": null, "height": 4.844947814941406, "num_floors": null, "surge_class": 0, "surge_ft": 0.0, "flood_active": false, "exposure_score": 0.0, "exposure_category": "none"}, "geometry": {"type": "Polygon", "coordinates": [[[-75.0998463, 38.3421779], [-75.0997658, 38.3421568], [-75.0997367, 38.3422249], [-75.099797, 38.3422407], [-75.0997874, 38.3422634], [-75.0998597, 38.3422824], [-75.0998823, 38.3422294], [-75.0999668, 38.3422516], [-75.0999805, 38.3422194], [-75.1000818, 38.342246], [-75.1001137, 38.3421711], [-75.1000133, 38.3421447], [-75.100037, 38.3420891], [-75.0998995, 38.342053], [-75.0998463, 38.3421779]]]}}, {"id": "89", "type": "Feature", "properties": {"id": "8e7eb26e-405c-420f-848b-d326ecc7b517", "name": null, "subtype": null, "class": null, "height": 6.896570682525635, "num_floors": null, "surge_class": 3, "surge_ft": 2.5, "flood_active": false, "exposure_score": 0.075, "exposure_category": "low"}, "geometry": {"type": "Polygon", "coordinates": [[[-75.0999341, 38.3426095], [-75.1000075, 38.3424312], [-75.099801, 38.3423789], [-75.0997276, 38.3425572], [-75.0999341, 38.3426095]]]}}, {"id": "90", "type": "Feature", "properties": {"id": "bdd6a44b-2c9e-432b-98b2-b7a6a3ecd354", "name": null, "subtype": null, "class": null, "height": 5.232921600341797, "num_floors": null, "surge_class": 2, "surge_ft": 1.5, "flood_active": false, "exposure_score": 0.045, "exposure_category": "low"}, "geometry": {"type": "Polygon", "coordinates": [[[-75.0996968, 38.3430643], [-75.0996046, 38.3431434], [-75.0996709, 38.343191], [-75.0997978, 38.3430821], [-75.0998352, 38.3431089], [-75.0998854, 38.3430659], [-75.0998577, 38.343046], [-75.0999044, 38.3430059], [-75.099808, 38.3429368], [-75.0997765, 38.3429638], [-75.0997575, 38.3429501], [-75.0996574, 38.3430361], [-75.0996968, 38.3430643]]]}}, {"id": "91", "type": "Feature", "properties": {"id": "e607c72e-7664-483a-a918-e9c46ffea3f6", "name": null, "subtype": null, "class": null, "height": 3.122844934463501, "num_floors": null, "surge_class": 0, "surge_ft": 0.0, "flood_active": false, "exposure_score": 0.0, "exposure_category": "none"}, "geometry": {"type": "Polygon", "coordinates": [[[-75.099419, 38.3433462], [-75.0993854, 38.3432642], [-75.099096, 38.3433371], [-75.0991296, 38.3434191], [-75.099419, 38.3433462]]]}}, {"id": "92", "type": "Feature", "properties": {"id": "2ce3695b-f1dd-4fd9-bb64-f3165789f9af", "name": null, "subtype": null, "class": null, "height": 5.205722332000732, "num_floors": null, "surge_class": 1, "surge_ft": 0.5, "flood_active": false, "exposure_score": 0.015, "exposure_category": "low"}, "geometry": {"type": "Polygon", "coordinates": [[[-75.0989293, 38.3435621], [-75.0990203, 38.3435427], [-75.0989942, 38.3434674], [-75.0990542, 38.3434546], [-75.0990101, 38.3433272], [-75.0988592, 38.3433594], [-75.0989293, 38.3435621]]]}}, {"id": "93", "type": "Feature", "properties": {"id": "d450c6c4-c8ef-41e4-9be1-d0e748d824ab", "name": null, "subtype": null, "class": null, "height": 3.5611748695373535, "num_floors": null, "surge_class": 1, "surge_ft": 0.5, "flood_active": false, "exposure_score": 0.015, "exposure_category": "low"}, "geometry": {"type": "Polygon", "coordinates": [[[-75.0984814, 38.3436608], [-75.0985806, 38.3436321], [-75.0985405, 38.343547], [-75.0985773, 38.3435363], [-75.0985075, 38.3433882], [-75.0983716, 38.3434276], [-75.0984814, 38.3436608]]]}}, {"id": "94", "type": "Feature", "properties": {"id": "1d566a1a-525a-4886-b22a-ef7db1411e5c", "name": null, "subtype": null, "class": null, "height": 6.231683731079102, "num_floors": null, "surge_class": 1, "surge_ft": 0.5, "flood_active": false, "exposure_score": 0.015, "exposure_category": "low"}, "geometry": {"type": "Polygon", "coordinates": [[[-75.0987837, 38.3435979], [-75.0988779, 38.3435808], [-75.0988544, 38.3435009], [-75.0988712, 38.3434979], [-75.0988336, 38.3433701], [-75.098664, 38.3434008], [-75.0986952, 38.3435066], [-75.0987537, 38.343496], [-75.0987837, 38.3435979]]]}}, {"id": "95", "type": "Feature", "properties": {"id": "91880648-5be5-42c4-a076-aff65131c151", "name": null, "subtype": null, "class": null, "height": 3.616806745529175, "num_floors": null, "surge_class": 6, "surge_ft": 5.5, "flood_active": false, "exposure_score": 0.165, "exposure_category": "low"}, "geometry": {"type": "Polygon", "coordinates": [[[-75.0987056, 38.3448513], [-75.0987388, 38.3447952], [-75.0986405, 38.3447594], [-75.0986073, 38.3448156], [-75.0987056, 38.3448513]]]}}, {"id": "96", "type": "Feature", "properties": {"id": "17c2158b-482b-4da7-80cc-c7302a0c8141", "name": null, "subtype": null, "class": null, "height": 4.606898307800293, "num_floors": null, "surge_class": 6, "surge_ft": 5.5, "flood_active": false, "exposure_score": 0.165, "exposure_category": "low"}, "geometry": {"type": "Polygon", "coordinates": [[[-75.0996005, 38.3446751], [-75.0993981, 38.344603], [-75.0993542, 38.344679], [-75.0996054, 38.3447685], [-75.099666, 38.3446638], [-75.0996171, 38.3446464], [-75.0996005, 38.3446751]]]}}, {"id": "97", "type": "Feature", "properties": {"id": "4da8e44a-56b1-4e58-b63b-15b7e80594f2", "name": null, "subtype": null, "class": null, "height": 6.80515718460083, "num_floors": null, "surge_class": 5, "surge_ft": 4.5, "flood_active": false, "exposure_score": 0.135, "exposure_category": "low"}, "geometry": {"type": "Polygon", "coordinates": [[[-75.1001258, 38.3435876], [-75.099865, 38.3436673], [-75.0999294, 38.343797], [-75.1001902, 38.3437173], [-75.1001258, 38.3435876]]]}}, {"id": "98", "type": "Feature", "properties": {"id": "f4b739d2-72c7-4cc7-9ab0-25581d72da8f", "name": null, "subtype": null, "class": null, "height": 3.247767925262451, "num_floors": null, "surge_class": 7, "surge_ft": 6.5, "flood_active": false, "exposure_score": 0.195, "exposure_category": "low"}, "geometry": {"type": "Polygon", "coordinates": [[[-75.1000706, 38.344543], [-75.1001241, 38.3444644], [-75.0999989, 38.344412], [-75.0999454, 38.3444905], [-75.1000706, 38.344543]]]}}, {"id": "99", "type": "Feature", "properties": {"id": "83be16dc-42bd-45f3-be59-34813220170a", "name": null, "subtype": null, "class": null, "height": 2.9420433044433594, "num_floors": null, "surge_class": 5, "surge_ft": 4.5, "flood_active": false, "exposure_score": 0.135, "exposure_category": "low"}, "geometry": {"type": "Polygon", "coordinates": [[[-75.0998705, 38.3447356], [-75.0999027, 38.3446734], [-75.0998234, 38.3446481], [-75.0997912, 38.3447103], [-75.0998705, 38.3447356]]]}}, {"id": "100", "type": "Feature", "properties": {"id": "357e6eb5-f338-47f6-975a-f556cd07f196", "name": null, "subtype": null, "class": null, "height": 1.1467236280441284, "num_floors": null, "surge_class": 5, "surge_ft": 4.5, "flood_active": false, "exposure_score": 0.135, "exposure_category": "low"}, "geometry": {"type": "Polygon", "coordinates": [[[-75.0997943, 38.3446214], [-75.099716, 38.3445877], [-75.0996888, 38.3446265], [-75.0997672, 38.3446602], [-75.0997943, 38.3446214]]]}}, {"id": "101", "type": "Feature", "properties": {"id": "57d88f26-0240-4eeb-9657-497031890b7b", "name": null, "subtype": null, "class": null, "height": 4.8404130935668945, "num_floors": null, "surge_class": 5, "surge_ft": 4.5, "flood_active": false, "exposure_score": 0.135, "exposure_category": "low"}, "geometry": {"type": "Polygon", "coordinates": [[[-75.0999733, 38.3448105], [-75.0997345, 38.3447448], [-75.0996705, 38.344888], [-75.0997374, 38.3449064], [-75.0997427, 38.3448943], [-75.0999661, 38.3449558], [-75.1000211, 38.344833], [-75.0999696, 38.3448188], [-75.0999733, 38.3448105]]]}}, {"id": "102", "type": "Feature", "properties": {"id": "2cbfbd40-fe3c-4954-b082-e51aa1059732", "name": null, "subtype": "residential", "class": "terrace", "height": null, "num_floors": 3, "surge_class": 3, "surge_ft": 2.5, "flood_active": false, "exposure_score": 0.075, "exposure_category": "low"}, "geometry": {"type": "Polygon", "coordinates": [[[-75.1003881, 38.3364105], [-75.1004128, 38.3362857], [-75.0999981, 38.3362351], [-75.0999733, 38.3363598], [-75.1003881, 38.3364105]]]}}, {"id": "103", "type": "Feature", "properties": {"id": "7cae1e9c-88dd-4205-985c-dad9459e8dd2", "name": null, "subtype": null, "class": null, "height": 5.305978775024414, "num_floors": null, "surge_class": 2, "surge_ft": 1.5, "flood_active": false, "exposure_score": 0.045, "exposure_category": "low"}, "geometry": {"type": "Polygon", "coordinates": [[[-75.1003335, 38.3514046], [-75.0999929, 38.3514577], [-75.1000113, 38.3515306], [-75.1000666, 38.351522], [-75.1001025, 38.3516636], [-75.1002924, 38.351634], [-75.1002582, 38.3514993], [-75.1003537, 38.3514844], [-75.1003335, 38.3514046]]]}}, {"id": "104", "type": "Feature", "properties": {"id": "1e8360ca-a475-4ee7-8c85-83944f757b0e", "name": null, "subtype": null, "class": null, "height": 4.982033729553223, "num_floors": null, "surge_class": 1, "surge_ft": 0.5, "flood_active": false, "exposure_score": 0.015, "exposure_category": "low"}, "geometry": {"type": "Polygon", "coordinates": [[[-75.0994679, 38.3544197], [-75.0991843, 38.3542931], [-75.0990701, 38.3544503], [-75.0991309, 38.3544775], [-75.0991586, 38.3544393], [-75.0993551, 38.3545271], [-75.099317, 38.3545795], [-75.099392, 38.3546129], [-75.0995234, 38.3544319], [-75.0995984, 38.3544653], [-75.0996496, 38.3543947], [-75.0995261, 38.3543396], [-75.0994679, 38.3544197]]]}}, {"id": "105", "type": "Feature", "properties": {"id": "2a32bef0-4ee9-4b0a-a547-d1f236ab6c4c", "name": null, "subtype": null, "class": null, "height": 6.207767009735107, "num_floors": null, "surge_class": 2, "surge_ft": 1.5, "flood_active": false, "exposure_score": 0.045, "exposure_category": "low"}, "geometry": {"type": "Polygon", "coordinates": [[[-75.0997131, 38.3539859], [-75.0997386, 38.3538694], [-75.099564, 38.3538459], [-75.099527, 38.3540155], [-75.0996755, 38.3540355], [-75.0996871, 38.3539824], [-75.0997131, 38.3539859]]]}}, {"id": "106", "type": "Feature", "properties": {"id": "06d49199-8e27-4e1c-9db3-54b3145c9757", "name": null, "subtype": null, "class": null, "height": 4.445494174957275, "num_floors": null, "surge_class": 1, "surge_ft": 0.5, "flood_active": false, "exposure_score": 0.015, "exposure_category": "low"}, "geometry": {"type": "Polygon", "coordinates": [[[-75.0998531, 38.3539902], [-75.0998377, 38.3540187], [-75.1001324, 38.3541164], [-75.1001766, 38.3540343], [-75.0998228, 38.353917], [-75.0997939, 38.3539706], [-75.0998531, 38.3539902]]]}}, {"id": "107", "type": "Feature", "properties": {"id": "ad9119ce-d839-4e05-8e0d-e17f0db3a1c1", "name": null, "subtype": null, "class": null, "height": 3.6972715854644775, "num_floors": null, "surge_class": 3, "surge_ft": 2.5, "flood_active": false, "exposure_score": 0.075, "exposure_category": "low"}, "geometry": {"type": "Polygon", "coordinates": [[[-75.1002087, 38.3537393], [-75.1002376, 38.3535476], [-75.0999956, 38.3535252], [-75.0999787, 38.3536372], [-75.1001334, 38.3536515], [-75.1001214, 38.3537312], [-75.1002087, 38.3537393]]]}}, {"id": "108", "type": "Feature", "properties": {"id": "112613ca-cac7-4cda-aaad-4669bf5ebe2a", "name": null, "subtype": null, "class": null, "height": 4.987154483795166, "num_floors": null, "surge_class": 2, "surge_ft": 1.5, "flood_active": false, "exposure_score": 0.045, "exposure_category": "low"}, "geometry": {"type": "Polygon", "coordinates": [[[-75.0997248, 38.3536469], [-75.0997567, 38.3534975], [-75.0996419, 38.3534824], [-75.0996091, 38.3536359], [-75.0996274, 38.3536383], [-75.0996027, 38.3537538], [-75.0996941, 38.3537657], [-75.0997008, 38.3537342], [-75.0997648, 38.3537426], [-75.0997836, 38.3536546], [-75.0997248, 38.3536469]]]}}, {"id": "109", "type": "Feature", "properties": {"id": "8877c421-ab1b-460b-9bb0-fb1b1835b053", "name": null, "subtype": null, "class": null, "height": 5.8310770988464355, "num_floors": null, "surge_class": 0, "surge_ft": 0.0, "flood_active": false, "exposure_score": 0.0, "exposure_category": "none"}, "geometry": {"type": "Polygon", "coordinates": [[[-75.0988347, 38.3540173], [-75.0986842, 38.3541258], [-75.0988285, 38.3542489], [-75.0987988, 38.3542704], [-75.098903, 38.3543593], [-75.0991086, 38.354211], [-75.0990458, 38.3541574], [-75.0990204, 38.3541757], [-75.0988347, 38.3540173]]]}}, {"id": "110", "type": "Feature", "properties": {"id": "0c86650b-f0ef-4863-b939-7d9407d772d6", "name": null, "subtype": null, "class": null, "height": 5.536996841430664, "num_floors": null, "surge_class": 5, "surge_ft": 4.5, "flood_active": false, "exposure_score": 0.135, "exposure_category": "low"}, "geometry": {"type": "Polygon", "coordinates": [[[-75.0988183, 38.3537313], [-75.0988465, 38.3536699], [-75.098698, 38.353628], [-75.0986741, 38.3536801], [-75.0986136, 38.353663], [-75.0985683, 38.3537617], [-75.0987416, 38.3538106], [-75.0987827, 38.3537213], [-75.0988183, 38.3537313]]]}}, {"id": "111", "type": "Feature", "properties": {"id": "6c167c98-8b3e-468f-bebe-39783f9efa63", "name": null, "subtype": null, "class": null, "height": 4.064943313598633, "num_floors": null, "surge_class": 5, "surge_ft": 4.5, "flood_active": false, "exposure_score": 0.135, "exposure_category": "low"}, "geometry": {"type": "Polygon", "coordinates": [[[-75.0984382, 38.3537578], [-75.098366, 38.3538096], [-75.0984448, 38.3538771], [-75.0985171, 38.3538253], [-75.0984382, 38.3537578]]]}}, {"id": "112", "type": "Feature", "properties": {"id": "293a59e3-330d-4de4-8d5d-a11ead9640a4", "name": null, "subtype": null, "class": null, "height": 3.8502140045166016, "num_floors": null, "surge_class": 2, "surge_ft": 1.5, "flood_active": false, "exposure_score": 0.045, "exposure_category": "low"}, "geometry": {"type": "Polygon", "coordinates": [[[-75.0984516, 38.3540505], [-75.0985303, 38.3539911], [-75.098338, 38.3538345], [-75.0982593, 38.3538939], [-75.0984516, 38.3540505]]]}}, {"id": "113", "type": "Feature", "properties": {"id": "27b15d0e-3049-4788-bfa0-fd12b655bc19", "name": null, "subtype": null, "class": null, "height": 5.689852714538574, "num_floors": null, "surge_class": 4, "surge_ft": 3.5, "flood_active": false, "exposure_score": 0.105, "exposure_category": "low"}, "geometry": {"type": "Polygon", "coordinates": [[[-75.0988484, 38.3534441], [-75.0988367, 38.3534818], [-75.0990405, 38.3535209], [-75.0990804, 38.3533927], [-75.0989438, 38.3533665], [-75.0989496, 38.3533478], [-75.0988914, 38.3533366], [-75.0988803, 38.3533723], [-75.0988853, 38.3533733], [-75.0988624, 38.3534468], [-75.0988484, 38.3534441]]]}}, {"id": "114", "type": "Feature", "properties": {"id": "45c35e82-ed51-4cd6-b184-d186ead35fdf", "name": null, "subtype": null, "class": null, "height": 6.102567195892334, "num_floors": null, "surge_class": 2, "surge_ft": 1.5, "flood_active": false, "exposure_score": 0.045, "exposure_category": "low"}, "geometry": {"type": "Polygon", "coordinates": [[[-75.0990806, 38.3531127], [-75.0991516, 38.3531234], [-75.0991583, 38.3531462], [-75.0991337, 38.3532469], [-75.0991795, 38.3532538], [-75.0991886, 38.3532846], [-75.0992924, 38.3533002], [-75.0993045, 38.3532504], [-75.099299, 38.3532318], [-75.0992485, 38.3532242], [-75.099243, 38.3532057], [-75.0992526, 38.3531665], [-75.0993016, 38.3531576], [-75.0993132, 38.3531098], [-75.0992689, 38.3531031], [-75.0992508, 38.3530419], [-75.0992496, 38.3530469], [-75.0992316, 38.3529861], [-75.0992165, 38.3529838], [-75.0990583, 38.3530126], [-75.099057, 38.3530124], [-75.0990834, 38.3531015], [-75.0990806, 38.3531127]]]}}, {"id": "115", "type": "Feature", "properties": {"id": "7d1406cb-5d4a-46d7-aa18-a4c100a0b582", "name": null, "subtype": null, "class": null, "height": 4.764565944671631, "num_floors": null, "surge_class": 3, "surge_ft": 2.5, "flood_active": false, "exposure_score": 0.075, "exposure_category": "low"}, "geometry": {"type": "Polygon", "coordinates": [[[-75.0999501, 38.3530586], [-75.0999672, 38.3529723], [-75.0998455, 38.3529575], [-75.0998118, 38.353128], [-75.0999072, 38.3531396], [-75.0999239, 38.3530554], [-75.0999501, 38.3530586]]]}}, {"id": "116", "type": "Feature", "properties": {"id": "ac06f32e-da74-4ef9-99d9-bfdd717e13d6", "name": null, "subtype": null, "class": null, "height": 5.1548614501953125, "num_floors": null, "surge_class": 3, "surge_ft": 2.5, "flood_active": false, "exposure_score": 0.075, "exposure_category": "low"}, "geometry": {"type": "Polygon", "coordinates": [[[-75.0993014, 38.3527259], [-75.0992692, 38.3528336], [-75.0994243, 38.3528621], [-75.099469, 38.3527125], [-75.0993647, 38.3526934], [-75.0993522, 38.3527353], [-75.0993014, 38.3527259]]]}}, {"id": "117", "type": "Feature", "properties": {"id": "48dd70fa-7700-4c75-8500-f488292e444d", "name": null, "subtype": null, "class": null, "height": 5.449380874633789, "num_floors": null, "surge_class": 3, "surge_ft": 2.5, "flood_active": false, "exposure_score": 0.075, "exposure_category": "low"}, "geometry": {"type": "Polygon", "coordinates": [[[-75.099124, 38.3528041], [-75.0991553, 38.3527303], [-75.098985, 38.3526858], [-75.0989967, 38.3526583], [-75.0989401, 38.3526435], [-75.0989252, 38.3526786], [-75.0988648, 38.3526628], [-75.0988785, 38.3526306], [-75.0988085, 38.3526124], [-75.0987626, 38.3527203], [-75.0987819, 38.3527253], [-75.0987683, 38.3527575], [-75.098948, 38.3528045], [-75.0989657, 38.3527628], [-75.099124, 38.3528041]]]}}, {"id": "118", "type": "Feature", "properties": {"id": "53200e53-2e5a-43ce-9b56-a75aef127675", "name": null, "subtype": null, "class": null, "height": 4.029994487762451, "num_floors": null, "surge_class": 4, "surge_ft": 3.5, "flood_active": false, "exposure_score": 0.105, "exposure_category": "low"}, "geometry": {"type": "Polygon", "coordinates": [[[-75.0992406, 38.3522633], [-75.0992959, 38.3521483], [-75.0992338, 38.35213], [-75.0992458, 38.352105], [-75.0991026, 38.3520627], [-75.0990353, 38.3522026], [-75.0992406, 38.3522633]]]}}, {"id": "119", "type": "Feature", "properties": {"id": "2ca49e97-6fc9-4714-beb3-26e6131db892", "name": null, "subtype": null, "class": null, "height": 2.890397787094116, "num_floors": null, "surge_class": 4, "surge_ft": 3.5, "flood_active": false, "exposure_score": 0.105, "exposure_category": "low"}, "geometry": {"type": "Polygon", "coordinates": [[[-75.0989449, 38.3519002], [-75.0989568, 38.3518559], [-75.0988311, 38.3518349], [-75.0988191, 38.3518792], [-75.0989449, 38.3519002]]]}}, {"id": "120", "type": "Feature", "properties": {"id": "b3c711f5-23ba-4ba9-b8d7-027050361a59", "name": null, "subtype": null, "class": null, "height": 4.462252140045166, "num_floors": null, "surge_class": 3, "surge_ft": 2.5, "flood_active": false, "exposure_score": 0.075, "exposure_category": "low"}, "geometry": {"type": "Polygon", "coordinates": [[[-75.099194, 38.3516944], [-75.0991266, 38.3516147], [-75.0990521, 38.3516535], [-75.0989811, 38.3515696], [-75.0988731, 38.3516258], [-75.0989985, 38.351774], [-75.0991065, 38.3517177], [-75.0991195, 38.3517332], [-75.099194, 38.3516944]]]}}, {"id": "121", "type": "Feature", "properties": {"id": "0e0902e0-c987-4ee3-af04-3b5d3ada8030", "name": null, "subtype": null, "class": null, "height": 3.7994492053985596, "num_floors": null, "surge_class": 3, "surge_ft": 2.5, "flood_active": false, "exposure_score": 0.075, "exposure_category": "low"}, "geometry": {"type": "Polygon", "coordinates": [[[-75.0994993, 38.3518774], [-75.0996204, 38.3518463], [-75.099574, 38.3517353], [-75.0995416, 38.3517436], [-75.099509, 38.3516657], [-75.0994204, 38.3516885], [-75.0994993, 38.3518774]]]}}, {"id": "122", "type": "Feature", "properties": {"id": "dc27e603-c52c-4722-b677-86c6e2ef7b01", "name": null, "subtype": null, "class": null, "height": 5.170465469360352, "num_floors": null, "surge_class": 2, "surge_ft": 1.5, "flood_active": false, "exposure_score": 0.045, "exposure_category": "low"}, "geometry": {"type": "Polygon", "coordinates": [[[-75.0999206, 38.3512048], [-75.1000291, 38.3511861], [-75.0999909, 38.3510496], [-75.0999448, 38.3510576], [-75.0999277, 38.3509965], [-75.0998295, 38.3510134], [-75.0998612, 38.3511267], [-75.099897, 38.3511205], [-75.0999206, 38.3512048]]]}}, {"id": "123", "type": "Feature", "properties": {"id": "8fa94063-bd09-41de-9d67-64f2a107ebda", "name": null, "subtype": null, "class": null, "height": 4.680454730987549, "num_floors": null, "surge_class": 4, "surge_ft": 3.5, "flood_active": false, "exposure_score": 0.105, "exposure_category": "low"}, "geometry": {"type": "Polygon", "coordinates": [[[-75.0992935, 38.3513111], [-75.0994471, 38.3512765], [-75.0994037, 38.351158], [-75.0993789, 38.3511636], [-75.0993579, 38.3511064], [-75.0992018, 38.3511415], [-75.099226, 38.3512076], [-75.0992905, 38.3511931], [-75.0992997, 38.3512183], [-75.099156, 38.3512507], [-75.0991834, 38.3513254], [-75.0992899, 38.3513014], [-75.0992935, 38.3513111]]]}}, {"id": "124", "type": "Feature", "properties": {"id": "2f92698b-a20e-4186-929f-760ce074e515", "name": null, "subtype": null, "class": null, "height": 4.385879039764404, "num_floors": null, "surge_class": 4, "surge_ft": 3.5, "flood_active": false, "exposure_score": 0.105, "exposure_category": "low"}, "geometry": {"type": "Polygon", "coordinates": [[[-75.0992891, 38.3507385], [-75.0989866, 38.3507629], [-75.0989977, 38.3508482], [-75.0990269, 38.3508459], [-75.0990452, 38.3509853], [-75.0992283, 38.3509706], [-75.0992179, 38.3508905], [-75.0991631, 38.350895], [-75.0991542, 38.3508272], [-75.0992992, 38.3508155], [-75.0992891, 38.3507385]]]}}, {"id": "125", "type": "Feature", "properties": {"id": "33d13b78-0bc9-42c2-a9fd-f04210b055e5", "name": null, "subtype": null, "class": null, "height": 5.052948474884033, "num_floors": null, "surge_class": 4, "surge_ft": 3.5, "flood_active": false, "exposure_score": 0.105, "exposure_category": "low"}, "geometry": {"type": "Polygon", "coordinates": [[[-75.0983394, 38.3509194], [-75.0983457, 38.3511486], [-75.0984503, 38.3511468], [-75.098448, 38.3510648], [-75.0985606, 38.3510629], [-75.0985598, 38.3510346], [-75.0985973, 38.351034], [-75.0985941, 38.3509151], [-75.0983394, 38.3509194]]]}}, {"id": "126", "type": "Feature", "properties": {"id": "c51c2adf-4f5d-4722-ab44-356c8658f2a6", "name": null, "subtype": null, "class": null, "height": 3.716374158859253, "num_floors": null, "surge_class": 3, "surge_ft": 2.5, "flood_active": false, "exposure_score": 0.075, "exposure_category": "low"}, "geometry": {"type": "Polygon", "coordinates": [[[-75.0986473, 38.3515525], [-75.0986776, 38.3514899], [-75.0986237, 38.3514739], [-75.0985934, 38.3515364], [-75.0986473, 38.3515525]]]}}, {"id": "127", "type": "Feature", "properties": {"id": "b10c3446-e669-46ac-a7c0-4af722a48b0d", "name": null, "subtype": null, "class": null, "height": 3.819460391998291, "num_floors": null, "surge_class": 4, "surge_ft": 3.5, "flood_active": false, "exposure_score": 0.105, "exposure_category": "low"}, "geometry": {"type": "Polygon", "coordinates": [[[-75.0987247, 38.3516947], [-75.0988006, 38.3515192], [-75.0986827, 38.3514879], [-75.0986525, 38.3515577], [-75.0985827, 38.3515392], [-75.0986178, 38.351458], [-75.0985023, 38.3514274], [-75.0984346, 38.351584], [-75.0985525, 38.3516153], [-75.0985313, 38.3516643], [-75.0986627, 38.3516993], [-75.0986708, 38.3516804], [-75.0987247, 38.3516947]]]}}, {"id": "128", "type": "Feature", "properties": {"id": "a2a272b5-9483-4a61-8c2e-ce1e7bfbb37c", "name": null, "subtype": null, "class": null, "height": 3.600714921951294, "num_floors": null, "surge_class": 4, "surge_ft": 3.5, "flood_active": false, "exposure_score": 0.105, "exposure_category": "low"}, "geometry": {"type": "Polygon", "coordinates": [[[-75.0987943, 38.3521862], [-75.0988692, 38.3520879], [-75.0986328, 38.3519771], [-75.0985578, 38.3520755], [-75.0987943, 38.3521862]]]}}, {"id": "129", "type": "Feature", "properties": {"id": "af7f6d11-62e6-4328-9301-45473d565673", "name": null, "subtype": null, "class": null, "height": 5.611667156219482, "num_floors": null, "surge_class": 3, "surge_ft": 2.5, "flood_active": false, "exposure_score": 0.075, "exposure_category": "low"}, "geometry": {"type": "Polygon", "coordinates": [[[-75.0980692, 38.35144], [-75.0980563, 38.3515336], [-75.0983719, 38.3515602], [-75.0983847, 38.3514666], [-75.0980692, 38.35144]]]}}, {"id": "130", "type": "Feature", "properties": {"id": "e8d2d959-3c49-45ed-a690-60056adbc42e", "name": null, "subtype": null, "class": null, "height": 5.906309604644775, "num_floors": null, "surge_class": 4, "surge_ft": 3.5, "flood_active": false, "exposure_score": 0.105, "exposure_category": "low"}, "geometry": {"type": "Polygon", "coordinates": [[[-75.0978761, 38.3514338], [-75.0976697, 38.3514529], [-75.0976769, 38.3515006], [-75.0975234, 38.3515147], [-75.0975365, 38.3516019], [-75.0975788, 38.351598], [-75.0975801, 38.3516063], [-75.0978975, 38.351577], [-75.0978761, 38.3514338]]]}}, {"id": "131", "type": "Feature", "properties": {"id": "21ff9170-0c01-4003-8d08-046d0290cfc5", "name": null, "subtype": null, "class": null, "height": 5.1211442947387695, "num_floors": null, "surge_class": 4, "surge_ft": 3.5, "flood_active": false, "exposure_score": 0.105, "exposure_category": "low"}, "geometry": {"type": "Polygon", "coordinates": [[[-75.0981216, 38.3510923], [-75.0982215, 38.3510845], [-75.0982061, 38.3509628], [-75.0980398, 38.3509757], [-75.0980358, 38.3509444], [-75.097979, 38.3509488], [-75.0979869, 38.3510113], [-75.097963, 38.3510132], [-75.0979734, 38.3510954], [-75.0981205, 38.351084], [-75.0981216, 38.3510923]]]}}, {"id": "132", "type": "Feature", "properties": {"id": "34b3fdc5-c168-4fb5-ab86-610c1cfce756", "name": null, "subtype": null, "class": null, "height": 4.966964244842529, "num_floors": null, "surge_class": 4, "surge_ft": 3.5, "flood_active": false, "exposure_score": 0.105, "exposure_category": "low"}, "geometry": {"type": "Polygon", "coordinates": [[[-75.0976336, 38.3511343], [-75.0978686, 38.3511147], [-75.0978514, 38.3509878], [-75.0977532, 38.350996], [-75.097758, 38.3510314], [-75.0976211, 38.3510428], [-75.0976336, 38.3511343]]]}}, {"id": "133", "type": "Feature", "properties": {"id": "bad1d88a-1e4a-46b1-b1a7-a54a759b9705", "name": null, "subtype": null, "class": null, "height": 4.638141632080078, "num_floors": null, "surge_class": 4, "surge_ft": 3.5, "flood_active": false, "exposure_score": 0.105, "exposure_category": "low"}, "geometry": {"type": "Polygon", "coordinates": [[[-75.0974231, 38.3510452], [-75.0974707, 38.3510409], [-75.0974637, 38.3509932], [-75.0974161, 38.3509975], [-75.0974231, 38.3510452]]]}}, {"id": "134", "type": "Feature", "properties": {"id": "cf5849fe-81f2-424a-8218-7c61be7ac37e", "name": null, "subtype": null, "class": null, "height": 5.71306037902832, "num_floors": null, "surge_class": 4, "surge_ft": 3.5, "flood_active": false, "exposure_score": 0.105, "exposure_category": "low"}, "geometry": {"type": "Polygon", "coordinates": [[[-75.0974203, 38.3510584], [-75.0974088, 38.3509817], [-75.0973162, 38.3509902], [-75.097319, 38.3510089], [-75.0972529, 38.351015], [-75.0972811, 38.3512038], [-75.0973631, 38.3511962], [-75.0973594, 38.3511713], [-75.0975102, 38.3511575], [-75.0974944, 38.3510516], [-75.0974203, 38.3510584]]]}}, {"id": "135", "type": "Feature", "properties": {"id": "9d272fb7-858f-4851-af6d-470ba5c28a09", "name": null, "subtype": null, "class": null, "height": 5.095034122467041, "num_floors": null, "surge_class": 4, "surge_ft": 3.5, "flood_active": false, "exposure_score": 0.105, "exposure_category": "low"}, "geometry": {"type": "Polygon", "coordinates": [[[-75.0970871, 38.3511902], [-75.0972009, 38.35118], [-75.0971831, 38.3510575], [-75.0968998, 38.3510828], [-75.0969071, 38.3511326], [-75.0969362, 38.35113], [-75.096943, 38.3511768], [-75.0969191, 38.3511789], [-75.0969296, 38.3512505], [-75.0970434, 38.3512404], [-75.0970347, 38.3511801], [-75.097085, 38.3511756], [-75.0970871, 38.3511902]]]}}, {"id": "136", "type": "Feature", "properties": {"id": "2551cc02-5316-4189-b790-b135a5592728", "name": null, "subtype": null, "class": null, "height": 5.592831611633301, "num_floors": null, "surge_class": 5, "surge_ft": 4.5, "flood_active": false, "exposure_score": 0.135, "exposure_category": "low"}, "geometry": {"type": "Polygon", "coordinates": [[[-75.0967285, 38.3510336], [-75.0966379, 38.351095], [-75.0966034, 38.3510637], [-75.0964699, 38.3511542], [-75.0965946, 38.3512674], [-75.0968187, 38.3511154], [-75.0967285, 38.3510336]]]}}, {"id": "137", "type": "Feature", "properties": {"id": "5bb8cd4a-d8eb-49b9-9302-3dbe9ef6e876", "name": null, "subtype": null, "class": null, "height": 4.200920104980469, "num_floors": null, "surge_class": 4, "surge_ft": 3.5, "flood_active": false, "exposure_score": 0.105, "exposure_category": "low"}, "geometry": {"type": "Polygon", "coordinates": [[[-75.096228, 38.3514603], [-75.0963614, 38.3516181], [-75.0965291, 38.3515309], [-75.0964895, 38.3514842], [-75.096443, 38.3515084], [-75.0963491, 38.3513974], [-75.096228, 38.3514603]]]}}, {"id": "138", "type": "Feature", "properties": {"id": "681f5361-ca07-44ec-a54f-f7ef9f8c1978", "name": null, "subtype": null, "class": null, "height": 4.6513671875, "num_floors": null, "surge_class": 4, "surge_ft": 3.5, "flood_active": false, "exposure_score": 0.105, "exposure_category": "low"}, "geometry": {"type": "Polygon", "coordinates": [[[-75.0965458, 38.3515816], [-75.0963984, 38.351646], [-75.0965033, 38.3517937], [-75.096491, 38.351799], [-75.0965526, 38.3518857], [-75.0966508, 38.3518428], [-75.096628, 38.3518107], [-75.0967243, 38.3517687], [-75.0966718, 38.3516948], [-75.096637, 38.35171], [-75.0965458, 38.3515816]]]}}, {"id": "139", "type": "Feature", "properties": {"id": "41693900-8a43-4c6d-a320-d88e2553a0ed", "name": null, "subtype": null, "class": null, "height": 4.316199779510498, "num_floors": null, "surge_class": 3, "surge_ft": 2.5, "flood_active": false, "exposure_score": 0.075, "exposure_category": "low"}, "geometry": {"type": "Polygon", "coordinates": [[[-75.0970164, 38.3520059], [-75.0969129, 38.3520691], [-75.0970299, 38.352187], [-75.09708, 38.3521564], [-75.0971385, 38.3522154], [-75.0972588, 38.352142], [-75.0971821, 38.3520647], [-75.0971269, 38.3520983], [-75.0970964, 38.3520675], [-75.0971505, 38.3520345], [-75.0971174, 38.3520011], [-75.0971384, 38.3519882], [-75.0971059, 38.3519555], [-75.0971477, 38.35193], [-75.0970905, 38.3518724], [-75.0969618, 38.3519509], [-75.0970164, 38.3520059]]]}}, {"id": "140", "type": "Feature", "properties": {"id": "738533fe-6ff3-45c7-bc1e-d499a0fe1ff9", "name": null, "subtype": null, "class": null, "height": 5.041132926940918, "num_floors": null, "surge_class": 2, "surge_ft": 1.5, "flood_active": false, "exposure_score": 0.045, "exposure_category": "low"}, "geometry": {"type": "Polygon", "coordinates": [[[-75.0975926, 38.3521843], [-75.0975037, 38.352056], [-75.0973906, 38.3521041], [-75.0974261, 38.3521553], [-75.0974012, 38.3521659], [-75.0974546, 38.352243], [-75.0974049, 38.3522642], [-75.0974532, 38.3523341], [-75.0976563, 38.3522476], [-75.0976079, 38.3521778], [-75.0975926, 38.3521843]]]}}, {"id": "141", "type": "Feature", "properties": {"id": "1c0c4ec9-dbf9-4e5d-ae23-669b11fe60ab", "name": null, "subtype": null, "class": null, "height": 5.225350379943848, "num_floors": null, "surge_class": 3, "surge_ft": 2.5, "flood_active": false, "exposure_score": 0.075, "exposure_category": "low"}, "geometry": {"type": "Polygon", "coordinates": [[[-75.0960558, 38.3503627], [-75.096135, 38.3506555], [-75.0962813, 38.3506312], [-75.0962764, 38.350613], [-75.0962482, 38.3506177], [-75.0962269, 38.3505392], [-75.0964348, 38.3505046], [-75.0964133, 38.3504252], [-75.096303, 38.3504435], [-75.0963111, 38.3504737], [-75.0962358, 38.3504863], [-75.0962167, 38.3504158], [-75.0962022, 38.3504182], [-75.0961815, 38.3503418], [-75.0960558, 38.3503627]]]}}, {"id": "142", "type": "Feature", "properties": {"id": "ae9b5f90-3a9f-4318-abc9-c63a3317a500", "name": null, "subtype": null, "class": null, "height": 1.9269822835922241, "num_floors": null, "surge_class": 5, "surge_ft": 4.5, "flood_active": false, "exposure_score": 0.135, "exposure_category": "low"}, "geometry": {"type": "Polygon", "coordinates": [[[-75.0968104, 38.3502325], [-75.0968114, 38.3502545], [-75.0966435, 38.3502589], [-75.0966474, 38.3503493], [-75.09685, 38.3503439], [-75.0968526, 38.3504028], [-75.0969142, 38.3504012], [-75.0969069, 38.3502299], [-75.0968104, 38.3502325]]]}}, {"id": "143", "type": "Feature", "properties": {"id": "0c83ec30-4e2c-476e-96a5-1e5062d88a95", "name": null, "subtype": null, "class": null, "height": 1.9389243125915527, "num_floors": null, "surge_class": 4, "surge_ft": 3.5, "flood_active": false, "exposure_score": 0.105, "exposure_category": "low"}, "geometry": {"type": "Polygon", "coordinates": [[[-75.0965849, 38.3504272], [-75.0965085, 38.350469], [-75.096557, 38.3505235], [-75.0966334, 38.3504816], [-75.0965849, 38.3504272]]]}}, {"id": "144", "type": "Feature", "properties": {"id": "f5728b4f-60f9-458c-89a8-87f8e67085ec", "name": null, "subtype": null, "class": null, "height": 5.223416328430176, "num_floors": null, "surge_class": 3, "surge_ft": 2.5, "flood_active": false, "exposure_score": 0.075, "exposure_category": "low"}, "geometry": {"type": "Polygon", "coordinates": [[[-75.0970103, 38.3504747], [-75.0972361, 38.3504663], [-75.097229, 38.3503488], [-75.0970862, 38.3503541], [-75.0970838, 38.3503142], [-75.0970008, 38.3503173], [-75.0970103, 38.3504747]]]}}, {"id": "145", "type": "Feature", "properties": {"id": "309c33d1-d79c-447e-9468-577cb57237ab", "name": null, "subtype": null, "class": null, "height": 5.770827293395996, "num_floors": null, "surge_class": 4, "surge_ft": 3.5, "flood_active": false, "exposure_score": 0.105, "exposure_category": "low"}, "geometry": {"type": "Polygon", "coordinates": [[[-75.097355, 38.3503218], [-75.097372, 38.3504445], [-75.0975072, 38.3504329], [-75.0975123, 38.3504693], [-75.0976431, 38.3504581], [-75.0976172, 38.3502721], [-75.0975447, 38.3502783], [-75.0975475, 38.350298], [-75.0974945, 38.3503025], [-75.0974955, 38.3503098], [-75.097355, 38.3503218]]]}}, {"id": "146", "type": "Feature", "properties": {"id": "70a30e4e-4e68-48aa-832b-757f4b4267b1", "name": null, "subtype": null, "class": null, "height": 1.951612949371338, "num_floors": null, "surge_class": 5, "surge_ft": 4.5, "flood_active": false, "exposure_score": 0.135, "exposure_category": "low"}, "geometry": {"type": "Polygon", "coordinates": [[[-75.0974425, 38.3505286], [-75.0974794, 38.3504809], [-75.097399, 38.3504427], [-75.0973621, 38.3504903], [-75.0974425, 38.3505286]]]}}, {"id": "147", "type": "Feature", "properties": {"id": "c31f2a77-6778-4b0f-a972-f6619386029b", "name": null, "subtype": null, "class": null, "height": 4.9495954513549805, "num_floors": null, "surge_class": 4, "surge_ft": 3.5, "flood_active": false, "exposure_score": 0.105, "exposure_category": "low"}, "geometry": {"type": "Polygon", "coordinates": [[[-75.0983145, 38.350256], [-75.0980827, 38.350275], [-75.0980979, 38.3503894], [-75.0982916, 38.3503736], [-75.0982833, 38.3503112], [-75.0983214, 38.350308], [-75.0983145, 38.350256]]]}}, {"id": "148", "type": "Feature", "properties": {"id": "7858699c-2646-4eaa-bcaa-9cca5867f101", "name": null, "subtype": null, "class": null, "height": 3.973633050918579, "num_floors": null, "surge_class": 3, "surge_ft": 2.5, "flood_active": false, "exposure_score": 0.075, "exposure_category": "low"}, "geometry": {"type": "Polygon", "coordinates": [[[-75.0986122, 38.3503716], [-75.0986912, 38.350367], [-75.0986754, 38.3502017], [-75.0984256, 38.3502164], [-75.098431, 38.3502718], [-75.0984247, 38.3502722], [-75.0984302, 38.3503298], [-75.0985635, 38.3503219], [-75.0985613, 38.3502989], [-75.098605, 38.3502963], [-75.0986122, 38.3503716]]]}}, {"id": "149", "type": "Feature", "properties": {"id": "12ecc686-69ac-44f9-8589-1a9495ea628f", "name": null, "subtype": null, "class": null, "height": 3.718043088912964, "num_floors": null, "surge_class": 3, "surge_ft": 2.5, "flood_active": false, "exposure_score": 0.075, "exposure_category": "low"}, "geometry": {"type": "Polygon", "coordinates": [[[-75.0991079, 38.3502782], [-75.0991059, 38.350171], [-75.0989397, 38.3501729], [-75.0989394, 38.3501582], [-75.0988589, 38.3501591], [-75.0988612, 38.350279], [-75.099007, 38.3502773], [-75.0990082, 38.3503425], [-75.0990833, 38.3503416], [-75.0990838, 38.3503699], [-75.0991696, 38.3503689], [-75.0991679, 38.3502775], [-75.0991079, 38.3502782]]]}}, {"id": "150", "type": "Feature", "properties": {"id": "e9cff4b9-f17a-4ad5-bedc-176e85b89b7d", "name": null, "subtype": null, "class": null, "height": 5.326233386993408, "num_floors": null, "surge_class": 1, "surge_ft": 0.5, "flood_active": false, "exposure_score": 0.015, "exposure_category": "low"}, "geometry": {"type": "Polygon", "coordinates": [[[-75.0997819, 38.3504665], [-75.0997367, 38.3503826], [-75.0997617, 38.3503743], [-75.0997387, 38.3503315], [-75.099684, 38.3503496], [-75.0996812, 38.3503442], [-75.0995833, 38.3503766], [-75.0996544, 38.3505087], [-75.0997819, 38.3504665]]]}}, {"id": "151", "type": "Feature", "properties": {"id": "535724b6-5045-40c2-b728-fd429c6b3bee", "name": null, "subtype": null, "class": null, "height": 4.754526138305664, "num_floors": null, "surge_class": 1, "surge_ft": 0.5, "flood_active": false, "exposure_score": 0.015, "exposure_category": "low"}, "geometry": {"type": "Polygon", "coordinates": [[[-75.099949, 38.3506244], [-75.0999457, 38.3507031], [-75.1001172, 38.3507075], [-75.1001183, 38.3506814], [-75.1002335, 38.3506843], [-75.1002375, 38.3505877], [-75.0998972, 38.350579], [-75.0998954, 38.3506231], [-75.099949, 38.3506244]]]}}, {"id": "152", "type": "Feature", "properties": {"id": "38f8243e-a2a6-4c4c-9a4a-122e008a3ef1", "name": null, "subtype": null, "class": null, "height": 4.407181739807129, "num_floors": null, "surge_class": 0, "surge_ft": 0.0, "flood_active": false, "exposure_score": 0.0, "exposure_category": "none"}, "geometry": {"type": "Polygon", "coordinates": [[[-75.1002865, 38.3502586], [-75.1003, 38.3500974], [-75.1000703, 38.3500856], [-75.10006, 38.3502092], [-75.0999986, 38.350206], [-75.0999926, 38.3502772], [-75.1000834, 38.3502819], [-75.1000862, 38.3502484], [-75.1002865, 38.3502586]]]}}, {"id": "153", "type": "Feature", "properties": {"id": "54b52db1-b6c0-4639-a602-4adb0e412c43", "name": null, "subtype": null, "class": null, "height": 3.7226128578186035, "num_floors": null, "surge_class": 2, "surge_ft": 1.5, "flood_active": false, "exposure_score": 0.045, "exposure_category": "low"}, "geometry": {"type": "Polygon", "coordinates": [[[-75.0995946, 38.3500949], [-75.0995711, 38.3501694], [-75.099711, 38.3501966], [-75.0997445, 38.3500904], [-75.0997799, 38.3500973], [-75.099795, 38.3500497], [-75.0996914, 38.3500296], [-75.0996751, 38.3500811], [-75.0996498, 38.3500762], [-75.099641, 38.3501039], [-75.0995946, 38.3500949]]]}}, {"id": "154", "type": "Feature", "properties": {"id": "41eafef3-4d85-48f9-872f-657c8c096610", "name": null, "subtype": null, "class": null, "height": 3.6408398151397705, "num_floors": null, "surge_class": 3, "surge_ft": 2.5, "flood_active": false, "exposure_score": 0.075, "exposure_category": "low"}, "geometry": {"type": "Polygon", "coordinates": [[[-75.0991346, 38.3497409], [-75.0988908, 38.3497355], [-75.0988875, 38.349828], [-75.0991313, 38.3498334], [-75.0991346, 38.3497409]]]}}, {"id": "155", "type": "Feature", "properties": {"id": "eb8d5677-8a23-458a-95c2-4b54b5b2def4", "name": null, "subtype": null, "class": null, "height": 4.926488399505615, "num_floors": null, "surge_class": 3, "surge_ft": 2.5, "flood_active": false, "exposure_score": 0.075, "exposure_category": "low"}, "geometry": {"type": "Polygon", "coordinates": [[[-75.0991714, 38.3491732], [-75.0991643, 38.3492167], [-75.0993304, 38.3492336], [-75.099353, 38.3490971], [-75.0992343, 38.349085], [-75.0992189, 38.3491781], [-75.0991714, 38.3491732]]]}}, {"id": "156", "type": "Feature", "properties": {"id": "cdc8f8a3-d8e1-44c0-8353-5e30330edfa3", "name": null, "subtype": null, "class": null, "height": 5.055112361907959, "num_floors": null, "surge_class": 5, "surge_ft": 4.5, "flood_active": false, "exposure_score": 0.135, "exposure_category": "low"}, "geometry": {"type": "Polygon", "coordinates": [[[-75.0998337, 38.3483387], [-75.099572, 38.3483251], [-75.099568, 38.3483721], [-75.0996096, 38.3483742], [-75.0996049, 38.3484299], [-75.0997304, 38.3484364], [-75.0997316, 38.3484227], [-75.0998262, 38.3484276], [-75.0998337, 38.3483387]]]}}, {"id": "157", "type": "Feature", "properties": {"id": "b3a681d5-aa8f-4715-81be-ab033e10f39d", "name": null, "subtype": null, "class": null, "height": 5.870246887207031, "num_floors": null, "surge_class": 4, "surge_ft": 3.5, "flood_active": false, "exposure_score": 0.105, "exposure_category": "low"}, "geometry": {"type": "Polygon", "coordinates": [[[-75.0980642, 38.3470487], [-75.0981947, 38.3470147], [-75.0981493, 38.3469076], [-75.0981735, 38.3469013], [-75.0981571, 38.3468626], [-75.0980943, 38.3468789], [-75.0980726, 38.3468278], [-75.0980919, 38.3468227], [-75.0980699, 38.3467706], [-75.0979587, 38.3467995], [-75.0980642, 38.3470487]]]}}, {"id": "158", "type": "Feature", "properties": {"id": "24ac4e32-12f1-4391-bb8d-10c7803aa3ed", "name": null, "subtype": null, "class": null, "height": 6.372066020965576, "num_floors": null, "surge_class": 6, "surge_ft": 5.5, "flood_active": false, "exposure_score": 0.165, "exposure_category": "low"}, "geometry": {"type": "Polygon", "coordinates": [[[-75.1000442, 38.3477387], [-75.0999386, 38.3476882], [-75.0998599, 38.3477895], [-75.0999655, 38.3478399], [-75.1000442, 38.3477387]]]}}, {"id": "159", "type": "Feature", "properties": {"id": "3e12af41-570d-426e-9e17-65529d110b24", "name": null, "subtype": null, "class": null, "height": 4.873030185699463, "num_floors": null, "surge_class": 4, "surge_ft": 3.5, "flood_active": false, "exposure_score": 0.105, "exposure_category": "low"}, "geometry": {"type": "Polygon", "coordinates": [[[-75.0998086, 38.34628], [-75.0998086, 38.3462022], [-75.0995779, 38.3462022], [-75.0995779, 38.3463242], [-75.0997308, 38.3463242], [-75.0997308, 38.34628], [-75.0998086, 38.34628]]]}}, {"id": "160", "type": "Feature", "properties": {"id": "159b1ace-f7e1-4017-9813-79104b11cc82", "name": null, "subtype": null, "class": null, "height": 3.812302827835083, "num_floors": null, "surge_class": 4, "surge_ft": 3.5, "flood_active": false, "exposure_score": 0.105, "exposure_category": "low"}, "geometry": {"type": "Polygon", "coordinates": [[[-75.0997814, 38.3462691], [-75.0997344, 38.3463914], [-75.0998685, 38.3464231], [-75.0999155, 38.3463007], [-75.0997814, 38.3462691]]]}}, {"id": "161", "type": "Feature", "properties": {"id": "56aac0ae-2115-432c-b8cd-08527d8d7fd4", "name": null, "subtype": null, "class": null, "height": 4.804786682128906, "num_floors": null, "surge_class": 3, "surge_ft": 2.5, "flood_active": false, "exposure_score": 0.075, "exposure_category": "low"}, "geometry": {"type": "Polygon", "coordinates": [[[-75.0999725, 38.3464528], [-75.1000288, 38.3464682], [-75.1000792, 38.3463546], [-75.0999429, 38.3463173], [-75.0998816, 38.3464553], [-75.0999617, 38.3464772], [-75.0999725, 38.3464528]]]}}, {"id": "162", "type": "Feature", "properties": {"id": "f9c67663-6c88-4b2a-b18e-198e0ebd2027", "name": null, "subtype": null, "class": null, "height": 4.976424217224121, "num_floors": null, "surge_class": 5, "surge_ft": 4.5, "flood_active": false, "exposure_score": 0.135, "exposure_category": "low"}, "geometry": {"type": "Polygon", "coordinates": [[[-75.1001341, 38.3460426], [-75.1001677, 38.3459838], [-75.1001108, 38.3459637], [-75.1001358, 38.3459199], [-75.099946, 38.3458532], [-75.099912, 38.3459127], [-75.0999421, 38.3459233], [-75.0999175, 38.3459663], [-75.1001341, 38.3460426]]]}}, {"id": "163", "type": "Feature", "properties": {"id": "aa28bc4f-013f-482a-a01d-c8f6643483f4", "name": null, "subtype": null, "class": null, "height": 3.6344358921051025, "num_floors": null, "surge_class": 6, "surge_ft": 5.5, "flood_active": false, "exposure_score": 0.165, "exposure_category": "low"}, "geometry": {"type": "Polygon", "coordinates": [[[-75.1000146, 38.3456372], [-75.1000692, 38.3455663], [-75.0999315, 38.3455012], [-75.0998769, 38.3455721], [-75.1000146, 38.3456372]]]}}, {"id": "164", "type": "Feature", "properties": {"id": "6e1dea32-f5fe-4576-a774-43920ad916ec", "name": null, "subtype": null, "class": null, "height": 3.7856507301330566, "num_floors": null, "surge_class": 6, "surge_ft": 5.5, "flood_active": false, "exposure_score": 0.165, "exposure_category": "low"}, "geometry": {"type": "Polygon", "coordinates": [[[-75.0999571, 38.3454571], [-75.1000171, 38.345379], [-75.0997781, 38.3452661], [-75.0997181, 38.3453441], [-75.0999571, 38.3454571]]]}}, {"id": "165", "type": "Feature", "properties": {"id": "cc77eb57-a0a7-4f42-807a-6c54f0545cb5", "name": null, "subtype": null, "class": null, "height": 5.361290454864502, "num_floors": null, "surge_class": 5, "surge_ft": 4.5, "flood_active": false, "exposure_score": 0.135, "exposure_category": "low"}, "geometry": {"type": "Polygon", "coordinates": [[[-75.0997413, 38.3452439], [-75.0996166, 38.3451822], [-75.0995543, 38.3452596], [-75.0995486, 38.3452568], [-75.0994886, 38.3453314], [-75.0996191, 38.3453959], [-75.0997413, 38.3452439]]]}}, {"id": "166", "type": "Feature", "properties": {"id": "350c7e7f-7f7a-4241-9190-13d9fe334c62", "name": null, "subtype": null, "class": null, "height": 4.926764011383057, "num_floors": null, "surge_class": 5, "surge_ft": 4.5, "flood_active": false, "exposure_score": 0.135, "exposure_category": "low"}, "geometry": {"type": "Polygon", "coordinates": [[[-75.0995133, 38.3452785], [-75.09958, 38.3451688], [-75.0994707, 38.3451279], [-75.099404, 38.3452376], [-75.0995133, 38.3452785]]]}}, {"id": "167", "type": "Feature", "properties": {"id": "c1bfdcd0-badd-4b18-83c1-04e1f268bb38", "name": null, "subtype": null, "class": null, "height": 5.392857074737549, "num_floors": null, "surge_class": 6, "surge_ft": 5.5, "flood_active": false, "exposure_score": 0.165, "exposure_category": "low"}, "geometry": {"type": "Polygon", "coordinates": [[[-75.0994456, 38.3450633], [-75.099314, 38.3450273], [-75.0992491, 38.3451737], [-75.0993424, 38.3451992], [-75.0993745, 38.3451268], [-75.0994127, 38.3451373], [-75.0994456, 38.3450633]]]}}, {"id": "168", "type": "Feature", "properties": {"id": "2cff96e6-944d-4cd1-b888-db06fb76f7eb", "name": null, "subtype": null, "class": null, "height": 3.7795917987823486, "num_floors": null, "surge_class": 5, "surge_ft": 4.5, "flood_active": false, "exposure_score": 0.135, "exposure_category": "low"}, "geometry": {"type": "Polygon", "coordinates": [[[-75.0992838, 38.3453104], [-75.099336, 38.3452289], [-75.099228, 38.3451863], [-75.0991757, 38.3452678], [-75.0992838, 38.3453104]]]}}, {"id": "169", "type": "Feature", "properties": {"id": "99fa6f82-c28f-4dad-9632-17b0a41b87b6", "name": null, "subtype": null, "class": null, "height": 3.1635220050811768, "num_floors": null, "surge_class": 5, "surge_ft": 4.5, "flood_active": false, "exposure_score": 0.135, "exposure_category": "low"}, "geometry": {"type": "Polygon", "coordinates": [[[-75.0969886, 38.3455261], [-75.0968541, 38.3455514], [-75.0968796, 38.3456349], [-75.0968517, 38.3456402], [-75.0968699, 38.3456999], [-75.0971744, 38.3456427], [-75.0971519, 38.3455691], [-75.0970098, 38.3455958], [-75.0969886, 38.3455261]]]}}, {"id": "170", "type": "Feature", "properties": {"id": "4c458f95-24da-4b42-8ce9-6cb2887090e2", "name": null, "subtype": null, "class": null, "height": 2.568589687347412, "num_floors": null, "surge_class": 2, "surge_ft": 1.5, "flood_active": false, "exposure_score": 0.045, "exposure_category": "low"}, "geometry": {"type": "Polygon", "coordinates": [[[-75.096932, 38.3453527], [-75.0970307, 38.3453387], [-75.0970131, 38.3452623], [-75.0968196, 38.3452897], [-75.0968236, 38.345307], [-75.0967833, 38.3453127], [-75.0967971, 38.3453728], [-75.0967737, 38.3453761], [-75.0967981, 38.3454821], [-75.0969566, 38.3454596], [-75.096932, 38.3453527]]]}}, {"id": "171", "type": "Feature", "properties": {"id": "befa0182-e1c8-4332-84de-777b53bdc7ae", "name": null, "subtype": null, "class": null, "height": 1.3070539236068726, "num_floors": null, "surge_class": 5, "surge_ft": 4.5, "flood_active": false, "exposure_score": 0.135, "exposure_category": "low"}, "geometry": {"type": "Polygon", "coordinates": [[[-75.0969317, 38.3461663], [-75.0968324, 38.3461918], [-75.0968479, 38.3462289], [-75.0969472, 38.3462034], [-75.0969317, 38.3461663]]]}}, {"id": "172", "type": "Feature", "properties": {"id": "c815ae99-abf6-4bd7-a016-1ecb18805d28", "name": null, "subtype": null, "class": null, "height": 4.891561031341553, "num_floors": null, "surge_class": 4, "surge_ft": 3.5, "flood_active": false, "exposure_score": 0.105, "exposure_category": "low"}, "geometry": {"type": "Polygon", "coordinates": [[[-75.0972127, 38.3461439], [-75.0970463, 38.3461748], [-75.0970842, 38.3463003], [-75.0970652, 38.3463038], [-75.0970892, 38.3463835], [-75.0973153, 38.3463415], [-75.0972915, 38.3462628], [-75.0972204, 38.346276], [-75.0972075, 38.3462332], [-75.0972379, 38.3462276], [-75.0972127, 38.3461439]]]}}, {"id": "173", "type": "Feature", "properties": {"id": "290810f1-d4c1-4921-bf23-9ca8ab859b46", "name": null, "subtype": null, "class": null, "height": 5.694305896759033, "num_floors": null, "surge_class": 3, "surge_ft": 2.5, "flood_active": false, "exposure_score": 0.075, "exposure_category": "low"}, "geometry": {"type": "Polygon", "coordinates": [[[-75.0973609, 38.3463941], [-75.0972327, 38.3464158], [-75.0972776, 38.3465796], [-75.0971814, 38.3465959], [-75.097177, 38.3465798], [-75.0971194, 38.3465895], [-75.0971392, 38.3466619], [-75.09717, 38.3466567], [-75.0971893, 38.3467271], [-75.0973367, 38.3467022], [-75.0973198, 38.3466409], [-75.0974929, 38.3466117], [-75.0974687, 38.3465232], [-75.0973995, 38.3465349], [-75.0973609, 38.3463941]]]}}, {"id": "174", "type": "Feature", "properties": {"id": "69fb294a-f9ae-40d4-a127-81d482277c81", "name": null, "subtype": null, "class": null, "height": 5.097792625427246, "num_floors": null, "surge_class": 4, "surge_ft": 3.5, "flood_active": false, "exposure_score": 0.105, "exposure_category": "low"}, "geometry": {"type": "Polygon", "coordinates": [[[-75.0974086, 38.3468039], [-75.0972573, 38.3468161], [-75.0972916, 38.3470763], [-75.0974588, 38.3470628], [-75.0974481, 38.3469816], [-75.0973924, 38.3469861], [-75.0973784, 38.34688], [-75.0974182, 38.3468767], [-75.0974086, 38.3468039]]]}}, {"id": "175", "type": "Feature", "properties": {"id": "6319329b-4f6d-4b4b-a52f-58e992dae1bf", "name": null, "subtype": null, "class": null, "height": 1.0258175134658813, "num_floors": null, "surge_class": 5, "surge_ft": 4.5, "flood_active": false, "exposure_score": 0.135, "exposure_category": "low"}, "geometry": {"type": "Polygon", "coordinates": [[[-75.0945596, 38.3471767], [-75.094721, 38.3471546], [-75.0947078, 38.3470954], [-75.0945464, 38.3471175], [-75.0945596, 38.3471767]]]}}, {"id": "176", "type": "Feature", "properties": {"id": "ee58f06e-6def-43a4-965f-82c549cd706b", "name": null, "subtype": null, "class": null, "height": 8.742826461791992, "num_floors": null, "surge_class": 1, "surge_ft": 0.5, "flood_active": false, "exposure_score": 0.015, "exposure_category": "low"}, "geometry": {"type": "Polygon", "coordinates": [[[-75.0855461, 38.34559], [-75.0856305, 38.3456209], [-75.0857432, 38.3454317], [-75.0857758, 38.3454436], [-75.0857955, 38.3454105], [-75.0858221, 38.3454202], [-75.0858408, 38.3453888], [-75.0858608, 38.3453962], [-75.085879, 38.3453656], [-75.0859045, 38.3453749], [-75.0860436, 38.3451415], [-75.0859455, 38.3451055], [-75.0858336, 38.3450646], [-75.0858021, 38.3451175], [-75.0858208, 38.3451244], [-75.0857402, 38.3452599], [-75.0856668, 38.3452331], [-75.0856526, 38.3452571], [-75.0856188, 38.3452447], [-75.085437, 38.34555], [-75.0855461, 38.34559]]]}}, {"id": "177", "type": "Feature", "properties": {"id": "0e7f1b6d-de24-4cc1-9884-9d3a633d0c27", "name": null, "subtype": null, "class": null, "height": 7.256524085998535, "num_floors": null, "surge_class": 2, "surge_ft": 1.5, "flood_active": false, "exposure_score": 0.045, "exposure_category": "low"}, "geometry": {"type": "Polygon", "coordinates": [[[-75.0853756, 38.3456772], [-75.0852577, 38.3458614], [-75.0852738, 38.3459993], [-75.085164, 38.3461708], [-75.0852767, 38.3462151], [-75.0853669, 38.3462507], [-75.0854915, 38.3460559], [-75.0854731, 38.3460487], [-75.0855178, 38.3459788], [-75.0854724, 38.3459609], [-75.0855121, 38.3458989], [-75.0854777, 38.3458854], [-75.0856011, 38.3456926], [-75.0855074, 38.3456557], [-75.0853906, 38.3456097], [-75.0853531, 38.3456683], [-75.0853756, 38.3456772]]]}}, {"id": "178", "type": "Feature", "properties": {"id": "665c8e9e-bed5-42e2-9b59-27db2225fcea", "name": null, "subtype": null, "class": null, "height": 5.7703962326049805, "num_floors": null, "surge_class": 4, "surge_ft": 3.5, "flood_active": false, "exposure_score": 0.105, "exposure_category": "low"}, "geometry": {"type": "Polygon", "coordinates": [[[-75.0840525, 38.3454217], [-75.0845235, 38.3453554], [-75.084493, 38.3452218], [-75.0840219, 38.3452881], [-75.0840525, 38.3454217]]]}}, {"id": "179", "type": "Feature", "properties": {"id": "f056e9f4-0618-436d-8686-6a6161f64cec", "name": null, "subtype": null, "class": null, "height": 5.525876998901367, "num_floors": null, "surge_class": 5, "surge_ft": 4.5, "flood_active": false, "exposure_score": 0.135, "exposure_category": "low"}, "geometry": {"type": "Polygon", "coordinates": [[[-75.0836007, 38.345483], [-75.0840013, 38.3454266], [-75.0839707, 38.345293], [-75.0835701, 38.3453494], [-75.0836007, 38.345483]]]}}, {"id": "180", "type": "Feature", "properties": {"id": "d7e0c072-a820-47df-9aea-4aaec0817cc7", "name": null, "subtype": null, "class": null, "height": 6.435205459594727, "num_floors": null, "surge_class": 5, "surge_ft": 4.5, "flood_active": false, "exposure_score": 0.135, "exposure_category": "low"}, "geometry": {"type": "Polygon", "coordinates": [[[-75.0835151, 38.3459131], [-75.0837065, 38.345978], [-75.0838275, 38.3457584], [-75.083636, 38.3456935], [-75.0835151, 38.3459131]]]}}, {"id": "181", "type": "Feature", "properties": {"id": "f37d94c5-7f30-4818-bb73-f58d12da0329", "name": null, "subtype": null, "class": null, "height": 6.5362443923950195, "num_floors": null, "surge_class": 3, "surge_ft": 2.5, "flood_active": false, "exposure_score": 0.075, "exposure_category": "low"}, "geometry": {"type": "Polygon", "coordinates": [[[-75.0848706, 38.3460384], [-75.0849375, 38.3460609], [-75.0850029, 38.345941], [-75.084929, 38.3459162], [-75.0849182, 38.345936], [-75.0848184, 38.3459026], [-75.0848068, 38.3459239], [-75.0847102, 38.3458915], [-75.084704, 38.3459028], [-75.0846016, 38.3458685], [-75.0845931, 38.3458839], [-75.0844986, 38.3458522], [-75.0844921, 38.3458642], [-75.0843943, 38.3458314], [-75.0843876, 38.3458437], [-75.0842886, 38.3458104], [-75.0842333, 38.3459117], [-75.0843389, 38.3459471], [-75.0843461, 38.3459339], [-75.0844441, 38.3459668], [-75.084451, 38.3459541], [-75.0845463, 38.3459861], [-75.0845533, 38.3459733], [-75.0846478, 38.346005], [-75.0846551, 38.3459916], [-75.0847584, 38.3460263], [-75.084765, 38.3460143], [-75.0848654, 38.3460479], [-75.0848706, 38.3460384]]]}}, {"id": "182", "type": "Feature", "properties": {"id": "2a5388d3-0c9b-48b2-aa28-7f0221016f37", "name": null, "subtype": null, "class": null, "height": null, "num_floors": null, "surge_class": 2, "surge_ft": 1.5, "flood_active": false, "exposure_score": 0.045, "exposure_category": "low"}, "geometry": {"type": "Polygon", "coordinates": [[[-75.0843498, 38.3472067], [-75.0843798, 38.3471649], [-75.0844059, 38.3471639], [-75.084403, 38.3471174], [-75.0843851, 38.3471181], [-75.0843835, 38.3470919], [-75.0844203, 38.3470905], [-75.0844128, 38.34697], [-75.0842284, 38.346977], [-75.0842401, 38.3471666], [-75.0843354, 38.347163], [-75.0843076, 38.3472018], [-75.0843322, 38.3472248], [-75.0843172, 38.3472347], [-75.0843874, 38.3473001], [-75.0844669, 38.3472477], [-75.0843925, 38.3471785], [-75.0843498, 38.3472067]]]}}, {"id": "183", "type": "Feature", "properties": {"id": "422a2b20-5838-439a-bf11-4056d4706fe0", "name": null, "subtype": null, "class": null, "height": null, "num_floors": null, "surge_class": 3, "surge_ft": 2.5, "flood_active": false, "exposure_score": 0.075, "exposure_category": "low"}, "geometry": {"type": "Polygon", "coordinates": [[[-75.0847057, 38.3474665], [-75.084814, 38.3473882], [-75.0847306, 38.3473173], [-75.0847838, 38.3472788], [-75.0847144, 38.3472198], [-75.0845866, 38.3473121], [-75.0845593, 38.3472889], [-75.0844587, 38.3473616], [-75.0845379, 38.347429], [-75.0845805, 38.3473983], [-75.0846015, 38.3474162], [-75.0846259, 38.3473986], [-75.0847057, 38.3474665]]]}}, {"id": "184", "type": "Feature", "properties": {"id": "3d41f78b-0fba-4931-a9e1-3ba9fbd852ac", "name": null, "subtype": null, "class": null, "height": 4.23203706741333, "num_floors": null, "surge_class": 2, "surge_ft": 1.5, "flood_active": false, "exposure_score": 0.045, "exposure_category": "low"}, "geometry": {"type": "Polygon", "coordinates": [[[-75.0848674, 38.3474612], [-75.0848595, 38.3475389], [-75.0847536, 38.3476091], [-75.0847506, 38.3476376], [-75.0846818, 38.3476334], [-75.0846759, 38.3476926], [-75.0847727, 38.3476985], [-75.0847346, 38.3477237], [-75.0847749, 38.3477611], [-75.0846959, 38.3478136], [-75.0847711, 38.3478833], [-75.0848513, 38.3478301], [-75.0849693, 38.3478372], [-75.0849807, 38.3477219], [-75.0849589, 38.3477206], [-75.0849672, 38.3476367], [-75.0849476, 38.3476355], [-75.0849541, 38.3475698], [-75.0849818, 38.3475715], [-75.0849877, 38.3475109], [-75.0849496, 38.3475086], [-75.0849508, 38.3474972], [-75.0849914, 38.3474996], [-75.0849999, 38.347413], [-75.0849362, 38.3474091], [-75.0849329, 38.3474427], [-75.0848987, 38.3474405], [-75.0848674, 38.3474612]]]}}, {"id": "185", "type": "Feature", "properties": {"id": "f46e1505-b988-45a0-bfac-59e28d5a0a71", "name": null, "subtype": null, "class": null, "height": 5.780745983123779, "num_floors": null, "surge_class": 3, "surge_ft": 2.5, "flood_active": false, "exposure_score": 0.075, "exposure_category": "low"}, "geometry": {"type": "Polygon", "coordinates": [[[-75.0838879, 38.3475374], [-75.0839857, 38.3476024], [-75.084112, 38.3474854], [-75.0839167, 38.3473557], [-75.0838542, 38.3474136], [-75.0839122, 38.3474521], [-75.0838747, 38.3474869], [-75.0839141, 38.3475131], [-75.0838879, 38.3475374]]]}}, {"id": "186", "type": "Feature", "properties": {"id": "c9e44e81-4861-41e6-af70-33bff0557f74", "name": null, "subtype": null, "class": null, "height": 5.482277870178223, "num_floors": null, "surge_class": 2, "surge_ft": 1.5, "flood_active": false, "exposure_score": 0.045, "exposure_category": "low"}, "geometry": {"type": "Polygon", "coordinates": [[[-75.0842383, 38.3478422], [-75.0844064, 38.347708], [-75.0843279, 38.3476475], [-75.0842888, 38.3476787], [-75.0841804, 38.3475952], [-75.0841065, 38.3476541], [-75.0842065, 38.3477311], [-75.0841514, 38.3477752], [-75.0842383, 38.3478422]]]}}, {"id": "187", "type": "Feature", "properties": {"id": "5d6cd3a1-1c9f-49dc-96b5-f9deb0ff3142", "name": null, "subtype": null, "class": null, "height": null, "num_floors": null, "surge_class": 4, "surge_ft": 3.5, "flood_active": false, "exposure_score": 0.105, "exposure_category": "low"}, "geometry": {"type": "Polygon", "coordinates": [[[-75.083563, 38.3473126], [-75.0837635, 38.3471977], [-75.0836992, 38.3471288], [-75.0834987, 38.3472437], [-75.083563, 38.3473126]]]}}, {"id": "188", "type": "Feature", "properties": {"id": "68740590-ca40-4be4-b0f9-24386eacf3ec", "name": null, "subtype": null, "class": null, "height": 3.3843791484832764, "num_floors": null, "surge_class": 5, "surge_ft": 4.5, "flood_active": false, "exposure_score": 0.135, "exposure_category": "low"}, "geometry": {"type": "Polygon", "coordinates": [[[-75.0836703, 38.3468737], [-75.0835761, 38.3469245], [-75.0835966, 38.3470678], [-75.0837148, 38.3470574], [-75.0837175, 38.3470765], [-75.0838354, 38.3470661], [-75.0838238, 38.3469852], [-75.0837154, 38.3469948], [-75.0837108, 38.3469623], [-75.0837773, 38.3469263], [-75.0837309, 38.3468734], [-75.0836896, 38.3468957], [-75.0836703, 38.3468737]]]}}, {"id": "189", "type": "Feature", "properties": {"id": "9c4d8f11-bc40-49f6-b5cc-8701dc32d374", "name": null, "subtype": null, "class": null, "height": 5.518855571746826, "num_floors": null, "surge_class": 4, "surge_ft": 3.5, "flood_active": false, "exposure_score": 0.105, "exposure_category": "low"}, "geometry": {"type": "Polygon", "coordinates": [[[-75.0838724, 38.346562], [-75.0838627, 38.3465444], [-75.0838873, 38.3464998], [-75.0839292, 38.346514], [-75.0839596, 38.3464588], [-75.0839829, 38.3464668], [-75.0840077, 38.3464219], [-75.0839413, 38.3463994], [-75.0839213, 38.3464356], [-75.0838786, 38.3464211], [-75.0838651, 38.3464456], [-75.0838233, 38.3464314], [-75.0837761, 38.3465172], [-75.0837032, 38.3464926], [-75.0836679, 38.3465568], [-75.0838702, 38.3466253], [-75.0838837, 38.3466009], [-75.0839455, 38.3465802], [-75.0839243, 38.3465435], [-75.0838724, 38.346562]]]}}, {"id": "190", "type": "Feature", "properties": {"id": "02006d68-f70b-45ad-8c0b-abade315b9ad", "name": null, "subtype": null, "class": null, "height": 5.886964321136475, "num_floors": null, "surge_class": 5, "surge_ft": 4.5, "flood_active": false, "exposure_score": 0.135, "exposure_category": "low"}, "geometry": {"type": "Polygon", "coordinates": [[[-75.0833857, 38.3468564], [-75.0834677, 38.3469277], [-75.0835606, 38.346862], [-75.0835718, 38.3468717], [-75.0836301, 38.3468304], [-75.0835607, 38.34677], [-75.0835433, 38.3467823], [-75.0835197, 38.3467617], [-75.0833857, 38.3468564]]]}}, {"id": "191", "type": "Feature", "properties": {"id": "11fcda8a-5762-4bef-8814-ffa24902e364", "name": null, "subtype": null, "class": null, "height": null, "num_floors": null, "surge_class": 5, "surge_ft": 4.5, "flood_active": false, "exposure_score": 0.135, "exposure_category": "low"}, "geometry": {"type": "Polygon", "coordinates": [[[-75.0829645, 38.346796], [-75.0830528, 38.3468259], [-75.0831861, 38.346584], [-75.0830978, 38.3465541], [-75.0829645, 38.346796]]]}}, {"id": "192", "type": "Feature", "properties": {"id": "112f44da-6c3a-4bb2-86e6-cf114de1277f", "name": null, "subtype": null, "class": null, "height": null, "num_floors": null, "surge_class": 5, "surge_ft": 4.5, "flood_active": false, "exposure_score": 0.135, "exposure_category": "low"}, "geometry": {"type": "Polygon", "coordinates": [[[-75.083188, 38.3468908], [-75.0832993, 38.3469285], [-75.0834363, 38.3466798], [-75.0833335, 38.3466449], [-75.0832977, 38.3467099], [-75.0832443, 38.3466918], [-75.0832158, 38.3467437], [-75.0832606, 38.3467589], [-75.083188, 38.3468908]]]}}, {"id": "193", "type": "Feature", "properties": {"id": "fffd43c4-bc76-456b-ba33-80f5aef72342", "name": null, "subtype": null, "class": null, "height": 5.06466007232666, "num_floors": null, "surge_class": 4, "surge_ft": 3.5, "flood_active": false, "exposure_score": 0.105, "exposure_category": "low"}, "geometry": {"type": "Polygon", "coordinates": [[[-75.0835569, 38.3474048], [-75.0836041, 38.347354], [-75.0833871, 38.3472298], [-75.0832663, 38.3473596], [-75.0834588, 38.3474698], [-75.0835099, 38.3474149], [-75.0834819, 38.3473989], [-75.0835044, 38.3473748], [-75.0835569, 38.3474048]]]}}, {"id": "194", "type": "Feature", "properties": {"id": "84c18518-1a8d-4eb7-b597-c5f5ddb52808", "name": null, "subtype": null, "class": null, "height": null, "num_floors": null, "surge_class": 3, "surge_ft": 2.5, "flood_active": false, "exposure_score": 0.075, "exposure_category": "low"}, "geometry": {"type": "Polygon", "coordinates": [[[-75.0836549, 38.3478464], [-75.0837128, 38.3478742], [-75.0837394, 38.3478401], [-75.083675, 38.3478092], [-75.0837174, 38.3477548], [-75.0836202, 38.3477082], [-75.0835545, 38.3477925], [-75.0835228, 38.3477773], [-75.0834848, 38.347826], [-75.0836202, 38.3478909], [-75.0836549, 38.3478464]]]}}, {"id": "195", "type": "Feature", "properties": {"id": "b5ff526d-4341-4f29-8803-bf450f954c07", "name": null, "subtype": null, "class": null, "height": 5.054723739624023, "num_floors": null, "surge_class": 3, "surge_ft": 2.5, "flood_active": false, "exposure_score": 0.075, "exposure_category": "low"}, "geometry": {"type": "Polygon", "coordinates": [[[-75.0830292, 38.3475815], [-75.0829439, 38.3477154], [-75.083106, 38.347779], [-75.0831485, 38.3477124], [-75.0831892, 38.3477284], [-75.0832321, 38.347661], [-75.0830292, 38.3475815]]]}}, {"id": "196", "type": "Feature", "properties": {"id": "c4e7623c-a081-4880-aef5-171a506ac596", "name": null, "subtype": null, "class": null, "height": 5.411336898803711, "num_floors": null, "surge_class": 2, "surge_ft": 1.5, "flood_active": false, "exposure_score": 0.045, "exposure_category": "low"}, "geometry": {"type": "Polygon", "coordinates": [[[-75.0831014, 38.3475192], [-75.0832803, 38.3476197], [-75.0833355, 38.3475592], [-75.0832459, 38.3475089], [-75.0832906, 38.34746], [-75.0832012, 38.3474099], [-75.0831014, 38.3475192]]]}}, {"id": "197", "type": "Feature", "properties": {"id": "484f183f-9040-4b4e-bbdc-218a1b010f32", "name": null, "subtype": null, "class": null, "height": 4.737157344818115, "num_floors": null, "surge_class": 3, "surge_ft": 2.5, "flood_active": false, "exposure_score": 0.075, "exposure_category": "low"}, "geometry": {"type": "Polygon", "coordinates": [[[-75.0827947, 38.3479023], [-75.0830294, 38.3479828], [-75.0830683, 38.347913], [-75.08295, 38.3478724], [-75.0829902, 38.3478002], [-75.082874, 38.3477603], [-75.0827947, 38.3479023]]]}}, {"id": "198", "type": "Feature", "properties": {"id": "d7e95d56-6222-4f95-87e4-d934cb243801", "name": null, "subtype": null, "class": null, "height": 5.847525596618652, "num_floors": null, "surge_class": 4, "surge_ft": 3.5, "flood_active": false, "exposure_score": 0.105, "exposure_category": "low"}, "geometry": {"type": "Polygon", "coordinates": [[[-75.0825875, 38.3466483], [-75.0829395, 38.3467675], [-75.0830087, 38.3466419], [-75.0826567, 38.3465226], [-75.0825875, 38.3466483]]]}}, {"id": "199", "type": "Feature", "properties": {"id": "797ac066-0451-4203-a895-e8d0f89b82c1", "name": null, "subtype": null, "class": null, "height": 4.603233337402344, "num_floors": null, "surge_class": 4, "surge_ft": 3.5, "flood_active": false, "exposure_score": 0.105, "exposure_category": "low"}, "geometry": {"type": "Polygon", "coordinates": [[[-75.0822873, 38.3467051], [-75.0824659, 38.3467541], [-75.0824783, 38.3467261], [-75.0825018, 38.3467326], [-75.0825181, 38.346696], [-75.0823161, 38.3466406], [-75.0822873, 38.3467051]]]}}, {"id": "200", "type": "Feature", "properties": {"id": "cc7b535c-7b5c-440f-a31b-9fa6b8e4cd39", "name": null, "subtype": null, "class": null, "height": null, "num_floors": null, "surge_class": 4, "surge_ft": 3.5, "flood_active": false, "exposure_score": 0.105, "exposure_category": "low"}, "geometry": {"type": "Polygon", "coordinates": [[[-75.0823146, 38.3464296], [-75.0824391, 38.3464717], [-75.0824845, 38.3463893], [-75.08236, 38.3463472], [-75.0823146, 38.3464296]]]}}, {"id": "201", "type": "Feature", "properties": {"id": "6e79f915-3c5a-4385-88ea-d3ad615d8b14", "name": null, "subtype": null, "class": null, "height": null, "num_floors": null, "surge_class": 4, "surge_ft": 3.5, "flood_active": false, "exposure_score": 0.105, "exposure_category": "low"}, "geometry": {"type": "Polygon", "coordinates": [[[-75.0825342, 38.3464053], [-75.082471, 38.3465202], [-75.0825883, 38.3465599], [-75.0826516, 38.3464451], [-75.0825342, 38.3464053]]]}}, {"id": "202", "type": "Feature", "properties": {"id": "5eab3254-00f3-45e3-bdf8-348c08ecfbee", "name": null, "subtype": null, "class": null, "height": null, "num_floors": null, "surge_class": 4, "surge_ft": 3.5, "flood_active": false, "exposure_score": 0.105, "exposure_category": "low"}, "geometry": {"type": "Polygon", "coordinates": [[[-75.0826418, 38.3460005], [-75.0827549, 38.3460389], [-75.0829196, 38.3457398], [-75.0828065, 38.3457015], [-75.0826418, 38.3460005]]]}}, {"id": "203", "type": "Feature", "properties": {"id": "0d1e6083-9892-420a-90fb-c27e5627fcb1", "name": null, "subtype": null, "class": null, "height": 6.324580669403076, "num_floors": null, "surge_class": 4, "surge_ft": 3.5, "flood_active": false, "exposure_score": 0.105, "exposure_category": "low"}, "geometry": {"type": "Polygon", "coordinates": [[[-75.0825312, 38.3461269], [-75.0829406, 38.3462656], [-75.082986, 38.3461832], [-75.0825766, 38.3460445], [-75.0825312, 38.3461269]]]}}, {"id": "204", "type": "Feature", "properties": {"id": "e81343d8-ff7d-497e-8d1c-bf46d4bde6b2", "name": null, "subtype": null, "class": null, "height": 4.380441188812256, "num_floors": null, "surge_class": 4, "surge_ft": 3.5, "flood_active": false, "exposure_score": 0.105, "exposure_category": "low"}, "geometry": {"type": "Polygon", "coordinates": [[[-75.0830547, 38.3463381], [-75.0834289, 38.3464649], [-75.0834706, 38.3463891], [-75.0830964, 38.3462623], [-75.0830547, 38.3463381]]]}}, {"id": "205", "type": "Feature", "properties": {"id": "7b4493ce-a2ef-4697-988c-6263240175ee", "name": null, "subtype": null, "class": null, "height": 6.677984237670898, "num_floors": null, "surge_class": 5, "surge_ft": 4.5, "flood_active": false, "exposure_score": 0.135, "exposure_category": "low"}, "geometry": {"type": "Polygon", "coordinates": [[[-75.0833556, 38.3461563], [-75.0835228, 38.346213], [-75.0835774, 38.3461138], [-75.0834102, 38.3460571], [-75.0833556, 38.3461563]]]}}, {"id": "206", "type": "Feature", "properties": {"id": "90d6a8f4-4f93-4d1a-8eef-a20136f4bb12", "name": null, "subtype": null, "class": null, "height": null, "num_floors": null, "surge_class": 6, "surge_ft": 5.5, "flood_active": false, "exposure_score": 0.165, "exposure_category": "low"}, "geometry": {"type": "Polygon", "coordinates": [[[-75.0836236, 38.346056], [-75.0836651, 38.3460701], [-75.0836901, 38.3460247], [-75.0836602, 38.3460145], [-75.083664, 38.3460076], [-75.0835434, 38.3459667], [-75.0835068, 38.346033], [-75.083616, 38.3460699], [-75.0836236, 38.346056]]]}}, {"id": "207", "type": "Feature", "properties": {"id": "4645297c-94de-415e-8a29-6ea978a53d54", "name": null, "subtype": null, "class": null, "height": null, "num_floors": null, "surge_class": 4, "surge_ft": 3.5, "flood_active": false, "exposure_score": 0.105, "exposure_category": "low"}, "geometry": {"type": "Polygon", "coordinates": [[[-75.0832251, 38.3459405], [-75.0832944, 38.345964], [-75.083339, 38.345883], [-75.0832697, 38.3458595], [-75.0832251, 38.3459405]]]}}, {"id": "208", "type": "Feature", "properties": {"id": "1677622f-11e9-42c9-8540-a3212239bb3a", "name": null, "subtype": null, "class": null, "height": null, "num_floors": null, "surge_class": 6, "surge_ft": 5.5, "flood_active": false, "exposure_score": 0.165, "exposure_category": "low"}, "geometry": {"type": "Polygon", "coordinates": [[[-75.0830714, 38.3457298], [-75.0831552, 38.3457582], [-75.0831747, 38.345723], [-75.0831397, 38.3457111], [-75.083152, 38.3456888], [-75.0832372, 38.3457176], [-75.0832968, 38.3456094], [-75.0831441, 38.3455576], [-75.0830832, 38.3456681], [-75.0831019, 38.3456744], [-75.0830714, 38.3457298]]]}}, {"id": "209", "type": "Feature", "properties": {"id": "0d0addb7-4025-4b6b-9bc8-b941512a44a2", "name": null, "subtype": null, "class": null, "height": null, "num_floors": null, "surge_class": 5, "surge_ft": 4.5, "flood_active": false, "exposure_score": 0.135, "exposure_category": "low"}, "geometry": {"type": "Polygon", "coordinates": [[[-75.0832918, 38.3458369], [-75.0833887, 38.3458697], [-75.083507, 38.345655], [-75.0833885, 38.3456149], [-75.0833202, 38.3457388], [-75.0833418, 38.3457461], [-75.0832918, 38.3458369]]]}}, {"id": "210", "type": "Feature", "properties": {"id": "22b8af94-4a77-43bf-8646-83419af38be5", "name": null, "subtype": null, "class": null, "height": 6.685646057128906, "num_floors": null, "surge_class": 5, "surge_ft": 4.5, "flood_active": false, "exposure_score": 0.135, "exposure_category": "low"}, "geometry": {"type": "Polygon", "coordinates": [[[-75.0828904, 38.3452537], [-75.0834953, 38.3454577], [-75.083558, 38.3453433], [-75.0829531, 38.3451393], [-75.0828904, 38.3452537]]]}}, {"id": "211", "type": "Feature", "properties": {"id": "0e6c45d0-0ff8-47f1-920f-812da3bef65e", "name": null, "subtype": null, "class": null, "height": 6.1109771728515625, "num_floors": null, "surge_class": 5, "surge_ft": 4.5, "flood_active": false, "exposure_score": 0.135, "exposure_category": "low"}, "geometry": {"type": "Polygon", "coordinates": [[[-75.0828054, 38.3456517], [-75.0830065, 38.3457198], [-75.083113, 38.3455266], [-75.0829916, 38.3454854], [-75.0829669, 38.3455302], [-75.0829042, 38.345509], [-75.0828653, 38.3455797], [-75.0828483, 38.345574], [-75.0828054, 38.3456517]]]}}, {"id": "212", "type": "Feature", "properties": {"id": "013ec972-28ac-44fd-b35b-74cda1476e5b", "name": null, "subtype": null, "class": null, "height": 6.110484600067139, "num_floors": null, "surge_class": 5, "surge_ft": 4.5, "flood_active": false, "exposure_score": 0.135, "exposure_category": "low"}, "geometry": {"type": "Polygon", "coordinates": [[[-75.0824086, 38.3455086], [-75.0825417, 38.3455531], [-75.0826458, 38.3453619], [-75.0825127, 38.3453173], [-75.0824086, 38.3455086]]]}}, {"id": "213", "type": "Feature", "properties": {"id": "133a52ed-026c-4b65-afdf-133aaee1be40", "name": null, "subtype": null, "class": null, "height": 6.18294095993042, "num_floors": null, "surge_class": 5, "surge_ft": 4.5, "flood_active": false, "exposure_score": 0.135, "exposure_category": "low"}, "geometry": {"type": "Polygon", "coordinates": [[[-75.0823894, 38.3454684], [-75.0824795, 38.3453029], [-75.0822361, 38.3452214], [-75.082146, 38.345387], [-75.0823894, 38.3454684]]]}}, {"id": "214", "type": "Feature", "properties": {"id": "42b46b6f-6b2a-46b1-9f6b-a075015fa943", "name": null, "subtype": null, "class": null, "height": null, "num_floors": null, "surge_class": 5, "surge_ft": 4.5, "flood_active": false, "exposure_score": 0.135, "exposure_category": "low"}, "geometry": {"type": "Polygon", "coordinates": [[[-75.081955, 38.3453353], [-75.0820923, 38.3453813], [-75.0821841, 38.3452125], [-75.0820468, 38.3451666], [-75.081955, 38.3453353]]]}}, {"id": "215", "type": "Feature", "properties": {"id": "c00c8cb6-acfb-45dd-8e16-6fefc9164934", "name": null, "subtype": null, "class": null, "height": 4.3675055503845215, "num_floors": null, "surge_class": 5, "surge_ft": 4.5, "flood_active": false, "exposure_score": 0.135, "exposure_category": "low"}, "geometry": {"type": "Polygon", "coordinates": [[[-75.0817825, 38.3451629], [-75.0819893, 38.3452321], [-75.0820282, 38.3451607], [-75.0818214, 38.3450915], [-75.0817825, 38.3451629]]]}}, {"id": "216", "type": "Feature", "properties": {"id": "60d96e5f-957e-4da1-a7e0-2c67b71196a8", "name": null, "subtype": null, "class": null, "height": 6.429098129272461, "num_floors": null, "surge_class": 4, "surge_ft": 3.5, "flood_active": false, "exposure_score": 0.105, "exposure_category": "low"}, "geometry": {"type": "Polygon", "coordinates": [[[-75.0817059, 38.3454181], [-75.0818653, 38.3454714], [-75.0819739, 38.3452718], [-75.0818146, 38.3452184], [-75.0817059, 38.3454181]]]}}, {"id": "217", "type": "Feature", "properties": {"id": "60d527f9-1d1a-4798-a751-1218d6484cbc", "name": null, "subtype": "outbuilding", "class": "outbuilding", "height": null, "num_floors": null, "surge_class": 5, "surge_ft": 4.5, "flood_active": false, "exposure_score": 0.135, "exposure_category": "low"}, "geometry": {"type": "Polygon", "coordinates": [[[-75.0818574, 38.345652], [-75.0819089, 38.3456693], [-75.0819394, 38.3456132], [-75.0818879, 38.345596], [-75.0818574, 38.345652]]]}}, {"id": "218", "type": "Feature", "properties": {"id": "2cde2242-dc5d-4a44-8f3a-86c11214d67d", "name": null, "subtype": null, "class": null, "height": 8.398558616638184, "num_floors": null, "surge_class": 3, "surge_ft": 2.5, "flood_active": false, "exposure_score": 0.075, "exposure_category": "low"}, "geometry": {"type": "Polygon", "coordinates": [[[-75.0818635, 38.3459435], [-75.0820219, 38.3459965], [-75.0822804, 38.3455213], [-75.082122, 38.3454683], [-75.0818635, 38.3459435]]]}}, {"id": "219", "type": "Feature", "properties": {"id": "8e73fbae-0016-4963-b246-c7a42e1d8c57", "name": null, "subtype": null, "class": null, "height": 3.9662084579467773, "num_floors": null, "surge_class": 4, "surge_ft": 3.5, "flood_active": false, "exposure_score": 0.105, "exposure_category": "low"}, "geometry": {"type": "Polygon", "coordinates": [[[-75.0820015, 38.3463473], [-75.0820629, 38.3463642], [-75.0820998, 38.3462815], [-75.0820208, 38.3462598], [-75.0820281, 38.3462434], [-75.0819262, 38.3462154], [-75.081917, 38.346236], [-75.0818729, 38.3462239], [-75.081838, 38.3463023], [-75.0819377, 38.3463297], [-75.0819248, 38.3463586], [-75.0819886, 38.3463762], [-75.0820015, 38.3463473]]]}}, {"id": "220", "type": "Feature", "properties": {"id": "98c4d9dd-0c7d-44a2-80cb-9ae3e87cb415", "name": null, "subtype": null, "class": null, "height": 3.918383836746216, "num_floors": null, "surge_class": 5, "surge_ft": 4.5, "flood_active": false, "exposure_score": 0.135, "exposure_category": "low"}, "geometry": {"type": "Polygon", "coordinates": [[[-75.0818629, 38.346485], [-75.0819952, 38.3465214], [-75.0820134, 38.3464806], [-75.0819772, 38.3464707], [-75.082008, 38.3464017], [-75.0818045, 38.3463458], [-75.0817728, 38.3464168], [-75.0818802, 38.3464463], [-75.0818629, 38.346485]]]}}, {"id": "221", "type": "Feature", "properties": {"id": "73774882-cd4e-45ba-adb1-7a4fbc500ec5", "name": null, "subtype": null, "class": null, "height": null, "num_floors": null, "surge_class": 5, "surge_ft": 4.5, "flood_active": false, "exposure_score": 0.135, "exposure_category": "low"}, "geometry": {"type": "Polygon", "coordinates": [[[-75.0818626, 38.3461748], [-75.0817206, 38.3461357], [-75.0816309, 38.3463363], [-75.081773, 38.3463753], [-75.0818626, 38.3461748]]]}}, {"id": "222", "type": "Feature", "properties": {"id": "10be8dd9-0981-49dd-ad49-ae9cfa7eb8b6", "name": null, "subtype": null, "class": null, "height": null, "num_floors": null, "surge_class": 5, "surge_ft": 4.5, "flood_active": false, "exposure_score": 0.135, "exposure_category": "low"}, "geometry": {"type": "Polygon", "coordinates": [[[-75.0816413, 38.3458776], [-75.0817441, 38.3459121], [-75.0818265, 38.3457606], [-75.0817237, 38.3457262], [-75.0816413, 38.3458776]]]}}, {"id": "223", "type": "Feature", "properties": {"id": "58fcdd98-8f64-4278-afb2-c9e0cbe8f862", "name": null, "subtype": null, "class": null, "height": null, "num_floors": null, "surge_class": 5, "surge_ft": 4.5, "flood_active": false, "exposure_score": 0.135, "exposure_category": "low"}, "geometry": {"type": "Polygon", "coordinates": [[[-75.08149, 38.34613], [-75.0815117, 38.3461359], [-75.0815565, 38.3460359], [-75.0814534, 38.3460076], [-75.0814423, 38.3460325], [-75.0814273, 38.3460284], [-75.0813928, 38.3461056], [-75.0814269, 38.3461149], [-75.0814112, 38.3461502], [-75.0814733, 38.3461673], [-75.08149, 38.34613]]]}}, {"id": "224", "type": "Feature", "properties": {"id": "97d02037-ba9b-459d-ad73-d9655267b339", "name": null, "subtype": null, "class": null, "height": null, "num_floors": null, "surge_class": 5, "surge_ft": 4.5, "flood_active": false, "exposure_score": 0.135, "exposure_category": "low"}, "geometry": {"type": "Polygon", "coordinates": [[[-75.0816571, 38.3462185], [-75.081715, 38.3460889], [-75.0816178, 38.3460621], [-75.0815599, 38.3461917], [-75.0816571, 38.3462185]]]}}, {"id": "225", "type": "Feature", "properties": {"id": "a59f127e-0dc9-47f8-8e66-9a1f49502efd", "name": null, "subtype": null, "class": null, "height": null, "num_floors": null, "surge_class": 6, "surge_ft": 5.5, "flood_active": false, "exposure_score": 0.165, "exposure_category": "low"}, "geometry": {"type": "Polygon", "coordinates": [[[-75.0814909, 38.3463005], [-75.0815482, 38.3463163], [-75.0815615, 38.3462864], [-75.0815423, 38.3462811], [-75.0815634, 38.346234], [-75.0815133, 38.3462203], [-75.0814892, 38.3462743], [-75.0815012, 38.3462776], [-75.0814909, 38.3463005]]]}}, {"id": "226", "type": "Feature", "properties": {"id": "2b0ff546-6304-4104-b4c1-7930720f2a9a", "name": null, "subtype": null, "class": null, "height": 3.768526792526245, "num_floors": null, "surge_class": 4, "surge_ft": 3.5, "flood_active": false, "exposure_score": 0.105, "exposure_category": "low"}, "geometry": {"type": "Polygon", "coordinates": [[[-75.0811484, 38.3463137], [-75.0814, 38.3463829], [-75.081448, 38.3462757], [-75.0811963, 38.3462065], [-75.0811484, 38.3463137]]]}}, {"id": "227", "type": "Feature", "properties": {"id": "d4cb6a10-c1b1-4424-b3dc-60d6ffb0dd9f", "name": null, "subtype": null, "class": null, "height": 2.558260917663574, "num_floors": null, "surge_class": 6, "surge_ft": 5.5, "flood_active": false, "exposure_score": 0.165, "exposure_category": "low"}, "geometry": {"type": "Polygon", "coordinates": [[[-75.0810704, 38.3456645], [-75.0811505, 38.3456915], [-75.081184, 38.3456302], [-75.0811039, 38.3456033], [-75.0810704, 38.3456645]]]}}, {"id": "228", "type": "Feature", "properties": {"id": "12ed2332-5024-48f1-a288-00137b2df03b", "name": null, "subtype": null, "class": null, "height": 4.94472074508667, "num_floors": null, "surge_class": 5, "surge_ft": 4.5, "flood_active": false, "exposure_score": 0.135, "exposure_category": "low"}, "geometry": {"type": "Polygon", "coordinates": [[[-75.0814127, 38.3457927], [-75.0814962, 38.3458206], [-75.0815353, 38.3457486], [-75.0814519, 38.3457207], [-75.0814127, 38.3457927]]]}}, {"id": "229", "type": "Feature", "properties": {"id": "ed33814f-f99e-455a-a2a2-ec7b9fafef84", "name": null, "subtype": null, "class": null, "height": 4.1441192626953125, "num_floors": null, "surge_class": 5, "surge_ft": 4.5, "flood_active": false, "exposure_score": 0.135, "exposure_category": "low"}, "geometry": {"type": "Polygon", "coordinates": [[[-75.0814586, 38.3456511], [-75.0815679, 38.3456877], [-75.0816045, 38.3456203], [-75.0814952, 38.3455837], [-75.0814586, 38.3456511]]]}}, {"id": "230", "type": "Feature", "properties": {"id": "b255b967-c5d7-427f-9ba6-a62bc9ae08dc", "name": null, "subtype": null, "class": null, "height": 5.3000288009643555, "num_floors": null, "surge_class": 4, "surge_ft": 3.5, "flood_active": false, "exposure_score": 0.105, "exposure_category": "low"}, "geometry": {"type": "Polygon", "coordinates": [[[-75.0815227, 38.3455245], [-75.0818227, 38.3456248], [-75.0818754, 38.345528], [-75.0815754, 38.3454276], [-75.0815227, 38.3455245]]]}}, {"id": "231", "type": "Feature", "properties": {"id": "fbeb51ad-8132-4394-bb05-63ae3875ca8e", "name": null, "subtype": null, "class": null, "height": null, "num_floors": null, "surge_class": 4, "surge_ft": 3.5, "flood_active": false, "exposure_score": 0.105, "exposure_category": "low"}, "geometry": {"type": "Polygon", "coordinates": [[[-75.0810306, 38.3453775], [-75.0811096, 38.3454041], [-75.0811728, 38.3452887], [-75.0810937, 38.3452621], [-75.0810306, 38.3453775]]]}}, {"id": "232", "type": "Feature", "properties": {"id": "054cfe27-fd20-4e77-8e57-1e118f2267f2", "name": null, "subtype": null, "class": null, "height": 8.982938766479492, "num_floors": null, "surge_class": 4, "surge_ft": 3.5, "flood_active": false, "exposure_score": 0.105, "exposure_category": "low"}, "geometry": {"type": "Polygon", "coordinates": [[[-75.081056, 38.3449723], [-75.0809939, 38.3450928], [-75.0811326, 38.3451368], [-75.0811024, 38.3451954], [-75.0812187, 38.3452323], [-75.0810824, 38.3454968], [-75.081197, 38.3455331], [-75.0812571, 38.3454165], [-75.0812997, 38.34543], [-75.0814595, 38.3451197], [-75.081336, 38.3450806], [-75.0813644, 38.3450255], [-75.0811241, 38.3449525], [-75.0811096, 38.3449893], [-75.081056, 38.3449723]]]}}, {"id": "233", "type": "Feature", "properties": {"id": "ae12e3c5-89d9-4fb6-a233-e448e13b7a81", "name": null, "subtype": null, "class": null, "height": 3.5365326404571533, "num_floors": null, "surge_class": 4, "surge_ft": 3.5, "flood_active": false, "exposure_score": 0.105, "exposure_category": "low"}, "geometry": {"type": "Polygon", "coordinates": [[[-75.0808874, 38.3456053], [-75.0809982, 38.3456426], [-75.0810423, 38.3455621], [-75.0809315, 38.3455248], [-75.0808874, 38.3456053]]]}}, {"id": "234", "type": "Feature", "properties": {"id": "dcd4eacc-57da-45f5-9e91-dd8ae271503e", "name": "Ocean City Volunteer Fire Department Headquarters", "subtype": "civic", "class": null, "height": 6.1003546714782715, "num_floors": 2, "surge_class": 4, "surge_ft": 3.5, "flood_active": false, "exposure_score": 0.105, "exposure_category": "low"}, "geometry": {"type": "Polygon", "coordinates": [[[-75.0803291, 38.3454252], [-75.0805834, 38.3455108], [-75.0806351, 38.3454164], [-75.0806847, 38.3454331], [-75.0807609, 38.345294], [-75.0805696, 38.3452296], [-75.0806362, 38.345108], [-75.0804963, 38.3450609], [-75.0804235, 38.3451938], [-75.0804507, 38.3452029], [-75.0803291, 38.3454252]]]}}, {"id": "235", "type": "Feature", "properties": {"id": "b3fc7370-518b-45e8-a2ce-a4bb343bcb0d", "name": null, "subtype": null, "class": null, "height": 4.978560447692871, "num_floors": null, "surge_class": 5, "surge_ft": 4.5, "flood_active": false, "exposure_score": 0.135, "exposure_category": "low"}, "geometry": {"type": "Polygon", "coordinates": [[[-75.080121, 38.3459431], [-75.0804121, 38.3460267], [-75.0805668, 38.3456952], [-75.0802315, 38.3455989], [-75.0800641, 38.3459575], [-75.0801084, 38.3459702], [-75.080121, 38.3459431]]]}}, {"id": "236", "type": "Feature", "properties": {"id": "4183534c-013a-42db-8bc0-615cd38d7ad1", "name": "Layton's", "subtype": null, "class": null, "height": null, "num_floors": null, "surge_class": 5, "surge_ft": 4.5, "flood_active": false, "exposure_score": 0.135, "exposure_category": "low"}, "geometry": {"type": "Polygon", "coordinates": [[[-75.0797918, 38.3465394], [-75.0801262, 38.3466252], [-75.0802399, 38.3463531], [-75.0799054, 38.3462672], [-75.0797918, 38.3465394]]]}}, {"id": "237", "type": "Feature", "properties": {"id": "7aea3e93-b945-4e9e-bcb5-4a75db435e99", "name": null, "subtype": null, "class": null, "height": 3.707029104232788, "num_floors": null, "surge_class": 5, "surge_ft": 4.5, "flood_active": false, "exposure_score": 0.135, "exposure_category": "low"}, "geometry": {"type": "Polygon", "coordinates": [[[-75.080451, 38.3462356], [-75.0808814, 38.3463417], [-75.0809111, 38.3462678], [-75.0807901, 38.346238], [-75.0808074, 38.3461947], [-75.080498, 38.3461184], [-75.080451, 38.3462356]]]}}, {"id": "238", "type": "Feature", "properties": {"id": "c8402f95-bc27-4477-b071-ffb6d6dc7803", "name": null, "subtype": null, "class": null, "height": 5.633103847503662, "num_floors": null, "surge_class": 4, "surge_ft": 3.5, "flood_active": false, "exposure_score": 0.105, "exposure_category": "low"}, "geometry": {"type": "Polygon", "coordinates": [[[-75.0805795, 38.3459626], [-75.0806676, 38.3459881], [-75.0807651, 38.3457814], [-75.0806711, 38.3457541], [-75.0806228, 38.3458565], [-75.0805896, 38.3458468], [-75.0805604, 38.3459089], [-75.0805881, 38.3459169], [-75.0805776, 38.3459391], [-75.080589, 38.3459424], [-75.0805795, 38.3459626]]]}}, {"id": "239", "type": "Feature", "properties": {"id": "ed950bf1-5c13-467e-9099-36ca1e38a99b", "name": null, "subtype": null, "class": null, "height": null, "num_floors": null, "surge_class": 4, "surge_ft": 3.5, "flood_active": false, "exposure_score": 0.105, "exposure_category": "low"}, "geometry": {"type": "Polygon", "coordinates": [[[-75.0805129, 38.3460891], [-75.0806859, 38.3461356], [-75.0807265, 38.3460428], [-75.0805535, 38.3459963], [-75.0805129, 38.3460891]]]}}, {"id": "240", "type": "Feature", "properties": {"id": "4a842cb6-f252-48a0-bfa2-a9ffe0dab7f4", "name": null, "subtype": null, "class": null, "height": 4.612375736236572, "num_floors": null, "surge_class": 5, "surge_ft": 4.5, "flood_active": false, "exposure_score": 0.135, "exposure_category": "low"}, "geometry": {"type": "Polygon", "coordinates": [[[-75.0809612, 38.346012], [-75.0810139, 38.3460282], [-75.0810876, 38.3458803], [-75.0809714, 38.3458447], [-75.0809228, 38.345942], [-75.0809864, 38.3459615], [-75.0809612, 38.346012]]]}}, {"id": "241", "type": "Feature", "properties": {"id": "799fc5ba-5674-4849-b49f-f756a18ee20d", "name": null, "subtype": null, "class": null, "height": 7.625218391418457, "num_floors": 4, "surge_class": 5, "surge_ft": 4.5, "flood_active": false, "exposure_score": 0.135, "exposure_category": "low"}, "geometry": {"type": "Polygon", "coordinates": [[[-75.0808554, 38.3469507], [-75.0811396, 38.3470237], [-75.0812291, 38.3468094], [-75.0809449, 38.3467364], [-75.0808554, 38.3469507]]]}}, {"id": "242", "type": "Feature", "properties": {"id": "78596198-cf82-4dfc-b4eb-1414b5280e93", "name": null, "subtype": null, "class": null, "height": null, "num_floors": null, "surge_class": 5, "surge_ft": 4.5, "flood_active": false, "exposure_score": 0.135, "exposure_category": "low"}, "geometry": {"type": "Polygon", "coordinates": [[[-75.0809262, 38.347141], [-75.0810635, 38.3471763], [-75.0811116, 38.3470609], [-75.0809743, 38.3470257], [-75.0809262, 38.347141]]]}}, {"id": "243", "type": "Feature", "properties": {"id": "f202668f-32dc-4f35-b3f0-399cb0d723dc", "name": null, "subtype": null, "class": null, "height": 2.262850046157837, "num_floors": null, "surge_class": 4, "surge_ft": 3.5, "flood_active": false, "exposure_score": 0.105, "exposure_category": "low"}, "geometry": {"type": "Polygon", "coordinates": [[[-75.0802412, 38.3466548], [-75.0807107, 38.3467753], [-75.0807452, 38.3466928], [-75.0802757, 38.3465722], [-75.0802412, 38.3466548]]]}}, {"id": "244", "type": "Feature", "properties": {"id": "46753df2-5cc3-4716-a615-f962c64593e6", "name": "CVS Pharmacy", "subtype": "commercial", "class": "retail", "height": 3.1922919750213623, "num_floors": null, "surge_class": 2, "surge_ft": 1.5, "flood_active": false, "exposure_score": 0.045, "exposure_category": "low"}, "geometry": {"type": "Polygon", "coordinates": [[[-75.0805142, 38.3469519], [-75.0801016, 38.346846], [-75.0800055, 38.3470762], [-75.0804181, 38.3471821], [-75.0805142, 38.3469519]]]}}, {"id": "245", "type": "Feature", "properties": {"id": "1afe0465-a01f-4f56-b49a-adc3a78f73f3", "name": null, "subtype": null, "class": null, "height": 4.308124542236328, "num_floors": null, "surge_class": 5, "surge_ft": 4.5, "flood_active": false, "exposure_score": 0.135, "exposure_category": "low"}, "geometry": {"type": "Polygon", "coordinates": [[[-75.080907, 38.347694], [-75.0809478, 38.3475894], [-75.0806093, 38.3475082], [-75.0806033, 38.3475236], [-75.0805137, 38.3475021], [-75.0804428, 38.3476836], [-75.0805974, 38.3477207], [-75.0806506, 38.3475841], [-75.0807354, 38.3476045], [-75.0807004, 38.3476942], [-75.0809089, 38.3477442], [-75.0809266, 38.3476987], [-75.080907, 38.347694]]]}}, {"id": "246", "type": "Feature", "properties": {"id": "dc0262a4-c3da-410b-a4cc-69b0b1b1aeec", "name": null, "subtype": null, "class": null, "height": 4.953420162200928, "num_floors": null, "surge_class": 5, "surge_ft": 4.5, "flood_active": false, "exposure_score": 0.135, "exposure_category": "low"}, "geometry": {"type": "Polygon", "coordinates": [[[-75.0806911, 38.3473404], [-75.0809511, 38.3474071], [-75.0809886, 38.3473172], [-75.0807287, 38.3472504], [-75.0806911, 38.3473404]]]}}, {"id": "247", "type": "Feature", "properties": {"id": "20d4c2bc-1eef-455e-b06d-992e59f276f9", "name": null, "subtype": null, "class": null, "height": null, "num_floors": null, "surge_class": 6, "surge_ft": 5.5, "flood_active": false, "exposure_score": 0.165, "exposure_category": "low"}, "geometry": {"type": "Polygon", "coordinates": [[[-75.0808909, 38.3472542], [-75.0810074, 38.3472841], [-75.0810433, 38.3471982], [-75.0809268, 38.3471682], [-75.0808909, 38.3472542]]]}}, {"id": "248", "type": "Feature", "properties": {"id": "c662f897-f95b-49ce-bedb-76e3571dc2d7", "name": null, "subtype": null, "class": null, "height": null, "num_floors": null, "surge_class": 4, "surge_ft": 3.5, "flood_active": false, "exposure_score": 0.105, "exposure_category": "low"}, "geometry": {"type": "Polygon", "coordinates": [[[-75.0815232, 38.347811], [-75.0815487, 38.347818], [-75.0815768, 38.347755], [-75.0814134, 38.3477102], [-75.0813746, 38.3477972], [-75.0815125, 38.347835], [-75.0815232, 38.347811]]]}}, {"id": "249", "type": "Feature", "properties": {"id": "81a1b395-0a41-42cf-8c7a-134765f571aa", "name": null, "subtype": null, "class": null, "height": null, "num_floors": null, "surge_class": 4, "surge_ft": 3.5, "flood_active": false, "exposure_score": 0.105, "exposure_category": "low"}, "geometry": {"type": "Polygon", "coordinates": [[[-75.0817353, 38.3478998], [-75.0817968, 38.3478841], [-75.0817414, 38.34775], [-75.0816551, 38.3477719], [-75.0816746, 38.347819], [-75.0815902, 38.3478404], [-75.0816257, 38.3479264], [-75.0816672, 38.3479159], [-75.0816825, 38.347953], [-75.0817501, 38.3479358], [-75.0817353, 38.3478998]]]}}, {"id": "250", "type": "Feature", "properties": {"id": "69d8dd99-34d7-4c72-bc36-9d1c136e7355", "name": null, "subtype": null, "class": null, "height": 4.888948440551758, "num_floors": null, "surge_class": 4, "surge_ft": 3.5, "flood_active": false, "exposure_score": 0.105, "exposure_category": "low"}, "geometry": {"type": "Polygon", "coordinates": [[[-75.0813368, 38.3474926], [-75.0815087, 38.3475398], [-75.0815471, 38.3474537], [-75.0813745, 38.3474063], [-75.0813597, 38.3474395], [-75.0813164, 38.3474276], [-75.0812835, 38.3475014], [-75.0813274, 38.3475135], [-75.0813368, 38.3474926]]]}}, {"id": "251", "type": "Feature", "properties": {"id": "481a53be-4fbe-42ae-b91b-574255722694", "name": null, "subtype": null, "class": null, "height": null, "num_floors": null, "surge_class": 5, "surge_ft": 4.5, "flood_active": false, "exposure_score": 0.135, "exposure_category": "low"}, "geometry": {"type": "Polygon", "coordinates": [[[-75.0814474, 38.3472426], [-75.0816414, 38.3472959], [-75.0816766, 38.3472168], [-75.0814826, 38.3471636], [-75.0814474, 38.3472426]]]}}, {"id": "252", "type": "Feature", "properties": {"id": "52ef0857-ac91-4941-a91a-db401ee8014d", "name": null, "subtype": null, "class": null, "height": null, "num_floors": null, "surge_class": 5, "surge_ft": 4.5, "flood_active": false, "exposure_score": 0.135, "exposure_category": "low"}, "geometry": {"type": "Polygon", "coordinates": [[[-75.0814196, 38.3473516], [-75.0816027, 38.3474019], [-75.0816384, 38.3473221], [-75.0814552, 38.3472718], [-75.0814196, 38.3473516]]]}}, {"id": "253", "type": "Feature", "properties": {"id": "14cf99ad-5941-471e-9a8e-f88e5c642c94", "name": null, "subtype": null, "class": null, "height": 4.539149284362793, "num_floors": null, "surge_class": 5, "surge_ft": 4.5, "flood_active": false, "exposure_score": 0.135, "exposure_category": "low"}, "geometry": {"type": "Polygon", "coordinates": [[[-75.0809925, 38.3466932], [-75.0811787, 38.346741], [-75.0812186, 38.3466455], [-75.0810324, 38.3465977], [-75.0809925, 38.3466932]]]}}, {"id": "254", "type": "Feature", "properties": {"id": "f7a9e105-b2ef-467f-bcc0-76820b58c632", "name": null, "subtype": null, "class": null, "height": 4.385453224182129, "num_floors": null, "surge_class": 6, "surge_ft": 5.5, "flood_active": false, "exposure_score": 0.165, "exposure_category": "low"}, "geometry": {"type": "Polygon", "coordinates": [[[-75.0810535, 38.3465541], [-75.0812261, 38.3465984], [-75.0812581, 38.3465219], [-75.0810855, 38.3464775], [-75.0810535, 38.3465541]]]}}, {"id": "255", "type": "Feature", "properties": {"id": "e5391fb9-8c4a-4782-a817-860ff3dcb184", "name": null, "subtype": null, "class": null, "height": null, "num_floors": null, "surge_class": 6, "surge_ft": 5.5, "flood_active": false, "exposure_score": 0.165, "exposure_category": "low"}, "geometry": {"type": "Polygon", "coordinates": [[[-75.0812742, 38.3465967], [-75.081315, 38.3466072], [-75.0813385, 38.346551], [-75.0812977, 38.3465405], [-75.0812742, 38.3465967]]]}}, {"id": "256", "type": "Feature", "properties": {"id": "cd439fcd-b3e2-4bb0-a706-49b0a08ffe0c", "name": null, "subtype": null, "class": null, "height": null, "num_floors": null, "surge_class": 4, "surge_ft": 3.5, "flood_active": false, "exposure_score": 0.105, "exposure_category": "low"}, "geometry": {"type": "Polygon", "coordinates": [[[-75.0815622, 38.3468444], [-75.0816845, 38.3468779], [-75.0817272, 38.3467822], [-75.0816049, 38.3467486], [-75.0815622, 38.3468444]]]}}, {"id": "257", "type": "Feature", "properties": {"id": "4f0bb477-4827-4cc3-8131-9920f64a9efd", "name": null, "subtype": null, "class": null, "height": null, "num_floors": null, "surge_class": 7, "surge_ft": 6.5, "flood_active": false, "exposure_score": 0.195, "exposure_category": "low"}, "geometry": {"type": "Polygon", "coordinates": [[[-75.0815117, 38.3469725], [-75.0816484, 38.34701], [-75.0816959, 38.3469036], [-75.0815592, 38.346866], [-75.0815117, 38.3469725]]]}}, {"id": "258", "type": "Feature", "properties": {"id": "102ab5cd-1361-4b9c-9f13-cc06a0a91279", "name": null, "subtype": null, "class": null, "height": 3.583493232727051, "num_floors": null, "surge_class": 5, "surge_ft": 4.5, "flood_active": false, "exposure_score": 0.135, "exposure_category": "low"}, "geometry": {"type": "Polygon", "coordinates": [[[-75.0816155, 38.3471377], [-75.0817599, 38.3471773], [-75.0818072, 38.3470714], [-75.0816628, 38.3470318], [-75.0816155, 38.3471377]]]}}, {"id": "259", "type": "Feature", "properties": {"id": "d6359758-5e9f-45c5-bb6e-b59c1573e954", "name": null, "subtype": null, "class": null, "height": null, "num_floors": null, "surge_class": 5, "surge_ft": 4.5, "flood_active": false, "exposure_score": 0.135, "exposure_category": "low"}, "geometry": {"type": "Polygon", "coordinates": [[[-75.0816865, 38.3470118], [-75.0818073, 38.347045], [-75.0818343, 38.3469845], [-75.0817135, 38.3469513], [-75.0816865, 38.3470118]]]}}, {"id": "260", "type": "Feature", "properties": {"id": "2b5d10c4-c8f7-40eb-88e7-917b8a7edac4", "name": null, "subtype": null, "class": null, "height": null, "num_floors": null, "surge_class": 4, "surge_ft": 3.5, "flood_active": false, "exposure_score": 0.105, "exposure_category": "low"}, "geometry": {"type": "Polygon", "coordinates": [[[-75.0817527, 38.3467987], [-75.0818467, 38.3468245], [-75.0818584, 38.3467985], [-75.0818774, 38.3468037], [-75.0819059, 38.3467398], [-75.0818821, 38.3467332], [-75.0818941, 38.3467063], [-75.0818049, 38.3466818], [-75.0817527, 38.3467987]]]}}, {"id": "261", "type": "Feature", "properties": {"id": "7536412c-4289-43f7-9427-7f3e65e024cb", "name": null, "subtype": null, "class": null, "height": 4.441219329833984, "num_floors": null, "surge_class": 6, "surge_ft": 5.5, "flood_active": false, "exposure_score": 0.165, "exposure_category": "low"}, "geometry": {"type": "Polygon", "coordinates": [[[-75.0817818, 38.3465966], [-75.0818987, 38.3466287], [-75.0819304, 38.3465577], [-75.0818135, 38.3465256], [-75.0817818, 38.3465966]]]}}, {"id": "262", "type": "Feature", "properties": {"id": "dfd3e051-7d11-4733-951c-e28e379440b3", "name": null, "subtype": null, "class": null, "height": null, "num_floors": null, "surge_class": 5, "surge_ft": 4.5, "flood_active": false, "exposure_score": 0.135, "exposure_category": "low"}, "geometry": {"type": "Polygon", "coordinates": [[[-75.0822565, 38.3465846], [-75.0823625, 38.3466206], [-75.0824099, 38.3465345], [-75.0823039, 38.3464986], [-75.0822565, 38.3465846]]]}}, {"id": "263", "type": "Feature", "properties": {"id": "a98c1d6a-5dae-4043-aa9b-e48e818ef01a", "name": null, "subtype": null, "class": null, "height": 3.8179733753204346, "num_floors": null, "surge_class": 5, "surge_ft": 4.5, "flood_active": false, "exposure_score": 0.135, "exposure_category": "low"}, "geometry": {"type": "Polygon", "coordinates": [[[-75.0822088, 38.3468573], [-75.0824292, 38.3469178], [-75.0824575, 38.3468544], [-75.0822371, 38.3467939], [-75.0822088, 38.3468573]]]}}, {"id": "264", "type": "Feature", "properties": {"id": "173874ab-ed38-4362-bf29-a664e7b4f18b", "name": null, "subtype": null, "class": null, "height": 4.4478373527526855, "num_floors": null, "surge_class": 4, "surge_ft": 3.5, "flood_active": false, "exposure_score": 0.105, "exposure_category": "low"}, "geometry": {"type": "Polygon", "coordinates": [[[-75.0821153, 38.3469911], [-75.08232, 38.3470473], [-75.0823687, 38.3469381], [-75.082164, 38.3468819], [-75.0821153, 38.3469911]]]}}, {"id": "265", "type": "Feature", "properties": {"id": "e76ae541-a4f5-4b4f-a7ff-d399ca29814a", "name": null, "subtype": null, "class": null, "height": 5.557268142700195, "num_floors": null, "surge_class": 5, "surge_ft": 4.5, "flood_active": false, "exposure_score": 0.135, "exposure_category": "low"}, "geometry": {"type": "Polygon", "coordinates": [[[-75.0820577, 38.3471204], [-75.0822555, 38.3471747], [-75.0822907, 38.3470958], [-75.0820928, 38.3470415], [-75.0820577, 38.3471204]]]}}, {"id": "266", "type": "Feature", "properties": {"id": "ea6a8e1a-c0d4-4b09-87b1-de4019eff2eb", "name": null, "subtype": null, "class": null, "height": 5.594604015350342, "num_floors": null, "surge_class": 4, "surge_ft": 3.5, "flood_active": false, "exposure_score": 0.105, "exposure_category": "low"}, "geometry": {"type": "Polygon", "coordinates": [[[-75.0819264, 38.3475025], [-75.0821774, 38.3475714], [-75.0822111, 38.3474957], [-75.0819602, 38.3474268], [-75.0819264, 38.3475025]]]}}, {"id": "267", "type": "Feature", "properties": {"id": "26b5dcf4-341e-4a56-b64f-6ed74c6e4611", "name": null, "subtype": null, "class": null, "height": 4.353096961975098, "num_floors": null, "surge_class": 4, "surge_ft": 3.5, "flood_active": false, "exposure_score": 0.105, "exposure_category": "low"}, "geometry": {"type": "Polygon", "coordinates": [[[-75.0819855, 38.3473812], [-75.082209, 38.3474425], [-75.0822532, 38.3473434], [-75.0820297, 38.3472821], [-75.0819855, 38.3473812]]]}}, {"id": "268", "type": "Feature", "properties": {"id": "cfe5d20c-37f5-46cf-a8f7-dc90ed3c505c", "name": null, "subtype": null, "class": null, "height": null, "num_floors": null, "surge_class": 4, "surge_ft": 3.5, "flood_active": false, "exposure_score": 0.105, "exposure_category": "low"}, "geometry": {"type": "Polygon", "coordinates": [[[-75.0820144, 38.3472451], [-75.0821614, 38.3472854], [-75.0822037, 38.3471906], [-75.0820567, 38.3471503], [-75.0820144, 38.3472451]]]}}, {"id": "269", "type": "Feature", "properties": {"id": "66ed4edf-210d-4379-a690-79cd6dbf1923", "name": null, "subtype": null, "class": null, "height": 4.926947116851807, "num_floors": null, "surge_class": 4, "surge_ft": 3.5, "flood_active": false, "exposure_score": 0.105, "exposure_category": "low"}, "geometry": {"type": "Polygon", "coordinates": [[[-75.0820559, 38.3476625], [-75.0821078, 38.3476767], [-75.0821421, 38.3475998], [-75.0818785, 38.3475275], [-75.0818469, 38.3475984], [-75.0819338, 38.3476223], [-75.0819188, 38.3476559], [-75.0820435, 38.3476902], [-75.0820559, 38.3476625]]]}}, {"id": "270", "type": "Feature", "properties": {"id": "d0e6500f-6aef-4817-b6a9-fe046233e369", "name": null, "subtype": null, "class": null, "height": 5.031853675842285, "num_floors": null, "surge_class": 4, "surge_ft": 3.5, "flood_active": false, "exposure_score": 0.105, "exposure_category": "low"}, "geometry": {"type": "Polygon", "coordinates": [[[-75.0818412, 38.3476776], [-75.0818092, 38.3477494], [-75.0820353, 38.3478115], [-75.082055, 38.3477675], [-75.0820247, 38.3477592], [-75.0820371, 38.3477314], [-75.0818412, 38.3476776]]]}}, {"id": "271", "type": "Feature", "properties": {"id": "2dc60b34-705a-47fa-aba4-ee496afea618", "name": null, "subtype": null, "class": null, "height": 7.138631343841553, "num_floors": null, "surge_class": 4, "surge_ft": 3.5, "flood_active": false, "exposure_score": 0.105, "exposure_category": "low"}, "geometry": {"type": "Polygon", "coordinates": [[[-75.0813668, 38.3487274], [-75.0814159, 38.3487744], [-75.0815616, 38.3486808], [-75.0815022, 38.3486238], [-75.0815184, 38.3486134], [-75.0814718, 38.3485688], [-75.0814533, 38.3485807], [-75.0814178, 38.3485467], [-75.0812925, 38.3486272], [-75.0813603, 38.3486921], [-75.0813857, 38.3486758], [-75.0814103, 38.3486994], [-75.0813668, 38.3487274]]]}}, {"id": "272", "type": "Feature", "properties": {"id": "af4003af-89a3-4ad3-9ece-454890a9facf", "name": null, "subtype": null, "class": null, "height": 5.982153415679932, "num_floors": null, "surge_class": 4, "surge_ft": 3.5, "flood_active": false, "exposure_score": 0.105, "exposure_category": "low"}, "geometry": {"type": "Polygon", "coordinates": [[[-75.0811489, 38.3490733], [-75.0811908, 38.3490601], [-75.0812264, 38.3490695], [-75.0812117, 38.3491037], [-75.0813564, 38.349142], [-75.0813711, 38.3491077], [-75.0814003, 38.3491154], [-75.0814235, 38.3490616], [-75.0813821, 38.3490507], [-75.0813966, 38.3490169], [-75.0812262, 38.3489718], [-75.0811146, 38.349008], [-75.0811489, 38.3490733]]]}}, {"id": "273", "type": "Feature", "properties": {"id": "42987bdc-d390-4d3e-86b4-b85b0d93422e", "name": null, "subtype": null, "class": null, "height": 5.001516819000244, "num_floors": null, "surge_class": 4, "surge_ft": 3.5, "flood_active": false, "exposure_score": 0.105, "exposure_category": "low"}, "geometry": {"type": "Polygon", "coordinates": [[[-75.0810894, 38.3492669], [-75.0811928, 38.3492946], [-75.0812194, 38.3492334], [-75.0811702, 38.3492203], [-75.0812003, 38.349151], [-75.081035, 38.3491068], [-75.0809841, 38.3492237], [-75.0810953, 38.3492534], [-75.0810894, 38.3492669]]]}}, {"id": "274", "type": "Feature", "properties": {"id": "1c254d36-4d61-43db-a3d8-a458212fec34", "name": null, "subtype": null, "class": null, "height": 6.5773701667785645, "num_floors": null, "surge_class": 4, "surge_ft": 3.5, "flood_active": false, "exposure_score": 0.105, "exposure_category": "low"}, "geometry": {"type": "Polygon", "coordinates": [[[-75.0812665, 38.3489489], [-75.0814464, 38.348997], [-75.0814973, 38.34888], [-75.0813802, 38.3488486], [-75.0813627, 38.3488889], [-75.081315, 38.3488761], [-75.0812985, 38.348914], [-75.0812835, 38.34891], [-75.0812665, 38.3489489]]]}}, {"id": "275", "type": "Feature", "properties": {"id": "9689d5f5-9580-48f3-9aa3-5f07185e5df5", "name": null, "subtype": null, "class": null, "height": 6.177021026611328, "num_floors": null, "surge_class": 3, "surge_ft": 2.5, "flood_active": false, "exposure_score": 0.075, "exposure_category": "low"}, "geometry": {"type": "Polygon", "coordinates": [[[-75.0809859, 38.3486742], [-75.0810475, 38.3488226], [-75.0811197, 38.3488042], [-75.0810957, 38.3487462], [-75.0812092, 38.3487173], [-75.0811931, 38.3486785], [-75.0812299, 38.3486692], [-75.0812085, 38.3486175], [-75.0809859, 38.3486742]]]}}, {"id": "276", "type": "Feature", "properties": {"id": "90a69199-76ae-4c46-80ae-bd6492ef2107", "name": null, "subtype": null, "class": null, "height": 4.547140121459961, "num_floors": null, "surge_class": 4, "surge_ft": 3.5, "flood_active": false, "exposure_score": 0.105, "exposure_category": "low"}, "geometry": {"type": "Polygon", "coordinates": [[[-75.0810812, 38.3481579], [-75.0811853, 38.3481494], [-75.0811692, 38.3480277], [-75.081024, 38.3480395], [-75.081034, 38.3481158], [-75.0810752, 38.3481124], [-75.0810812, 38.3481579]]]}}, {"id": "277", "type": "Feature", "properties": {"id": "3f18ea79-196b-47c5-b9b9-b51aacce76dc", "name": null, "subtype": null, "class": null, "height": 4.335053443908691, "num_floors": null, "surge_class": 4, "surge_ft": 3.5, "flood_active": false, "exposure_score": 0.105, "exposure_category": "low"}, "geometry": {"type": "Polygon", "coordinates": [[[-75.0808668, 38.3480938], [-75.0809523, 38.3480869], [-75.0809405, 38.3479979], [-75.0807597, 38.3480126], [-75.0807684, 38.348078], [-75.0808636, 38.3480702], [-75.0808668, 38.3480938]]]}}, {"id": "278", "type": "Feature", "properties": {"id": "19d0055c-5aca-4e85-b72a-5bdd27336067", "name": null, "subtype": null, "class": null, "height": 4.9353556632995605, "num_floors": null, "surge_class": 4, "surge_ft": 3.5, "flood_active": false, "exposure_score": 0.105, "exposure_category": "low"}, "geometry": {"type": "Polygon", "coordinates": [[[-75.0808957, 38.3483008], [-75.0809498, 38.3483639], [-75.0810759, 38.3482975], [-75.0810218, 38.3482344], [-75.0808957, 38.3483008]]]}}, {"id": "279", "type": "Feature", "properties": {"id": "508ec33f-d9d7-4740-8d8f-2ee75baf23f9", "name": null, "subtype": null, "class": null, "height": 5.669418811798096, "num_floors": null, "surge_class": 4, "surge_ft": 3.5, "flood_active": false, "exposure_score": 0.105, "exposure_category": "low"}, "geometry": {"type": "Polygon", "coordinates": [[[-75.0806705, 38.3483232], [-75.0806846, 38.3484294], [-75.080797, 38.3484202], [-75.0807941, 38.3483977], [-75.0808507, 38.3483931], [-75.0808396, 38.3483095], [-75.0806705, 38.3483232]]]}}, {"id": "280", "type": "Feature", "properties": {"id": "7f808176-ae2f-4688-90a1-c91c1ce2a556", "name": null, "subtype": null, "class": null, "height": 5.242467880249023, "num_floors": null, "surge_class": 4, "surge_ft": 3.5, "flood_active": false, "exposure_score": 0.105, "exposure_category": "low"}, "geometry": {"type": "Polygon", "coordinates": [[[-75.0804473, 38.3483557], [-75.0804628, 38.3484733], [-75.0806422, 38.3484587], [-75.0806267, 38.3483411], [-75.0804473, 38.3483557]]]}}, {"id": "281", "type": "Feature", "properties": {"id": "48c1d74b-7951-40d6-8657-6260bbd2f7d9", "name": null, "subtype": null, "class": null, "height": 4.356325149536133, "num_floors": null, "surge_class": 3, "surge_ft": 2.5, "flood_active": false, "exposure_score": 0.075, "exposure_category": "low"}, "geometry": {"type": "Polygon", "coordinates": [[[-75.0805588, 38.3480973], [-75.0807291, 38.3480834], [-75.0807136, 38.3479669], [-75.0805434, 38.3479808], [-75.0805588, 38.3480973]]]}}, {"id": "282", "type": "Feature", "properties": {"id": "d00680a3-e01a-42c4-9f97-4f2d8cb4e048", "name": null, "subtype": null, "class": null, "height": null, "num_floors": null, "surge_class": 4, "surge_ft": 3.5, "flood_active": false, "exposure_score": 0.105, "exposure_category": "low"}, "geometry": {"type": "Polygon", "coordinates": [[[-75.0804582, 38.3481158], [-75.0805272, 38.3481102], [-75.0805078, 38.3479636], [-75.0804388, 38.3479692], [-75.0804582, 38.3481158]]]}}, {"id": "283", "type": "Feature", "properties": {"id": "3d644483-00ee-447c-b63c-03f5802fbb89", "name": null, "subtype": null, "class": null, "height": 4.070316791534424, "num_floors": null, "surge_class": 3, "surge_ft": 2.5, "flood_active": false, "exposure_score": 0.075, "exposure_category": "low"}, "geometry": {"type": "Polygon", "coordinates": [[[-75.080154, 38.3481454], [-75.0803087, 38.3481328], [-75.0802825, 38.3479345], [-75.0801277, 38.3479471], [-75.080154, 38.3481454]]]}}, {"id": "284", "type": "Feature", "properties": {"id": "10de9348-156e-4e33-a900-bd700641e0cc", "name": null, "subtype": null, "class": null, "height": 4.75670862197876, "num_floors": null, "surge_class": 4, "surge_ft": 3.5, "flood_active": false, "exposure_score": 0.105, "exposure_category": "low"}, "geometry": {"type": "Polygon", "coordinates": [[[-75.0799458, 38.3490966], [-75.0799574, 38.3491628], [-75.0800582, 38.349152], [-75.0800472, 38.3490886], [-75.0801142, 38.3490814], [-75.0800954, 38.3489737], [-75.0800603, 38.3489775], [-75.0800515, 38.3489274], [-75.0799901, 38.348934], [-75.0799963, 38.3489698], [-75.0799575, 38.348974], [-75.0799648, 38.3490158], [-75.0799465, 38.3490178], [-75.07996, 38.3490951], [-75.0799458, 38.3490966]]]}}, {"id": "285", "type": "Feature", "properties": {"id": "3f6a48ed-73b6-44ae-b0cf-05d2ee0c3ccf", "name": null, "subtype": null, "class": null, "height": 4.257497787475586, "num_floors": null, "surge_class": 3, "surge_ft": 2.5, "flood_active": false, "exposure_score": 0.075, "exposure_category": "low"}, "geometry": {"type": "Polygon", "coordinates": [[[-75.0797505, 38.3490396], [-75.0797464, 38.3491964], [-75.0798481, 38.349198], [-75.0798497, 38.3491378], [-75.079908, 38.3491387], [-75.0799123, 38.3489715], [-75.0797905, 38.3489696], [-75.0797887, 38.3490402], [-75.0797505, 38.3490396]]]}}, {"id": "286", "type": "Feature", "properties": {"id": "240aee79-57f8-4b94-8769-9ec987831ad9", "name": null, "subtype": null, "class": null, "height": 4.802439212799072, "num_floors": null, "surge_class": 4, "surge_ft": 3.5, "flood_active": false, "exposure_score": 0.105, "exposure_category": "low"}, "geometry": {"type": "Polygon", "coordinates": [[[-75.0803047, 38.3490955], [-75.0803887, 38.3490741], [-75.0803425, 38.3489625], [-75.0802513, 38.3489857], [-75.0802427, 38.3489651], [-75.0801761, 38.348982], [-75.0801866, 38.3490073], [-75.0801653, 38.3490127], [-75.0802051, 38.3491088], [-75.0803002, 38.3490846], [-75.0803047, 38.3490955]]]}}, {"id": "287", "type": "Feature", "properties": {"id": "aca451c1-2874-4355-a67c-056244d8e810", "name": null, "subtype": null, "class": null, "height": null, "num_floors": null, "surge_class": 3, "surge_ft": 2.5, "flood_active": false, "exposure_score": 0.075, "exposure_category": "low"}, "geometry": {"type": "Polygon", "coordinates": [[[-75.08052, 38.3489577], [-75.0805524, 38.3490359], [-75.0806635, 38.3490076], [-75.0806566, 38.348991], [-75.0808311, 38.3489465], [-75.0807838, 38.3488324], [-75.0806602, 38.3488638], [-75.0806747, 38.3488988], [-75.0806132, 38.3489145], [-75.0806205, 38.3489321], [-75.08052, 38.3489577]]]}}, {"id": "288", "type": "Feature", "properties": {"id": "57a97e97-c8cb-40f2-9e3a-bc5877acb2ec", "name": null, "subtype": null, "class": null, "height": 5.98478889465332, "num_floors": null, "surge_class": 3, "surge_ft": 2.5, "flood_active": false, "exposure_score": 0.075, "exposure_category": "low"}, "geometry": {"type": "Polygon", "coordinates": [[[-75.0808223, 38.3487408], [-75.0808875, 38.3488982], [-75.0809699, 38.3488772], [-75.0809594, 38.3488518], [-75.0810062, 38.3488398], [-75.0809515, 38.3487079], [-75.0808223, 38.3487408]]]}}, {"id": "289", "type": "Feature", "properties": {"id": "590e6f66-d145-4eef-87e3-d3a348df9110", "name": null, "subtype": null, "class": null, "height": 4.873915672302246, "num_floors": null, "surge_class": 3, "surge_ft": 2.5, "flood_active": false, "exposure_score": 0.075, "exposure_category": "low"}, "geometry": {"type": "Polygon", "coordinates": [[[-75.0810798, 38.3493997], [-75.0811518, 38.349419], [-75.08119, 38.3493311], [-75.0809624, 38.3492703], [-75.0809369, 38.3493287], [-75.0809859, 38.3493419], [-75.0809545, 38.3494141], [-75.0810611, 38.3494426], [-75.0810798, 38.3493997]]]}}, {"id": "290", "type": "Feature", "properties": {"id": "fb8733c1-0ece-4797-b7f8-9d34fbd9263e", "name": null, "subtype": null, "class": null, "height": 5.912089824676514, "num_floors": null, "surge_class": 3, "surge_ft": 2.5, "flood_active": false, "exposure_score": 0.075, "exposure_category": "low"}, "geometry": {"type": "Polygon", "coordinates": [[[-75.0809101, 38.3495901], [-75.0810482, 38.349627], [-75.0810677, 38.3495823], [-75.0810819, 38.3495861], [-75.0811221, 38.3494936], [-75.080879, 38.3494286], [-75.0808452, 38.3495064], [-75.0809359, 38.3495307], [-75.0809101, 38.3495901]]]}}, {"id": "291", "type": "Feature", "properties": {"id": "d5de5997-6b53-4532-9b2e-84dccafd5024", "name": null, "subtype": null, "class": null, "height": 4.342989444732666, "num_floors": null, "surge_class": 3, "surge_ft": 2.5, "flood_active": false, "exposure_score": 0.075, "exposure_category": "low"}, "geometry": {"type": "Polygon", "coordinates": [[[-75.0808528, 38.3497638], [-75.0809997, 38.3498031], [-75.0810201, 38.3497562], [-75.0809838, 38.3497465], [-75.0810183, 38.3496672], [-75.0808858, 38.3496317], [-75.0808538, 38.3497052], [-75.0808757, 38.3497111], [-75.0808528, 38.3497638]]]}}, {"id": "292", "type": "Feature", "properties": {"id": "3ee4e957-b32e-40da-9c8f-6c3bad97a143", "name": null, "subtype": null, "class": null, "height": null, "num_floors": null, "surge_class": 3, "surge_ft": 2.5, "flood_active": false, "exposure_score": 0.075, "exposure_category": "low"}, "geometry": {"type": "Polygon", "coordinates": [[[-75.0809225, 38.3498601], [-75.0809687, 38.3498725], [-75.0809836, 38.3498382], [-75.0807195, 38.3497676], [-75.080695, 38.3498237], [-75.0808123, 38.3498551], [-75.080778, 38.3499338], [-75.0808787, 38.3499608], [-75.0809225, 38.3498601]]]}}, {"id": "293", "type": "Feature", "properties": {"id": "5586f2fe-2a72-4e04-b20e-c057c385a0d4", "name": null, "subtype": null, "class": null, "height": 4.448073863983154, "num_floors": null, "surge_class": 4, "surge_ft": 3.5, "flood_active": false, "exposure_score": 0.105, "exposure_category": "low"}, "geometry": {"type": "Polygon", "coordinates": [[[-75.0803983, 38.3494646], [-75.0805655, 38.3495093], [-75.0806149, 38.3493958], [-75.0804477, 38.3493511], [-75.0803983, 38.3494646]]]}}, {"id": "294", "type": "Feature", "properties": {"id": "f889d5d0-e9f9-4eb0-b204-e77ed192eb79", "name": null, "subtype": null, "class": null, "height": 3.660492420196533, "num_floors": null, "surge_class": 4, "surge_ft": 3.5, "flood_active": false, "exposure_score": 0.105, "exposure_category": "low"}, "geometry": {"type": "Polygon", "coordinates": [[[-75.0800809, 38.3493899], [-75.0803382, 38.3494587], [-75.080388, 38.3493442], [-75.0802875, 38.3493174], [-75.0802751, 38.3493459], [-75.0801864, 38.3493222], [-75.0801677, 38.3493652], [-75.0800995, 38.349347], [-75.0800809, 38.3493899]]]}}, {"id": "295", "type": "Feature", "properties": {"id": "1363f123-d6d2-47d2-bfaf-5c59d313c91b", "name": null, "subtype": null, "class": null, "height": 4.412031173706055, "num_floors": null, "surge_class": 4, "surge_ft": 3.5, "flood_active": false, "exposure_score": 0.105, "exposure_category": "low"}, "geometry": {"type": "Polygon", "coordinates": [[[-75.07996, 38.3497489], [-75.0800118, 38.3497627], [-75.0800588, 38.3496546], [-75.0799861, 38.3496352], [-75.0799824, 38.3496437], [-75.0799356, 38.3496311], [-75.0799412, 38.3496183], [-75.0798499, 38.3495939], [-75.0798312, 38.3496367], [-75.0798448, 38.3496403], [-75.079815, 38.349709], [-75.079842, 38.3497162], [-75.0798341, 38.3497343], [-75.0798677, 38.3497433], [-75.0798529, 38.3497773], [-75.0799378, 38.3498], [-75.07996, 38.3497489]]]}}, {"id": "296", "type": "Feature", "properties": {"id": "194ce659-1e61-4f35-ab04-e4a957066b2b", "name": null, "subtype": null, "class": null, "height": 5.010457992553711, "num_floors": null, "surge_class": 4, "surge_ft": 3.5, "flood_active": false, "exposure_score": 0.105, "exposure_category": "low"}, "geometry": {"type": "Polygon", "coordinates": [[[-75.0800482, 38.3499219], [-75.0803001, 38.3499892], [-75.0803318, 38.3499164], [-75.0802428, 38.3498926], [-75.0802592, 38.349855], [-75.0802025, 38.3498398], [-75.0802117, 38.3498186], [-75.0801527, 38.3498028], [-75.0801435, 38.349824], [-75.0801119, 38.3498155], [-75.0800862, 38.3498746], [-75.0800706, 38.3498704], [-75.0800482, 38.3499219]]]}}, {"id": "297", "type": "Feature", "properties": {"id": "825417b4-93c2-43b6-ba81-2325f6e097cd", "name": null, "subtype": null, "class": null, "height": null, "num_floors": null, "surge_class": 4, "surge_ft": 3.5, "flood_active": false, "exposure_score": 0.105, "exposure_category": "low"}, "geometry": {"type": "Polygon", "coordinates": [[[-75.0800538, 38.3497476], [-75.0801903, 38.3497841], [-75.0802209, 38.3497139], [-75.0801795, 38.3497029], [-75.0801933, 38.3496712], [-75.0800981, 38.3496457], [-75.0800538, 38.3497476]]]}}, {"id": "298", "type": "Feature", "properties": {"id": "337ea589-3515-4d6a-ae8b-9d283d6959ae", "name": null, "subtype": null, "class": null, "height": null, "num_floors": null, "surge_class": 4, "surge_ft": 3.5, "flood_active": false, "exposure_score": 0.105, "exposure_category": "low"}, "geometry": {"type": "Polygon", "coordinates": [[[-75.0802663, 38.3498099], [-75.0803143, 38.3498224], [-75.080325, 38.3497971], [-75.0802771, 38.3497845], [-75.0802663, 38.3498099]]]}}, {"id": "299", "type": "Feature", "properties": {"id": "25322924-0a15-4a1b-9989-3f602606b220", "name": null, "subtype": null, "class": null, "height": 3.916588306427002, "num_floors": null, "surge_class": 5, "surge_ft": 4.5, "flood_active": false, "exposure_score": 0.135, "exposure_category": "low"}, "geometry": {"type": "Polygon", "coordinates": [[[-75.0800614, 38.3501277], [-75.0802244, 38.3501713], [-75.0802854, 38.3500311], [-75.080094, 38.34998], [-75.0800722, 38.3500302], [-75.0801477, 38.3500504], [-75.0801303, 38.3500903], [-75.0800832, 38.3500777], [-75.0800614, 38.3501277]]]}}, {"id": "300", "type": "Feature", "properties": {"id": "a143cb13-9763-4f05-9023-d361ff2ffaca", "name": null, "subtype": null, "class": null, "height": 4.715674877166748, "num_floors": null, "surge_class": 4, "surge_ft": 3.5, "flood_active": false, "exposure_score": 0.105, "exposure_category": "low"}, "geometry": {"type": "Polygon", "coordinates": [[[-75.0799328, 38.3502783], [-75.0801328, 38.3503318], [-75.0801617, 38.3502652], [-75.0800866, 38.3502451], [-75.0801145, 38.3501809], [-75.0799897, 38.3501475], [-75.0799328, 38.3502783]]]}}, {"id": "301", "type": "Feature", "properties": {"id": "85651b0f-57a2-48a8-8c05-c6fc92613335", "name": null, "subtype": null, "class": null, "height": 5.06400203704834, "num_floors": null, "surge_class": 4, "surge_ft": 3.5, "flood_active": false, "exposure_score": 0.105, "exposure_category": "low"}, "geometry": {"type": "Polygon", "coordinates": [[[-75.0798831, 38.3504554], [-75.0800691, 38.3505051], [-75.0801258, 38.3503746], [-75.079969, 38.3503327], [-75.0799578, 38.3503585], [-75.0799286, 38.3503507], [-75.0798831, 38.3504554]]]}}, {"id": "302", "type": "Feature", "properties": {"id": "e6bebec4-dbe6-43b0-830b-45903c72b1e1", "name": null, "subtype": null, "class": null, "height": 5.0069260597229, "num_floors": null, "surge_class": 4, "surge_ft": 3.5, "flood_active": false, "exposure_score": 0.105, "exposure_category": "low"}, "geometry": {"type": "Polygon", "coordinates": [[[-75.0798581, 38.3506374], [-75.0800108, 38.3506782], [-75.0800694, 38.3505434], [-75.0799167, 38.3505026], [-75.0798581, 38.3506374]]]}}, {"id": "303", "type": "Feature", "properties": {"id": "057f8cd3-f47d-4490-b0a2-3d6760482765", "name": null, "subtype": null, "class": null, "height": 4.279520511627197, "num_floors": null, "surge_class": 4, "surge_ft": 3.5, "flood_active": false, "exposure_score": 0.105, "exposure_category": "low"}, "geometry": {"type": "Polygon", "coordinates": [[[-75.0802883, 38.3507406], [-75.0805521, 38.3508112], [-75.0805692, 38.3507719], [-75.0805218, 38.3507593], [-75.0805591, 38.3506736], [-75.0803419, 38.3506155], [-75.0803197, 38.3506664], [-75.0803464, 38.3506736], [-75.0803292, 38.3507131], [-75.0803033, 38.3507062], [-75.0802883, 38.3507406]]]}}, {"id": "304", "type": "Feature", "properties": {"id": "8e77e26b-7b63-46a6-bd7e-64648f0e7180", "name": null, "subtype": null, "class": null, "height": 5.05115270614624, "num_floors": null, "surge_class": 4, "surge_ft": 3.5, "flood_active": false, "exposure_score": 0.105, "exposure_category": "low"}, "geometry": {"type": "Polygon", "coordinates": [[[-75.0804699, 38.3504121], [-75.0807163, 38.350478], [-75.0807671, 38.3503611], [-75.0807204, 38.3503486], [-75.0807258, 38.3503363], [-75.0805005, 38.350276], [-75.080467, 38.3503529], [-75.0804927, 38.3503597], [-75.0804699, 38.3504121]]]}}, {"id": "305", "type": "Feature", "properties": {"id": "9a958ff1-2595-481d-ba9a-bea717284d5a", "name": null, "subtype": null, "class": null, "height": 4.587104797363281, "num_floors": null, "surge_class": 4, "surge_ft": 3.5, "flood_active": false, "exposure_score": 0.105, "exposure_category": "low"}, "geometry": {"type": "Polygon", "coordinates": [[[-75.0803687, 38.3505782], [-75.0805469, 38.3506259], [-75.0805661, 38.3505817], [-75.0805847, 38.3505866], [-75.0806235, 38.3504975], [-75.0804514, 38.3504515], [-75.0804278, 38.3505059], [-75.0804725, 38.3505178], [-75.0804606, 38.3505453], [-75.0803911, 38.3505267], [-75.0803687, 38.3505782]]]}}, {"id": "306", "type": "Feature", "properties": {"id": "57095ce3-bf8f-4bc2-a6d4-61979a6ef892", "name": null, "subtype": null, "class": null, "height": 4.532864093780518, "num_floors": null, "surge_class": 4, "surge_ft": 3.5, "flood_active": false, "exposure_score": 0.105, "exposure_category": "low"}, "geometry": {"type": "Polygon", "coordinates": [[[-75.080579, 38.3500788], [-75.0808506, 38.3501514], [-75.0809069, 38.3500221], [-75.0807211, 38.3499724], [-75.0806933, 38.3500363], [-75.0806074, 38.3500133], [-75.080579, 38.3500788]]]}}, {"id": "307", "type": "Feature", "properties": {"id": "ec5eaa03-9545-4057-ad63-b65b6d265496", "name": null, "subtype": null, "class": null, "height": 5.814364433288574, "num_floors": null, "surge_class": 4, "surge_ft": 3.5, "flood_active": false, "exposure_score": 0.105, "exposure_category": "low"}, "geometry": {"type": "Polygon", "coordinates": [[[-75.0806293, 38.3502637], [-75.0808135, 38.350313], [-75.0808654, 38.3501937], [-75.080697, 38.3501486], [-75.0807005, 38.3501406], [-75.0805773, 38.3501077], [-75.0805476, 38.350176], [-75.0806549, 38.3502047], [-75.0806293, 38.3502637]]]}}, {"id": "308", "type": "Feature", "properties": {"id": "a63dbe08-a119-44b5-8c01-a1e8db902428", "name": null, "subtype": null, "class": null, "height": 3.3381643295288086, "num_floors": null, "surge_class": 4, "surge_ft": 3.5, "flood_active": false, "exposure_score": 0.105, "exposure_category": "low"}, "geometry": {"type": "Polygon", "coordinates": [[[-75.0823342, 38.3496463], [-75.082333, 38.3496652], [-75.0823946, 38.3496675], [-75.0823957, 38.3496486], [-75.0823342, 38.3496463]]]}}, {"id": "309", "type": "Feature", "properties": {"id": "b9904cc8-abfc-434b-94c5-380bb3ae77fb", "name": null, "subtype": null, "class": null, "height": 3.539651393890381, "num_floors": null, "surge_class": 4, "surge_ft": 3.5, "flood_active": false, "exposure_score": 0.105, "exposure_category": "low"}, "geometry": {"type": "Polygon", "coordinates": [[[-75.0822022, 38.3500182], [-75.0824046, 38.3500194], [-75.082406, 38.3498865], [-75.0823231, 38.349886], [-75.0823239, 38.3498061], [-75.08244, 38.3498068], [-75.0824408, 38.349725], [-75.082347, 38.3497244], [-75.0823472, 38.3497007], [-75.0821101, 38.3496993], [-75.0821092, 38.3497957], [-75.0822018, 38.3497963], [-75.0822004, 38.3499319], [-75.0821687, 38.3499317], [-75.0821681, 38.3499897], [-75.0822025, 38.3499899], [-75.0822022, 38.3500182]]]}}, {"id": "310", "type": "Feature", "properties": {"id": "30cb3cb6-416f-4910-b6dc-6d4beb31294b", "name": null, "subtype": null, "class": null, "height": null, "num_floors": null, "surge_class": 4, "surge_ft": 3.5, "flood_active": false, "exposure_score": 0.105, "exposure_category": "low"}, "geometry": {"type": "Polygon", "coordinates": [[[-75.0826177, 38.3506955], [-75.0827079, 38.3506522], [-75.0826088, 38.3505253], [-75.0825868, 38.3505359], [-75.082455, 38.3503671], [-75.0823446, 38.3504201], [-75.0824981, 38.3506166], [-75.0825403, 38.3505963], [-75.0826177, 38.3506955]]]}}, {"id": "311", "type": "Feature", "properties": {"id": "bb0e2273-6590-41ac-b514-db3c7f612426", "name": null, "subtype": null, "class": null, "height": 5.690196990966797, "num_floors": null, "surge_class": 3, "surge_ft": 2.5, "flood_active": false, "exposure_score": 0.075, "exposure_category": "low"}, "geometry": {"type": "Polygon", "coordinates": [[[-75.0822517, 38.3502869], [-75.0825268, 38.3502514], [-75.0825124, 38.3501828], [-75.0824216, 38.3501945], [-75.0824075, 38.350127], [-75.0823566, 38.3501336], [-75.0823526, 38.3501142], [-75.0822191, 38.3501314], [-75.0822517, 38.3502869]]]}}, {"id": "312", "type": "Feature", "properties": {"id": "bdda2b80-6a79-4c82-9e87-f647b8300c74", "name": null, "subtype": null, "class": null, "height": null, "num_floors": null, "surge_class": 4, "surge_ft": 3.5, "flood_active": false, "exposure_score": 0.105, "exposure_category": "low"}, "geometry": {"type": "Polygon", "coordinates": [[[-75.0828347, 38.3501115], [-75.082952, 38.3501228], [-75.0829729, 38.3499896], [-75.0827778, 38.3499708], [-75.0827658, 38.3500474], [-75.0828436, 38.3500549], [-75.0828347, 38.3501115]]]}}, {"id": "313", "type": "Feature", "properties": {"id": "0909c422-ee36-4c0d-9c5d-65b0d67688d8", "name": null, "subtype": null, "class": null, "height": null, "num_floors": null, "surge_class": 4, "surge_ft": 3.5, "flood_active": false, "exposure_score": 0.105, "exposure_category": "low"}, "geometry": {"type": "Polygon", "coordinates": [[[-75.0828314, 38.3503248], [-75.0829507, 38.3503014], [-75.082906, 38.3501617], [-75.0827868, 38.3501851], [-75.0828314, 38.3503248]]]}}, {"id": "314", "type": "Feature", "properties": {"id": "467748dd-17fa-4c27-ac3f-8c4e122903dd", "name": null, "subtype": null, "class": null, "height": null, "num_floors": null, "surge_class": 4, "surge_ft": 3.5, "flood_active": false, "exposure_score": 0.105, "exposure_category": "low"}, "geometry": {"type": "Polygon", "coordinates": [[[-75.083104, 38.3501634], [-75.083311, 38.3501736], [-75.0833152, 38.3501209], [-75.083337, 38.3501219], [-75.0833457, 38.3500132], [-75.0832046, 38.3500063], [-75.0832027, 38.350029], [-75.0831912, 38.3500284], [-75.083186, 38.3500929], [-75.08311, 38.3500891], [-75.083104, 38.3501634]]]}}, {"id": "315", "type": "Feature", "properties": {"id": "bb2282c3-d4e5-4bb5-8a76-a0cada1e7495", "name": null, "subtype": null, "class": null, "height": null, "num_floors": null, "surge_class": 3, "surge_ft": 2.5, "flood_active": false, "exposure_score": 0.075, "exposure_category": "low"}, "geometry": {"type": "Polygon", "coordinates": [[[-75.0831545, 38.3499522], [-75.0833489, 38.3499648], [-75.083365, 38.349814], [-75.0832472, 38.3498063], [-75.0832389, 38.349885], [-75.0831622, 38.34988], [-75.0831545, 38.3499522]]]}}, {"id": "316", "type": "Feature", "properties": {"id": "c0e1727c-b852-4124-866a-5324922174bb", "name": null, "subtype": null, "class": null, "height": 4.604782581329346, "num_floors": null, "surge_class": 3, "surge_ft": 2.5, "flood_active": false, "exposure_score": 0.075, "exposure_category": "low"}, "geometry": {"type": "Polygon", "coordinates": [[[-75.0832052, 38.3496561], [-75.0833703, 38.349664], [-75.0833897, 38.3494163], [-75.083254, 38.3494098], [-75.0832516, 38.3494398], [-75.083186, 38.3494366], [-75.0831804, 38.3495078], [-75.0832166, 38.3495095], [-75.0832052, 38.3496561]]]}}, {"id": "317", "type": "Feature", "properties": {"id": "9333c5b4-e2d6-4b15-bed3-76856aeb3b67", "name": null, "subtype": null, "class": null, "height": 3.969778299331665, "num_floors": null, "surge_class": 4, "surge_ft": 3.5, "flood_active": false, "exposure_score": 0.105, "exposure_category": "low"}, "geometry": {"type": "Polygon", "coordinates": [[[-75.0827916, 38.3495211], [-75.0830102, 38.3495349], [-75.083017, 38.3494693], [-75.0829367, 38.3494642], [-75.0829402, 38.3494299], [-75.0830225, 38.3494351], [-75.0830297, 38.3493649], [-75.0828107, 38.349351], [-75.0828031, 38.3494245], [-75.0828445, 38.3494271], [-75.082842, 38.3494506], [-75.0827991, 38.3494479], [-75.0827916, 38.3495211]]]}}, {"id": "318", "type": "Feature", "properties": {"id": "6461e963-e919-44f1-8bf4-9928299b9fc1", "name": null, "subtype": null, "class": null, "height": null, "num_floors": null, "surge_class": 4, "surge_ft": 3.5, "flood_active": false, "exposure_score": 0.105, "exposure_category": "low"}, "geometry": {"type": "Polygon", "coordinates": [[[-75.0828006, 38.3497239], [-75.08292, 38.3497283], [-75.082929, 38.3495778], [-75.0828095, 38.3495734], [-75.0828006, 38.3497239]]]}}, {"id": "319", "type": "Feature", "properties": {"id": "334be63b-76c7-41fc-8307-14389202c990", "name": null, "subtype": null, "class": null, "height": 4.7823357582092285, "num_floors": null, "surge_class": 4, "surge_ft": 3.5, "flood_active": false, "exposure_score": 0.105, "exposure_category": "low"}, "geometry": {"type": "Polygon", "coordinates": [[[-75.0828031, 38.3499208], [-75.0829781, 38.349923], [-75.082981, 38.3497778], [-75.0829294, 38.3497771], [-75.0829292, 38.3497892], [-75.0827887, 38.3497875], [-75.0827876, 38.3498419], [-75.0828047, 38.3498422], [-75.0828031, 38.3499208]]]}}, {"id": "320", "type": "Feature", "properties": {"id": "8b4ad232-e2d7-43ec-a838-c4948bb242b4", "name": null, "subtype": null, "class": null, "height": 3.7292518615722656, "num_floors": null, "surge_class": 4, "surge_ft": 3.5, "flood_active": false, "exposure_score": 0.105, "exposure_category": "low"}, "geometry": {"type": "Polygon", "coordinates": [[[-75.0825455, 38.3495294], [-75.0822788, 38.3495137], [-75.0822677, 38.3496287], [-75.0822651, 38.3496559], [-75.0823068, 38.3496584], [-75.082308, 38.3496458], [-75.0824637, 38.349655], [-75.0824658, 38.3496332], [-75.0824648, 38.3496332], [-75.082468, 38.3495997], [-75.0824893, 38.3496009], [-75.0824914, 38.3495788], [-75.0825405, 38.3495817], [-75.0825455, 38.3495294]]]}}, {"id": "321", "type": "Feature", "properties": {"id": "fdc066ea-3dfe-40c7-8050-425f1ae961f7", "name": null, "subtype": null, "class": null, "height": 5.334970474243164, "num_floors": null, "surge_class": 4, "surge_ft": 3.5, "flood_active": false, "exposure_score": 0.105, "exposure_category": "low"}, "geometry": {"type": "Polygon", "coordinates": [[[-75.0824546, 38.349361], [-75.0824193, 38.349325], [-75.0824527, 38.3491632], [-75.0822904, 38.3491427], [-75.0822695, 38.349244], [-75.0822574, 38.3492424], [-75.0822339, 38.3493566], [-75.0823715, 38.349374], [-75.0823934, 38.3493965], [-75.0823813, 38.3494038], [-75.0824487, 38.3494726], [-75.0825383, 38.3494186], [-75.0824717, 38.3493507], [-75.0824546, 38.349361]]]}}, {"id": "322", "type": "Feature", "properties": {"id": "eeee159d-f2c5-42f4-85ab-2f60a18d6e7b", "name": null, "subtype": null, "class": null, "height": 4.485895156860352, "num_floors": null, "surge_class": 3, "surge_ft": 2.5, "flood_active": false, "exposure_score": 0.075, "exposure_category": "low"}, "geometry": {"type": "Polygon", "coordinates": [[[-75.0826319, 38.3486743], [-75.0826698, 38.3485636], [-75.0825281, 38.3485338], [-75.0824791, 38.3486768], [-75.082423, 38.348665], [-75.0824041, 38.3487202], [-75.0825055, 38.3487416], [-75.0825005, 38.348756], [-75.0825944, 38.3487758], [-75.0826216, 38.3486964], [-75.0825836, 38.3486884], [-75.0825913, 38.3486658], [-75.0826319, 38.3486743]]]}}, {"id": "323", "type": "Feature", "properties": {"id": "fcf56789-4f3f-4594-845a-97dc2ed4d541", "name": null, "subtype": null, "class": null, "height": 4.822248458862305, "num_floors": null, "surge_class": 2, "surge_ft": 1.5, "flood_active": false, "exposure_score": 0.045, "exposure_category": "low"}, "geometry": {"type": "Polygon", "coordinates": [[[-75.0823201, 38.3490365], [-75.0825468, 38.3490731], [-75.0825637, 38.3490084], [-75.0825128, 38.3490002], [-75.0825249, 38.3489543], [-75.0826158, 38.348969], [-75.0826357, 38.3488931], [-75.0823799, 38.3488519], [-75.0823668, 38.348902], [-75.0823124, 38.3488932], [-75.0822992, 38.3489436], [-75.0823426, 38.3489506], [-75.0823201, 38.3490365]]]}}, {"id": "324", "type": "Feature", "properties": {"id": "3a221360-f315-4319-92a8-f3d968db1b75", "name": null, "subtype": null, "class": null, "height": 4.667078971862793, "num_floors": null, "surge_class": 4, "surge_ft": 3.5, "flood_active": false, "exposure_score": 0.105, "exposure_category": "low"}, "geometry": {"type": "Polygon", "coordinates": [[[-75.0827302, 38.3482797], [-75.0828532, 38.3483153], [-75.0829048, 38.3482056], [-75.0827818, 38.34817], [-75.0827302, 38.3482797]]]}}, {"id": "325", "type": "Feature", "properties": {"id": "e91c3339-6ab4-48f7-9af0-3622e3af68bc", "name": null, "subtype": null, "class": null, "height": 6.320831775665283, "num_floors": null, "surge_class": 5, "surge_ft": 4.5, "flood_active": false, "exposure_score": 0.135, "exposure_category": "low"}, "geometry": {"type": "Polygon", "coordinates": [[[-75.0827279, 38.348507], [-75.0827917, 38.3483495], [-75.0826333, 38.3483101], [-75.0825838, 38.3484324], [-75.082613, 38.3484397], [-75.0825988, 38.3484748], [-75.0827279, 38.348507]]]}}, {"id": "326", "type": "Feature", "properties": {"id": "35da7a1b-2d36-4c5a-93de-5c10d37ff32a", "name": null, "subtype": null, "class": null, "height": 5.268525123596191, "num_floors": null, "surge_class": 3, "surge_ft": 2.5, "flood_active": false, "exposure_score": 0.075, "exposure_category": "low"}, "geometry": {"type": "Polygon", "coordinates": [[[-75.0830382, 38.3486467], [-75.0831891, 38.348687], [-75.0832541, 38.3485374], [-75.0831032, 38.3484971], [-75.0830382, 38.3486467]]]}}, {"id": "327", "type": "Feature", "properties": {"id": "29f1177c-de5d-414e-8079-51f5bb357e97", "name": null, "subtype": null, "class": null, "height": 5.0036091804504395, "num_floors": null, "surge_class": 3, "surge_ft": 2.5, "flood_active": false, "exposure_score": 0.075, "exposure_category": "low"}, "geometry": {"type": "Polygon", "coordinates": [[[-75.0830983, 38.3484365], [-75.0832848, 38.3484878], [-75.0833251, 38.3483979], [-75.0833427, 38.3484027], [-75.0833649, 38.3483529], [-75.0832056, 38.3483091], [-75.083172, 38.3483843], [-75.0831272, 38.348372], [-75.0830983, 38.3484365]]]}}, {"id": "328", "type": "Feature", "properties": {"id": "d6fa4c2a-27f3-4e46-a957-aed56b3be495", "name": null, "subtype": null, "class": null, "height": 4.446942329406738, "num_floors": null, "surge_class": 3, "surge_ft": 2.5, "flood_active": false, "exposure_score": 0.075, "exposure_category": "low"}, "geometry": {"type": "Polygon", "coordinates": [[[-75.0833971, 38.3482273], [-75.0834309, 38.3482384], [-75.083472, 38.3481614], [-75.0832967, 38.3481038], [-75.0832309, 38.3482269], [-75.0833724, 38.3482734], [-75.0833971, 38.3482273]]]}}, {"id": "329", "type": "Feature", "properties": {"id": "455483c1-de74-45d0-8b09-ed6ffe5c0fb2", "name": null, "subtype": null, "class": null, "height": null, "num_floors": null, "surge_class": 4, "surge_ft": 3.5, "flood_active": false, "exposure_score": 0.105, "exposure_category": "low"}, "geometry": {"type": "Polygon", "coordinates": [[[-75.0835252, 38.348015], [-75.0835821, 38.3480344], [-75.0836169, 38.3479719], [-75.08357, 38.3479558], [-75.0835788, 38.3479398], [-75.0834786, 38.3479056], [-75.0834523, 38.3479529], [-75.0834142, 38.3479398], [-75.083377, 38.3480068], [-75.0834079, 38.3480174], [-75.0833841, 38.3480601], [-75.0834816, 38.3480934], [-75.0835252, 38.348015]]]}}, {"id": "330", "type": "Feature", "properties": {"id": "052b7178-a8c4-47c4-be1f-29519f075079", "name": null, "subtype": null, "class": null, "height": null, "num_floors": null, "surge_class": 3, "surge_ft": 2.5, "flood_active": false, "exposure_score": 0.075, "exposure_category": "low"}, "geometry": {"type": "Polygon", "coordinates": [[[-75.0834189, 38.3482849], [-75.0834046, 38.3483117], [-75.0834604, 38.3483301], [-75.0834748, 38.3483033], [-75.0834189, 38.3482849]]]}}, {"id": "331", "type": "Feature", "properties": {"id": "32594dc2-0abf-4a45-8807-9ba69022772e", "name": null, "subtype": null, "class": null, "height": 3.9356541633605957, "num_floors": null, "surge_class": 3, "surge_ft": 2.5, "flood_active": false, "exposure_score": 0.075, "exposure_category": "low"}, "geometry": {"type": "Polygon", "coordinates": [[[-75.0834691, 38.3485562], [-75.0836639, 38.3486145], [-75.083686, 38.348569], [-75.0836736, 38.3485653], [-75.0837238, 38.3484622], [-75.0835448, 38.3484086], [-75.0835213, 38.3484569], [-75.0835583, 38.3484679], [-75.0835383, 38.348509], [-75.0835529, 38.3485134], [-75.0835446, 38.3485303], [-75.0834897, 38.3485139], [-75.0834691, 38.3485562]]]}}, {"id": "332", "type": "Feature", "properties": {"id": "e0bba9d9-99db-4900-afef-52a1bf86b87b", "name": null, "subtype": null, "class": null, "height": null, "num_floors": null, "surge_class": 4, "surge_ft": 3.5, "flood_active": false, "exposure_score": 0.105, "exposure_category": "low"}, "geometry": {"type": "Polygon", "coordinates": [[[-75.0834032, 38.3489538], [-75.0834966, 38.348976], [-75.0835363, 38.3488736], [-75.0835077, 38.3488668], [-75.0835181, 38.3488399], [-75.0834583, 38.3488256], [-75.0834845, 38.3487581], [-75.0833818, 38.3487336], [-75.0833504, 38.3488145], [-75.0834236, 38.3488319], [-75.0833943, 38.3489075], [-75.0833371, 38.3488938], [-75.0833136, 38.3489542], [-75.0833955, 38.3489737], [-75.0834032, 38.3489538]]]}}, {"id": "333", "type": "Feature", "properties": {"id": "07f1c65a-bc29-4d58-ac29-6e5629dc7cee", "name": null, "subtype": null, "class": null, "height": null, "num_floors": null, "surge_class": 3, "surge_ft": 2.5, "flood_active": false, "exposure_score": 0.075, "exposure_category": "low"}, "geometry": {"type": "Polygon", "coordinates": [[[-75.0830444, 38.3488639], [-75.0831375, 38.3488809], [-75.0831628, 38.348796], [-75.0830976, 38.3487841], [-75.0831133, 38.3487314], [-75.083002, 38.348711], [-75.0829864, 38.3487634], [-75.0829654, 38.3487595], [-75.0829434, 38.3488334], [-75.0830478, 38.3488525], [-75.0830444, 38.3488639]]]}}, {"id": "334", "type": "Feature", "properties": {"id": "0286c074-48c5-4108-92c0-214ee6371d92", "name": null, "subtype": null, "class": null, "height": 4.683487892150879, "num_floors": null, "surge_class": 3, "surge_ft": 2.5, "flood_active": false, "exposure_score": 0.075, "exposure_category": "low"}, "geometry": {"type": "Polygon", "coordinates": [[[-75.0828764, 38.3490876], [-75.0831074, 38.3491141], [-75.0831205, 38.3490441], [-75.0830271, 38.3490333], [-75.0830448, 38.3489383], [-75.0829072, 38.3489225], [-75.0828764, 38.3490876]]]}}, {"id": "335", "type": "Feature", "properties": {"id": "ea231cef-2bfe-4698-a227-f9c992f27822", "name": null, "subtype": null, "class": null, "height": null, "num_floors": null, "surge_class": 4, "surge_ft": 3.5, "flood_active": false, "exposure_score": 0.105, "exposure_category": "low"}, "geometry": {"type": "Polygon", "coordinates": [[[-75.0830294, 38.3492128], [-75.0831002, 38.3492177], [-75.0831073, 38.3491546], [-75.082919, 38.3491415], [-75.0828995, 38.3493135], [-75.0830171, 38.3493217], [-75.0830294, 38.3492128]]]}}, {"id": "336", "type": "Feature", "properties": {"id": "84fa4620-6249-4399-b716-9d49fba96430", "name": null, "subtype": null, "class": null, "height": 5.017291069030762, "num_floors": null, "surge_class": 4, "surge_ft": 3.5, "flood_active": false, "exposure_score": 0.105, "exposure_category": "low"}, "geometry": {"type": "Polygon", "coordinates": [[[-75.0835274, 38.349233], [-75.0833945, 38.349223], [-75.0833768, 38.3493668], [-75.0834751, 38.3493742], [-75.083481, 38.3493263], [-75.0835156, 38.3493289], [-75.0835274, 38.349233]]]}}, {"id": "337", "type": "Feature", "properties": {"id": "074322c7-ba06-43b5-99e8-0101b01a9838", "name": null, "subtype": null, "class": null, "height": null, "num_floors": null, "surge_class": 4, "surge_ft": 3.5, "flood_active": false, "exposure_score": 0.105, "exposure_category": "low"}, "geometry": {"type": "Polygon", "coordinates": [[[-75.0833213, 38.3491465], [-75.0834464, 38.3491634], [-75.0834775, 38.3490226], [-75.0833524, 38.3490056], [-75.0833213, 38.3491465]]]}}, {"id": "338", "type": "Feature", "properties": {"id": "48ff48cc-abf2-41d5-9d57-52a0600440eb", "name": null, "subtype": null, "class": null, "height": 3.4347543716430664, "num_floors": null, "surge_class": 3, "surge_ft": 2.5, "flood_active": false, "exposure_score": 0.075, "exposure_category": "low"}, "geometry": {"type": "Polygon", "coordinates": [[[-75.0838549, 38.3491128], [-75.0839921, 38.3491419], [-75.0840093, 38.3490919], [-75.0839562, 38.3490807], [-75.083961, 38.3490666], [-75.0839826, 38.3490712], [-75.0840187, 38.3489664], [-75.0840491, 38.3489728], [-75.084076, 38.3488948], [-75.08394, 38.348866], [-75.0838549, 38.3491128]]]}}, {"id": "339", "type": "Feature", "properties": {"id": "d16e027c-fcf8-4f0f-b7e8-f1a727e142ad", "name": null, "subtype": null, "class": null, "height": null, "num_floors": null, "surge_class": 3, "surge_ft": 2.5, "flood_active": false, "exposure_score": 0.075, "exposure_category": "low"}, "geometry": {"type": "Polygon", "coordinates": [[[-75.0835829, 38.3483494], [-75.0837794, 38.3484128], [-75.0838164, 38.3483424], [-75.0837823, 38.3483314], [-75.0838102, 38.3482781], [-75.0836938, 38.3482406], [-75.0836554, 38.3483138], [-75.0836094, 38.348299], [-75.0835829, 38.3483494]]]}}, {"id": "340", "type": "Feature", "properties": {"id": "910e2614-204f-47f3-bbc2-8a8faeb34ae1", "name": null, "subtype": null, "class": null, "height": 4.666179656982422, "num_floors": null, "surge_class": 3, "surge_ft": 2.5, "flood_active": false, "exposure_score": 0.075, "exposure_category": "low"}, "geometry": {"type": "Polygon", "coordinates": [[[-75.083692, 38.348172], [-75.0838795, 38.3482366], [-75.0838949, 38.3482091], [-75.0839126, 38.3482152], [-75.0839636, 38.3481242], [-75.0838537, 38.3480863], [-75.0838293, 38.3481299], [-75.0837341, 38.348097], [-75.083692, 38.348172]]]}}, {"id": "341", "type": "Feature", "properties": {"id": "c3f4d67e-a552-4bb6-9dfb-ca8dce478897", "name": null, "subtype": null, "class": null, "height": 5.390446186065674, "num_floors": null, "surge_class": 3, "surge_ft": 2.5, "flood_active": false, "exposure_score": 0.075, "exposure_category": "low"}, "geometry": {"type": "Polygon", "coordinates": [[[-75.0838554, 38.3479427], [-75.0840065, 38.348022], [-75.0840674, 38.3479506], [-75.0840988, 38.3479671], [-75.0841518, 38.3479049], [-75.0840506, 38.3478517], [-75.0840295, 38.3478765], [-75.0839866, 38.347854], [-75.0839261, 38.3479249], [-75.0838878, 38.3479048], [-75.0838554, 38.3479427]]]}}, {"id": "342", "type": "Feature", "properties": {"id": "708bea8a-2179-423e-afef-c244cd93e4c0", "name": null, "subtype": null, "class": null, "height": 5.369349479675293, "num_floors": null, "surge_class": 3, "surge_ft": 2.5, "flood_active": false, "exposure_score": 0.075, "exposure_category": "low"}, "geometry": {"type": "Polygon", "coordinates": [[[-75.0841354, 38.3486952], [-75.0841784, 38.3487088], [-75.0842726, 38.3485251], [-75.0840788, 38.3484639], [-75.0840538, 38.3485125], [-75.0840791, 38.3485205], [-75.0840371, 38.3486025], [-75.0840112, 38.3485943], [-75.0839722, 38.3486704], [-75.0840551, 38.3486966], [-75.0840405, 38.348725], [-75.084109, 38.3487466], [-75.0841354, 38.3486952]]]}}, {"id": "343", "type": "Feature", "properties": {"id": "aa7184cc-0b8e-45f7-a1fa-e0a4936ae1dc", "name": null, "subtype": null, "class": null, "height": 4.874196529388428, "num_floors": null, "surge_class": 3, "surge_ft": 2.5, "flood_active": false, "exposure_score": 0.075, "exposure_category": "low"}, "geometry": {"type": "Polygon", "coordinates": [[[-75.084241, 38.3484095], [-75.0843341, 38.3484615], [-75.0843827, 38.3484079], [-75.0843078, 38.3483661], [-75.08442, 38.3482427], [-75.0844413, 38.3482546], [-75.0844905, 38.3482004], [-75.0843312, 38.3481114], [-75.0841347, 38.3483279], [-75.0842544, 38.3483947], [-75.084241, 38.3484095]]]}}, {"id": "344", "type": "Feature", "properties": {"id": "51b7a667-6396-4f02-97ac-76d572ad3461", "name": null, "subtype": null, "class": null, "height": 5.22348165512085, "num_floors": null, "surge_class": 2, "surge_ft": 1.5, "flood_active": false, "exposure_score": 0.045, "exposure_category": "low"}, "geometry": {"type": "Polygon", "coordinates": [[[-75.084396, 38.3480743], [-75.0845539, 38.3481736], [-75.084602, 38.3481266], [-75.0845704, 38.3481067], [-75.0845845, 38.348093], [-75.0846136, 38.3481114], [-75.0846625, 38.3480636], [-75.084621, 38.3480375], [-75.0846709, 38.3479887], [-75.0846934, 38.3480029], [-75.0847466, 38.3479508], [-75.0845925, 38.3478538], [-75.0843951, 38.3480467], [-75.0844129, 38.3480579], [-75.084396, 38.3480743]]]}}, {"id": "345", "type": "Feature", "properties": {"id": "bad6f247-9baa-42f1-861b-a7a335cc570f", "name": null, "subtype": null, "class": null, "height": 6.48132848739624, "num_floors": null, "surge_class": 3, "surge_ft": 2.5, "flood_active": false, "exposure_score": 0.075, "exposure_category": "low"}, "geometry": {"type": "Polygon", "coordinates": [[[-75.0839551, 38.3495186], [-75.0840821, 38.3495278], [-75.0841182, 38.3492224], [-75.083897, 38.3492063], [-75.0838871, 38.3492895], [-75.0839157, 38.3492915], [-75.0838949, 38.3494675], [-75.0838559, 38.3494646], [-75.0838506, 38.349509], [-75.0839145, 38.3495137], [-75.0839175, 38.3494885], [-75.0839584, 38.3494915], [-75.0839551, 38.3495186]]]}}, {"id": "346", "type": "Feature", "properties": {"id": "d84e8bc6-f13c-4a9b-ac58-332a2e6ce967", "name": null, "subtype": null, "class": null, "height": 5.492152214050293, "num_floors": null, "surge_class": 3, "surge_ft": 2.5, "flood_active": false, "exposure_score": 0.075, "exposure_category": "low"}, "geometry": {"type": "Polygon", "coordinates": [[[-75.0837788, 38.3496784], [-75.0840643, 38.3496987], [-75.0840805, 38.3495589], [-75.0839341, 38.3495485], [-75.0839261, 38.3496176], [-75.083787, 38.3496077], [-75.0837788, 38.3496784]]]}}, {"id": "347", "type": "Feature", "properties": {"id": "04cc2df4-cfbf-4687-bd6e-31ca9363f6db", "name": null, "subtype": null, "class": null, "height": null, "num_floors": null, "surge_class": 2, "surge_ft": 1.5, "flood_active": false, "exposure_score": 0.045, "exposure_category": "low"}, "geometry": {"type": "Polygon", "coordinates": [[[-75.0837544, 38.3497642], [-75.0837933, 38.3498636], [-75.0837832, 38.3499504], [-75.0837655, 38.3499492], [-75.083761, 38.3499883], [-75.0837753, 38.3499893], [-75.0837717, 38.3500204], [-75.0840085, 38.3500372], [-75.0840224, 38.349917], [-75.0838383, 38.349904], [-75.0838437, 38.3498568], [-75.0838926, 38.349845], [-75.0838518, 38.3497408], [-75.0837544, 38.3497642]]]}}, {"id": "348", "type": "Feature", "properties": {"id": "6cac3f56-1e22-4e2a-98a5-8be9ef7213c5", "name": null, "subtype": null, "class": null, "height": 2.0472867488861084, "num_floors": null, "surge_class": 4, "surge_ft": 3.5, "flood_active": false, "exposure_score": 0.105, "exposure_category": "low"}, "geometry": {"type": "Polygon", "coordinates": [[[-75.0836276, 38.3501784], [-75.0838735, 38.3502366], [-75.0838893, 38.3502493], [-75.0839144, 38.3502622], [-75.0839441, 38.3502671], [-75.0839663, 38.3502651], [-75.0839912, 38.3502563], [-75.0840146, 38.3502376], [-75.0840247, 38.3502197], [-75.0840273, 38.3501997], [-75.0840167, 38.3501713], [-75.0840011, 38.350156], [-75.0839773, 38.350144], [-75.0839514, 38.3501393], [-75.0839291, 38.3501405], [-75.0839085, 38.3501442], [-75.0836631, 38.3500862], [-75.0836276, 38.3501784]]]}}, {"id": "349", "type": "Feature", "properties": {"id": "9f8b861e-b822-47ee-a3f8-851aba9f5202", "name": null, "subtype": null, "class": null, "height": null, "num_floors": null, "surge_class": 2, "surge_ft": 1.5, "flood_active": false, "exposure_score": 0.045, "exposure_category": "low"}, "geometry": {"type": "Polygon", "coordinates": [[[-75.0837648, 38.3504442], [-75.0838704, 38.3504816], [-75.0839515, 38.3503409], [-75.083794, 38.350285], [-75.0837542, 38.3503542], [-75.0837866, 38.3503657], [-75.0837676, 38.3503987], [-75.083787, 38.3504056], [-75.0837648, 38.3504442]]]}}, {"id": "350", "type": "Feature", "properties": {"id": "b6c936ed-df54-489b-a631-7325830be31e", "name": null, "subtype": null, "class": null, "height": 7.458882808685303, "num_floors": null, "surge_class": 4, "surge_ft": 3.5, "flood_active": false, "exposure_score": 0.105, "exposure_category": "low"}, "geometry": {"type": "Polygon", "coordinates": [[[-75.0835592, 38.3506074], [-75.0837487, 38.3506802], [-75.0838236, 38.3505604], [-75.0836341, 38.3504876], [-75.0835592, 38.3506074]]]}}, {"id": "351", "type": "Feature", "properties": {"id": "16ed2d7a-97aa-4007-b64b-860e0453a622", "name": null, "subtype": null, "class": null, "height": null, "num_floors": null, "surge_class": 6, "surge_ft": 5.5, "flood_active": false, "exposure_score": 0.165, "exposure_category": "low"}, "geometry": {"type": "Polygon", "coordinates": [[[-75.0845717, 38.3512137], [-75.0846092, 38.3512683], [-75.084694, 38.3512326], [-75.0846566, 38.3511779], [-75.0845717, 38.3512137]]]}}, {"id": "352", "type": "Feature", "properties": {"id": "607158d2-5218-49b1-a004-d8348b16e2f7", "name": null, "subtype": null, "class": null, "height": 2.9000298976898193, "num_floors": null, "surge_class": 2, "surge_ft": 1.5, "flood_active": false, "exposure_score": 0.045, "exposure_category": "low"}, "geometry": {"type": "Polygon", "coordinates": [[[-75.0843081, 38.3515858], [-75.0843703, 38.3516419], [-75.0845187, 38.3515409], [-75.0844767, 38.351503], [-75.0845433, 38.3514577], [-75.0844625, 38.3513847], [-75.0844123, 38.3514189], [-75.0844223, 38.351428], [-75.084352, 38.3514758], [-75.0842871, 38.3514172], [-75.0842264, 38.3514586], [-75.0841854, 38.3514865], [-75.0842723, 38.351565], [-75.0842924, 38.3515513], [-75.0843209, 38.351577], [-75.0843081, 38.3515858]]]}}, {"id": "353", "type": "Feature", "properties": {"id": "248c2b30-ad02-45a4-b90f-a5a98b32a6ff", "name": null, "subtype": null, "class": null, "height": null, "num_floors": null, "surge_class": 2, "surge_ft": 1.5, "flood_active": false, "exposure_score": 0.045, "exposure_category": "low"}, "geometry": {"type": "Polygon", "coordinates": [[[-75.0832014, 38.3508474], [-75.0832514, 38.3508338], [-75.0831728, 38.3506559], [-75.0830861, 38.3506795], [-75.0831168, 38.3507489], [-75.0829824, 38.3507854], [-75.0830309, 38.3508951], [-75.0831046, 38.350875], [-75.0831217, 38.3509136], [-75.0832189, 38.3508872], [-75.0832014, 38.3508474]]]}}, {"id": "354", "type": "Feature", "properties": {"id": "78bfdb51-fe00-41e6-a4f6-ad16986c3067", "name": null, "subtype": null, "class": null, "height": 6.310652732849121, "num_floors": null, "surge_class": 3, "surge_ft": 2.5, "flood_active": false, "exposure_score": 0.075, "exposure_category": "low"}, "geometry": {"type": "Polygon", "coordinates": [[[-75.0828956, 38.3509547], [-75.0829189, 38.3509557], [-75.0829263, 38.3508503], [-75.0828323, 38.3508462], [-75.08283, 38.3508784], [-75.0826059, 38.3508686], [-75.0826031, 38.350907], [-75.0825683, 38.3509055], [-75.0825607, 38.3510131], [-75.0828004, 38.3510235], [-75.0828016, 38.3510064], [-75.0828916, 38.3510104], [-75.0828956, 38.3509547]]]}}, {"id": "355", "type": "Feature", "properties": {"id": "ef88cc02-a3c5-421d-9831-b71a08f3fa4b", "name": null, "subtype": null, "class": null, "height": 4.957204818725586, "num_floors": null, "surge_class": 4, "surge_ft": 3.5, "flood_active": false, "exposure_score": 0.105, "exposure_category": "low"}, "geometry": {"type": "Polygon", "coordinates": [[[-75.0802285, 38.3509171], [-75.0803996, 38.3509628], [-75.0804187, 38.3509188], [-75.0804505, 38.3509273], [-75.0804768, 38.350867], [-75.0804473, 38.3508591], [-75.08046, 38.35083], [-75.0802866, 38.3507836], [-75.0802285, 38.3509171]]]}}, {"id": "356", "type": "Feature", "properties": {"id": "97dbd805-0814-4539-a134-8384a99f29b7", "name": null, "subtype": null, "class": null, "height": 4.445746898651123, "num_floors": null, "surge_class": 4, "surge_ft": 3.5, "flood_active": false, "exposure_score": 0.105, "exposure_category": "low"}, "geometry": {"type": "Polygon", "coordinates": [[[-75.0797893, 38.3507995], [-75.0798875, 38.3508258], [-75.0799067, 38.3507817], [-75.079954, 38.3507944], [-75.0799913, 38.3507085], [-75.0797886, 38.3506542], [-75.0797509, 38.3507409], [-75.0798081, 38.3507562], [-75.0797893, 38.3507995]]]}}, {"id": "357", "type": "Feature", "properties": {"id": "b0806e87-553f-43fc-b040-2a7a188c7f49", "name": null, "subtype": null, "class": null, "height": 4.825979709625244, "num_floors": null, "surge_class": 4, "surge_ft": 3.5, "flood_active": false, "exposure_score": 0.105, "exposure_category": "low"}, "geometry": {"type": "Polygon", "coordinates": [[[-75.0797562, 38.3509887], [-75.0798503, 38.3510104], [-75.0798644, 38.3509726], [-75.0798744, 38.3509749], [-75.0799128, 38.3508725], [-75.079785, 38.350843], [-75.079769, 38.3508857], [-75.0797418, 38.3508794], [-75.0797179, 38.3509432], [-75.0797688, 38.350955], [-75.0797562, 38.3509887]]]}}, {"id": "358", "type": "Feature", "properties": {"id": "e352bc43-ea04-4963-8d13-dd3f94b8ec62", "name": null, "subtype": null, "class": null, "height": 4.248894214630127, "num_floors": null, "surge_class": 4, "surge_ft": 3.5, "flood_active": false, "exposure_score": 0.105, "exposure_category": "low"}, "geometry": {"type": "Polygon", "coordinates": [[[-75.0801067, 38.3513287], [-75.0800936, 38.3513972], [-75.0803252, 38.3514245], [-75.0803446, 38.3513233], [-75.0802048, 38.3513069], [-75.0801986, 38.3513395], [-75.0801067, 38.3513287]]]}}, {"id": "359", "type": "Feature", "properties": {"id": "dd4dc4af-1d8b-44a3-a9bd-69369df2c149", "name": null, "subtype": null, "class": null, "height": 4.190250873565674, "num_floors": null, "surge_class": 3, "surge_ft": 2.5, "flood_active": false, "exposure_score": 0.075, "exposure_category": "low"}, "geometry": {"type": "Polygon", "coordinates": [[[-75.0801259, 38.3511763], [-75.0802827, 38.3512183], [-75.0803747, 38.3510066], [-75.08029, 38.350984], [-75.0802718, 38.3510257], [-75.0801998, 38.3510065], [-75.0801259, 38.3511763]]]}}, {"id": "360", "type": "Feature", "properties": {"id": "9216cd91-8c4c-4ae1-a644-8b7f779b1733", "name": null, "subtype": null, "class": null, "height": 4.226937770843506, "num_floors": null, "surge_class": 0, "surge_ft": 0.0, "flood_active": false, "exposure_score": 0.0, "exposure_category": "none"}, "geometry": {"type": "Polygon", "coordinates": [[[-75.0801349, 38.3516392], [-75.0800828, 38.351594], [-75.0798651, 38.3515865], [-75.0798629, 38.3516259], [-75.0797816, 38.3516231], [-75.0797771, 38.3517047], [-75.0800865, 38.3517153], [-75.0801349, 38.3516392]]]}}, {"id": "361", "type": "Feature", "properties": {"id": "c2fdbe6d-0652-4b1d-93df-41f23c587ac7", "name": null, "subtype": null, "class": null, "height": 3.4588921070098877, "num_floors": null, "surge_class": 2, "surge_ft": 1.5, "flood_active": false, "exposure_score": 0.045, "exposure_category": "low"}, "geometry": {"type": "Polygon", "coordinates": [[[-75.0848687, 38.3592659], [-75.0850967, 38.3592444], [-75.0850142, 38.3587083], [-75.0847862, 38.3587299], [-75.0848687, 38.3592659]]]}}, {"id": "362", "type": "Feature", "properties": {"id": "67a89d01-0fc9-49fe-ab63-985bc586ec9f", "name": null, "subtype": null, "class": null, "height": 3.108595371246338, "num_floors": null, "surge_class": 2, "surge_ft": 1.5, "flood_active": false, "exposure_score": 0.045, "exposure_category": "low"}, "geometry": {"type": "Polygon", "coordinates": [[[-75.0849014, 38.3594119], [-75.085106, 38.3593932], [-75.0850881, 38.3592724], [-75.0848834, 38.3592912], [-75.0849014, 38.3594119]]]}}, {"id": "363", "type": "Feature", "properties": {"id": "7cd51e4f-8f72-4dd0-87ab-568343d1ad48", "name": null, "subtype": null, "class": null, "height": 3.159823417663574, "num_floors": null, "surge_class": 2, "surge_ft": 1.5, "flood_active": false, "exposure_score": 0.045, "exposure_category": "low"}, "geometry": {"type": "Polygon", "coordinates": [[[-75.0849249, 38.3595622], [-75.0851288, 38.3595435], [-75.0851102, 38.3594181], [-75.0849062, 38.3594368], [-75.0849249, 38.3595622]]]}}, {"id": "364", "type": "Feature", "properties": {"id": "f60d54ec-dcf6-4eab-b255-d29a584db971", "name": null, "subtype": null, "class": null, "height": 4.745891571044922, "num_floors": null, "surge_class": 2, "surge_ft": 1.5, "flood_active": false, "exposure_score": 0.045, "exposure_category": "low"}, "geometry": {"type": "Polygon", "coordinates": [[[-75.084938, 38.359747], [-75.0851845, 38.3597244], [-75.0851682, 38.3596146], [-75.0849216, 38.3596371], [-75.084938, 38.359747]]]}}, {"id": "365", "type": "Feature", "properties": {"id": "f569325b-380d-409c-b3b9-9bc62a2aba58", "name": null, "subtype": null, "class": null, "height": 4.1448445320129395, "num_floors": null, "surge_class": 2, "surge_ft": 1.5, "flood_active": false, "exposure_score": 0.045, "exposure_category": "low"}, "geometry": {"type": "Polygon", "coordinates": [[[-75.0849813, 38.3598795], [-75.0852227, 38.3598574], [-75.0852068, 38.3597504], [-75.0849654, 38.3597725], [-75.0849813, 38.3598795]]]}}, {"id": "366", "type": "Feature", "properties": {"id": "baf103cb-0b58-4193-8104-12f68b5d180d", "name": null, "subtype": null, "class": null, "height": 4.353158950805664, "num_floors": null, "surge_class": 3, "surge_ft": 2.5, "flood_active": false, "exposure_score": 0.075, "exposure_category": "low"}, "geometry": {"type": "Polygon", "coordinates": [[[-75.0851213, 38.3601296], [-75.0852576, 38.3601177], [-75.0852261, 38.3598958], [-75.0850834, 38.3599083], [-75.0850819, 38.3598979], [-75.0850274, 38.3599027], [-75.0850357, 38.3599607], [-75.085082, 38.3599566], [-75.085101, 38.3600905], [-75.085056, 38.3600944], [-75.0850633, 38.3601462], [-75.085123, 38.360141], [-75.0851213, 38.3601296]]]}}, {"id": "367", "type": "Feature", "properties": {"id": "fd1e366e-07e1-484d-84be-fca7afd9bbad", "name": null, "subtype": null, "class": null, "height": 6.099067211151123, "num_floors": null, "surge_class": 3, "surge_ft": 2.5, "flood_active": false, "exposure_score": 0.075, "exposure_category": "low"}, "geometry": {"type": "Polygon", "coordinates": [[[-75.0799845, 38.3598904], [-75.0801252, 38.3599268], [-75.0803666, 38.3593537], [-75.0802259, 38.3593173], [-75.0799845, 38.3598904]]]}}, {"id": "368", "type": "Feature", "properties": {"id": "c2a6117b-93ba-4ac6-8bb5-d4748c5cfc93", "name": null, "subtype": null, "class": null, "height": 7.65119743347168, "num_floors": null, "surge_class": 2, "surge_ft": 1.5, "flood_active": false, "exposure_score": 0.045, "exposure_category": "low"}, "geometry": {"type": "Polygon", "coordinates": [[[-75.080646, 38.3596781], [-75.0807971, 38.3597197], [-75.0808541, 38.3595924], [-75.080703, 38.3595508], [-75.080646, 38.3596781]]]}}, {"id": "369", "type": "Feature", "properties": {"id": "985ab4a5-d1f4-4f71-847e-50dc91e53aab", "name": null, "subtype": null, "class": null, "height": null, "num_floors": null, "surge_class": 2, "surge_ft": 1.5, "flood_active": false, "exposure_score": 0.045, "exposure_category": "low"}, "geometry": {"type": "Polygon", "coordinates": [[[-75.0806775, 38.3595191], [-75.0808246, 38.3595567], [-75.0809453, 38.3592664], [-75.0807982, 38.3592288], [-75.0806775, 38.3595191]]]}}, {"id": "370", "type": "Feature", "properties": {"id": "ab26625c-2486-4342-aa6d-b6ec251e25c1", "name": null, "subtype": null, "class": null, "height": 4.857563495635986, "num_floors": null, "surge_class": 3, "surge_ft": 2.5, "flood_active": false, "exposure_score": 0.075, "exposure_category": "low"}, "geometry": {"type": "Polygon", "coordinates": [[[-75.0803827, 38.3601693], [-75.0805637, 38.360215], [-75.0807528, 38.3597544], [-75.0805718, 38.3597087], [-75.0803827, 38.3601693]]]}}, {"id": "371", "type": "Feature", "properties": {"id": "06a2df9b-9752-4678-aae9-e4506f9f22c2", "name": null, "subtype": null, "class": null, "height": 6.119799613952637, "num_floors": null, "surge_class": 1, "surge_ft": 0.5, "flood_active": false, "exposure_score": 0.015, "exposure_category": "low"}, "geometry": {"type": "Polygon", "coordinates": [[[-75.0811639, 38.3601465], [-75.081304, 38.3601834], [-75.0813952, 38.359971], [-75.0813, 38.3599459], [-75.0813183, 38.3599031], [-75.081228, 38.3598793], [-75.0811852, 38.359979], [-75.0812105, 38.3599857], [-75.081175, 38.3600683], [-75.0811205, 38.3600539], [-75.0810866, 38.3601328], [-75.0811614, 38.3601525], [-75.0811639, 38.3601465]]]}}, {"id": "372", "type": "Feature", "properties": {"id": "684fb469-faf7-4050-8399-2f6aa8cca877", "name": null, "subtype": null, "class": null, "height": null, "num_floors": null, "surge_class": 4, "surge_ft": 3.5, "flood_active": false, "exposure_score": 0.105, "exposure_category": "low"}, "geometry": {"type": "Polygon", "coordinates": [[[-75.0812604, 38.3598336], [-75.0814287, 38.3598774], [-75.0816286, 38.3594053], [-75.0814602, 38.3593615], [-75.0812604, 38.3598336]]]}}, {"id": "373", "type": "Feature", "properties": {"id": "78efedd1-cf12-45b0-880d-1b41d3b6fa0a", "name": null, "subtype": null, "class": null, "height": 7.660181522369385, "num_floors": null, "surge_class": 2, "surge_ft": 1.5, "flood_active": false, "exposure_score": 0.045, "exposure_category": "low"}, "geometry": {"type": "Polygon", "coordinates": [[[-75.0821874, 38.3595464], [-75.0822345, 38.3594279], [-75.0820687, 38.3593874], [-75.0820216, 38.3595059], [-75.0821874, 38.3595464]]]}}, {"id": "374", "type": "Feature", "properties": {"id": "fe8db270-a937-4119-95ab-e64c56e0e645", "name": null, "subtype": null, "class": null, "height": 7.1137309074401855, "num_floors": null, "surge_class": 2, "surge_ft": 1.5, "flood_active": false, "exposure_score": 0.045, "exposure_category": "low"}, "geometry": {"type": "Polygon", "coordinates": [[[-75.0821377, 38.3592334], [-75.082085, 38.3593603], [-75.0822269, 38.3593966], [-75.0822796, 38.3592696], [-75.0821377, 38.3592334]]]}}, {"id": "375", "type": "Feature", "properties": {"id": "5e1682c9-9646-43bc-ac97-2ceb02f01727", "name": null, "subtype": null, "class": null, "height": null, "num_floors": null, "surge_class": 3, "surge_ft": 2.5, "flood_active": false, "exposure_score": 0.075, "exposure_category": "low"}, "geometry": {"type": "Polygon", "coordinates": [[[-75.0815683, 38.3604975], [-75.081701, 38.3605315], [-75.0817458, 38.3604242], [-75.081735, 38.3604215], [-75.0817792, 38.3603157], [-75.0817899, 38.3603185], [-75.0818344, 38.3602118], [-75.0818223, 38.3602087], [-75.0818657, 38.3601049], [-75.0818778, 38.360108], [-75.081923, 38.3599996], [-75.0819137, 38.3599972], [-75.0819586, 38.3598898], [-75.0818352, 38.3598581], [-75.0815683, 38.3604975]]]}}, {"id": "376", "type": "Feature", "properties": {"id": "fa5dac3d-0f2b-40be-99de-27758dbb9420", "name": null, "subtype": null, "class": null, "height": null, "num_floors": null, "surge_class": 2, "surge_ft": 1.5, "flood_active": false, "exposure_score": 0.045, "exposure_category": "low"}, "geometry": {"type": "Polygon", "coordinates": [[[-75.083671, 38.3598742], [-75.083671, 38.3599812], [-75.084164, 38.3599822], [-75.084165, 38.3598752], [-75.083671, 38.3598742]]]}}, {"id": "377", "type": "Feature", "properties": {"id": "ab064e8d-5cb7-4af1-9ec8-b4a968976c10", "name": null, "subtype": null, "class": null, "height": null, "num_floors": null, "surge_class": 2, "surge_ft": 1.5, "flood_active": false, "exposure_score": 0.045, "exposure_category": "low"}, "geometry": {"type": "Polygon", "coordinates": [[[-75.08434, 38.359891], [-75.084195, 38.359891], [-75.084195, 38.360013], [-75.08434, 38.360013], [-75.08434, 38.359891]]]}}, {"id": "378", "type": "Feature", "properties": {"id": "f227972b-4760-4e17-aa6b-e2f84da96ef6", "name": null, "subtype": null, "class": null, "height": 2.514413595199585, "num_floors": null, "surge_class": 2, "surge_ft": 1.5, "flood_active": false, "exposure_score": 0.045, "exposure_category": "low"}, "geometry": {"type": "Polygon", "coordinates": [[[-75.084654, 38.360009], [-75.084654, 38.359904], [-75.084372, 38.359904], [-75.084372, 38.360009], [-75.084654, 38.360009]]]}}, {"id": "379", "type": "Feature", "properties": {"id": "b4ab2110-ed9f-4c6a-a7de-37c26d0c8756", "name": null, "subtype": null, "class": null, "height": null, "num_floors": null, "surge_class": 3, "surge_ft": 2.5, "flood_active": false, "exposure_score": 0.075, "exposure_category": "low"}, "geometry": {"type": "Polygon", "coordinates": [[[-75.084544, 38.359572], [-75.084542, 38.359437], [-75.084152, 38.359439], [-75.084153, 38.359574], [-75.084544, 38.359572]]]}}, {"id": "380", "type": "Feature", "properties": {"id": "d947ba4d-6092-48e2-9942-9f85321d336b", "name": null, "subtype": null, "class": null, "height": null, "num_floors": null, "surge_class": 4, "surge_ft": 3.5, "flood_active": false, "exposure_score": 0.105, "exposure_category": "low"}, "geometry": {"type": "Polygon", "coordinates": [[[-75.083986, 38.359423], [-75.083607, 38.359384], [-75.083584, 38.359516], [-75.083964, 38.359555], [-75.083986, 38.359423]]]}}, {"id": "381", "type": "Feature", "properties": {"id": "b3b0a219-8f51-469e-adcd-2d758eca0bf3", "name": null, "subtype": null, "class": null, "height": null, "num_floors": null, "surge_class": 1, "surge_ft": 0.5, "flood_active": false, "exposure_score": 0.015, "exposure_category": "low"}, "geometry": {"type": "Polygon", "coordinates": [[[-75.083402, 38.359467], [-75.08345, 38.359336], [-75.083078, 38.359252], [-75.08303, 38.359383], [-75.083402, 38.359467]]]}}, {"id": "382", "type": "Feature", "properties": {"id": "58334f48-7bee-4c30-be90-4105204cfc1a", "name": null, "subtype": null, "class": null, "height": 3.6716127395629883, "num_floors": null, "surge_class": 2, "surge_ft": 1.5, "flood_active": false, "exposure_score": 0.045, "exposure_category": "low"}, "geometry": {"type": "Polygon", "coordinates": [[[-75.0834743, 38.3599004], [-75.0834743, 38.3599934], [-75.0836353, 38.3599934], [-75.0836353, 38.3599004], [-75.0834743, 38.3599004]]]}}, {"id": "383", "type": "Feature", "properties": {"id": "554b1829-709a-474e-b724-c87f218f89ac", "name": null, "subtype": null, "class": null, "height": 7.126645088195801, "num_floors": null, "surge_class": 2, "surge_ft": 1.5, "flood_active": false, "exposure_score": 0.045, "exposure_category": "low"}, "geometry": {"type": "Polygon", "coordinates": [[[-75.0829841, 38.3600401], [-75.0829849, 38.3601643], [-75.0831268, 38.3601637], [-75.0831262, 38.3600861], [-75.0831611, 38.3600859], [-75.0831609, 38.3600441], [-75.0831876, 38.3600439], [-75.0831874, 38.3600016], [-75.0832171, 38.3600014], [-75.0832169, 38.3599571], [-75.0832513, 38.3599569], [-75.0832507, 38.3598771], [-75.083047, 38.3598779], [-75.083048, 38.3600399], [-75.0829841, 38.3600401]]]}}, {"id": "384", "type": "Feature", "properties": {"id": "4e4dd378-6df5-4b36-b03f-94a584378492", "name": null, "subtype": null, "class": null, "height": 6.638751029968262, "num_floors": null, "surge_class": 2, "surge_ft": 1.5, "flood_active": false, "exposure_score": 0.045, "exposure_category": "low"}, "geometry": {"type": "Polygon", "coordinates": [[[-75.08266, 38.3595435], [-75.082609, 38.3596675], [-75.082758, 38.3597055], [-75.082808, 38.3595815], [-75.08266, 38.3595435]]]}}, {"id": "385", "type": "Feature", "properties": {"id": "518b8cdd-7fc3-4c37-8c2e-08778e8af7d1", "name": null, "subtype": null, "class": null, "height": 6.25173282623291, "num_floors": null, "surge_class": 2, "surge_ft": 1.5, "flood_active": false, "exposure_score": 0.045, "exposure_category": "low"}, "geometry": {"type": "Polygon", "coordinates": [[[-75.082826, 38.3595491], [-75.082877, 38.3594231], [-75.082728, 38.3593861], [-75.082677, 38.3595121], [-75.082826, 38.3595491]]]}}, {"id": "386", "type": "Feature", "properties": {"id": "252f7196-6e25-4af3-b58a-edf7c60dfb8d", "name": null, "subtype": null, "class": null, "height": 5.937138557434082, "num_floors": null, "surge_class": 3, "surge_ft": 2.5, "flood_active": false, "exposure_score": 0.075, "exposure_category": "low"}, "geometry": {"type": "Polygon", "coordinates": [[[-75.0830774, 38.3591822], [-75.0829592, 38.3591544], [-75.0828988, 38.3593124], [-75.0830171, 38.3593402], [-75.0830774, 38.3591822]]]}}, {"id": "387", "type": "Feature", "properties": {"id": "760be275-c1fe-4fd6-acd4-7490df8d74d1", "name": null, "subtype": null, "class": null, "height": 5.523227214813232, "num_floors": null, "surge_class": 2, "surge_ft": 1.5, "flood_active": false, "exposure_score": 0.045, "exposure_category": "low"}, "geometry": {"type": "Polygon", "coordinates": [[[-75.0826196, 38.3593285], [-75.0828248, 38.35938], [-75.0828626, 38.3592874], [-75.0826574, 38.3592359], [-75.0826196, 38.3593285]]]}}, {"id": "388", "type": "Feature", "properties": {"id": "66dd13e7-1eb9-4451-a30d-00e1b0bc690d", "name": null, "subtype": null, "class": null, "height": 7.030198097229004, "num_floors": null, "surge_class": 3, "surge_ft": 2.5, "flood_active": false, "exposure_score": 0.075, "exposure_category": "low"}, "geometry": {"type": "Polygon", "coordinates": [[[-75.083027, 38.3587481], [-75.0831157, 38.3585346], [-75.0830142, 38.3585087], [-75.083021, 38.3584921], [-75.0829582, 38.3584761], [-75.0828573, 38.3587191], [-75.0829213, 38.3587354], [-75.0829266, 38.3587224], [-75.083027, 38.3587481]]]}}, {"id": "389", "type": "Feature", "properties": {"id": "56520621-b8f0-4d03-8bbc-0eeedefe3bb2", "name": null, "subtype": null, "class": null, "height": 6.585078716278076, "num_floors": null, "surge_class": 3, "surge_ft": 2.5, "flood_active": false, "exposure_score": 0.075, "exposure_category": "low"}, "geometry": {"type": "Polygon", "coordinates": [[[-75.0825912, 38.3588102], [-75.0826442, 38.3586774], [-75.0823265, 38.3585995], [-75.0822736, 38.3587322], [-75.0825912, 38.3588102]]]}}, {"id": "390", "type": "Feature", "properties": {"id": "7f87be3c-497e-4981-9f9e-18ce6537dc56", "name": null, "subtype": null, "class": null, "height": 5.390395641326904, "num_floors": null, "surge_class": 3, "surge_ft": 2.5, "flood_active": false, "exposure_score": 0.075, "exposure_category": "low"}, "geometry": {"type": "Polygon", "coordinates": [[[-75.0825993, 38.3583319], [-75.0824517, 38.358296], [-75.0823978, 38.3584319], [-75.0825454, 38.3584679], [-75.0825993, 38.3583319]]]}}, {"id": "391", "type": "Feature", "properties": {"id": "70184106-5dbd-4010-9c81-d087d9d41972", "name": null, "subtype": null, "class": null, "height": 4.377447128295898, "num_floors": null, "surge_class": 3, "surge_ft": 2.5, "flood_active": false, "exposure_score": 0.075, "exposure_category": "low"}, "geometry": {"type": "Polygon", "coordinates": [[[-75.0826739, 38.3584627], [-75.0827091, 38.3584715], [-75.0827507, 38.358369], [-75.0827161, 38.3583604], [-75.0827371, 38.3583084], [-75.0826667, 38.3582908], [-75.082583, 38.358497], [-75.0826529, 38.3585145], [-75.0826739, 38.3584627]]]}}, {"id": "392", "type": "Feature", "properties": {"id": "4b161790-f7e8-45b2-8218-a714e4c2a28b", "name": null, "subtype": null, "class": null, "height": 2.3950653076171875, "num_floors": null, "surge_class": 2, "surge_ft": 1.5, "flood_active": false, "exposure_score": 0.045, "exposure_category": "low"}, "geometry": {"type": "Polygon", "coordinates": [[[-75.0826387, 38.3577587], [-75.0823723, 38.3576893], [-75.0823158, 38.3578228], [-75.0825822, 38.3578921], [-75.0826387, 38.3577587]]]}}, {"id": "393", "type": "Feature", "properties": {"id": "1d8631ca-ca3f-4a4b-81ff-d097e72ab4da", "name": null, "subtype": null, "class": null, "height": 4.82913064956665, "num_floors": null, "surge_class": 2, "surge_ft": 1.5, "flood_active": false, "exposure_score": 0.045, "exposure_category": "low"}, "geometry": {"type": "Polygon", "coordinates": [[[-75.0827982, 38.3578599], [-75.0827122, 38.3580631], [-75.0828788, 38.3581065], [-75.0829648, 38.3579033], [-75.0827982, 38.3578599]]]}}, {"id": "394", "type": "Feature", "properties": {"id": "0441738f-220e-4560-b21a-0fbd13027316", "name": null, "subtype": null, "class": null, "height": 5.179126262664795, "num_floors": null, "surge_class": 3, "surge_ft": 2.5, "flood_active": false, "exposure_score": 0.075, "exposure_category": "low"}, "geometry": {"type": "Polygon", "coordinates": [[[-75.083291, 38.3580987], [-75.083387, 38.3578611], [-75.0832461, 38.3578261], [-75.0831501, 38.3580637], [-75.083291, 38.3580987]]]}}, {"id": "395", "type": "Feature", "properties": {"id": "7fefa130-5ac6-4972-b18a-70a7b46025a9", "name": null, "subtype": null, "class": null, "height": 5.98831033706665, "num_floors": null, "surge_class": 3, "surge_ft": 2.5, "flood_active": false, "exposure_score": 0.075, "exposure_category": "low"}, "geometry": {"type": "Polygon", "coordinates": [[[-75.0837248, 38.357922], [-75.0837708, 38.3578115], [-75.0834659, 38.3577334], [-75.0834199, 38.3578439], [-75.0837248, 38.357922]]]}}, {"id": "396", "type": "Feature", "properties": {"id": "a0c54ed4-a5d5-4e32-8a80-43dc0b8d8ebb", "name": null, "subtype": null, "class": null, "height": 5.469268321990967, "num_floors": null, "surge_class": 3, "surge_ft": 2.5, "flood_active": false, "exposure_score": 0.075, "exposure_category": "low"}, "geometry": {"type": "Polygon", "coordinates": [[[-75.0832624, 38.358236], [-75.0835642, 38.3583122], [-75.0836087, 38.3582039], [-75.0833069, 38.3581277], [-75.0832624, 38.358236]]]}}, {"id": "397", "type": "Feature", "properties": {"id": "2831eab3-c27a-4834-9d36-058f0cb9e12d", "name": null, "subtype": null, "class": null, "height": 2.4013261795043945, "num_floors": null, "surge_class": 3, "surge_ft": 2.5, "flood_active": false, "exposure_score": 0.075, "exposure_category": "low"}, "geometry": {"type": "Polygon", "coordinates": [[[-75.0834211, 38.3586347], [-75.0833901, 38.3587097], [-75.0837142, 38.358792], [-75.0837452, 38.3587169], [-75.0837176, 38.3587099], [-75.0837214, 38.3587009], [-75.0834557, 38.3586334], [-75.0834519, 38.3586425], [-75.0834211, 38.3586347]]]}}, {"id": "398", "type": "Feature", "properties": {"id": "98c34626-37bb-4c4f-afa4-ead95aef1dbd", "name": null, "subtype": null, "class": null, "height": 4.604237079620361, "num_floors": null, "surge_class": 2, "surge_ft": 1.5, "flood_active": false, "exposure_score": 0.045, "exposure_category": "low"}, "geometry": {"type": "Polygon", "coordinates": [[[-75.0832836, 38.3586877], [-75.0833358, 38.3585573], [-75.0831638, 38.3585149], [-75.0831116, 38.3586454], [-75.0832836, 38.3586877]]]}}, {"id": "399", "type": "Feature", "properties": {"id": "8a336aac-382f-4467-9a1d-e9aaffcc9b3f", "name": null, "subtype": null, "class": null, "height": 5.007971286773682, "num_floors": null, "surge_class": 3, "surge_ft": 2.5, "flood_active": false, "exposure_score": 0.075, "exposure_category": "low"}, "geometry": {"type": "Polygon", "coordinates": [[[-75.0830928, 38.3587178], [-75.0830385, 38.3588505], [-75.0831859, 38.3588876], [-75.0832402, 38.3587549], [-75.0830928, 38.3587178]]]}}, {"id": "400", "type": "Feature", "properties": {"id": "a72fb51a-af1a-4663-9e39-f0108a064604", "name": null, "subtype": null, "class": null, "height": null, "num_floors": null, "surge_class": 7, "surge_ft": 6.5, "flood_active": false, "exposure_score": 0.195, "exposure_category": "low"}, "geometry": {"type": "Polygon", "coordinates": [[[-75.0835712, 38.3590645], [-75.083608, 38.3590735], [-75.0836154, 38.3590547], [-75.0835786, 38.3590457], [-75.0835712, 38.3590645]]]}}, {"id": "401", "type": "Feature", "properties": {"id": "36ad182c-88f0-4139-86f2-0b5e730a5a62", "name": null, "subtype": null, "class": null, "height": null, "num_floors": null, "surge_class": 2, "surge_ft": 1.5, "flood_active": false, "exposure_score": 0.045, "exposure_category": "low"}, "geometry": {"type": "Polygon", "coordinates": [[[-75.083862, 38.3588827], [-75.0834884, 38.3587954], [-75.083443, 38.3589148], [-75.0834912, 38.3589261], [-75.0834842, 38.3589444], [-75.0835425, 38.358958], [-75.0835486, 38.3589419], [-75.0837125, 38.3589802], [-75.0837063, 38.3589965], [-75.083758, 38.3590086], [-75.0837642, 38.3589923], [-75.0838158, 38.3590043], [-75.083862, 38.3588827]]]}}, {"id": "402", "type": "Feature", "properties": {"id": "ab953677-0cc6-4212-a556-8164969664e9", "name": null, "subtype": null, "class": null, "height": null, "num_floors": null, "surge_class": 4, "surge_ft": 3.5, "flood_active": false, "exposure_score": 0.105, "exposure_category": "low"}, "geometry": {"type": "Polygon", "coordinates": [[[-75.0837289, 38.3586189], [-75.0837586, 38.3586263], [-75.0837716, 38.3585939], [-75.083742, 38.3585866], [-75.0837289, 38.3586189]]]}}, {"id": "403", "type": "Feature", "properties": {"id": "3d391b36-2783-4ee3-ba6d-fd8652f874c3", "name": null, "subtype": null, "class": null, "height": 4.70009708404541, "num_floors": null, "surge_class": 3, "surge_ft": 2.5, "flood_active": false, "exposure_score": 0.075, "exposure_category": "low"}, "geometry": {"type": "Polygon", "coordinates": [[[-75.0837836, 38.3586961], [-75.0837558, 38.3588031], [-75.0839698, 38.3588373], [-75.0839975, 38.3587302], [-75.0837836, 38.3586961]]]}}, {"id": "404", "type": "Feature", "properties": {"id": "89127fc4-c555-443e-9f3d-8da59425cf53", "name": null, "subtype": null, "class": null, "height": 7.870507717132568, "num_floors": null, "surge_class": 2, "surge_ft": 1.5, "flood_active": false, "exposure_score": 0.045, "exposure_category": "low"}, "geometry": {"type": "Polygon", "coordinates": [[[-75.0844606, 38.35875], [-75.0844659, 38.3586005], [-75.084071, 38.3585918], [-75.0840656, 38.3587413], [-75.0844606, 38.35875]]]}}, {"id": "405", "type": "Feature", "properties": {"id": "f8398009-0e3c-4954-899e-0a6e78182d89", "name": null, "subtype": null, "class": null, "height": null, "num_floors": null, "surge_class": 2, "surge_ft": 1.5, "flood_active": false, "exposure_score": 0.045, "exposure_category": "low"}, "geometry": {"type": "Polygon", "coordinates": [[[-75.0843174, 38.3590246], [-75.08437, 38.359027], [-75.0843789, 38.3589048], [-75.0839238, 38.3588844], [-75.0839163, 38.3589865], [-75.0839781, 38.3589893], [-75.0839766, 38.3590091], [-75.0840336, 38.3590117], [-75.0840321, 38.3590332], [-75.0840877, 38.3590357], [-75.0840892, 38.359015], [-75.0842612, 38.3590227], [-75.0842597, 38.3590437], [-75.0843158, 38.3590462], [-75.0843174, 38.3590246]]]}}, {"id": "406", "type": "Feature", "properties": {"id": "09e8bf2c-c612-4f2b-9342-e3dcdeebaa6a", "name": null, "subtype": null, "class": null, "height": 3.3531787395477295, "num_floors": null, "surge_class": 2, "surge_ft": 1.5, "flood_active": false, "exposure_score": 0.045, "exposure_category": "low"}, "geometry": {"type": "Polygon", "coordinates": [[[-75.0847949, 38.3587035], [-75.0849941, 38.3586838], [-75.0849098, 38.3581582], [-75.0847106, 38.3581779], [-75.0847949, 38.3587035]]]}}, {"id": "407", "type": "Feature", "properties": {"id": "99512667-707a-49cd-a462-78350ae2719a", "name": null, "subtype": null, "class": null, "height": 3.4842753410339355, "num_floors": null, "surge_class": 4, "surge_ft": 3.5, "flood_active": false, "exposure_score": 0.105, "exposure_category": "low"}, "geometry": {"type": "Polygon", "coordinates": [[[-75.0848493, 38.3580341], [-75.0848667, 38.3580271], [-75.0847111, 38.3577889], [-75.0846836, 38.3578], [-75.0846396, 38.3577325], [-75.0845428, 38.3577714], [-75.084565, 38.3578053], [-75.0844815, 38.3578388], [-75.0846855, 38.3581512], [-75.0848758, 38.3580747], [-75.0848493, 38.3580341]]]}}, {"id": "408", "type": "Feature", "properties": {"id": "513ce87b-b67b-45ad-b8de-fbfebe94aec3", "name": null, "subtype": null, "class": null, "height": 3.849285125732422, "num_floors": null, "surge_class": 2, "surge_ft": 1.5, "flood_active": false, "exposure_score": 0.045, "exposure_category": "low"}, "geometry": {"type": "Polygon", "coordinates": [[[-75.0841854, 38.3582995], [-75.0842825, 38.3580625], [-75.0841433, 38.3580274], [-75.0840462, 38.3582644], [-75.0841854, 38.3582995]]]}}, {"id": "409", "type": "Feature", "properties": {"id": "ab147091-77eb-43a9-b397-2f7650712d29", "name": null, "subtype": null, "class": null, "height": 4.542779445648193, "num_floors": null, "surge_class": 2, "surge_ft": 1.5, "flood_active": false, "exposure_score": 0.045, "exposure_category": "low"}, "geometry": {"type": "Polygon", "coordinates": [[[-75.0836392, 38.3582103], [-75.0836001, 38.3583204], [-75.0839048, 38.3583871], [-75.083944, 38.358277], [-75.0836392, 38.3582103]]]}}, {"id": "410", "type": "Feature", "properties": {"id": "ba8a5602-acf3-4782-814f-0aca6433966e", "name": null, "subtype": null, "class": null, "height": null, "num_floors": null, "surge_class": 2, "surge_ft": 1.5, "flood_active": false, "exposure_score": 0.045, "exposure_category": "low"}, "geometry": {"type": "Polygon", "coordinates": [[[-75.0837915, 38.3581286], [-75.0838113, 38.3581338], [-75.083838, 38.3580713], [-75.083828, 38.3580687], [-75.0838084, 38.3580635], [-75.0837816, 38.358126], [-75.0837915, 38.3581286]]]}}, {"id": "411", "type": "Feature", "properties": {"id": "661c3099-7fb4-4e49-8be3-ee5943c117b8", "name": null, "subtype": null, "class": null, "height": 4.571715831756592, "num_floors": null, "surge_class": 3, "surge_ft": 2.5, "flood_active": false, "exposure_score": 0.075, "exposure_category": "low"}, "geometry": {"type": "Polygon", "coordinates": [[[-75.0840404, 38.3580397], [-75.0841035, 38.3579361], [-75.083818, 38.3578291], [-75.0837549, 38.3579327], [-75.0840404, 38.3580397]]]}}, {"id": "412", "type": "Feature", "properties": {"id": "056ce68f-3c2f-4a27-ae50-e23ccbd585b8", "name": null, "subtype": null, "class": null, "height": null, "num_floors": null, "surge_class": 3, "surge_ft": 2.5, "flood_active": false, "exposure_score": 0.075, "exposure_category": "low"}, "geometry": {"type": "Polygon", "coordinates": [[[-75.0836011, 38.3575133], [-75.0840312, 38.3576249], [-75.0840567, 38.3575644], [-75.0840792, 38.3575703], [-75.0841271, 38.3574569], [-75.0840586, 38.3574391], [-75.0840507, 38.3574579], [-75.0834531, 38.3573029], [-75.0833815, 38.3574728], [-75.0835444, 38.3575151], [-75.0835633, 38.3574704], [-75.0836137, 38.3574835], [-75.0836011, 38.3575133]]]}}, {"id": "413", "type": "Feature", "properties": {"id": "899949f8-bcf7-4844-9f2f-135ba561edf9", "name": null, "subtype": null, "class": null, "height": null, "num_floors": null, "surge_class": 3, "surge_ft": 2.5, "flood_active": false, "exposure_score": 0.075, "exposure_category": "low"}, "geometry": {"type": "Polygon", "coordinates": [[[-75.0843481, 38.3577758], [-75.084454, 38.3578245], [-75.0845604, 38.3576823], [-75.08417, 38.3575027], [-75.0840874, 38.3576131], [-75.0842392, 38.357683], [-75.08422, 38.3577086], [-75.0843034, 38.357747], [-75.0843208, 38.3577236], [-75.0843702, 38.3577463], [-75.0843481, 38.3577758]]]}}, {"id": "414", "type": "Feature", "properties": {"id": "5c19d7ad-05c9-44ab-ac0e-74a7210f698b", "name": null, "subtype": null, "class": null, "height": 3.475942373275757, "num_floors": null, "surge_class": 3, "surge_ft": 2.5, "flood_active": false, "exposure_score": 0.075, "exposure_category": "low"}, "geometry": {"type": "Polygon", "coordinates": [[[-75.0832948, 38.3574324], [-75.0833497, 38.3574467], [-75.0834131, 38.3572964], [-75.0832591, 38.3572565], [-75.0831956, 38.3574071], [-75.0832463, 38.3574202], [-75.0832587, 38.3573909], [-75.083307, 38.3574034], [-75.0832948, 38.3574324]]]}}, {"id": "415", "type": "Feature", "properties": {"id": "81622e4a-9fac-4b81-8cc8-f26410c6a3ba", "name": null, "subtype": null, "class": null, "height": null, "num_floors": null, "surge_class": 3, "surge_ft": 2.5, "flood_active": false, "exposure_score": 0.075, "exposure_category": "low"}, "geometry": {"type": "Polygon", "coordinates": [[[-75.0826807, 38.3570639], [-75.0826057, 38.3572368], [-75.0826603, 38.3572513], [-75.0826711, 38.3572263], [-75.0828309, 38.3572689], [-75.0828185, 38.3572977], [-75.0829146, 38.3573233], [-75.0829276, 38.3572932], [-75.0830899, 38.3573365], [-75.0830798, 38.3573598], [-75.0831334, 38.357374], [-75.0832071, 38.3572042], [-75.0826807, 38.3570639]]]}}, {"id": "416", "type": "Feature", "properties": {"id": "5b4ac106-c715-494d-8933-38dbda13b0f8", "name": null, "subtype": null, "class": null, "height": null, "num_floors": null, "surge_class": 3, "surge_ft": 2.5, "flood_active": false, "exposure_score": 0.075, "exposure_category": "low"}, "geometry": {"type": "Polygon", "coordinates": [[[-75.0829756, 38.3578578], [-75.0830636, 38.35765], [-75.0829019, 38.3576078], [-75.0828138, 38.3578157], [-75.0829756, 38.3578578]]]}}, {"id": "417", "type": "Feature", "properties": {"id": "5c95c2ed-0c20-4f26-8ccf-8c35f6004e35", "name": null, "subtype": null, "class": null, "height": null, "num_floors": null, "surge_class": 3, "surge_ft": 2.5, "flood_active": false, "exposure_score": 0.075, "exposure_category": "low"}, "geometry": {"type": "Polygon", "coordinates": [[[-75.0828658, 38.3575808], [-75.0825949, 38.3575102], [-75.0825385, 38.3576433], [-75.0828094, 38.3577138], [-75.0828658, 38.3575808]]]}}, {"id": "418", "type": "Feature", "properties": {"id": "654bb600-0f48-472e-841f-0bd969e7943c", "name": null, "subtype": null, "class": null, "height": null, "num_floors": null, "surge_class": 4, "surge_ft": 3.5, "flood_active": false, "exposure_score": 0.105, "exposure_category": "low"}, "geometry": {"type": "Polygon", "coordinates": [[[-75.0824785, 38.3570248], [-75.082407, 38.3571975], [-75.0825434, 38.3572322], [-75.082615, 38.3570595], [-75.0824785, 38.3570248]]]}}, {"id": "419", "type": "Feature", "properties": {"id": "daf57871-a4d8-4328-ac27-410dac9f3120", "name": null, "subtype": null, "class": null, "height": null, "num_floors": null, "surge_class": 4, "surge_ft": 3.5, "flood_active": false, "exposure_score": 0.105, "exposure_category": "low"}, "geometry": {"type": "Polygon", "coordinates": [[[-75.0820065, 38.357059], [-75.0821742, 38.3571018], [-75.0822338, 38.3569579], [-75.0820661, 38.3569152], [-75.0820065, 38.357059]]]}}, {"id": "420", "type": "Feature", "properties": {"id": "003c2cb1-f405-4c50-b69d-8a7178d6049b", "name": null, "subtype": null, "class": null, "height": null, "num_floors": null, "surge_class": 3, "surge_ft": 2.5, "flood_active": false, "exposure_score": 0.075, "exposure_category": "low"}, "geometry": {"type": "Polygon", "coordinates": [[[-75.0819188, 38.357028], [-75.0819803, 38.3570437], [-75.0820382, 38.3569038], [-75.0818633, 38.3568593], [-75.0818068, 38.3569957], [-75.0818684, 38.3570114], [-75.0818597, 38.3570324], [-75.0819115, 38.3570456], [-75.0819188, 38.357028]]]}}, {"id": "421", "type": "Feature", "properties": {"id": "80091f7b-c9fd-47e1-9548-6a7ce52e11d5", "name": null, "subtype": null, "class": null, "height": null, "num_floors": null, "surge_class": 4, "surge_ft": 3.5, "flood_active": false, "exposure_score": 0.105, "exposure_category": "low"}, "geometry": {"type": "Polygon", "coordinates": [[[-75.0814395, 38.3567319], [-75.0812806, 38.3566915], [-75.0812163, 38.3568467], [-75.0813752, 38.3568871], [-75.0814395, 38.3567319]]]}}, {"id": "422", "type": "Feature", "properties": {"id": "dfb838d1-390b-4a32-b88e-8309f3799844", "name": null, "subtype": null, "class": null, "height": null, "num_floors": null, "surge_class": 4, "surge_ft": 3.5, "flood_active": false, "exposure_score": 0.105, "exposure_category": "low"}, "geometry": {"type": "Polygon", "coordinates": [[[-75.081063, 38.3566608], [-75.0810075, 38.3567948], [-75.0810705, 38.3568108], [-75.0810639, 38.3568267], [-75.0811167, 38.3568402], [-75.0811233, 38.3568243], [-75.081183, 38.3568395], [-75.0812385, 38.3567055], [-75.081063, 38.3566608]]]}}, {"id": "423", "type": "Feature", "properties": {"id": "b14f49b7-4be6-4298-b203-532f79ee1da8", "name": null, "subtype": null, "class": null, "height": null, "num_floors": null, "surge_class": 3, "surge_ft": 2.5, "flood_active": false, "exposure_score": 0.075, "exposure_category": "low"}, "geometry": {"type": "Polygon", "coordinates": [[[-75.0816387, 38.3569766], [-75.0817393, 38.3570022], [-75.0817447, 38.3569893], [-75.0817773, 38.3569975], [-75.0818274, 38.3568765], [-75.0814606, 38.356783], [-75.0814098, 38.3569055], [-75.0814432, 38.3569141], [-75.0814383, 38.3569259], [-75.0815335, 38.3569501], [-75.0815241, 38.3569729], [-75.0816291, 38.3569996], [-75.0816387, 38.3569766]]]}}, {"id": "424", "type": "Feature", "properties": {"id": "d1546b29-3d37-4ffd-846a-76faa2e31e97", "name": null, "subtype": null, "class": null, "height": null, "num_floors": null, "surge_class": 3, "surge_ft": 2.5, "flood_active": false, "exposure_score": 0.075, "exposure_category": "low"}, "geometry": {"type": "Polygon", "coordinates": [[[-75.0812043, 38.3571527], [-75.0811152, 38.3573632], [-75.0812851, 38.3574075], [-75.0813742, 38.3571969], [-75.0812043, 38.3571527]]]}}, {"id": "425", "type": "Feature", "properties": {"id": "a31f9023-eefe-4fca-b986-830f75f662ea", "name": null, "subtype": null, "class": null, "height": null, "num_floors": null, "surge_class": 4, "surge_ft": 3.5, "flood_active": false, "exposure_score": 0.105, "exposure_category": "low"}, "geometry": {"type": "Polygon", "coordinates": [[[-75.0813241, 38.3574065], [-75.081367, 38.3574177], [-75.0813913, 38.3573605], [-75.0813483, 38.3573493], [-75.0813241, 38.3574065]]]}}, {"id": "426", "type": "Feature", "properties": {"id": "ce1d6cb3-c17c-4812-a77e-59652da50818", "name": null, "subtype": null, "class": null, "height": null, "num_floors": null, "surge_class": 3, "surge_ft": 2.5, "flood_active": false, "exposure_score": 0.075, "exposure_category": "low"}, "geometry": {"type": "Polygon", "coordinates": [[[-75.0812429, 38.3574855], [-75.0810769, 38.3574423], [-75.0809887, 38.3576506], [-75.0811547, 38.3576938], [-75.0812429, 38.3574855]]]}}, {"id": "427", "type": "Feature", "properties": {"id": "57532570-0916-4313-a2fb-305d9217fdd9", "name": null, "subtype": null, "class": null, "height": null, "num_floors": null, "surge_class": 4, "surge_ft": 3.5, "flood_active": false, "exposure_score": 0.105, "exposure_category": "low"}, "geometry": {"type": "Polygon", "coordinates": [[[-75.0812719, 38.3575773], [-75.0812151, 38.3577114], [-75.081482, 38.3577809], [-75.0815388, 38.3576468], [-75.0812719, 38.3575773]]]}}, {"id": "428", "type": "Feature", "properties": {"id": "42c56403-7741-4773-947a-6ad7da3165ea", "name": null, "subtype": null, "class": null, "height": null, "num_floors": null, "surge_class": 2, "surge_ft": 1.5, "flood_active": false, "exposure_score": 0.045, "exposure_category": "low"}, "geometry": {"type": "Polygon", "coordinates": [[[-75.0816924, 38.3574497], [-75.081426, 38.3573803], [-75.0813688, 38.3575156], [-75.0816351, 38.3575849], [-75.0816924, 38.3574497]]]}}, {"id": "429", "type": "Feature", "properties": {"id": "ea02c400-49dd-4e10-95b0-ff24063b2576", "name": null, "subtype": null, "class": null, "height": 0.8183520436286926, "num_floors": null, "surge_class": 3, "surge_ft": 2.5, "flood_active": false, "exposure_score": 0.075, "exposure_category": "low"}, "geometry": {"type": "Polygon", "coordinates": [[[-75.0820087, 38.3574806], [-75.0819615, 38.357475], [-75.0819495, 38.3575375], [-75.0819967, 38.3575431], [-75.0820087, 38.3574806]]]}}, {"id": "430", "type": "Feature", "properties": {"id": "865f6ee4-c2cc-4a47-824c-a7288ff146ed", "name": null, "subtype": null, "class": null, "height": null, "num_floors": null, "surge_class": 2, "surge_ft": 1.5, "flood_active": false, "exposure_score": 0.045, "exposure_category": "low"}, "geometry": {"type": "Polygon", "coordinates": [[[-75.0817592, 38.3574022], [-75.0816704, 38.3576118], [-75.0818408, 38.3576562], [-75.0819296, 38.3574466], [-75.0817592, 38.3574022]]]}}, {"id": "431", "type": "Feature", "properties": {"id": "28a18ef1-de33-438d-a977-b581dcd19e44", "name": null, "subtype": null, "class": null, "height": null, "num_floors": null, "surge_class": 4, "surge_ft": 3.5, "flood_active": false, "exposure_score": 0.105, "exposure_category": "low"}, "geometry": {"type": "Polygon", "coordinates": [[[-75.0823488, 38.3571829], [-75.0824201, 38.3570107], [-75.0822802, 38.3569751], [-75.0822089, 38.3571473], [-75.0823488, 38.3571829]]]}}, {"id": "432", "type": "Feature", "properties": {"id": "98f51e74-65dd-4aee-ad96-c98134ac3acd", "name": null, "subtype": null, "class": null, "height": null, "num_floors": null, "surge_class": 2, "surge_ft": 1.5, "flood_active": false, "exposure_score": 0.045, "exposure_category": "low"}, "geometry": {"type": "Polygon", "coordinates": [[[-75.0823674, 38.3574498], [-75.0820968, 38.3573793], [-75.08204, 38.3575136], [-75.0823105, 38.3575841], [-75.0823674, 38.3574498]]]}}, {"id": "433", "type": "Feature", "properties": {"id": "4cc4e448-1c08-47e8-bfea-0bc1cd922b82", "name": null, "subtype": null, "class": null, "height": null, "num_floors": null, "surge_class": 2, "surge_ft": 1.5, "flood_active": false, "exposure_score": 0.045, "exposure_category": "low"}, "geometry": {"type": "Polygon", "coordinates": [[[-75.0822505, 38.357869], [-75.0823381, 38.3576622], [-75.0821685, 38.357618], [-75.0820809, 38.3578248], [-75.0822505, 38.357869]]]}}, {"id": "434", "type": "Feature", "properties": {"id": "cc63f7ca-c01a-4a9b-a5f5-7b6c8be7d214", "name": null, "subtype": null, "class": null, "height": null, "num_floors": null, "surge_class": 3, "surge_ft": 2.5, "flood_active": false, "exposure_score": 0.075, "exposure_category": "low"}, "geometry": {"type": "Polygon", "coordinates": [[[-75.0819805, 38.3579091], [-75.0820373, 38.3577748], [-75.0817709, 38.3577054], [-75.081714, 38.3578397], [-75.0819805, 38.3579091]]]}}, {"id": "435", "type": "Feature", "properties": {"id": "e3ddb6bb-492c-4f26-bdd8-645da7b2eefd", "name": null, "subtype": null, "class": null, "height": 7.017039775848389, "num_floors": null, "surge_class": 2, "surge_ft": 1.5, "flood_active": false, "exposure_score": 0.045, "exposure_category": "low"}, "geometry": {"type": "Polygon", "coordinates": [[[-75.0820636, 38.3581508], [-75.0820147, 38.3582688], [-75.0823811, 38.3583622], [-75.0824301, 38.3582439], [-75.0823802, 38.3582312], [-75.0823881, 38.3582123], [-75.0823379, 38.3581995], [-75.0823295, 38.3582199], [-75.082162, 38.3581772], [-75.0821701, 38.3581576], [-75.0821199, 38.3581448], [-75.0821123, 38.3581632], [-75.0820636, 38.3581508]]]}}, {"id": "436", "type": "Feature", "properties": {"id": "755bab80-5e00-45e9-8dfa-713416b95a3e", "name": null, "subtype": null, "class": null, "height": 5.4884724617004395, "num_floors": null, "surge_class": 3, "surge_ft": 2.5, "flood_active": false, "exposure_score": 0.075, "exposure_category": "low"}, "geometry": {"type": "Polygon", "coordinates": [[[-75.0822938, 38.3585835], [-75.0819227, 38.3584918], [-75.0818758, 38.3586086], [-75.081924, 38.3586205], [-75.0819162, 38.3586398], [-75.0819671, 38.3586524], [-75.0819744, 38.3586341], [-75.0821439, 38.358676], [-75.082135, 38.3586979], [-75.0821866, 38.3587106], [-75.0821945, 38.3586909], [-75.0822456, 38.3587035], [-75.0822938, 38.3585835]]]}}, {"id": "437", "type": "Feature", "properties": {"id": "76376f12-bc18-4f41-800c-0e1918a71f9f", "name": null, "subtype": null, "class": null, "height": 5.763913154602051, "num_floors": null, "surge_class": 3, "surge_ft": 2.5, "flood_active": false, "exposure_score": 0.075, "exposure_category": "low"}, "geometry": {"type": "Polygon", "coordinates": [[[-75.0822663, 38.3589398], [-75.0822299, 38.359025], [-75.0823684, 38.3590613], [-75.0824048, 38.3589762], [-75.0822663, 38.3589398]]]}}, {"id": "438", "type": "Feature", "properties": {"id": "2135dd5d-f65e-45fb-a1f0-026bafb36ab5", "name": null, "subtype": "residential", "class": "house", "height": null, "num_floors": null, "surge_class": 2, "surge_ft": 1.5, "flood_active": false, "exposure_score": 0.045, "exposure_category": "low"}, "geometry": {"type": "Polygon", "coordinates": [[[-75.0821535, 38.3591989], [-75.0822861, 38.3592327], [-75.0823363, 38.3591118], [-75.0822036, 38.359078], [-75.0821535, 38.3591989]]]}}, {"id": "439", "type": "Feature", "properties": {"id": "400d6116-e718-4749-b0a5-9fa24bff0b98", "name": null, "subtype": null, "class": null, "height": 7.529120445251465, "num_floors": null, "surge_class": 2, "surge_ft": 1.5, "flood_active": false, "exposure_score": 0.045, "exposure_category": "low"}, "geometry": {"type": "Polygon", "coordinates": [[[-75.0815719, 38.3591883], [-75.081705, 38.3592223], [-75.0818451, 38.3588845], [-75.081712, 38.3588505], [-75.0815719, 38.3591883]]]}}, {"id": "440", "type": "Feature", "properties": {"id": "aaf95772-d029-4547-81cd-25cc053786c1", "name": null, "subtype": null, "class": null, "height": 4.162482738494873, "num_floors": null, "surge_class": 3, "surge_ft": 2.5, "flood_active": false, "exposure_score": 0.075, "exposure_category": "low"}, "geometry": {"type": "Polygon", "coordinates": [[[-75.0810093, 38.3588273], [-75.0811317, 38.3588574], [-75.0812145, 38.3586497], [-75.0810921, 38.3586197], [-75.0810093, 38.3588273]]]}}, {"id": "441", "type": "Feature", "properties": {"id": "3276597b-7edf-4668-8c93-1334923c4dd6", "name": null, "subtype": null, "class": null, "height": null, "num_floors": null, "surge_class": 3, "surge_ft": 2.5, "flood_active": false, "exposure_score": 0.075, "exposure_category": "low"}, "geometry": {"type": "Polygon", "coordinates": [[[-75.0811711, 38.3584482], [-75.0812229, 38.3584612], [-75.0812311, 38.358441], [-75.0812819, 38.3584538], [-75.0813285, 38.3583395], [-75.0809623, 38.3582477], [-75.0809164, 38.3583603], [-75.0809629, 38.358372], [-75.080955, 38.3583913], [-75.0810035, 38.3584035], [-75.0810107, 38.358386], [-75.0811792, 38.3584283], [-75.0811711, 38.3584482]]]}}, {"id": "442", "type": "Feature", "properties": {"id": "4a80c583-bb72-41c8-a8a4-ed9a0f537bd6", "name": null, "subtype": null, "class": null, "height": null, "num_floors": null, "surge_class": 2, "surge_ft": 1.5, "flood_active": false, "exposure_score": 0.045, "exposure_category": "low"}, "geometry": {"type": "Polygon", "coordinates": [[[-75.0818083, 38.3584642], [-75.0814394, 38.3583715], [-75.0813926, 38.3584859], [-75.0814427, 38.3584985], [-75.0814354, 38.3585163], [-75.0814853, 38.3585289], [-75.0814921, 38.3585124], [-75.0816615, 38.358555], [-75.0816538, 38.3585739], [-75.0817056, 38.3585869], [-75.0817123, 38.3585704], [-75.08176, 38.3585824], [-75.0818083, 38.3584642]]]}}, {"id": "443", "type": "Feature", "properties": {"id": "9808cad1-00df-4438-83ff-759bda6ec759", "name": null, "subtype": null, "class": null, "height": null, "num_floors": null, "surge_class": 3, "surge_ft": 2.5, "flood_active": false, "exposure_score": 0.075, "exposure_category": "low"}, "geometry": {"type": "Polygon", "coordinates": [[[-75.081107, 38.357919], [-75.081057, 38.358048], [-75.081431, 38.358137], [-75.081481, 38.358007], [-75.081107, 38.357919]]]}}, {"id": "444", "type": "Feature", "properties": {"id": "69240d9a-be0a-4345-b6d7-f2c1c70cc94f", "name": null, "subtype": null, "class": null, "height": 2.134493350982666, "num_floors": null, "surge_class": 4, "surge_ft": 3.5, "flood_active": false, "exposure_score": 0.105, "exposure_category": "low"}, "geometry": {"type": "Polygon", "coordinates": [[[-75.0809889, 38.358096], [-75.0810607, 38.3579171], [-75.080923, 38.3578831], [-75.0808512, 38.358062], [-75.0809889, 38.358096]]]}}, {"id": "445", "type": "Feature", "properties": {"id": "421477d1-8efc-4d2b-915a-95d1d7730ba9", "name": null, "subtype": null, "class": null, "height": null, "num_floors": null, "surge_class": 4, "surge_ft": 3.5, "flood_active": false, "exposure_score": 0.105, "exposure_category": "low"}, "geometry": {"type": "Polygon", "coordinates": [[[-75.0807294, 38.3578294], [-75.0807609, 38.3578407], [-75.0807739, 38.3578183], [-75.0807424, 38.357807], [-75.0807294, 38.3578294]]]}}, {"id": "446", "type": "Feature", "properties": {"id": "d6b33cba-e831-4593-addf-1e0578b8a353", "name": null, "subtype": null, "class": null, "height": 3.597707986831665, "num_floors": null, "surge_class": 3, "surge_ft": 2.5, "flood_active": false, "exposure_score": 0.075, "exposure_category": "low"}, "geometry": {"type": "Polygon", "coordinates": [[[-75.080758, 38.3581292], [-75.0802279, 38.3579947], [-75.0801684, 38.3581389], [-75.0806985, 38.3582734], [-75.080758, 38.3581292]]]}}, {"id": "447", "type": "Feature", "properties": {"id": "ac561a69-ad1f-4a10-9862-40c7064fb010", "name": null, "subtype": null, "class": null, "height": 2.577848434448242, "num_floors": null, "surge_class": 3, "surge_ft": 2.5, "flood_active": false, "exposure_score": 0.075, "exposure_category": "low"}, "geometry": {"type": "Polygon", "coordinates": [[[-75.0807597, 38.3581856], [-75.0807284, 38.358266], [-75.0809013, 38.3583074], [-75.0809326, 38.358227], [-75.0807597, 38.3581856]]]}}, {"id": "448", "type": "Feature", "properties": {"id": "5ac9e03a-9aac-4540-bb7d-a0bcaa34e759", "name": null, "subtype": null, "class": null, "height": 5.750419616699219, "num_floors": null, "surge_class": 2, "surge_ft": 1.5, "flood_active": false, "exposure_score": 0.045, "exposure_category": "low"}, "geometry": {"type": "Polygon", "coordinates": [[[-75.0809069, 38.3590602], [-75.0810338, 38.3590913], [-75.0811208, 38.3588731], [-75.0809939, 38.358842], [-75.0809069, 38.3590602]]]}}, {"id": "449", "type": "Feature", "properties": {"id": "b6867bcc-963a-4e0d-8f64-fb4fbebaf836", "name": null, "subtype": null, "class": null, "height": 6.882778644561768, "num_floors": null, "surge_class": 3, "surge_ft": 2.5, "flood_active": false, "exposure_score": 0.075, "exposure_category": "low"}, "geometry": {"type": "Polygon", "coordinates": [[[-75.0808491, 38.3592212], [-75.0810016, 38.359258], [-75.0810559, 38.3591197], [-75.0809034, 38.3590829], [-75.0808491, 38.3592212]]]}}, {"id": "450", "type": "Feature", "properties": {"id": "783dd064-97ad-4448-a0ca-d52412dd434e", "name": null, "subtype": null, "class": null, "height": 4.627020359039307, "num_floors": null, "surge_class": 3, "surge_ft": 2.5, "flood_active": false, "exposure_score": 0.075, "exposure_category": "low"}, "geometry": {"type": "Polygon", "coordinates": [[[-75.0802942, 38.3591633], [-75.0804283, 38.359197], [-75.0806442, 38.3586691], [-75.0805101, 38.3586354], [-75.0802942, 38.3591633]]]}}, {"id": "451", "type": "Feature", "properties": {"id": "20099b81-db20-482e-8d64-5777c320c542", "name": null, "subtype": null, "class": null, "height": 6.868391513824463, "num_floors": null, "surge_class": 4, "surge_ft": 3.5, "flood_active": false, "exposure_score": 0.105, "exposure_category": "low"}, "geometry": {"type": "Polygon", "coordinates": [[[-75.0797244, 38.3590811], [-75.0798637, 38.3591161], [-75.0799938, 38.3587974], [-75.0798544, 38.3587625], [-75.0797244, 38.3590811]]]}}, {"id": "452", "type": "Feature", "properties": {"id": "4484363d-f04d-4a01-a7d9-c2ef12a53a1f", "name": null, "subtype": null, "class": null, "height": null, "num_floors": null, "surge_class": 4, "surge_ft": 3.5, "flood_active": false, "exposure_score": 0.105, "exposure_category": "low"}, "geometry": {"type": "Polygon", "coordinates": [[[-75.0798691, 38.3587428], [-75.0799938, 38.3587743], [-75.0801507, 38.3583925], [-75.080026, 38.358361], [-75.0798691, 38.3587428]]]}}, {"id": "453", "type": "Feature", "properties": {"id": "10347ded-b83e-47cb-a853-b3957efb437e", "name": null, "subtype": null, "class": null, "height": 4.094841003417969, "num_floors": null, "surge_class": 3, "surge_ft": 2.5, "flood_active": false, "exposure_score": 0.075, "exposure_category": "low"}, "geometry": {"type": "Polygon", "coordinates": [[[-75.0799997, 38.3579993], [-75.0801936, 38.3580087], [-75.0802217, 38.3576533], [-75.0800278, 38.3576438], [-75.0799997, 38.3579993]]]}}, {"id": "454", "type": "Feature", "properties": {"id": "2197dd67-2d5e-46ef-9353-21f65123a728", "name": null, "subtype": null, "class": null, "height": 4.545623779296875, "num_floors": null, "surge_class": 4, "surge_ft": 3.5, "flood_active": false, "exposure_score": 0.105, "exposure_category": "low"}, "geometry": {"type": "Polygon", "coordinates": [[[-75.0800365, 38.3574018], [-75.0799984, 38.3572857], [-75.0798902, 38.3573075], [-75.0799282, 38.3574237], [-75.0800365, 38.3574018]]]}}, {"id": "455", "type": "Feature", "properties": {"id": "3190cc13-74d0-4f78-98b0-217ddf0b3511", "name": null, "subtype": null, "class": null, "height": 5.622137546539307, "num_floors": null, "surge_class": 4, "surge_ft": 3.5, "flood_active": false, "exposure_score": 0.105, "exposure_category": "low"}, "geometry": {"type": "Polygon", "coordinates": [[[-75.0800551, 38.3574395], [-75.0802003, 38.357459], [-75.0802196, 38.3573705], [-75.0800744, 38.357351], [-75.0800551, 38.3574395]]]}}, {"id": "456", "type": "Feature", "properties": {"id": "87d25ceb-4127-4357-ad82-1bb830baec5b", "name": null, "subtype": null, "class": null, "height": 5.031548500061035, "num_floors": null, "surge_class": 3, "surge_ft": 2.5, "flood_active": false, "exposure_score": 0.075, "exposure_category": "low"}, "geometry": {"type": "Polygon", "coordinates": [[[-75.0801285, 38.3573138], [-75.0802372, 38.357286], [-75.0802147, 38.3572322], [-75.0802466, 38.3572241], [-75.0802231, 38.3571676], [-75.0801119, 38.3571962], [-75.0801331, 38.3572471], [-75.0801038, 38.3572546], [-75.0801285, 38.3573138]]]}}, {"id": "457", "type": "Feature", "properties": {"id": "ada745d6-38cb-4728-8c0a-cd96b880fc8d", "name": null, "subtype": null, "class": null, "height": 4.159669399261475, "num_floors": null, "surge_class": 4, "surge_ft": 3.5, "flood_active": false, "exposure_score": 0.105, "exposure_category": "low"}, "geometry": {"type": "Polygon", "coordinates": [[[-75.080372, 38.3571159], [-75.0804839, 38.357129], [-75.0805, 38.3570444], [-75.0803881, 38.3570313], [-75.080372, 38.3571159]]]}}, {"id": "458", "type": "Feature", "properties": {"id": "58c98f03-8925-406e-a2fd-c9cc58f6f38c", "name": null, "subtype": null, "class": null, "height": null, "num_floors": null, "surge_class": 3, "surge_ft": 2.5, "flood_active": false, "exposure_score": 0.075, "exposure_category": "low"}, "geometry": {"type": "Polygon", "coordinates": [[[-75.0802673, 38.357332], [-75.0805376, 38.3574009], [-75.0805674, 38.3573288], [-75.0802972, 38.35726], [-75.0802673, 38.357332]]]}}, {"id": "459", "type": "Feature", "properties": {"id": "0898137d-fc82-4381-af44-2e425d3163dd", "name": null, "subtype": null, "class": null, "height": null, "num_floors": null, "surge_class": 3, "surge_ft": 2.5, "flood_active": false, "exposure_score": 0.075, "exposure_category": "low"}, "geometry": {"type": "Polygon", "coordinates": [[[-75.0810321, 38.3574092], [-75.0806493, 38.3573095], [-75.0806049, 38.3574141], [-75.0809878, 38.3575138], [-75.0810321, 38.3574092]]]}}, {"id": "460", "type": "Feature", "properties": {"id": "42fafeef-05b3-48ce-862d-c13f91da5268", "name": null, "subtype": null, "class": null, "height": null, "num_floors": null, "surge_class": 3, "surge_ft": 2.5, "flood_active": false, "exposure_score": 0.075, "exposure_category": "low"}, "geometry": {"type": "Polygon", "coordinates": [[[-75.0811102, 38.3572676], [-75.0807577, 38.3571758], [-75.0807132, 38.3572809], [-75.0810657, 38.3573727], [-75.0811102, 38.3572676]]]}}, {"id": "461", "type": "Feature", "properties": {"id": "54957102-44ed-4c74-b08c-1099a03a0287", "name": null, "subtype": null, "class": null, "height": null, "num_floors": null, "surge_class": 4, "surge_ft": 3.5, "flood_active": false, "exposure_score": 0.105, "exposure_category": "low"}, "geometry": {"type": "Polygon", "coordinates": [[[-75.0805718, 38.3571243], [-75.0807133, 38.3571595], [-75.0807565, 38.3570527], [-75.080615, 38.3570175], [-75.0805718, 38.3571243]]]}}, {"id": "462", "type": "Feature", "properties": {"id": "f44ccef2-ad5a-4e46-b928-bdb55a970927", "name": null, "subtype": null, "class": null, "height": 2.7834503650665283, "num_floors": null, "surge_class": 4, "surge_ft": 3.5, "flood_active": false, "exposure_score": 0.105, "exposure_category": "low"}, "geometry": {"type": "Polygon", "coordinates": [[[-75.0810454, 38.35665], [-75.0808712, 38.3566056], [-75.0808178, 38.3567345], [-75.0809182, 38.3567601], [-75.0808937, 38.3568192], [-75.0809676, 38.356838], [-75.0810454, 38.35665]]]}}, {"id": "463", "type": "Feature", "properties": {"id": "cd1ad87d-2f4c-4c53-917d-35a952acc043", "name": null, "subtype": null, "class": null, "height": 4.282716274261475, "num_floors": null, "surge_class": 3, "surge_ft": 2.5, "flood_active": false, "exposure_score": 0.075, "exposure_category": "low"}, "geometry": {"type": "Polygon", "coordinates": [[[-75.0804923, 38.3564901], [-75.0804288, 38.3566435], [-75.0807794, 38.3567328], [-75.0808429, 38.3565794], [-75.0804923, 38.3564901]]]}}, {"id": "464", "type": "Feature", "properties": {"id": "ba4dcfa7-241a-4d7c-8fbf-4e9418f5b891", "name": null, "subtype": null, "class": null, "height": 3.7828571796417236, "num_floors": null, "surge_class": 4, "surge_ft": 3.5, "flood_active": false, "exposure_score": 0.105, "exposure_category": "low"}, "geometry": {"type": "Polygon", "coordinates": [[[-75.0801708, 38.3570969], [-75.0803156, 38.3570959], [-75.0803146, 38.35701], [-75.0801698, 38.3570111], [-75.0801708, 38.3570969]]]}}, {"id": "465", "type": "Feature", "properties": {"id": "092db1c9-0eac-4a8f-94f6-467d71aa994c", "name": null, "subtype": null, "class": null, "height": null, "num_floors": null, "surge_class": 5, "surge_ft": 4.5, "flood_active": false, "exposure_score": 0.135, "exposure_category": "low"}, "geometry": {"type": "Polygon", "coordinates": [[[-75.0799575, 38.3570759], [-75.0801064, 38.3570628], [-75.0800931, 38.3569703], [-75.0799443, 38.3569835], [-75.0799575, 38.3570759]]]}}, {"id": "466", "type": "Feature", "properties": {"id": "d60831e1-3969-4469-af5a-51a380b92b59", "name": null, "subtype": null, "class": null, "height": null, "num_floors": null, "surge_class": 5, "surge_ft": 4.5, "flood_active": false, "exposure_score": 0.135, "exposure_category": "low"}, "geometry": {"type": "Polygon", "coordinates": [[[-75.0797795, 38.3570906], [-75.0799277, 38.3570799], [-75.0799174, 38.3569926], [-75.0797692, 38.3570033], [-75.0797795, 38.3570906]]]}}, {"id": "467", "type": "Feature", "properties": {"id": "3b4e201f-69d5-4f47-9b69-2dae42671800", "name": null, "subtype": null, "class": null, "height": null, "num_floors": null, "surge_class": 3, "surge_ft": 2.5, "flood_active": false, "exposure_score": 0.075, "exposure_category": "low"}, "geometry": {"type": "Polygon", "coordinates": [[[-75.0803455, 38.3567001], [-75.08041, 38.3565443], [-75.079885, 38.3564106], [-75.0798205, 38.3565664], [-75.0803455, 38.3567001]]]}}, {"id": "468", "type": "Feature", "properties": {"id": "e39f031f-1b93-49c1-b924-13c1df5e39d1", "name": null, "subtype": null, "class": null, "height": null, "num_floors": null, "surge_class": 4, "surge_ft": 3.5, "flood_active": false, "exposure_score": 0.105, "exposure_category": "low"}, "geometry": {"type": "Polygon", "coordinates": [[[-75.0796817, 38.3562837], [-75.0794784, 38.3567747], [-75.0796439, 38.3568169], [-75.0798473, 38.3563259], [-75.0796817, 38.3562837]]]}}, {"id": "469", "type": "Feature", "properties": {"id": "66eb0e75-a9f9-4404-b98e-bf456e3720b8", "name": null, "subtype": null, "class": null, "height": 4.803045749664307, "num_floors": null, "surge_class": 4, "surge_ft": 3.5, "flood_active": false, "exposure_score": 0.105, "exposure_category": "low"}, "geometry": {"type": "Polygon", "coordinates": [[[-75.0794413, 38.3570751], [-75.0794142, 38.3570603], [-75.079444, 38.3570269], [-75.079352, 38.3569765], [-75.0792614, 38.3570783], [-75.0793803, 38.3571435], [-75.0794413, 38.3570751]]]}}, {"id": "470", "type": "Feature", "properties": {"id": "833cbb56-a5d7-4367-aa9e-39e3994dd98e", "name": null, "subtype": null, "class": null, "height": 4.251745700836182, "num_floors": null, "surge_class": 4, "surge_ft": 3.5, "flood_active": false, "exposure_score": 0.105, "exposure_category": "low"}, "geometry": {"type": "Polygon", "coordinates": [[[-75.07884, 38.3569601], [-75.0788733, 38.3568779], [-75.0787125, 38.3568378], [-75.0786792, 38.35692], [-75.07884, 38.3569601]]]}}, {"id": "471", "type": "Feature", "properties": {"id": "9490fd81-0b7a-4508-8d65-4cf6b3c81f04", "name": null, "subtype": null, "class": null, "height": 4.499851703643799, "num_floors": null, "surge_class": 3, "surge_ft": 2.5, "flood_active": false, "exposure_score": 0.075, "exposure_category": "low"}, "geometry": {"type": "Polygon", "coordinates": [[[-75.078654, 38.3568963], [-75.0784765, 38.3568516], [-75.0784367, 38.3569488], [-75.0786142, 38.3569935], [-75.078654, 38.3568963]]]}}, {"id": "472", "type": "Feature", "properties": {"id": "625f985d-37df-4ed4-a123-446363e973b7", "name": null, "subtype": null, "class": null, "height": 5.086885452270508, "num_floors": null, "surge_class": 4, "surge_ft": 3.5, "flood_active": false, "exposure_score": 0.105, "exposure_category": "low"}, "geometry": {"type": "Polygon", "coordinates": [[[-75.0789129, 38.3568763], [-75.0788835, 38.3569849], [-75.0790349, 38.3570101], [-75.0790643, 38.3569014], [-75.0789129, 38.3568763]]]}}, {"id": "473", "type": "Feature", "properties": {"id": "9f5cd184-cddf-4c4d-a143-b5bca93355d9", "name": null, "subtype": null, "class": null, "height": 3.5265564918518066, "num_floors": null, "surge_class": 4, "surge_ft": 3.5, "flood_active": false, "exposure_score": 0.105, "exposure_category": "low"}, "geometry": {"type": "Polygon", "coordinates": [[[-75.0792367, 38.3570635], [-75.0790618, 38.357018], [-75.0790268, 38.3571005], [-75.0792017, 38.3571461], [-75.0792367, 38.3570635]]]}}, {"id": "474", "type": "Feature", "properties": {"id": "49e10318-44e4-4a36-95a4-135f3d2eb287", "name": null, "subtype": null, "class": null, "height": 3.4906327724456787, "num_floors": null, "surge_class": 3, "surge_ft": 2.5, "flood_active": false, "exposure_score": 0.075, "exposure_category": "low"}, "geometry": {"type": "Polygon", "coordinates": [[[-75.0791083, 38.3572787], [-75.0790496, 38.3572417], [-75.0789873, 38.3573026], [-75.0791252, 38.3573895], [-75.0792046, 38.357312], [-75.0791254, 38.3572621], [-75.0791083, 38.3572787]]]}}, {"id": "475", "type": "Feature", "properties": {"id": "87cd7235-17a5-4bb5-bf39-336e6fbec509", "name": null, "subtype": null, "class": null, "height": 4.186835765838623, "num_floors": null, "surge_class": 2, "surge_ft": 1.5, "flood_active": false, "exposure_score": 0.045, "exposure_category": "low"}, "geometry": {"type": "Polygon", "coordinates": [[[-75.0788302, 38.357146], [-75.0787854, 38.3572543], [-75.0789185, 38.3572881], [-75.0789511, 38.3572094], [-75.0788858, 38.3571927], [-75.078898, 38.3571632], [-75.0788302, 38.357146]]]}}, {"id": "476", "type": "Feature", "properties": {"id": "4d476abc-15a4-4816-941a-090c156ab294", "name": null, "subtype": null, "class": null, "height": 5.00825834274292, "num_floors": null, "surge_class": 3, "surge_ft": 2.5, "flood_active": false, "exposure_score": 0.075, "exposure_category": "low"}, "geometry": {"type": "Polygon", "coordinates": [[[-75.0788238, 38.357092], [-75.0786141, 38.3570401], [-75.0785628, 38.3571674], [-75.0787725, 38.3572194], [-75.0788238, 38.357092]]]}}, {"id": "477", "type": "Feature", "properties": {"id": "e8a8f03d-9e50-40dd-a06d-0c7d7475c791", "name": null, "subtype": null, "class": null, "height": 6.208939552307129, "num_floors": null, "surge_class": 3, "surge_ft": 2.5, "flood_active": false, "exposure_score": 0.075, "exposure_category": "low"}, "geometry": {"type": "Polygon", "coordinates": [[[-75.078618, 38.3575861], [-75.07853, 38.3577211], [-75.0786551, 38.3577713], [-75.0787432, 38.3576362], [-75.078618, 38.3575861]]]}}, {"id": "478", "type": "Feature", "properties": {"id": "927a47fc-8059-48a4-b378-a5eb1401f193", "name": null, "subtype": null, "class": null, "height": 3.6970887184143066, "num_floors": null, "surge_class": 3, "surge_ft": 2.5, "flood_active": false, "exposure_score": 0.075, "exposure_category": "low"}, "geometry": {"type": "Polygon", "coordinates": [[[-75.0787618, 38.3576906], [-75.0786589, 38.3578335], [-75.0787505, 38.357874], [-75.0788534, 38.3577311], [-75.0787618, 38.3576906]]]}}, {"id": "479", "type": "Feature", "properties": {"id": "35dcc2c8-b42a-4975-bcd3-ba34315f3894", "name": null, "subtype": null, "class": null, "height": 3.1833014488220215, "num_floors": null, "surge_class": 3, "surge_ft": 2.5, "flood_active": false, "exposure_score": 0.075, "exposure_category": "low"}, "geometry": {"type": "Polygon", "coordinates": [[[-75.0790622, 38.3577083], [-75.0789272, 38.3577414], [-75.0789588, 38.3578207], [-75.0790938, 38.3577875], [-75.0790622, 38.3577083]]]}}, {"id": "480", "type": "Feature", "properties": {"id": "dc9e233c-cd38-4c64-ab77-5162334bbeaa", "name": null, "subtype": null, "class": null, "height": 3.925269603729248, "num_floors": null, "surge_class": 2, "surge_ft": 1.5, "flood_active": false, "exposure_score": 0.045, "exposure_category": "low"}, "geometry": {"type": "Polygon", "coordinates": [[[-75.0793768, 38.3576297], [-75.0792667, 38.357603], [-75.0792427, 38.3576636], [-75.0793529, 38.3576904], [-75.0793768, 38.3576297]]]}}, {"id": "481", "type": "Feature", "properties": {"id": "e5115ce3-7f92-4bf3-893e-226a55584cab", "name": null, "subtype": null, "class": null, "height": 5.079573631286621, "num_floors": null, "surge_class": 2, "surge_ft": 1.5, "flood_active": false, "exposure_score": 0.045, "exposure_category": "low"}, "geometry": {"type": "Polygon", "coordinates": [[[-75.0793217, 38.3578257], [-75.0793654, 38.3577142], [-75.0792526, 38.3576871], [-75.079209, 38.3577986], [-75.0793217, 38.3578257]]]}}, {"id": "482", "type": "Feature", "properties": {"id": "d58b7e02-91bc-49b1-b5d5-cbd2f5943a78", "name": null, "subtype": null, "class": null, "height": 2.284536123275757, "num_floors": null, "surge_class": 3, "surge_ft": 2.5, "flood_active": false, "exposure_score": 0.075, "exposure_category": "low"}, "geometry": {"type": "Polygon", "coordinates": [[[-75.0794342, 38.35755], [-75.07948, 38.3575416], [-75.0794633, 38.357485], [-75.0794174, 38.3574933], [-75.0794342, 38.35755]]]}}, {"id": "483", "type": "Feature", "properties": {"id": "0403410f-5d15-4e09-93b2-8a20697aa295", "name": null, "subtype": null, "class": null, "height": 4.674210548400879, "num_floors": null, "surge_class": 3, "surge_ft": 2.5, "flood_active": false, "exposure_score": 0.075, "exposure_category": "low"}, "geometry": {"type": "Polygon", "coordinates": [[[-75.079256, 38.3575702], [-75.0793206, 38.357391], [-75.0792163, 38.3573679], [-75.0791728, 38.3574886], [-75.0791529, 38.3574842], [-75.0791318, 38.3575427], [-75.079256, 38.3575702]]]}}, {"id": "484", "type": "Feature", "properties": {"id": "46529709-8f6f-432b-ac9f-f3ea0fc3bf2d", "name": null, "subtype": null, "class": null, "height": 3.779548406600952, "num_floors": null, "surge_class": 4, "surge_ft": 3.5, "flood_active": false, "exposure_score": 0.105, "exposure_category": "low"}, "geometry": {"type": "Polygon", "coordinates": [[[-75.0793793, 38.3572709], [-75.0795413, 38.3572024], [-75.0794994, 38.3571415], [-75.0793374, 38.35721], [-75.0793793, 38.3572709]]]}}, {"id": "485", "type": "Feature", "properties": {"id": "021aa528-b521-4925-bfc0-e7642e1e9df3", "name": null, "subtype": null, "class": null, "height": 4.42892599105835, "num_floors": null, "surge_class": 4, "surge_ft": 3.5, "flood_active": false, "exposure_score": 0.105, "exposure_category": "low"}, "geometry": {"type": "Polygon", "coordinates": [[[-75.0795251, 38.357421], [-75.0796393, 38.3573921], [-75.0795978, 38.3572911], [-75.0794447, 38.3573298], [-75.0794753, 38.3574041], [-75.0795142, 38.3573943], [-75.0795251, 38.357421]]]}}, {"id": "486", "type": "Feature", "properties": {"id": "365831a4-fb39-4512-9e50-ac9fbb35e801", "name": null, "subtype": null, "class": null, "height": 4.8480000495910645, "num_floors": null, "surge_class": 4, "surge_ft": 3.5, "flood_active": false, "exposure_score": 0.105, "exposure_category": "low"}, "geometry": {"type": "Polygon", "coordinates": [[[-75.0796385, 38.3575371], [-75.0796289, 38.3575135], [-75.0796644, 38.3575046], [-75.0796365, 38.3574359], [-75.0795303, 38.3574624], [-75.0795679, 38.3575548], [-75.0796385, 38.3575371]]]}}, {"id": "487", "type": "Feature", "properties": {"id": "63f1bb8d-669c-4ec3-a581-f406a8386946", "name": null, "subtype": null, "class": null, "height": 4.834691524505615, "num_floors": null, "surge_class": 3, "surge_ft": 2.5, "flood_active": false, "exposure_score": 0.075, "exposure_category": "low"}, "geometry": {"type": "Polygon", "coordinates": [[[-75.0796176, 38.3576165], [-75.0794434, 38.3576133], [-75.079436, 38.3578635], [-75.0796103, 38.3578666], [-75.0796176, 38.3576165]]]}}, {"id": "488", "type": "Feature", "properties": {"id": "37a097c4-8642-4439-a775-b2b3d429fa00", "name": null, "subtype": null, "class": null, "height": 3.761061906814575, "num_floors": null, "surge_class": 3, "surge_ft": 2.5, "flood_active": false, "exposure_score": 0.075, "exposure_category": "low"}, "geometry": {"type": "Polygon", "coordinates": [[[-75.079405, 38.357896], [-75.079396, 38.358009], [-75.079692, 38.358024], [-75.079701, 38.357911], [-75.079405, 38.357896]]]}}, {"id": "489", "type": "Feature", "properties": {"id": "942faadc-1d3a-49c5-9de2-c458df5954f5", "name": null, "subtype": null, "class": null, "height": 2.117647171020508, "num_floors": null, "surge_class": 0, "surge_ft": 0.0, "flood_active": false, "exposure_score": 0.0, "exposure_category": "none"}, "geometry": {"type": "Polygon", "coordinates": [[[-75.0793011, 38.3587797], [-75.0791816, 38.3587967], [-75.0791891, 38.3588292], [-75.0793086, 38.3588123], [-75.0793011, 38.3587797]]]}}, {"id": "490", "type": "Feature", "properties": {"id": "e8127c49-0068-445f-a7ce-b537532cb34f", "name": null, "subtype": null, "class": null, "height": 5.466797828674316, "num_floors": null, "surge_class": 3, "surge_ft": 2.5, "flood_active": false, "exposure_score": 0.075, "exposure_category": "low"}, "geometry": {"type": "Polygon", "coordinates": [[[-75.0790105, 38.3580326], [-75.0790106, 38.3579136], [-75.07889, 38.3579136], [-75.0788898, 38.3580325], [-75.0790105, 38.3580326]]]}}, {"id": "491", "type": "Feature", "properties": {"id": "e7750da0-307a-4c53-bff7-5eb1386410d7", "name": null, "subtype": null, "class": null, "height": 5.728211879730225, "num_floors": null, "surge_class": 3, "surge_ft": 2.5, "flood_active": false, "exposure_score": 0.075, "exposure_category": "low"}, "geometry": {"type": "Polygon", "coordinates": [[[-75.079043, 38.357938], [-75.079043, 38.358072], [-75.079233, 38.358072], [-75.079233, 38.357938], [-75.079043, 38.357938]]]}}, {"id": "492", "type": "Feature", "properties": {"id": "04919dde-cbbd-448e-9ddd-37fff9cedc85", "name": null, "subtype": null, "class": null, "height": 5.260447978973389, "num_floors": null, "surge_class": 3, "surge_ft": 2.5, "flood_active": false, "exposure_score": 0.075, "exposure_category": "low"}, "geometry": {"type": "Polygon", "coordinates": [[[-75.0788455, 38.3579569], [-75.0787356, 38.3579592], [-75.0787407, 38.3581126], [-75.0788506, 38.3581104], [-75.0788455, 38.3579569]]]}}, {"id": "493", "type": "Feature", "properties": {"id": "b10d5efd-e9b6-454f-9a9f-8ac5bc90be3c", "name": null, "subtype": null, "class": null, "height": 5.394148349761963, "num_floors": null, "surge_class": 3, "surge_ft": 2.5, "flood_active": false, "exposure_score": 0.075, "exposure_category": "low"}, "geometry": {"type": "Polygon", "coordinates": [[[-75.0785848, 38.3580703], [-75.0786882, 38.3579398], [-75.0785934, 38.3578936], [-75.07849, 38.3580241], [-75.0785848, 38.3580703]]]}}, {"id": "494", "type": "Feature", "properties": {"id": "f60000a4-1501-4312-b426-9c10a2e9a593", "name": null, "subtype": null, "class": null, "height": 4.919566631317139, "num_floors": null, "surge_class": 3, "surge_ft": 2.5, "flood_active": false, "exposure_score": 0.075, "exposure_category": "low"}, "geometry": {"type": "Polygon", "coordinates": [[[-75.0784661, 38.3579329], [-75.0785198, 38.3578022], [-75.0784008, 38.3577721], [-75.078347, 38.3579028], [-75.0784661, 38.3579329]]]}}, {"id": "495", "type": "Feature", "properties": {"id": "f1770133-14e0-4e5f-a166-8461913b4184", "name": null, "subtype": null, "class": null, "height": 3.67031192779541, "num_floors": null, "surge_class": 4, "surge_ft": 3.5, "flood_active": false, "exposure_score": 0.105, "exposure_category": "low"}, "geometry": {"type": "Polygon", "coordinates": [[[-75.0775733, 38.3574571], [-75.0774748, 38.3574308], [-75.0774198, 38.3575574], [-75.0775183, 38.3575837], [-75.0775733, 38.3574571]]]}}, {"id": "496", "type": "Feature", "properties": {"id": "260c2b46-4e23-497c-a3e5-c37d16ae3ac9", "name": null, "subtype": null, "class": null, "height": 5.7815937995910645, "num_floors": null, "surge_class": 4, "surge_ft": 3.5, "flood_active": false, "exposure_score": 0.105, "exposure_category": "low"}, "geometry": {"type": "Polygon", "coordinates": [[[-75.0773839, 38.3574631], [-75.0772722, 38.3574347], [-75.0772294, 38.3575384], [-75.077341, 38.3575667], [-75.0773839, 38.3574631]]]}}, {"id": "497", "type": "Feature", "properties": {"id": "f87663da-e55f-42aa-a766-dc7f3bed4f30", "name": null, "subtype": null, "class": null, "height": 3.1532976627349854, "num_floors": null, "surge_class": 3, "surge_ft": 2.5, "flood_active": false, "exposure_score": 0.075, "exposure_category": "low"}, "geometry": {"type": "Polygon", "coordinates": [[[-75.077517, 38.3572041], [-75.0773662, 38.3571649], [-75.0773341, 38.3572407], [-75.077485, 38.3572799], [-75.077517, 38.3572041]]]}}, {"id": "498", "type": "Feature", "properties": {"id": "216a3329-9bbb-45c2-9fc0-582a0f030aee", "name": null, "subtype": null, "class": null, "height": 4.007822513580322, "num_floors": null, "surge_class": 4, "surge_ft": 3.5, "flood_active": false, "exposure_score": 0.105, "exposure_category": "low"}, "geometry": {"type": "Polygon", "coordinates": [[[-75.0775443, 38.3572019], [-75.0775033, 38.3573042], [-75.0776188, 38.3573327], [-75.0776598, 38.3572303], [-75.0775443, 38.3572019]]]}}, {"id": "499", "type": "Feature", "properties": {"id": "45d7cb1c-818c-4dde-aec7-8b52660e55af", "name": null, "subtype": null, "class": null, "height": 3.440727949142456, "num_floors": null, "surge_class": 4, "surge_ft": 3.5, "flood_active": false, "exposure_score": 0.105, "exposure_category": "low"}, "geometry": {"type": "Polygon", "coordinates": [[[-75.077697, 38.3572583], [-75.0776396, 38.3574043], [-75.0777831, 38.357439], [-75.0778405, 38.357293], [-75.077697, 38.3572583]]]}}, {"id": "500", "type": "Feature", "properties": {"id": "a9ad58eb-c04d-4738-a8e3-7a98fce431d6", "name": null, "subtype": null, "class": null, "height": 5.083683013916016, "num_floors": null, "surge_class": 3, "surge_ft": 2.5, "flood_active": false, "exposure_score": 0.075, "exposure_category": "low"}, "geometry": {"type": "Polygon", "coordinates": [[[-75.0780001, 38.3573389], [-75.0778662, 38.3573054], [-75.0778106, 38.357442], [-75.0779445, 38.3574755], [-75.0780001, 38.3573389]]]}}, {"id": "501", "type": "Feature", "properties": {"id": "8ddfd926-3df0-4ea9-8a09-4e88657152c8", "name": null, "subtype": null, "class": null, "height": 4.478366374969482, "num_floors": null, "surge_class": 4, "surge_ft": 3.5, "flood_active": false, "exposure_score": 0.105, "exposure_category": "low"}, "geometry": {"type": "Polygon", "coordinates": [[[-75.0778569, 38.3576884], [-75.0779254, 38.3575299], [-75.077794, 38.357495], [-75.0777255, 38.3576535], [-75.0778569, 38.3576884]]]}}, {"id": "502", "type": "Feature", "properties": {"id": "3b6a4704-13fa-41b0-9c98-2ece96cd0898", "name": null, "subtype": null, "class": null, "height": 3.317530870437622, "num_floors": null, "surge_class": 3, "surge_ft": 2.5, "flood_active": false, "exposure_score": 0.075, "exposure_category": "low"}, "geometry": {"type": "Polygon", "coordinates": [[[-75.0777241, 38.3575469], [-75.077606, 38.3575191], [-75.077572, 38.3576079], [-75.0776901, 38.3576357], [-75.0777241, 38.3575469]]]}}, {"id": "503", "type": "Feature", "properties": {"id": "f9b3b9cc-fc35-458c-9d23-9853ac4fe7ad", "name": null, "subtype": null, "class": null, "height": 5.273402214050293, "num_floors": null, "surge_class": 3, "surge_ft": 2.5, "flood_active": false, "exposure_score": 0.075, "exposure_category": "low"}, "geometry": {"type": "Polygon", "coordinates": [[[-75.07808, 38.3575808], [-75.0779457, 38.3575453], [-75.0778954, 38.3576622], [-75.0780297, 38.3576977], [-75.07808, 38.3575808]]]}}, {"id": "504", "type": "Feature", "properties": {"id": "42156594-8ee4-45da-b265-737275db15b7", "name": null, "subtype": null, "class": null, "height": 5.446479320526123, "num_floors": null, "surge_class": 3, "surge_ft": 2.5, "flood_active": false, "exposure_score": 0.075, "exposure_category": "low"}, "geometry": {"type": "Polygon", "coordinates": [[[-75.0782413, 38.3576356], [-75.0781044, 38.3576], [-75.0780548, 38.3577176], [-75.0781917, 38.3577531], [-75.0782413, 38.3576356]]]}}, {"id": "505", "type": "Feature", "properties": {"id": "e42318c3-9cd1-4e27-b226-589129fba803", "name": null, "subtype": null, "class": null, "height": 3.934732437133789, "num_floors": null, "surge_class": 3, "surge_ft": 2.5, "flood_active": false, "exposure_score": 0.075, "exposure_category": "low"}, "geometry": {"type": "Polygon", "coordinates": [[[-75.0782537, 38.3576718], [-75.0781892, 38.3578265], [-75.0783321, 38.3578631], [-75.0783967, 38.3577085], [-75.0782537, 38.3576718]]]}}, {"id": "506", "type": "Feature", "properties": {"id": "dcb81e32-2d05-4591-88dd-43763567cf86", "name": null, "subtype": null, "class": null, "height": 4.602084636688232, "num_floors": null, "surge_class": 3, "surge_ft": 2.5, "flood_active": false, "exposure_score": 0.075, "exposure_category": "low"}, "geometry": {"type": "Polygon", "coordinates": [[[-75.0785035, 38.3576327], [-75.0785704, 38.3574958], [-75.078436, 38.3574554], [-75.078369, 38.3575923], [-75.0785035, 38.3576327]]]}}, {"id": "507", "type": "Feature", "properties": {"id": "2f9aa1cc-e67e-4dfc-8076-71548381f905", "name": null, "subtype": null, "class": null, "height": 3.3221042156219482, "num_floors": null, "surge_class": 3, "surge_ft": 2.5, "flood_active": false, "exposure_score": 0.075, "exposure_category": "low"}, "geometry": {"type": "Polygon", "coordinates": [[[-75.0782461, 38.3573811], [-75.078209, 38.3574634], [-75.0783412, 38.3575], [-75.0783782, 38.3574177], [-75.0782461, 38.3573811]]]}}, {"id": "508", "type": "Feature", "properties": {"id": "ab5716d8-8964-411c-ae96-9f7454c4c9e2", "name": null, "subtype": null, "class": null, "height": 4.778190612792969, "num_floors": null, "surge_class": 2, "surge_ft": 1.5, "flood_active": false, "exposure_score": 0.045, "exposure_category": "low"}, "geometry": {"type": "Polygon", "coordinates": [[[-75.0783931, 38.3570071], [-75.0783427, 38.3571382], [-75.0785232, 38.3571808], [-75.0785736, 38.3570497], [-75.0783931, 38.3570071]]]}}, {"id": "509", "type": "Feature", "properties": {"id": "0d39594c-5ad4-4060-82ae-656bd0af1efc", "name": null, "subtype": null, "class": null, "height": 2.6037020683288574, "num_floors": null, "surge_class": 2, "surge_ft": 1.5, "flood_active": false, "exposure_score": 0.045, "exposure_category": "low"}, "geometry": {"type": "Polygon", "coordinates": [[[-75.0781808, 38.3574499], [-75.0782107, 38.3573744], [-75.0780487, 38.357335], [-75.0780188, 38.3574105], [-75.0781808, 38.3574499]]]}}, {"id": "510", "type": "Feature", "properties": {"id": "1b148502-b195-4cab-8899-0cce5a0e1146", "name": null, "subtype": null, "class": null, "height": 4.371832847595215, "num_floors": null, "surge_class": 4, "surge_ft": 3.5, "flood_active": false, "exposure_score": 0.105, "exposure_category": "low"}, "geometry": {"type": "Polygon", "coordinates": [[[-75.0781753, 38.3566763], [-75.0781233, 38.3568018], [-75.0782324, 38.3568296], [-75.0782845, 38.3567041], [-75.0781753, 38.3566763]]]}}, {"id": "511", "type": "Feature", "properties": {"id": "13978940-59dd-42d8-a8b0-1cff024ce3c5", "name": null, "subtype": null, "class": null, "height": 3.4519667625427246, "num_floors": null, "surge_class": 4, "surge_ft": 3.5, "flood_active": false, "exposure_score": 0.105, "exposure_category": "low"}, "geometry": {"type": "Polygon", "coordinates": [[[-75.0781166, 38.3570827], [-75.0781428, 38.3569995], [-75.0781024, 38.3569916], [-75.0781182, 38.3569413], [-75.0780384, 38.3569258], [-75.0779963, 38.3570594], [-75.0781166, 38.3570827]]]}}, {"id": "512", "type": "Feature", "properties": {"id": "fbbc0885-3434-4454-9d74-4625f2ae8ac3", "name": null, "subtype": null, "class": null, "height": 4.418071269989014, "num_floors": null, "surge_class": 2, "surge_ft": 1.5, "flood_active": false, "exposure_score": 0.045, "exposure_category": "low"}, "geometry": {"type": "Polygon", "coordinates": [[[-75.0781941, 38.3569283], [-75.0781458, 38.3570465], [-75.0783306, 38.357093], [-75.078379, 38.3569748], [-75.0781941, 38.3569283]]]}}, {"id": "513", "type": "Feature", "properties": {"id": "343a37c1-7506-43af-8dbe-34fdd5329715", "name": null, "subtype": null, "class": null, "height": 3.57612943649292, "num_floors": null, "surge_class": 3, "surge_ft": 2.5, "flood_active": false, "exposure_score": 0.075, "exposure_category": "low"}, "geometry": {"type": "Polygon", "coordinates": [[[-75.0784404, 38.3568591], [-75.0784865, 38.3567466], [-75.078398, 38.3567243], [-75.0783815, 38.3567643], [-75.0782989, 38.3567434], [-75.078252, 38.3568578], [-75.0783089, 38.3568722], [-75.0783261, 38.3568302], [-75.0784404, 38.3568591]]]}}, {"id": "514", "type": "Feature", "properties": {"id": "5acdb0a4-b1c8-4971-bf05-eb57e6c529f6", "name": null, "subtype": null, "class": null, "height": 3.8763530254364014, "num_floors": null, "surge_class": 4, "surge_ft": 3.5, "flood_active": false, "exposure_score": 0.105, "exposure_category": "low"}, "geometry": {"type": "Polygon", "coordinates": [[[-75.0776915, 38.3567278], [-75.0777475, 38.3565951], [-75.0776556, 38.3565713], [-75.0775996, 38.356704], [-75.0776915, 38.3567278]]]}}, {"id": "515", "type": "Feature", "properties": {"id": "4163e1cc-1f6c-475e-88d5-b3b9590cea56", "name": null, "subtype": null, "class": null, "height": 3.550239324569702, "num_floors": null, "surge_class": 4, "surge_ft": 3.5, "flood_active": false, "exposure_score": 0.105, "exposure_category": "low"}, "geometry": {"type": "Polygon", "coordinates": [[[-75.077854, 38.356796], [-75.0779151, 38.3566311], [-75.0777964, 38.3566041], [-75.0777353, 38.3567689], [-75.077854, 38.356796]]]}}, {"id": "516", "type": "Feature", "properties": {"id": "bbb62721-39e6-4ddb-9e09-799b58a72fcd", "name": null, "subtype": null, "class": null, "height": 3.848397970199585, "num_floors": null, "surge_class": 4, "surge_ft": 3.5, "flood_active": false, "exposure_score": 0.105, "exposure_category": "low"}, "geometry": {"type": "Polygon", "coordinates": [[[-75.0778373, 38.3569329], [-75.0778089, 38.3570078], [-75.0779536, 38.3570415], [-75.077982, 38.3569666], [-75.0778373, 38.3569329]]]}}, {"id": "517", "type": "Feature", "properties": {"id": "88e52298-dedf-4591-95da-620436f7ca3a", "name": null, "subtype": null, "class": null, "height": 4.351267337799072, "num_floors": null, "surge_class": 4, "surge_ft": 3.5, "flood_active": false, "exposure_score": 0.105, "exposure_category": "low"}, "geometry": {"type": "Polygon", "coordinates": [[[-75.0777792, 38.356887], [-75.0776912, 38.3568682], [-75.0776555, 38.3569708], [-75.0777817, 38.3569978], [-75.077807, 38.3569251], [-75.0777688, 38.3569169], [-75.0777792, 38.356887]]]}}, {"id": "518", "type": "Feature", "properties": {"id": "706f4262-19c8-4fe3-892a-fe3f9e17f46c", "name": null, "subtype": null, "class": null, "height": 4.360769271850586, "num_floors": null, "surge_class": 3, "surge_ft": 2.5, "flood_active": false, "exposure_score": 0.075, "exposure_category": "low"}, "geometry": {"type": "Polygon", "coordinates": [[[-75.077611, 38.3569664], [-75.0776367, 38.3568942], [-75.07745, 38.3568534], [-75.0774638, 38.3568144], [-75.0774265, 38.3568062], [-75.0774182, 38.3568296], [-75.0773784, 38.3568209], [-75.0773908, 38.3567858], [-75.0773535, 38.3567776], [-75.0773292, 38.356846], [-75.0774263, 38.3568672], [-75.0774069, 38.3569218], [-75.077611, 38.3569664]]]}}, {"id": "519", "type": "Feature", "properties": {"id": "3f55cee4-b2ac-4d61-aae4-bfe35d4d001b", "name": null, "subtype": null, "class": null, "height": 3.7646806240081787, "num_floors": null, "surge_class": 4, "surge_ft": 3.5, "flood_active": false, "exposure_score": 0.105, "exposure_category": "low"}, "geometry": {"type": "Polygon", "coordinates": [[[-75.0776055, 38.3565333], [-75.0774897, 38.3565063], [-75.0774501, 38.3566106], [-75.0775659, 38.3566377], [-75.0776055, 38.3565333]]]}}, {"id": "520", "type": "Feature", "properties": {"id": "22524603-da80-4316-82a4-cb3947075f9c", "name": null, "subtype": null, "class": null, "height": 4.2875752449035645, "num_floors": null, "surge_class": 3, "surge_ft": 2.5, "flood_active": false, "exposure_score": 0.075, "exposure_category": "low"}, "geometry": {"type": "Polygon", "coordinates": [[[-75.0774575, 38.3564929], [-75.0773094, 38.3564567], [-75.077266, 38.356566], [-75.0774141, 38.3566022], [-75.0774575, 38.3564929]]]}}, {"id": "521", "type": "Feature", "properties": {"id": "c62f0655-2901-4710-aca6-0060c2f78577", "name": null, "subtype": null, "class": null, "height": 3.480168104171753, "num_floors": null, "surge_class": 3, "surge_ft": 2.5, "flood_active": false, "exposure_score": 0.075, "exposure_category": "low"}, "geometry": {"type": "Polygon", "coordinates": [[[-75.077217, 38.3564811], [-75.0771336, 38.3564597], [-75.0771043, 38.35653], [-75.0772411, 38.356565], [-75.0772807, 38.35647], [-75.0772273, 38.3564563], [-75.077217, 38.3564811]]]}}, {"id": "522", "type": "Feature", "properties": {"id": "a943b98e-04ff-4416-8328-d334f7c705a0", "name": null, "subtype": null, "class": null, "height": 4.354043960571289, "num_floors": null, "surge_class": 4, "surge_ft": 3.5, "flood_active": false, "exposure_score": 0.105, "exposure_category": "low"}, "geometry": {"type": "Polygon", "coordinates": [[[-75.0767768, 38.3563183], [-75.076646, 38.3562848], [-75.0765714, 38.3564634], [-75.0767023, 38.3564969], [-75.0767768, 38.3563183]]]}}, {"id": "523", "type": "Feature", "properties": {"id": "d7337c07-4377-45f5-871e-caf682ef8c50", "name": null, "subtype": null, "class": null, "height": 4.2727274894714355, "num_floors": null, "surge_class": 3, "surge_ft": 2.5, "flood_active": false, "exposure_score": 0.075, "exposure_category": "low"}, "geometry": {"type": "Polygon", "coordinates": [[[-75.0768585, 38.356754], [-75.0768454, 38.3567852], [-75.0769311, 38.3568074], [-75.0769958, 38.3566537], [-75.0769101, 38.3566316], [-75.0768973, 38.3566619], [-75.0768635, 38.3566531], [-75.0768247, 38.3567452], [-75.0768585, 38.356754]]]}}, {"id": "524", "type": "Feature", "properties": {"id": "2e3d421b-9d70-4143-b7ff-bc6e903ee247", "name": null, "subtype": null, "class": null, "height": 4.344465255737305, "num_floors": null, "surge_class": 4, "surge_ft": 3.5, "flood_active": false, "exposure_score": 0.105, "exposure_category": "low"}, "geometry": {"type": "Polygon", "coordinates": [[[-75.077132, 38.3568116], [-75.0771853, 38.3566811], [-75.0770426, 38.3566453], [-75.0770013, 38.3567463], [-75.0770714, 38.3567639], [-75.0770594, 38.3567933], [-75.077132, 38.3568116]]]}}, {"id": "525", "type": "Feature", "properties": {"id": "63dc2fb6-dbba-4219-94be-6278edd7fba7", "name": null, "subtype": null, "class": null, "height": 3.534872055053711, "num_floors": null, "surge_class": 3, "surge_ft": 2.5, "flood_active": false, "exposure_score": 0.075, "exposure_category": "low"}, "geometry": {"type": "Polygon", "coordinates": [[[-75.0772051, 38.3571251], [-75.0771747, 38.3572039], [-75.0773055, 38.3572349], [-75.0773359, 38.357156], [-75.0772051, 38.3571251]]]}}, {"id": "526", "type": "Feature", "properties": {"id": "ac98c977-9bdd-4984-a863-41b7f83d7e68", "name": null, "subtype": null, "class": null, "height": 3.623774528503418, "num_floors": null, "surge_class": 4, "surge_ft": 3.5, "flood_active": false, "exposure_score": 0.105, "exposure_category": "low"}, "geometry": {"type": "Polygon", "coordinates": [[[-75.0771691, 38.3570993], [-75.0770405, 38.35707], [-75.0770117, 38.3571476], [-75.0770587, 38.3571583], [-75.0770462, 38.3571921], [-75.0771278, 38.3572107], [-75.0771691, 38.3570993]]]}}, {"id": "527", "type": "Feature", "properties": {"id": "a0afb5ad-7d6b-4345-88d3-1545bab62887", "name": null, "subtype": null, "class": null, "height": 5.560276985168457, "num_floors": null, "surge_class": 2, "surge_ft": 1.5, "flood_active": false, "exposure_score": 0.045, "exposure_category": "low"}, "geometry": {"type": "Polygon", "coordinates": [[[-75.0767648, 38.3572172], [-75.0766557, 38.3571892], [-75.0765741, 38.357385], [-75.0766832, 38.3574129], [-75.0767648, 38.3572172]]]}}, {"id": "528", "type": "Feature", "properties": {"id": "19da4158-a0c6-4e5c-8f27-24f1b25db705", "name": null, "subtype": null, "class": null, "height": 4.717194557189941, "num_floors": null, "surge_class": 4, "surge_ft": 3.5, "flood_active": false, "exposure_score": 0.105, "exposure_category": "low"}, "geometry": {"type": "Polygon", "coordinates": [[[-75.0769481, 38.3572277], [-75.0770104, 38.3570859], [-75.0768689, 38.3570477], [-75.0768066, 38.3571895], [-75.0769481, 38.3572277]]]}}, {"id": "529", "type": "Feature", "properties": {"id": "57e001f6-6e9c-4cb0-abc9-b9d71e0e81ac", "name": null, "subtype": null, "class": null, "height": 4.2465009689331055, "num_floors": null, "surge_class": 3, "surge_ft": 2.5, "flood_active": false, "exposure_score": 0.075, "exposure_category": "low"}, "geometry": {"type": "Polygon", "coordinates": [[[-75.0767825, 38.3571767], [-75.0768245, 38.3570794], [-75.076709, 38.3570488], [-75.076667, 38.357146], [-75.0767825, 38.3571767]]]}}, {"id": "530", "type": "Feature", "properties": {"id": "1ebe8402-5003-46cb-90a9-c3af3b860762", "name": null, "subtype": null, "class": null, "height": 4.276521682739258, "num_floors": null, "surge_class": 3, "surge_ft": 2.5, "flood_active": false, "exposure_score": 0.075, "exposure_category": "low"}, "geometry": {"type": "Polygon", "coordinates": [[[-75.0763722, 38.3572084], [-75.0764073, 38.3571287], [-75.0762983, 38.3570992], [-75.0762631, 38.3571788], [-75.0763722, 38.3572084]]]}}, {"id": "531", "type": "Feature", "properties": {"id": "97f660bc-dd00-4f20-97f3-e303992c9e89", "name": null, "subtype": null, "class": null, "height": 6.8489532470703125, "num_floors": null, "surge_class": 3, "surge_ft": 2.5, "flood_active": false, "exposure_score": 0.075, "exposure_category": "low"}, "geometry": {"type": "Polygon", "coordinates": [[[-75.0768137, 38.3576401], [-75.0760055, 38.3574378], [-75.0759495, 38.3575754], [-75.0759841, 38.3575841], [-75.0759951, 38.3575569], [-75.076356, 38.3576473], [-75.0763433, 38.3576783], [-75.076331, 38.3576752], [-75.0762418, 38.3578942], [-75.0763975, 38.3579331], [-75.0764906, 38.3577045], [-75.07676, 38.3577719], [-75.0768137, 38.3576401]]]}}, {"id": "532", "type": "Feature", "properties": {"id": "58078898-6fef-446f-8cdd-0626dd675a4f", "name": null, "subtype": null, "class": null, "height": 4.800426959991455, "num_floors": 3, "surge_class": 4, "surge_ft": 3.5, "flood_active": false, "exposure_score": 0.105, "exposure_category": "low"}, "geometry": {"type": "Polygon", "coordinates": [[[-75.0761545, 38.3572829], [-75.0762318, 38.3571086], [-75.0761226, 38.3570788], [-75.0760453, 38.3572531], [-75.0761545, 38.3572829]]]}}, {"id": "533", "type": "Feature", "properties": {"id": "79ce43da-de0d-483a-9b63-d0cd6b9dcfac", "name": null, "subtype": null, "class": null, "height": 4.9329609870910645, "num_floors": null, "surge_class": 4, "surge_ft": 3.5, "flood_active": false, "exposure_score": 0.105, "exposure_category": "low"}, "geometry": {"type": "Polygon", "coordinates": [[[-75.0761547, 38.3569232], [-75.0760175, 38.3568901], [-75.0759831, 38.3569775], [-75.0761203, 38.3570107], [-75.0761547, 38.3569232]]]}}, {"id": "534", "type": "Feature", "properties": {"id": "0fa08e9f-addc-4d39-96c2-e4c84767755b", "name": null, "subtype": null, "class": null, "height": 4.675793647766113, "num_floors": null, "surge_class": 4, "surge_ft": 3.5, "flood_active": false, "exposure_score": 0.105, "exposure_category": "low"}, "geometry": {"type": "Polygon", "coordinates": [[[-75.0764444, 38.3571012], [-75.0765142, 38.3569052], [-75.0764335, 38.3568875], [-75.0764252, 38.356911], [-75.076364, 38.3568976], [-75.0763026, 38.3570702], [-75.0764444, 38.3571012]]]}}, {"id": "535", "type": "Feature", "properties": {"id": "bc3744df-23ab-4b79-9856-76e70825a5bf", "name": null, "subtype": null, "class": null, "height": 4.671424865722656, "num_floors": null, "surge_class": 3, "surge_ft": 2.5, "flood_active": false, "exposure_score": 0.075, "exposure_category": "low"}, "geometry": {"type": "Polygon", "coordinates": [[[-75.0764681, 38.3566498], [-75.0765209, 38.3565153], [-75.0763813, 38.3564816], [-75.0763285, 38.356616], [-75.0764681, 38.3566498]]]}}, {"id": "536", "type": "Feature", "properties": {"id": "59450662-b797-43b0-9bec-35fa33bfe7b1", "name": null, "subtype": null, "class": null, "height": 5.532726287841797, "num_floors": null, "surge_class": 4, "surge_ft": 3.5, "flood_active": false, "exposure_score": 0.105, "exposure_category": "low"}, "geometry": {"type": "Polygon", "coordinates": [[[-75.0763218, 38.3565074], [-75.0762335, 38.3564905], [-75.0762007, 38.3565966], [-75.076289, 38.3566135], [-75.0763218, 38.3565074]]]}}, {"id": "537", "type": "Feature", "properties": {"id": "d9479b5b-edc0-4781-b03a-73fef4503cfa", "name": "7-Eleven", "subtype": null, "class": null, "height": 2.9777777194976807, "num_floors": null, "surge_class": 1, "surge_ft": 0.5, "flood_active": false, "exposure_score": 0.015, "exposure_category": "low"}, "geometry": {"type": "Polygon", "coordinates": [[[-75.0757943, 38.3564901], [-75.0758682, 38.3563213], [-75.0757491, 38.3562892], [-75.0756751, 38.356458], [-75.0757943, 38.3564901]]]}}, {"id": "538", "type": "Feature", "properties": {"id": "b65b4c0a-cb2c-489a-844d-eaaa523cacdb", "name": null, "subtype": null, "class": null, "height": 5.153924942016602, "num_floors": null, "surge_class": 2, "surge_ft": 1.5, "flood_active": false, "exposure_score": 0.045, "exposure_category": "low"}, "geometry": {"type": "Polygon", "coordinates": [[[-75.0759629, 38.3567518], [-75.0759579, 38.3567635], [-75.0758957, 38.3567473], [-75.0758642, 38.3568213], [-75.0759164, 38.356835], [-75.0759072, 38.3568564], [-75.0759645, 38.3568715], [-75.0760102, 38.3567642], [-75.0759629, 38.3567518]]]}}, {"id": "539", "type": "Feature", "properties": {"id": "4a2440b9-2ef9-462b-bee9-fe676b021bef", "name": null, "subtype": null, "class": null, "height": 6.214305400848389, "num_floors": null, "surge_class": 2, "surge_ft": 1.5, "flood_active": false, "exposure_score": 0.045, "exposure_category": "low"}, "geometry": {"type": "Polygon", "coordinates": [[[-75.0758493, 38.35678], [-75.0757134, 38.3567435], [-75.0756552, 38.3568769], [-75.0757911, 38.3569134], [-75.0758493, 38.35678]]]}}, {"id": "540", "type": "Feature", "properties": {"id": "0e02e4a8-7a93-4745-8201-63473261e320", "name": "Dry Dock 28", "subtype": "commercial", "class": null, "height": null, "num_floors": null, "surge_class": 3, "surge_ft": 2.5, "flood_active": false, "exposure_score": 0.075, "exposure_category": "low"}, "geometry": {"type": "Polygon", "coordinates": [[[-75.0754267, 38.3570898], [-75.0755167, 38.3568827], [-75.0753189, 38.3568299], [-75.075229, 38.3570369], [-75.0754267, 38.3570898]]]}}, {"id": "541", "type": "Feature", "properties": {"id": "23b7e0e3-6315-46f3-a665-6a01d495e3f3", "name": "Buxy's Salty Dog", "subtype": "commercial", "class": null, "height": null, "num_floors": null, "surge_class": 3, "surge_ft": 2.5, "flood_active": false, "exposure_score": 0.075, "exposure_category": "low"}, "geometry": {"type": "Polygon", "coordinates": [[[-75.0753189, 38.3568299], [-75.0755167, 38.3568827], [-75.0755597, 38.3567811], [-75.0753629, 38.3567299], [-75.0753189, 38.3568299]]]}}, {"id": "542", "type": "Feature", "properties": {"id": "3ee5495b-cda8-4152-b5ce-f3acc27f16eb", "name": null, "subtype": "commercial", "class": null, "height": 5.1023101806640625, "num_floors": 3, "surge_class": 3, "surge_ft": 2.5, "flood_active": false, "exposure_score": 0.075, "exposure_category": "low"}, "geometry": {"type": "Polygon", "coordinates": [[[-75.075496, 38.3567518], [-75.0755318, 38.3566691], [-75.0754158, 38.3566383], [-75.0753801, 38.3567209], [-75.075496, 38.3567518]]]}}, {"id": "543", "type": "Feature", "properties": {"id": "be39b27a-8d36-4431-ac62-c55d635f3607", "name": null, "subtype": null, "class": null, "height": 2.7097361087799072, "num_floors": null, "surge_class": 2, "surge_ft": 1.5, "flood_active": false, "exposure_score": 0.045, "exposure_category": "low"}, "geometry": {"type": "Polygon", "coordinates": [[[-75.0752172, 38.3578764], [-75.0752944, 38.357685], [-75.0749954, 38.3576109], [-75.0749182, 38.3578022], [-75.0752172, 38.3578764]]]}}, {"id": "544", "type": "Feature", "properties": {"id": "ba3ae274-a81f-498a-90e2-82f666f63893", "name": null, "subtype": null, "class": null, "height": null, "num_floors": null, "surge_class": 3, "surge_ft": 2.5, "flood_active": false, "exposure_score": 0.075, "exposure_category": "low"}, "geometry": {"type": "Polygon", "coordinates": [[[-75.0752588, 38.3574973], [-75.0752834, 38.3574466], [-75.0751981, 38.3574211], [-75.0751735, 38.3574718], [-75.0752588, 38.3574973]]]}}, {"id": "545", "type": "Feature", "properties": {"id": "c6079115-ea3e-4a34-be7f-38bc08e76fd8", "name": null, "subtype": null, "class": null, "height": null, "num_floors": null, "surge_class": 3, "surge_ft": 2.5, "flood_active": false, "exposure_score": 0.075, "exposure_category": "low"}, "geometry": {"type": "Polygon", "coordinates": [[[-75.0754, 38.3573086], [-75.0753722, 38.3573861], [-75.075613, 38.3574393], [-75.0756408, 38.3573618], [-75.0754, 38.3573086]]]}}, {"id": "546", "type": "Feature", "properties": {"id": "ae71e0cc-738b-407a-ab89-f6e38c76f9de", "name": null, "subtype": null, "class": null, "height": 3.999406099319458, "num_floors": null, "surge_class": 4, "surge_ft": 3.5, "flood_active": false, "exposure_score": 0.105, "exposure_category": "low"}, "geometry": {"type": "Polygon", "coordinates": [[[-75.075681, 38.35781], [-75.075606, 38.3579938], [-75.0756962, 38.3580164], [-75.0757712, 38.3578326], [-75.075681, 38.35781]]]}}, {"id": "547", "type": "Feature", "properties": {"id": "107e9c34-d951-46e7-818d-699fd842d32a", "name": null, "subtype": null, "class": null, "height": 3.175482749938965, "num_floors": null, "surge_class": 2, "surge_ft": 1.5, "flood_active": false, "exposure_score": 0.045, "exposure_category": "low"}, "geometry": {"type": "Polygon", "coordinates": [[[-75.075695, 38.3580279], [-75.0755478, 38.3579931], [-75.0754359, 38.3582839], [-75.075583, 38.3583187], [-75.075695, 38.3580279]]]}}, {"id": "548", "type": "Feature", "properties": {"id": "6885fb68-c8fb-4aea-9c53-22d9343b1425", "name": null, "subtype": "outbuilding", "class": "roof", "height": null, "num_floors": null, "surge_class": 3, "surge_ft": 2.5, "flood_active": false, "exposure_score": 0.075, "exposure_category": "low"}, "geometry": {"type": "Polygon", "coordinates": [[[-75.0753034, 38.358518], [-75.0752194, 38.3587205], [-75.075261, 38.3587311], [-75.0752822, 38.3586798], [-75.0753449, 38.3585286], [-75.0753034, 38.358518]]]}}, {"id": "549", "type": "Feature", "properties": {"id": "2d7c9c4e-f023-480d-acb4-82d6fb9a1e4f", "name": "Guest Services", "subtype": null, "class": null, "height": 8.10195541381836, "num_floors": null, "surge_class": 3, "surge_ft": 2.5, "flood_active": false, "exposure_score": 0.075, "exposure_category": "low"}, "geometry": {"type": "Polygon", "coordinates": [[[-75.0749785, 38.3591553], [-75.0751207, 38.3591946], [-75.0752062, 38.3590045], [-75.0751623, 38.3589924], [-75.0751827, 38.3589404], [-75.0751798, 38.3589255], [-75.075152, 38.3588878], [-75.0751385, 38.3588881], [-75.0751207, 38.3588524], [-75.0751035, 38.3588389], [-75.0749621, 38.3588793], [-75.0749313, 38.3589478], [-75.0749172, 38.3589438], [-75.0748532, 38.3590864], [-75.0749287, 38.3591072], [-75.0749101, 38.3591486], [-75.0749736, 38.3591661], [-75.0749785, 38.3591553]]]}}, {"id": "550", "type": "Feature", "properties": {"id": "3c45af37-fefc-4a22-b521-fa0b350e0f4d", "name": null, "subtype": "outbuilding", "class": "roof", "height": null, "num_floors": null, "surge_class": 2, "surge_ft": 1.5, "flood_active": false, "exposure_score": 0.045, "exposure_category": "low"}, "geometry": {"type": "Polygon", "coordinates": [[[-75.0752365, 38.3588664], [-75.0753195, 38.3588839], [-75.0753293, 38.3588552], [-75.0753341, 38.3588414], [-75.0752512, 38.3588239], [-75.0752365, 38.3588664]]]}}, {"id": "551", "type": "Feature", "properties": {"id": "f537664e-556f-43a1-8215-3de90a4c6710", "name": null, "subtype": "outbuilding", "class": "roof", "height": null, "num_floors": null, "surge_class": 3, "surge_ft": 2.5, "flood_active": false, "exposure_score": 0.075, "exposure_category": "low"}, "geometry": {"type": "Polygon", "coordinates": [[[-75.0753416, 38.3588578], [-75.0753271, 38.358897], [-75.0753754, 38.358908], [-75.0753899, 38.3588688], [-75.0753416, 38.3588578]]]}}, {"id": "552", "type": "Feature", "properties": {"id": "b862ecf6-dd65-49dd-83aa-931644951673", "name": null, "subtype": null, "class": null, "height": 3.6458163261413574, "num_floors": null, "surge_class": 0, "surge_ft": 0.0, "flood_active": false, "exposure_score": 0.0, "exposure_category": "none"}, "geometry": {"type": "Polygon", "coordinates": [[[-75.0754322, 38.3587446], [-75.0754145, 38.3586748], [-75.075319, 38.3586897], [-75.0753367, 38.3587595], [-75.0754322, 38.3587446]]]}}, {"id": "553", "type": "Feature", "properties": {"id": "3c2bbd01-bc44-4fb1-9982-3d5d869ecb22", "name": "Bumper Cars", "subtype": null, "class": null, "height": 6.145017623901367, "num_floors": null, "surge_class": 3, "surge_ft": 2.5, "flood_active": false, "exposure_score": 0.075, "exposure_category": "low"}, "geometry": {"type": "Polygon", "coordinates": [[[-75.0758822, 38.3590649], [-75.0759099, 38.3589626], [-75.0756842, 38.3589249], [-75.0756634, 38.3590018], [-75.0756503, 38.3590501], [-75.075876, 38.3590877], [-75.0758822, 38.3590649]]]}}, {"id": "554", "type": "Feature", "properties": {"id": "bc74dbfd-4291-4768-8e77-dd595023662c", "name": null, "subtype": null, "class": null, "height": 2.418952226638794, "num_floors": null, "surge_class": 4, "surge_ft": 3.5, "flood_active": false, "exposure_score": 0.105, "exposure_category": "low"}, "geometry": {"type": "Polygon", "coordinates": [[[-75.0761861, 38.3583254], [-75.0762437, 38.3581865], [-75.0760642, 38.3581407], [-75.0760066, 38.3582796], [-75.0761861, 38.3583254]]]}}, {"id": "555", "type": "Feature", "properties": {"id": "f6d049a1-4056-41de-beb3-8bdf213179e1", "name": null, "subtype": null, "class": null, "height": null, "num_floors": null, "surge_class": 3, "surge_ft": 2.5, "flood_active": false, "exposure_score": 0.075, "exposure_category": "low"}, "geometry": {"type": "Polygon", "coordinates": [[[-75.0765252, 38.3585163], [-75.0766158, 38.3584105], [-75.0765689, 38.3583858], [-75.0764783, 38.3584916], [-75.0765252, 38.3585163]]]}}, {"id": "556", "type": "Feature", "properties": {"id": "9c13aa18-303c-42c8-8261-c2496b7e4ede", "name": null, "subtype": null, "class": null, "height": 2.5829145908355713, "num_floors": null, "surge_class": 4, "surge_ft": 3.5, "flood_active": false, "exposure_score": 0.105, "exposure_category": "low"}, "geometry": {"type": "Polygon", "coordinates": [[[-75.0771662, 38.3583511], [-75.0771156, 38.3584355], [-75.0772247, 38.3584757], [-75.0772753, 38.3583912], [-75.0771662, 38.3583511]]]}}, {"id": "557", "type": "Feature", "properties": {"id": "5ea8cdc3-d12a-4652-a159-c16ce143a4bc", "name": null, "subtype": null, "class": null, "height": null, "num_floors": null, "surge_class": 2, "surge_ft": 1.5, "flood_active": false, "exposure_score": 0.045, "exposure_category": "low"}, "geometry": {"type": "Polygon", "coordinates": [[[-75.0768602, 38.3594219], [-75.0768735, 38.3593677], [-75.0768786, 38.3593494], [-75.0767963, 38.3593243], [-75.0767383, 38.3592856], [-75.076683, 38.359343], [-75.0767618, 38.3593912], [-75.0767643, 38.3594048], [-75.0768602, 38.3594219]]]}}, {"id": "558", "type": "Feature", "properties": {"id": "2559c45e-69f4-44ba-b4f9-620be5f9c8a4", "name": null, "subtype": null, "class": null, "height": 11.0949068069458, "num_floors": null, "surge_class": 2, "surge_ft": 1.5, "flood_active": false, "exposure_score": 0.045, "exposure_category": "low"}, "geometry": {"type": "Polygon", "coordinates": [[[-75.0761242, 38.3597534], [-75.0761183, 38.35987], [-75.0762592, 38.3598744], [-75.0762637, 38.3597862], [-75.0763129, 38.3597877], [-75.0763143, 38.3597593], [-75.0761242, 38.3597534]]]}}, {"id": "559", "type": "Feature", "properties": {"id": "4d964f0f-967f-4998-becc-0e51131df6c2", "name": null, "subtype": "outbuilding", "class": "roof", "height": null, "num_floors": null, "surge_class": 2, "surge_ft": 1.5, "flood_active": false, "exposure_score": 0.045, "exposure_category": "low"}, "geometry": {"type": "Polygon", "coordinates": [[[-75.0766692, 38.3592805], [-75.0766266, 38.3592176], [-75.0765075, 38.3592671], [-75.0765502, 38.3593301], [-75.0766692, 38.3592805]]]}}, {"id": "560", "type": "Feature", "properties": {"id": "60eef3a4-0a92-4f91-8883-7646890bb5ac", "name": null, "subtype": null, "class": null, "height": 12.72737979888916, "num_floors": null, "surge_class": 1, "surge_ft": 0.5, "flood_active": false, "exposure_score": 0.015, "exposure_category": "low"}, "geometry": {"type": "Polygon", "coordinates": [[[-75.0761379, 38.3594957], [-75.0761899, 38.359511], [-75.0762106, 38.3594678], [-75.07623, 38.3594274], [-75.076178, 38.3594121], [-75.0761379, 38.3594957]]]}}, {"id": "561", "type": "Feature", "properties": {"id": "c46a5765-d08d-4243-b692-40c2d5596ee1", "name": null, "subtype": "outbuilding", "class": "roof", "height": null, "num_floors": null, "surge_class": 1, "surge_ft": 0.5, "flood_active": false, "exposure_score": 0.015, "exposure_category": "low"}, "geometry": {"type": "Polygon", "coordinates": [[[-75.0752367, 38.3592567], [-75.0752033, 38.3592458], [-75.0751814, 38.3592869], [-75.0752149, 38.3592978], [-75.0752367, 38.3592567]]]}}, {"id": "562", "type": "Feature", "properties": {"id": "16a50e64-0bef-4d5f-8d90-515fc8796b9e", "name": null, "subtype": null, "class": null, "height": null, "num_floors": null, "surge_class": 1, "surge_ft": 0.5, "flood_active": false, "exposure_score": 0.015, "exposure_category": "low"}, "geometry": {"type": "Polygon", "coordinates": [[[-75.0750099, 38.359469], [-75.0749759, 38.3594554], [-75.0749532, 38.3594902], [-75.0749872, 38.3595038], [-75.0750099, 38.359469]]]}}, {"id": "563", "type": "Feature", "properties": {"id": "33b7b185-ff8d-481c-b255-17861c945910", "name": null, "subtype": null, "class": null, "height": null, "num_floors": null, "surge_class": 2, "surge_ft": 1.5, "flood_active": false, "exposure_score": 0.045, "exposure_category": "low"}, "geometry": {"type": "Polygon", "coordinates": [[[-75.0750763, 38.3598525], [-75.0750623, 38.3597892], [-75.0749936, 38.3598621], [-75.0749731, 38.3598839], [-75.0750259, 38.3599129], [-75.0750763, 38.3598525]]]}}, {"id": "564", "type": "Feature", "properties": {"id": "5e396f44-0bb4-46de-a617-e8a3e1521ae0", "name": null, "subtype": "outbuilding", "class": "roof", "height": null, "num_floors": null, "surge_class": 1, "surge_ft": 0.5, "flood_active": false, "exposure_score": 0.015, "exposure_category": "low"}, "geometry": {"type": "Polygon", "coordinates": [[[-75.0776837, 38.3596588], [-75.077705, 38.359598], [-75.0774633, 38.3595459], [-75.0774419, 38.3596066], [-75.0776837, 38.3596588]]]}}, {"id": "565", "type": "Feature", "properties": {"id": "8436ebd2-b3ba-407a-80d3-efef36d2a9ea", "name": "Speedworld entrance 2", "subtype": null, "class": null, "height": 2.294219493865967, "num_floors": null, "surge_class": 2, "surge_ft": 1.5, "flood_active": false, "exposure_score": 0.045, "exposure_category": "low"}, "geometry": {"type": "Polygon", "coordinates": [[[-75.0774646, 38.359724], [-75.0774854, 38.3596677], [-75.0772082, 38.359605], [-75.0771759, 38.3595977], [-75.0771326, 38.3597156], [-75.0772069, 38.3597324], [-75.0774314, 38.3597832], [-75.0774541, 38.3597217], [-75.0774646, 38.359724]]]}}, {"id": "566", "type": "Feature", "properties": {"id": "7763af0c-8ac0-4fd1-b756-c1bdd8678ab1", "name": null, "subtype": "outbuilding", "class": "roof", "height": null, "num_floors": null, "surge_class": 0, "surge_ft": 0.0, "flood_active": false, "exposure_score": 0.0, "exposure_category": "none"}, "geometry": {"type": "Polygon", "coordinates": [[[-75.0774213, 38.3596626], [-75.0774376, 38.359619], [-75.0772739, 38.3595812], [-75.0772575, 38.3596248], [-75.0774213, 38.3596626]]]}}, {"id": "567", "type": "Feature", "properties": {"id": "23ede1f1-3f05-4118-8177-86a369d64d50", "name": null, "subtype": null, "class": null, "height": 7.117716312408447, "num_floors": null, "surge_class": 4, "surge_ft": 3.5, "flood_active": false, "exposure_score": 0.105, "exposure_category": "low"}, "geometry": {"type": "Polygon", "coordinates": [[[-75.0795558, 38.359484], [-75.0796947, 38.3595209], [-75.079861, 38.359136], [-75.0797221, 38.3590992], [-75.0795558, 38.359484]]]}}, {"id": "568", "type": "Feature", "properties": {"id": "4dffc050-6a7c-4969-b525-2837eaf791d4", "name": null, "subtype": null, "class": null, "height": 5.5453410148620605, "num_floors": null, "surge_class": 2, "surge_ft": 1.5, "flood_active": false, "exposure_score": 0.045, "exposure_category": "low"}, "geometry": {"type": "Polygon", "coordinates": [[[-75.0794427, 38.3597622], [-75.0795954, 38.3598017], [-75.0796933, 38.3595693], [-75.0795406, 38.3595297], [-75.0794427, 38.3597622]]]}}, {"id": "569", "type": "Feature", "properties": {"id": "b17f9134-5205-4fa8-8157-1eee200e47e1", "name": null, "subtype": null, "class": null, "height": null, "num_floors": null, "surge_class": 2, "surge_ft": 1.5, "flood_active": false, "exposure_score": 0.045, "exposure_category": "low"}, "geometry": {"type": "Polygon", "coordinates": [[[-75.0791618, 38.3604317], [-75.0793178, 38.3604716], [-75.0795257, 38.359971], [-75.0793697, 38.3599312], [-75.0791618, 38.3604317]]]}}, {"id": "570", "type": "Feature", "properties": {"id": "e010be93-d274-4a47-b2b1-d276117e10ed", "name": null, "subtype": null, "class": null, "height": null, "num_floors": 3, "surge_class": 2, "surge_ft": 1.5, "flood_active": false, "exposure_score": 0.045, "exposure_category": "low"}, "geometry": {"type": "Polygon", "coordinates": [[[-75.0750932, 38.3559998], [-75.0751218, 38.3559305], [-75.0748668, 38.3558659], [-75.0748383, 38.3559352], [-75.0750932, 38.3559998]]]}}, {"id": "571", "type": "Feature", "properties": {"id": "610812df-c035-4f9a-b5be-5b67db68cc76", "name": null, "subtype": null, "class": null, "height": 3.4548635482788086, "num_floors": null, "surge_class": 2, "surge_ft": 1.5, "flood_active": false, "exposure_score": 0.045, "exposure_category": "low"}, "geometry": {"type": "Polygon", "coordinates": [[[-75.0750843, 38.355682], [-75.0750184, 38.3556659], [-75.074992, 38.3557319], [-75.0752667, 38.3557994], [-75.0753145, 38.3556796], [-75.0751057, 38.3556284], [-75.0750843, 38.355682]]]}}, {"id": "572", "type": "Feature", "properties": {"id": "ed195d39-72cc-472e-bd9f-511baa623ed7", "name": "Thrift and Treasures", "subtype": null, "class": null, "height": null, "num_floors": null, "surge_class": 3, "surge_ft": 2.5, "flood_active": false, "exposure_score": 0.075, "exposure_category": "low"}, "geometry": {"type": "Polygon", "coordinates": [[[-75.0758462, 38.3562055], [-75.0758992, 38.3560823], [-75.0756692, 38.3560214], [-75.0756161, 38.3561446], [-75.0758462, 38.3562055]]]}}, {"id": "573", "type": "Feature", "properties": {"id": "1cff6db7-6b78-4b3a-99cd-e00fcb8f3f59", "name": "Crab Factory Express", "subtype": null, "class": null, "height": 5.372847080230713, "num_floors": 2, "surge_class": 3, "surge_ft": 2.5, "flood_active": false, "exposure_score": 0.075, "exposure_category": "low"}, "geometry": {"type": "Polygon", "coordinates": [[[-75.0753808, 38.3553914], [-75.0754222, 38.3552892], [-75.0751998, 38.3552338], [-75.0751584, 38.355336], [-75.0753808, 38.3553914]]]}}, {"id": "574", "type": "Feature", "properties": {"id": "a0d70a0f-9c8b-41f7-b4ec-afac0fc7ecff", "name": null, "subtype": null, "class": null, "height": 3.442260503768921, "num_floors": null, "surge_class": 3, "surge_ft": 2.5, "flood_active": false, "exposure_score": 0.075, "exposure_category": "low"}, "geometry": {"type": "Polygon", "coordinates": [[[-75.0750872, 38.3556635], [-75.0751013, 38.3556246], [-75.0750467, 38.3556124], [-75.0750326, 38.3556513], [-75.0750872, 38.3556635]]]}}, {"id": "575", "type": "Feature", "properties": {"id": "150f38a4-bb85-4391-85c3-6e0ad9e787ba", "name": "Time & Tide", "subtype": null, "class": null, "height": 2.4950151443481445, "num_floors": 2, "surge_class": 2, "surge_ft": 1.5, "flood_active": false, "exposure_score": 0.045, "exposure_category": "low"}, "geometry": {"type": "Polygon", "coordinates": [[[-75.0751736, 38.3556255], [-75.0752183, 38.3555203], [-75.0747945, 38.3554095], [-75.0747497, 38.3555146], [-75.0751736, 38.3556255]]]}}, {"id": "576", "type": "Feature", "properties": {"id": "344d5a11-8493-429a-9de9-4e3e89d40487", "name": null, "subtype": null, "class": null, "height": null, "num_floors": 2, "surge_class": 2, "surge_ft": 1.5, "flood_active": false, "exposure_score": 0.045, "exposure_category": "low"}, "geometry": {"type": "Polygon", "coordinates": [[[-75.0751228, 38.3553197], [-75.075154, 38.3552448], [-75.0749043, 38.355181], [-75.0748731, 38.3552559], [-75.0751228, 38.3553197]]]}}, {"id": "577", "type": "Feature", "properties": {"id": "f78189c0-7947-4123-a024-48122c50ccf7", "name": null, "subtype": null, "class": null, "height": 4.688283920288086, "num_floors": 2, "surge_class": 1, "surge_ft": 0.5, "flood_active": false, "exposure_score": 0.015, "exposure_category": "low"}, "geometry": {"type": "Polygon", "coordinates": [[[-75.0750213, 38.3539865], [-75.0750653, 38.3538839], [-75.0748592, 38.3538295], [-75.0748152, 38.3539321], [-75.0750213, 38.3539865]]]}}, {"id": "578", "type": "Feature", "properties": {"id": "f160a64b-2615-4af3-81a6-cd6e3e08b8e8", "name": "Casablanca Oceanside Inn", "subtype": null, "class": null, "height": 10.158466339111328, "num_floors": 5, "surge_class": 0, "surge_ft": 0.0, "flood_active": false, "exposure_score": 0.0, "exposure_category": "none"}, "geometry": {"type": "Polygon", "coordinates": [[[-75.0746281, 38.3537528], [-75.0750643, 38.3538636], [-75.0751155, 38.3537397], [-75.0748434, 38.3536706], [-75.0748925, 38.3535516], [-75.0747284, 38.3535099], [-75.0746281, 38.3537528]]]}}, {"id": "579", "type": "Feature", "properties": {"id": "18616e9c-bbb7-46ba-8e5b-da0bc6921e12", "name": "Casablanca Oceanside Inn Office", "subtype": null, "class": null, "height": 2.5314555168151855, "num_floors": null, "surge_class": 0, "surge_ft": 0.0, "flood_active": false, "exposure_score": 0.0, "exposure_category": "none"}, "geometry": {"type": "Polygon", "coordinates": [[[-75.0751446, 38.3537046], [-75.0751726, 38.3536379], [-75.0751007, 38.3536193], [-75.0750727, 38.353686], [-75.0751446, 38.3537046]]]}}, {"id": "580", "type": "Feature", "properties": {"id": "7cd422d8-9fcf-40b7-9e82-4efb94c39009", "name": "Kings Arms Motel", "subtype": null, "class": null, "height": 4.297189712524414, "num_floors": 2, "surge_class": 2, "surge_ft": 1.5, "flood_active": false, "exposure_score": 0.045, "exposure_category": "low"}, "geometry": {"type": "Polygon", "coordinates": [[[-75.0761762, 38.3537204], [-75.0762161, 38.3536273], [-75.0755702, 38.353457], [-75.0755303, 38.35355], [-75.0761762, 38.3537204]]]}}, {"id": "581", "type": "Feature", "properties": {"id": "5158235e-aded-49d4-84d2-bdb999033b8a", "name": null, "subtype": null, "class": null, "height": 4.300236225128174, "num_floors": null, "surge_class": 2, "surge_ft": 1.5, "flood_active": false, "exposure_score": 0.045, "exposure_category": "low"}, "geometry": {"type": "Polygon", "coordinates": [[[-75.0759633, 38.3542008], [-75.0760471, 38.3540081], [-75.0757455, 38.3539274], [-75.0756617, 38.35412], [-75.0759633, 38.3542008]]]}}, {"id": "582", "type": "Feature", "properties": {"id": "0b15732c-a4a4-4d10-80e0-44b9402a5bc8", "name": null, "subtype": null, "class": null, "height": 5.743658542633057, "num_floors": 5, "surge_class": 3, "surge_ft": 2.5, "flood_active": false, "exposure_score": 0.075, "exposure_category": "low"}, "geometry": {"type": "Polygon", "coordinates": [[[-75.0758333, 38.3544657], [-75.0758705, 38.3543714], [-75.0752406, 38.3542186], [-75.0752034, 38.354313], [-75.0758333, 38.3544657]]]}}, {"id": "583", "type": "Feature", "properties": {"id": "c4af6627-c7d8-4408-810c-94af2203379e", "name": "Sunsations", "subtype": null, "class": null, "height": 4.795167446136475, "num_floors": null, "surge_class": 2, "surge_ft": 1.5, "flood_active": false, "exposure_score": 0.045, "exposure_category": "low"}, "geometry": {"type": "Polygon", "coordinates": [[[-75.0754116, 38.3548492], [-75.0756502, 38.3549106], [-75.075751, 38.3546697], [-75.0755124, 38.3546083], [-75.0754116, 38.3548492]]]}}, {"id": "584", "type": "Feature", "properties": {"id": "91317abe-e56c-45a5-9c20-95ce8a6de31e", "name": null, "subtype": null, "class": null, "height": 3.472864866256714, "num_floors": null, "surge_class": 5, "surge_ft": 4.5, "flood_active": false, "exposure_score": 0.135, "exposure_category": "low"}, "geometry": {"type": "Polygon", "coordinates": [[[-75.0762859, 38.3546485], [-75.076258, 38.3547242], [-75.0763509, 38.3547453], [-75.0764126, 38.3547593], [-75.0764406, 38.3546836], [-75.0763789, 38.3546696], [-75.0762859, 38.3546485]]]}}, {"id": "585", "type": "Feature", "properties": {"id": "506187be-be8a-43af-b073-db743af7edbd", "name": null, "subtype": null, "class": null, "height": 1.880871295928955, "num_floors": null, "surge_class": 4, "surge_ft": 3.5, "flood_active": false, "exposure_score": 0.105, "exposure_category": "low"}, "geometry": {"type": "Polygon", "coordinates": [[[-75.076549, 38.3543196], [-75.0764174, 38.354287], [-75.0763942, 38.3543443], [-75.0765259, 38.354377], [-75.076549, 38.3543196]]]}}, {"id": "586", "type": "Feature", "properties": {"id": "189042de-ab1e-4e66-b8ee-9e96f28c4386", "name": null, "subtype": null, "class": null, "height": 1.9990547895431519, "num_floors": null, "surge_class": 3, "surge_ft": 2.5, "flood_active": false, "exposure_score": 0.075, "exposure_category": "low"}, "geometry": {"type": "Polygon", "coordinates": [[[-75.0766034, 38.3542447], [-75.0764616, 38.3542053], [-75.0764447, 38.3542427], [-75.0765865, 38.354282], [-75.0766034, 38.3542447]]]}}, {"id": "587", "type": "Feature", "properties": {"id": "17416942-cc6e-453b-95d1-7a42edf152f2", "name": "Raggamuffin", "subtype": "residential", "class": "detached", "height": 2.541796922683716, "num_floors": null, "surge_class": 3, "surge_ft": 2.5, "flood_active": false, "exposure_score": 0.075, "exposure_category": "low"}, "geometry": {"type": "Polygon", "coordinates": [[[-75.0766314, 38.3542406], [-75.0766667, 38.3541619], [-75.0764972, 38.3541152], [-75.0764619, 38.3541939], [-75.0766314, 38.3542406]]]}}, {"id": "588", "type": "Feature", "properties": {"id": "d7a9fdbb-4cbb-41e0-8261-a92309b6b444", "name": null, "subtype": null, "class": null, "height": 1.9575847387313843, "num_floors": null, "surge_class": 3, "surge_ft": 2.5, "flood_active": false, "exposure_score": 0.075, "exposure_category": "low"}, "geometry": {"type": "Polygon", "coordinates": [[[-75.0770213, 38.3542011], [-75.0768695, 38.3541765], [-75.0768376, 38.3542975], [-75.0769894, 38.3543221], [-75.0770213, 38.3542011]]]}}, {"id": "589", "type": "Feature", "properties": {"id": "118ab7c1-d3b2-46ec-bb23-d4e40dd081ba", "name": null, "subtype": null, "class": null, "height": 2.3376309871673584, "num_floors": null, "surge_class": 4, "surge_ft": 3.5, "flood_active": false, "exposure_score": 0.105, "exposure_category": "low"}, "geometry": {"type": "Polygon", "coordinates": [[[-75.0768888, 38.3539889], [-75.0767724, 38.3539665], [-75.0767547, 38.3540232], [-75.0768711, 38.3540455], [-75.0768888, 38.3539889]]]}}, {"id": "590", "type": "Feature", "properties": {"id": "04cba560-3036-4605-973e-d2c19c9fbfbe", "name": null, "subtype": null, "class": null, "height": 2.6523053646087646, "num_floors": null, "surge_class": 3, "surge_ft": 2.5, "flood_active": false, "exposure_score": 0.075, "exposure_category": "low"}, "geometry": {"type": "Polygon", "coordinates": [[[-75.0768776, 38.3539775], [-75.0769017, 38.3539197], [-75.0767854, 38.3538899], [-75.0767613, 38.3539477], [-75.0768776, 38.3539775]]]}}, {"id": "591", "type": "Feature", "properties": {"id": "d5000ebf-959f-4769-8c49-da441a6a1ca4", "name": null, "subtype": null, "class": null, "height": 2.0496671199798584, "num_floors": null, "surge_class": 3, "surge_ft": 2.5, "flood_active": false, "exposure_score": 0.075, "exposure_category": "low"}, "geometry": {"type": "Polygon", "coordinates": [[[-75.0767302, 38.3540096], [-75.0767536, 38.3539501], [-75.0765846, 38.3539092], [-75.0765612, 38.3539687], [-75.0767302, 38.3540096]]]}}, {"id": "592", "type": "Feature", "properties": {"id": "c671a97f-2af6-4880-94eb-7490dd2bfd52", "name": null, "subtype": null, "class": null, "height": 1.9957698583602905, "num_floors": null, "surge_class": 3, "surge_ft": 2.5, "flood_active": false, "exposure_score": 0.075, "exposure_category": "low"}, "geometry": {"type": "Polygon", "coordinates": [[[-75.0767336, 38.3539193], [-75.0767535, 38.3538752], [-75.0766187, 38.3538379], [-75.0765989, 38.3538819], [-75.0767336, 38.3539193]]]}}, {"id": "593", "type": "Feature", "properties": {"id": "9594f163-fbfa-4168-97c7-ea13963aa216", "name": null, "subtype": null, "class": null, "height": 2.0, "num_floors": null, "surge_class": 3, "surge_ft": 2.5, "flood_active": false, "exposure_score": 0.075, "exposure_category": "low"}, "geometry": {"type": "Polygon", "coordinates": [[[-75.0767748, 38.3537686], [-75.076796, 38.3537173], [-75.0767184, 38.3536975], [-75.0766971, 38.3537489], [-75.0767748, 38.3537686]]]}}, {"id": "594", "type": "Feature", "properties": {"id": "3eca6411-c787-410e-8295-e209ca00e0bb", "name": null, "subtype": null, "class": null, "height": 2.0, "num_floors": null, "surge_class": 3, "surge_ft": 2.5, "flood_active": false, "exposure_score": 0.075, "exposure_category": "low"}, "geometry": {"type": "Polygon", "coordinates": [[[-75.0767518, 38.3538413], [-75.0767702, 38.3537977], [-75.0766517, 38.3537669], [-75.0766333, 38.3538105], [-75.0767518, 38.3538413]]]}}, {"id": "595", "type": "Feature", "properties": {"id": "ee033795-47e2-4e69-b81f-b08b6b0d3036", "name": null, "subtype": null, "class": null, "height": 2.1802918910980225, "num_floors": null, "surge_class": 3, "surge_ft": 2.5, "flood_active": false, "exposure_score": 0.075, "exposure_category": "low"}, "geometry": {"type": "Polygon", "coordinates": [[[-75.0768935, 38.3535466], [-75.0767572, 38.3535244], [-75.0767428, 38.3535788], [-75.076879, 38.353601], [-75.0768935, 38.3535466]]]}}, {"id": "596", "type": "Feature", "properties": {"id": "fceb884a-a5cc-4c64-89aa-ae70a84deea5", "name": null, "subtype": null, "class": null, "height": 2.814690113067627, "num_floors": null, "surge_class": 3, "surge_ft": 2.5, "flood_active": false, "exposure_score": 0.075, "exposure_category": "low"}, "geometry": {"type": "Polygon", "coordinates": [[[-75.0769717, 38.3537649], [-75.0768323, 38.3537248], [-75.0768075, 38.3537777], [-75.076947, 38.3538178], [-75.0769717, 38.3537649]]]}}, {"id": "597", "type": "Feature", "properties": {"id": "aaf7e5d7-f0a5-4e0a-a99c-11581f5f2f4a", "name": null, "subtype": null, "class": null, "height": 2.7442455291748047, "num_floors": null, "surge_class": 3, "surge_ft": 2.5, "flood_active": false, "exposure_score": 0.075, "exposure_category": "low"}, "geometry": {"type": "Polygon", "coordinates": [[[-75.0769227, 38.3538955], [-75.0769428, 38.3538425], [-75.0767899, 38.3538069], [-75.0767698, 38.35386], [-75.0769227, 38.3538955]]]}}, {"id": "598", "type": "Feature", "properties": {"id": "30f74d22-0cca-4cbd-b762-39a09483aef3", "name": null, "subtype": null, "class": null, "height": 2.3746254444122314, "num_floors": null, "surge_class": 3, "surge_ft": 2.5, "flood_active": false, "exposure_score": 0.075, "exposure_category": "low"}, "geometry": {"type": "Polygon", "coordinates": [[[-75.0770259, 38.3536388], [-75.0770404, 38.3535769], [-75.0769522, 38.3535642], [-75.0769377, 38.3536262], [-75.0770259, 38.3536388]]]}}, {"id": "599", "type": "Feature", "properties": {"id": "8a6b47e5-4a66-48c0-bfd7-1f532f059f48", "name": null, "subtype": null, "class": null, "height": 2.843785524368286, "num_floors": null, "surge_class": 5, "surge_ft": 4.5, "flood_active": false, "exposure_score": 0.135, "exposure_category": "low"}, "geometry": {"type": "Polygon", "coordinates": [[[-75.0772001, 38.3537396], [-75.0772155, 38.3537024], [-75.0770952, 38.3536718], [-75.0770798, 38.353709], [-75.0772001, 38.3537396]]]}}, {"id": "600", "type": "Feature", "properties": {"id": "64ad573e-3f8e-4a6b-b207-e5904bdbb58c", "name": null, "subtype": null, "class": null, "height": 2.677644729614258, "num_floors": null, "surge_class": 5, "surge_ft": 4.5, "flood_active": false, "exposure_score": 0.135, "exposure_category": "low"}, "geometry": {"type": "Polygon", "coordinates": [[[-75.0772337, 38.3536327], [-75.0771032, 38.3536102], [-75.0770917, 38.3536514], [-75.0772222, 38.3536739], [-75.0772337, 38.3536327]]]}}, {"id": "601", "type": "Feature", "properties": {"id": "ad813d1d-ce08-4e49-b6f5-d650d774009d", "name": null, "subtype": null, "class": null, "height": 2.5, "num_floors": null, "surge_class": 3, "surge_ft": 2.5, "flood_active": false, "exposure_score": 0.075, "exposure_category": "low"}, "geometry": {"type": "Polygon", "coordinates": [[[-75.0772858, 38.3537644], [-75.0772244, 38.3537538], [-75.077194, 38.3538621], [-75.0772554, 38.3538727], [-75.0772858, 38.3537644]]]}}, {"id": "602", "type": "Feature", "properties": {"id": "54de4b54-8c8c-43ba-9724-b022392fe81c", "name": null, "subtype": null, "class": null, "height": 2.7635555267333984, "num_floors": null, "surge_class": 3, "surge_ft": 2.5, "flood_active": false, "exposure_score": 0.075, "exposure_category": "low"}, "geometry": {"type": "Polygon", "coordinates": [[[-75.0771948, 38.3537483], [-75.0770741, 38.3537184], [-75.0770356, 38.3538141], [-75.0771563, 38.353844], [-75.0771948, 38.3537483]]]}}, {"id": "603", "type": "Feature", "properties": {"id": "62f78c18-646d-4180-911e-b30df4fafb08", "name": null, "subtype": null, "class": null, "height": 1.8941606283187866, "num_floors": null, "surge_class": 2, "surge_ft": 1.5, "flood_active": false, "exposure_score": 0.045, "exposure_category": "low"}, "geometry": {"type": "Polygon", "coordinates": [[[-75.0772401, 38.3539405], [-75.0772166, 38.3540292], [-75.0772834, 38.3540402], [-75.077307, 38.3539515], [-75.0772401, 38.3539405]]]}}, {"id": "604", "type": "Feature", "properties": {"id": "46cb2958-ed05-48cf-8bd1-b9f70c622c96", "name": null, "subtype": null, "class": null, "height": 1.9642335176467896, "num_floors": null, "surge_class": 2, "surge_ft": 1.5, "flood_active": false, "exposure_score": 0.045, "exposure_category": "low"}, "geometry": {"type": "Polygon", "coordinates": [[[-75.0771831, 38.3540236], [-75.0772099, 38.3539206], [-75.0771379, 38.3539091], [-75.077111, 38.354012], [-75.0771831, 38.3540236]]]}}, {"id": "605", "type": "Feature", "properties": {"id": "f2b891ba-6e2b-45bd-b97f-2c4b3e9ffe84", "name": null, "subtype": null, "class": null, "height": 1.9941176176071167, "num_floors": null, "surge_class": 2, "surge_ft": 1.5, "flood_active": false, "exposure_score": 0.045, "exposure_category": "low"}, "geometry": {"type": "Polygon", "coordinates": [[[-75.0770695, 38.3538911], [-75.0770375, 38.3539669], [-75.0771064, 38.3539848], [-75.0771383, 38.3539089], [-75.0770695, 38.3538911]]]}}, {"id": "606", "type": "Feature", "properties": {"id": "412e229c-db3d-403a-8414-0033d5c311bd", "name": null, "subtype": null, "class": null, "height": null, "num_floors": null, "surge_class": 3, "surge_ft": 2.5, "flood_active": false, "exposure_score": 0.075, "exposure_category": "low"}, "geometry": {"type": "Polygon", "coordinates": [[[-75.0770759, 38.3539869], [-75.077023, 38.3539741], [-75.0769812, 38.3540808], [-75.0770341, 38.3540936], [-75.0770759, 38.3539869]]]}}, {"id": "607", "type": "Feature", "properties": {"id": "ad462fc5-b5df-446d-98d6-13e5c9677e51", "name": null, "subtype": null, "class": null, "height": 1.940000057220459, "num_floors": null, "surge_class": 3, "surge_ft": 2.5, "flood_active": false, "exposure_score": 0.075, "exposure_category": "low"}, "geometry": {"type": "Polygon", "coordinates": [[[-75.0771333, 38.354134], [-75.0771553, 38.3540624], [-75.0770919, 38.3540505], [-75.0770699, 38.3541221], [-75.0771333, 38.354134]]]}}, {"id": "608", "type": "Feature", "properties": {"id": "593b6072-ce0f-41f8-ac75-fc06fbf50b9f", "name": null, "subtype": null, "class": null, "height": 2.0805625915527344, "num_floors": null, "surge_class": 3, "surge_ft": 2.5, "flood_active": false, "exposure_score": 0.075, "exposure_category": "low"}, "geometry": {"type": "Polygon", "coordinates": [[[-75.0772693, 38.3540677], [-75.0771861, 38.3540513], [-75.0771702, 38.3541007], [-75.0771828, 38.3541032], [-75.0771638, 38.3541626], [-75.0772344, 38.3541765], [-75.0772693, 38.3540677]]]}}, {"id": "609", "type": "Feature", "properties": {"id": "da1f6f51-9cbe-4cfe-87b9-864eaa7f52fb", "name": null, "subtype": null, "class": null, "height": 1.7866666316986084, "num_floors": null, "surge_class": 4, "surge_ft": 3.5, "flood_active": false, "exposure_score": 0.105, "exposure_category": "low"}, "geometry": {"type": "Polygon", "coordinates": [[[-75.0772826, 38.3542689], [-75.0772187, 38.3542578], [-75.0771836, 38.3543822], [-75.077222, 38.3543888], [-75.0772384, 38.3543307], [-75.0772639, 38.3543351], [-75.0772826, 38.3542689]]]}}, {"id": "610", "type": "Feature", "properties": {"id": "aa4bd7fa-522f-46d4-9f64-b59e8ad6862f", "name": null, "subtype": null, "class": null, "height": 1.9431818723678589, "num_floors": null, "surge_class": 4, "surge_ft": 3.5, "flood_active": false, "exposure_score": 0.105, "exposure_category": "low"}, "geometry": {"type": "Polygon", "coordinates": [[[-75.0771481, 38.3543677], [-75.0771909, 38.3542375], [-75.077123, 38.3542238], [-75.0770802, 38.354354], [-75.0771481, 38.3543677]]]}}, {"id": "611", "type": "Feature", "properties": {"id": "33d0d266-0666-434f-830f-0be4cd0f3554", "name": null, "subtype": null, "class": null, "height": 1.228552222251892, "num_floors": null, "surge_class": 4, "surge_ft": 3.5, "flood_active": false, "exposure_score": 0.105, "exposure_category": "low"}, "geometry": {"type": "Polygon", "coordinates": [[[-75.0772418, 38.354406], [-75.0771867, 38.3543945], [-75.0771384, 38.3545371], [-75.0771935, 38.3545486], [-75.0772418, 38.354406]]]}}, {"id": "612", "type": "Feature", "properties": {"id": "f6cf261b-4a18-4307-919e-4e3f789e76d1", "name": null, "subtype": null, "class": null, "height": 1.4688304662704468, "num_floors": null, "surge_class": 4, "surge_ft": 3.5, "flood_active": false, "exposure_score": 0.105, "exposure_category": "low"}, "geometry": {"type": "Polygon", "coordinates": [[[-75.0771489, 38.3543807], [-75.0770775, 38.3543678], [-75.0770347, 38.3545136], [-75.0771061, 38.3545265], [-75.0771489, 38.3543807]]]}}, {"id": "613", "type": "Feature", "properties": {"id": "55bb073e-3964-4ad9-a020-7c010f3a2b16", "name": null, "subtype": null, "class": null, "height": 1.275191068649292, "num_floors": null, "surge_class": 4, "surge_ft": 3.5, "flood_active": false, "exposure_score": 0.105, "exposure_category": "low"}, "geometry": {"type": "Polygon", "coordinates": [[[-75.0770103, 38.3544962], [-75.0770417, 38.3543597], [-75.0770066, 38.3543548], [-75.0769923, 38.354417], [-75.0769508, 38.3544111], [-75.0769337, 38.3544854], [-75.0770103, 38.3544962]]]}}, {"id": "614", "type": "Feature", "properties": {"id": "a9b1247e-ca20-4081-8e54-2a0b977cc180", "name": null, "subtype": null, "class": null, "height": 1.9030704498291016, "num_floors": null, "surge_class": 4, "surge_ft": 3.5, "flood_active": false, "exposure_score": 0.105, "exposure_category": "low"}, "geometry": {"type": "Polygon", "coordinates": [[[-75.077107, 38.3542177], [-75.0770346, 38.3542068], [-75.0770039, 38.3543316], [-75.0770763, 38.3543425], [-75.077107, 38.3542177]]]}}, {"id": "615", "type": "Feature", "properties": {"id": "4f53a12f-f70c-4cb4-867c-611c4ea9b704", "name": null, "subtype": null, "class": null, "height": 1.7008862495422363, "num_floors": null, "surge_class": 4, "surge_ft": 3.5, "flood_active": false, "exposure_score": 0.105, "exposure_category": "low"}, "geometry": {"type": "Polygon", "coordinates": [[[-75.0769373, 38.3543769], [-75.0768647, 38.3543598], [-75.0768278, 38.3544563], [-75.0769005, 38.3544734], [-75.0769373, 38.3543769]]]}}, {"id": "616", "type": "Feature", "properties": {"id": "d61a0e8a-6f0b-4f9f-8871-61b037396b5f", "name": null, "subtype": null, "class": null, "height": 2.1157166957855225, "num_floors": null, "surge_class": 4, "surge_ft": 3.5, "flood_active": false, "exposure_score": 0.105, "exposure_category": "low"}, "geometry": {"type": "Polygon", "coordinates": [[[-75.0767142, 38.3543045], [-75.0767516, 38.3543126], [-75.076763, 38.3542803], [-75.0766335, 38.3542521], [-75.0766148, 38.3543049], [-75.076707, 38.3543249], [-75.0767142, 38.3543045]]]}}, {"id": "617", "type": "Feature", "properties": {"id": "53549fdc-4d51-4d7a-a598-b03f42a4e6fd", "name": null, "subtype": null, "class": null, "height": 2.4214067459106445, "num_floors": null, "surge_class": 5, "surge_ft": 4.5, "flood_active": false, "exposure_score": 0.135, "exposure_category": "low"}, "geometry": {"type": "Polygon", "coordinates": [[[-75.0767335, 38.3543545], [-75.0765874, 38.35433], [-75.0765709, 38.3543903], [-75.0767171, 38.3544149], [-75.0767335, 38.3543545]]]}}, {"id": "618", "type": "Feature", "properties": {"id": "e25a2995-d1bc-4694-942f-f26bb589381d", "name": "Fairfield Inn & Suites Ocean City", "subtype": null, "class": null, "height": 10.9484281539917, "num_floors": null, "surge_class": 4, "surge_ft": 3.5, "flood_active": false, "exposure_score": 0.105, "exposure_category": "low"}, "geometry": {"type": "Polygon", "coordinates": [[[-75.0764542, 38.3548322], [-75.076748, 38.3549069], [-75.0767927, 38.3547989], [-75.0767443, 38.3547865], [-75.0767568, 38.3547565], [-75.0772292, 38.3548767], [-75.0772674, 38.3547843], [-75.0771686, 38.3547592], [-75.0771887, 38.3547107], [-75.0765695, 38.3545533], [-75.0764542, 38.3548322]]]}}, {"id": "619", "type": "Feature", "properties": {"id": "dc93b63a-ae89-425f-8e6d-f0f4b655855b", "name": null, "subtype": null, "class": null, "height": 3.761854648590088, "num_floors": null, "surge_class": 5, "surge_ft": 4.5, "flood_active": false, "exposure_score": 0.135, "exposure_category": "low"}, "geometry": {"type": "Polygon", "coordinates": [[[-75.0771719, 38.3554129], [-75.0771234, 38.3555357], [-75.0771724, 38.3555476], [-75.0771951, 38.35549], [-75.0772525, 38.355504], [-75.0772783, 38.3554387], [-75.0771719, 38.3554129]]]}}, {"id": "620", "type": "Feature", "properties": {"id": "fae71ace-e16d-4625-9816-34fb20998812", "name": null, "subtype": null, "class": null, "height": 8.97634506225586, "num_floors": null, "surge_class": 5, "surge_ft": 4.5, "flood_active": false, "exposure_score": 0.135, "exposure_category": "low"}, "geometry": {"type": "Polygon", "coordinates": [[[-75.0770568, 38.3552024], [-75.0769824, 38.3553996], [-75.077123, 38.3554322], [-75.0771784, 38.3552852], [-75.0771982, 38.3552898], [-75.0772171, 38.3552395], [-75.0770568, 38.3552024]]]}}, {"id": "621", "type": "Feature", "properties": {"id": "b62838dd-6a73-4c4a-99ce-3923fd55ae1e", "name": null, "subtype": null, "class": null, "height": 12.65076732635498, "num_floors": null, "surge_class": 5, "surge_ft": 4.5, "flood_active": false, "exposure_score": 0.135, "exposure_category": "low"}, "geometry": {"type": "Polygon", "coordinates": [[[-75.0770002, 38.3551907], [-75.0767908, 38.3551454], [-75.0767829, 38.355168], [-75.0766657, 38.3551426], [-75.0766386, 38.3552198], [-75.07661, 38.3552136], [-75.0765701, 38.3553269], [-75.076843, 38.355386], [-75.0768361, 38.3554055], [-75.0769183, 38.3554233], [-75.0770002, 38.3551907]]]}}, {"id": "622", "type": "Feature", "properties": {"id": "fb463aa1-7d9f-4aa4-be2a-a753e835d148", "name": null, "subtype": null, "class": null, "height": 2.5365941524505615, "num_floors": null, "surge_class": 5, "surge_ft": 4.5, "flood_active": false, "exposure_score": 0.135, "exposure_category": "low"}, "geometry": {"type": "Polygon", "coordinates": [[[-75.0763665, 38.3549375], [-75.0762925, 38.3551177], [-75.0763072, 38.3551214], [-75.0762904, 38.3551622], [-75.0763274, 38.3551716], [-75.0763211, 38.3551867], [-75.0763106, 38.3552123], [-75.0763799, 38.3552298], [-75.0763896, 38.3552062], [-75.0763951, 38.355193], [-75.0764716, 38.3552124], [-75.0765529, 38.3550147], [-75.0764344, 38.3549847], [-75.0764455, 38.3549575], [-75.0763665, 38.3549375]]]}}, {"id": "623", "type": "Feature", "properties": {"id": "a5660478-1684-401a-9418-2db00316766e", "name": "Coastal Inn", "subtype": "commercial", "class": "hotel", "height": null, "num_floors": 2, "surge_class": 4, "surge_ft": 3.5, "flood_active": false, "exposure_score": 0.105, "exposure_category": "low"}, "geometry": {"type": "Polygon", "coordinates": [[[-75.0760989, 38.3556231], [-75.0761406, 38.3555291], [-75.0759475, 38.3554764], [-75.0759058, 38.3555704], [-75.0760989, 38.3556231]]]}}, {"id": "624", "type": "Feature", "properties": {"id": "7ab91cc1-9acc-4e6d-9693-ea5d7aa355d8", "name": null, "subtype": null, "class": null, "height": 3.594276189804077, "num_floors": null, "surge_class": 5, "surge_ft": 4.5, "flood_active": false, "exposure_score": 0.135, "exposure_category": "low"}, "geometry": {"type": "Polygon", "coordinates": [[[-75.076456, 38.3556696], [-75.0764466, 38.3556993], [-75.0764933, 38.3557084], [-75.0765265, 38.3556034], [-75.0764192, 38.3555825], [-75.0763954, 38.3556578], [-75.076456, 38.3556696]]]}}, {"id": "625", "type": "Feature", "properties": {"id": "55b71d98-adcb-4d8d-a54b-9cacb8b38fcc", "name": null, "subtype": null, "class": null, "height": 4.79584264755249, "num_floors": null, "surge_class": 5, "surge_ft": 4.5, "flood_active": false, "exposure_score": 0.135, "exposure_category": "low"}, "geometry": {"type": "Polygon", "coordinates": [[[-75.0767106, 38.3556602], [-75.076568, 38.3556264], [-75.0765116, 38.3557729], [-75.0766542, 38.3558067], [-75.0767106, 38.3556602]]]}}, {"id": "626", "type": "Feature", "properties": {"id": "7bdf9718-7dd8-4907-a5ac-93772eece4e5", "name": null, "subtype": null, "class": null, "height": 4.045679569244385, "num_floors": null, "surge_class": 3, "surge_ft": 2.5, "flood_active": false, "exposure_score": 0.075, "exposure_category": "low"}, "geometry": {"type": "Polygon", "coordinates": [[[-75.0766024, 38.3559042], [-75.0765467, 38.3558899], [-75.076534, 38.3559203], [-75.0764638, 38.3559022], [-75.0764284, 38.3559868], [-75.0764889, 38.3560024], [-75.0764822, 38.3560185], [-75.0765476, 38.3560353], [-75.0766024, 38.3559042]]]}}, {"id": "627", "type": "Feature", "properties": {"id": "bfa15ee2-41e2-4f04-ae17-7281f99751fc", "name": null, "subtype": null, "class": null, "height": 5.241260051727295, "num_floors": 2, "surge_class": 3, "surge_ft": 2.5, "flood_active": false, "exposure_score": 0.075, "exposure_category": "low"}, "geometry": {"type": "Polygon", "coordinates": [[[-75.0763634, 38.3559673], [-75.0764062, 38.3558676], [-75.0762973, 38.3558389], [-75.0762545, 38.3559385], [-75.0763634, 38.3559673]]]}}, {"id": "628", "type": "Feature", "properties": {"id": "97caa400-def4-4087-9784-bb3bfc4e387b", "name": "Coastal Inn", "subtype": null, "class": null, "height": null, "num_floors": 3, "surge_class": 3, "surge_ft": 2.5, "flood_active": false, "exposure_score": 0.075, "exposure_category": "low"}, "geometry": {"type": "Polygon", "coordinates": [[[-75.0760552, 38.3558193], [-75.0761326, 38.3556385], [-75.0760019, 38.3556041], [-75.0759246, 38.355785], [-75.0760552, 38.3558193]]]}}, {"id": "629", "type": "Feature", "properties": {"id": "a9f26c50-c10f-4b54-b7f3-b7996ca2fdd1", "name": null, "subtype": null, "class": null, "height": 5.204667091369629, "num_floors": null, "surge_class": 4, "surge_ft": 3.5, "flood_active": false, "exposure_score": 0.105, "exposure_category": "low"}, "geometry": {"type": "Polygon", "coordinates": [[[-75.0759628, 38.3561838], [-75.075921, 38.3562714], [-75.0759973, 38.3562938], [-75.0759902, 38.3563086], [-75.0760514, 38.3563266], [-75.0761003, 38.3562243], [-75.0759628, 38.3561838]]]}}, {"id": "630", "type": "Feature", "properties": {"id": "9f7c0593-d0c3-4651-b9a5-97602374554f", "name": null, "subtype": null, "class": null, "height": 3.725849151611328, "num_floors": null, "surge_class": 3, "surge_ft": 2.5, "flood_active": false, "exposure_score": 0.075, "exposure_category": "low"}, "geometry": {"type": "Polygon", "coordinates": [[[-75.0762344, 38.3563573], [-75.0762787, 38.3561812], [-75.0761626, 38.3561632], [-75.0761183, 38.3563394], [-75.0762344, 38.3563573]]]}}, {"id": "631", "type": "Feature", "properties": {"id": "c35a41ab-9f38-4985-8a8d-ae429f8a6caf", "name": null, "subtype": null, "class": null, "height": 2.3552732467651367, "num_floors": null, "surge_class": 4, "surge_ft": 3.5, "flood_active": false, "exposure_score": 0.105, "exposure_category": "low"}, "geometry": {"type": "Polygon", "coordinates": [[[-75.0767029, 38.3560031], [-75.0767417, 38.356013], [-75.0767839, 38.3559114], [-75.0767306, 38.3558978], [-75.0767013, 38.3559681], [-75.0766189, 38.355947], [-75.0765873, 38.3560231], [-75.0766309, 38.3560342], [-75.0766238, 38.3560514], [-75.0766772, 38.356065], [-75.0767029, 38.3560031]]]}}, {"id": "632", "type": "Feature", "properties": {"id": "c44a18d7-544c-4819-bfb0-87a5512d4fba", "name": null, "subtype": null, "class": null, "height": 4.26218318939209, "num_floors": null, "surge_class": 5, "surge_ft": 4.5, "flood_active": false, "exposure_score": 0.135, "exposure_category": "low"}, "geometry": {"type": "Polygon", "coordinates": [[[-75.0768032, 38.3558487], [-75.0768661, 38.3557012], [-75.0767454, 38.3556695], [-75.0766825, 38.3558171], [-75.0768032, 38.3558487]]]}}, {"id": "633", "type": "Feature", "properties": {"id": "f3aa2d87-f735-4aa5-bbff-4fabe6571e09", "name": null, "subtype": null, "class": null, "height": 4.4286909103393555, "num_floors": null, "surge_class": 5, "surge_ft": 4.5, "flood_active": false, "exposure_score": 0.135, "exposure_category": "low"}, "geometry": {"type": "Polygon", "coordinates": [[[-75.076997, 38.3558043], [-75.0770362, 38.3557057], [-75.0769115, 38.3556752], [-75.0768723, 38.3557739], [-75.076997, 38.3558043]]]}}, {"id": "634", "type": "Feature", "properties": {"id": "c8142d4f-a46c-4803-948e-2c461a308987", "name": null, "subtype": null, "class": null, "height": 3.7365429401397705, "num_floors": null, "surge_class": 4, "surge_ft": 3.5, "flood_active": false, "exposure_score": 0.105, "exposure_category": "low"}, "geometry": {"type": "Polygon", "coordinates": [[[-75.0768065, 38.355931], [-75.0767493, 38.356063], [-75.0768503, 38.3560899], [-75.0769075, 38.3559579], [-75.0768065, 38.355931]]]}}, {"id": "635", "type": "Feature", "properties": {"id": "614399ff-0582-48b4-8a0b-27b5e322dd3e", "name": null, "subtype": null, "class": null, "height": 4.441972732543945, "num_floors": null, "surge_class": 4, "surge_ft": 3.5, "flood_active": false, "exposure_score": 0.105, "exposure_category": "low"}, "geometry": {"type": "Polygon", "coordinates": [[[-75.0771091, 38.3560829], [-75.0770637, 38.3561934], [-75.0772071, 38.3562296], [-75.0772525, 38.3561191], [-75.0771091, 38.3560829]]]}}, {"id": "636", "type": "Feature", "properties": {"id": "7cb3169d-635e-4b6e-9d36-c5b5397267c0", "name": null, "subtype": null, "class": null, "height": 3.8338489532470703, "num_floors": null, "surge_class": 3, "surge_ft": 2.5, "flood_active": false, "exposure_score": 0.075, "exposure_category": "low"}, "geometry": {"type": "Polygon", "coordinates": [[[-75.0773826, 38.3562313], [-75.0774156, 38.3561456], [-75.077279, 38.3561133], [-75.077246, 38.356199], [-75.0773826, 38.3562313]]]}}, {"id": "637", "type": "Feature", "properties": {"id": "02d7fd9f-87db-41c1-af11-fb807c0f7042", "name": null, "subtype": null, "class": null, "height": 4.647541046142578, "num_floors": null, "surge_class": 4, "surge_ft": 3.5, "flood_active": false, "exposure_score": 0.105, "exposure_category": "low"}, "geometry": {"type": "Polygon", "coordinates": [[[-75.0775443, 38.3562766], [-75.0775748, 38.3561977], [-75.077447, 38.3561673], [-75.0774165, 38.3562463], [-75.0775443, 38.3562766]]]}}, {"id": "638", "type": "Feature", "properties": {"id": "9f63c830-c15d-4a16-9021-3b9f37289f8c", "name": null, "subtype": null, "class": null, "height": 3.554530143737793, "num_floors": null, "surge_class": 3, "surge_ft": 2.5, "flood_active": false, "exposure_score": 0.075, "exposure_category": "low"}, "geometry": {"type": "Polygon", "coordinates": [[[-75.0776349, 38.3561746], [-75.0775889, 38.3562848], [-75.077699, 38.3563131], [-75.077745, 38.3562029], [-75.0776349, 38.3561746]]]}}, {"id": "639", "type": "Feature", "properties": {"id": "413433ad-5ff6-4afb-8fa7-9ffddc85b554", "name": null, "subtype": null, "class": null, "height": 3.7452852725982666, "num_floors": null, "surge_class": 5, "surge_ft": 4.5, "flood_active": false, "exposure_score": 0.135, "exposure_category": "low"}, "geometry": {"type": "Polygon", "coordinates": [[[-75.0776401, 38.3560794], [-75.0777007, 38.3559376], [-75.0775584, 38.3559002], [-75.0774978, 38.3560421], [-75.0776401, 38.3560794]]]}}, {"id": "640", "type": "Feature", "properties": {"id": "bfe9a4d4-25f7-412e-86a3-79830bcb7ea5", "name": null, "subtype": null, "class": null, "height": 3.292980670928955, "num_floors": null, "surge_class": 5, "surge_ft": 4.5, "flood_active": false, "exposure_score": 0.135, "exposure_category": "low"}, "geometry": {"type": "Polygon", "coordinates": [[[-75.0778567, 38.3557317], [-75.0778652, 38.3557038], [-75.0779058, 38.3557114], [-75.0779276, 38.3556398], [-75.0778007, 38.355616], [-75.0777805, 38.3556825], [-75.0778109, 38.3556882], [-75.0778009, 38.3557212], [-75.0778567, 38.3557317]]]}}, {"id": "641", "type": "Feature", "properties": {"id": "6e5fd88c-4e32-452c-be19-f2cd707d4431", "name": null, "subtype": null, "class": null, "height": 4.096702575683594, "num_floors": null, "surge_class": 3, "surge_ft": 2.5, "flood_active": false, "exposure_score": 0.075, "exposure_category": "low"}, "geometry": {"type": "Polygon", "coordinates": [[[-75.0775315, 38.3559077], [-75.0773878, 38.3558681], [-75.0773313, 38.3559943], [-75.0774749, 38.3560339], [-75.0775315, 38.3559077]]]}}, {"id": "642", "type": "Feature", "properties": {"id": "dd3a888b-a8ba-4202-a76b-3dd39008402b", "name": null, "subtype": null, "class": null, "height": 4.690908908843994, "num_floors": null, "surge_class": 5, "surge_ft": 4.5, "flood_active": false, "exposure_score": 0.135, "exposure_category": "low"}, "geometry": {"type": "Polygon", "coordinates": [[[-75.0773298, 38.3559089], [-75.0773831, 38.3557817], [-75.0772621, 38.3557505], [-75.0772088, 38.3558776], [-75.0773298, 38.3559089]]]}}, {"id": "643", "type": "Feature", "properties": {"id": "c0955933-e915-4205-a618-8d62721187dc", "name": null, "subtype": null, "class": null, "height": 7.967788219451904, "num_floors": null, "surge_class": 5, "surge_ft": 4.5, "flood_active": false, "exposure_score": 0.135, "exposure_category": "low"}, "geometry": {"type": "Polygon", "coordinates": [[[-75.0775705, 38.3554585], [-75.0776125, 38.3553555], [-75.0774397, 38.3553122], [-75.0773977, 38.3554152], [-75.0775705, 38.3554585]]]}}, {"id": "644", "type": "Feature", "properties": {"id": "c71f0cb1-7775-4f7c-b97a-a4b20dc032d2", "name": null, "subtype": null, "class": null, "height": 4.085692405700684, "num_floors": null, "surge_class": 4, "surge_ft": 3.5, "flood_active": false, "exposure_score": 0.105, "exposure_category": "low"}, "geometry": {"type": "Polygon", "coordinates": [[[-75.0773944, 38.3553619], [-75.0773285, 38.3553472], [-75.0772909, 38.3554505], [-75.0773567, 38.3554653], [-75.0773944, 38.3553619]]]}}, {"id": "645", "type": "Feature", "properties": {"id": "9ed960b1-eca9-4ada-b861-2d076f7c5213", "name": null, "subtype": null, "class": null, "height": 6.840861797332764, "num_floors": null, "surge_class": 5, "surge_ft": 4.5, "flood_active": false, "exposure_score": 0.135, "exposure_category": "low"}, "geometry": {"type": "Polygon", "coordinates": [[[-75.0775899, 38.3551232], [-75.077634, 38.3550133], [-75.0773436, 38.3549417], [-75.0772995, 38.3550516], [-75.0775899, 38.3551232]]]}}, {"id": "646", "type": "Feature", "properties": {"id": "7aa2db93-2293-4e81-aa64-252d9c701b58", "name": null, "subtype": null, "class": null, "height": 4.391185283660889, "num_floors": null, "surge_class": 5, "surge_ft": 4.5, "flood_active": false, "exposure_score": 0.135, "exposure_category": "low"}, "geometry": {"type": "Polygon", "coordinates": [[[-75.0779018, 38.3552043], [-75.0779458, 38.355093], [-75.0776583, 38.3550232], [-75.0776143, 38.3551345], [-75.0779018, 38.3552043]]]}}, {"id": "647", "type": "Feature", "properties": {"id": "8a47e08f-b71c-4c8b-b86e-33d86e45c72a", "name": null, "subtype": null, "class": null, "height": 4.678962707519531, "num_floors": null, "surge_class": 5, "surge_ft": 4.5, "flood_active": false, "exposure_score": 0.135, "exposure_category": "low"}, "geometry": {"type": "Polygon", "coordinates": [[[-75.0778006, 38.3548805], [-75.0777543, 38.3549965], [-75.0779644, 38.3550481], [-75.0780107, 38.354932], [-75.0778006, 38.3548805]]]}}, {"id": "648", "type": "Feature", "properties": {"id": "d56765ee-f824-4252-93f1-46aa1e044cf1", "name": null, "subtype": null, "class": null, "height": 7.743547439575195, "num_floors": null, "surge_class": 4, "surge_ft": 3.5, "flood_active": false, "exposure_score": 0.105, "exposure_category": "low"}, "geometry": {"type": "Polygon", "coordinates": [[[-75.0777578, 38.3555335], [-75.0778121, 38.3554055], [-75.0776418, 38.3553611], [-75.0775876, 38.3554891], [-75.0777578, 38.3555335]]]}}, {"id": "649", "type": "Feature", "properties": {"id": "661be10a-1800-4373-90f2-2c53a89cd14b", "name": null, "subtype": null, "class": null, "height": 4.710596561431885, "num_floors": null, "surge_class": 6, "surge_ft": 5.5, "flood_active": false, "exposure_score": 0.165, "exposure_category": "low"}, "geometry": {"type": "Polygon", "coordinates": [[[-75.077969, 38.3555408], [-75.077884, 38.3555212], [-75.0778582, 38.3555898], [-75.0779433, 38.3556094], [-75.077969, 38.3555408]]]}}, {"id": "650", "type": "Feature", "properties": {"id": "fc369883-5827-47d1-8e5d-d3e91842002d", "name": null, "subtype": null, "class": null, "height": 4.563683986663818, "num_floors": null, "surge_class": 5, "surge_ft": 4.5, "flood_active": false, "exposure_score": 0.135, "exposure_category": "low"}, "geometry": {"type": "Polygon", "coordinates": [[[-75.0781441, 38.3555859], [-75.078034, 38.3555591], [-75.0779774, 38.3557023], [-75.0780876, 38.355729], [-75.0781441, 38.3555859]]]}}, {"id": "651", "type": "Feature", "properties": {"id": "c9249a84-825f-4b62-8673-e4d56796a91f", "name": "Spindrift Motel", "subtype": null, "class": null, "height": 5.375557899475098, "num_floors": null, "surge_class": 5, "surge_ft": 4.5, "flood_active": false, "exposure_score": 0.135, "exposure_category": "low"}, "geometry": {"type": "Polygon", "coordinates": [[[-75.078017, 38.3550622], [-75.078372, 38.3551633], [-75.0784323, 38.3550329], [-75.0780773, 38.3549319], [-75.078017, 38.3550622]]]}}, {"id": "652", "type": "Feature", "properties": {"id": "c1b7baa4-5eae-4492-a674-9aa768bfaa64", "name": null, "subtype": null, "class": null, "height": 2.1208722591400146, "num_floors": null, "surge_class": 5, "surge_ft": 4.5, "flood_active": false, "exposure_score": 0.135, "exposure_category": "low"}, "geometry": {"type": "Polygon", "coordinates": [[[-75.0784589, 38.3557196], [-75.078503, 38.3555855], [-75.07819, 38.3555221], [-75.0781459, 38.3556563], [-75.0784589, 38.3557196]]]}}, {"id": "653", "type": "Feature", "properties": {"id": "d31cbe27-99ba-4f55-aa80-037005e3b0da", "name": null, "subtype": null, "class": null, "height": 6.604521751403809, "num_floors": null, "surge_class": 3, "surge_ft": 2.5, "flood_active": false, "exposure_score": 0.075, "exposure_category": "low"}, "geometry": {"type": "Polygon", "coordinates": [[[-75.0777166, 38.3559743], [-75.07767, 38.3560857], [-75.0781392, 38.3562061], [-75.0781857, 38.3560946], [-75.0777166, 38.3559743]]]}}, {"id": "654", "type": "Feature", "properties": {"id": "7e560081-e5a8-46a4-a3e6-aa17bba34655", "name": null, "subtype": null, "class": null, "height": 4.110507011413574, "num_floors": null, "surge_class": 3, "surge_ft": 2.5, "flood_active": false, "exposure_score": 0.075, "exposure_category": "low"}, "geometry": {"type": "Polygon", "coordinates": [[[-75.0778128, 38.3561905], [-75.0777628, 38.3563264], [-75.0778915, 38.3563555], [-75.0779115, 38.3563012], [-75.0780848, 38.3563404], [-75.0781148, 38.3562589], [-75.0778128, 38.3561905]]]}}, {"id": "655", "type": "Feature", "properties": {"id": "576f89b5-6495-43a9-b31a-ea01862e416c", "name": null, "subtype": null, "class": null, "height": 4.421350955963135, "num_floors": null, "surge_class": 5, "surge_ft": 4.5, "flood_active": false, "exposure_score": 0.135, "exposure_category": "low"}, "geometry": {"type": "Polygon", "coordinates": [[[-75.0781187, 38.3563041], [-75.0780744, 38.3564058], [-75.0781694, 38.3564312], [-75.0781833, 38.3563992], [-75.0782108, 38.3564066], [-75.0782412, 38.3563369], [-75.0781187, 38.3563041]]]}}, {"id": "656", "type": "Feature", "properties": {"id": "d6c68146-6cb4-46c4-a083-138a4eca71fc", "name": null, "subtype": null, "class": null, "height": 5.470564842224121, "num_floors": null, "surge_class": 4, "surge_ft": 3.5, "flood_active": false, "exposure_score": 0.105, "exposure_category": "low"}, "geometry": {"type": "Polygon", "coordinates": [[[-75.0784499, 38.3563324], [-75.0783123, 38.3562997], [-75.0782759, 38.3563941], [-75.0784135, 38.3564268], [-75.0784499, 38.3563324]]]}}, {"id": "657", "type": "Feature", "properties": {"id": "82547535-65fd-4dce-a49d-d84a68943d00", "name": null, "subtype": null, "class": null, "height": 3.9321212768554688, "num_floors": null, "surge_class": 5, "surge_ft": 4.5, "flood_active": false, "exposure_score": 0.135, "exposure_category": "low"}, "geometry": {"type": "Polygon", "coordinates": [[[-75.0783235, 38.3560587], [-75.0782323, 38.356036], [-75.0781761, 38.356175], [-75.0782673, 38.3561977], [-75.0783235, 38.3560587]]]}}, {"id": "658", "type": "Feature", "properties": {"id": "ec182f88-910a-4461-b67b-6b87530a39b0", "name": null, "subtype": null, "class": null, "height": 6.650041103363037, "num_floors": null, "surge_class": 5, "surge_ft": 4.5, "flood_active": false, "exposure_score": 0.135, "exposure_category": "low"}, "geometry": {"type": "Polygon", "coordinates": [[[-75.0783888, 38.3561064], [-75.0783298, 38.3562529], [-75.0784583, 38.3562847], [-75.0785173, 38.3561382], [-75.0783888, 38.3561064]]]}}, {"id": "659", "type": "Feature", "properties": {"id": "b1bf3554-a2ab-4bc9-8666-85d7512c1a63", "name": null, "subtype": null, "class": null, "height": 6.368453502655029, "num_floors": null, "surge_class": 6, "surge_ft": 5.5, "flood_active": false, "exposure_score": 0.165, "exposure_category": "low"}, "geometry": {"type": "Polygon", "coordinates": [[[-75.0788814, 38.355831], [-75.0789302, 38.355699], [-75.0785565, 38.3556141], [-75.0785267, 38.3556949], [-75.0785019, 38.3556892], [-75.078483, 38.3557405], [-75.0788814, 38.355831]]]}}, {"id": "660", "type": "Feature", "properties": {"id": "15d7e4df-5d7a-4d33-9b17-9e09291732b3", "name": null, "subtype": null, "class": null, "height": 1.1244500875473022, "num_floors": null, "surge_class": 0, "surge_ft": 0.0, "flood_active": false, "exposure_score": 0.0, "exposure_category": "none"}, "geometry": {"type": "Polygon", "coordinates": [[[-75.0791489, 38.3549969], [-75.0791218, 38.3550637], [-75.0792436, 38.3550941], [-75.0792707, 38.3550272], [-75.0791489, 38.3549969]]]}}, {"id": "661", "type": "Feature", "properties": {"id": "fdd27907-44a0-4e92-9d5a-50e2441cb825", "name": null, "subtype": null, "class": null, "height": 5.276334762573242, "num_floors": null, "surge_class": 5, "surge_ft": 4.5, "flood_active": false, "exposure_score": 0.135, "exposure_category": "low"}, "geometry": {"type": "Polygon", "coordinates": [[[-75.0785262, 38.3550713], [-75.0784796, 38.3552034], [-75.0784373, 38.3551942], [-75.0783866, 38.3553376], [-75.0785485, 38.3553727], [-75.0785944, 38.355243], [-75.0786504, 38.3552552], [-75.0786662, 38.3552102], [-75.0786986, 38.3552173], [-75.0787342, 38.3551165], [-75.0785262, 38.3550713]]]}}, {"id": "662", "type": "Feature", "properties": {"id": "5a0976d6-5a80-48ef-8a4e-0c46e56ea51c", "name": null, "subtype": null, "class": null, "height": 1.9965139627456665, "num_floors": null, "surge_class": 5, "surge_ft": 4.5, "flood_active": false, "exposure_score": 0.135, "exposure_category": "low"}, "geometry": {"type": "Polygon", "coordinates": [[[-75.0785462, 38.3547525], [-75.0784976, 38.3548845], [-75.0785768, 38.3549025], [-75.0786255, 38.3547705], [-75.0785462, 38.3547525]]]}}, {"id": "663", "type": "Feature", "properties": {"id": "d7547e44-73c2-46cd-b83e-7b8f64c5cde8", "name": null, "subtype": null, "class": null, "height": 1.8510923385620117, "num_floors": null, "surge_class": 5, "surge_ft": 4.5, "flood_active": false, "exposure_score": 0.135, "exposure_category": "low"}, "geometry": {"type": "Polygon", "coordinates": [[[-75.0786267, 38.3548671], [-75.0786167, 38.3549046], [-75.0786835, 38.3549156], [-75.0787294, 38.3547444], [-75.0786575, 38.3547325], [-75.0786216, 38.3548663], [-75.0786267, 38.3548671]]]}}, {"id": "664", "type": "Feature", "properties": {"id": "62a66912-077e-44b4-9bdd-704cae9a8a67", "name": null, "subtype": null, "class": null, "height": 1.9838032722473145, "num_floors": null, "surge_class": 4, "surge_ft": 3.5, "flood_active": false, "exposure_score": 0.105, "exposure_category": "low"}, "geometry": {"type": "Polygon", "coordinates": [[[-75.0788418, 38.3548097], [-75.0787956, 38.3549374], [-75.0788638, 38.3549526], [-75.0789101, 38.3548249], [-75.0788418, 38.3548097]]]}}, {"id": "665", "type": "Feature", "properties": {"id": "72f06c5c-0515-4ab5-b148-938f646057d0", "name": null, "subtype": null, "class": null, "height": 1.9307125806808472, "num_floors": null, "surge_class": 4, "surge_ft": 3.5, "flood_active": false, "exposure_score": 0.105, "exposure_category": "low"}, "geometry": {"type": "Polygon", "coordinates": [[[-75.0788211, 38.3547891], [-75.0787516, 38.3547736], [-75.0786962, 38.3549266], [-75.0787657, 38.3549421], [-75.0788211, 38.3547891]]]}}, {"id": "666", "type": "Feature", "properties": {"id": "c05afe88-47bb-447e-9dfb-06450531ee47", "name": null, "subtype": null, "class": null, "height": 1.9190475940704346, "num_floors": null, "surge_class": 4, "surge_ft": 3.5, "flood_active": false, "exposure_score": 0.105, "exposure_category": "low"}, "geometry": {"type": "Polygon", "coordinates": [[[-75.0788361, 38.3547753], [-75.0788857, 38.3546649], [-75.0788188, 38.3546464], [-75.0787693, 38.3547569], [-75.0788361, 38.3547753]]]}}, {"id": "667", "type": "Feature", "properties": {"id": "e10b5ce0-4ff1-4821-a602-aff0c26d4dd2", "name": null, "subtype": null, "class": null, "height": 1.1949563026428223, "num_floors": null, "surge_class": 4, "surge_ft": 3.5, "flood_active": false, "exposure_score": 0.105, "exposure_category": "low"}, "geometry": {"type": "Polygon", "coordinates": [[[-75.0787242, 38.3546241], [-75.0786852, 38.3547109], [-75.0787449, 38.3547274], [-75.0787839, 38.3546405], [-75.0787242, 38.3546241]]]}}, {"id": "668", "type": "Feature", "properties": {"id": "2ccc1267-c529-4ea4-b1ec-5e2c51097403", "name": null, "subtype": null, "class": null, "height": 1.356048583984375, "num_floors": null, "surge_class": 5, "surge_ft": 4.5, "flood_active": false, "exposure_score": 0.135, "exposure_category": "low"}, "geometry": {"type": "Polygon", "coordinates": [[[-75.0786231, 38.3545964], [-75.0785675, 38.3547293], [-75.0786401, 38.354748], [-75.0786958, 38.3546151], [-75.0786231, 38.3545964]]]}}, {"id": "669", "type": "Feature", "properties": {"id": "57aa6709-f084-4bf5-9cf9-99062a5dd1e1", "name": null, "subtype": null, "class": null, "height": 1.9321132898330688, "num_floors": null, "surge_class": 4, "surge_ft": 3.5, "flood_active": false, "exposure_score": 0.105, "exposure_category": "low"}, "geometry": {"type": "Polygon", "coordinates": [[[-75.0787121, 38.354557], [-75.078753, 38.3544594], [-75.0786646, 38.3544366], [-75.0786237, 38.3545342], [-75.0787121, 38.354557]]]}}, {"id": "670", "type": "Feature", "properties": {"id": "b7309f65-8213-46f5-842b-aa1c03d9045f", "name": null, "subtype": null, "class": null, "height": 0.9759886860847473, "num_floors": null, "surge_class": 4, "surge_ft": 3.5, "flood_active": false, "exposure_score": 0.105, "exposure_category": "low"}, "geometry": {"type": "Polygon", "coordinates": [[[-75.0786153, 38.3542929], [-75.0785462, 38.3542736], [-75.0784997, 38.3543763], [-75.0785687, 38.3543956], [-75.0786153, 38.3542929]]]}}, {"id": "671", "type": "Feature", "properties": {"id": "f1df5edf-10c2-4d31-87a9-ae742b8a4d28", "name": null, "subtype": null, "class": null, "height": 0.9914039969444275, "num_floors": null, "surge_class": 5, "surge_ft": 4.5, "flood_active": false, "exposure_score": 0.135, "exposure_category": "low"}, "geometry": {"type": "Polygon", "coordinates": [[[-75.0786555, 38.3544136], [-75.0786925, 38.3543218], [-75.078634, 38.3543073], [-75.078597, 38.3543991], [-75.0786555, 38.3544136]]]}}, {"id": "672", "type": "Feature", "properties": {"id": "bfc5aac8-19b9-4473-927c-bddd2b69ba29", "name": null, "subtype": null, "class": null, "height": 1.003822684288025, "num_floors": null, "surge_class": 5, "surge_ft": 4.5, "flood_active": false, "exposure_score": 0.135, "exposure_category": "low"}, "geometry": {"type": "Polygon", "coordinates": [[[-75.0787227, 38.3543266], [-75.0786883, 38.3544347], [-75.0787527, 38.3544473], [-75.0787871, 38.3543392], [-75.0787227, 38.3543266]]]}}, {"id": "673", "type": "Feature", "properties": {"id": "9f28367c-57b7-401d-a3ce-885aae1ca626", "name": null, "subtype": null, "class": null, "height": 1.0, "num_floors": null, "surge_class": 4, "surge_ft": 3.5, "flood_active": false, "exposure_score": 0.105, "exposure_category": "low"}, "geometry": {"type": "Polygon", "coordinates": [[[-75.0788241, 38.3543482], [-75.0787811, 38.3544338], [-75.0788497, 38.354455], [-75.0788926, 38.3543694], [-75.0788241, 38.3543482]]]}}, {"id": "674", "type": "Feature", "properties": {"id": "592188a3-88c3-43e9-8666-6d3b978b7f40", "name": null, "subtype": null, "class": null, "height": 1.0, "num_floors": null, "surge_class": 5, "surge_ft": 4.5, "flood_active": false, "exposure_score": 0.135, "exposure_category": "low"}, "geometry": {"type": "Polygon", "coordinates": [[[-75.0788385, 38.3544619], [-75.0787745, 38.3544536], [-75.0787495, 38.3545724], [-75.0788135, 38.3545806], [-75.0788385, 38.3544619]]]}}, {"id": "675", "type": "Feature", "properties": {"id": "8c154dc0-c826-42bf-b56f-34938b43c9de", "name": null, "subtype": null, "class": null, "height": 0.997481107711792, "num_floors": null, "surge_class": 5, "surge_ft": 4.5, "flood_active": false, "exposure_score": 0.135, "exposure_category": "low"}, "geometry": {"type": "Polygon", "coordinates": [[[-75.0788679, 38.3544912], [-75.0788309, 38.3545806], [-75.0788988, 38.354598], [-75.0789359, 38.3545085], [-75.0788679, 38.3544912]]]}}, {"id": "676", "type": "Feature", "properties": {"id": "d2dcb928-cfc6-4c15-b05e-783fc1aa56a9", "name": null, "subtype": null, "class": null, "height": 0.961403489112854, "num_floors": null, "surge_class": 5, "surge_ft": 4.5, "flood_active": false, "exposure_score": 0.135, "exposure_category": "low"}, "geometry": {"type": "Polygon", "coordinates": [[[-75.0790313, 38.3545145], [-75.0789795, 38.3545045], [-75.0789428, 38.3546216], [-75.0789947, 38.3546316], [-75.0790313, 38.3545145]]]}}, {"id": "677", "type": "Feature", "properties": {"id": "0c08133a-59bd-40fa-b144-7ed22e168cc0", "name": null, "subtype": null, "class": null, "height": 1.0, "num_floors": null, "surge_class": 4, "surge_ft": 3.5, "flood_active": false, "exposure_score": 0.105, "exposure_category": "low"}, "geometry": {"type": "Polygon", "coordinates": [[[-75.0789663, 38.3543848], [-75.0789134, 38.3543741], [-75.0788804, 38.3544747], [-75.0789333, 38.3544854], [-75.0789663, 38.3543848]]]}}, {"id": "678", "type": "Feature", "properties": {"id": "015a7904-3417-4300-9efe-ad39fe775f2f", "name": null, "subtype": null, "class": null, "height": 1.0, "num_floors": null, "surge_class": 5, "surge_ft": 4.5, "flood_active": false, "exposure_score": 0.135, "exposure_category": "low"}, "geometry": {"type": "Polygon", "coordinates": [[[-75.0789405, 38.3542377], [-75.0788737, 38.3542244], [-75.0788507, 38.3542955], [-75.0789175, 38.3543088], [-75.0789405, 38.3542377]]]}}, {"id": "679", "type": "Feature", "properties": {"id": "0b8a6e7b-3766-4fb0-8d77-d84ba5229c27", "name": null, "subtype": null, "class": null, "height": 1.0, "num_floors": null, "surge_class": 5, "surge_ft": 4.5, "flood_active": false, "exposure_score": 0.135, "exposure_category": "low"}, "geometry": {"type": "Polygon", "coordinates": [[[-75.078968, 38.3542328], [-75.0789347, 38.3543173], [-75.0790032, 38.3543339], [-75.0790365, 38.3542494], [-75.078968, 38.3542328]]]}}, {"id": "680", "type": "Feature", "properties": {"id": "20e53511-22b1-4e50-88c8-a01d5ac96510", "name": null, "subtype": null, "class": null, "height": 1.0, "num_floors": null, "surge_class": 5, "surge_ft": 4.5, "flood_active": false, "exposure_score": 0.135, "exposure_category": "low"}, "geometry": {"type": "Polygon", "coordinates": [[[-75.0790685, 38.354265], [-75.079036, 38.3543405], [-75.079095, 38.3543561], [-75.0791275, 38.3542806], [-75.0790685, 38.354265]]]}}, {"id": "681", "type": "Feature", "properties": {"id": "1c0b47b3-5a57-49fb-a197-1ea99aa9f2e9", "name": null, "subtype": null, "class": null, "height": 0.5610437989234924, "num_floors": null, "surge_class": 5, "surge_ft": 4.5, "flood_active": false, "exposure_score": 0.135, "exposure_category": "low"}, "geometry": {"type": "Polygon", "coordinates": [[[-75.0791877, 38.3543857], [-75.079221, 38.3543036], [-75.079154, 38.3542869], [-75.0791207, 38.354369], [-75.0791877, 38.3543857]]]}}, {"id": "682", "type": "Feature", "properties": {"id": "e035af98-ee23-4f23-bffc-deb496214452", "name": null, "subtype": null, "class": null, "height": 0.9917627573013306, "num_floors": null, "surge_class": 5, "surge_ft": 4.5, "flood_active": false, "exposure_score": 0.135, "exposure_category": "low"}, "geometry": {"type": "Polygon", "coordinates": [[[-75.0791719, 38.3544298], [-75.0791087, 38.3544138], [-75.0790684, 38.3545117], [-75.0791316, 38.3545277], [-75.0791719, 38.3544298]]]}}, {"id": "683", "type": "Feature", "properties": {"id": "8c8dbb4a-f72a-426c-888b-db320633216b", "name": null, "subtype": null, "class": null, "height": 0.891933023929596, "num_floors": null, "surge_class": 5, "surge_ft": 4.5, "flood_active": false, "exposure_score": 0.135, "exposure_category": "low"}, "geometry": {"type": "Polygon", "coordinates": [[[-75.07908, 38.3544093], [-75.0790082, 38.3543931], [-75.0789733, 38.3544883], [-75.0790452, 38.3545045], [-75.07908, 38.3544093]]]}}, {"id": "684", "type": "Feature", "properties": {"id": "22056307-abc8-441a-9689-190875d099ce", "name": null, "subtype": null, "class": null, "height": 1.0128122568130493, "num_floors": null, "surge_class": 4, "surge_ft": 3.5, "flood_active": false, "exposure_score": 0.105, "exposure_category": "low"}, "geometry": {"type": "Polygon", "coordinates": [[[-75.0790913, 38.3546561], [-75.0791277, 38.3545345], [-75.0790591, 38.3545219], [-75.0790227, 38.3546435], [-75.0790913, 38.3546561]]]}}, {"id": "685", "type": "Feature", "properties": {"id": "92634000-9b99-451c-8413-9692c70da9d0", "name": null, "subtype": null, "class": null, "height": 1.121689796447754, "num_floors": null, "surge_class": 5, "surge_ft": 4.5, "flood_active": false, "exposure_score": 0.135, "exposure_category": "low"}, "geometry": {"type": "Polygon", "coordinates": [[[-75.0791082, 38.3546139], [-75.0791329, 38.3546195], [-75.0791155, 38.354666], [-75.0791896, 38.354683], [-75.0792251, 38.3545881], [-75.0791263, 38.3545654], [-75.0791082, 38.3546139]]]}}, {"id": "686", "type": "Feature", "properties": {"id": "0112171f-b05a-4c92-84dd-acf19886dfea", "name": null, "subtype": null, "class": null, "height": 1.0, "num_floors": null, "surge_class": 5, "surge_ft": 4.5, "flood_active": false, "exposure_score": 0.135, "exposure_category": "low"}, "geometry": {"type": "Polygon", "coordinates": [[[-75.0790914, 38.3547235], [-75.0790561, 38.3548139], [-75.0791149, 38.354828], [-75.0791503, 38.3547377], [-75.0790914, 38.3547235]]]}}, {"id": "687", "type": "Feature", "properties": {"id": "30abe07d-39f5-4592-be20-b86a19a8e9df", "name": null, "subtype": null, "class": null, "height": 1.7411504983901978, "num_floors": null, "surge_class": 4, "surge_ft": 3.5, "flood_active": false, "exposure_score": 0.105, "exposure_category": "low"}, "geometry": {"type": "Polygon", "coordinates": [[[-75.078896, 38.3546816], [-75.0788659, 38.354778], [-75.0789406, 38.3547923], [-75.0789707, 38.3546959], [-75.078896, 38.3546816]]]}}, {"id": "688", "type": "Feature", "properties": {"id": "0b510176-4d39-4a4a-9782-65cc665f9158", "name": null, "subtype": null, "class": null, "height": 1.8746100664138794, "num_floors": null, "surge_class": 5, "surge_ft": 4.5, "flood_active": false, "exposure_score": 0.135, "exposure_category": "low"}, "geometry": {"type": "Polygon", "coordinates": [[[-75.0789934, 38.3546896], [-75.0789447, 38.3548101], [-75.079013, 38.354827], [-75.0790616, 38.3547066], [-75.0789934, 38.3546896]]]}}, {"id": "689", "type": "Feature", "properties": {"id": "e253dae3-bda4-40dc-be3f-54160b50805b", "name": null, "subtype": null, "class": null, "height": 1.9807692766189575, "num_floors": null, "surge_class": 4, "surge_ft": 3.5, "flood_active": false, "exposure_score": 0.105, "exposure_category": "low"}, "geometry": {"type": "Polygon", "coordinates": [[[-75.0789392, 38.3548276], [-75.0788781, 38.3549878], [-75.0789471, 38.355004], [-75.0790082, 38.3548437], [-75.0789392, 38.3548276]]]}}, {"id": "690", "type": "Feature", "properties": {"id": "983ba07f-8c62-4d5c-ba16-0a81516911e3", "name": null, "subtype": null, "class": null, "height": 1.8017032146453857, "num_floors": null, "surge_class": 4, "surge_ft": 3.5, "flood_active": false, "exposure_score": 0.105, "exposure_category": "low"}, "geometry": {"type": "Polygon", "coordinates": [[[-75.0790299, 38.3548642], [-75.0789814, 38.3549856], [-75.0790509, 38.3550027], [-75.0790995, 38.3548813], [-75.0790299, 38.3548642]]]}}, {"id": "691", "type": "Feature", "properties": {"id": "9e560b06-e0f7-42c3-9c7f-37a1a04947ca", "name": null, "subtype": null, "class": null, "height": 1.302296757698059, "num_floors": null, "surge_class": 4, "surge_ft": 3.5, "flood_active": false, "exposure_score": 0.105, "exposure_category": "low"}, "geometry": {"type": "Polygon", "coordinates": [[[-75.0793156, 38.3549283], [-75.0793348, 38.3548668], [-75.0791955, 38.3548402], [-75.0791764, 38.3549017], [-75.0793156, 38.3549283]]]}}, {"id": "692", "type": "Feature", "properties": {"id": "5cddd5f9-365c-4a6b-9748-592b89794805", "name": null, "subtype": null, "class": null, "height": 1.803850769996643, "num_floors": null, "surge_class": 7, "surge_ft": 6.5, "flood_active": false, "exposure_score": 0.195, "exposure_category": "low"}, "geometry": {"type": "Polygon", "coordinates": [[[-75.0792854, 38.3549988], [-75.0792938, 38.3549722], [-75.0792382, 38.3549615], [-75.0792463, 38.3549357], [-75.0791907, 38.3549249], [-75.0791742, 38.3549772], [-75.0792854, 38.3549988]]]}}, {"id": "693", "type": "Feature", "properties": {"id": "6496ed26-5b03-4481-b7b1-7de7ead63933", "name": null, "subtype": null, "class": null, "height": 1.1922030448913574, "num_floors": null, "surge_class": 4, "surge_ft": 3.5, "flood_active": false, "exposure_score": 0.105, "exposure_category": "low"}, "geometry": {"type": "Polygon", "coordinates": [[[-75.0793565, 38.3548038], [-75.0792114, 38.3547855], [-75.0792028, 38.3548273], [-75.079348, 38.3548456], [-75.0793565, 38.3548038]]]}}, {"id": "694", "type": "Feature", "properties": {"id": "6c690f75-8d17-4b57-a1f7-848efb76cf82", "name": null, "subtype": null, "class": null, "height": 0.9973935484886169, "num_floors": null, "surge_class": 5, "surge_ft": 4.5, "flood_active": false, "exposure_score": 0.135, "exposure_category": "low"}, "geometry": {"type": "Polygon", "coordinates": [[[-75.0793925, 38.3546948], [-75.0794117, 38.3546484], [-75.0792855, 38.3546163], [-75.0792663, 38.3546628], [-75.0793925, 38.3546948]]]}}, {"id": "695", "type": "Feature", "properties": {"id": "d382c456-3652-4887-b14d-0ff9dc07f6f6", "name": null, "subtype": null, "class": null, "height": 0.9678362607955933, "num_floors": null, "surge_class": 0, "surge_ft": 0.0, "flood_active": false, "exposure_score": 0.0, "exposure_category": "none"}, "geometry": {"type": "Polygon", "coordinates": [[[-75.0793307, 38.3546954], [-75.0793236, 38.3547125], [-75.0792508, 38.354694], [-75.0792264, 38.354753], [-75.0793576, 38.3547863], [-75.079389, 38.3547102], [-75.0793307, 38.3546954]]]}}, {"id": "696", "type": "Feature", "properties": {"id": "e427c0b5-36b3-4215-b395-d1f868e28d91", "name": null, "subtype": null, "class": null, "height": 0.9980970621109009, "num_floors": null, "surge_class": 5, "surge_ft": 4.5, "flood_active": false, "exposure_score": 0.135, "exposure_category": "low"}, "geometry": {"type": "Polygon", "coordinates": [[[-75.0794327, 38.3545662], [-75.0793244, 38.3545493], [-75.079311, 38.3546019], [-75.0794194, 38.3546188], [-75.0794327, 38.3545662]]]}}, {"id": "697", "type": "Feature", "properties": {"id": "986b9983-c1e5-4c74-99f4-f272b1d648df", "name": null, "subtype": null, "class": null, "height": 3.1861631870269775, "num_floors": null, "surge_class": 5, "surge_ft": 4.5, "flood_active": false, "exposure_score": 0.135, "exposure_category": "low"}, "geometry": {"type": "Polygon", "coordinates": [[[-75.0794854, 38.3543883], [-75.0793784, 38.3543714], [-75.0793393, 38.3545229], [-75.0794463, 38.3545399], [-75.0794854, 38.3543883]]]}}, {"id": "698", "type": "Feature", "properties": {"id": "7cb6db9f-6d6e-4aae-96ec-fba39e90be0a", "name": null, "subtype": null, "class": null, "height": 1.1823021173477173, "num_floors": null, "surge_class": 5, "surge_ft": 4.5, "flood_active": false, "exposure_score": 0.135, "exposure_category": "low"}, "geometry": {"type": "Polygon", "coordinates": [[[-75.0791859, 38.3544491], [-75.0791349, 38.3545562], [-75.0792043, 38.3545765], [-75.0792553, 38.3544695], [-75.0791859, 38.3544491]]]}}, {"id": "699", "type": "Feature", "properties": {"id": "cd52e54b-2cbe-4286-8ca6-e0a4baf1c92e", "name": null, "subtype": null, "class": null, "height": 8.659463882446289, "num_floors": null, "surge_class": 0, "surge_ft": 0.0, "flood_active": false, "exposure_score": 0.0, "exposure_category": "none"}, "geometry": {"type": "Polygon", "coordinates": [[[-75.079372, 38.3538779], [-75.0794115, 38.3537807], [-75.0792594, 38.3537427], [-75.0792156, 38.3538506], [-75.0791591, 38.3538365], [-75.0791812, 38.3537821], [-75.0791098, 38.3537643], [-75.0790906, 38.3537666], [-75.0790336, 38.353753], [-75.0789843, 38.3536772], [-75.0790021, 38.3536346], [-75.0790381, 38.3536438], [-75.0790911, 38.3535168], [-75.078923, 38.3534736], [-75.0789031, 38.3535213], [-75.0788515, 38.3535081], [-75.0788425, 38.3535297], [-75.0788966, 38.3535435], [-75.07888, 38.3535835], [-75.078829, 38.3535705], [-75.0787914, 38.3536608], [-75.0788422, 38.3536738], [-75.0788239, 38.3537178], [-75.0788361, 38.353721], [-75.0788961, 38.3538193], [-75.07889, 38.3538345], [-75.0789467, 38.3538487], [-75.0789313, 38.3538865], [-75.0790557, 38.3539176], [-75.0790587, 38.3539101], [-75.0792791, 38.3539652], [-75.0793199, 38.3538648], [-75.079372, 38.3538779]]]}}, {"id": "700", "type": "Feature", "properties": {"id": "27c598a7-15fc-49ae-a2bd-bad6ea9fd790", "name": null, "subtype": null, "class": null, "height": 1.0, "num_floors": null, "surge_class": 5, "surge_ft": 4.5, "flood_active": false, "exposure_score": 0.135, "exposure_category": "low"}, "geometry": {"type": "Polygon", "coordinates": [[[-75.0787824, 38.3541892], [-75.0787514, 38.3542716], [-75.0788143, 38.3542862], [-75.0788453, 38.3542038], [-75.0787824, 38.3541892]]]}}, {"id": "701", "type": "Feature", "properties": {"id": "c115e842-0dee-4da9-9c61-0ac63b8d08d7", "name": null, "subtype": null, "class": null, "height": 1.0, "num_floors": null, "surge_class": 5, "surge_ft": 4.5, "flood_active": false, "exposure_score": 0.135, "exposure_category": "low"}, "geometry": {"type": "Polygon", "coordinates": [[[-75.0787247, 38.3542583], [-75.0787519, 38.3541914], [-75.0786959, 38.3541774], [-75.0786687, 38.3542443], [-75.0787247, 38.3542583]]]}}, {"id": "702", "type": "Feature", "properties": {"id": "289068e4-34d0-42f0-bbba-604d3cc60da3", "name": null, "subtype": null, "class": null, "height": 1.205169677734375, "num_floors": null, "surge_class": 5, "surge_ft": 4.5, "flood_active": false, "exposure_score": 0.135, "exposure_category": "low"}, "geometry": {"type": "Polygon", "coordinates": [[[-75.0786297, 38.3542307], [-75.0786684, 38.3541306], [-75.0786046, 38.3541154], [-75.0785658, 38.3542155], [-75.0786297, 38.3542307]]]}}, {"id": "703", "type": "Feature", "properties": {"id": "0efcbfde-368f-4b67-a96d-363b3d4548af", "name": null, "subtype": null, "class": null, "height": 1.9442455768585205, "num_floors": null, "surge_class": 4, "surge_ft": 3.5, "flood_active": false, "exposure_score": 0.105, "exposure_category": "low"}, "geometry": {"type": "Polygon", "coordinates": [[[-75.0781051, 38.3539763], [-75.0780595, 38.3540937], [-75.0781455, 38.3541142], [-75.078191, 38.3539968], [-75.0781051, 38.3539763]]]}}, {"id": "704", "type": "Feature", "properties": {"id": "7dc0aae2-e67f-410c-a82e-b611a3918976", "name": null, "subtype": null, "class": null, "height": 1.0, "num_floors": null, "surge_class": 4, "surge_ft": 3.5, "flood_active": false, "exposure_score": 0.105, "exposure_category": "low"}, "geometry": {"type": "Polygon", "coordinates": [[[-75.0779055, 38.3539235], [-75.0778807, 38.3540467], [-75.0779539, 38.3540558], [-75.0779788, 38.3539326], [-75.0779055, 38.3539235]]]}}, {"id": "705", "type": "Feature", "properties": {"id": "64afa648-4966-4c69-aa07-6b8c8187e0a7", "name": null, "subtype": null, "class": null, "height": 1.9792251586914062, "num_floors": null, "surge_class": 4, "surge_ft": 3.5, "flood_active": false, "exposure_score": 0.105, "exposure_category": "low"}, "geometry": {"type": "Polygon", "coordinates": [[[-75.0780095, 38.3539461], [-75.0779556, 38.3540595], [-75.0780334, 38.3540822], [-75.0780872, 38.3539688], [-75.0780095, 38.3539461]]]}}, {"id": "706", "type": "Feature", "properties": {"id": "55f14b75-9b6e-4f9f-8c37-8dca39fe15f6", "name": null, "subtype": null, "class": null, "height": 1.0, "num_floors": null, "surge_class": 4, "surge_ft": 3.5, "flood_active": false, "exposure_score": 0.105, "exposure_category": "low"}, "geometry": {"type": "Polygon", "coordinates": [[[-75.0779454, 38.3541173], [-75.0779072, 38.3542097], [-75.0779618, 38.3542236], [-75.078, 38.3541311], [-75.0779454, 38.3541173]]]}}, {"id": "707", "type": "Feature", "properties": {"id": "6b1604ad-1188-462d-bfd5-310b07830ce8", "name": null, "subtype": null, "class": null, "height": 1.5875486135482788, "num_floors": null, "surge_class": 4, "surge_ft": 3.5, "flood_active": false, "exposure_score": 0.105, "exposure_category": "low"}, "geometry": {"type": "Polygon", "coordinates": [[[-75.0780843, 38.3542474], [-75.0781139, 38.3541702], [-75.0780451, 38.354154], [-75.0780155, 38.3542311], [-75.0780843, 38.3542474]]]}}, {"id": "708", "type": "Feature", "properties": {"id": "a1c417c8-3ecf-43a3-a424-d71698c03f04", "name": null, "subtype": null, "class": null, "height": 1.0, "num_floors": null, "surge_class": 4, "surge_ft": 3.5, "flood_active": false, "exposure_score": 0.105, "exposure_category": "low"}, "geometry": {"type": "Polygon", "coordinates": [[[-75.0781357, 38.354175], [-75.0781056, 38.3542768], [-75.0781768, 38.3542898], [-75.078207, 38.354188], [-75.0781357, 38.354175]]]}}, {"id": "709", "type": "Feature", "properties": {"id": "d684e580-0e6a-468e-a8c6-bed8de4b3c64", "name": null, "subtype": null, "class": null, "height": 1.0, "num_floors": null, "surge_class": 4, "surge_ft": 3.5, "flood_active": false, "exposure_score": 0.105, "exposure_category": "low"}, "geometry": {"type": "Polygon", "coordinates": [[[-75.0783462, 38.354158], [-75.0783734, 38.3540333], [-75.0783421, 38.3540291], [-75.0783368, 38.3540537], [-75.0783003, 38.3540488], [-75.0782785, 38.3541489], [-75.0783462, 38.354158]]]}}, {"id": "710", "type": "Feature", "properties": {"id": "f8c83795-c5e9-4f90-85d1-0d2dc28cbe75", "name": null, "subtype": null, "class": null, "height": 1.0, "num_floors": null, "surge_class": 4, "surge_ft": 3.5, "flood_active": false, "exposure_score": 0.105, "exposure_category": "low"}, "geometry": {"type": "Polygon", "coordinates": [[[-75.0782808, 38.3540258], [-75.0782042, 38.3540101], [-75.0781694, 38.3541145], [-75.078246, 38.3541302], [-75.0782808, 38.3540258]]]}}, {"id": "711", "type": "Feature", "properties": {"id": "79359a8e-2c49-40db-a970-1f91416596f7", "name": null, "subtype": null, "class": null, "height": 0.9360613822937012, "num_floors": null, "surge_class": 5, "surge_ft": 4.5, "flood_active": false, "exposure_score": 0.135, "exposure_category": "low"}, "geometry": {"type": "Polygon", "coordinates": [[[-75.0785355, 38.3540777], [-75.0784856, 38.3542011], [-75.0785343, 38.3542132], [-75.0785843, 38.3540898], [-75.0785355, 38.3540777]]]}}, {"id": "712", "type": "Feature", "properties": {"id": "9f2332f8-427a-4dff-8f97-b76f2871e226", "name": null, "subtype": null, "class": null, "height": 1.0166475772857666, "num_floors": null, "surge_class": 5, "surge_ft": 4.5, "flood_active": false, "exposure_score": 0.135, "exposure_category": "low"}, "geometry": {"type": "Polygon", "coordinates": [[[-75.0784357, 38.3541844], [-75.0784843, 38.3540663], [-75.0784089, 38.3540472], [-75.0783604, 38.3541654], [-75.0784357, 38.3541844]]]}}, {"id": "713", "type": "Feature", "properties": {"id": "fff06131-a9fa-4869-8669-d101de13449e", "name": null, "subtype": null, "class": null, "height": 1.5970947742462158, "num_floors": null, "surge_class": 4, "surge_ft": 3.5, "flood_active": false, "exposure_score": 0.105, "exposure_category": "low"}, "geometry": {"type": "Polygon", "coordinates": [[[-75.0784437, 38.3544761], [-75.0784675, 38.3543796], [-75.0783938, 38.3543684], [-75.07837, 38.3544649], [-75.0784437, 38.3544761]]]}}, {"id": "714", "type": "Feature", "properties": {"id": "5f58c22b-89a1-40ba-9aaa-b231b02b64f2", "name": null, "subtype": null, "class": null, "height": 1.0223071575164795, "num_floors": null, "surge_class": 5, "surge_ft": 4.5, "flood_active": false, "exposure_score": 0.135, "exposure_category": "low"}, "geometry": {"type": "Polygon", "coordinates": [[[-75.078482, 38.3543673], [-75.0785201, 38.3542609], [-75.078443, 38.3542439], [-75.0784049, 38.3543504], [-75.078482, 38.3543673]]]}}, {"id": "715", "type": "Feature", "properties": {"id": "c51d085c-24bb-46f9-b0b4-d5692c82e8d4", "name": null, "subtype": null, "class": null, "height": 1.0, "num_floors": null, "surge_class": 4, "surge_ft": 3.5, "flood_active": false, "exposure_score": 0.105, "exposure_category": "low"}, "geometry": {"type": "Polygon", "coordinates": [[[-75.0784116, 38.3542426], [-75.0783496, 38.3542255], [-75.0783138, 38.3543051], [-75.0783758, 38.3543223], [-75.0784116, 38.3542426]]]}}, {"id": "716", "type": "Feature", "properties": {"id": "4c319119-9cd5-480f-944c-43214d2a1dd1", "name": null, "subtype": null, "class": null, "height": 1.0, "num_floors": null, "surge_class": 4, "surge_ft": 3.5, "flood_active": false, "exposure_score": 0.105, "exposure_category": "low"}, "geometry": {"type": "Polygon", "coordinates": [[[-75.0783182, 38.3542212], [-75.0782364, 38.3541994], [-75.0781978, 38.3542889], [-75.0782796, 38.3543106], [-75.0783182, 38.3542212]]]}}, {"id": "717", "type": "Feature", "properties": {"id": "f3d18b4f-bb3d-45f4-af52-c28104de6066", "name": null, "subtype": null, "class": null, "height": 0.994027316570282, "num_floors": null, "surge_class": 4, "surge_ft": 3.5, "flood_active": false, "exposure_score": 0.105, "exposure_category": "low"}, "geometry": {"type": "Polygon", "coordinates": [[[-75.0783233, 38.3543238], [-75.0782739, 38.3544414], [-75.0783247, 38.3544545], [-75.0783741, 38.3543369], [-75.0783233, 38.3543238]]]}}, {"id": "718", "type": "Feature", "properties": {"id": "f1114e2a-b1d1-4a2b-be1d-2ce5f1bbb527", "name": null, "subtype": null, "class": null, "height": 1.093442678451538, "num_floors": null, "surge_class": 4, "surge_ft": 3.5, "flood_active": false, "exposure_score": 0.105, "exposure_category": "low"}, "geometry": {"type": "Polygon", "coordinates": [[[-75.0783511, 38.3546731], [-75.0783962, 38.3545305], [-75.078328, 38.3545172], [-75.0782828, 38.3546599], [-75.0783511, 38.3546731]]]}}, {"id": "719", "type": "Feature", "properties": {"id": "e898032c-72e3-47df-bdf4-d967d9be1a0a", "name": null, "subtype": null, "class": null, "height": 1.0, "num_floors": null, "surge_class": 5, "surge_ft": 4.5, "flood_active": false, "exposure_score": 0.135, "exposure_category": "low"}, "geometry": {"type": "Polygon", "coordinates": [[[-75.0785174, 38.3543967], [-75.0784801, 38.354493], [-75.078539, 38.354507], [-75.0785764, 38.3544108], [-75.0785174, 38.3543967]]]}}, {"id": "720", "type": "Feature", "properties": {"id": "73971f4e-42a9-4767-bbd2-8f80715b4e96", "name": null, "subtype": null, "class": null, "height": 1.305155873298645, "num_floors": null, "surge_class": 4, "surge_ft": 3.5, "flood_active": false, "exposure_score": 0.105, "exposure_category": "low"}, "geometry": {"type": "Polygon", "coordinates": [[[-75.0785264, 38.3545809], [-75.0784755, 38.3547071], [-75.0785206, 38.3547183], [-75.0785337, 38.3546858], [-75.0785642, 38.3546933], [-75.0786019, 38.3545997], [-75.0785264, 38.3545809]]]}}, {"id": "721", "type": "Feature", "properties": {"id": "cae445ae-9aa1-4758-a478-4fc91578f77f", "name": null, "subtype": null, "class": null, "height": 1.047041654586792, "num_floors": null, "surge_class": 4, "surge_ft": 3.5, "flood_active": false, "exposure_score": 0.105, "exposure_category": "low"}, "geometry": {"type": "Polygon", "coordinates": [[[-75.0784511, 38.3547019], [-75.0785025, 38.354562], [-75.0784257, 38.3545447], [-75.0783743, 38.3546845], [-75.0784511, 38.3547019]]]}}, {"id": "722", "type": "Feature", "properties": {"id": "25f96e0b-b02b-46d3-9b56-9b77bba655be", "name": null, "subtype": null, "class": null, "height": 1.9984050989151, "num_floors": null, "surge_class": 5, "surge_ft": 4.5, "flood_active": false, "exposure_score": 0.135, "exposure_category": "low"}, "geometry": {"type": "Polygon", "coordinates": [[[-75.078477, 38.3548801], [-75.0785308, 38.3547522], [-75.0784558, 38.3547328], [-75.078402, 38.3548607], [-75.078477, 38.3548801]]]}}, {"id": "723", "type": "Feature", "properties": {"id": "5684aa8b-7384-4a56-a714-eb559dd97d5a", "name": null, "subtype": null, "class": null, "height": 1.9994819164276123, "num_floors": null, "surge_class": 4, "surge_ft": 3.5, "flood_active": false, "exposure_score": 0.105, "exposure_category": "low"}, "geometry": {"type": "Polygon", "coordinates": [[[-75.0782194, 38.3548139], [-75.0782973, 38.3548249], [-75.0783284, 38.3546896], [-75.0782505, 38.3546786], [-75.0782194, 38.3548139]]]}}, {"id": "724", "type": "Feature", "properties": {"id": "0ea75fb6-459b-464b-83da-0f72e12d6061", "name": null, "subtype": null, "class": null, "height": 2.0, "num_floors": null, "surge_class": 4, "surge_ft": 3.5, "flood_active": false, "exposure_score": 0.105, "exposure_category": "low"}, "geometry": {"type": "Polygon", "coordinates": [[[-75.0783501, 38.3548003], [-75.0783336, 38.3548449], [-75.0783806, 38.3548556], [-75.0784318, 38.354717], [-75.0783563, 38.3546999], [-75.0783216, 38.3547938], [-75.0783501, 38.3548003]]]}}, {"id": "725", "type": "Feature", "properties": {"id": "46fb578f-fd26-4884-b165-77c5a546ad3c", "name": null, "subtype": null, "class": null, "height": 2.0, "num_floors": null, "surge_class": 4, "surge_ft": 3.5, "flood_active": false, "exposure_score": 0.105, "exposure_category": "low"}, "geometry": {"type": "Polygon", "coordinates": [[[-75.078095, 38.3547803], [-75.0781339, 38.3546309], [-75.0780592, 38.3546189], [-75.0780203, 38.3547684], [-75.078095, 38.3547803]]]}}, {"id": "726", "type": "Feature", "properties": {"id": "b23fc720-59fa-47e6-bedb-9c291c4c2d81", "name": null, "subtype": null, "class": null, "height": 1.997633695602417, "num_floors": null, "surge_class": 5, "surge_ft": 4.5, "flood_active": false, "exposure_score": 0.135, "exposure_category": "low"}, "geometry": {"type": "Polygon", "coordinates": [[[-75.0781052, 38.3547768], [-75.0781851, 38.3547973], [-75.0782415, 38.3546625], [-75.0781615, 38.354642], [-75.0781052, 38.3547768]]]}}, {"id": "727", "type": "Feature", "properties": {"id": "d21c89b0-23c0-47e1-b54a-ab3a8fe2385d", "name": null, "subtype": null, "class": null, "height": 1.876251459121704, "num_floors": null, "surge_class": 4, "surge_ft": 3.5, "flood_active": false, "exposure_score": 0.105, "exposure_category": "low"}, "geometry": {"type": "Polygon", "coordinates": [[[-75.0780453, 38.354606], [-75.0779583, 38.3545868], [-75.0779045, 38.3547368], [-75.0779915, 38.354756], [-75.0780453, 38.354606]]]}}, {"id": "728", "type": "Feature", "properties": {"id": "753b848a-5b8a-4ccc-aa51-4020082470bf", "name": null, "subtype": null, "class": null, "height": 1.0, "num_floors": null, "surge_class": 4, "surge_ft": 3.5, "flood_active": false, "exposure_score": 0.105, "exposure_category": "low"}, "geometry": {"type": "Polygon", "coordinates": [[[-75.0779132, 38.354438], [-75.0778733, 38.3545352], [-75.0779413, 38.3545524], [-75.0779812, 38.3544552], [-75.0779132, 38.354438]]]}}, {"id": "729", "type": "Feature", "properties": {"id": "3432e443-af10-4be9-a012-caa16044930c", "name": null, "subtype": null, "class": null, "height": 1.0005533695220947, "num_floors": null, "surge_class": 4, "surge_ft": 3.5, "flood_active": false, "exposure_score": 0.105, "exposure_category": "low"}, "geometry": {"type": "Polygon", "coordinates": [[[-75.0780393, 38.3545816], [-75.0780839, 38.3544647], [-75.0780038, 38.3544459], [-75.0779592, 38.3545629], [-75.0780393, 38.3545816]]]}}, {"id": "730", "type": "Feature", "properties": {"id": "f02a346f-394e-468a-827e-983c4dbcf59a", "name": null, "subtype": null, "class": null, "height": 0.4822092354297638, "num_floors": null, "surge_class": 4, "surge_ft": 3.5, "flood_active": false, "exposure_score": 0.105, "exposure_category": "low"}, "geometry": {"type": "Polygon", "coordinates": [[[-75.0781165, 38.3544649], [-75.078079, 38.3546038], [-75.0781522, 38.354616], [-75.0781897, 38.3544771], [-75.0781165, 38.3544649]]]}}, {"id": "731", "type": "Feature", "properties": {"id": "3544a9c9-7910-4979-9ccc-316ed1ebd64a", "name": null, "subtype": null, "class": null, "height": 0.8083941340446472, "num_floors": null, "surge_class": 4, "surge_ft": 3.5, "flood_active": false, "exposure_score": 0.105, "exposure_category": "low"}, "geometry": {"type": "Polygon", "coordinates": [[[-75.078215, 38.3544969], [-75.0781632, 38.3546226], [-75.0782299, 38.3546395], [-75.0782818, 38.3545138], [-75.078215, 38.3544969]]]}}, {"id": "732", "type": "Feature", "properties": {"id": "6cc4c361-ce3c-4228-8e9f-8b9707abbaaf", "name": null, "subtype": null, "class": null, "height": 1.4201077222824097, "num_floors": null, "surge_class": 5, "surge_ft": 4.5, "flood_active": false, "exposure_score": 0.135, "exposure_category": "low"}, "geometry": {"type": "Polygon", "coordinates": [[[-75.0781314, 38.3544029], [-75.0781671, 38.3543128], [-75.0781034, 38.3542973], [-75.0780678, 38.3543875], [-75.0781314, 38.3544029]]]}}, {"id": "733", "type": "Feature", "properties": {"id": "cd552be1-949f-4a1c-b203-adb36ab924ce", "name": null, "subtype": null, "class": null, "height": 0.9985527992248535, "num_floors": null, "surge_class": 4, "surge_ft": 3.5, "flood_active": false, "exposure_score": 0.105, "exposure_category": "low"}, "geometry": {"type": "Polygon", "coordinates": [[[-75.0782784, 38.3543317], [-75.0782058, 38.3543114], [-75.0781626, 38.3544067], [-75.0782353, 38.3544269], [-75.0782784, 38.3543317]]]}}, {"id": "734", "type": "Feature", "properties": {"id": "607adc0f-b394-4fc2-9071-5195cccc01a3", "name": null, "subtype": null, "class": null, "height": 1.538577914237976, "num_floors": null, "surge_class": 4, "surge_ft": 3.5, "flood_active": false, "exposure_score": 0.105, "exposure_category": "low"}, "geometry": {"type": "Polygon", "coordinates": [[[-75.0780291, 38.3543781], [-75.0780751, 38.3542646], [-75.0780154, 38.3542497], [-75.0779694, 38.3543632], [-75.0780291, 38.3543781]]]}}, {"id": "735", "type": "Feature", "properties": {"id": "3607fd99-11a6-4aad-ba59-f2ba616e7fb9", "name": null, "subtype": null, "class": null, "height": 1.2128218412399292, "num_floors": null, "surge_class": 4, "surge_ft": 3.5, "flood_active": false, "exposure_score": 0.105, "exposure_category": "low"}, "geometry": {"type": "Polygon", "coordinates": [[[-75.0779396, 38.3543588], [-75.0779883, 38.3542337], [-75.0779097, 38.3542149], [-75.0778611, 38.35434], [-75.0779396, 38.3543588]]]}}, {"id": "736", "type": "Feature", "properties": {"id": "b3b4f715-ce09-4637-bb21-54068b31ca7f", "name": null, "subtype": null, "class": null, "height": 1.334227442741394, "num_floors": null, "surge_class": 4, "surge_ft": 3.5, "flood_active": false, "exposure_score": 0.105, "exposure_category": "low"}, "geometry": {"type": "Polygon", "coordinates": [[[-75.077879, 38.3542145], [-75.0777909, 38.354193], [-75.077759, 38.3542736], [-75.0777786, 38.3542783], [-75.0777641, 38.3543148], [-75.0778326, 38.3543315], [-75.077879, 38.3542145]]]}}, {"id": "737", "type": "Feature", "properties": {"id": "91cf482c-a14e-4e7e-b6de-e6c6249904db", "name": null, "subtype": null, "class": null, "height": 1.0652834177017212, "num_floors": null, "surge_class": 4, "surge_ft": 3.5, "flood_active": false, "exposure_score": 0.105, "exposure_category": "low"}, "geometry": {"type": "Polygon", "coordinates": [[[-75.0776719, 38.3544856], [-75.0777052, 38.3543597], [-75.0776203, 38.3543459], [-75.077587, 38.3544718], [-75.0776719, 38.3544856]]]}}, {"id": "738", "type": "Feature", "properties": {"id": "e829c7e6-ebed-4fc8-b67b-e12089f699f6", "name": null, "subtype": null, "class": null, "height": 1.0, "num_floors": null, "surge_class": 4, "surge_ft": 3.5, "flood_active": false, "exposure_score": 0.105, "exposure_category": "low"}, "geometry": {"type": "Polygon", "coordinates": [[[-75.0777479, 38.3545176], [-75.0778036, 38.3543894], [-75.0777315, 38.3543702], [-75.0776758, 38.3544983], [-75.0777479, 38.3545176]]]}}, {"id": "739", "type": "Feature", "properties": {"id": "5cc752fe-6e7a-4a2e-a26f-dcba5243c6d7", "name": null, "subtype": null, "class": null, "height": 3.683476448059082, "num_floors": null, "surge_class": 4, "surge_ft": 3.5, "flood_active": false, "exposure_score": 0.105, "exposure_category": "low"}, "geometry": {"type": "Polygon", "coordinates": [[[-75.0777383, 38.3545349], [-75.0776608, 38.3545149], [-75.0776194, 38.3546136], [-75.0776461, 38.3546205], [-75.0776309, 38.3546566], [-75.0776818, 38.3546697], [-75.0777383, 38.3545349]]]}}, {"id": "740", "type": "Feature", "properties": {"id": "8f144ccc-a0f9-49a7-be83-f1fd6ec5b86f", "name": null, "subtype": null, "class": null, "height": 1.3430813550949097, "num_floors": null, "surge_class": 4, "surge_ft": 3.5, "flood_active": false, "exposure_score": 0.105, "exposure_category": "low"}, "geometry": {"type": "Polygon", "coordinates": [[[-75.077815, 38.3545304], [-75.0778236, 38.3545025], [-75.0778591, 38.3545092], [-75.0778871, 38.3544178], [-75.0778161, 38.3544044], [-75.0777795, 38.3545237], [-75.077815, 38.3545304]]]}}, {"id": "741", "type": "Feature", "properties": {"id": "f506f6f4-cbda-4314-b1bd-108d5156c050", "name": null, "subtype": null, "class": null, "height": 1.0, "num_floors": null, "surge_class": 4, "surge_ft": 3.5, "flood_active": false, "exposure_score": 0.105, "exposure_category": "low"}, "geometry": {"type": "Polygon", "coordinates": [[[-75.0778903, 38.3546052], [-75.0778424, 38.3545982], [-75.0778206, 38.3546897], [-75.0778815, 38.3546986], [-75.077913, 38.3545665], [-75.0779, 38.3545646], [-75.0778903, 38.3546052]]]}}, {"id": "742", "type": "Feature", "properties": {"id": "1084d60a-6465-40bb-b163-98781fd8058d", "name": null, "subtype": null, "class": null, "height": 4.616929054260254, "num_floors": null, "surge_class": 4, "surge_ft": 3.5, "flood_active": false, "exposure_score": 0.105, "exposure_category": "low"}, "geometry": {"type": "Polygon", "coordinates": [[[-75.0777491, 38.3545582], [-75.0777156, 38.3546875], [-75.0777929, 38.3546998], [-75.0778264, 38.3545705], [-75.0777491, 38.3545582]]]}}, {"id": "743", "type": "Feature", "properties": {"id": "c3275497-8832-41f9-8752-9d4b206194b2", "name": null, "subtype": null, "class": null, "height": 1.0, "num_floors": null, "surge_class": 4, "surge_ft": 3.5, "flood_active": false, "exposure_score": 0.105, "exposure_category": "low"}, "geometry": {"type": "Polygon", "coordinates": [[[-75.077348, 38.3544359], [-75.0772764, 38.3544195], [-75.0772269, 38.3545521], [-75.0772985, 38.3545685], [-75.077348, 38.3544359]]]}}, {"id": "744", "type": "Feature", "properties": {"id": "a7f60287-0ef6-413f-b6a6-456cd6f648c4", "name": null, "subtype": null, "class": null, "height": 1.4734456539154053, "num_floors": null, "surge_class": 5, "surge_ft": 4.5, "flood_active": false, "exposure_score": 0.135, "exposure_category": "low"}, "geometry": {"type": "Polygon", "coordinates": [[[-75.0773885, 38.3546016], [-75.0774455, 38.3544647], [-75.0773982, 38.3544526], [-75.0773646, 38.3545335], [-75.0773391, 38.354527], [-75.0773158, 38.354583], [-75.0773885, 38.3546016]]]}}, {"id": "745", "type": "Feature", "properties": {"id": "1d7e97b3-8b61-43a2-8276-e9b6b581974f", "name": null, "subtype": null, "class": null, "height": 2.6333982944488525, "num_floors": null, "surge_class": 5, "surge_ft": 4.5, "flood_active": false, "exposure_score": 0.135, "exposure_category": "low"}, "geometry": {"type": "Polygon", "coordinates": [[[-75.0775411, 38.3544864], [-75.0774666, 38.354468], [-75.0774098, 38.3546096], [-75.0774842, 38.354628], [-75.0775411, 38.3544864]]]}}, {"id": "746", "type": "Feature", "properties": {"id": "c72ac1fc-99a9-4ac1-8169-25e433225875", "name": null, "subtype": null, "class": null, "height": 3.5278704166412354, "num_floors": null, "surge_class": 4, "surge_ft": 3.5, "flood_active": false, "exposure_score": 0.105, "exposure_category": "low"}, "geometry": {"type": "Polygon", "coordinates": [[[-75.0776351, 38.3545077], [-75.0775536, 38.3544954], [-75.0775194, 38.3546354], [-75.0776009, 38.3546477], [-75.0776351, 38.3545077]]]}}, {"id": "747", "type": "Feature", "properties": {"id": "1fa77235-7985-4265-88b5-f81fc1d041f2", "name": null, "subtype": null, "class": null, "height": 1.4530503749847412, "num_floors": null, "surge_class": 4, "surge_ft": 3.5, "flood_active": false, "exposure_score": 0.105, "exposure_category": "low"}, "geometry": {"type": "Polygon", "coordinates": [[[-75.0775013, 38.3543138], [-75.0774265, 38.3542959], [-75.0773758, 38.3544259], [-75.0774506, 38.3544438], [-75.0775013, 38.3543138]]]}}, {"id": "748", "type": "Feature", "properties": {"id": "03ebd56d-e6bf-47bd-8679-807a5891564c", "name": null, "subtype": null, "class": null, "height": 1.8053375482559204, "num_floors": null, "surge_class": 4, "surge_ft": 3.5, "flood_active": false, "exposure_score": 0.105, "exposure_category": "low"}, "geometry": {"type": "Polygon", "coordinates": [[[-75.0776034, 38.3543262], [-75.0775291, 38.3543094], [-75.0774798, 38.3544434], [-75.0775541, 38.3544602], [-75.0776034, 38.3543262]]]}}, {"id": "749", "type": "Feature", "properties": {"id": "b3425d30-5dca-44ad-809a-8d082c2df8bb", "name": null, "subtype": null, "class": null, "height": 1.943647027015686, "num_floors": null, "surge_class": 4, "surge_ft": 3.5, "flood_active": false, "exposure_score": 0.105, "exposure_category": "low"}, "geometry": {"type": "Polygon", "coordinates": [[[-75.077336, 38.3542579], [-75.0772842, 38.3543835], [-75.0773607, 38.354403], [-75.0774125, 38.3542773], [-75.077336, 38.3542579]]]}}, {"id": "750", "type": "Feature", "properties": {"id": "cf06925e-7330-4cd0-b485-d332692845b6", "name": null, "subtype": null, "class": null, "height": 1.962867021560669, "num_floors": null, "surge_class": 4, "surge_ft": 3.5, "flood_active": false, "exposure_score": 0.105, "exposure_category": "low"}, "geometry": {"type": "Polygon", "coordinates": [[[-75.0774375, 38.3542218], [-75.0774601, 38.3541315], [-75.0773903, 38.3541208], [-75.0773677, 38.3542111], [-75.0774375, 38.3542218]]]}}, {"id": "751", "type": "Feature", "properties": {"id": "8bc4daef-aa3b-4103-8bd5-8a1f14880870", "name": null, "subtype": null, "class": null, "height": 1.7190476655960083, "num_floors": null, "surge_class": 3, "surge_ft": 2.5, "flood_active": false, "exposure_score": 0.075, "exposure_category": "low"}, "geometry": {"type": "Polygon", "coordinates": [[[-75.0772751, 38.3541794], [-75.0773395, 38.3541921], [-75.0773728, 38.3540883], [-75.0773084, 38.3540756], [-75.0772751, 38.3541794]]]}}, {"id": "752", "type": "Feature", "properties": {"id": "7d4f3fe0-1874-498e-b08f-5cf4bea04df4", "name": null, "subtype": null, "class": null, "height": 1.9715003967285156, "num_floors": null, "surge_class": 2, "surge_ft": 1.5, "flood_active": false, "exposure_score": 0.045, "exposure_category": "low"}, "geometry": {"type": "Polygon", "coordinates": [[[-75.0773441, 38.3539651], [-75.0773118, 38.354058], [-75.0773793, 38.3540724], [-75.0774115, 38.3539795], [-75.0773441, 38.3539651]]]}}, {"id": "753", "type": "Feature", "properties": {"id": "4c7ae44d-07d4-4b93-9e84-f385e3a6ef06", "name": null, "subtype": null, "class": null, "height": 1.855481743812561, "num_floors": null, "surge_class": 3, "surge_ft": 2.5, "flood_active": false, "exposure_score": 0.075, "exposure_category": "low"}, "geometry": {"type": "Polygon", "coordinates": [[[-75.0775022, 38.3540129], [-75.0774412, 38.3539978], [-75.0774003, 38.354099], [-75.0774612, 38.3541142], [-75.0775022, 38.3540129]]]}}, {"id": "754", "type": "Feature", "properties": {"id": "e54d8532-bb56-4775-a2e9-ec47a2602f04", "name": null, "subtype": null, "class": null, "height": 1.096477746963501, "num_floors": null, "surge_class": 3, "surge_ft": 2.5, "flood_active": false, "exposure_score": 0.075, "exposure_category": "low"}, "geometry": {"type": "Polygon", "coordinates": [[[-75.0776004, 38.3540267], [-75.0775356, 38.3540173], [-75.0775096, 38.3541271], [-75.0775745, 38.3541365], [-75.0776004, 38.3540267]]]}}, {"id": "755", "type": "Feature", "properties": {"id": "727c85d3-1bf8-4b83-9c2a-4c64b6b7a7bf", "name": null, "subtype": null, "class": null, "height": 1.956140398979187, "num_floors": null, "surge_class": 3, "surge_ft": 2.5, "flood_active": false, "exposure_score": 0.075, "exposure_category": "low"}, "geometry": {"type": "Polygon", "coordinates": [[[-75.0775323, 38.3542478], [-75.0775713, 38.3541535], [-75.0774972, 38.3541346], [-75.0774582, 38.354229], [-75.0775323, 38.3542478]]]}}, {"id": "756", "type": "Feature", "properties": {"id": "36f17228-c402-4cb2-9a1a-146a08e90936", "name": null, "subtype": null, "class": null, "height": 1.9231317043304443, "num_floors": null, "surge_class": 3, "surge_ft": 2.5, "flood_active": false, "exposure_score": 0.075, "exposure_category": "low"}, "geometry": {"type": "Polygon", "coordinates": [[[-75.0776768, 38.3541854], [-75.0775999, 38.3541649], [-75.0775599, 38.3542573], [-75.0776369, 38.3542778], [-75.0776768, 38.3541854]]]}}, {"id": "757", "type": "Feature", "properties": {"id": "b4e3a49c-2ed5-465f-b18a-50708d30d5e5", "name": null, "subtype": null, "class": null, "height": 0.8804780840873718, "num_floors": null, "surge_class": 3, "surge_ft": 2.5, "flood_active": false, "exposure_score": 0.075, "exposure_category": "low"}, "geometry": {"type": "Polygon", "coordinates": [[[-75.0777231, 38.3540643], [-75.0776454, 38.3540463], [-75.0776075, 38.3541469], [-75.0776852, 38.3541649], [-75.0777231, 38.3540643]]]}}, {"id": "758", "type": "Feature", "properties": {"id": "179adedb-0fac-418c-bc84-8a55c1dc1223", "name": null, "subtype": null, "class": null, "height": 1.0, "num_floors": null, "surge_class": 4, "surge_ft": 3.5, "flood_active": false, "exposure_score": 0.105, "exposure_category": "low"}, "geometry": {"type": "Polygon", "coordinates": [[[-75.0776926, 38.3541864], [-75.0776579, 38.3542863], [-75.0777353, 38.3543028], [-75.07777, 38.3542029], [-75.0776926, 38.3541864]]]}}, {"id": "759", "type": "Feature", "properties": {"id": "a435bc85-582b-4ea2-8e18-6afb011f8e1e", "name": null, "subtype": null, "class": null, "height": 1.9329159259796143, "num_floors": null, "surge_class": 4, "surge_ft": 3.5, "flood_active": false, "exposure_score": 0.105, "exposure_category": "low"}, "geometry": {"type": "Polygon", "coordinates": [[[-75.0778988, 38.3541103], [-75.0778291, 38.3540994], [-75.0778071, 38.3541864], [-75.0778767, 38.3541973], [-75.0778988, 38.3541103]]]}}, {"id": "760", "type": "Feature", "properties": {"id": "1d0c49ff-3081-421a-a41f-5f305430b2e8", "name": null, "subtype": null, "class": null, "height": 0.5625, "num_floors": null, "surge_class": 3, "surge_ft": 2.5, "flood_active": false, "exposure_score": 0.075, "exposure_category": "low"}, "geometry": {"type": "Polygon", "coordinates": [[[-75.0777494, 38.354069], [-75.0777052, 38.3541741], [-75.0777571, 38.3541876], [-75.0778014, 38.3540824], [-75.0777494, 38.354069]]]}}, {"id": "761", "type": "Feature", "properties": {"id": "4bed5711-b761-4567-a51c-13caa75d51a4", "name": null, "subtype": null, "class": null, "height": 0.9706498980522156, "num_floors": null, "surge_class": 4, "surge_ft": 3.5, "flood_active": false, "exposure_score": 0.105, "exposure_category": "low"}, "geometry": {"type": "Polygon", "coordinates": [[[-75.0778296, 38.353905], [-75.0777769, 38.3540207], [-75.0778388, 38.354038], [-75.0778914, 38.3539224], [-75.0778296, 38.353905]]]}}, {"id": "762", "type": "Feature", "properties": {"id": "1497d101-18f7-4285-94a4-8d16c722e0cc", "name": null, "subtype": null, "class": null, "height": 0.6407954096794128, "num_floors": null, "surge_class": 4, "surge_ft": 3.5, "flood_active": false, "exposure_score": 0.105, "exposure_category": "low"}, "geometry": {"type": "Polygon", "coordinates": [[[-75.0777498, 38.3540096], [-75.0777813, 38.3538919], [-75.0777016, 38.3538788], [-75.0776801, 38.3539594], [-75.0777058, 38.3539636], [-75.0776958, 38.3540008], [-75.0777498, 38.3540096]]]}}, {"id": "763", "type": "Feature", "properties": {"id": "d3f9898d-ccf9-4ebd-bc9e-f392f6c49b73", "name": null, "subtype": null, "class": null, "height": 1.6441718339920044, "num_floors": null, "surge_class": 3, "surge_ft": 2.5, "flood_active": false, "exposure_score": 0.075, "exposure_category": "low"}, "geometry": {"type": "Polygon", "coordinates": [[[-75.0776319, 38.3538557], [-75.0776249, 38.353881], [-75.0775955, 38.353876], [-75.0775707, 38.3539652], [-75.0776462, 38.3539781], [-75.077678, 38.3538636], [-75.0776319, 38.3538557]]]}}, {"id": "764", "type": "Feature", "properties": {"id": "cf927fd0-e51d-42c2-9107-8da32bb8d976", "name": null, "subtype": null, "class": null, "height": 1.25043785572052, "num_floors": null, "surge_class": 4, "surge_ft": 3.5, "flood_active": false, "exposure_score": 0.105, "exposure_category": "low"}, "geometry": {"type": "Polygon", "coordinates": [[[-75.0775392, 38.3539522], [-75.0775845, 38.353838], [-75.0775331, 38.3538255], [-75.0774878, 38.3539397], [-75.0775392, 38.3539522]]]}}, {"id": "765", "type": "Feature", "properties": {"id": "ce65100c-c662-407c-97f1-8fd6be34aebf", "name": null, "subtype": null, "class": null, "height": 1.9286384582519531, "num_floors": null, "surge_class": 4, "surge_ft": 3.5, "flood_active": false, "exposure_score": 0.105, "exposure_category": "low"}, "geometry": {"type": "Polygon", "coordinates": [[[-75.0774789, 38.3538444], [-75.0774124, 38.3538288], [-75.0773808, 38.3539119], [-75.0774473, 38.3539274], [-75.0774789, 38.3538444]]]}}, {"id": "766", "type": "Feature", "properties": {"id": "1a20225e-e9f4-4ef1-96bc-3d36dc238cb9", "name": null, "subtype": null, "class": null, "height": 1.9899396896362305, "num_floors": null, "surge_class": 3, "surge_ft": 2.5, "flood_active": false, "exposure_score": 0.075, "exposure_category": "low"}, "geometry": {"type": "Polygon", "coordinates": [[[-75.0773543, 38.3539049], [-75.0773877, 38.3537889], [-75.0773188, 38.3537767], [-75.0772854, 38.3538927], [-75.0773543, 38.3539049]]]}}, {"id": "767", "type": "Feature", "properties": {"id": "954bab16-5d8c-4dca-863f-d1fb59f73688", "name": null, "subtype": null, "class": null, "height": null, "num_floors": null, "surge_class": 0, "surge_ft": 0.0, "flood_active": false, "exposure_score": 0.0, "exposure_category": "none"}, "geometry": {"type": "Polygon", "coordinates": [[[-75.0773103, 38.3533699], [-75.0772621, 38.3534892], [-75.0772879, 38.3534956], [-75.0772751, 38.3535272], [-75.0774132, 38.3535615], [-75.0774177, 38.3535504], [-75.0775611, 38.353586], [-75.0776175, 38.3534462], [-75.0773103, 38.3533699]]]}}, {"id": "768", "type": "Feature", "properties": {"id": "4e62011b-4575-4018-9055-953f37a4e549", "name": null, "subtype": null, "class": null, "height": null, "num_floors": null, "surge_class": 3, "surge_ft": 2.5, "flood_active": false, "exposure_score": 0.075, "exposure_category": "low"}, "geometry": {"type": "Polygon", "coordinates": [[[-75.0777414, 38.3534148], [-75.0777218, 38.3534717], [-75.0776244, 38.353451], [-75.0776072, 38.3535009], [-75.0777933, 38.3535403], [-75.0777673, 38.3536159], [-75.0778211, 38.3536273], [-75.0778663, 38.353496], [-75.077845, 38.3534915], [-75.0778626, 38.3534405], [-75.0777414, 38.3534148]]]}}, {"id": "769", "type": "Feature", "properties": {"id": "e65a59d0-6dd6-41b7-8419-6dbfb38186ca", "name": null, "subtype": null, "class": null, "height": 2.5165529251098633, "num_floors": null, "surge_class": 2, "surge_ft": 1.5, "flood_active": false, "exposure_score": 0.045, "exposure_category": "low"}, "geometry": {"type": "Polygon", "coordinates": [[[-75.0773618, 38.3528356], [-75.0773957, 38.3527577], [-75.0772667, 38.3527231], [-75.0772327, 38.352801], [-75.0773618, 38.3528356]]]}}, {"id": "770", "type": "Feature", "properties": {"id": "646a46d3-c7e8-4e88-97f3-7aa804452ab1", "name": "Westward Ho", "subtype": null, "class": null, "height": 6.724337100982666, "num_floors": 5, "surge_class": 3, "surge_ft": 2.5, "flood_active": false, "exposure_score": 0.075, "exposure_category": "low"}, "geometry": {"type": "Polygon", "coordinates": [[[-75.07834, 38.3533449], [-75.0783569, 38.3533015], [-75.0780555, 38.3532296], [-75.078041, 38.353267], [-75.0780158, 38.353261], [-75.0779881, 38.3533323], [-75.0780119, 38.353338], [-75.0779935, 38.3533855], [-75.0783014, 38.353459], [-75.0783185, 38.353415], [-75.0783498, 38.3534225], [-75.0783766, 38.3533537], [-75.07834, 38.3533449]]]}}, {"id": "771", "type": "Feature", "properties": {"id": "59fd3ab6-c025-4bb1-8bf7-5ef2fdbdc63c", "name": "Harbour Towne D", "subtype": "residential", "class": "apartments", "height": 7.54942512512207, "num_floors": null, "surge_class": 2, "surge_ft": 1.5, "flood_active": false, "exposure_score": 0.045, "exposure_category": "low"}, "geometry": {"type": "Polygon", "coordinates": [[[-75.0793309, 38.3529835], [-75.0789668, 38.352905], [-75.0789144, 38.3530543], [-75.0789917, 38.353071], [-75.0789835, 38.3530945], [-75.0790558, 38.3531101], [-75.0790627, 38.3530905], [-75.079115, 38.3531018], [-75.0791068, 38.3531253], [-75.0791891, 38.3531431], [-75.0791953, 38.3531255], [-75.0792751, 38.3531427], [-75.0793309, 38.3529835]]]}}, {"id": "772", "type": "Feature", "properties": {"id": "c62b6b50-c36a-4112-b17a-1a44c0d46258", "name": "Harbour Towne A", "subtype": "residential", "class": "apartments", "height": null, "num_floors": null, "surge_class": 1, "surge_ft": 0.5, "flood_active": false, "exposure_score": 0.015, "exposure_category": "low"}, "geometry": {"type": "Polygon", "coordinates": [[[-75.0796993, 38.3533252], [-75.0794744, 38.3532743], [-75.0794359, 38.3533787], [-75.0794609, 38.3533844], [-75.07944, 38.3534411], [-75.0793996, 38.3534319], [-75.0793672, 38.3535197], [-75.0796077, 38.3535741], [-75.0796993, 38.3533252]]]}}, {"id": "773", "type": "Feature", "properties": {"id": "cff178be-99e4-4ae5-bfbe-6b8cc4ef93a8", "name": "Harbour Towne B", "subtype": "residential", "class": "apartments", "height": 4.444245338439941, "num_floors": null, "surge_class": 3, "surge_ft": 2.5, "flood_active": false, "exposure_score": 0.075, "exposure_category": "low"}, "geometry": {"type": "Polygon", "coordinates": [[[-75.0795215, 38.353143], [-75.0794774, 38.3532657], [-75.0797188, 38.353319], [-75.0798082, 38.3530706], [-75.0798172, 38.3530726], [-75.0798452, 38.352995], [-75.0796436, 38.3529504], [-75.0796245, 38.3530036], [-75.0795914, 38.3529963], [-75.0795678, 38.3530617], [-75.0795914, 38.353067], [-75.079561, 38.3531517], [-75.0795215, 38.353143]]]}}, {"id": "774", "type": "Feature", "properties": {"id": "a02e6329-b34c-4926-9c82-4214815711d2", "name": "Harbour Towne C", "subtype": "residential", "class": "apartments", "height": null, "num_floors": null, "surge_class": 3, "surge_ft": 2.5, "flood_active": false, "exposure_score": 0.075, "exposure_category": "low"}, "geometry": {"type": "Polygon", "coordinates": [[[-75.0794078, 38.3526742], [-75.0793336, 38.352853], [-75.0794926, 38.3528936], [-75.0794894, 38.3529012], [-75.0796543, 38.3529433], [-75.0797246, 38.352774], [-75.0796494, 38.3527548], [-75.0796566, 38.3527377], [-75.0794078, 38.3526742]]]}}, {"id": "775", "type": "Feature", "properties": {"id": "305971fb-56a4-4ed8-8b36-38040b2d4f2d", "name": "Harbour Towne E", "subtype": "residential", "class": "apartments", "height": 7.8104681968688965, "num_floors": null, "surge_class": 3, "surge_ft": 2.5, "flood_active": false, "exposure_score": 0.075, "exposure_category": "low"}, "geometry": {"type": "Polygon", "coordinates": [[[-75.0789858, 38.3528048], [-75.0790424, 38.3526446], [-75.0788392, 38.3526005], [-75.0788171, 38.352663], [-75.0787847, 38.352656], [-75.0787645, 38.3527134], [-75.0787919, 38.3527194], [-75.0787777, 38.3527596], [-75.0787453, 38.3527526], [-75.0787253, 38.3528093], [-75.0787502, 38.3528147], [-75.078726, 38.352883], [-75.0789303, 38.3529274], [-75.0789745, 38.3528024], [-75.0789858, 38.3528048]]]}}, {"id": "776", "type": "Feature", "properties": {"id": "c4124de1-1f66-4bd0-83f6-bda47251e5b5", "name": null, "subtype": null, "class": null, "height": 5.452488899230957, "num_floors": null, "surge_class": 4, "surge_ft": 3.5, "flood_active": false, "exposure_score": 0.105, "exposure_category": "low"}, "geometry": {"type": "Polygon", "coordinates": [[[-75.0796698, 38.3515497], [-75.079784, 38.3515331], [-75.0797626, 38.3514428], [-75.0796485, 38.3514594], [-75.0796698, 38.3515497]]]}}, {"id": "777", "type": "Feature", "properties": {"id": "89a7b5d5-5938-4835-ae3f-ff7f77db444a", "name": null, "subtype": null, "class": null, "height": 4.992544174194336, "num_floors": null, "surge_class": 3, "surge_ft": 2.5, "flood_active": false, "exposure_score": 0.075, "exposure_category": "low"}, "geometry": {"type": "Polygon", "coordinates": [[[-75.079559, 38.3513828], [-75.0797356, 38.3513897], [-75.0797392, 38.3513329], [-75.0797841, 38.3513347], [-75.0797887, 38.3512632], [-75.0795672, 38.3512546], [-75.079559, 38.3513828]]]}}, {"id": "778", "type": "Feature", "properties": {"id": "b43bad47-efac-4d65-b103-56461d36a848", "name": null, "subtype": null, "class": null, "height": 5.023869037628174, "num_floors": null, "surge_class": 4, "surge_ft": 3.5, "flood_active": false, "exposure_score": 0.105, "exposure_category": "low"}, "geometry": {"type": "Polygon", "coordinates": [[[-75.0797396, 38.3511555], [-75.0797504, 38.351154], [-75.0797335, 38.3510819], [-75.0797135, 38.3510848], [-75.0797007, 38.3510298], [-75.0796069, 38.3510433], [-75.0796188, 38.3510938], [-75.0795255, 38.3511073], [-75.0795414, 38.3511754], [-75.0795883, 38.3511686], [-75.0795964, 38.3512032], [-75.0797457, 38.3511817], [-75.0797396, 38.3511555]]]}}, {"id": "779", "type": "Feature", "properties": {"id": "61c6b5e9-c6e1-413a-a23f-8b580e6871eb", "name": null, "subtype": null, "class": null, "height": null, "num_floors": null, "surge_class": 5, "surge_ft": 4.5, "flood_active": false, "exposure_score": 0.135, "exposure_category": "low"}, "geometry": {"type": "Polygon", "coordinates": [[[-75.0787251, 38.3509573], [-75.0786764, 38.3510687], [-75.0788112, 38.3511049], [-75.0788599, 38.3509935], [-75.0787251, 38.3509573]]]}}, {"id": "780", "type": "Feature", "properties": {"id": "1d5e1a2c-faf9-4591-a244-97474a883d64", "name": "Mariner's Watch", "subtype": null, "class": null, "height": 11.150447845458984, "num_floors": 5, "surge_class": 3, "surge_ft": 2.5, "flood_active": false, "exposure_score": 0.075, "exposure_category": "low"}, "geometry": {"type": "Polygon", "coordinates": [[[-75.077762, 38.3512927], [-75.0781029, 38.3513844], [-75.0782878, 38.3509613], [-75.0780397, 38.3508947], [-75.078047, 38.3508778], [-75.0779748, 38.3508584], [-75.0779477, 38.3509205], [-75.0779839, 38.3509303], [-75.0778319, 38.3512783], [-75.077775, 38.351263], [-75.077762, 38.3512927]]]}}, {"id": "781", "type": "Feature", "properties": {"id": "8d74a81f-65ee-439d-8289-05a9f30bed9b", "name": "Bahia Marina at Fish Tales", "subtype": null, "class": null, "height": null, "num_floors": null, "surge_class": 3, "surge_ft": 2.5, "flood_active": false, "exposure_score": 0.075, "exposure_category": "low"}, "geometry": {"type": "Polygon", "coordinates": [[[-75.0782447, 38.3515267], [-75.0786405, 38.3516331], [-75.0786746, 38.351555], [-75.0786235, 38.3515413], [-75.0786377, 38.351509], [-75.0782929, 38.3514163], [-75.0782447, 38.3515267]]]}}, {"id": "782", "type": "Feature", "properties": {"id": "85d22988-f9b7-44a7-86be-eb60d4f4ca52", "name": "Fish Tales", "subtype": "commercial", "class": null, "height": null, "num_floors": null, "surge_class": 3, "surge_ft": 2.5, "flood_active": false, "exposure_score": 0.075, "exposure_category": "low"}, "geometry": {"type": "Polygon", "coordinates": [[[-75.0783249, 38.3517996], [-75.0784258, 38.3518267], [-75.0785121, 38.3516291], [-75.0782571, 38.3515606], [-75.0781601, 38.3517825], [-75.0783143, 38.3518239], [-75.0783249, 38.3517996]]]}}, {"id": "783", "type": "Feature", "properties": {"id": "6211477c-fe44-4507-a2e4-f8cd78dd3b91", "name": "Sunsations", "subtype": null, "class": null, "height": 4.660097122192383, "num_floors": null, "surge_class": 2, "surge_ft": 1.5, "flood_active": false, "exposure_score": 0.045, "exposure_category": "low"}, "geometry": {"type": "Polygon", "coordinates": [[[-75.0776081, 38.3515948], [-75.0778089, 38.3516487], [-75.0778706, 38.3515076], [-75.0776698, 38.3514536], [-75.0776081, 38.3515948]]]}}, {"id": "784", "type": "Feature", "properties": {"id": "da5f1402-b9e8-4788-839a-d641cf2e99e1", "name": null, "subtype": null, "class": null, "height": 5.0198187828063965, "num_floors": 2, "surge_class": 2, "surge_ft": 1.5, "flood_active": false, "exposure_score": 0.045, "exposure_category": "low"}, "geometry": {"type": "Polygon", "coordinates": [[[-75.0769383, 38.3511962], [-75.0771752, 38.3512574], [-75.077309, 38.3509386], [-75.0770721, 38.3508774], [-75.0769383, 38.3511962]]]}}, {"id": "785", "type": "Feature", "properties": {"id": "5faeafea-a441-408e-85c5-5800a877c7d6", "name": null, "subtype": null, "class": null, "height": null, "num_floors": null, "surge_class": 0, "surge_ft": 0.0, "flood_active": false, "exposure_score": 0.0, "exposure_category": "none"}, "geometry": {"type": "Polygon", "coordinates": [[[-75.0761568, 38.3509078], [-75.0762216, 38.3507534], [-75.0760933, 38.3505559], [-75.0760704, 38.3505206], [-75.0760603, 38.3505446], [-75.0758606, 38.3510204], [-75.0759055, 38.3510033], [-75.0761568, 38.3509078]]]}}, {"id": "786", "type": "Feature", "properties": {"id": "8792d9d5-629d-4ce2-b762-0447afc0fb5d", "name": null, "subtype": null, "class": null, "height": 8.375407218933105, "num_floors": null, "surge_class": 3, "surge_ft": 2.5, "flood_active": false, "exposure_score": 0.075, "exposure_category": "low"}, "geometry": {"type": "Polygon", "coordinates": [[[-75.0768241, 38.3534938], [-75.0772164, 38.3535965], [-75.0772526, 38.3535115], [-75.0771956, 38.3534966], [-75.0772016, 38.3534825], [-75.0770345, 38.3534388], [-75.0771045, 38.3532741], [-75.0771628, 38.3532525], [-75.0770949, 38.3531397], [-75.0769869, 38.3531114], [-75.0768241, 38.3534938]]]}}, {"id": "787", "type": "Feature", "properties": {"id": "73aa743f-1217-4e71-b72e-777b6de972f6", "name": "American Legion Post #166", "subtype": "civic", "class": null, "height": 4.506852626800537, "num_floors": 2, "surge_class": 2, "surge_ft": 1.5, "flood_active": false, "exposure_score": 0.045, "exposure_category": "low"}, "geometry": {"type": "Polygon", "coordinates": [[[-75.0763314, 38.3533105], [-75.0764065, 38.3531354], [-75.0759756, 38.3530216], [-75.0759004, 38.3531967], [-75.0763314, 38.3533105]]]}}, {"id": "788", "type": "Feature", "properties": {"id": "009a6bc3-6853-41e5-be90-8c543e49eb66", "name": null, "subtype": null, "class": null, "height": null, "num_floors": null, "surge_class": 3, "surge_ft": 2.5, "flood_active": false, "exposure_score": 0.075, "exposure_category": "low"}, "geometry": {"type": "Polygon", "coordinates": [[[-75.0765073, 38.3527662], [-75.0764695, 38.3528552], [-75.076554, 38.3528772], [-75.0765918, 38.3527882], [-75.0765073, 38.3527662]]]}}, {"id": "789", "type": "Feature", "properties": {"id": "04112595-688d-4613-bb60-f6aeb5929956", "name": null, "subtype": null, "class": null, "height": 2.869323492050171, "num_floors": null, "surge_class": 3, "surge_ft": 2.5, "flood_active": false, "exposure_score": 0.075, "exposure_category": "low"}, "geometry": {"type": "Polygon", "coordinates": [[[-75.0765041, 38.352623], [-75.0764184, 38.3526024], [-75.0763856, 38.352686], [-75.076437, 38.3526984], [-75.0764555, 38.3526513], [-75.0764898, 38.3526595], [-75.0765041, 38.352623]]]}}, {"id": "790", "type": "Feature", "properties": {"id": "b8dc07d3-ac8f-4948-bc4f-2515c4969d3b", "name": null, "subtype": null, "class": null, "height": null, "num_floors": 2, "surge_class": 0, "surge_ft": 0.0, "flood_active": false, "exposure_score": 0.0, "exposure_category": "none"}, "geometry": {"type": "Polygon", "coordinates": [[[-75.0754792, 38.3528844], [-75.0755508, 38.3527103], [-75.0754018, 38.3526726], [-75.0753302, 38.3528467], [-75.0754792, 38.3528844]]]}}, {"id": "791", "type": "Feature", "properties": {"id": "bfc1e69f-9eb1-42ad-ba66-c0b564a2951b", "name": "Ocean Mecca Motel", "subtype": null, "class": null, "height": null, "num_floors": 2, "surge_class": 0, "surge_ft": 0.0, "flood_active": false, "exposure_score": 0.0, "exposure_category": "none"}, "geometry": {"type": "MultiPolygon", "coordinates": [[[[-75.0757117, 38.3523253], [-75.0748004, 38.3520915], [-75.0747696, 38.3521652], [-75.075681, 38.352399], [-75.0757117, 38.3523253]]], [[[-75.075567, 38.3526859], [-75.0755964, 38.3526156], [-75.0747239, 38.3523915], [-75.0746945, 38.3524618], [-75.075567, 38.3526859]]]]}}, {"id": "792", "type": "Feature", "properties": {"id": "2bb5d3d9-833c-43a7-8af2-bb2c6366da45", "name": null, "subtype": null, "class": null, "height": 11.210075378417969, "num_floors": null, "surge_class": 0, "surge_ft": 0.0, "flood_active": false, "exposure_score": 0.0, "exposure_category": "none"}, "geometry": {"type": "Polygon", "coordinates": [[[-75.0755298, 38.3514204], [-75.0755953, 38.3512598], [-75.0752083, 38.3511628], [-75.0748989, 38.3519214], [-75.0749531, 38.351935], [-75.0749433, 38.3519592], [-75.0750224, 38.351979], [-75.0751606, 38.35164], [-75.0752073, 38.3516517], [-75.0752476, 38.3515527], [-75.0752071, 38.3515426], [-75.0753055, 38.3513014], [-75.0754482, 38.3513372], [-75.075425, 38.3513942], [-75.0755298, 38.3514204]]]}}, {"id": "793", "type": "Feature", "properties": {"id": "999ae87f-d93c-465e-a215-3018030ce1f3", "name": "Days Inn By Wyndham Oceanfront", "subtype": null, "class": null, "height": 6.655691146850586, "num_floors": null, "surge_class": 1, "surge_ft": 0.5, "flood_active": false, "exposure_score": 0.015, "exposure_category": "low"}, "geometry": {"type": "Polygon", "coordinates": [[[-75.0757917, 38.3521437], [-75.0758352, 38.3520393], [-75.0754676, 38.3519451], [-75.0754241, 38.3520495], [-75.0757917, 38.3521437]]]}}, {"id": "794", "type": "Feature", "properties": {"id": "b4ec1574-944c-424b-8e83-48834ac42eea", "name": "Days Inn Ocean City Oceanfront", "subtype": null, "class": null, "height": 8.199999809265137, "num_floors": null, "surge_class": 1, "surge_ft": 0.5, "flood_active": false, "exposure_score": 0.015, "exposure_category": "low"}, "geometry": {"type": "Polygon", "coordinates": [[[-75.0760104, 38.3517696], [-75.0760949, 38.351572], [-75.0759422, 38.3515318], [-75.0758798, 38.3516778], [-75.0757239, 38.3516367], [-75.0758117, 38.3514314], [-75.0758746, 38.3514479], [-75.0759281, 38.3513229], [-75.0757033, 38.3512637], [-75.075642, 38.3514069], [-75.0756986, 38.3514218], [-75.0755964, 38.3516607], [-75.0760104, 38.3517696]]]}}, {"id": "795", "type": "Feature", "properties": {"id": "cbd298dd-fa10-417f-b154-e05ea9649093", "name": "Grand Hotel & Spa", "subtype": null, "class": null, "height": 21.186386108398438, "num_floors": 13, "surge_class": 0, "surge_ft": 0.0, "flood_active": false, "exposure_score": 0.0, "exposure_category": "none"}, "geometry": {"type": "Polygon", "coordinates": [[[-75.0752763, 38.3509959], [-75.0758128, 38.3511344], [-75.075822, 38.3511124], [-75.0758606, 38.3510204], [-75.0760603, 38.3505446], [-75.0760704, 38.3505206], [-75.0761169, 38.3504097], [-75.076061, 38.3503953], [-75.0755805, 38.3502712], [-75.0752763, 38.3509959]]]}}, {"id": "796", "type": "Feature", "properties": {"id": "dd197023-b029-40ea-808e-c31e1e49b759", "name": null, "subtype": null, "class": null, "height": 9.856609344482422, "num_floors": null, "surge_class": 1, "surge_ft": 0.5, "flood_active": false, "exposure_score": 0.015, "exposure_category": "low"}, "geometry": {"type": "Polygon", "coordinates": [[[-75.075661, 38.3500873], [-75.0759338, 38.3501582], [-75.0760243, 38.3499443], [-75.0757515, 38.3498733], [-75.075661, 38.3500873]]]}}, {"id": "797", "type": "Feature", "properties": {"id": "a7ac7b62-a992-4a8f-ac43-6a62c2eeacdb", "name": null, "subtype": null, "class": null, "height": 8.400026321411133, "num_floors": null, "surge_class": 0, "surge_ft": 0.0, "flood_active": false, "exposure_score": 0.0, "exposure_category": "none"}, "geometry": {"type": "Polygon", "coordinates": [[[-75.0757657, 38.3498411], [-75.0759963, 38.3499011], [-75.0760437, 38.349789], [-75.0758131, 38.349729], [-75.0757657, 38.3498411]]]}}, {"id": "798", "type": "Feature", "properties": {"id": "8a87cbad-61a8-4ff1-b44e-784b680bf993", "name": null, "subtype": null, "class": null, "height": 5.455841064453125, "num_floors": null, "surge_class": 0, "surge_ft": 0.0, "flood_active": false, "exposure_score": 0.0, "exposure_category": "none"}, "geometry": {"type": "Polygon", "coordinates": [[[-75.0760167, 38.3491743], [-75.0762423, 38.3492328], [-75.0762877, 38.349125], [-75.0760622, 38.3490665], [-75.0760167, 38.3491743]]]}}, {"id": "799", "type": "Feature", "properties": {"id": "ff474d6a-7e51-4c62-af85-1c8d62a94a0e", "name": null, "subtype": null, "class": null, "height": 4.367395877838135, "num_floors": null, "surge_class": 0, "surge_ft": 0.0, "flood_active": false, "exposure_score": 0.0, "exposure_category": "none"}, "geometry": {"type": "Polygon", "coordinates": [[[-75.0760684, 38.3490461], [-75.0762965, 38.3491052], [-75.0763415, 38.3489985], [-75.0761133, 38.3489394], [-75.0760684, 38.3490461]]]}}, {"id": "800", "type": "Feature", "properties": {"id": "250c923d-ac6c-4d08-a33e-91c5e02d0993", "name": null, "subtype": null, "class": null, "height": 2.478368043899536, "num_floors": null, "surge_class": 0, "surge_ft": 0.0, "flood_active": false, "exposure_score": 0.0, "exposure_category": "none"}, "geometry": {"type": "Polygon", "coordinates": [[[-75.0761821, 38.3487905], [-75.0762908, 38.3488186], [-75.0764061, 38.348545], [-75.076663, 38.3486115], [-75.076699, 38.3485261], [-75.0763335, 38.3484314], [-75.0761821, 38.3487905]]]}}, {"id": "801", "type": "Feature", "properties": {"id": "c8603c4d-a714-4de8-832a-35d5b5d3967f", "name": null, "subtype": null, "class": null, "height": 5.185104846954346, "num_floors": null, "surge_class": 0, "surge_ft": 0.0, "flood_active": false, "exposure_score": 0.0, "exposure_category": "none"}, "geometry": {"type": "Polygon", "coordinates": [[[-75.0761537, 38.3489294], [-75.0764011, 38.3489935], [-75.0764461, 38.3488868], [-75.0761987, 38.3488227], [-75.0761537, 38.3489294]]]}}, {"id": "802", "type": "Feature", "properties": {"id": "aa008e52-932b-4023-9419-913984837a62", "name": null, "subtype": null, "class": null, "height": 11.29505729675293, "num_floors": 7, "surge_class": 0, "surge_ft": 0.0, "flood_active": false, "exposure_score": 0.0, "exposure_category": "none"}, "geometry": {"type": "Polygon", "coordinates": [[[-75.0767351, 38.3475271], [-75.0764313, 38.348258], [-75.0765336, 38.3482841], [-75.0765921, 38.3482991], [-75.076896, 38.3475682], [-75.0768367, 38.347553], [-75.0767351, 38.3475271]]]}}, {"id": "803", "type": "Feature", "properties": {"id": "6a21eb4f-7578-4215-a69c-50e5b39da3ec", "name": null, "subtype": null, "class": null, "height": null, "num_floors": null, "surge_class": 0, "surge_ft": 0.0, "flood_active": false, "exposure_score": 0.0, "exposure_category": "none"}, "geometry": {"type": "Polygon", "coordinates": [[[-75.0767691, 38.3483696], [-75.077303, 38.3485047], [-75.0773531, 38.3483873], [-75.0772371, 38.3483581], [-75.0768179, 38.3482524], [-75.0767691, 38.3483696]]]}}, {"id": "804", "type": "Feature", "properties": {"id": "d8fd6b16-343f-413c-8f8d-ded872ba7db6", "name": "Sahara Motel", "subtype": null, "class": null, "height": null, "num_floors": 3, "surge_class": 0, "surge_ft": 0.0, "flood_active": false, "exposure_score": 0.0, "exposure_category": "none"}, "geometry": {"type": "Polygon", "coordinates": [[[-75.0766897, 38.3487731], [-75.0771355, 38.3488886], [-75.0771677, 38.3488123], [-75.0768339, 38.3487258], [-75.0769056, 38.3485556], [-75.0767936, 38.3485265], [-75.0766897, 38.3487731]]]}}, {"id": "805", "type": "Feature", "properties": {"id": "dec0d8a1-7d74-45b7-878e-c37748453881", "name": null, "subtype": null, "class": null, "height": null, "num_floors": null, "surge_class": 1, "surge_ft": 0.5, "flood_active": false, "exposure_score": 0.015, "exposure_category": "low"}, "geometry": {"type": "Polygon", "coordinates": [[[-75.0768598, 38.349072], [-75.0770019, 38.3491089], [-75.0770313, 38.3490391], [-75.0768892, 38.3490023], [-75.0768598, 38.349072]]]}}, {"id": "806", "type": "Feature", "properties": {"id": "bf515b83-54eb-47a5-9ae9-8d7fa6bf76a0", "name": "Empress Motel", "subtype": null, "class": null, "height": 3.7461647987365723, "num_floors": 3, "surge_class": 0, "surge_ft": 0.0, "flood_active": false, "exposure_score": 0.0, "exposure_category": "none"}, "geometry": {"type": "Polygon", "coordinates": [[[-75.0765218, 38.3493018], [-75.0769171, 38.3494043], [-75.0769501, 38.3493261], [-75.07677, 38.3492794], [-75.076665, 38.3492522], [-75.0767285, 38.3491016], [-75.0766183, 38.349073], [-75.0765218, 38.3493018]]]}}, {"id": "807", "type": "Feature", "properties": {"id": "f97fbf46-e642-4b85-b737-577021f8d194", "name": null, "subtype": null, "class": null, "height": 3.4248485565185547, "num_floors": null, "surge_class": 2, "surge_ft": 1.5, "flood_active": false, "exposure_score": 0.045, "exposure_category": "low"}, "geometry": {"type": "Polygon", "coordinates": [[[-75.077209, 38.3498874], [-75.0773009, 38.3499114], [-75.0773226, 38.3498599], [-75.0773594, 38.3498695], [-75.0774029, 38.3497667], [-75.0771389, 38.3496981], [-75.0770944, 38.3498033], [-75.0771536, 38.3498187], [-75.0771425, 38.349845], [-75.0771604, 38.3498497], [-75.077138, 38.3499025], [-75.0771962, 38.3499176], [-75.077209, 38.3498874]]]}}, {"id": "808", "type": "Feature", "properties": {"id": "7b28007b-2057-4f7a-9261-a2d285d9f7e2", "name": "Eden Roc Motel", "subtype": null, "class": null, "height": 5.056204319000244, "num_floors": 2, "surge_class": 1, "surge_ft": 0.5, "flood_active": false, "exposure_score": 0.015, "exposure_category": "low"}, "geometry": {"type": "Polygon", "coordinates": [[[-75.0763216, 38.3496939], [-75.076772, 38.3498217], [-75.0767982, 38.3496829], [-75.0765682, 38.3496231], [-75.0766115, 38.3495208], [-75.0764163, 38.34947], [-75.0763216, 38.3496939]]]}}, {"id": "809", "type": "Feature", "properties": {"id": "aa103abd-e5c1-42f7-b724-ef699d4f65e3", "name": null, "subtype": null, "class": null, "height": 10.541560173034668, "num_floors": 6, "surge_class": 1, "surge_ft": 0.5, "flood_active": false, "exposure_score": 0.015, "exposure_category": "low"}, "geometry": {"type": "Polygon", "coordinates": [[[-75.0759557, 38.3493458], [-75.0759209, 38.349428], [-75.0762028, 38.3495013], [-75.0762375, 38.3494191], [-75.0759557, 38.3493458]]]}}, {"id": "810", "type": "Feature", "properties": {"id": "bbd041c4-31e6-4b37-8b1d-1a6b16778a49", "name": null, "subtype": null, "class": null, "height": 9.971122741699219, "num_floors": null, "surge_class": 1, "surge_ft": 0.5, "flood_active": false, "exposure_score": 0.015, "exposure_category": "low"}, "geometry": {"type": "Polygon", "coordinates": [[[-75.0758503, 38.3495718], [-75.076106, 38.3496383], [-75.0761524, 38.3495285], [-75.0758967, 38.349462], [-75.0758503, 38.3495718]]]}}, {"id": "811", "type": "Feature", "properties": {"id": "7ce6ecb5-19d2-4376-897c-084a5aa8b202", "name": null, "subtype": null, "class": null, "height": 10.154906272888184, "num_floors": null, "surge_class": 0, "surge_ft": 0.0, "flood_active": false, "exposure_score": 0.0, "exposure_category": "none"}, "geometry": {"type": "Polygon", "coordinates": [[[-75.0758059, 38.349703], [-75.0761499, 38.3497924], [-75.0761956, 38.3496843], [-75.0758516, 38.3495949], [-75.0758059, 38.349703]]]}}, {"id": "812", "type": "Feature", "properties": {"id": "3a545858-6f18-4707-a0c9-ac2145851c4f", "name": null, "subtype": "transportation", "class": "parking", "height": 11.878172874450684, "num_floors": 6, "surge_class": 2, "surge_ft": 1.5, "flood_active": false, "exposure_score": 0.045, "exposure_category": "low"}, "geometry": {"type": "Polygon", "coordinates": [[[-75.0761117, 38.3502078], [-75.0765283, 38.3503162], [-75.0767289, 38.3498418], [-75.0763123, 38.3497334], [-75.0761117, 38.3502078]]]}}, {"id": "813", "type": "Feature", "properties": {"id": "dc989233-2945-4bd8-b9f7-d2df2e09d10d", "name": null, "subtype": null, "class": null, "height": 6.599999904632568, "num_floors": null, "surge_class": 1, "surge_ft": 0.5, "flood_active": false, "exposure_score": 0.015, "exposure_category": "low"}, "geometry": {"type": "Polygon", "coordinates": [[[-75.0768447, 38.3503888], [-75.0769485, 38.3504158], [-75.0770403, 38.3501986], [-75.0769365, 38.3501716], [-75.0768447, 38.3503888]]]}}, {"id": "814", "type": "Feature", "properties": {"id": "34a15a2c-a14e-49c5-845a-f5b0900bdd4f", "name": null, "subtype": null, "class": null, "height": 4.7223615646362305, "num_floors": null, "surge_class": 2, "surge_ft": 1.5, "flood_active": false, "exposure_score": 0.045, "exposure_category": "low"}, "geometry": {"type": "Polygon", "coordinates": [[[-75.0772804, 38.3505097], [-75.0775972, 38.3505897], [-75.0777508, 38.3502156], [-75.0774344, 38.3501376], [-75.0769698, 38.3500183], [-75.0769315, 38.3501116], [-75.0771375, 38.3501635], [-75.0770221, 38.3504445], [-75.0772804, 38.3505097]]]}}, {"id": "815", "type": "Feature", "properties": {"id": "4e2b863f-db40-44af-ab90-b4197ef4c66f", "name": null, "subtype": null, "class": null, "height": 4.1342315673828125, "num_floors": null, "surge_class": 2, "surge_ft": 1.5, "flood_active": false, "exposure_score": 0.045, "exposure_category": "low"}, "geometry": {"type": "Polygon", "coordinates": [[[-75.0774387, 38.3495355], [-75.0775555, 38.3495658], [-75.0775937, 38.349475], [-75.077477, 38.3494448], [-75.0774387, 38.3495355]]]}}, {"id": "816", "type": "Feature", "properties": {"id": "92625ed7-6387-47fc-986c-63656524008f", "name": "Cabana Motel", "subtype": null, "class": null, "height": null, "num_floors": null, "surge_class": 3, "surge_ft": 2.5, "flood_active": false, "exposure_score": 0.075, "exposure_category": "low"}, "geometry": {"type": "Polygon", "coordinates": [[[-75.0778375, 38.3492103], [-75.0777561, 38.3491892], [-75.0775925, 38.3495775], [-75.0779399, 38.3496676], [-75.0779695, 38.3495973], [-75.0777035, 38.3495283], [-75.0778375, 38.3492103]]]}}, {"id": "817", "type": "Feature", "properties": {"id": "d735f0a2-0527-4b06-8de1-3729c8b74e49", "name": "The Islander Motel", "subtype": null, "class": null, "height": 4.428802490234375, "num_floors": 2, "surge_class": 3, "surge_ft": 2.5, "flood_active": false, "exposure_score": 0.075, "exposure_category": "low"}, "geometry": {"type": "Polygon", "coordinates": [[[-75.0783297, 38.3499128], [-75.0782976, 38.3499864], [-75.0786607, 38.350084], [-75.0786929, 38.3500104], [-75.0783297, 38.3499128]]]}}, {"id": "818", "type": "Feature", "properties": {"id": "1593a22c-b397-4d43-b911-0c795a6fd236", "name": null, "subtype": null, "class": null, "height": null, "num_floors": null, "surge_class": 3, "surge_ft": 2.5, "flood_active": false, "exposure_score": 0.075, "exposure_category": "low"}, "geometry": {"type": "Polygon", "coordinates": [[[-75.0783859, 38.3501973], [-75.0783224, 38.3503426], [-75.0783877, 38.3503602], [-75.0784512, 38.3502149], [-75.0783859, 38.3501973]]]}}, {"id": "819", "type": "Feature", "properties": {"id": "bd4597d3-dd51-418f-b9b3-395d72a1e75d", "name": null, "subtype": null, "class": null, "height": 6.502687454223633, "num_floors": null, "surge_class": 4, "surge_ft": 3.5, "flood_active": false, "exposure_score": 0.105, "exposure_category": "low"}, "geometry": {"type": "Polygon", "coordinates": [[[-75.0781704, 38.3503257], [-75.0781415, 38.3503918], [-75.0784972, 38.3504874], [-75.0785261, 38.3504213], [-75.0781704, 38.3503257]]]}}, {"id": "820", "type": "Feature", "properties": {"id": "1315c0ab-6169-4816-9c80-547f24eda1cc", "name": null, "subtype": null, "class": null, "height": 6.4218339920043945, "num_floors": null, "surge_class": 4, "surge_ft": 3.5, "flood_active": false, "exposure_score": 0.105, "exposure_category": "low"}, "geometry": {"type": "Polygon", "coordinates": [[[-75.0790077, 38.3502217], [-75.0788648, 38.3501826], [-75.0788145, 38.3502959], [-75.0789573, 38.350335], [-75.0790077, 38.3502217]]]}}, {"id": "821", "type": "Feature", "properties": {"id": "d61aad2f-d799-47a1-8619-a0036f935737", "name": null, "subtype": null, "class": null, "height": 6.732069969177246, "num_floors": null, "surge_class": 3, "surge_ft": 2.5, "flood_active": false, "exposure_score": 0.075, "exposure_category": "low"}, "geometry": {"type": "Polygon", "coordinates": [[[-75.0789273, 38.3500481], [-75.078909, 38.350043], [-75.0788882, 38.3500888], [-75.0789042, 38.3500932], [-75.0788971, 38.3501089], [-75.078874, 38.3501025], [-75.0788574, 38.3501392], [-75.0788805, 38.3501456], [-75.0788749, 38.3501578], [-75.079017, 38.3501974], [-75.0790701, 38.3500803], [-75.0789304, 38.3500414], [-75.0789273, 38.3500481]]]}}, {"id": "822", "type": "Feature", "properties": {"id": "e7e9b8d3-992f-4c2a-ab25-3f4db3812cb5", "name": null, "subtype": null, "class": null, "height": 6.507437705993652, "num_floors": null, "surge_class": 4, "surge_ft": 3.5, "flood_active": false, "exposure_score": 0.105, "exposure_category": "low"}, "geometry": {"type": "Polygon", "coordinates": [[[-75.0791865, 38.3503333], [-75.0790487, 38.3502952], [-75.0789997, 38.3504042], [-75.0791375, 38.3504423], [-75.0791865, 38.3503333]]]}}, {"id": "823", "type": "Feature", "properties": {"id": "26cee098-5008-4c72-aef0-6536b605e2d6", "name": null, "subtype": null, "class": null, "height": 6.428407192230225, "num_floors": null, "surge_class": 5, "surge_ft": 4.5, "flood_active": false, "exposure_score": 0.135, "exposure_category": "low"}, "geometry": {"type": "Polygon", "coordinates": [[[-75.0792862, 38.3501355], [-75.0791428, 38.3500958], [-75.0790911, 38.3502106], [-75.0792345, 38.3502503], [-75.0792862, 38.3501355]]]}}, {"id": "824", "type": "Feature", "properties": {"id": "e17d63ce-8a53-4f8b-89ce-ff94e10e14ca", "name": null, "subtype": null, "class": null, "height": null, "num_floors": null, "surge_class": 4, "surge_ft": 3.5, "flood_active": false, "exposure_score": 0.105, "exposure_category": "low"}, "geometry": {"type": "Polygon", "coordinates": [[[-75.0793336, 38.350046], [-75.0791782, 38.3500042], [-75.0791502, 38.3500682], [-75.0793057, 38.35011], [-75.0793336, 38.350046]]]}}, {"id": "825", "type": "Feature", "properties": {"id": "2f1e0079-55f5-4492-9a9b-70c40a89fa63", "name": null, "subtype": null, "class": null, "height": null, "num_floors": null, "surge_class": 3, "surge_ft": 2.5, "flood_active": false, "exposure_score": 0.075, "exposure_category": "low"}, "geometry": {"type": "Polygon", "coordinates": [[[-75.079175, 38.3499861], [-75.079335, 38.3500291], [-75.0793609, 38.3499699], [-75.0792009, 38.3499269], [-75.079175, 38.3499861]]]}}, {"id": "826", "type": "Feature", "properties": {"id": "4ffa2bae-8738-4163-9382-17192e76d1bf", "name": null, "subtype": null, "class": null, "height": 5.414093017578125, "num_floors": null, "surge_class": 4, "surge_ft": 3.5, "flood_active": false, "exposure_score": 0.105, "exposure_category": "low"}, "geometry": {"type": "Polygon", "coordinates": [[[-75.079219, 38.3498964], [-75.079363, 38.3499341], [-75.0794199, 38.3498003], [-75.0792759, 38.3497626], [-75.079219, 38.3498964]]]}}, {"id": "827", "type": "Feature", "properties": {"id": "5a0d1ed7-2275-44e2-9030-2dcc099be154", "name": null, "subtype": null, "class": null, "height": 4.572755336761475, "num_floors": null, "surge_class": 4, "surge_ft": 3.5, "flood_active": false, "exposure_score": 0.105, "exposure_category": "low"}, "geometry": {"type": "Polygon", "coordinates": [[[-75.0792796, 38.3497292], [-75.0794379, 38.3497717], [-75.0794616, 38.3497175], [-75.0794795, 38.3497223], [-75.079516, 38.3496388], [-75.0793422, 38.349592], [-75.0793156, 38.349653], [-75.0794033, 38.3496766], [-75.0793966, 38.349692], [-75.0793064, 38.3496677], [-75.0792796, 38.3497292]]]}}, {"id": "828", "type": "Feature", "properties": {"id": "1ed36228-082a-472c-9f9a-b66e92b5f851", "name": null, "subtype": null, "class": null, "height": 4.019781589508057, "num_floors": null, "surge_class": 4, "surge_ft": 3.5, "flood_active": false, "exposure_score": 0.105, "exposure_category": "low"}, "geometry": {"type": "Polygon", "coordinates": [[[-75.0796399, 38.3497072], [-75.0797162, 38.3497276], [-75.0797315, 38.3496925], [-75.079754, 38.3496985], [-75.0798089, 38.3495723], [-75.0797113, 38.3495462], [-75.079694, 38.349586], [-75.0795874, 38.3495575], [-75.0795478, 38.3496485], [-75.0796532, 38.3496767], [-75.0796399, 38.3497072]]]}}, {"id": "829", "type": "Feature", "properties": {"id": "226369b2-2393-4a09-b95d-ade505a7bd7e", "name": null, "subtype": null, "class": null, "height": 4.156370639801025, "num_floors": null, "surge_class": 3, "surge_ft": 2.5, "flood_active": false, "exposure_score": 0.075, "exposure_category": "low"}, "geometry": {"type": "Polygon", "coordinates": [[[-75.07919, 38.3495045], [-75.0794377, 38.3495707], [-75.0794786, 38.3494766], [-75.0792309, 38.3494103], [-75.07919, 38.3495045]]]}}, {"id": "830", "type": "Feature", "properties": {"id": "670e00f6-425d-434f-a610-4d48c9e06b42", "name": null, "subtype": "residential", "class": "apartments", "height": 4.084830284118652, "num_floors": 3, "surge_class": 3, "surge_ft": 2.5, "flood_active": false, "exposure_score": 0.075, "exposure_category": "low"}, "geometry": {"type": "Polygon", "coordinates": [[[-75.0787407, 38.3490028], [-75.0789163, 38.3490511], [-75.0789907, 38.3488845], [-75.0788151, 38.3488363], [-75.0787407, 38.3490028]]]}}, {"id": "831", "type": "Feature", "properties": {"id": "83afd552-14c9-42a2-b564-23267dc17bcd", "name": null, "subtype": null, "class": null, "height": 3.703559398651123, "num_floors": null, "surge_class": 3, "surge_ft": 2.5, "flood_active": false, "exposure_score": 0.075, "exposure_category": "low"}, "geometry": {"type": "Polygon", "coordinates": [[[-75.0792197, 38.3491221], [-75.0793241, 38.3491503], [-75.0794016, 38.3489742], [-75.0794261, 38.3489808], [-75.0794601, 38.3489037], [-75.079369, 38.348879], [-75.0793625, 38.3488939], [-75.0793246, 38.3488836], [-75.0792197, 38.3491221]]]}}, {"id": "832", "type": "Feature", "properties": {"id": "e750341f-1005-457a-96bf-bdb036ae1b77", "name": null, "subtype": null, "class": null, "height": 4.471937656402588, "num_floors": null, "surge_class": 2, "surge_ft": 1.5, "flood_active": false, "exposure_score": 0.045, "exposure_category": "low"}, "geometry": {"type": "Polygon", "coordinates": [[[-75.0795936, 38.3490747], [-75.079565, 38.3492195], [-75.0796729, 38.3492327], [-75.0797016, 38.3490878], [-75.0795936, 38.3490747]]]}}, {"id": "833", "type": "Feature", "properties": {"id": "f99c63f1-1726-459a-8e79-ea7a7fb36740", "name": null, "subtype": null, "class": null, "height": 5.4205145835876465, "num_floors": null, "surge_class": 3, "surge_ft": 2.5, "flood_active": false, "exposure_score": 0.075, "exposure_category": "low"}, "geometry": {"type": "Polygon", "coordinates": [[[-75.0779999, 38.3486424], [-75.0782017, 38.348694], [-75.0784345, 38.348134], [-75.0782327, 38.3480824], [-75.0779999, 38.3486424]]]}}, {"id": "834", "type": "Feature", "properties": {"id": "28026350-b27f-4969-8f23-c01436ccf675", "name": "Sahara West", "subtype": null, "class": null, "height": null, "num_floors": 3, "surge_class": 2, "surge_ft": 1.5, "flood_active": false, "exposure_score": 0.045, "exposure_category": "low"}, "geometry": {"type": "Polygon", "coordinates": [[[-75.0779809, 38.3482559], [-75.0778219, 38.3486384], [-75.0778824, 38.3486538], [-75.0778883, 38.3486398], [-75.0779589, 38.3486578], [-75.0781039, 38.3483091], [-75.0780174, 38.348287], [-75.0780256, 38.3482673], [-75.0779809, 38.3482559]]]}}, {"id": "835", "type": "Feature", "properties": {"id": "3f9031b0-fc0c-4237-b35a-e9ca281e0e78", "name": null, "subtype": null, "class": null, "height": null, "num_floors": null, "surge_class": 3, "surge_ft": 2.5, "flood_active": false, "exposure_score": 0.075, "exposure_category": "low"}, "geometry": {"type": "Polygon", "coordinates": [[[-75.0782322, 38.348983], [-75.0782525, 38.3489349], [-75.0781748, 38.3489148], [-75.0781546, 38.3489629], [-75.0782322, 38.348983]]]}}, {"id": "836", "type": "Feature", "properties": {"id": "b92b2870-fc6b-4008-b6c8-7c28d075dd78", "name": "Sahara Cafe", "subtype": "commercial", "class": null, "height": null, "num_floors": null, "surge_class": 0, "surge_ft": 0.0, "flood_active": false, "exposure_score": 0.0, "exposure_category": "none"}, "geometry": {"type": "Polygon", "coordinates": [[[-75.0775896, 38.3488814], [-75.0776877, 38.3489068], [-75.0777347, 38.3487953], [-75.0776366, 38.3487699], [-75.0775896, 38.3488814]]]}}, {"id": "837", "type": "Feature", "properties": {"id": "63306bd1-6e7c-4a9a-b61f-51c5533902ba", "name": null, "subtype": null, "class": null, "height": null, "num_floors": null, "surge_class": 3, "surge_ft": 2.5, "flood_active": false, "exposure_score": 0.075, "exposure_category": "low"}, "geometry": {"type": "Polygon", "coordinates": [[[-75.0778375, 38.3492103], [-75.077974, 38.3488864], [-75.0778926, 38.3488653], [-75.0777561, 38.3491892], [-75.0778375, 38.3492103]]]}}, {"id": "838", "type": "Feature", "properties": {"id": "ea52837a-56f3-4038-8f1c-d2fd3a592b12", "name": "Sahara", "subtype": null, "class": null, "height": null, "num_floors": 4, "surge_class": 2, "surge_ft": 1.5, "flood_active": false, "exposure_score": 0.045, "exposure_category": "low"}, "geometry": {"type": "Polygon", "coordinates": [[[-75.0776877, 38.3489068], [-75.0775381, 38.3492618], [-75.0776018, 38.3492783], [-75.0776118, 38.3492546], [-75.0776657, 38.3492686], [-75.0778486, 38.3488346], [-75.0777949, 38.3488207], [-75.0778021, 38.3488037], [-75.0777382, 38.3487872], [-75.0777347, 38.3487953], [-75.0776877, 38.3489068]]]}}, {"id": "839", "type": "Feature", "properties": {"id": "dccdb51e-f303-40db-a5fc-e7349290815e", "name": null, "subtype": null, "class": null, "height": null, "num_floors": null, "surge_class": 1, "surge_ft": 0.5, "flood_active": false, "exposure_score": 0.015, "exposure_category": "low"}, "geometry": {"type": "Polygon", "coordinates": [[[-75.0774591, 38.3478164], [-75.0772371, 38.3483581], [-75.0773531, 38.3483873], [-75.077575, 38.3478456], [-75.0774591, 38.3478164]]]}}, {"id": "840", "type": "Feature", "properties": {"id": "16c302c7-f29c-4b84-8151-020501d64135", "name": "The Spinnaker", "subtype": null, "class": null, "height": 19.666908264160156, "num_floors": 6, "surge_class": 0, "surge_ft": 0.0, "flood_active": false, "exposure_score": 0.0, "exposure_category": "none"}, "geometry": {"type": "Polygon", "coordinates": [[[-75.0774591, 38.3478164], [-75.077575, 38.3478456], [-75.0776187, 38.347736], [-75.077087, 38.3476001], [-75.0770411, 38.3477106], [-75.0774591, 38.3478164]]]}}, {"id": "841", "type": "Feature", "properties": {"id": "e541cc15-7f03-4cf2-81af-4d15e09d0dbb", "name": null, "subtype": null, "class": null, "height": 4.358431339263916, "num_floors": null, "surge_class": 2, "surge_ft": 1.5, "flood_active": false, "exposure_score": 0.045, "exposure_category": "low"}, "geometry": {"type": "Polygon", "coordinates": [[[-75.0783316, 38.3469227], [-75.0782903, 38.3470162], [-75.078553, 38.3470876], [-75.0785943, 38.3469941], [-75.0783316, 38.3469227]]]}}, {"id": "842", "type": "Feature", "properties": {"id": "f5d769cd-1303-4c9f-a66e-a464b0ddc922", "name": "Crystal Sands Motel", "subtype": null, "class": null, "height": 7.768560409545898, "num_floors": null, "surge_class": 2, "surge_ft": 1.5, "flood_active": false, "exposure_score": 0.045, "exposure_category": "low"}, "geometry": {"type": "Polygon", "coordinates": [[[-75.078128, 38.3472711], [-75.0783899, 38.3473422], [-75.0785002, 38.3470925], [-75.0783999, 38.3470652], [-75.0783245, 38.3472358], [-75.078163, 38.3471919], [-75.078128, 38.3472711]]]}}, {"id": "843", "type": "Feature", "properties": {"id": "fb2b7879-cc26-421f-9d96-9160fe7cfd39", "name": "Caribbean", "subtype": null, "class": null, "height": 6.389369487762451, "num_floors": null, "surge_class": 3, "surge_ft": 2.5, "flood_active": false, "exposure_score": 0.075, "exposure_category": "low"}, "geometry": {"type": "Polygon", "coordinates": [[[-75.0780646, 38.3473826], [-75.0783236, 38.347453], [-75.0783608, 38.3473688], [-75.0781018, 38.3472985], [-75.0780646, 38.3473826]]]}}, {"id": "844", "type": "Feature", "properties": {"id": "7efd8121-b8bb-4271-b28c-3ad47ef5a487", "name": "Catalina", "subtype": null, "class": null, "height": 6.372524738311768, "num_floors": null, "surge_class": 2, "surge_ft": 1.5, "flood_active": false, "exposure_score": 0.045, "exposure_category": "low"}, "geometry": {"type": "Polygon", "coordinates": [[[-75.0780083, 38.3475119], [-75.0782672, 38.3475823], [-75.0783044, 38.3474981], [-75.0780455, 38.3474277], [-75.0780083, 38.3475119]]]}}, {"id": "845", "type": "Feature", "properties": {"id": "27186036-47cf-4fd0-87c8-0ef498949d6e", "name": "Three C\u2019s", "subtype": "residential", "class": "apartments", "height": 5.884342193603516, "num_floors": null, "surge_class": 2, "surge_ft": 1.5, "flood_active": false, "exposure_score": 0.045, "exposure_category": "low"}, "geometry": {"type": "Polygon", "coordinates": [[[-75.0782848, 38.3477226], [-75.0783167, 38.3477313], [-75.0783582, 38.3476373], [-75.0780301, 38.3475481], [-75.0780201, 38.3475706], [-75.0780005, 38.3475653], [-75.0779741, 38.3476249], [-75.0779879, 38.3476286], [-75.0779804, 38.3476456], [-75.0780737, 38.347671], [-75.0780684, 38.347683], [-75.0782772, 38.3477398], [-75.0782848, 38.3477226]]]}}, {"id": "846", "type": "Feature", "properties": {"id": "8864f5ba-45df-42fd-8744-75f8e1102e9b", "name": null, "subtype": null, "class": null, "height": 5.599249362945557, "num_floors": null, "surge_class": 2, "surge_ft": 1.5, "flood_active": false, "exposure_score": 0.045, "exposure_category": "low"}, "geometry": {"type": "Polygon", "coordinates": [[[-75.0783331, 38.3477531], [-75.0784438, 38.3477832], [-75.0785194, 38.3476122], [-75.0784086, 38.3475821], [-75.0783331, 38.3477531]]]}}, {"id": "847", "type": "Feature", "properties": {"id": "0038654d-91ef-4ac6-bf2a-4a3746f7e4e9", "name": null, "subtype": null, "class": null, "height": 4.539746284484863, "num_floors": null, "surge_class": 3, "surge_ft": 2.5, "flood_active": false, "exposure_score": 0.075, "exposure_category": "low"}, "geometry": {"type": "Polygon", "coordinates": [[[-75.0784869, 38.3477875], [-75.0787319, 38.3478541], [-75.0788499, 38.3475871], [-75.0786952, 38.347545], [-75.0786157, 38.3475234], [-75.0786049, 38.3475205], [-75.0784869, 38.3477875]]]}}, {"id": "848", "type": "Feature", "properties": {"id": "27cfa515-f8e2-40dd-a54f-1561f984d86e", "name": null, "subtype": null, "class": null, "height": null, "num_floors": null, "surge_class": 3, "surge_ft": 2.5, "flood_active": false, "exposure_score": 0.075, "exposure_category": "low"}, "geometry": {"type": "Polygon", "coordinates": [[[-75.0786157, 38.3475234], [-75.0786952, 38.347545], [-75.0787672, 38.3473821], [-75.0787086, 38.3473662], [-75.0786877, 38.3473605], [-75.0786157, 38.3475234]]]}}, {"id": "849", "type": "Feature", "properties": {"id": "f20515fb-3c11-4962-9e35-bf0e69330980", "name": null, "subtype": null, "class": null, "height": 3.289130449295044, "num_floors": null, "surge_class": 3, "surge_ft": 2.5, "flood_active": false, "exposure_score": 0.075, "exposure_category": "low"}, "geometry": {"type": "Polygon", "coordinates": [[[-75.0786155, 38.3474854], [-75.0786367, 38.3474316], [-75.0785485, 38.3474102], [-75.0785273, 38.347464], [-75.0786155, 38.3474854]]]}}, {"id": "850", "type": "Feature", "properties": {"id": "2280f02b-3674-4164-8963-83b94050af27", "name": "Cowboy's Roadhouse", "subtype": "commercial", "class": null, "height": 2.987914562225342, "num_floors": null, "surge_class": 3, "surge_ft": 2.5, "flood_active": false, "exposure_score": 0.075, "exposure_category": "low"}, "geometry": {"type": "Polygon", "coordinates": [[[-75.0787672, 38.3473821], [-75.0789115, 38.3474213], [-75.078953, 38.3473273], [-75.0787501, 38.3472722], [-75.0787086, 38.3473662], [-75.0787672, 38.3473821]]]}}, {"id": "851", "type": "Feature", "properties": {"id": "ad27c619-766f-4b7e-8e1c-ee1b1e3b6520", "name": null, "subtype": null, "class": null, "height": null, "num_floors": null, "surge_class": 3, "surge_ft": 2.5, "flood_active": false, "exposure_score": 0.075, "exposure_category": "low"}, "geometry": {"type": "Polygon", "coordinates": [[[-75.078758, 38.3475171], [-75.0788163, 38.3475329], [-75.0788445, 38.3474691], [-75.0787862, 38.3474533], [-75.078758, 38.3475171]]]}}, {"id": "852", "type": "Feature", "properties": {"id": "ad8172e4-4694-41d6-90c3-b817d21d8e46", "name": "Holy Savior Catholic Church", "subtype": "religious", "class": null, "height": 5.308414936065674, "num_floors": null, "surge_class": 3, "surge_ft": 2.5, "flood_active": false, "exposure_score": 0.075, "exposure_category": "low"}, "geometry": {"type": "Polygon", "coordinates": [[[-75.0798581, 38.3480997], [-75.0799838, 38.3481315], [-75.0800406, 38.3479931], [-75.0799215, 38.3479631], [-75.0799446, 38.3479069], [-75.0800098, 38.3479234], [-75.0801485, 38.3475854], [-75.0799274, 38.3475296], [-75.0797854, 38.3478754], [-75.0794327, 38.3477864], [-75.0793338, 38.3480273], [-75.0796505, 38.3481072], [-75.0796414, 38.3481294], [-75.0798267, 38.3481762], [-75.0798581, 38.3480997]]]}}, {"id": "853", "type": "Feature", "properties": {"id": "3678c336-be8b-4db2-8ccf-1a1319ea590e", "name": "Anthony's Carryout", "subtype": "commercial", "class": null, "height": null, "num_floors": null, "surge_class": 4, "surge_ft": 3.5, "flood_active": false, "exposure_score": 0.105, "exposure_category": "low"}, "geometry": {"type": "Polygon", "coordinates": [[[-75.0789957, 38.3468732], [-75.0791141, 38.3469036], [-75.0791716, 38.3467657], [-75.0790533, 38.3467353], [-75.0789957, 38.3468732]]]}}, {"id": "854", "type": "Feature", "properties": {"id": "cf06932f-a5f2-4afe-a10d-8c6fe59d22f5", "name": "Sea Nymph", "subtype": null, "class": null, "height": 5.868082046508789, "num_floors": 3, "surge_class": 2, "surge_ft": 1.5, "flood_active": false, "exposure_score": 0.045, "exposure_category": "low"}, "geometry": {"type": "Polygon", "coordinates": [[[-75.0786588, 38.3468281], [-75.078779, 38.346859], [-75.0788919, 38.3465885], [-75.0787717, 38.3465576], [-75.0786588, 38.3468281]]]}}, {"id": "855", "type": "Feature", "properties": {"id": "b834b37e-b781-47c0-8cc2-180ce485d15e", "name": "Sea Nymph", "subtype": null, "class": null, "height": 4.221466064453125, "num_floors": 3, "surge_class": 2, "surge_ft": 1.5, "flood_active": false, "exposure_score": 0.045, "exposure_category": "low"}, "geometry": {"type": "Polygon", "coordinates": [[[-75.0784572, 38.3464443], [-75.0787923, 38.3465303], [-75.0788294, 38.3464416], [-75.0784942, 38.3463556], [-75.0784572, 38.3464443]]]}}, {"id": "856", "type": "Feature", "properties": {"id": "dcfba267-e40a-4396-ba96-f286a98e2a94", "name": null, "subtype": null, "class": null, "height": 4.528712272644043, "num_floors": 2, "surge_class": 3, "surge_ft": 2.5, "flood_active": false, "exposure_score": 0.075, "exposure_category": "low"}, "geometry": {"type": "Polygon", "coordinates": [[[-75.0789676, 38.345732], [-75.0789235, 38.3458421], [-75.079035, 38.3458696], [-75.0790791, 38.3457595], [-75.0789676, 38.345732]]]}}, {"id": "857", "type": "Feature", "properties": {"id": "a8540437-9808-4312-a158-1ef515fdf7de", "name": null, "subtype": null, "class": null, "height": 5.430304050445557, "num_floors": null, "surge_class": 3, "surge_ft": 2.5, "flood_active": false, "exposure_score": 0.075, "exposure_category": "low"}, "geometry": {"type": "Polygon", "coordinates": [[[-75.0791752, 38.3464853], [-75.079249, 38.3463153], [-75.0791224, 38.3462815], [-75.0790486, 38.3464515], [-75.0791752, 38.3464853]]]}}, {"id": "858", "type": "Feature", "properties": {"id": "5a23600b-1c5d-4cb3-9b08-35fd87b77d07", "name": null, "subtype": null, "class": null, "height": 5.981890678405762, "num_floors": null, "surge_class": 3, "surge_ft": 2.5, "flood_active": false, "exposure_score": 0.075, "exposure_category": "low"}, "geometry": {"type": "Polygon", "coordinates": [[[-75.0794174, 38.3463519], [-75.0792956, 38.3463191], [-75.0792152, 38.3465026], [-75.0793371, 38.3465354], [-75.0794174, 38.3463519]]]}}, {"id": "859", "type": "Feature", "properties": {"id": "f39790fe-14ff-4665-8a9f-9e9822d17809", "name": null, "subtype": null, "class": null, "height": 2.097182273864746, "num_floors": 3, "surge_class": 3, "surge_ft": 2.5, "flood_active": false, "exposure_score": 0.075, "exposure_category": "low"}, "geometry": {"type": "Polygon", "coordinates": [[[-75.0791014, 38.3461998], [-75.079428, 38.3462836], [-75.0794767, 38.3461668], [-75.0791501, 38.346083], [-75.0791014, 38.3461998]]]}}, {"id": "860", "type": "Feature", "properties": {"id": "689377e5-3fc8-4ecd-82dd-149436b58de4", "name": null, "subtype": null, "class": null, "height": 5.322208881378174, "num_floors": 2, "surge_class": 4, "surge_ft": 3.5, "flood_active": false, "exposure_score": 0.105, "exposure_category": "low"}, "geometry": {"type": "Polygon", "coordinates": [[[-75.0793389, 38.3456962], [-75.0792465, 38.3459264], [-75.0793659, 38.3459559], [-75.0794582, 38.3457256], [-75.0793389, 38.3456962]]]}}, {"id": "861", "type": "Feature", "properties": {"id": "079e15a6-db4e-4bec-8194-6f88b065a284", "name": null, "subtype": null, "class": null, "height": null, "num_floors": null, "surge_class": 4, "surge_ft": 3.5, "flood_active": false, "exposure_score": 0.105, "exposure_category": "low"}, "geometry": {"type": "Polygon", "coordinates": [[[-75.0794037, 38.3459071], [-75.0793861, 38.3459511], [-75.0794385, 38.345964], [-75.0794561, 38.34592], [-75.0794037, 38.3459071]]]}}, {"id": "862", "type": "Feature", "properties": {"id": "6df6a23b-1ad5-4464-8b99-0953d0276ac8", "name": "English's", "subtype": null, "class": null, "height": 4.397907257080078, "num_floors": null, "surge_class": 3, "surge_ft": 2.5, "flood_active": false, "exposure_score": 0.075, "exposure_category": "low"}, "geometry": {"type": "Polygon", "coordinates": [[[-75.0795713, 38.3457314], [-75.0796714, 38.345756], [-75.0796859, 38.3457198], [-75.0797109, 38.3457259], [-75.0798235, 38.3454452], [-75.0796334, 38.3453982], [-75.0795239, 38.3456714], [-75.0795889, 38.3456874], [-75.0795713, 38.3457314]]]}}, {"id": "863", "type": "Feature", "properties": {"id": "31cdf8aa-ae21-4b1f-81af-17bb8531083f", "name": null, "subtype": null, "class": null, "height": 5.599795818328857, "num_floors": 2, "surge_class": 4, "surge_ft": 3.5, "flood_active": false, "exposure_score": 0.105, "exposure_category": "low"}, "geometry": {"type": "Polygon", "coordinates": [[[-75.0791605, 38.3456444], [-75.0790661, 38.3458796], [-75.079188, 38.3459097], [-75.0792824, 38.3456745], [-75.0791605, 38.3456444]]]}}, {"id": "864", "type": "Feature", "properties": {"id": "73bb7481-21f6-4864-83d2-056324ce56b6", "name": null, "subtype": null, "class": null, "height": 4.251217365264893, "num_floors": 3, "surge_class": 4, "surge_ft": 3.5, "flood_active": false, "exposure_score": 0.105, "exposure_category": "low"}, "geometry": {"type": "Polygon", "coordinates": [[[-75.0788146, 38.3457124], [-75.0787817, 38.3457945], [-75.0788984, 38.3458233], [-75.0789313, 38.3457412], [-75.0788146, 38.3457124]]]}}, {"id": "865", "type": "Feature", "properties": {"id": "bbbedd2d-a75b-4508-86c2-c3a4549bc668", "name": "Hyatt Place Ocean City / Oceanfront", "subtype": null, "class": null, "height": null, "num_floors": null, "surge_class": 0, "surge_ft": 0.0, "flood_active": false, "exposure_score": 0.0, "exposure_category": "none"}, "geometry": {"type": "Polygon", "coordinates": [[[-75.0775519, 38.3455298], [-75.0784158, 38.3457429], [-75.078446, 38.3456678], [-75.0779306, 38.3455406], [-75.0779601, 38.345467], [-75.0780155, 38.3453289], [-75.0782198, 38.3453793], [-75.0782913, 38.345397], [-75.0783184, 38.3453294], [-75.0777023, 38.3451735], [-75.0776713, 38.3452509], [-75.0778301, 38.3452901], [-75.0777522, 38.3454843], [-75.0775866, 38.3454434], [-75.0775519, 38.3455298]]]}}, {"id": "866", "type": "Feature", "properties": {"id": "50da9297-8bb1-46ae-9759-34e56730e6be", "name": null, "subtype": "commercial", "class": "hotel", "height": 12.995686531066895, "num_floors": 11, "surge_class": 0, "surge_ft": 0.0, "flood_active": false, "exposure_score": 0.0, "exposure_category": "none"}, "geometry": {"type": "Polygon", "coordinates": [[[-75.0777879, 38.3465983], [-75.0780146, 38.3466558], [-75.078052, 38.3465651], [-75.0778252, 38.3465077], [-75.0776175, 38.346455], [-75.0775486, 38.3464375], [-75.0775601, 38.3464095], [-75.0775154, 38.3463982], [-75.0776008, 38.3461911], [-75.0778633, 38.3462577], [-75.0779608, 38.3462824], [-75.0779934, 38.3462034], [-75.0778959, 38.3461786], [-75.077977, 38.3459818], [-75.07779, 38.3459343], [-75.0778234, 38.3458534], [-75.0777478, 38.3458342], [-75.0777801, 38.3457559], [-75.0775717, 38.345703], [-75.0774401, 38.3456697], [-75.0773809, 38.3458134], [-75.0775124, 38.3458467], [-75.0774059, 38.3461052], [-75.077472, 38.346122], [-75.0773241, 38.3464807], [-75.0775112, 38.3465282], [-75.0775801, 38.3465456], [-75.0777879, 38.3465983]]]}}, {"id": "867", "type": "Feature", "properties": {"id": "2eda1595-dddb-4e54-9751-2393c2fd5fcf", "name": "Holiday Inn & Suites", "subtype": null, "class": null, "height": null, "num_floors": 10, "surge_class": 0, "surge_ft": 0.0, "flood_active": false, "exposure_score": 0.0, "exposure_category": "none"}, "geometry": {"type": "Polygon", "coordinates": [[[-75.0770783, 38.3466664], [-75.0770372, 38.3466553], [-75.0769808, 38.346675], [-75.0769347, 38.3467794], [-75.0769543, 38.3468], [-75.0772143, 38.3468707], [-75.0771857, 38.3469354], [-75.0769202, 38.3468633], [-75.0768883, 38.3468779], [-75.0768661, 38.3469281], [-75.0768849, 38.346954], [-75.0768489, 38.3470354], [-75.0768253, 38.3470452], [-75.07678, 38.3471476], [-75.0768103, 38.3471844], [-75.0768396, 38.3471924], [-75.0768068, 38.3472666], [-75.0769221, 38.3472962], [-75.0771689, 38.347365], [-75.0771898, 38.3473177], [-75.0772828, 38.3471072], [-75.0773252, 38.3471187], [-75.0774931, 38.3471644], [-75.077549, 38.3471796], [-75.0775756, 38.3471195], [-75.077717, 38.3467994], [-75.0777339, 38.3467613], [-75.07751, 38.3467005], [-75.0772202, 38.3466217], [-75.0771112, 38.3465921], [-75.0770783, 38.3466664]]]}}, {"id": "868", "type": "Feature", "properties": {"id": "f230a3f2-a657-4908-9810-c045d877fbe7", "name": "Brass Balls Saloon", "subtype": "commercial", "class": null, "height": 7.290568828582764, "num_floors": null, "surge_class": 1, "surge_ft": 0.5, "flood_active": false, "exposure_score": 0.015, "exposure_category": "low"}, "geometry": {"type": "Polygon", "coordinates": [[[-75.0796342, 38.3414656], [-75.0799302, 38.341565], [-75.0799902, 38.3414551], [-75.0796942, 38.3413557], [-75.0796342, 38.3414656]]]}}, {"id": "869", "type": "Feature", "properties": {"id": "7b46a73e-09f0-4738-9ee9-0c4a34ae0703", "name": "Howard Johnson Oceanfront Plaza Hotel Ocean City Oceanfront", "subtype": null, "class": null, "height": null, "num_floors": null, "surge_class": 1, "surge_ft": 0.5, "flood_active": false, "exposure_score": 0.015, "exposure_category": "low"}, "geometry": {"type": "Polygon", "coordinates": [[[-75.0795086, 38.3416997], [-75.0798461, 38.341813], [-75.0799517, 38.3416196], [-75.0796141, 38.3415063], [-75.0795086, 38.3416997]]]}}, {"id": "870", "type": "Feature", "properties": {"id": "62515792-f90b-4b51-9d2c-6bf081f8ca9d", "name": null, "subtype": "commercial", "class": "hotel", "height": 7.682829856872559, "num_floors": null, "surge_class": 0, "surge_ft": 0.0, "flood_active": false, "exposure_score": 0.0, "exposure_category": "none"}, "geometry": {"type": "Polygon", "coordinates": [[[-75.0792982, 38.3420864], [-75.0795046, 38.3421551], [-75.0795543, 38.3420631], [-75.0796558, 38.3420969], [-75.0796427, 38.3421211], [-75.0796951, 38.3421385], [-75.0797807, 38.3419803], [-75.079593, 38.3419179], [-75.0795803, 38.3419414], [-75.0794077, 38.341884], [-75.0792982, 38.3420864]]]}}, {"id": "871", "type": "Feature", "properties": {"id": "47c19d5f-6ee1-4acc-8680-3441dfa00a3a", "name": "Courtyard Ocean City", "subtype": null, "class": null, "height": 11.860995292663574, "num_floors": 5, "surge_class": 1, "surge_ft": 0.5, "flood_active": false, "exposure_score": 0.015, "exposure_category": "low"}, "geometry": {"type": "Polygon", "coordinates": [[[-75.0787124, 38.3450554], [-75.0778479, 38.3447747], [-75.0777067, 38.3451268], [-75.0779067, 38.3451761], [-75.0779171, 38.3451501], [-75.0779489, 38.345158], [-75.0779592, 38.3451323], [-75.0779853, 38.3451388], [-75.077998, 38.3451072], [-75.0782034, 38.3451578], [-75.0781682, 38.3452457], [-75.0784684, 38.3453197], [-75.0784888, 38.3452689], [-75.078568, 38.3452885], [-75.078617, 38.3451663], [-75.0786633, 38.3451777], [-75.0787124, 38.3450554]]]}}, {"id": "872", "type": "Feature", "properties": {"id": "bbbf7bfb-ebd0-4c88-8b14-5097a1b73876", "name": null, "subtype": null, "class": null, "height": null, "num_floors": null, "surge_class": 1, "surge_ft": 0.5, "flood_active": false, "exposure_score": 0.015, "exposure_category": "low"}, "geometry": {"type": "Polygon", "coordinates": [[[-75.0782596, 38.3445238], [-75.0783281, 38.3445469], [-75.0783596, 38.3444893], [-75.0782911, 38.3444663], [-75.0782596, 38.3445238]]]}}, {"id": "873", "type": "Feature", "properties": {"id": "f04f4914-3cce-4f02-9eea-7db4d8e80704", "name": null, "subtype": null, "class": null, "height": 7.9127888679504395, "num_floors": null, "surge_class": 1, "surge_ft": 0.5, "flood_active": false, "exposure_score": 0.015, "exposure_category": "low"}, "geometry": {"type": "Polygon", "coordinates": [[[-75.0780177, 38.3444145], [-75.0782065, 38.3444781], [-75.0782303, 38.3444347], [-75.0781802, 38.3444178], [-75.078211, 38.3443615], [-75.0780723, 38.3443148], [-75.0780177, 38.3444145]]]}}, {"id": "874", "type": "Feature", "properties": {"id": "4add5677-8052-4943-bece-b9e9285abb6c", "name": "Harrison Hall", "subtype": null, "class": null, "height": 11.243454933166504, "num_floors": 5, "surge_class": 1, "surge_ft": 0.5, "flood_active": false, "exposure_score": 0.015, "exposure_category": "low"}, "geometry": {"type": "Polygon", "coordinates": [[[-75.0781288, 38.3446831], [-75.078379, 38.3447674], [-75.0784374, 38.3446606], [-75.0781582, 38.3445666], [-75.0781864, 38.3445151], [-75.078038, 38.3444651], [-75.0780322, 38.3444758], [-75.0779908, 38.3444619], [-75.077899, 38.3446295], [-75.0781178, 38.3447032], [-75.0781288, 38.3446831]]]}}, {"id": "875", "type": "Feature", "properties": {"id": "5c720d86-9386-40dd-be9b-91f58cf5454d", "name": "Commander Hotel & Suites", "subtype": null, "class": null, "height": 9.888055801391602, "num_floors": 8, "surge_class": 2, "surge_ft": 1.5, "flood_active": false, "exposure_score": 0.045, "exposure_category": "low"}, "geometry": {"type": "Polygon", "coordinates": [[[-75.0783348, 38.3439913], [-75.0784713, 38.3440373], [-75.0781775, 38.3441918], [-75.0782655, 38.3442951], [-75.0783292, 38.3442631], [-75.0784131, 38.3442902], [-75.0784261, 38.3442671], [-75.0783969, 38.3442339], [-75.0785587, 38.3441459], [-75.0785201, 38.3442158], [-75.0786706, 38.3442665], [-75.0787864, 38.344055], [-75.0783757, 38.3439167], [-75.0783348, 38.3439913]]]}}, {"id": "876", "type": "Feature", "properties": {"id": "e338a104-b163-4531-aa87-db493e8ff459", "name": "Beach Plaza Hotel", "subtype": null, "class": null, "height": 6.875091075897217, "num_floors": null, "surge_class": 0, "surge_ft": 0.0, "flood_active": false, "exposure_score": 0.0, "exposure_category": "none"}, "geometry": {"type": "Polygon", "coordinates": [[[-75.0786711, 38.3432697], [-75.0785524, 38.3434864], [-75.0788934, 38.3436014], [-75.0790122, 38.3433847], [-75.0786711, 38.3432697]]]}}, {"id": "877", "type": "Feature", "properties": {"id": "16d824cc-e7bb-489d-89a9-c48b721b863b", "name": "Beach Plaza Hotel", "subtype": "commercial", "class": "hotel", "height": 9.704280853271484, "num_floors": 5, "surge_class": 1, "surge_ft": 0.5, "flood_active": false, "exposure_score": 0.015, "exposure_category": "low"}, "geometry": {"type": "Polygon", "coordinates": [[[-75.0786983, 38.3432382], [-75.0788753, 38.3432979], [-75.0789335, 38.3431916], [-75.0791018, 38.3432483], [-75.0791649, 38.3431333], [-75.0788196, 38.3430169], [-75.0786983, 38.3432382]]]}}, {"id": "878", "type": "Feature", "properties": {"id": "34505107-f5c5-48f8-9484-1859e802deb7", "name": "Beach Plaza Hotel", "subtype": null, "class": null, "height": null, "num_floors": null, "surge_class": 0, "surge_ft": 0.0, "flood_active": false, "exposure_score": 0.0, "exposure_category": "none"}, "geometry": {"type": "MultiPolygon", "coordinates": [[[[-75.0791018, 38.3432483], [-75.0791649, 38.3431333], [-75.0788196, 38.3430169], [-75.0786983, 38.3432382], [-75.0788753, 38.3432979], [-75.0789335, 38.3431916], [-75.0791018, 38.3432483]]], [[[-75.0786711, 38.3432697], [-75.0785524, 38.3434864], [-75.0788934, 38.3436014], [-75.0790122, 38.3433847], [-75.0786711, 38.3432697]]]]}}, {"id": "879", "type": "Feature", "properties": {"id": "0c8ecf71-38b0-4562-8304-35d3b7997777", "name": null, "subtype": "commercial", "class": "hotel", "height": 10.133462905883789, "num_floors": null, "surge_class": 3, "surge_ft": 2.5, "flood_active": false, "exposure_score": 0.075, "exposure_category": "low"}, "geometry": {"type": "Polygon", "coordinates": [[[-75.0791237, 38.3426216], [-75.0792562, 38.3426657], [-75.0792985, 38.3425874], [-75.0791896, 38.3425512], [-75.0791993, 38.3425334], [-75.0790947, 38.3424986], [-75.079086, 38.3425146], [-75.0790519, 38.3425033], [-75.0790108, 38.3425793], [-75.0790457, 38.3425909], [-75.0790363, 38.3426083], [-75.0791165, 38.342635], [-75.0791237, 38.3426216]]]}}, {"id": "880", "type": "Feature", "properties": {"id": "28a776f1-e100-4682-98de-bcafbd805cdd", "name": null, "subtype": "commercial", "class": "hotel", "height": 7.199526309967041, "num_floors": null, "surge_class": 4, "surge_ft": 3.5, "flood_active": false, "exposure_score": 0.105, "exposure_category": "low"}, "geometry": {"type": "Polygon", "coordinates": [[[-75.0790648, 38.3427523], [-75.0791817, 38.3427912], [-75.0792279, 38.3427059], [-75.0791016, 38.3426639], [-75.079107, 38.342654], [-75.0789875, 38.3426142], [-75.0789306, 38.3427194], [-75.0790594, 38.3427623], [-75.0790648, 38.3427523]]]}}, {"id": "881", "type": "Feature", "properties": {"id": "48b94658-f4b8-4cfd-b1bf-383d313bccb3", "name": "Safari Motel Boardwalk", "subtype": null, "class": null, "height": 7.390890121459961, "num_floors": null, "surge_class": 2, "surge_ft": 1.5, "flood_active": false, "exposure_score": 0.045, "exposure_category": "low"}, "geometry": {"type": "Polygon", "coordinates": [[[-75.0789022, 38.3428565], [-75.0792448, 38.3429705], [-75.0792992, 38.3428697], [-75.0789567, 38.3427558], [-75.0789022, 38.3428565]]]}}, {"id": "882", "type": "Feature", "properties": {"id": "74281cfa-3d33-4a70-abad-fa6c567748f8", "name": null, "subtype": null, "class": null, "height": 5.162444114685059, "num_floors": null, "surge_class": 2, "surge_ft": 1.5, "flood_active": false, "exposure_score": 0.045, "exposure_category": "low"}, "geometry": {"type": "Polygon", "coordinates": [[[-75.0794619, 38.3430317], [-75.0795308, 38.3429043], [-75.0795784, 38.3428162], [-75.0794911, 38.3427871], [-75.0793746, 38.3430026], [-75.0794619, 38.3430317]]]}}, {"id": "883", "type": "Feature", "properties": {"id": "891117c9-e9f7-4ee7-b48a-6a8118d15438", "name": null, "subtype": null, "class": null, "height": null, "num_floors": null, "surge_class": 2, "surge_ft": 1.5, "flood_active": false, "exposure_score": 0.045, "exposure_category": "low"}, "geometry": {"type": "Polygon", "coordinates": [[[-75.0793322, 38.3425799], [-75.0793034, 38.3426331], [-75.0793624, 38.3426527], [-75.0793911, 38.3425995], [-75.0793322, 38.3425799]]]}}, {"id": "884", "type": "Feature", "properties": {"id": "6d6ca41a-ed4e-4266-97a3-72aad274f8fa", "name": "Pop Pop's Cottage", "subtype": null, "class": null, "height": 9.220534324645996, "num_floors": null, "surge_class": 2, "surge_ft": 1.5, "flood_active": false, "exposure_score": 0.045, "exposure_category": "low"}, "geometry": {"type": "Polygon", "coordinates": [[[-75.0790884, 38.3424677], [-75.0793292, 38.3425499], [-75.0793782, 38.3424616], [-75.0791374, 38.3423794], [-75.0790884, 38.3424677]]]}}, {"id": "885", "type": "Feature", "properties": {"id": "98a08ae5-9f5c-4f77-a18a-c343f1b74771", "name": null, "subtype": "commercial", "class": "hotel", "height": 9.132144927978516, "num_floors": null, "surge_class": 0, "surge_ft": 0.0, "flood_active": false, "exposure_score": 0.0, "exposure_category": "none"}, "geometry": {"type": "Polygon", "coordinates": [[[-75.0791524, 38.3423503], [-75.0794217, 38.3424399], [-75.0795427, 38.3422162], [-75.0792734, 38.3421266], [-75.0791524, 38.3423503]]]}}, {"id": "886", "type": "Feature", "properties": {"id": "b248b9d5-f0c3-463c-968f-b4e23f3a9655", "name": null, "subtype": null, "class": null, "height": 5.245891571044922, "num_floors": null, "surge_class": 2, "surge_ft": 1.5, "flood_active": false, "exposure_score": 0.045, "exposure_category": "low"}, "geometry": {"type": "Polygon", "coordinates": [[[-75.0795837, 38.3426188], [-75.0796959, 38.3426562], [-75.0797366, 38.342581], [-75.0796244, 38.3425436], [-75.0795837, 38.3426188]]]}}, {"id": "887", "type": "Feature", "properties": {"id": "21d64d12-6878-46aa-93b0-137ecbd75ed0", "name": null, "subtype": null, "class": null, "height": 4.052560806274414, "num_floors": null, "surge_class": 2, "surge_ft": 1.5, "flood_active": false, "exposure_score": 0.045, "exposure_category": "low"}, "geometry": {"type": "Polygon", "coordinates": [[[-75.0795308, 38.3429043], [-75.079621, 38.3429343], [-75.0796687, 38.3428462], [-75.0795784, 38.3428162], [-75.0795308, 38.3429043]]]}}, {"id": "888", "type": "Feature", "properties": {"id": "e8776102-1f94-4c37-bb33-4331a4f8cf1d", "name": null, "subtype": null, "class": null, "height": 3.8990917205810547, "num_floors": null, "surge_class": 2, "surge_ft": 1.5, "flood_active": false, "exposure_score": 0.045, "exposure_category": "low"}, "geometry": {"type": "Polygon", "coordinates": [[[-75.0796546, 38.3429575], [-75.0798225, 38.3430133], [-75.0798656, 38.3429336], [-75.0796977, 38.3428778], [-75.0796546, 38.3429575]]]}}, {"id": "889", "type": "Feature", "properties": {"id": "d05cb0f3-59fb-438f-8fae-e385e881035d", "name": null, "subtype": null, "class": null, "height": 5.305628299713135, "num_floors": null, "surge_class": 1, "surge_ft": 0.5, "flood_active": false, "exposure_score": 0.015, "exposure_category": "low"}, "geometry": {"type": "Polygon", "coordinates": [[[-75.0795454, 38.34308], [-75.0797523, 38.3431489], [-75.079804, 38.3430534], [-75.079597, 38.3429846], [-75.0795454, 38.34308]]]}}, {"id": "890", "type": "Feature", "properties": {"id": "529ffca0-8fd9-4f7d-a0a8-4267a30eaa33", "name": null, "subtype": null, "class": null, "height": 5.275946140289307, "num_floors": null, "surge_class": 3, "surge_ft": 2.5, "flood_active": false, "exposure_score": 0.075, "exposure_category": "low"}, "geometry": {"type": "Polygon", "coordinates": [[[-75.079639, 38.3439921], [-75.0798761, 38.3440721], [-75.0799259, 38.3439812], [-75.0796888, 38.3439013], [-75.079639, 38.3439921]]]}}, {"id": "891", "type": "Feature", "properties": {"id": "b42243f7-630a-4330-a06b-b8d8c96281c2", "name": null, "subtype": null, "class": null, "height": 5.051910400390625, "num_floors": null, "surge_class": 3, "surge_ft": 2.5, "flood_active": false, "exposure_score": 0.075, "exposure_category": "low"}, "geometry": {"type": "Polygon", "coordinates": [[[-75.0795849, 38.3441256], [-75.0799609, 38.3442524], [-75.0800123, 38.3441586], [-75.0796362, 38.3440318], [-75.0795849, 38.3441256]]]}}, {"id": "892", "type": "Feature", "properties": {"id": "b03fb6db-1e45-4492-be86-00a4847b4642", "name": "The Commander Hotel", "subtype": null, "class": null, "height": 10.575995445251465, "num_floors": 5, "surge_class": 0, "surge_ft": 0.0, "flood_active": false, "exposure_score": 0.0, "exposure_category": "none"}, "geometry": {"type": "Polygon", "coordinates": [[[-75.0786975, 38.3444189], [-75.0790022, 38.3445215], [-75.0790476, 38.3444386], [-75.0790939, 38.3443539], [-75.0787892, 38.3442513], [-75.0787429, 38.3443359], [-75.0786975, 38.3444189]]]}}, {"id": "893", "type": "Feature", "properties": {"id": "b2e59c3f-d639-412d-9c8e-83018b4acaee", "name": "Buckingham Hotel", "subtype": null, "class": null, "height": 6.661218166351318, "num_floors": 3, "surge_class": 3, "surge_ft": 2.5, "flood_active": false, "exposure_score": 0.075, "exposure_category": "low"}, "geometry": {"type": "Polygon", "coordinates": [[[-75.0792435, 38.3447697], [-75.0793484, 38.344805], [-75.0794657, 38.3445908], [-75.0793608, 38.3445555], [-75.0792435, 38.3447697]]]}}, {"id": "894", "type": "Feature", "properties": {"id": "768d3988-eaf2-4950-bd31-fae3fb4943d8", "name": null, "subtype": null, "class": null, "height": 5.395547866821289, "num_floors": null, "surge_class": 3, "surge_ft": 2.5, "flood_active": false, "exposure_score": 0.075, "exposure_category": "low"}, "geometry": {"type": "Polygon", "coordinates": [[[-75.0793515, 38.3445011], [-75.0796118, 38.3445887], [-75.0796654, 38.3444907], [-75.0794052, 38.3444031], [-75.0793515, 38.3445011]]]}}, {"id": "895", "type": "Feature", "properties": {"id": "17473c63-c57b-4599-a897-621cf2596e68", "name": null, "subtype": null, "class": null, "height": 5.312623500823975, "num_floors": null, "surge_class": 3, "surge_ft": 2.5, "flood_active": false, "exposure_score": 0.075, "exposure_category": "low"}, "geometry": {"type": "Polygon", "coordinates": [[[-75.0794599, 38.3443792], [-75.079829, 38.3445035], [-75.0798775, 38.3444149], [-75.0795084, 38.3442906], [-75.0794599, 38.3443792]]]}}, {"id": "896", "type": "Feature", "properties": {"id": "8cfb0341-d81c-48fa-af19-751d61e2ad1d", "name": null, "subtype": null, "class": null, "height": 3.9130187034606934, "num_floors": 2, "surge_class": 4, "surge_ft": 3.5, "flood_active": false, "exposure_score": 0.105, "exposure_category": "low"}, "geometry": {"type": "Polygon", "coordinates": [[[-75.0797269, 38.3445211], [-75.0796763, 38.3446135], [-75.0797602, 38.3446417], [-75.0798107, 38.3445494], [-75.0797269, 38.3445211]]]}}, {"id": "897", "type": "Feature", "properties": {"id": "d2436260-c906-4125-9a9e-38a81010bf1a", "name": null, "subtype": null, "class": null, "height": 3.2782108783721924, "num_floors": 2, "surge_class": 4, "surge_ft": 3.5, "flood_active": false, "exposure_score": 0.105, "exposure_category": "low"}, "geometry": {"type": "Polygon", "coordinates": [[[-75.0796699, 38.3446342], [-75.079603, 38.3447563], [-75.07969, 38.3447856], [-75.0797568, 38.3446635], [-75.0796699, 38.3446342]]]}}, {"id": "898", "type": "Feature", "properties": {"id": "ac73c405-065b-495d-a033-8624725b8bbc", "name": null, "subtype": null, "class": null, "height": 5.477686405181885, "num_floors": null, "surge_class": 4, "surge_ft": 3.5, "flood_active": false, "exposure_score": 0.105, "exposure_category": "low"}, "geometry": {"type": "Polygon", "coordinates": [[[-75.0799297, 38.344571], [-75.0802491, 38.3446785], [-75.0803134, 38.344561], [-75.079994, 38.3444534], [-75.0799297, 38.344571]]]}}, {"id": "899", "type": "Feature", "properties": {"id": "49563172-75df-4240-9843-d98c84bd0071", "name": null, "subtype": null, "class": null, "height": 3.365640163421631, "num_floors": null, "surge_class": 4, "surge_ft": 3.5, "flood_active": false, "exposure_score": 0.105, "exposure_category": "low"}, "geometry": {"type": "Polygon", "coordinates": [[[-75.0799557, 38.3440998], [-75.0800486, 38.3441311], [-75.0801345, 38.3439744], [-75.0800416, 38.3439431], [-75.0799557, 38.3440998]]]}}, {"id": "900", "type": "Feature", "properties": {"id": "c74050b1-b583-4b89-ba58-02532ad6e236", "name": null, "subtype": null, "class": null, "height": 5.648518085479736, "num_floors": null, "surge_class": 3, "surge_ft": 2.5, "flood_active": false, "exposure_score": 0.075, "exposure_category": "low"}, "geometry": {"type": "Polygon", "coordinates": [[[-75.079707, 38.3438663], [-75.0799452, 38.3439466], [-75.079995, 38.3438558], [-75.0797568, 38.3437755], [-75.079707, 38.3438663]]]}}, {"id": "901", "type": "Feature", "properties": {"id": "fba3acf2-e8d4-4a0b-b995-facb2cddb1e4", "name": null, "subtype": null, "class": null, "height": 4.512345790863037, "num_floors": null, "surge_class": 3, "surge_ft": 2.5, "flood_active": false, "exposure_score": 0.075, "exposure_category": "low"}, "geometry": {"type": "Polygon", "coordinates": [[[-75.0797751, 38.3437403], [-75.0800144, 38.343821], [-75.0800642, 38.3437301], [-75.0798249, 38.3436494], [-75.0797751, 38.3437403]]]}}, {"id": "902", "type": "Feature", "properties": {"id": "2d01eb52-7637-4ae7-b160-8b22818eded7", "name": null, "subtype": null, "class": null, "height": 6.326461315155029, "num_floors": null, "surge_class": 4, "surge_ft": 3.5, "flood_active": false, "exposure_score": 0.105, "exposure_category": "low"}, "geometry": {"type": "Polygon", "coordinates": [[[-75.0802371, 38.3440436], [-75.0805179, 38.3441383], [-75.0805677, 38.3440474], [-75.0802869, 38.3439528], [-75.0802371, 38.3440436]]]}}, {"id": "903", "type": "Feature", "properties": {"id": "35b80e22-bef6-4172-a8b0-dcf99849314e", "name": null, "subtype": null, "class": null, "height": null, "num_floors": null, "surge_class": 4, "surge_ft": 3.5, "flood_active": false, "exposure_score": 0.105, "exposure_category": "low"}, "geometry": {"type": "Polygon", "coordinates": [[[-75.080172, 38.3441109], [-75.0803677, 38.3441769], [-75.0803926, 38.3441315], [-75.0801968, 38.3440655], [-75.080172, 38.3441109]]]}}, {"id": "904", "type": "Feature", "properties": {"id": "af717d36-e99e-4b86-a10f-0e041ee9fe8b", "name": null, "subtype": null, "class": null, "height": 4.8603105545043945, "num_floors": null, "surge_class": 3, "surge_ft": 2.5, "flood_active": false, "exposure_score": 0.075, "exposure_category": "low"}, "geometry": {"type": "Polygon", "coordinates": [[[-75.0800569, 38.3442923], [-75.0804148, 38.344413], [-75.0804652, 38.3443211], [-75.0801073, 38.3442004], [-75.0800569, 38.3442923]]]}}, {"id": "905", "type": "Feature", "properties": {"id": "fdb8e571-5f3b-4a69-a39e-03e61a3a4bb7", "name": null, "subtype": null, "class": null, "height": 5.224813938140869, "num_floors": null, "surge_class": 4, "surge_ft": 3.5, "flood_active": false, "exposure_score": 0.105, "exposure_category": "low"}, "geometry": {"type": "Polygon", "coordinates": [[[-75.080311, 38.3439187], [-75.0805918, 38.3440133], [-75.0806416, 38.3439225], [-75.0803608, 38.3438278], [-75.080311, 38.3439187]]]}}, {"id": "906", "type": "Feature", "properties": {"id": "9c5e5c7e-e0a3-49d1-aba4-b244b49cf7ea", "name": null, "subtype": null, "class": null, "height": 4.034739971160889, "num_floors": null, "surge_class": 4, "surge_ft": 3.5, "flood_active": false, "exposure_score": 0.105, "exposure_category": "low"}, "geometry": {"type": "Polygon", "coordinates": [[[-75.0805336, 38.3437059], [-75.0807414, 38.343776], [-75.0807858, 38.3436951], [-75.0805779, 38.343625], [-75.0805336, 38.3437059]]]}}, {"id": "907", "type": "Feature", "properties": {"id": "991e9d24-4519-42d9-a5bb-d3afdefceec9", "name": null, "subtype": null, "class": null, "height": 2.329439163208008, "num_floors": null, "surge_class": 4, "surge_ft": 3.5, "flood_active": false, "exposure_score": 0.105, "exposure_category": "low"}, "geometry": {"type": "Polygon", "coordinates": [[[-75.0807881, 38.3450001], [-75.0808071, 38.3449592], [-75.0807549, 38.3449444], [-75.080736, 38.3449852], [-75.0807881, 38.3450001]]]}}, {"id": "908", "type": "Feature", "properties": {"id": "852ffa76-519e-46b2-975c-9881b9b887e7", "name": null, "subtype": null, "class": null, "height": null, "num_floors": null, "surge_class": 6, "surge_ft": 5.5, "flood_active": false, "exposure_score": 0.165, "exposure_category": "low"}, "geometry": {"type": "Polygon", "coordinates": [[[-75.0814144, 38.3450093], [-75.0814746, 38.3450295], [-75.0814997, 38.3449836], [-75.0814395, 38.3449633], [-75.0814144, 38.3450093]]]}}, {"id": "909", "type": "Feature", "properties": {"id": "ab5d64f2-0d9b-459b-9c1b-9090034ca7ff", "name": null, "subtype": null, "class": null, "height": 2.45936918258667, "num_floors": null, "surge_class": 3, "surge_ft": 2.5, "flood_active": false, "exposure_score": 0.075, "exposure_category": "low"}, "geometry": {"type": "Polygon", "coordinates": [[[-75.081664, 38.3440968], [-75.0819204, 38.3441833], [-75.0819702, 38.3440924], [-75.0817805, 38.3440285], [-75.0817692, 38.3440492], [-75.0817024, 38.3440267], [-75.081664, 38.3440968]]]}}, {"id": "910", "type": "Feature", "properties": {"id": "41fc8c40-7a68-4091-9f83-d0fb0a1f4cce", "name": null, "subtype": null, "class": null, "height": 4.809944152832031, "num_floors": null, "surge_class": 5, "surge_ft": 4.5, "flood_active": false, "exposure_score": 0.135, "exposure_category": "low"}, "geometry": {"type": "Polygon", "coordinates": [[[-75.0822523, 38.3444629], [-75.082326, 38.3443285], [-75.0821842, 38.3442807], [-75.0821106, 38.3444151], [-75.0822523, 38.3444629]]]}}, {"id": "911", "type": "Feature", "properties": {"id": "b0e8db3b-005b-4434-9263-e1bbb8981008", "name": null, "subtype": null, "class": null, "height": 5.322537422180176, "num_floors": null, "surge_class": 4, "surge_ft": 3.5, "flood_active": false, "exposure_score": 0.105, "exposure_category": "low"}, "geometry": {"type": "Polygon", "coordinates": [[[-75.0819405, 38.3438732], [-75.0820722, 38.343917], [-75.082155, 38.3437639], [-75.0820234, 38.3437201], [-75.0819405, 38.3438732]]]}}, {"id": "912", "type": "Feature", "properties": {"id": "dd112265-ecc2-422f-85d1-79aefa4f13fc", "name": null, "subtype": null, "class": null, "height": 4.3841705322265625, "num_floors": null, "surge_class": 4, "surge_ft": 3.5, "flood_active": false, "exposure_score": 0.105, "exposure_category": "low"}, "geometry": {"type": "Polygon", "coordinates": [[[-75.0816775, 38.3437832], [-75.0818812, 38.3438509], [-75.081934, 38.3437532], [-75.0817304, 38.3436855], [-75.0816775, 38.3437832]]]}}, {"id": "913", "type": "Feature", "properties": {"id": "8f9d4952-3bed-4758-9c6a-a58a182de3e7", "name": "First Presbyterian Church", "subtype": "religious", "class": "church", "height": 4.750146389007568, "num_floors": null, "surge_class": 4, "surge_ft": 3.5, "flood_active": false, "exposure_score": 0.105, "exposure_category": "low"}, "geometry": {"type": "Polygon", "coordinates": [[[-75.080944, 38.3441429], [-75.0813075, 38.3442655], [-75.0814971, 38.3439195], [-75.0813271, 38.3438622], [-75.0812074, 38.3440805], [-75.0810139, 38.3440153], [-75.080944, 38.3441429]]]}}, {"id": "914", "type": "Feature", "properties": {"id": "e4274255-0489-499e-85bf-c689db6821e5", "name": "Burgundy Inn Hotel", "subtype": null, "class": null, "height": null, "num_floors": 2, "surge_class": 5, "surge_ft": 4.5, "flood_active": false, "exposure_score": 0.135, "exposure_category": "low"}, "geometry": {"type": "Polygon", "coordinates": [[[-75.0812101, 38.3436385], [-75.0813301, 38.3436784], [-75.0814025, 38.3435445], [-75.0812826, 38.3435046], [-75.0812101, 38.3436385]]]}}, {"id": "915", "type": "Feature", "properties": {"id": "11016b82-875c-4496-ab62-5095dbca6645", "name": null, "subtype": null, "class": null, "height": 5.604108810424805, "num_floors": 2, "surge_class": 5, "surge_ft": 4.5, "flood_active": false, "exposure_score": 0.135, "exposure_category": "low"}, "geometry": {"type": "Polygon", "coordinates": [[[-75.0814157, 38.3432647], [-75.0817191, 38.3433656], [-75.0817815, 38.3432502], [-75.0814781, 38.3431493], [-75.0814157, 38.3432647]]]}}, {"id": "916", "type": "Feature", "properties": {"id": "a9da6c35-d83a-4576-8307-41caeec9918e", "name": "Villa Six", "subtype": null, "class": null, "height": 5.209649562835693, "num_floors": 2, "surge_class": 4, "surge_ft": 3.5, "flood_active": false, "exposure_score": 0.105, "exposure_category": "low"}, "geometry": {"type": "Polygon", "coordinates": [[[-75.0813607, 38.343379], [-75.0816053, 38.3434604], [-75.0816534, 38.3433715], [-75.0814087, 38.3432901], [-75.0813607, 38.343379]]]}}, {"id": "917", "type": "Feature", "properties": {"id": "a44cea1b-bf68-49c3-bed7-a24256494f0d", "name": null, "subtype": null, "class": null, "height": null, "num_floors": null, "surge_class": 4, "surge_ft": 3.5, "flood_active": false, "exposure_score": 0.105, "exposure_category": "low"}, "geometry": {"type": "Polygon", "coordinates": [[[-75.0818045, 38.3435242], [-75.0819614, 38.3435764], [-75.0820693, 38.343377], [-75.0819124, 38.3433248], [-75.0818045, 38.3435242]]]}}, {"id": "918", "type": "Feature", "properties": {"id": "e849051d-a8b1-459c-b116-dc8a029a87ed", "name": null, "subtype": null, "class": null, "height": null, "num_floors": null, "surge_class": 4, "surge_ft": 3.5, "flood_active": false, "exposure_score": 0.105, "exposure_category": "low"}, "geometry": {"type": "Polygon", "coordinates": [[[-75.0821252, 38.3435771], [-75.0822643, 38.3436234], [-75.0823501, 38.3434647], [-75.082211, 38.3434184], [-75.0821252, 38.3435771]]]}}, {"id": "919", "type": "Feature", "properties": {"id": "2b849703-12c9-44d2-8543-c856fd400bad", "name": null, "subtype": null, "class": null, "height": 4.93474817276001, "num_floors": null, "surge_class": 5, "surge_ft": 4.5, "flood_active": false, "exposure_score": 0.135, "exposure_category": "low"}, "geometry": {"type": "Polygon", "coordinates": [[[-75.0821418, 38.3433704], [-75.0823556, 38.3434415], [-75.082413, 38.3433354], [-75.0821992, 38.3432642], [-75.0821418, 38.3433704]]]}}, {"id": "920", "type": "Feature", "properties": {"id": "8337d97f-9a93-4abd-8d56-9e11457ef302", "name": null, "subtype": null, "class": null, "height": 5.384709358215332, "num_floors": null, "surge_class": 5, "surge_ft": 4.5, "flood_active": false, "exposure_score": 0.135, "exposure_category": "low"}, "geometry": {"type": "Polygon", "coordinates": [[[-75.0820385, 38.3431821], [-75.08218, 38.3432313], [-75.0822081, 38.3431815], [-75.0820667, 38.3431323], [-75.0820385, 38.3431821]]]}}, {"id": "921", "type": "Feature", "properties": {"id": "f2bd620c-8ff1-4268-9696-62e0df38bc82", "name": null, "subtype": null, "class": null, "height": 3.3708655834198, "num_floors": null, "surge_class": 6, "surge_ft": 5.5, "flood_active": false, "exposure_score": 0.165, "exposure_category": "low"}, "geometry": {"type": "Polygon", "coordinates": [[[-75.0820987, 38.3430464], [-75.0821893, 38.3430765], [-75.082224, 38.3430125], [-75.0821334, 38.3429823], [-75.0820987, 38.3430464]]]}}, {"id": "922", "type": "Feature", "properties": {"id": "b2bdea63-bd5e-4fe8-a3fe-aff1ff3e54ae", "name": null, "subtype": null, "class": null, "height": 5.349545001983643, "num_floors": null, "surge_class": 5, "surge_ft": 4.5, "flood_active": false, "exposure_score": 0.135, "exposure_category": "low"}, "geometry": {"type": "Polygon", "coordinates": [[[-75.0816626, 38.3431755], [-75.0817963, 38.34322], [-75.0818998, 38.3430287], [-75.0817661, 38.3429842], [-75.0816626, 38.3431755]]]}}, {"id": "923", "type": "Feature", "properties": {"id": "e3e6d7cb-d80a-4e84-a06a-81986cc68067", "name": null, "subtype": null, "class": null, "height": 4.980279922485352, "num_floors": 2, "surge_class": 3, "surge_ft": 2.5, "flood_active": false, "exposure_score": 0.075, "exposure_category": "low"}, "geometry": {"type": "Polygon", "coordinates": [[[-75.0816332, 38.3429106], [-75.0819207, 38.3430063], [-75.0819868, 38.342884], [-75.0816994, 38.3427884], [-75.0816332, 38.3429106]]]}}, {"id": "924", "type": "Feature", "properties": {"id": "9e859c27-0b5c-4220-b077-5830fdf50a38", "name": null, "subtype": null, "class": null, "height": 4.240612030029297, "num_floors": 2, "surge_class": 5, "surge_ft": 4.5, "flood_active": false, "exposure_score": 0.135, "exposure_category": "low"}, "geometry": {"type": "Polygon", "coordinates": [[[-75.0817197, 38.342764], [-75.0819185, 38.3428301], [-75.0819645, 38.3427451], [-75.0817657, 38.342679], [-75.0817197, 38.342764]]]}}, {"id": "925", "type": "Feature", "properties": {"id": "a20ca25a-2b59-4f55-93d8-7c83be4fda06", "name": null, "subtype": null, "class": null, "height": null, "num_floors": null, "surge_class": 5, "surge_ft": 4.5, "flood_active": false, "exposure_score": 0.135, "exposure_category": "low"}, "geometry": {"type": "Polygon", "coordinates": [[[-75.081975, 38.3428535], [-75.0820567, 38.3428807], [-75.0821126, 38.3427773], [-75.0820309, 38.3427501], [-75.081975, 38.3428535]]]}}, {"id": "926", "type": "Feature", "properties": {"id": "3b28600a-6211-4b8e-bf8d-af6e353bc645", "name": null, "subtype": null, "class": null, "height": null, "num_floors": null, "surge_class": 6, "surge_ft": 5.5, "flood_active": false, "exposure_score": 0.165, "exposure_category": "low"}, "geometry": {"type": "Polygon", "coordinates": [[[-75.0821225, 38.3429404], [-75.0822459, 38.3429814], [-75.0823129, 38.3428576], [-75.0821894, 38.3428165], [-75.0821225, 38.3429404]]]}}, {"id": "927", "type": "Feature", "properties": {"id": "72dbce97-d03d-4c39-aa81-03dde35bd882", "name": "The Virginian", "subtype": null, "class": null, "height": 4.810447692871094, "num_floors": 2, "surge_class": 4, "surge_ft": 3.5, "flood_active": false, "exposure_score": 0.105, "exposure_category": "low"}, "geometry": {"type": "Polygon", "coordinates": [[[-75.0818866, 38.3423866], [-75.0821961, 38.3424906], [-75.0823241, 38.3422561], [-75.0821724, 38.3422052], [-75.0820875, 38.3423609], [-75.0819295, 38.3423079], [-75.0818866, 38.3423866]]]}}, {"id": "928", "type": "Feature", "properties": {"id": "c48a0e2a-5e10-4004-a82e-b0f6f4abc98d", "name": "Marco's Apartments", "subtype": null, "class": null, "height": 4.156585216522217, "num_floors": null, "surge_class": 4, "surge_ft": 3.5, "flood_active": false, "exposure_score": 0.105, "exposure_category": "low"}, "geometry": {"type": "Polygon", "coordinates": [[[-75.0821312, 38.3425447], [-75.0821556, 38.3425001], [-75.0818876, 38.3424102], [-75.0818441, 38.3424899], [-75.0820302, 38.3425524], [-75.0820494, 38.3425173], [-75.0821312, 38.3425447]]]}}, {"id": "929", "type": "Feature", "properties": {"id": "ac9760ef-6459-44b7-a6bc-259840be62a8", "name": null, "subtype": null, "class": null, "height": 4.578303337097168, "num_floors": null, "surge_class": 4, "surge_ft": 3.5, "flood_active": false, "exposure_score": 0.105, "exposure_category": "low"}, "geometry": {"type": "Polygon", "coordinates": [[[-75.0811542, 38.3425765], [-75.0813052, 38.3426267], [-75.0813502, 38.3425436], [-75.0812059, 38.3424956], [-75.0811988, 38.3425089], [-75.0810911, 38.342473], [-75.0810635, 38.3425241], [-75.0811644, 38.3425577], [-75.0811542, 38.3425765]]]}}, {"id": "930", "type": "Feature", "properties": {"id": "220047a1-c175-4b02-8b6c-926221a2b5a8", "name": null, "subtype": null, "class": null, "height": null, "num_floors": null, "surge_class": 4, "surge_ft": 3.5, "flood_active": false, "exposure_score": 0.105, "exposure_category": "low"}, "geometry": {"type": "Polygon", "coordinates": [[[-75.0807048, 38.3424177], [-75.0808057, 38.3424513], [-75.080838, 38.3423916], [-75.0807371, 38.342358], [-75.0807048, 38.3424177]]]}}, {"id": "931", "type": "Feature", "properties": {"id": "d20187a8-62ac-4365-b88f-5014db07eb4f", "name": null, "subtype": null, "class": null, "height": 3.504420757293701, "num_floors": null, "surge_class": 4, "surge_ft": 3.5, "flood_active": false, "exposure_score": 0.105, "exposure_category": "low"}, "geometry": {"type": "Polygon", "coordinates": [[[-75.0808226, 38.3424785], [-75.0809163, 38.3425097], [-75.0809789, 38.3423939], [-75.0808852, 38.3423627], [-75.0808226, 38.3424785]]]}}, {"id": "932", "type": "Feature", "properties": {"id": "789d534c-bbb4-41a3-ac3d-3bb3e47ab800", "name": null, "subtype": null, "class": null, "height": 3.4844887256622314, "num_floors": null, "surge_class": 3, "surge_ft": 2.5, "flood_active": false, "exposure_score": 0.075, "exposure_category": "low"}, "geometry": {"type": "Polygon", "coordinates": [[[-75.0805446, 38.3423843], [-75.080658, 38.342422], [-75.0807245, 38.3422991], [-75.0806111, 38.3422613], [-75.0805446, 38.3423843]]]}}, {"id": "933", "type": "Feature", "properties": {"id": "1347edbe-e407-4b26-88a8-767105519437", "name": null, "subtype": null, "class": null, "height": 2.1147708892822266, "num_floors": null, "surge_class": 3, "surge_ft": 2.5, "flood_active": false, "exposure_score": 0.075, "exposure_category": "low"}, "geometry": {"type": "Polygon", "coordinates": [[[-75.0804439, 38.3425905], [-75.0805752, 38.3426342], [-75.0806095, 38.3425708], [-75.0804782, 38.3425271], [-75.0804439, 38.3425905]]]}}, {"id": "934", "type": "Feature", "properties": {"id": "acaac642-886d-4305-b5e4-d8f6e48da1df", "name": null, "subtype": null, "class": null, "height": 5.479732036590576, "num_floors": null, "surge_class": 3, "surge_ft": 2.5, "flood_active": false, "exposure_score": 0.075, "exposure_category": "low"}, "geometry": {"type": "Polygon", "coordinates": [[[-75.0805531, 38.34278], [-75.0807303, 38.342839], [-75.0807723, 38.3427614], [-75.0805951, 38.3427025], [-75.0805531, 38.34278]]]}}, {"id": "935", "type": "Feature", "properties": {"id": "1cd17097-2e7c-40ad-af2d-92bde22b7f10", "name": null, "subtype": null, "class": null, "height": 3.2103404998779297, "num_floors": null, "surge_class": 3, "surge_ft": 2.5, "flood_active": false, "exposure_score": 0.075, "exposure_category": "low"}, "geometry": {"type": "Polygon", "coordinates": [[[-75.0803488, 38.3427213], [-75.0805172, 38.3427774], [-75.0805616, 38.3426952], [-75.0803932, 38.3426391], [-75.0803488, 38.3427213]]]}}, {"id": "936", "type": "Feature", "properties": {"id": "6a03460c-aeae-447e-be80-a26abd579f3f", "name": null, "subtype": null, "class": null, "height": 3.5183846950531006, "num_floors": null, "surge_class": 4, "surge_ft": 3.5, "flood_active": false, "exposure_score": 0.105, "exposure_category": "low"}, "geometry": {"type": "Polygon", "coordinates": [[[-75.0807968, 38.3429327], [-75.0808924, 38.3429645], [-75.0809556, 38.3428477], [-75.08086, 38.3428159], [-75.0807968, 38.3429327]]]}}, {"id": "937", "type": "Feature", "properties": {"id": "57ce34b6-fe3c-4efd-8aeb-8a760fb8dee4", "name": null, "subtype": null, "class": null, "height": 4.63979434967041, "num_floors": null, "surge_class": 3, "surge_ft": 2.5, "flood_active": false, "exposure_score": 0.075, "exposure_category": "low"}, "geometry": {"type": "Polygon", "coordinates": [[[-75.0805872, 38.3432788], [-75.080949, 38.3433992], [-75.0810005, 38.343304], [-75.0806387, 38.3431837], [-75.0805872, 38.3432788]]]}}, {"id": "938", "type": "Feature", "properties": {"id": "e0a25b52-805c-419a-961e-2472cb336dc5", "name": null, "subtype": null, "class": null, "height": 4.525495529174805, "num_floors": null, "surge_class": 4, "surge_ft": 3.5, "flood_active": false, "exposure_score": 0.105, "exposure_category": "low"}, "geometry": {"type": "Polygon", "coordinates": [[[-75.0806974, 38.3434552], [-75.0808752, 38.3435144], [-75.0809194, 38.3434327], [-75.0807415, 38.3433735], [-75.0806974, 38.3434552]]]}}, {"id": "939", "type": "Feature", "properties": {"id": "4dec463f-7ff5-4dcd-9470-1413acc9ec24", "name": null, "subtype": null, "class": null, "height": 2.867917060852051, "num_floors": null, "surge_class": 4, "surge_ft": 3.5, "flood_active": false, "exposure_score": 0.105, "exposure_category": "low"}, "geometry": {"type": "Polygon", "coordinates": [[[-75.0803893, 38.3436597], [-75.0804977, 38.3436963], [-75.080546, 38.3436082], [-75.0804375, 38.3435717], [-75.0803893, 38.3436597]]]}}, {"id": "940", "type": "Feature", "properties": {"id": "124ca209-8d77-4e86-baef-8825fd454fec", "name": "Ocean Terrace Family Apartments", "subtype": null, "class": null, "height": 5.001407623291016, "num_floors": null, "surge_class": 3, "surge_ft": 2.5, "flood_active": false, "exposure_score": 0.075, "exposure_category": "low"}, "geometry": {"type": "Polygon", "coordinates": [[[-75.0801879, 38.3430111], [-75.0804, 38.3430816], [-75.0804396, 38.3430083], [-75.0802276, 38.3429378], [-75.0801879, 38.3430111]]]}}, {"id": "941", "type": "Feature", "properties": {"id": "c90f36bf-90a4-4af7-ad15-06cea082bd5a", "name": null, "subtype": null, "class": null, "height": 5.2374420166015625, "num_floors": null, "surge_class": 1, "surge_ft": 0.5, "flood_active": false, "exposure_score": 0.015, "exposure_category": "low"}, "geometry": {"type": "Polygon", "coordinates": [[[-75.0800535, 38.3432412], [-75.0802606, 38.3433101], [-75.0803111, 38.3432167], [-75.0801041, 38.3431478], [-75.0800535, 38.3432412]]]}}, {"id": "942", "type": "Feature", "properties": {"id": "a4be7d92-468d-4882-8aa5-6579e880bdf6", "name": null, "subtype": null, "class": null, "height": 4.449944019317627, "num_floors": null, "surge_class": 4, "surge_ft": 3.5, "flood_active": false, "exposure_score": 0.105, "exposure_category": "low"}, "geometry": {"type": "Polygon", "coordinates": [[[-75.080332, 38.3431933], [-75.0805137, 38.3432537], [-75.0805602, 38.3431677], [-75.0803785, 38.3431073], [-75.080332, 38.3431933]]]}}, {"id": "943", "type": "Feature", "properties": {"id": "e2203970-f5b1-4128-83b4-ca6f91ad233e", "name": null, "subtype": null, "class": null, "height": 5.390070915222168, "num_floors": null, "surge_class": 4, "surge_ft": 3.5, "flood_active": false, "exposure_score": 0.105, "exposure_category": "low"}, "geometry": {"type": "Polygon", "coordinates": [[[-75.0803324, 38.3433471], [-75.0804409, 38.3433832], [-75.0804939, 38.3432852], [-75.0803854, 38.3432491], [-75.0803324, 38.3433471]]]}}, {"id": "944", "type": "Feature", "properties": {"id": "8f2e9f0e-a3e3-40a4-94e4-ef5a750f9ef3", "name": null, "subtype": null, "class": null, "height": 3.3656625747680664, "num_floors": null, "surge_class": 5, "surge_ft": 4.5, "flood_active": false, "exposure_score": 0.135, "exposure_category": "low"}, "geometry": {"type": "Polygon", "coordinates": [[[-75.080181, 38.343574], [-75.0803239, 38.3436222], [-75.0803745, 38.34353], [-75.0802315, 38.3434818], [-75.080181, 38.343574]]]}}, {"id": "945", "type": "Feature", "properties": {"id": "43ed20fa-31ac-433b-bfd0-c6ffadb715fc", "name": null, "subtype": null, "class": null, "height": 4.4345598220825195, "num_floors": null, "surge_class": 4, "surge_ft": 3.5, "flood_active": false, "exposure_score": 0.105, "exposure_category": "low"}, "geometry": {"type": "Polygon", "coordinates": [[[-75.0799137, 38.3434836], [-75.0801552, 38.3435651], [-75.080205, 38.3434742], [-75.0799635, 38.3433928], [-75.0799137, 38.3434836]]]}}, {"id": "946", "type": "Feature", "properties": {"id": "c5403f04-6aab-40f2-af92-9c19abd45e4d", "name": null, "subtype": null, "class": null, "height": 4.839780330657959, "num_floors": null, "surge_class": 3, "surge_ft": 2.5, "flood_active": false, "exposure_score": 0.075, "exposure_category": "low"}, "geometry": {"type": "Polygon", "coordinates": [[[-75.0798438, 38.3436131], [-75.0800842, 38.3436942], [-75.080134, 38.3436033], [-75.0798936, 38.3435223], [-75.0798438, 38.3436131]]]}}, {"id": "947", "type": "Feature", "properties": {"id": "21ee5576-cced-4c07-b216-f23860b58c2a", "name": null, "subtype": null, "class": null, "height": 6.0802717208862305, "num_floors": null, "surge_class": 2, "surge_ft": 1.5, "flood_active": false, "exposure_score": 0.045, "exposure_category": "low"}, "geometry": {"type": "Polygon", "coordinates": [[[-75.0797926, 38.3427108], [-75.0799705, 38.34277], [-75.0800202, 38.3426781], [-75.0798423, 38.3426189], [-75.0797926, 38.3427108]]]}}, {"id": "948", "type": "Feature", "properties": {"id": "3b3d2296-de16-41a2-aecd-f54c739d0a76", "name": "King Charles Hotel", "subtype": null, "class": null, "height": 4.715748310089111, "num_floors": null, "surge_class": 3, "surge_ft": 2.5, "flood_active": false, "exposure_score": 0.075, "exposure_category": "low"}, "geometry": {"type": "Polygon", "coordinates": [[[-75.0802714, 38.3428355], [-75.0805385, 38.3429244], [-75.0805894, 38.3428304], [-75.0803222, 38.3427415], [-75.0802714, 38.3428355]]]}}, {"id": "949", "type": "Feature", "properties": {"id": "7f7b6680-0619-4639-af51-514887160d6f", "name": null, "subtype": null, "class": null, "height": 3.9300971031188965, "num_floors": null, "surge_class": 3, "surge_ft": 2.5, "flood_active": false, "exposure_score": 0.075, "exposure_category": "low"}, "geometry": {"type": "Polygon", "coordinates": [[[-75.0800225, 38.3423207], [-75.0801807, 38.3423733], [-75.0802252, 38.342291], [-75.0800671, 38.3422383], [-75.0800225, 38.3423207]]]}}, {"id": "950", "type": "Feature", "properties": {"id": "ecac2f94-7cb0-45da-8f64-403e413d60de", "name": null, "subtype": null, "class": null, "height": 6.329094409942627, "num_floors": null, "surge_class": 2, "surge_ft": 1.5, "flood_active": false, "exposure_score": 0.045, "exposure_category": "low"}, "geometry": {"type": "Polygon", "coordinates": [[[-75.079901, 38.3424511], [-75.0800769, 38.3425096], [-75.0801031, 38.3424611], [-75.0801329, 38.3424061], [-75.079957, 38.3423476], [-75.0799273, 38.3424026], [-75.079901, 38.3424511]]]}}, {"id": "951", "type": "Feature", "properties": {"id": "ef6e00db-fcfe-47f8-922b-b6f1f030125e", "name": null, "subtype": null, "class": null, "height": 6.2547807693481445, "num_floors": null, "surge_class": 2, "surge_ft": 1.5, "flood_active": false, "exposure_score": 0.045, "exposure_category": "low"}, "geometry": {"type": "Polygon", "coordinates": [[[-75.0798372, 38.3425622], [-75.0800337, 38.3426276], [-75.080081, 38.3425402], [-75.0798845, 38.3424748], [-75.0798372, 38.3425622]]]}}, {"id": "952", "type": "Feature", "properties": {"id": "25adf2d8-f2e4-4f8c-8f41-ab2321887c3b", "name": null, "subtype": null, "class": null, "height": 6.23512601852417, "num_floors": null, "surge_class": 2, "surge_ft": 1.5, "flood_active": false, "exposure_score": 0.045, "exposure_category": "low"}, "geometry": {"type": "Polygon", "coordinates": [[[-75.0799442, 38.3418816], [-75.0800497, 38.341917], [-75.0801157, 38.341796], [-75.0800103, 38.3417606], [-75.0799442, 38.3418816]]]}}, {"id": "953", "type": "Feature", "properties": {"id": "74d1c95d-d802-49f8-8d36-4297d8a67209", "name": null, "subtype": null, "class": null, "height": 6.576431751251221, "num_floors": null, "surge_class": 2, "surge_ft": 1.5, "flood_active": false, "exposure_score": 0.045, "exposure_category": "low"}, "geometry": {"type": "Polygon", "coordinates": [[[-75.0800806, 38.3419286], [-75.0801932, 38.3419664], [-75.0802623, 38.3418397], [-75.0801497, 38.3418019], [-75.0800806, 38.3419286]]]}}, {"id": "954", "type": "Feature", "properties": {"id": "442c3fe8-3083-451c-bcd4-c1cedeed65ba", "name": "Howard Johnson", "subtype": null, "class": null, "height": null, "num_floors": null, "surge_class": 2, "surge_ft": 1.5, "flood_active": false, "exposure_score": 0.045, "exposure_category": "low"}, "geometry": {"type": "Polygon", "coordinates": [[[-75.0800293, 38.3417329], [-75.0804329, 38.3418684], [-75.0804561, 38.3418259], [-75.0805443, 38.3416644], [-75.0801407, 38.3415288], [-75.080052, 38.3416913], [-75.0800293, 38.3417329]]]}}, {"id": "955", "type": "Feature", "properties": {"id": "6aae1ff6-29b6-44f0-a44e-6f11f71ca36b", "name": null, "subtype": null, "class": null, "height": 4.641806125640869, "num_floors": null, "surge_class": 3, "surge_ft": 2.5, "flood_active": false, "exposure_score": 0.075, "exposure_category": "low"}, "geometry": {"type": "Polygon", "coordinates": [[[-75.0802652, 38.341986], [-75.0803828, 38.3420254], [-75.0804411, 38.3419186], [-75.0802983, 38.3418707], [-75.0802683, 38.3419256], [-75.0802936, 38.341934], [-75.0802652, 38.341986]]]}}, {"id": "956", "type": "Feature", "properties": {"id": "13982e17-dbe1-4a45-9c91-c50a857d5778", "name": null, "subtype": null, "class": null, "height": 4.441598892211914, "num_floors": null, "surge_class": 3, "surge_ft": 2.5, "flood_active": false, "exposure_score": 0.075, "exposure_category": "low"}, "geometry": {"type": "Polygon", "coordinates": [[[-75.0808558, 38.342172], [-75.081073, 38.3422449], [-75.0811245, 38.3421505], [-75.0810033, 38.3421098], [-75.0810485, 38.3420269], [-75.0809526, 38.3419947], [-75.0808558, 38.342172]]]}}, {"id": "957", "type": "Feature", "properties": {"id": "f95bedb9-a61b-493c-a28e-67d8d47d4757", "name": null, "subtype": null, "class": null, "height": 5.746459484100342, "num_floors": null, "surge_class": 3, "surge_ft": 2.5, "flood_active": false, "exposure_score": 0.075, "exposure_category": "low"}, "geometry": {"type": "Polygon", "coordinates": [[[-75.0806876, 38.342112], [-75.0807857, 38.342145], [-75.0808631, 38.3420031], [-75.080765, 38.3419702], [-75.0806876, 38.342112]]]}}, {"id": "958", "type": "Feature", "properties": {"id": "086bdcae-7cb2-491a-838e-67e82c99e7e9", "name": "Monte Carlo Suites Ocean City", "subtype": null, "class": null, "height": 7.772841453552246, "num_floors": null, "surge_class": 4, "surge_ft": 3.5, "flood_active": false, "exposure_score": 0.105, "exposure_category": "low"}, "geometry": {"type": "Polygon", "coordinates": [[[-75.081082, 38.3419655], [-75.0812033, 38.3420062], [-75.0812696, 38.3418847], [-75.0808147, 38.3417319], [-75.0807484, 38.3418535], [-75.081082, 38.3419655]]]}}, {"id": "959", "type": "Feature", "properties": {"id": "366a959e-bd14-48d6-afd1-0d71e9e58426", "name": null, "subtype": null, "class": null, "height": 6.623103618621826, "num_floors": null, "surge_class": 3, "surge_ft": 2.5, "flood_active": false, "exposure_score": 0.075, "exposure_category": "low"}, "geometry": {"type": "Polygon", "coordinates": [[[-75.0808769, 38.3417363], [-75.0810125, 38.3417818], [-75.0810761, 38.3416653], [-75.080932, 38.3416169], [-75.0809103, 38.3416568], [-75.0809497, 38.34167], [-75.0809305, 38.3417052], [-75.0808996, 38.3416948], [-75.0808769, 38.3417363]]]}}, {"id": "960", "type": "Feature", "properties": {"id": "44288cdb-b4fe-4b69-8a3d-4c63da7e7d5b", "name": null, "subtype": null, "class": null, "height": 5.625046730041504, "num_floors": null, "surge_class": 3, "surge_ft": 2.5, "flood_active": false, "exposure_score": 0.075, "exposure_category": "low"}, "geometry": {"type": "Polygon", "coordinates": [[[-75.080975, 38.3415744], [-75.0811411, 38.3416302], [-75.0811809, 38.3415573], [-75.0810148, 38.3415015], [-75.080975, 38.3415744]]]}}, {"id": "961", "type": "Feature", "properties": {"id": "5362ef95-92e0-4802-8442-a613a4fbb15f", "name": null, "subtype": null, "class": null, "height": null, "num_floors": null, "surge_class": 2, "surge_ft": 1.5, "flood_active": false, "exposure_score": 0.045, "exposure_category": "low"}, "geometry": {"type": "Polygon", "coordinates": [[[-75.0804471, 38.3414442], [-75.0805326, 38.3414729], [-75.0805947, 38.3413591], [-75.0805093, 38.3413304], [-75.0804471, 38.3414442]]]}}, {"id": "962", "type": "Feature", "properties": {"id": "35064e20-fd46-4b89-85a4-53127cf513d2", "name": null, "subtype": null, "class": null, "height": 5.524350643157959, "num_floors": 3, "surge_class": 3, "surge_ft": 2.5, "flood_active": false, "exposure_score": 0.075, "exposure_category": "low"}, "geometry": {"type": "Polygon", "coordinates": [[[-75.080553, 38.3414839], [-75.0806505, 38.3415166], [-75.0807148, 38.3413988], [-75.0806173, 38.3413661], [-75.080553, 38.3414839]]]}}, {"id": "963", "type": "Feature", "properties": {"id": "dfe7d620-952d-41e8-96f6-cbe8f42d112e", "name": null, "subtype": null, "class": null, "height": 4.566748142242432, "num_floors": null, "surge_class": 3, "surge_ft": 2.5, "flood_active": false, "exposure_score": 0.075, "exposure_category": "low"}, "geometry": {"type": "Polygon", "coordinates": [[[-75.0807496, 38.3409756], [-75.0807102, 38.3410478], [-75.080867, 38.3411005], [-75.0809064, 38.3410283], [-75.0807496, 38.3409756]]]}}, {"id": "964", "type": "Feature", "properties": {"id": "56b9d996-52be-4997-8a2c-0845bca6b96f", "name": null, "subtype": null, "class": null, "height": 4.684059143066406, "num_floors": null, "surge_class": 3, "surge_ft": 2.5, "flood_active": false, "exposure_score": 0.075, "exposure_category": "low"}, "geometry": {"type": "Polygon", "coordinates": [[[-75.0808097, 38.3408396], [-75.080754, 38.3409416], [-75.0809456, 38.341006], [-75.0810013, 38.340904], [-75.0808097, 38.3408396]]]}}, {"id": "965", "type": "Feature", "properties": {"id": "7d1f8375-c1cf-452e-b039-43b7d8354261", "name": null, "subtype": null, "class": null, "height": null, "num_floors": null, "surge_class": 3, "surge_ft": 2.5, "flood_active": false, "exposure_score": 0.075, "exposure_category": "low"}, "geometry": {"type": "Polygon", "coordinates": [[[-75.0806848, 38.3408712], [-75.080663, 38.3409111], [-75.080727, 38.3409326], [-75.0807488, 38.3408927], [-75.0806848, 38.3408712]]]}}, {"id": "966", "type": "Feature", "properties": {"id": "925e5403-338c-4026-82d1-b437073a7e31", "name": null, "subtype": null, "class": null, "height": 5.850200176239014, "num_floors": null, "surge_class": 2, "surge_ft": 1.5, "flood_active": false, "exposure_score": 0.045, "exposure_category": "low"}, "geometry": {"type": "Polygon", "coordinates": [[[-75.0806749, 38.3411074], [-75.0806301, 38.3411893], [-75.080789, 38.3412427], [-75.0808338, 38.3411609], [-75.0806749, 38.3411074]]]}}, {"id": "967", "type": "Feature", "properties": {"id": "651e7841-3d51-4944-a179-63ee5847bc7e", "name": null, "subtype": null, "class": null, "height": null, "num_floors": null, "surge_class": 3, "surge_ft": 2.5, "flood_active": false, "exposure_score": 0.075, "exposure_category": "low"}, "geometry": {"type": "Polygon", "coordinates": [[[-75.0805568, 38.3409938], [-75.0804677, 38.3411568], [-75.0805722, 38.341192], [-75.0806613, 38.341029], [-75.0805568, 38.3409938]]]}}, {"id": "968", "type": "Feature", "properties": {"id": "6ef078ce-f6e1-4fa3-be6d-8773d2e62d93", "name": null, "subtype": null, "class": null, "height": 6.716689109802246, "num_floors": null, "surge_class": 3, "surge_ft": 2.5, "flood_active": false, "exposure_score": 0.075, "exposure_category": "low"}, "geometry": {"type": "Polygon", "coordinates": [[[-75.0802704, 38.3409205], [-75.0801907, 38.3410664], [-75.0802891, 38.3410995], [-75.0803688, 38.3409536], [-75.0802704, 38.3409205]]]}}, {"id": "969", "type": "Feature", "properties": {"id": "94a71b54-9069-47a4-8683-bafb4f890e6d", "name": null, "subtype": null, "class": null, "height": 6.27119255065918, "num_floors": null, "surge_class": 3, "surge_ft": 2.5, "flood_active": false, "exposure_score": 0.075, "exposure_category": "low"}, "geometry": {"type": "Polygon", "coordinates": [[[-75.0804036, 38.3409674], [-75.0803272, 38.3411071], [-75.0804322, 38.3411424], [-75.0805085, 38.3410027], [-75.0804036, 38.3409674]]]}}, {"id": "970", "type": "Feature", "properties": {"id": "22801899-d263-4038-805b-dfd74653fdba", "name": null, "subtype": null, "class": null, "height": null, "num_floors": null, "surge_class": 2, "surge_ft": 1.5, "flood_active": false, "exposure_score": 0.045, "exposure_category": "low"}, "geometry": {"type": "Polygon", "coordinates": [[[-75.0803508, 38.3414117], [-75.0804275, 38.3414375], [-75.0804899, 38.3413232], [-75.0804132, 38.3412974], [-75.0803508, 38.3414117]]]}}, {"id": "971", "type": "Feature", "properties": {"id": "4dc4e783-808a-4817-9e6c-e1568b5ec7e1", "name": null, "subtype": null, "class": null, "height": null, "num_floors": null, "surge_class": 2, "surge_ft": 1.5, "flood_active": false, "exposure_score": 0.045, "exposure_category": "low"}, "geometry": {"type": "Polygon", "coordinates": [[[-75.0801897, 38.3413709], [-75.0802994, 38.3414078], [-75.0803718, 38.3412751], [-75.0802621, 38.3412383], [-75.0801897, 38.3413709]]]}}, {"id": "972", "type": "Feature", "properties": {"id": "f6ae9813-9d9a-4e2e-9668-1b89fe8bd932", "name": "Monte Carlo Boardwalk", "subtype": null, "class": null, "height": null, "num_floors": null, "surge_class": 0, "surge_ft": 0.0, "flood_active": false, "exposure_score": 0.0, "exposure_category": "none"}, "geometry": {"type": "Polygon", "coordinates": [[[-75.0797596, 38.3412123], [-75.0801453, 38.3413418], [-75.0801998, 38.3412418], [-75.0798141, 38.3411123], [-75.0797596, 38.3412123]]]}}, {"id": "973", "type": "Feature", "properties": {"id": "111fc017-562d-4650-8456-683da8614eba", "name": "Boardwalk Terrace", "subtype": null, "class": null, "height": null, "num_floors": null, "surge_class": 1, "surge_ft": 0.5, "flood_active": false, "exposure_score": 0.015, "exposure_category": "low"}, "geometry": {"type": "Polygon", "coordinates": [[[-75.0797041, 38.3413385], [-75.0799794, 38.3414309], [-75.0800275, 38.3413428], [-75.0797522, 38.3412503], [-75.0797041, 38.3413385]]]}}, {"id": "974", "type": "Feature", "properties": {"id": "42a36ba8-f162-49fe-9d2a-2bf78e5ca86e", "name": null, "subtype": "commercial", "class": "hotel", "height": 6.551193714141846, "num_floors": null, "surge_class": 4, "surge_ft": 3.5, "flood_active": false, "exposure_score": 0.105, "exposure_category": "low"}, "geometry": {"type": "Polygon", "coordinates": [[[-75.0799131, 38.3409528], [-75.0801423, 38.3410298], [-75.0801873, 38.3409475], [-75.0799581, 38.3408704], [-75.0799131, 38.3409528]]]}}, {"id": "975", "type": "Feature", "properties": {"id": "c9aeed01-8f45-4b36-84e5-af4f908e7171", "name": null, "subtype": "commercial", "class": "hotel", "height": null, "num_floors": null, "surge_class": 1, "surge_ft": 0.5, "flood_active": false, "exposure_score": 0.015, "exposure_category": "low"}, "geometry": {"type": "Polygon", "coordinates": [[[-75.079979, 38.3408266], [-75.080147, 38.3408831], [-75.0802043, 38.3407781], [-75.0800364, 38.3407217], [-75.079979, 38.3408266]]]}}, {"id": "976", "type": "Feature", "properties": {"id": "c0776fab-dd5b-4646-aebb-c1000b67d3ca", "name": "Beach Walk Hotel", "subtype": null, "class": null, "height": 6.467113018035889, "num_floors": null, "surge_class": 1, "surge_ft": 0.5, "flood_active": false, "exposure_score": 0.015, "exposure_category": "low"}, "geometry": {"type": "Polygon", "coordinates": [[[-75.080053, 38.3406896], [-75.0802843, 38.3407674], [-75.0803285, 38.3406866], [-75.0800971, 38.3406088], [-75.080053, 38.3406896]]]}}, {"id": "977", "type": "Feature", "properties": {"id": "377cf58d-df28-49b9-9347-ce0c4dd5b634", "name": null, "subtype": "commercial", "class": "hotel", "height": null, "num_floors": null, "surge_class": 2, "surge_ft": 1.5, "flood_active": false, "exposure_score": 0.045, "exposure_category": "low"}, "geometry": {"type": "Polygon", "coordinates": [[[-75.080107, 38.3405862], [-75.0802877, 38.340647], [-75.0803557, 38.3405225], [-75.080175, 38.3404618], [-75.080107, 38.3405862]]]}}, {"id": "978", "type": "Feature", "properties": {"id": "ddc46a4b-81cc-4794-800f-74d621018399", "name": null, "subtype": "commercial", "class": "retail", "height": 6.2952880859375, "num_floors": null, "surge_class": 2, "surge_ft": 1.5, "flood_active": false, "exposure_score": 0.045, "exposure_category": "low"}, "geometry": {"type": "Polygon", "coordinates": [[[-75.0803668, 38.3400721], [-75.0806962, 38.3401801], [-75.0807512, 38.3400769], [-75.0804218, 38.3399689], [-75.0803668, 38.3400721]]]}}, {"id": "979", "type": "Feature", "properties": {"id": "90684def-97d1-4a69-ab4c-04717eada32c", "name": null, "subtype": "commercial", "class": "retail", "height": null, "num_floors": null, "surge_class": 0, "surge_ft": 0.0, "flood_active": false, "exposure_score": 0.0, "exposure_category": "none"}, "geometry": {"type": "Polygon", "coordinates": [[[-75.0804343, 38.3399449], [-75.0808043, 38.3400662], [-75.0808596, 38.3399625], [-75.0807273, 38.3399192], [-75.0804895, 38.3398412], [-75.0804343, 38.3399449]]]}}, {"id": "980", "type": "Feature", "properties": {"id": "c8364b7e-f7b6-421d-9a40-35eba8e3c7bf", "name": null, "subtype": "service", "class": "toilets", "height": null, "num_floors": null, "surge_class": 0, "surge_ft": 0.0, "flood_active": false, "exposure_score": 0.0, "exposure_category": "none"}, "geometry": {"type": "Polygon", "coordinates": [[[-75.0803878, 38.3395094], [-75.080471, 38.3395361], [-75.0805516, 38.3393813], [-75.0804683, 38.3393546], [-75.0803878, 38.3395094]]]}}, {"id": "981", "type": "Feature", "properties": {"id": "a8e306d0-c319-4ee4-a351-3d06cbaef9ac", "name": "Ocean's Edge", "subtype": "residential", "class": "apartments", "height": null, "num_floors": 5, "surge_class": 0, "surge_ft": 0.0, "flood_active": false, "exposure_score": 0.0, "exposure_category": "none"}, "geometry": {"type": "Polygon", "coordinates": [[[-75.0804895, 38.3398412], [-75.0807273, 38.3399192], [-75.0807429, 38.33989], [-75.080706, 38.3398779], [-75.0808164, 38.3396707], [-75.0808608, 38.3396853], [-75.0808786, 38.3396518], [-75.0806126, 38.3395646], [-75.0804688, 38.3398344], [-75.0804895, 38.3398412]]]}}, {"id": "982", "type": "Feature", "properties": {"id": "f54b76d6-b292-404e-8dd8-24f5fce7f60d", "name": null, "subtype": null, "class": null, "height": null, "num_floors": null, "surge_class": 2, "surge_ft": 1.5, "flood_active": false, "exposure_score": 0.045, "exposure_category": "low"}, "geometry": {"type": "Polygon", "coordinates": [[[-75.0809956, 38.339845], [-75.081086, 38.3398747], [-75.0811395, 38.3397743], [-75.0810491, 38.3397446], [-75.0809956, 38.339845]]]}}, {"id": "983", "type": "Feature", "properties": {"id": "744ad51c-685a-490a-be80-f76d6ca23ac9", "name": null, "subtype": null, "class": null, "height": null, "num_floors": null, "surge_class": 2, "surge_ft": 1.5, "flood_active": false, "exposure_score": 0.045, "exposure_category": "low"}, "geometry": {"type": "Polygon", "coordinates": [[[-75.0808615, 38.340099], [-75.0809439, 38.340126], [-75.0809719, 38.3400733], [-75.0808895, 38.3400463], [-75.0808615, 38.340099]]]}}, {"id": "984", "type": "Feature", "properties": {"id": "fa93d5e2-cfb1-4a7e-b7bc-3ec94e60ed26", "name": "Americana Hotel Oceanfront", "subtype": null, "class": null, "height": null, "num_floors": 7, "surge_class": 1, "surge_ft": 0.5, "flood_active": false, "exposure_score": 0.015, "exposure_category": "low"}, "geometry": {"type": "Polygon", "coordinates": [[[-75.0802485, 38.3403354], [-75.0805911, 38.3404477], [-75.0807085, 38.3402275], [-75.0803658, 38.3401152], [-75.0802485, 38.3403354]]]}}, {"id": "985", "type": "Feature", "properties": {"id": "9e1c0990-5cb9-4004-9c29-4778ee739065", "name": null, "subtype": null, "class": null, "height": 7.398388862609863, "num_floors": null, "surge_class": 2, "surge_ft": 1.5, "flood_active": false, "exposure_score": 0.045, "exposure_category": "low"}, "geometry": {"type": "Polygon", "coordinates": [[[-75.0803385, 38.3408012], [-75.0804445, 38.3408369], [-75.0805754, 38.3405974], [-75.0804694, 38.3405617], [-75.0803385, 38.3408012]]]}}, {"id": "986", "type": "Feature", "properties": {"id": "44fc9f56-781b-4836-aaa2-bbd1846b44f4", "name": null, "subtype": null, "class": null, "height": 5.318933963775635, "num_floors": null, "surge_class": 3, "surge_ft": 2.5, "flood_active": false, "exposure_score": 0.075, "exposure_category": "low"}, "geometry": {"type": "Polygon", "coordinates": [[[-75.0807378, 38.3406572], [-75.080644, 38.3408288], [-75.080774, 38.3408725], [-75.0808678, 38.3407009], [-75.0807378, 38.3406572]]]}}, {"id": "987", "type": "Feature", "properties": {"id": "e66dd578-f6ad-4f6e-86b9-db0ddd57a87f", "name": null, "subtype": null, "class": null, "height": null, "num_floors": null, "surge_class": 3, "surge_ft": 2.5, "flood_active": false, "exposure_score": 0.075, "exposure_category": "low"}, "geometry": {"type": "Polygon", "coordinates": [[[-75.0809201, 38.3407786], [-75.0808977, 38.3408196], [-75.0810087, 38.3408569], [-75.0810578, 38.3407671], [-75.0809174, 38.3407199], [-75.0808907, 38.3407687], [-75.0809201, 38.3407786]]]}}, {"id": "988", "type": "Feature", "properties": {"id": "2037d93b-a04c-477a-9d35-ccbdce778eb4", "name": null, "subtype": null, "class": null, "height": 5.160094738006592, "num_floors": null, "surge_class": 3, "surge_ft": 2.5, "flood_active": false, "exposure_score": 0.075, "exposure_category": "low"}, "geometry": {"type": "Polygon", "coordinates": [[[-75.0814172, 38.3407154], [-75.0815652, 38.3407639], [-75.0816034, 38.3406922], [-75.0814554, 38.3406437], [-75.0814172, 38.3407154]]]}}, {"id": "989", "type": "Feature", "properties": {"id": "7e67b59d-2541-41ee-b5b9-165910ff4978", "name": null, "subtype": null, "class": null, "height": null, "num_floors": null, "surge_class": 4, "surge_ft": 3.5, "flood_active": false, "exposure_score": 0.105, "exposure_category": "low"}, "geometry": {"type": "Polygon", "coordinates": [[[-75.0816208, 38.3407981], [-75.0817132, 38.3408284], [-75.0817681, 38.3407254], [-75.0816757, 38.3406951], [-75.0816208, 38.3407981]]]}}, {"id": "990", "type": "Feature", "properties": {"id": "f12d9670-2112-4ad8-badf-f49744c15ac5", "name": null, "subtype": null, "class": null, "height": 5.298285007476807, "num_floors": null, "surge_class": 2, "surge_ft": 1.5, "flood_active": false, "exposure_score": 0.045, "exposure_category": "low"}, "geometry": {"type": "Polygon", "coordinates": [[[-75.0814553, 38.3406008], [-75.0816144, 38.3406529], [-75.0816556, 38.3405754], [-75.0814966, 38.3405233], [-75.0814553, 38.3406008]]]}}, {"id": "991", "type": "Feature", "properties": {"id": "9485c180-d31d-4664-9829-908ef6511dff", "name": null, "subtype": null, "class": null, "height": 7.664802551269531, "num_floors": null, "surge_class": 3, "surge_ft": 2.5, "flood_active": false, "exposure_score": 0.075, "exposure_category": "low"}, "geometry": {"type": "Polygon", "coordinates": [[[-75.0815272, 38.340474], [-75.0816985, 38.3405301], [-75.0817412, 38.34045], [-75.0815699, 38.3403938], [-75.0815272, 38.340474]]]}}, {"id": "992", "type": "Feature", "properties": {"id": "dc0a6839-1dee-4c4b-9a81-a0e643ef1ec7", "name": "Harrison Apartments", "subtype": "residential", "class": "apartments", "height": 6.4350905418396, "num_floors": null, "surge_class": 2, "surge_ft": 1.5, "flood_active": false, "exposure_score": 0.045, "exposure_category": "low"}, "geometry": {"type": "Polygon", "coordinates": [[[-75.0810248, 38.3401553], [-75.0813134, 38.3402499], [-75.081372, 38.3401401], [-75.0810833, 38.3400455], [-75.0810248, 38.3401553]]]}}, {"id": "993", "type": "Feature", "properties": {"id": "edff4700-80f5-4adc-bb4e-71a456a8b204", "name": "The Wellington", "subtype": null, "class": null, "height": 6.663123607635498, "num_floors": 4, "surge_class": 2, "surge_ft": 1.5, "flood_active": false, "exposure_score": 0.045, "exposure_category": "low"}, "geometry": {"type": "Polygon", "coordinates": [[[-75.0812473, 38.3399311], [-75.0814483, 38.3399969], [-75.0815092, 38.3398825], [-75.0813083, 38.3398167], [-75.0812473, 38.3399311]]]}}, {"id": "994", "type": "Feature", "properties": {"id": "fff4d849-8118-4fdc-88ea-657de427416c", "name": "Wellington Hotel", "subtype": null, "class": null, "height": null, "num_floors": null, "surge_class": 3, "surge_ft": 2.5, "flood_active": false, "exposure_score": 0.075, "exposure_category": "low"}, "geometry": {"type": "Polygon", "coordinates": [[[-75.0810961, 38.339976], [-75.0811924, 38.3400075], [-75.0812855, 38.3398329], [-75.0811892, 38.3398013], [-75.0810961, 38.339976]]]}}, {"id": "995", "type": "Feature", "properties": {"id": "a3da1eea-d5a6-4800-bf9d-f163ccddc300", "name": null, "subtype": null, "class": null, "height": 5.095296382904053, "num_floors": null, "surge_class": 2, "surge_ft": 1.5, "flood_active": false, "exposure_score": 0.045, "exposure_category": "low"}, "geometry": {"type": "Polygon", "coordinates": [[[-75.0817631, 38.3400935], [-75.0819267, 38.3401471], [-75.0819742, 38.3400579], [-75.0818106, 38.3400043], [-75.0817631, 38.3400935]]]}}, {"id": "996", "type": "Feature", "properties": {"id": "fc39b57b-63c3-4012-b30f-ea0bfffbba1e", "name": null, "subtype": null, "class": null, "height": 4.384165287017822, "num_floors": null, "surge_class": 4, "surge_ft": 3.5, "flood_active": false, "exposure_score": 0.105, "exposure_category": "low"}, "geometry": {"type": "Polygon", "coordinates": [[[-75.0819563, 38.3397152], [-75.0821084, 38.3397665], [-75.082138, 38.3397124], [-75.0820921, 38.3396969], [-75.0821203, 38.3396452], [-75.0820142, 38.3396095], [-75.0819563, 38.3397152]]]}}, {"id": "997", "type": "Feature", "properties": {"id": "79c73e93-09fb-42c4-b03b-76b55589f643", "name": null, "subtype": null, "class": null, "height": null, "num_floors": 3, "surge_class": 4, "surge_ft": 3.5, "flood_active": false, "exposure_score": 0.105, "exposure_category": "low"}, "geometry": {"type": "Polygon", "coordinates": [[[-75.082085, 38.3394559], [-75.0822981, 38.3395277], [-75.0823452, 38.3394417], [-75.0821321, 38.3393699], [-75.082085, 38.3394559]]]}}, {"id": "998", "type": "Feature", "properties": {"id": "15ee7f8d-d076-4d4c-a25d-f2665e3bdd27", "name": null, "subtype": null, "class": null, "height": null, "num_floors": null, "surge_class": 4, "surge_ft": 3.5, "flood_active": false, "exposure_score": 0.105, "exposure_category": "low"}, "geometry": {"type": "Polygon", "coordinates": [[[-75.0823013, 38.3397722], [-75.0823543, 38.33979], [-75.0824533, 38.3396091], [-75.0823115, 38.3395613], [-75.0822951, 38.3395913], [-75.0823297, 38.3396029], [-75.0822323, 38.339781], [-75.0822865, 38.3397992], [-75.0823013, 38.3397722]]]}}, {"id": "999", "type": "Feature", "properties": {"id": "02fc03a1-7e24-4222-be61-6398aca79154", "name": null, "subtype": null, "class": null, "height": 8.50784683227539, "num_floors": null, "surge_class": 3, "surge_ft": 2.5, "flood_active": false, "exposure_score": 0.075, "exposure_category": "low"}, "geometry": {"type": "Polygon", "coordinates": [[[-75.0819004, 38.3398372], [-75.0822777, 38.3399643], [-75.0823312, 38.3398667], [-75.0819538, 38.3397396], [-75.0819004, 38.3398372]]]}}]}