{"type": "FeatureCollection", "features": [{"id": "0", "type": "Feature", "properties": {"id": "5a0494e1-d89e-4b2c-96ac-244c692e5824", "name": null, "subtype": null, "class": null, "height": 12.1, "num_floors": null, "surge_class": 0, "surge_ft": 0.0, "flood_active": false, "exposure_score": 0.0, "exposure_category": "none"}, "geometry": {"type": "Polygon", "coordinates": [[[-80.1400991, 25.7771777], [-80.1399952, 25.7771798], [-80.1399981, 25.7772933], [-80.140102, 25.7772912], [-80.1400991, 25.7771777]]]}}, {"id": "1", "type": "Feature", "properties": {"id": "f8922a78-241d-48bd-85d7-558142c45f62", "name": null, "subtype": null, "class": null, "height": 6.7, "num_floors": null, "surge_class": 0, "surge_ft": 0.0, "flood_active": false, "exposure_score": 0.0, "exposure_category": "none"}, "geometry": {"type": "Polygon", "coordinates": [[[-80.1397684, 25.777556], [-80.1401144, 25.7775523], [-80.1401131, 25.7774557], [-80.1397671, 25.7774594], [-80.1397684, 25.777556]]]}}, {"id": "2", "type": "Feature", "properties": {"id": "79b65db1-7e8f-4b34-9e67-108232321dbe", "name": null, "subtype": null, "class": null, "height": 13.5, "num_floors": null, "surge_class": 0, "surge_ft": 0.0, "flood_active": false, "exposure_score": 0.0, "exposure_category": "none"}, "geometry": {"type": "Polygon", "coordinates": [[[-80.140049, 25.7777481], [-80.1397625, 25.7777541], [-80.1397649, 25.7778481], [-80.1400514, 25.7778422], [-80.140049, 25.7777481]]]}}, {"id": "3", "type": "Feature", "properties": {"id": "cb661788-ade0-44ac-bd9f-715fadb9f45d", "name": null, "subtype": null, "class": null, "height": 6.7, "num_floors": null, "surge_class": 0, "surge_ft": 0.0, "flood_active": false, "exposure_score": 0.0, "exposure_category": "none"}, "geometry": {"type": "Polygon", "coordinates": [[[-80.1397728, 25.7777065], [-80.1401187, 25.7777029], [-80.1401175, 25.7776063], [-80.1397716, 25.77761], [-80.1397728, 25.7777065]]]}}, {"id": "4", "type": "Feature", "properties": {"id": "1d9f5e5d-de37-4450-a09d-fe6c4eab0bde", "name": null, "subtype": null, "class": null, "height": 8.1, "num_floors": null, "surge_class": 0, "surge_ft": 0.0, "flood_active": false, "exposure_score": 0.0, "exposure_category": "none"}, "geometry": {"type": "Polygon", "coordinates": [[[-80.1401394, 25.7778698], [-80.1397664, 25.7778794], [-80.1397692, 25.7779679], [-80.1398205, 25.7779665], [-80.1398201, 25.7779534], [-80.1399775, 25.7779494], [-80.1399779, 25.7779604], [-80.1400469, 25.7779586], [-80.1400472, 25.7779671], [-80.140099, 25.7779658], [-80.1400995, 25.7779798], [-80.1401429, 25.7779786], [-80.1401394, 25.7778698]]]}}, {"id": "5", "type": "Feature", "properties": {"id": "9d5c7b27-46ed-4101-9475-cd21c751d971", "name": null, "subtype": null, "class": null, "height": 8.0, "num_floors": null, "surge_class": 1, "surge_ft": 0.5, "flood_active": false, "exposure_score": 0.015, "exposure_category": "low"}, "geometry": {"type": "Polygon", "coordinates": [[[-80.1397788, 25.7781225], [-80.1401481, 25.778111], [-80.1401437, 25.7779964], [-80.1400883, 25.7779981], [-80.1400888, 25.7780112], [-80.1400453, 25.7780126], [-80.1400457, 25.7780225], [-80.1399817, 25.7780245], [-80.1399822, 25.7780386], [-80.1398327, 25.7780432], [-80.1398319, 25.7780232], [-80.1397751, 25.778025], [-80.1397788, 25.7781225]]]}}, {"id": "6", "type": "Feature", "properties": {"id": "84043ef9-390b-49eb-827c-c86164041430", "name": null, "subtype": null, "class": null, "height": 5.3, "num_floors": null, "surge_class": 0, "surge_ft": 0.0, "flood_active": false, "exposure_score": 0.0, "exposure_category": "none"}, "geometry": {"type": "Polygon", "coordinates": [[[-80.139749, 25.777436], [-80.1401193, 25.7774301], [-80.1401175, 25.7773382], [-80.1397472, 25.7773441], [-80.139749, 25.777436]]]}}, {"id": "7", "type": "Feature", "properties": {"id": "d909d73b-22d1-4b37-9958-debb9941f627", "name": null, "subtype": null, "class": null, "height": 5.3, "num_floors": null, "surge_class": 1, "surge_ft": 0.5, "flood_active": false, "exposure_score": 0.015, "exposure_category": "low"}, "geometry": {"type": "Polygon", "coordinates": [[[-80.139758, 25.7771305], [-80.140117, 25.7771248], [-80.1401154, 25.7770431], [-80.1397564, 25.7770488], [-80.139758, 25.7771305]]]}}, {"id": "8", "type": "Feature", "properties": {"id": "da155a51-2966-42d5-91f6-898059fd0d54", "name": null, "subtype": null, "class": null, "height": 6.4, "num_floors": null, "surge_class": 1, "surge_ft": 0.5, "flood_active": false, "exposure_score": 0.015, "exposure_category": "low"}, "geometry": {"type": "Polygon", "coordinates": [[[-80.1397358, 25.776891], [-80.139937, 25.7768873], [-80.1399319, 25.7767912], [-80.1398913, 25.7767784], [-80.1397724, 25.7767803], [-80.1397348, 25.7767949], [-80.1397358, 25.776891]]]}}, {"id": "9", "type": "Feature", "properties": {"id": "feac676f-c0fd-4649-b04b-0a27f77966d8", "name": null, "subtype": null, "class": null, "height": 5.9509358406066895, "num_floors": null, "surge_class": 0, "surge_ft": 0.0, "flood_active": false, "exposure_score": 0.0, "exposure_category": "none"}, "geometry": {"type": "Polygon", "coordinates": [[[-80.1397184, 25.7762193], [-80.1397219, 25.7763327], [-80.1401058, 25.776323], [-80.1401023, 25.7762096], [-80.1397184, 25.7762193]]]}}, {"id": "10", "type": "Feature", "properties": {"id": "862f1f0b-461a-408f-bdd9-5d05a60e168b", "name": null, "subtype": null, "class": null, "height": 6.100696086883545, "num_floors": null, "surge_class": 0, "surge_ft": 0.0, "flood_active": false, "exposure_score": 0.0, "exposure_category": "none"}, "geometry": {"type": "Polygon", "coordinates": [[[-80.1397166, 25.7760888], [-80.1397199, 25.7761944], [-80.1400952, 25.776185], [-80.140092, 25.7760793], [-80.1397166, 25.7760888]]]}}, {"id": "11", "type": "Feature", "properties": {"id": "5b97a67a-9b24-4259-b12e-37713947a879", "name": null, "subtype": null, "class": null, "height": 8.639418601989746, "num_floors": null, "surge_class": 1, "surge_ft": 0.5, "flood_active": false, "exposure_score": 0.015, "exposure_category": "low"}, "geometry": {"type": "Polygon", "coordinates": [[[-80.1397206, 25.7763645], [-80.1397241, 25.7764754], [-80.1401052, 25.7764658], [-80.1401018, 25.7763548], [-80.1397206, 25.7763645]]]}}, {"id": "12", "type": "Feature", "properties": {"id": "c8748264-c20d-460c-a7f9-c824cdbd0037", "name": null, "subtype": null, "class": null, "height": 10.079666137695312, "num_floors": null, "surge_class": 0, "surge_ft": 0.0, "flood_active": false, "exposure_score": 0.0, "exposure_category": "none"}, "geometry": {"type": "Polygon", "coordinates": [[[-80.1397346, 25.7765008], [-80.1397379, 25.7766075], [-80.1401143, 25.776598], [-80.140111, 25.7764913], [-80.1397346, 25.7765008]]]}}, {"id": "13", "type": "Feature", "properties": {"id": "f62aa95d-1305-4719-8c91-6f8c07cd871f", "name": null, "subtype": null, "class": null, "height": 6.4, "num_floors": null, "surge_class": 0, "surge_ft": 0.0, "flood_active": false, "exposure_score": 0.0, "exposure_category": "none"}, "geometry": {"type": "Polygon", "coordinates": [[[-80.1399268, 25.7766228], [-80.1397307, 25.7766256], [-80.1397327, 25.7767253], [-80.1397754, 25.7767345], [-80.1398882, 25.7767318], [-80.1399299, 25.7767208], [-80.1399268, 25.7766228]]]}}, {"id": "14", "type": "Feature", "properties": {"id": "cc3b3e97-6ca5-42db-8782-549d726f98c8", "name": null, "subtype": null, "class": null, "height": 6.3, "num_floors": null, "surge_class": 0, "surge_ft": 0.0, "flood_active": false, "exposure_score": 0.0, "exposure_category": "none"}, "geometry": {"type": "Polygon", "coordinates": [[[-80.1400061, 25.7768452], [-80.1401149, 25.7768425], [-80.1401067, 25.7766576], [-80.1400041, 25.7766604], [-80.1399909, 25.7766997], [-80.1399939, 25.7768095], [-80.1400061, 25.7768452]]]}}, {"id": "15", "type": "Feature", "properties": {"id": "d75b18fb-a308-45a6-bbc7-eca87ca5b3b0", "name": null, "subtype": null, "class": null, "height": 11.1, "num_floors": null, "surge_class": 0, "surge_ft": 0.0, "flood_active": false, "exposure_score": 0.0, "exposure_category": "none"}, "geometry": {"type": "Polygon", "coordinates": [[[-80.1397449, 25.7759876], [-80.1397456, 25.7760145], [-80.140087, 25.7760074], [-80.1400828, 25.7758432], [-80.1399702, 25.7758455], [-80.1399708, 25.775871], [-80.1397634, 25.7758753], [-80.1397435, 25.7758749], [-80.1397427, 25.7758892], [-80.1397054, 25.7758899], [-80.1397062, 25.7759877], [-80.1397449, 25.7759876]]]}}, {"id": "16", "type": "Feature", "properties": {"id": "19eab6f6-1c12-4ffc-a7ad-d924e1716b19", "name": null, "subtype": null, "class": null, "height": 15.16775131225586, "num_floors": null, "surge_class": 2, "surge_ft": 1.5, "flood_active": false, "exposure_score": 0.045, "exposure_category": "low"}, "geometry": {"type": "Polygon", "coordinates": [[[-80.1396125, 25.7752017], [-80.1396299, 25.7756411], [-80.1406017, 25.7756149], [-80.1405706, 25.7747415], [-80.1405108, 25.7747377], [-80.1404647, 25.7747128], [-80.1404136, 25.7745832], [-80.1397395, 25.7745895], [-80.1396772, 25.7746131], [-80.1396299, 25.7746642], [-80.1396274, 25.7746954], [-80.1395925, 25.7746954], [-80.1396125, 25.7752017]]]}}, {"id": "17", "type": "Feature", "properties": {"id": "baeb29f3-77bd-4f4a-be5a-6efe285718cb", "name": "Murano Grande at Portofino", "subtype": "residential", "class": "apartments", "height": 127.0, "num_floors": 37, "surge_class": 1, "surge_ft": 0.5, "flood_active": false, "exposure_score": 0.015, "exposure_category": "low"}, "geometry": {"type": "Polygon", "coordinates": [[[-80.1408233, 25.7730445], [-80.1408487, 25.7730354], [-80.1408294, 25.7730042], [-80.1408691, 25.7729832], [-80.1408609, 25.7729704], [-80.1408782, 25.7729586], [-80.1408987, 25.7729426], [-80.1408621, 25.7728813], [-80.1408121, 25.7728194], [-80.1407227, 25.7727471], [-80.1406099, 25.7726857], [-80.1405255, 25.7726491], [-80.1404351, 25.7726244], [-80.1402857, 25.7726052], [-80.1402796, 25.7726143], [-80.1401708, 25.7726208], [-80.1401159, 25.7726244], [-80.1400641, 25.7726336], [-80.139999, 25.7726546], [-80.1400072, 25.7726866], [-80.1399868, 25.7726912], [-80.1400021, 25.7727187], [-80.1399635, 25.7727379], [-80.139995, 25.7727782], [-80.1399696, 25.7727928], [-80.1399808, 25.7728148], [-80.1400102, 25.7728468], [-80.1400367, 25.7728633], [-80.1400621, 25.7728734], [-80.1400732, 25.7728935], [-80.1400915, 25.7728789], [-80.1401515, 25.7728834], [-80.1401474, 25.7728651], [-80.1402196, 25.7728496], [-80.1402257, 25.7728642], [-80.1402694, 25.7728322], [-80.1403609, 25.7728779], [-80.140432, 25.7728926], [-80.1404534, 25.772867], [-80.1405204, 25.7728953], [-80.1405143, 25.77292], [-80.1405265, 25.7729356], [-80.1405377, 25.7729539], [-80.1405255, 25.7729649], [-80.1405394, 25.7729766], [-80.1405896, 25.7730189], [-80.1406282, 25.7729832], [-80.1407115, 25.7730747], [-80.1407532, 25.7730491], [-80.1407999, 25.77305], [-80.1408233, 25.7730445]]]}}, {"id": "18", "type": "Feature", "properties": {"id": "0e70cd3e-59d7-467c-b99d-b9875fd9feeb", "name": "Burger King", "subtype": "commercial", "class": "retail", "height": 5.582578659057617, "num_floors": null, "surge_class": 0, "surge_ft": 0.0, "flood_active": false, "exposure_score": 0.0, "exposure_category": "none"}, "geometry": {"type": "Polygon", "coordinates": [[[-80.1395921, 25.7740861], [-80.1395928, 25.774113], [-80.1396279, 25.7741421], [-80.1398113, 25.7741379], [-80.1398455, 25.7741035], [-80.1398422, 25.7739954], [-80.1398078, 25.7739657], [-80.1396215, 25.7739697], [-80.1395891, 25.7739704], [-80.1395921, 25.7740861]]]}}, {"id": "19", "type": "Feature", "properties": {"id": "8286bafd-47d9-43eb-ac85-e3d26acac701", "name": null, "subtype": null, "class": null, "height": 3.4976656436920166, "num_floors": null, "surge_class": 0, "surge_ft": 0.0, "flood_active": false, "exposure_score": 0.0, "exposure_category": "none"}, "geometry": {"type": "Polygon", "coordinates": [[[-80.1394685, 25.773069], [-80.1395917, 25.773065], [-80.1395873, 25.7729528], [-80.139464, 25.7729568], [-80.1394685, 25.773069]]]}}, {"id": "20", "type": "Feature", "properties": {"id": "433adbc0-c0a0-46bc-8d54-4b7acbb13680", "name": "South Pointe Elementary School", "subtype": "education", "class": "school", "height": 6.478315830230713, "num_floors": null, "surge_class": 0, "surge_ft": 0.0, "flood_active": false, "exposure_score": 0.0, "exposure_category": "none"}, "geometry": {"type": "Polygon", "coordinates": [[[-80.1388841, 25.7731748], [-80.1388949, 25.7734217], [-80.1391597, 25.7734147], [-80.1391573, 25.7733232], [-80.1395017, 25.7733148], [-80.1395053, 25.7733968], [-80.1396559, 25.7733968], [-80.1396302, 25.773319], [-80.1396559, 25.77332], [-80.1396278, 25.7732412], [-80.13965, 25.7732401], [-80.1396278, 25.7731613], [-80.1396467, 25.7731623], [-80.1396236, 25.7730805], [-80.1394926, 25.773086], [-80.1394819, 25.7731429], [-80.139391, 25.7731443], [-80.139374, 25.7731665], [-80.1391984, 25.7731665], [-80.1391892, 25.7728016], [-80.1393709, 25.7727919], [-80.1393709, 25.7727142], [-80.1393268, 25.7727138], [-80.1393263, 25.7726518], [-80.139287, 25.7726517], [-80.1392862, 25.7725894], [-80.1392462, 25.7725894], [-80.1392446, 25.772538], [-80.1392015, 25.772538], [-80.1391999, 25.772477], [-80.1391667, 25.772478], [-80.1391631, 25.7724182], [-80.1390582, 25.7724229], [-80.1390587, 25.7723999], [-80.1389304, 25.7724035], [-80.1389304, 25.7723854], [-80.1388795, 25.7723882], [-80.1388795, 25.7724063], [-80.1387763, 25.7724104], [-80.1387809, 25.7725422], [-80.1388872, 25.7725422], [-80.1388949, 25.7727378], [-80.1390012, 25.7727364], [-80.1389997, 25.7728696], [-80.1389581, 25.7728738], [-80.1389627, 25.7730319], [-80.1390028, 25.7730319], [-80.1390058, 25.7731693], [-80.1388841, 25.7731748]]]}}, {"id": "21", "type": "Feature", "properties": {"id": "c2b79a2d-217c-4ecb-8351-47422e6c061c", "name": null, "subtype": "commercial", "class": "retail", "height": 21.1, "num_floors": null, "surge_class": 2, "surge_ft": 1.5, "flood_active": false, "exposure_score": 0.045, "exposure_category": "low"}, "geometry": {"type": "Polygon", "coordinates": [[[-80.1384182, 25.7739335], [-80.1384232, 25.7740901], [-80.1384039, 25.7741159], [-80.1384885, 25.7741678], [-80.1384965, 25.7741571], [-80.1388571, 25.7741477], [-80.1388421, 25.7736791], [-80.1388065, 25.77368], [-80.138805, 25.7736352], [-80.1384073, 25.7736456], [-80.1384083, 25.7736767], [-80.1383849, 25.7736774], [-80.1383931, 25.7739341], [-80.1384182, 25.7739335]]]}}, {"id": "22", "type": "Feature", "properties": {"id": "6cda2682-be90-48b2-a0dc-b10a5844481e", "name": "WeWork", "subtype": null, "class": null, "height": 24.1, "num_floors": null, "surge_class": 0, "surge_ft": 0.0, "flood_active": false, "exposure_score": 0.0, "exposure_category": "none"}, "geometry": {"type": "Polygon", "coordinates": [[[-80.1389095, 25.7740462], [-80.1389133, 25.7741683], [-80.1393544, 25.774157], [-80.1393782, 25.7741571], [-80.1393762, 25.7741097], [-80.1393496, 25.7741097], [-80.1393504, 25.774086], [-80.1393766, 25.7740838], [-80.1393657, 25.773611], [-80.1390593, 25.7736116], [-80.1390773, 25.7740419], [-80.1389095, 25.7740462]]]}}, {"id": "23", "type": "Feature", "properties": {"id": "cfb59e79-bd64-4352-8020-9b35e04baefe", "name": "Target", "subtype": null, "class": null, "height": 7.8, "num_floors": null, "surge_class": 3, "surge_ft": 2.5, "flood_active": false, "exposure_score": 0.075, "exposure_category": "low"}, "geometry": {"type": "Polygon", "coordinates": [[[-80.1390427, 25.7753857], [-80.139411, 25.7753776], [-80.1393898, 25.7745965], [-80.1389408, 25.7746064], [-80.1389533, 25.7750649], [-80.1390339, 25.7750631], [-80.1390427, 25.7753857]]]}}, {"id": "24", "type": "Feature", "properties": {"id": "28f2e46d-c3c7-4e3b-b3ec-a98a443cdd14", "name": null, "subtype": null, "class": null, "height": 6.8, "num_floors": null, "surge_class": 0, "surge_ft": 0.0, "flood_active": false, "exposure_score": 0.0, "exposure_category": "none"}, "geometry": {"type": "Polygon", "coordinates": [[[-80.1384566, 25.7753703], [-80.1387915, 25.7753615], [-80.1387887, 25.7752742], [-80.1384538, 25.7752829], [-80.1384566, 25.7753703]]]}}, {"id": "25", "type": "Feature", "properties": {"id": "517fed69-8752-4108-a425-3797d197c96c", "name": null, "subtype": null, "class": null, "height": 7.1, "num_floors": null, "surge_class": 0, "surge_ft": 0.0, "flood_active": false, "exposure_score": 0.0, "exposure_category": "none"}, "geometry": {"type": "Polygon", "coordinates": [[[-80.1384527, 25.7752604], [-80.1388904, 25.7752499], [-80.1388889, 25.7751355], [-80.1384536, 25.7751503], [-80.1384527, 25.7752604]]]}}, {"id": "26", "type": "Feature", "properties": {"id": "c046fea5-4825-44f1-a46c-1b622fe1c9cc", "name": null, "subtype": null, "class": null, "height": 8.1, "num_floors": null, "surge_class": 0, "surge_ft": 0.0, "flood_active": false, "exposure_score": 0.0, "exposure_category": "none"}, "geometry": {"type": "Polygon", "coordinates": [[[-80.1388331, 25.7750052], [-80.1385372, 25.7750144], [-80.1385392, 25.775102], [-80.1385575, 25.7751006], [-80.1385593, 25.7751147], [-80.1388298, 25.775108], [-80.1388316, 25.775094], [-80.1388591, 25.7750924], [-80.1388564, 25.7750113], [-80.1388348, 25.7750124], [-80.1388331, 25.7750052]]]}}, {"id": "27", "type": "Feature", "properties": {"id": "2544e3be-0ba3-4c53-b4bd-f828aa8660f9", "name": null, "subtype": null, "class": null, "height": 11.6, "num_floors": null, "surge_class": 0, "surge_ft": 0.0, "flood_active": false, "exposure_score": 0.0, "exposure_category": "none"}, "geometry": {"type": "Polygon", "coordinates": [[[-80.138671, 25.7749852], [-80.1386712, 25.7749939], [-80.1388744, 25.7749891], [-80.1388637, 25.7746112], [-80.1387206, 25.7746137], [-80.1387209, 25.7746264], [-80.1384993, 25.7746303], [-80.1384893, 25.7746328], [-80.1384619, 25.7746456], [-80.1384403, 25.7746655], [-80.1384265, 25.7746905], [-80.138433, 25.7749894], [-80.138671, 25.7749852]]]}}, {"id": "28", "type": "Feature", "properties": {"id": "6fab19c6-7423-4b77-b3e8-d21c413f7676", "name": null, "subtype": null, "class": null, "height": 1.5, "num_floors": null, "surge_class": 2, "surge_ft": 1.5, "flood_active": false, "exposure_score": 0.045, "exposure_category": "low"}, "geometry": {"type": "Polygon", "coordinates": [[[-80.1381746, 25.7748402], [-80.1381726, 25.7747812], [-80.1381485, 25.7747819], [-80.1381505, 25.7748409], [-80.1381746, 25.7748402]]]}}, {"id": "29", "type": "Feature", "properties": {"id": "1c949108-8ba6-4922-bc09-1eab181f5e65", "name": "Marathon", "subtype": "commercial", "class": null, "height": 7.8, "num_floors": null, "surge_class": 1, "surge_ft": 0.5, "flood_active": false, "exposure_score": 0.015, "exposure_category": "low"}, "geometry": {"type": "Polygon", "coordinates": [[[-80.1379604, 25.7748483], [-80.1379624, 25.7748828], [-80.1380397, 25.7748831], [-80.138038, 25.7748446], [-80.1381027, 25.7748424], [-80.1381438, 25.7748438], [-80.1381421, 25.7747514], [-80.1380995, 25.7747512], [-80.137852, 25.7747619], [-80.1378567, 25.7748501], [-80.1379604, 25.7748483]]]}}, {"id": "30", "type": "Feature", "properties": {"id": "935766f5-4c12-4fa7-96e2-c64f2ae318f2", "name": null, "subtype": null, "class": null, "height": 9.0, "num_floors": null, "surge_class": 1, "surge_ft": 0.5, "flood_active": false, "exposure_score": 0.015, "exposure_category": "low"}, "geometry": {"type": "Polygon", "coordinates": [[[-80.1381849, 25.7752992], [-80.1379481, 25.7753052], [-80.1379514, 25.7754079], [-80.1381882, 25.7754019], [-80.1381849, 25.7752992]]]}}, {"id": "31", "type": "Feature", "properties": {"id": "694acdec-f9d7-4b73-a6a1-6dee971af6f8", "name": null, "subtype": null, "class": null, "height": 8.7, "num_floors": null, "surge_class": 2, "surge_ft": 1.5, "flood_active": false, "exposure_score": 0.045, "exposure_category": "low"}, "geometry": {"type": "Polygon", "coordinates": [[[-80.1378017, 25.7752148], [-80.1378043, 25.7752978], [-80.1382186, 25.7752872], [-80.1382102, 25.7750186], [-80.1377843, 25.7750295], [-80.1377901, 25.7752151], [-80.1378017, 25.7752148]]]}}, {"id": "32", "type": "Feature", "properties": {"id": "f1000284-5209-4997-9c68-7b13152669d1", "name": null, "subtype": null, "class": null, "height": 3.32485032081604, "num_floors": null, "surge_class": 1, "surge_ft": 0.5, "flood_active": false, "exposure_score": 0.015, "exposure_category": "low"}, "geometry": {"type": "Polygon", "coordinates": [[[-80.1377773, 25.7738524], [-80.1377789, 25.7739127], [-80.1378498, 25.7739112], [-80.1378482, 25.7738509], [-80.1377773, 25.7738524]]]}}, {"id": "33", "type": "Feature", "properties": {"id": "5a68c3ce-d51f-4139-a2e9-a35a0a02247e", "name": null, "subtype": "residential", "class": "apartments", "height": 7.6, "num_floors": 2, "surge_class": 1, "surge_ft": 0.5, "flood_active": false, "exposure_score": 0.015, "exposure_category": "low"}, "geometry": {"type": "Polygon", "coordinates": [[[-80.1378316, 25.7736596], [-80.1377511, 25.7736609], [-80.1377534, 25.773768], [-80.1377916, 25.7737673], [-80.1377914, 25.7737589], [-80.1378336, 25.7737582], [-80.1378316, 25.7736596]]]}}, {"id": "34", "type": "Feature", "properties": {"id": "ded7f49c-8d61-4271-b5b5-ec97e23608e0", "name": null, "subtype": "service", "class": "service", "height": 5.0, "num_floors": null, "surge_class": 2, "surge_ft": 1.5, "flood_active": false, "exposure_score": 0.045, "exposure_category": "low"}, "geometry": {"type": "Polygon", "coordinates": [[[-80.1378715, 25.7736642], [-80.1378715, 25.7737734], [-80.1379508, 25.7737734], [-80.1379509, 25.7737066], [-80.1379199, 25.7737066], [-80.1379199, 25.7736642], [-80.1378715, 25.7736642]]]}}, {"id": "35", "type": "Feature", "properties": {"id": "8e629eee-cffe-4167-acb0-20db20b8cd7d", "name": "UltraShape Spa", "subtype": "commercial", "class": "retail", "height": 7.8, "num_floors": null, "surge_class": 2, "surge_ft": 1.5, "flood_active": false, "exposure_score": 0.045, "exposure_category": "low"}, "geometry": {"type": "Polygon", "coordinates": [[[-80.1381625, 25.7736419], [-80.1380564, 25.7736446], [-80.1380599, 25.7737567], [-80.138166, 25.773754], [-80.1381625, 25.7736419]]]}}, {"id": "36", "type": "Feature", "properties": {"id": "5db01f68-ab76-47e5-91b6-fa1da23488ae", "name": null, "subtype": null, "class": null, "height": null, "num_floors": null, "surge_class": 2, "surge_ft": 1.5, "flood_active": false, "exposure_score": 0.045, "exposure_category": "low"}, "geometry": {"type": "Polygon", "coordinates": [[[-80.1380607, 25.7738652], [-80.1381355, 25.7738631], [-80.1381334, 25.7738034], [-80.1380998, 25.7738044], [-80.1380986, 25.7737704], [-80.1380574, 25.7737716], [-80.1380607, 25.7738652]]]}}, {"id": "37", "type": "Feature", "properties": {"id": "d825443e-870b-43a3-a0d3-70145bd86f58", "name": null, "subtype": null, "class": null, "height": 5.20866584777832, "num_floors": null, "surge_class": 2, "surge_ft": 1.5, "flood_active": false, "exposure_score": 0.045, "exposure_category": "low"}, "geometry": {"type": "Polygon", "coordinates": [[[-80.137976, 25.7738849], [-80.1379747, 25.7738112], [-80.1378982, 25.7738123], [-80.1378995, 25.7738861], [-80.137976, 25.7738849]]]}}, {"id": "38", "type": "Feature", "properties": {"id": "13011911-9d3d-4854-aaa6-9ddd7c6f9f09", "name": null, "subtype": "education", "class": "school", "height": 2.1854774951934814, "num_floors": null, "surge_class": 0, "surge_ft": 0.0, "flood_active": false, "exposure_score": 0.0, "exposure_category": "none"}, "geometry": {"type": "Polygon", "coordinates": [[[-80.1384569, 25.7732686], [-80.1385276, 25.7732662], [-80.1385232, 25.7731634], [-80.1384525, 25.7731659], [-80.1384569, 25.7732686]]]}}, {"id": "39", "type": "Feature", "properties": {"id": "feceab82-7c36-4356-86f4-15b63e8c78cd", "name": null, "subtype": "commercial", "class": "commercial", "height": 6.5, "num_floors": null, "surge_class": 2, "surge_ft": 1.5, "flood_active": false, "exposure_score": 0.045, "exposure_category": "low"}, "geometry": {"type": "Polygon", "coordinates": [[[-80.1378765, 25.7730713], [-80.1381336, 25.7730666], [-80.1381315, 25.7729736], [-80.1377617, 25.7729804], [-80.1377635, 25.773064], [-80.1377733, 25.7730638], [-80.1377811, 25.7734045], [-80.1377715, 25.7734047], [-80.1377735, 25.7734929], [-80.138155, 25.773486], [-80.1381528, 25.7733894], [-80.1378838, 25.7733943], [-80.1378765, 25.7730713]]]}}, {"id": "40", "type": "Feature", "properties": {"id": "ae84d6a9-a97b-4fd7-9c2b-8ec3dfb7b48c", "name": null, "subtype": "residential", "class": "apartments", "height": 6.7, "num_floors": 2, "surge_class": 0, "surge_ft": 0.0, "flood_active": false, "exposure_score": 0.0, "exposure_category": "none"}, "geometry": {"type": "Polygon", "coordinates": [[[-80.1375386, 25.7726999], [-80.1375433, 25.772822], [-80.1376304, 25.7728192], [-80.1376257, 25.7726972], [-80.1375386, 25.7726999]]]}}, {"id": "41", "type": "Feature", "properties": {"id": "cc7f3333-d3de-48c0-930b-152948571dbc", "name": null, "subtype": "residential", "class": "apartments", "height": 4.3, "num_floors": 1, "surge_class": 0, "surge_ft": 0.0, "flood_active": false, "exposure_score": 0.0, "exposure_category": "none"}, "geometry": {"type": "Polygon", "coordinates": [[[-80.1375173, 25.7729479], [-80.1376148, 25.7729462], [-80.1376127, 25.7728429], [-80.1375152, 25.7728446], [-80.1375173, 25.7729479]]]}}, {"id": "42", "type": "Feature", "properties": {"id": "4de67b2d-3ada-4cf0-ac03-3e4dbd133205", "name": "Fletamentos Y Cargas Miami", "subtype": "commercial", "class": "commercial", "height": 7.2, "num_floors": null, "surge_class": 0, "surge_ft": 0.0, "flood_active": false, "exposure_score": 0.0, "exposure_category": "none"}, "geometry": {"type": "Polygon", "coordinates": [[[-80.1374857, 25.7727137], [-80.1372675, 25.772722], [-80.1372721, 25.7728186], [-80.1374121, 25.7728133], [-80.1374125, 25.7728226], [-80.1374907, 25.7728197], [-80.1374857, 25.7727137]]]}}, {"id": "43", "type": "Feature", "properties": {"id": "0d59ff20-ad07-40fb-87fc-2565ab076dec", "name": null, "subtype": null, "class": null, "height": 4.5, "num_floors": null, "surge_class": 0, "surge_ft": 0.0, "flood_active": false, "exposure_score": 0.0, "exposure_category": "none"}, "geometry": {"type": "Polygon", "coordinates": [[[-80.1372517, 25.7729238], [-80.1374029, 25.7729222], [-80.1374021, 25.7728611], [-80.1372509, 25.7728627], [-80.1372517, 25.7729238]]]}}, {"id": "44", "type": "Feature", "properties": {"id": "36215251-0648-4867-b064-94d4ce9c0883", "name": null, "subtype": "residential", "class": "apartments", "height": 7.624034404754639, "num_floors": 3, "surge_class": 0, "surge_ft": 0.0, "flood_active": false, "exposure_score": 0.0, "exposure_category": "none"}, "geometry": {"type": "Polygon", "coordinates": [[[-80.1372608, 25.7730901], [-80.1376001, 25.7730808], [-80.1375964, 25.7729689], [-80.1374579, 25.7729727], [-80.137459, 25.7730073], [-80.1374127, 25.7730085], [-80.1374117, 25.7729771], [-80.1372571, 25.7729813], [-80.1372608, 25.7730901]]]}}, {"id": "45", "type": "Feature", "properties": {"id": "7bc742ce-b738-479f-97e6-77d3b2208565", "name": null, "subtype": "residential", "class": "apartments", "height": 8.476758003234863, "num_floors": 3, "surge_class": 0, "surge_ft": 0.0, "flood_active": false, "exposure_score": 0.0, "exposure_category": "none"}, "geometry": {"type": "Polygon", "coordinates": [[[-80.1372529, 25.7732274], [-80.1376534, 25.7732179], [-80.13765, 25.7731039], [-80.1372495, 25.7731134], [-80.1372529, 25.7732274]]]}}, {"id": "46", "type": "Feature", "properties": {"id": "134960d9-ffc8-4697-98ab-2d8c9a50cc92", "name": null, "subtype": "residential", "class": "house", "height": 4.8, "num_floors": 1, "surge_class": 1, "surge_ft": 0.5, "flood_active": false, "exposure_score": 0.015, "exposure_category": "low"}, "geometry": {"type": "Polygon", "coordinates": [[[-80.1375531, 25.7733522], [-80.1374804, 25.7733533], [-80.1374834, 25.7735045], [-80.1375561, 25.7735033], [-80.1375531, 25.7733522]]]}}, {"id": "47", "type": "Feature", "properties": {"id": "56fd89f5-278a-4cb5-99f8-2acf31ae5799", "name": null, "subtype": "commercial", "class": "commercial", "height": 11.5, "num_floors": null, "surge_class": 1, "surge_ft": 0.5, "flood_active": false, "exposure_score": 0.015, "exposure_category": "low"}, "geometry": {"type": "Polygon", "coordinates": [[[-80.1375971, 25.7738127], [-80.1375959, 25.7738558], [-80.1375744, 25.773857], [-80.137576, 25.77389], [-80.1375927, 25.7738919], [-80.1375948, 25.7739028], [-80.1376866, 25.7738988], [-80.1376874, 25.7738453], [-80.1376365, 25.7738467], [-80.1376341, 25.7738172], [-80.1376507, 25.7738171], [-80.1376496, 25.7737784], [-80.1376741, 25.7737779], [-80.1376716, 25.7736873], [-80.1376652, 25.7736874], [-80.1376644, 25.7736605], [-80.1376204, 25.7736615], [-80.137621, 25.7736807], [-80.1375769, 25.7736816], [-80.1375806, 25.7738131], [-80.1375971, 25.7738127]]]}}, {"id": "48", "type": "Feature", "properties": {"id": "a916cac7-fc1a-4cbd-bf88-171e23e68ec7", "name": "Balit Construction Corporation", "subtype": "commercial", "class": "commercial", "height": 19.4, "num_floors": null, "surge_class": 0, "surge_ft": 0.0, "flood_active": false, "exposure_score": 0.0, "exposure_category": "none"}, "geometry": {"type": "Polygon", "coordinates": [[[-80.137323, 25.7733188], [-80.1373231, 25.7733693], [-80.1372648, 25.7733694], [-80.1372651, 25.7734638], [-80.137268, 25.7734746], [-80.1372741, 25.7734847], [-80.1372816, 25.7734941], [-80.1372967, 25.7735023], [-80.1373077, 25.7735055], [-80.137455, 25.7735051], [-80.1374466, 25.7733343], [-80.1373939, 25.7733325], [-80.1373949, 25.7733196], [-80.137323, 25.7733188]]]}}, {"id": "49", "type": "Feature", "properties": {"id": "c58b8db6-b0e9-459d-b50a-a7422edd7d39", "name": null, "subtype": "residential", "class": "apartments", "height": 22.4, "num_floors": 5, "surge_class": 0, "surge_ft": 0.0, "flood_active": false, "exposure_score": 0.0, "exposure_category": "none"}, "geometry": {"type": "Polygon", "coordinates": [[[-80.1369533, 25.7736787], [-80.1369274, 25.7736782], [-80.1369352, 25.7739172], [-80.1369583, 25.773918], [-80.1370271, 25.7739146], [-80.1370443, 25.773895], [-80.1370324, 25.7737788], [-80.1370408, 25.7737789], [-80.1370352, 25.7737125], [-80.1370418, 25.7737036], [-80.1370406, 25.773671], [-80.1369851, 25.773671], [-80.1369823, 25.7736608], [-80.1369552, 25.7736625], [-80.1369533, 25.7736787]]]}}, {"id": "50", "type": "Feature", "properties": {"id": "e99a20a3-a0fb-4d32-aa10-e818f51985cd", "name": null, "subtype": "residential", "class": "apartments", "height": 8.0, "num_floors": 2, "surge_class": 0, "surge_ft": 0.0, "flood_active": false, "exposure_score": 0.0, "exposure_category": "none"}, "geometry": {"type": "Polygon", "coordinates": [[[-80.1369056, 25.7736697], [-80.1367882, 25.7736735], [-80.1367933, 25.7739206], [-80.1369142, 25.7739175], [-80.1369056, 25.7736697]]]}}, {"id": "51", "type": "Feature", "properties": {"id": "7a6a8291-768c-4a95-b5f1-51e229bac074", "name": "Fountainhead Condominium Association", "subtype": null, "class": null, "height": 15.3, "num_floors": null, "surge_class": 0, "surge_ft": 0.0, "flood_active": false, "exposure_score": 0.0, "exposure_category": "none"}, "geometry": {"type": "Polygon", "coordinates": [[[-80.1370192, 25.7734081], [-80.1367906, 25.7734159], [-80.1367949, 25.7735207], [-80.1369865, 25.7735142], [-80.1369933, 25.7735136], [-80.1370061, 25.7735092], [-80.1370203, 25.7734959], [-80.1370231, 25.77349], [-80.1370192, 25.7734081]]]}}, {"id": "52", "type": "Feature", "properties": {"id": "3557a73f-0b54-4d2b-a897-623b7f554885", "name": null, "subtype": "residential", "class": "residential", "height": 7.6, "num_floors": 2, "surge_class": 0, "surge_ft": 0.0, "flood_active": false, "exposure_score": 0.0, "exposure_category": "none"}, "geometry": {"type": "Polygon", "coordinates": [[[-80.1367527, 25.7730034], [-80.1367545, 25.7730892], [-80.1369462, 25.773086], [-80.1369444, 25.7730002], [-80.1367527, 25.7730034]]]}}, {"id": "53", "type": "Feature", "properties": {"id": "d236255e-2aed-4eb0-9b38-d2b4d91b1dff", "name": null, "subtype": "residential", "class": "residential", "height": 9.0, "num_floors": 2, "surge_class": 0, "surge_ft": 0.0, "flood_active": false, "exposure_score": 0.0, "exposure_category": "none"}, "geometry": {"type": "Polygon", "coordinates": [[[-80.1369591, 25.7731229], [-80.1368488, 25.7731257], [-80.1368522, 25.7732345], [-80.1369625, 25.7732316], [-80.1369591, 25.7731229]]]}}, {"id": "54", "type": "Feature", "properties": {"id": "11168b4c-63d3-4090-a02f-3cb88c47b731", "name": null, "subtype": "residential", "class": "residential", "height": 8.7, "num_floors": 2, "surge_class": 0, "surge_ft": 0.0, "flood_active": false, "exposure_score": 0.0, "exposure_category": "none"}, "geometry": {"type": "Polygon", "coordinates": [[[-80.1368505, 25.7733673], [-80.1369908, 25.7733652], [-80.1369892, 25.7732762], [-80.1368489, 25.7732783], [-80.1368505, 25.7733673]]]}}, {"id": "55", "type": "Feature", "properties": {"id": "34531f2d-118b-4956-ac35-c7c7e51434ce", "name": null, "subtype": "residential", "class": "residential", "height": 7.1, "num_floors": 2, "surge_class": 0, "surge_ft": 0.0, "flood_active": false, "exposure_score": 0.0, "exposure_category": "none"}, "geometry": {"type": "Polygon", "coordinates": [[[-80.1368659, 25.7728687], [-80.1368666, 25.7729689], [-80.1369819, 25.7729682], [-80.1369813, 25.7728681], [-80.1368659, 25.7728687]]]}}, {"id": "56", "type": "Feature", "properties": {"id": "a4355896-747e-4151-8983-4feef94a8c48", "name": null, "subtype": "residential", "class": "residential", "height": 7.7, "num_floors": 1, "surge_class": 0, "surge_ft": 0.0, "flood_active": false, "exposure_score": 0.0, "exposure_category": "none"}, "geometry": {"type": "Polygon", "coordinates": [[[-80.1368364, 25.7727832], [-80.1368078, 25.7727838], [-80.1368087, 25.7728211], [-80.1370245, 25.7728165], [-80.1370217, 25.7727105], [-80.1366063, 25.7727194], [-80.1366076, 25.77277], [-80.1368359, 25.7727652], [-80.1368364, 25.7727832]]]}}, {"id": "57", "type": "Feature", "properties": {"id": "7fec95d4-86dc-41d4-b7f7-1ce108d83d28", "name": null, "subtype": "residential", "class": "residential", "height": 3.9, "num_floors": 1, "surge_class": 0, "surge_ft": 0.0, "flood_active": false, "exposure_score": 0.0, "exposure_category": "none"}, "geometry": {"type": "Polygon", "coordinates": [[[-80.1366163, 25.7729646], [-80.1368179, 25.7729604], [-80.1368154, 25.7728651], [-80.1366138, 25.7728693], [-80.1366163, 25.7729646]]]}}, {"id": "58", "type": "Feature", "properties": {"id": "381d9cf8-4f18-4df5-b357-6e0b0bb45598", "name": null, "subtype": "residential", "class": "apartments", "height": 6.2, "num_floors": 2, "surge_class": 0, "surge_ft": 0.0, "flood_active": false, "exposure_score": 0.0, "exposure_category": "none"}, "geometry": {"type": "Polygon", "coordinates": [[[-80.1366054, 25.7730012], [-80.1366054, 25.773105], [-80.1367315, 25.773105], [-80.1367315, 25.7730012], [-80.1366054, 25.7730012]]]}}, {"id": "59", "type": "Feature", "properties": {"id": "a63ff859-3bc7-4d32-b2fb-8aa80492d638", "name": null, "subtype": "residential", "class": "residential", "height": 5.7, "num_floors": 1, "surge_class": 0, "surge_ft": 0.0, "flood_active": false, "exposure_score": 0.0, "exposure_category": "none"}, "geometry": {"type": "Polygon", "coordinates": [[[-80.1368238, 25.7731179], [-80.1366236, 25.773123], [-80.1366275, 25.7732467], [-80.1368276, 25.7732416], [-80.1368238, 25.7731179]]]}}, {"id": "60", "type": "Feature", "properties": {"id": "c01eb9cc-b9e8-4267-a4ee-d6d6b904ad80", "name": null, "subtype": "residential", "class": "apartments", "height": 10.7, "num_floors": 2, "surge_class": 0, "surge_ft": 0.0, "flood_active": false, "exposure_score": 0.0, "exposure_category": "none"}, "geometry": {"type": "Polygon", "coordinates": [[[-80.1367171, 25.7733873], [-80.1368056, 25.7733845], [-80.136801, 25.7732638], [-80.1367153, 25.7732665], [-80.1367157, 25.7732766], [-80.1366385, 25.773279], [-80.1366422, 25.7733755], [-80.1367166, 25.7733733], [-80.1367171, 25.7733873]]]}}, {"id": "61", "type": "Feature", "properties": {"id": "9aaad1b6-ff2d-447f-a0e5-2ff9f74220ed", "name": null, "subtype": "residential", "class": "residential", "height": 11.1, "num_floors": 3, "surge_class": 0, "surge_ft": 0.0, "flood_active": false, "exposure_score": 0.0, "exposure_category": "none"}, "geometry": {"type": "Polygon", "coordinates": [[[-80.1361686, 25.7732822], [-80.1361725, 25.7733949], [-80.136313, 25.7733914], [-80.1363131, 25.7733572], [-80.1364052, 25.7733531], [-80.1364051, 25.7733906], [-80.1365153, 25.7733895], [-80.1365167, 25.7732742], [-80.1361686, 25.7732822]]]}}, {"id": "62", "type": "Feature", "properties": {"id": "4e605d6b-2a06-4a18-91b4-d63bec1fd181", "name": null, "subtype": "residential", "class": "residential", "height": 7.992374897003174, "num_floors": 4, "surge_class": 0, "surge_ft": 0.0, "flood_active": false, "exposure_score": 0.0, "exposure_category": "none"}, "geometry": {"type": "Polygon", "coordinates": [[[-80.1361637, 25.7732469], [-80.1365057, 25.7732423], [-80.136504, 25.7731433], [-80.1361621, 25.7731478], [-80.1361637, 25.7732469]]]}}, {"id": "63", "type": "Feature", "properties": {"id": "77846d3e-cf97-4822-a128-3e17ed3af326", "name": null, "subtype": "residential", "class": "residential", "height": 20.2, "num_floors": 4, "surge_class": 0, "surge_ft": 0.0, "flood_active": false, "exposure_score": 0.0, "exposure_category": "none"}, "geometry": {"type": "Polygon", "coordinates": [[[-80.1364823, 25.772999], [-80.1363683, 25.7730019], [-80.1363694, 25.7730365], [-80.1363432, 25.7730372], [-80.1363458, 25.7731208], [-80.1364149, 25.773119], [-80.1364142, 25.7730947], [-80.1364852, 25.7730929], [-80.1364823, 25.772999]]]}}, {"id": "64", "type": "Feature", "properties": {"id": "1227b3eb-c687-4a01-a15a-b50163a47f0a", "name": "Chabad in South Beach", "subtype": "religious", "class": null, "height": 7.3, "num_floors": null, "surge_class": 1, "surge_ft": 0.5, "flood_active": false, "exposure_score": 0.015, "exposure_category": "low"}, "geometry": {"type": "Polygon", "coordinates": [[[-80.1365074, 25.7727293], [-80.1364619, 25.7727305], [-80.1364627, 25.7727577], [-80.1361233, 25.7727663], [-80.1361259, 25.7728507], [-80.1364975, 25.7728412], [-80.1364959, 25.7727894], [-80.1365093, 25.772789], [-80.1365074, 25.7727293]]]}}, {"id": "65", "type": "Feature", "properties": {"id": "fa44e77d-4470-43bf-8900-794354b9de23", "name": null, "subtype": "residential", "class": "house", "height": 8.5, "num_floors": 2, "surge_class": 0, "surge_ft": 0.0, "flood_active": false, "exposure_score": 0.0, "exposure_category": "none"}, "geometry": {"type": "Polygon", "coordinates": [[[-80.1363802, 25.772889], [-80.1361871, 25.7728941], [-80.13619, 25.772984], [-80.1362505, 25.7729824], [-80.1362502, 25.7729727], [-80.1363828, 25.7729692], [-80.1363802, 25.772889]]]}}, {"id": "66", "type": "Feature", "properties": {"id": "5b81a8b5-000d-40c3-ba74-244066359a1c", "name": null, "subtype": "residential", "class": "residential", "height": 7.1, "num_floors": 3, "surge_class": 0, "surge_ft": 0.0, "flood_active": false, "exposure_score": 0.0, "exposure_category": "none"}, "geometry": {"type": "Polygon", "coordinates": [[[-80.1361511, 25.7731179], [-80.1362512, 25.7731147], [-80.1362468, 25.7730029], [-80.1361466, 25.7730061], [-80.1361511, 25.7731179]]]}}, {"id": "67", "type": "Feature", "properties": {"id": "468709fb-7d78-4371-bded-5838361c513c", "name": null, "subtype": "residential", "class": "residential", "height": 8.8, "num_floors": 1, "surge_class": 0, "surge_ft": 0.0, "flood_active": false, "exposure_score": 0.0, "exposure_category": "none"}, "geometry": {"type": "Polygon", "coordinates": [[[-80.1363645, 25.7736833], [-80.1361482, 25.7736877], [-80.1361488, 25.7738044], [-80.1363471, 25.7738021], [-80.1363449, 25.7737562], [-80.1363674, 25.7737549], [-80.1363645, 25.7736833]]]}}, {"id": "68", "type": "Feature", "properties": {"id": "756fc107-d9a4-4a4e-ad8c-9c5dff21214a", "name": null, "subtype": "residential", "class": "apartments", "height": 7.2, "num_floors": 2, "surge_class": 0, "surge_ft": 0.0, "flood_active": false, "exposure_score": 0.0, "exposure_category": "none"}, "geometry": {"type": "Polygon", "coordinates": [[[-80.1361815, 25.7739399], [-80.1363101, 25.7739384], [-80.1363059, 25.7738525], [-80.1361787, 25.7738572], [-80.1361815, 25.7739399]]]}}, {"id": "69", "type": "Feature", "properties": {"id": "c3fca70e-a725-4ca8-878d-fc0e3b35c04f", "name": null, "subtype": "residential", "class": "residential", "height": 3.6, "num_floors": 1, "surge_class": 0, "surge_ft": 0.0, "flood_active": false, "exposure_score": 0.0, "exposure_category": "none"}, "geometry": {"type": "Polygon", "coordinates": [[[-80.1363749, 25.7739349], [-80.1365474, 25.7739297], [-80.136543, 25.7738397], [-80.1363718, 25.7738454], [-80.1363749, 25.7739349]]]}}, {"id": "70", "type": "Feature", "properties": {"id": "5bfd1582-54cd-4fb7-8897-cf259faef41b", "name": null, "subtype": "residential", "class": "house", "height": 3.4977011680603027, "num_floors": 1, "surge_class": 0, "surge_ft": 0.0, "flood_active": false, "exposure_score": 0.0, "exposure_category": "none"}, "geometry": {"type": "Polygon", "coordinates": [[[-80.1364843, 25.7737043], [-80.1363927, 25.7737058], [-80.1363941, 25.773774], [-80.1363659, 25.7737745], [-80.1363666, 25.7738104], [-80.1365257, 25.7738079], [-80.1365245, 25.7737441], [-80.1364851, 25.7737447], [-80.1364843, 25.7737043]]]}}, {"id": "71", "type": "Feature", "properties": {"id": "1fe073c7-af24-45ca-8e58-598bf04fcc3c", "name": null, "subtype": "residential", "class": "apartments", "height": 10.53513240814209, "num_floors": 5, "surge_class": 0, "surge_ft": 0.0, "flood_active": false, "exposure_score": 0.0, "exposure_category": "none"}, "geometry": {"type": "Polygon", "coordinates": [[[-80.1361588, 25.7735467], [-80.1365053, 25.7735376], [-80.1365026, 25.773453], [-80.136544, 25.7734519], [-80.1365427, 25.7734149], [-80.1361547, 25.7734202], [-80.1361588, 25.7735467]]]}}, {"id": "72", "type": "Feature", "properties": {"id": "6adee427-0efe-4848-99f8-eaf25d16efd9", "name": null, "subtype": "residential", "class": "house", "height": 5.7, "num_floors": 1, "surge_class": 0, "surge_ft": 0.0, "flood_active": false, "exposure_score": 0.0, "exposure_category": "none"}, "geometry": {"type": "Polygon", "coordinates": [[[-80.1366182, 25.7734047], [-80.1366223, 25.7735362], [-80.1367673, 25.7735325], [-80.1367656, 25.7734763], [-80.1367134, 25.7734776], [-80.1367111, 25.7734023], [-80.1366182, 25.7734047]]]}}, {"id": "73", "type": "Feature", "properties": {"id": "00f73e4c-016c-435b-a6eb-88a8546c9226", "name": null, "subtype": "residential", "class": "residential", "height": 6.6, "num_floors": 1, "surge_class": 0, "surge_ft": 0.0, "flood_active": false, "exposure_score": 0.0, "exposure_category": "none"}, "geometry": {"type": "Polygon", "coordinates": [[[-80.1367704, 25.7736701], [-80.1366795, 25.773674], [-80.1366846, 25.7739076], [-80.1367065, 25.7739088], [-80.1367069, 25.7739293], [-80.1367512, 25.7739288], [-80.1367511, 25.7739083], [-80.1367763, 25.773906], [-80.1367704, 25.7736701]]]}}, {"id": "74", "type": "Feature", "properties": {"id": "8ed2ddab-a173-4dbe-af0e-4fc700881577", "name": "Urbanica The Meridian Hotel", "subtype": null, "class": null, "height": 14.1, "num_floors": null, "surge_class": 0, "surge_ft": 0.0, "flood_active": false, "exposure_score": 0.0, "exposure_category": "none"}, "geometry": {"type": "Polygon", "coordinates": [[[-80.136162, 25.7740622], [-80.1364537, 25.7740569], [-80.1364548, 25.7741037], [-80.1362279, 25.7741098], [-80.1362274, 25.7740945], [-80.1361318, 25.7740971], [-80.1361362, 25.7742289], [-80.1362346, 25.7742262], [-80.1362341, 25.7742105], [-80.136568, 25.7742015], [-80.1365646, 25.7741017], [-80.1365309, 25.7741026], [-80.1365306, 25.7740906], [-80.1365443, 25.7740903], [-80.1365436, 25.7740569], [-80.1365265, 25.7740572], [-80.136526, 25.7740375], [-80.136558, 25.7740369], [-80.1365565, 25.7739725], [-80.1361602, 25.7739798], [-80.136162, 25.7740622]]]}}, {"id": "75", "type": "Feature", "properties": {"id": "6f4790ce-6243-44ad-ac16-39c448c6b884", "name": null, "subtype": null, "class": null, "height": 13.8, "num_floors": null, "surge_class": 1, "surge_ft": 0.5, "flood_active": false, "exposure_score": 0.015, "exposure_category": "low"}, "geometry": {"type": "Polygon", "coordinates": [[[-80.13619, 25.7753245], [-80.1366109, 25.7753146], [-80.1366077, 25.7752072], [-80.1361868, 25.7752171], [-80.13619, 25.7753245]]]}}, {"id": "76", "type": "Feature", "properties": {"id": "afd4138c-ef05-4a6b-8b10-d73e1c37fe2c", "name": null, "subtype": null, "class": null, "height": 9.81816291809082, "num_floors": null, "surge_class": 1, "surge_ft": 0.5, "flood_active": false, "exposure_score": 0.015, "exposure_category": "low"}, "geometry": {"type": "Polygon", "coordinates": [[[-80.1362076, 25.7754492], [-80.1365422, 25.7754433], [-80.1365399, 25.7753391], [-80.1362053, 25.775345], [-80.1362076, 25.7754492]]]}}, {"id": "77", "type": "Feature", "properties": {"id": "f56c1fde-d6e3-4278-9dc1-961ca7e9e058", "name": null, "subtype": null, "class": null, "height": 19.4, "num_floors": null, "surge_class": 0, "surge_ft": 0.0, "flood_active": false, "exposure_score": 0.0, "exposure_category": "none"}, "geometry": {"type": "Polygon", "coordinates": [[[-80.1362274, 25.7750875], [-80.1361875, 25.7750886], [-80.1361911, 25.7751944], [-80.1362505, 25.7751928], [-80.1362502, 25.7751826], [-80.1365307, 25.7751749], [-80.1365313, 25.7751913], [-80.136611, 25.7751891], [-80.1366066, 25.7750573], [-80.1365218, 25.7750596], [-80.1365221, 25.7750681], [-80.136503, 25.7750686], [-80.1365026, 25.775058], [-80.1362267, 25.7750655], [-80.1362274, 25.7750875]]]}}, {"id": "78", "type": "Feature", "properties": {"id": "8c468429-7304-4ee9-8f9a-a7924b3ed4b2", "name": null, "subtype": null, "class": null, "height": 12.63810920715332, "num_floors": null, "surge_class": 0, "surge_ft": 0.0, "flood_active": false, "exposure_score": 0.0, "exposure_category": "none"}, "geometry": {"type": "Polygon", "coordinates": [[[-80.1361779, 25.7747509], [-80.1361811, 25.7749155], [-80.1364777, 25.7749107], [-80.1364729, 25.7746668], [-80.1361592, 25.7746719], [-80.1361608, 25.7747512], [-80.1361779, 25.7747509]]]}}, {"id": "79", "type": "Feature", "properties": {"id": "95fd00f5-3f35-4564-b1a2-b8ae1de0ed5d", "name": null, "subtype": null, "class": null, "height": 4.185001373291016, "num_floors": null, "surge_class": 1, "surge_ft": 0.5, "flood_active": false, "exposure_score": 0.015, "exposure_category": "low"}, "geometry": {"type": "Polygon", "coordinates": [[[-80.1365507, 25.7749013], [-80.1365978, 25.7749007], [-80.1365942, 25.7746677], [-80.1364823, 25.7746691], [-80.1364861, 25.7749143], [-80.1365509, 25.7749135], [-80.1365507, 25.7749013]]]}}, {"id": "80", "type": "Feature", "properties": {"id": "99fb253c-2b4c-4b5e-bcbc-ab2289ff581d", "name": "Shell Shop", "subtype": null, "class": null, "height": 2.87613844871521, "num_floors": null, "surge_class": 2, "surge_ft": 1.5, "flood_active": false, "exposure_score": 0.045, "exposure_category": "low"}, "geometry": {"type": "Polygon", "coordinates": [[[-80.1369495, 25.7749355], [-80.1369467, 25.7748489], [-80.136717, 25.774855], [-80.1367199, 25.7749416], [-80.1369495, 25.7749355]]]}}, {"id": "81", "type": "Feature", "properties": {"id": "f43fb23e-3de4-4e97-ae9a-4d82f61b28da", "name": "Shell", "subtype": "outbuilding", "class": "roof", "height": 2.3430912494659424, "num_floors": null, "surge_class": 0, "surge_ft": 0.0, "flood_active": false, "exposure_score": 0.0, "exposure_category": "none"}, "geometry": {"type": "Polygon", "coordinates": [[[-80.1368415, 25.7748109], [-80.1369138, 25.7748088], [-80.1369087, 25.7746704], [-80.1368364, 25.7746726], [-80.1368415, 25.7748109]]]}}, {"id": "82", "type": "Feature", "properties": {"id": "dc10b0ec-d371-4196-a5f4-8a6cd9154525", "name": "Citibank", "subtype": null, "class": null, "height": 8.1, "num_floors": null, "surge_class": 0, "surge_ft": 0.0, "flood_active": false, "exposure_score": 0.0, "exposure_category": "none"}, "geometry": {"type": "Polygon", "coordinates": [[[-80.1366771, 25.7740443], [-80.1366764, 25.7741302], [-80.1366447, 25.7741316], [-80.1366458, 25.7742155], [-80.1370697, 25.7742075], [-80.1370649, 25.7740679], [-80.1369551, 25.7740723], [-80.1369541, 25.7740994], [-80.1367369, 25.7741036], [-80.1367372, 25.7740431], [-80.1366771, 25.7740443]]]}}, {"id": "83", "type": "Feature", "properties": {"id": "3918df8b-ba8a-494f-b941-a56cbfb2d803", "name": null, "subtype": "commercial", "class": "commercial", "height": 25.3, "num_floors": null, "surge_class": 1, "surge_ft": 0.5, "flood_active": false, "exposure_score": 0.015, "exposure_category": "low"}, "geometry": {"type": "Polygon", "coordinates": [[[-80.1375489, 25.7740066], [-80.137286, 25.7740132], [-80.1372911, 25.7741823], [-80.1375541, 25.7741758], [-80.1375489, 25.7740066]]]}}, {"id": "84", "type": "Feature", "properties": {"id": "7636ac4f-28c1-4a94-bcb1-d9fd2fbaf35b", "name": "The Flower Bazaar", "subtype": "commercial", "class": "retail", "height": 5.161627769470215, "num_floors": null, "surge_class": 1, "surge_ft": 0.5, "flood_active": false, "exposure_score": 0.015, "exposure_category": "low"}, "geometry": {"type": "Polygon", "coordinates": [[[-80.1375846, 25.7741646], [-80.1377051, 25.7741654], [-80.1377026, 25.7740683], [-80.1375828, 25.7740724], [-80.1375846, 25.7741646]]]}}, {"id": "85", "type": "Feature", "properties": {"id": "c4c421ef-76ee-4b67-a19e-7308109fdb33", "name": "Walgreens", "subtype": null, "class": null, "height": 4.630752086639404, "num_floors": null, "surge_class": 1, "surge_ft": 0.5, "flood_active": false, "exposure_score": 0.015, "exposure_category": "low"}, "geometry": {"type": "Polygon", "coordinates": [[[-80.137316, 25.7749414], [-80.1377028, 25.7749311], [-80.1376931, 25.7746365], [-80.1373533, 25.7746456], [-80.1373075, 25.7746843], [-80.137316, 25.7749414]]]}}, {"id": "86", "type": "Feature", "properties": {"id": "68c7b270-fea2-4bb5-b76b-45ab28ca5fbc", "name": null, "subtype": null, "class": null, "height": 12.2, "num_floors": null, "surge_class": 1, "surge_ft": 0.5, "flood_active": false, "exposure_score": 0.015, "exposure_category": "low"}, "geometry": {"type": "Polygon", "coordinates": [[[-80.1377082, 25.7753177], [-80.1373129, 25.7753278], [-80.1373162, 25.775436], [-80.1377116, 25.7754259], [-80.1377082, 25.7753177]]]}}, {"id": "87", "type": "Feature", "properties": {"id": "5f1155c7-59c3-43c4-bc89-eddd0fa661d5", "name": null, "subtype": null, "class": null, "height": 10.7, "num_floors": null, "surge_class": 1, "surge_ft": 0.5, "flood_active": false, "exposure_score": 0.015, "exposure_category": "low"}, "geometry": {"type": "Polygon", "coordinates": [[[-80.1373287, 25.7757096], [-80.137746, 25.775701], [-80.1377351, 25.7754431], [-80.1373243, 25.7754576], [-80.1373287, 25.7757096]]]}}, {"id": "88", "type": "Feature", "properties": {"id": "c56c273e-3129-4bcc-a135-339608958020", "name": null, "subtype": null, "class": null, "height": 7.9, "num_floors": null, "surge_class": 2, "surge_ft": 1.5, "flood_active": false, "exposure_score": 0.045, "exposure_category": "low"}, "geometry": {"type": "Polygon", "coordinates": [[[-80.137398, 25.7758695], [-80.1374019, 25.7759769], [-80.1377372, 25.7759671], [-80.1377333, 25.7758597], [-80.137398, 25.7758695]]]}}, {"id": "89", "type": "Feature", "properties": {"id": "ba89edbe-61e7-46a0-9e1c-3e55371a823f", "name": null, "subtype": null, "class": null, "height": 9.6, "num_floors": null, "surge_class": 0, "surge_ft": 0.0, "flood_active": false, "exposure_score": 0.0, "exposure_category": "none"}, "geometry": {"type": "Polygon", "coordinates": [[[-80.1377453, 25.7759874], [-80.1377058, 25.7759918], [-80.1377064, 25.7760033], [-80.1376294, 25.7760073], [-80.1376334, 25.7760405], [-80.1374021, 25.7760462], [-80.1374024, 25.7761103], [-80.1377502, 25.7761013], [-80.1377453, 25.7759874]]]}}, {"id": "90", "type": "Feature", "properties": {"id": "21c5e4eb-8c1c-46bc-b767-f0383e09e270", "name": null, "subtype": null, "class": null, "height": 4.9, "num_floors": null, "surge_class": 0, "surge_ft": 0.0, "flood_active": false, "exposure_score": 0.0, "exposure_category": "none"}, "geometry": {"type": "Polygon", "coordinates": [[[-80.1377466, 25.7761497], [-80.1374156, 25.7761566], [-80.1374224, 25.7762558], [-80.1377479, 25.7762417], [-80.1377466, 25.7761497]]]}}, {"id": "91", "type": "Feature", "properties": {"id": "7f40dec2-96a5-41a0-80f6-e3eb77a2d1f9", "name": null, "subtype": null, "class": null, "height": 7.4, "num_floors": null, "surge_class": 0, "surge_ft": 0.0, "flood_active": false, "exposure_score": 0.0, "exposure_category": "none"}, "geometry": {"type": "Polygon", "coordinates": [[[-80.1375642, 25.7762906], [-80.1374051, 25.7762939], [-80.1374072, 25.7763761], [-80.1375663, 25.7763728], [-80.1375642, 25.7762906]]]}}, {"id": "92", "type": "Feature", "properties": {"id": "292ac631-4d98-4a4b-809b-39f94844745f", "name": null, "subtype": null, "class": null, "height": 7.4, "num_floors": null, "surge_class": 0, "surge_ft": 0.0, "flood_active": false, "exposure_score": 0.0, "exposure_category": "none"}, "geometry": {"type": "Polygon", "coordinates": [[[-80.1377483, 25.776292], [-80.1375898, 25.7762953], [-80.137592, 25.7763786], [-80.1377504, 25.7763753], [-80.1377483, 25.776292]]]}}, {"id": "93", "type": "Feature", "properties": {"id": "292e60fd-93ba-4dd0-913c-960822bb7371", "name": null, "subtype": null, "class": null, "height": 7.4, "num_floors": null, "surge_class": 0, "surge_ft": 0.0, "flood_active": false, "exposure_score": 0.0, "exposure_category": "none"}, "geometry": {"type": "Polygon", "coordinates": [[[-80.1377588, 25.7764112], [-80.1376023, 25.7764135], [-80.1376057, 25.7765008], [-80.1377609, 25.7764956], [-80.1377588, 25.7764112]]]}}, {"id": "94", "type": "Feature", "properties": {"id": "d69a7462-f02c-4ffe-8f52-6f66a63e4152", "name": null, "subtype": null, "class": null, "height": 7.3, "num_floors": null, "surge_class": 0, "surge_ft": 0.0, "flood_active": false, "exposure_score": 0.0, "exposure_category": "none"}, "geometry": {"type": "Polygon", "coordinates": [[[-80.1377553, 25.7765638], [-80.1375973, 25.7765671], [-80.1375996, 25.7766557], [-80.1377576, 25.7766524], [-80.1377553, 25.7765638]]]}}, {"id": "95", "type": "Feature", "properties": {"id": "f1e46695-066d-4c1a-93a8-355190b7fdb2", "name": null, "subtype": null, "class": null, "height": 7.3, "num_floors": null, "surge_class": 0, "surge_ft": 0.0, "flood_active": false, "exposure_score": 0.0, "exposure_category": "none"}, "geometry": {"type": "Polygon", "coordinates": [[[-80.1377603, 25.7766982], [-80.1376032, 25.7767014], [-80.1376054, 25.7767854], [-80.1377624, 25.7767822], [-80.1377603, 25.7766982]]]}}, {"id": "96", "type": "Feature", "properties": {"id": "ce308b8d-1f2c-40f7-a4a8-4c21c3d82889", "name": null, "subtype": null, "class": null, "height": 7.2, "num_floors": null, "surge_class": 1, "surge_ft": 0.5, "flood_active": false, "exposure_score": 0.015, "exposure_category": "low"}, "geometry": {"type": "Polygon", "coordinates": [[[-80.1375763, 25.7767032], [-80.1374214, 25.7767064], [-80.1374237, 25.7767963], [-80.1375786, 25.7767931], [-80.1375763, 25.7767032]]]}}, {"id": "97", "type": "Feature", "properties": {"id": "889d2f14-c93b-474f-b1a2-5fc6d829148e", "name": null, "subtype": null, "class": null, "height": 7.5, "num_floors": null, "surge_class": 0, "surge_ft": 0.0, "flood_active": false, "exposure_score": 0.0, "exposure_category": "none"}, "geometry": {"type": "Polygon", "coordinates": [[[-80.1375715, 25.7765609], [-80.1374155, 25.7765642], [-80.1374177, 25.7766503], [-80.1375737, 25.776647], [-80.1375715, 25.7765609]]]}}, {"id": "98", "type": "Feature", "properties": {"id": "3318b705-8c0c-4c15-9664-57a0c2536f76", "name": null, "subtype": null, "class": null, "height": 9.0, "num_floors": null, "surge_class": 0, "surge_ft": 0.0, "flood_active": false, "exposure_score": 0.0, "exposure_category": "none"}, "geometry": {"type": "Polygon", "coordinates": [[[-80.1375684, 25.7764335], [-80.1374118, 25.7764367], [-80.1374139, 25.77652], [-80.1375705, 25.7765168], [-80.1375684, 25.7764335]]]}}, {"id": "99", "type": "Feature", "properties": {"id": "5144d0f7-8717-487c-989f-7dd7b5ef1a9f", "name": null, "subtype": null, "class": null, "height": 3.400912284851074, "num_floors": null, "surge_class": 2, "surge_ft": 1.5, "flood_active": false, "exposure_score": 0.045, "exposure_category": "low"}, "geometry": {"type": "Polygon", "coordinates": [[[-80.1369137, 25.7764317], [-80.1369127, 25.7765456], [-80.1370611, 25.7765467], [-80.1370621, 25.7764328], [-80.1369137, 25.7764317]]]}}, {"id": "100", "type": "Feature", "properties": {"id": "b1903993-bc2a-49a2-a6b2-5f0b093ccbc9", "name": null, "subtype": null, "class": null, "height": 8.8, "num_floors": null, "surge_class": 1, "surge_ft": 0.5, "flood_active": false, "exposure_score": 0.015, "exposure_category": "low"}, "geometry": {"type": "Polygon", "coordinates": [[[-80.137057, 25.7765694], [-80.1368493, 25.7765737], [-80.1368521, 25.7766836], [-80.1370598, 25.7766793], [-80.137057, 25.7765694]]]}}, {"id": "101", "type": "Feature", "properties": {"id": "06e9c812-3a50-41c7-be20-4bc139f1c501", "name": null, "subtype": null, "class": null, "height": 10.5, "num_floors": null, "surge_class": 1, "surge_ft": 0.5, "flood_active": false, "exposure_score": 0.015, "exposure_category": "low"}, "geometry": {"type": "Polygon", "coordinates": [[[-80.1369121, 25.7767965], [-80.1369123, 25.7768131], [-80.1370703, 25.7768117], [-80.1370699, 25.7767763], [-80.137052, 25.7767764], [-80.1370512, 25.7767261], [-80.1370401, 25.7767254], [-80.1370417, 25.7766967], [-80.1369322, 25.7766988], [-80.1369314, 25.7767519], [-80.1368404, 25.7767527], [-80.1368408, 25.7767971], [-80.1369121, 25.7767965]]]}}, {"id": "102", "type": "Feature", "properties": {"id": "1191aa39-ac07-4554-87a3-da3cb3b43d9e", "name": null, "subtype": null, "class": null, "height": 10.4, "num_floors": null, "surge_class": 2, "surge_ft": 1.5, "flood_active": false, "exposure_score": 0.045, "exposure_category": "low"}, "geometry": {"type": "Polygon", "coordinates": [[[-80.1367191, 25.7767092], [-80.1367228, 25.7767752], [-80.1368224, 25.7767706], [-80.1368202, 25.7767327], [-80.1367925, 25.776734], [-80.1367909, 25.7767059], [-80.1367191, 25.7767092]]]}}, {"id": "103", "type": "Feature", "properties": {"id": "1fb199d9-761f-4aac-a14b-b6d3b5efade4", "name": null, "subtype": null, "class": null, "height": 7.624255657196045, "num_floors": null, "surge_class": 2, "surge_ft": 1.5, "flood_active": false, "exposure_score": 0.045, "exposure_category": "low"}, "geometry": {"type": "Polygon", "coordinates": [[[-80.1367311, 25.7766763], [-80.1368436, 25.7766738], [-80.1368407, 25.7765676], [-80.1367281, 25.7765701], [-80.1367311, 25.7766763]]]}}, {"id": "104", "type": "Feature", "properties": {"id": "957e924f-581c-4907-b7a6-90d226582af3", "name": null, "subtype": null, "class": null, "height": 7.888255596160889, "num_floors": null, "surge_class": 1, "surge_ft": 0.5, "flood_active": false, "exposure_score": 0.015, "exposure_category": "low"}, "geometry": {"type": "Polygon", "coordinates": [[[-80.1367258, 25.7764442], [-80.1367277, 25.7765418], [-80.136902, 25.776539], [-80.1369001, 25.7764414], [-80.1367258, 25.7764442]]]}}, {"id": "105", "type": "Feature", "properties": {"id": "65a4f9c4-5142-4052-ad14-aecf29c2ff41", "name": null, "subtype": null, "class": null, "height": 6.786001682281494, "num_floors": null, "surge_class": 1, "surge_ft": 0.5, "flood_active": false, "exposure_score": 0.015, "exposure_category": "low"}, "geometry": {"type": "Polygon", "coordinates": [[[-80.1367124, 25.7763003], [-80.1367175, 25.7764098], [-80.1370651, 25.7763967], [-80.13706, 25.7762872], [-80.1367124, 25.7763003]]]}}, {"id": "106", "type": "Feature", "properties": {"id": "9190050e-6e66-49b6-902e-a5d92e5f0a58", "name": null, "subtype": null, "class": null, "height": 11.2, "num_floors": null, "surge_class": 1, "surge_ft": 0.5, "flood_active": false, "exposure_score": 0.015, "exposure_category": "low"}, "geometry": {"type": "Polygon", "coordinates": [[[-80.1367271, 25.7762249], [-80.1367277, 25.7762461], [-80.136891, 25.7762427], [-80.136889, 25.776164], [-80.1370589, 25.7761605], [-80.1370529, 25.775923], [-80.1369087, 25.775926], [-80.1369095, 25.775873], [-80.1368714, 25.775873], [-80.1368729, 25.7759794], [-80.1368321, 25.7759789], [-80.1368312, 25.7759437], [-80.1367644, 25.7759451], [-80.1367653, 25.7759819], [-80.1367389, 25.7759825], [-80.1367349, 25.7758759], [-80.1366952, 25.7758766], [-80.1366944, 25.7759312], [-80.1365201, 25.7759352], [-80.1365242, 25.776098], [-80.1366981, 25.7760944], [-80.1367014, 25.7762255], [-80.1367271, 25.7762249]]]}}, {"id": "107", "type": "Feature", "properties": {"id": "32489f5b-9df7-4169-98ff-174ee2c8a6fb", "name": null, "subtype": null, "class": null, "height": 11.2, "num_floors": null, "surge_class": 1, "surge_ft": 0.5, "flood_active": false, "exposure_score": 0.015, "exposure_category": "low"}, "geometry": {"type": "Polygon", "coordinates": [[[-80.1368954, 25.775643], [-80.1368968, 25.7756859], [-80.1368851, 25.7756862], [-80.1368865, 25.7757297], [-80.1371118, 25.7757237], [-80.137107, 25.7755789], [-80.1369188, 25.7755839], [-80.1369144, 25.7754506], [-80.1371011, 25.7754456], [-80.1370985, 25.7753678], [-80.1366741, 25.7753792], [-80.1366768, 25.7754598], [-80.1368846, 25.7754542], [-80.1368877, 25.7755473], [-80.1368937, 25.7755497], [-80.1368943, 25.7755875], [-80.1368862, 25.7755886], [-80.1368788, 25.7755915], [-80.1368725, 25.7755961], [-80.1368679, 25.7756018], [-80.136865, 25.7756083], [-80.136864, 25.7756156], [-80.1368652, 25.7756229], [-80.1368684, 25.7756295], [-80.1368734, 25.7756352], [-80.1368807, 25.7756399], [-80.1368878, 25.7756423], [-80.1368954, 25.775643]]]}}, {"id": "108", "type": "Feature", "properties": {"id": "3fd94c20-3ee2-42a1-860f-b3d947b72ad8", "name": null, "subtype": null, "class": null, "height": 3.8, "num_floors": null, "surge_class": 2, "surge_ft": 1.5, "flood_active": false, "exposure_score": 0.045, "exposure_category": "low"}, "geometry": {"type": "Polygon", "coordinates": [[[-80.1363736, 25.7759735], [-80.1363744, 25.7760367], [-80.1364348, 25.776036], [-80.1364343, 25.7759997], [-80.1364002, 25.7760001], [-80.1363999, 25.7759731], [-80.1363736, 25.7759735]]]}}, {"id": "109", "type": "Feature", "properties": {"id": "d26e560a-41f0-4c08-9f67-cfd09a409048", "name": null, "subtype": null, "class": null, "height": 6.4, "num_floors": null, "surge_class": 2, "surge_ft": 1.5, "flood_active": false, "exposure_score": 0.045, "exposure_category": "low"}, "geometry": {"type": "Polygon", "coordinates": [[[-80.1361911, 25.7754722], [-80.1361981, 25.7757218], [-80.1362087, 25.7757385], [-80.1362239, 25.7757478], [-80.1366273, 25.7757385], [-80.1366209, 25.7755121], [-80.1365164, 25.7755145], [-80.1365179, 25.7755693], [-80.1364985, 25.7755698], [-80.1364955, 25.7754653], [-80.1361911, 25.7754722]]]}}, {"id": "110", "type": "Feature", "properties": {"id": "18cdc043-aa9f-4024-9b7e-80802b45fd2d", "name": null, "subtype": null, "class": null, "height": 8.1, "num_floors": null, "surge_class": 2, "surge_ft": 1.5, "flood_active": false, "exposure_score": 0.045, "exposure_category": "low"}, "geometry": {"type": "Polygon", "coordinates": [[[-80.1357944, 25.7761347], [-80.1359214, 25.7761339], [-80.1359197, 25.7759181], [-80.1357927, 25.7759189], [-80.1357944, 25.7761347]]]}}, {"id": "111", "type": "Feature", "properties": {"id": "78f039ee-206d-4c07-b70a-c89930e6c9f1", "name": null, "subtype": null, "class": null, "height": 10.5, "num_floors": null, "surge_class": 1, "surge_ft": 0.5, "flood_active": false, "exposure_score": 0.015, "exposure_category": "low"}, "geometry": {"type": "Polygon", "coordinates": [[[-80.1359385, 25.7761887], [-80.1358507, 25.7761897], [-80.1358519, 25.7762828], [-80.1359397, 25.7762819], [-80.1359385, 25.7761887]]]}}, {"id": "112", "type": "Feature", "properties": {"id": "a191a726-c680-4509-a5f4-1b1edac6b8ac", "name": null, "subtype": null, "class": null, "height": 6.3, "num_floors": null, "surge_class": 2, "surge_ft": 1.5, "flood_active": false, "exposure_score": 0.045, "exposure_category": "low"}, "geometry": {"type": "Polygon", "coordinates": [[[-80.136285, 25.7768465], [-80.1366458, 25.7768354], [-80.1366407, 25.7767014], [-80.1362799, 25.7767126], [-80.136285, 25.7768465]]]}}, {"id": "113", "type": "Feature", "properties": {"id": "c96abcc6-4b61-420c-b547-48dcd1ffe719", "name": null, "subtype": null, "class": null, "height": 7.9, "num_floors": null, "surge_class": 2, "surge_ft": 1.5, "flood_active": false, "exposure_score": 0.045, "exposure_category": "low"}, "geometry": {"type": "Polygon", "coordinates": [[[-80.1366394, 25.7765651], [-80.1362831, 25.7765725], [-80.1362863, 25.7766967], [-80.1366426, 25.7766893], [-80.1366394, 25.7765651]]]}}, {"id": "114", "type": "Feature", "properties": {"id": "24a6937f-2b38-4157-9b0a-35daa74e2b7b", "name": null, "subtype": null, "class": null, "height": 6.3, "num_floors": null, "surge_class": 2, "surge_ft": 1.5, "flood_active": false, "exposure_score": 0.045, "exposure_category": "low"}, "geometry": {"type": "Polygon", "coordinates": [[[-80.1362805, 25.7765677], [-80.1366356, 25.7765567], [-80.1366307, 25.7764279], [-80.1362756, 25.7764388], [-80.1362805, 25.7765677]]]}}, {"id": "115", "type": "Feature", "properties": {"id": "0493bd85-adda-42a6-a069-d22b6c933336", "name": null, "subtype": null, "class": null, "height": 5.8, "num_floors": null, "surge_class": 2, "surge_ft": 1.5, "flood_active": false, "exposure_score": 0.045, "exposure_category": "low"}, "geometry": {"type": "Polygon", "coordinates": [[[-80.1362743, 25.7764254], [-80.1366287, 25.7764145], [-80.1366238, 25.7762863], [-80.1362694, 25.7762973], [-80.1362743, 25.7764254]]]}}, {"id": "116", "type": "Feature", "properties": {"id": "2511bdae-474c-4a97-9f1f-f1865153dca6", "name": null, "subtype": null, "class": null, "height": 5.2, "num_floors": null, "surge_class": 1, "surge_ft": 0.5, "flood_active": false, "exposure_score": 0.015, "exposure_category": "low"}, "geometry": {"type": "Polygon", "coordinates": [[[-80.1366605, 25.777134], [-80.1366002, 25.7771352], [-80.1366023, 25.7772203], [-80.1366626, 25.7772191], [-80.1366605, 25.777134]]]}}, {"id": "117", "type": "Feature", "properties": {"id": "10bcc947-e8ca-443c-bbc8-fa8df2157153", "name": null, "subtype": null, "class": null, "height": 7.8, "num_floors": null, "surge_class": 1, "surge_ft": 0.5, "flood_active": false, "exposure_score": 0.015, "exposure_category": "low"}, "geometry": {"type": "Polygon", "coordinates": [[[-80.1366597, 25.7772682], [-80.1363138, 25.7772754], [-80.1363167, 25.7773896], [-80.1366626, 25.7773824], [-80.1366597, 25.7772682]]]}}, {"id": "118", "type": "Feature", "properties": {"id": "d6e9e802-7f1f-44a2-a9dd-121c4a0909b5", "name": null, "subtype": null, "class": null, "height": 8.6, "num_floors": null, "surge_class": 1, "surge_ft": 0.5, "flood_active": false, "exposure_score": 0.015, "exposure_category": "low"}, "geometry": {"type": "Polygon", "coordinates": [[[-80.1366174, 25.7775091], [-80.1366176, 25.7775174], [-80.1366598, 25.7775165], [-80.136657, 25.7774089], [-80.1366021, 25.77741], [-80.1366025, 25.777427], [-80.1363256, 25.7774328], [-80.1363277, 25.7775151], [-80.1366174, 25.7775091]]]}}, {"id": "119", "type": "Feature", "properties": {"id": "4d8f031c-d679-4f34-8c00-934858fa58ce", "name": null, "subtype": null, "class": null, "height": 6.4, "num_floors": null, "surge_class": 0, "surge_ft": 0.0, "flood_active": false, "exposure_score": 0.0, "exposure_category": "none"}, "geometry": {"type": "Polygon", "coordinates": [[[-80.1363318, 25.7772093], [-80.1363327, 25.7772476], [-80.1364756, 25.7772446], [-80.1364736, 25.7771658], [-80.1363552, 25.7771682], [-80.1363547, 25.7771498], [-80.1363141, 25.7771507], [-80.1363155, 25.7772097], [-80.1363318, 25.7772093]]]}}, {"id": "120", "type": "Feature", "properties": {"id": "6fc85d64-cf4b-4b8d-96a0-f3f89b813185", "name": null, "subtype": null, "class": null, "height": 7.1, "num_floors": null, "surge_class": 2, "surge_ft": 1.5, "flood_active": false, "exposure_score": 0.045, "exposure_category": "low"}, "geometry": {"type": "Polygon", "coordinates": [[[-80.1362992, 25.7769709], [-80.13664, 25.7769604], [-80.1366356, 25.7768444], [-80.1362948, 25.7768549], [-80.1362992, 25.7769709]]]}}, {"id": "121", "type": "Feature", "properties": {"id": "cb127f4b-34f4-42b6-8ca8-0d9631088749", "name": null, "subtype": null, "class": null, "height": 8.6, "num_floors": null, "surge_class": 0, "surge_ft": 0.0, "flood_active": false, "exposure_score": 0.0, "exposure_category": "none"}, "geometry": {"type": "Polygon", "coordinates": [[[-80.1359296, 25.7774322], [-80.1357594, 25.7774357], [-80.1357618, 25.7775285], [-80.1359319, 25.777525], [-80.1359296, 25.7774322]]]}}, {"id": "122", "type": "Feature", "properties": {"id": "131691f9-7ee2-4432-89c7-ec23fdbf811f", "name": null, "subtype": null, "class": null, "height": 7.6, "num_floors": null, "surge_class": 0, "surge_ft": 0.0, "flood_active": false, "exposure_score": 0.0, "exposure_category": "none"}, "geometry": {"type": "Polygon", "coordinates": [[[-80.1357928, 25.7776747], [-80.1359761, 25.7776708], [-80.1359733, 25.7775606], [-80.1357899, 25.7775644], [-80.1357928, 25.7776747]]]}}, {"id": "123", "type": "Feature", "properties": {"id": "58aea089-38f1-42da-89f5-67552cf88244", "name": null, "subtype": null, "class": null, "height": 10.8, "num_floors": null, "surge_class": 0, "surge_ft": 0.0, "flood_active": false, "exposure_score": 0.0, "exposure_category": "none"}, "geometry": {"type": "Polygon", "coordinates": [[[-80.1359686, 25.7777155], [-80.1357866, 25.7777193], [-80.1357888, 25.7778094], [-80.1359709, 25.7778056], [-80.1359686, 25.7777155]]]}}, {"id": "124", "type": "Feature", "properties": {"id": "62ab5b3f-b721-46e0-ad54-a9de0dc32ded", "name": null, "subtype": null, "class": null, "height": 7.1, "num_floors": null, "surge_class": 0, "surge_ft": 0.0, "flood_active": false, "exposure_score": 0.0, "exposure_category": "none"}, "geometry": {"type": "Polygon", "coordinates": [[[-80.1357965, 25.7779444], [-80.1359762, 25.7779414], [-80.1359741, 25.77784], [-80.1357944, 25.777843], [-80.1357965, 25.7779444]]]}}, {"id": "125", "type": "Feature", "properties": {"id": "bed7a5d2-915d-47f8-804c-06f13af3a81f", "name": null, "subtype": null, "class": null, "height": 6.3, "num_floors": null, "surge_class": 1, "surge_ft": 0.5, "flood_active": false, "exposure_score": 0.015, "exposure_category": "low"}, "geometry": {"type": "Polygon", "coordinates": [[[-80.1358166, 25.7782112], [-80.1359798, 25.7782105], [-80.1359792, 25.7781107], [-80.1358161, 25.7781114], [-80.1358166, 25.7782112]]]}}, {"id": "126", "type": "Feature", "properties": {"id": "e90f5303-7bcb-4d24-b7dd-bfc50165e3c6", "name": null, "subtype": null, "class": null, "height": 11.6, "num_floors": null, "surge_class": 0, "surge_ft": 0.0, "flood_active": false, "exposure_score": 0.0, "exposure_category": "none"}, "geometry": {"type": "Polygon", "coordinates": [[[-80.1366244, 25.778033], [-80.1366268, 25.7781302], [-80.1363413, 25.7781362], [-80.1363432, 25.7782103], [-80.1366916, 25.7782031], [-80.1366853, 25.7779542], [-80.1363429, 25.7779613], [-80.1363449, 25.7780388], [-80.1366244, 25.778033]]]}}, {"id": "127", "type": "Feature", "properties": {"id": "74c1b771-a56e-4741-a38c-234d52dace10", "name": null, "subtype": null, "class": null, "height": 8.4, "num_floors": null, "surge_class": 0, "surge_ft": 0.0, "flood_active": false, "exposure_score": 0.0, "exposure_category": "none"}, "geometry": {"type": "Polygon", "coordinates": [[[-80.1366711, 25.7778224], [-80.1363303, 25.7778294], [-80.136333, 25.7779391], [-80.1366739, 25.777932], [-80.1366711, 25.7778224]]]}}, {"id": "128", "type": "Feature", "properties": {"id": "e35c328c-4ec8-4ab9-8581-dffe1e76238b", "name": null, "subtype": null, "class": null, "height": 9.6, "num_floors": null, "surge_class": 1, "surge_ft": 0.5, "flood_active": false, "exposure_score": 0.015, "exposure_category": "low"}, "geometry": {"type": "Polygon", "coordinates": [[[-80.1366555, 25.777545], [-80.1366117, 25.777546], [-80.1366124, 25.7775735], [-80.136327, 25.7775794], [-80.1363289, 25.777651], [-80.136658, 25.7776442], [-80.1366555, 25.777545]]]}}, {"id": "129", "type": "Feature", "properties": {"id": "f2310862-3022-453d-982b-cc0eebfd2d4a", "name": null, "subtype": null, "class": null, "height": 9.6, "num_floors": null, "surge_class": 0, "surge_ft": 0.0, "flood_active": false, "exposure_score": 0.0, "exposure_category": "none"}, "geometry": {"type": "Polygon", "coordinates": [[[-80.1366493, 25.7776828], [-80.13633, 25.7776894], [-80.1363327, 25.777796], [-80.136652, 25.7777894], [-80.1366493, 25.7776828]]]}}, {"id": "130", "type": "Feature", "properties": {"id": "c3b8583d-7428-4a3b-87b2-3f700412e124", "name": null, "subtype": null, "class": null, "height": 6.4, "num_floors": null, "surge_class": 0, "surge_ft": 0.0, "flood_active": false, "exposure_score": 0.0, "exposure_category": "none"}, "geometry": {"type": "Polygon", "coordinates": [[[-80.1367868, 25.7779241], [-80.1371072, 25.7779163], [-80.1371038, 25.7778031], [-80.1367834, 25.7778109], [-80.1367868, 25.7779241]]]}}, {"id": "131", "type": "Feature", "properties": {"id": "70936e36-2351-4ba2-a601-bb7b66775c96", "name": null, "subtype": null, "class": null, "height": 4.8, "num_floors": null, "surge_class": 0, "surge_ft": 0.0, "flood_active": false, "exposure_score": 0.0, "exposure_category": "none"}, "geometry": {"type": "Polygon", "coordinates": [[[-80.1368967, 25.7780411], [-80.1371116, 25.7780337], [-80.1371076, 25.7779396], [-80.1367949, 25.7779504], [-80.1367998, 25.7780649], [-80.1368976, 25.7780615], [-80.1368967, 25.7780411]]]}}, {"id": "132", "type": "Feature", "properties": {"id": "63c81a8f-d678-45d4-af65-f13fa05f94a1", "name": null, "subtype": null, "class": null, "height": 10.4, "num_floors": null, "surge_class": 1, "surge_ft": 0.5, "flood_active": false, "exposure_score": 0.015, "exposure_category": "low"}, "geometry": {"type": "Polygon", "coordinates": [[[-80.1371055, 25.7780843], [-80.1367712, 25.7780913], [-80.1367738, 25.7781941], [-80.1371081, 25.7781871], [-80.1371055, 25.7780843]]]}}, {"id": "133", "type": "Feature", "properties": {"id": "5bd2d419-f44f-413e-b7a3-ba33a928a535", "name": null, "subtype": null, "class": null, "height": 6.0, "num_floors": null, "surge_class": 0, "surge_ft": 0.0, "flood_active": false, "exposure_score": 0.0, "exposure_category": "none"}, "geometry": {"type": "Polygon", "coordinates": [[[-80.1370853, 25.7775355], [-80.1367527, 25.7775424], [-80.1367554, 25.7776496], [-80.137088, 25.7776427], [-80.1370853, 25.7775355]]]}}, {"id": "134", "type": "Feature", "properties": {"id": "6ff2b694-aebd-4312-8e27-6ff49ed08694", "name": null, "subtype": null, "class": null, "height": 12.8, "num_floors": null, "surge_class": 0, "surge_ft": 0.0, "flood_active": false, "exposure_score": 0.0, "exposure_category": "none"}, "geometry": {"type": "Polygon", "coordinates": [[[-80.1367556, 25.7777882], [-80.1370958, 25.777783], [-80.1370936, 25.7776676], [-80.1367534, 25.7776728], [-80.1367556, 25.7777882]]]}}, {"id": "135", "type": "Feature", "properties": {"id": "0841f006-d697-4eaf-9ad8-4dbd1fe47d31", "name": null, "subtype": null, "class": null, "height": 7.8, "num_floors": null, "surge_class": 1, "surge_ft": 0.5, "flood_active": false, "exposure_score": 0.015, "exposure_category": "low"}, "geometry": {"type": "Polygon", "coordinates": [[[-80.1370817, 25.7773941], [-80.1367485, 25.777401], [-80.1367513, 25.7775137], [-80.1370845, 25.7775068], [-80.1370817, 25.7773941]]]}}, {"id": "136", "type": "Feature", "properties": {"id": "c524568e-acff-4a05-9019-8c63aafe0baa", "name": null, "subtype": null, "class": null, "height": 10.7, "num_floors": null, "surge_class": 0, "surge_ft": 0.0, "flood_active": false, "exposure_score": 0.0, "exposure_category": "none"}, "geometry": {"type": "Polygon", "coordinates": [[[-80.1367606, 25.7773709], [-80.1370932, 25.7773631], [-80.1370898, 25.777246], [-80.1367572, 25.7772538], [-80.1367606, 25.7773709]]]}}, {"id": "137", "type": "Feature", "properties": {"id": "d9ca5442-3391-4c90-9173-38c606cbcf4f", "name": null, "subtype": null, "class": null, "height": 6.4, "num_floors": null, "surge_class": 1, "surge_ft": 0.5, "flood_active": false, "exposure_score": 0.015, "exposure_category": "low"}, "geometry": {"type": "Polygon", "coordinates": [[[-80.1370738, 25.7768339], [-80.136722, 25.7768412], [-80.1367252, 25.7769683], [-80.1370771, 25.776961], [-80.1370738, 25.7768339]]]}}, {"id": "138", "type": "Feature", "properties": {"id": "cd26de12-4535-4700-9c52-3b792a7e8f92", "name": null, "subtype": null, "class": null, "height": 5.3, "num_floors": null, "surge_class": 1, "surge_ft": 0.5, "flood_active": false, "exposure_score": 0.015, "exposure_category": "low"}, "geometry": {"type": "Polygon", "coordinates": [[[-80.1370309, 25.7772119], [-80.1370315, 25.7772257], [-80.1370965, 25.7772237], [-80.1370942, 25.7771639], [-80.1370532, 25.7771652], [-80.1370515, 25.7771205], [-80.1369206, 25.7771245], [-80.1369236, 25.7772027], [-80.1369727, 25.7772012], [-80.1369731, 25.7772137], [-80.1370309, 25.7772119]]]}}, {"id": "139", "type": "Feature", "properties": {"id": "7c339989-4874-44a4-b503-b821f2d7cdcb", "name": null, "subtype": null, "class": null, "height": 7.1, "num_floors": null, "surge_class": 1, "surge_ft": 0.5, "flood_active": false, "exposure_score": 0.015, "exposure_category": "low"}, "geometry": {"type": "Polygon", "coordinates": [[[-80.137581, 25.7768375], [-80.1374236, 25.7768408], [-80.1374258, 25.7769276], [-80.1375832, 25.7769243], [-80.137581, 25.7768375]]]}}, {"id": "140", "type": "Feature", "properties": {"id": "09de1f21-8bac-4356-b87e-e8d08f6bbe5f", "name": null, "subtype": null, "class": null, "height": 11.1, "num_floors": null, "surge_class": 0, "surge_ft": 0.0, "flood_active": false, "exposure_score": 0.0, "exposure_category": "none"}, "geometry": {"type": "Polygon", "coordinates": [[[-80.1374354, 25.7773548], [-80.137785, 25.777353], [-80.1377843, 25.7772437], [-80.1374348, 25.7772454], [-80.1374354, 25.7773548]]]}}, {"id": "141", "type": "Feature", "properties": {"id": "78f083c4-f7c3-4305-abf0-448a4ef724b1", "name": null, "subtype": null, "class": null, "height": 9.1, "num_floors": null, "surge_class": 0, "surge_ft": 0.0, "flood_active": false, "exposure_score": 0.0, "exposure_category": "none"}, "geometry": {"type": "Polygon", "coordinates": [[[-80.1377334, 25.7770997], [-80.1374397, 25.7771058], [-80.1374425, 25.7772173], [-80.1377362, 25.7772112], [-80.1377334, 25.7770997]]]}}, {"id": "142", "type": "Feature", "properties": {"id": "148bf7d1-02f1-4cb3-bd44-47d9ab696893", "name": null, "subtype": null, "class": null, "height": 6.1, "num_floors": null, "surge_class": 1, "surge_ft": 0.5, "flood_active": false, "exposure_score": 0.015, "exposure_category": "low"}, "geometry": {"type": "Polygon", "coordinates": [[[-80.137436, 25.7774921], [-80.1377667, 25.7774866], [-80.1377644, 25.7773726], [-80.1374336, 25.7773781], [-80.137436, 25.7774921]]]}}, {"id": "143", "type": "Feature", "properties": {"id": "ad776e72-6418-4f6e-ac9a-c12c37a35004", "name": null, "subtype": null, "class": null, "height": 9.3, "num_floors": null, "surge_class": 0, "surge_ft": 0.0, "flood_active": false, "exposure_score": 0.0, "exposure_category": "none"}, "geometry": {"type": "Polygon", "coordinates": [[[-80.137694, 25.7775134], [-80.1374455, 25.7775185], [-80.1374483, 25.7776301], [-80.1376968, 25.777625], [-80.137694, 25.7775134]]]}}, {"id": "144", "type": "Feature", "properties": {"id": "03a72854-eaad-4e78-929c-3f886113886c", "name": null, "subtype": null, "class": null, "height": 10.1, "num_floors": null, "surge_class": 0, "surge_ft": 0.0, "flood_active": false, "exposure_score": 0.0, "exposure_category": "none"}, "geometry": {"type": "Polygon", "coordinates": [[[-80.1374592, 25.7777635], [-80.1376854, 25.7777583], [-80.1376826, 25.7776589], [-80.1374564, 25.7776641], [-80.1374592, 25.7777635]]]}}, {"id": "145", "type": "Feature", "properties": {"id": "dca2e16f-d626-48a5-abf0-b82b35a35e5c", "name": null, "subtype": null, "class": null, "height": 10.1, "num_floors": null, "surge_class": 0, "surge_ft": 0.0, "flood_active": false, "exposure_score": 0.0, "exposure_category": "none"}, "geometry": {"type": "Polygon", "coordinates": [[[-80.1376221, 25.7777945], [-80.1374634, 25.7777978], [-80.1374661, 25.7779057], [-80.1376249, 25.7779024], [-80.1376221, 25.7777945]]]}}, {"id": "146", "type": "Feature", "properties": {"id": "c05e9143-0879-4f65-945d-0dc8be21f1db", "name": null, "subtype": null, "class": null, "height": 10.4, "num_floors": null, "surge_class": 0, "surge_ft": 0.0, "flood_active": false, "exposure_score": 0.0, "exposure_category": "none"}, "geometry": {"type": "Polygon", "coordinates": [[[-80.137467, 25.7780416], [-80.1377995, 25.7780353], [-80.1377971, 25.7779302], [-80.1374646, 25.7779364], [-80.137467, 25.7780416]]]}}, {"id": "147", "type": "Feature", "properties": {"id": "83d8c38c-fbc2-4745-b73c-dc63b21d5013", "name": null, "subtype": null, "class": null, "height": 10.8, "num_floors": null, "surge_class": 1, "surge_ft": 0.5, "flood_active": false, "exposure_score": 0.015, "exposure_category": "low"}, "geometry": {"type": "Polygon", "coordinates": [[[-80.1374612, 25.7781825], [-80.1378042, 25.778176], [-80.1378015, 25.7780615], [-80.1374586, 25.7780679], [-80.1374612, 25.7781825]]]}}, {"id": "148", "type": "Feature", "properties": {"id": "cc07e422-9f48-4211-9918-fdbeb7988851", "name": null, "subtype": null, "class": null, "height": 4.4, "num_floors": null, "surge_class": 1, "surge_ft": 0.5, "flood_active": false, "exposure_score": 0.015, "exposure_category": "low"}, "geometry": {"type": "Polygon", "coordinates": [[[-80.1377799, 25.7777766], [-80.1377096, 25.7777781], [-80.1377129, 25.7779085], [-80.1377832, 25.777907], [-80.1377799, 25.7777766]]]}}, {"id": "149", "type": "Feature", "properties": {"id": "0ee9dc11-22cd-4f18-907d-27b3ef66f721", "name": null, "subtype": null, "class": null, "height": 6.0, "num_floors": null, "surge_class": 0, "surge_ft": 0.0, "flood_active": false, "exposure_score": 0.0, "exposure_category": "none"}, "geometry": {"type": "Polygon", "coordinates": [[[-80.1379039, 25.777501], [-80.1379105, 25.7777608], [-80.1382212, 25.7777544], [-80.1382188, 25.7776579], [-80.1379617, 25.7776632], [-80.1379601, 25.7775992], [-80.1382201, 25.7775938], [-80.1382176, 25.7774945], [-80.1379039, 25.777501]]]}}, {"id": "150", "type": "Feature", "properties": {"id": "c839cb08-a985-486a-8729-769b2f2cefc2", "name": null, "subtype": null, "class": null, "height": 9.2, "num_floors": null, "surge_class": 0, "surge_ft": 0.0, "flood_active": false, "exposure_score": 0.0, "exposure_category": "none"}, "geometry": {"type": "Polygon", "coordinates": [[[-80.137912, 25.7780272], [-80.1382335, 25.778025], [-80.1382327, 25.7779316], [-80.1379112, 25.7779338], [-80.137912, 25.7780272]]]}}, {"id": "151", "type": "Feature", "properties": {"id": "13f6db1a-d4fe-49ce-9184-d7a2261840a8", "name": null, "subtype": null, "class": null, "height": 13.3, "num_floors": null, "surge_class": 0, "surge_ft": 0.0, "flood_active": false, "exposure_score": 0.0, "exposure_category": "none"}, "geometry": {"type": "Polygon", "coordinates": [[[-80.1382221, 25.7777805], [-80.1378713, 25.7777878], [-80.137874, 25.7778953], [-80.1382248, 25.7778881], [-80.1382221, 25.7777805]]]}}, {"id": "152", "type": "Feature", "properties": {"id": "c6038529-ac9f-431d-88da-434066798859", "name": null, "subtype": null, "class": null, "height": 7.9, "num_floors": null, "surge_class": 0, "surge_ft": 0.0, "flood_active": false, "exposure_score": 0.0, "exposure_category": "none"}, "geometry": {"type": "Polygon", "coordinates": [[[-80.1380484, 25.7781476], [-80.1382288, 25.7781488], [-80.1382295, 25.7780602], [-80.1379638, 25.7780584], [-80.1379629, 25.7781766], [-80.1380481, 25.7781771], [-80.1380484, 25.7781476]]]}}, {"id": "153", "type": "Feature", "properties": {"id": "eee423cc-ad86-4d2c-9ce2-b6ea05bd6830", "name": null, "subtype": null, "class": null, "height": 7.1, "num_floors": null, "surge_class": 1, "surge_ft": 0.5, "flood_active": false, "exposure_score": 0.015, "exposure_category": "low"}, "geometry": {"type": "Polygon", "coordinates": [[[-80.1378956, 25.7769067], [-80.1381956, 25.7768994], [-80.138193, 25.7768153], [-80.1378931, 25.7768226], [-80.1378956, 25.7769067]]]}}, {"id": "154", "type": "Feature", "properties": {"id": "9fbe96e8-d5eb-4bd0-b7d2-fcb147c0d4e5", "name": null, "subtype": null, "class": null, "height": 5.9, "num_floors": null, "surge_class": 1, "surge_ft": 0.5, "flood_active": false, "exposure_score": 0.015, "exposure_category": "low"}, "geometry": {"type": "Polygon", "coordinates": [[[-80.1380532, 25.7772018], [-80.1382067, 25.7771966], [-80.1382026, 25.7770988], [-80.1380492, 25.777104], [-80.1380532, 25.7772018]]]}}, {"id": "155", "type": "Feature", "properties": {"id": "f44c3e6e-8513-4d7c-9d22-7dc1957c834c", "name": null, "subtype": null, "class": null, "height": 9.3, "num_floors": null, "surge_class": 1, "surge_ft": 0.5, "flood_active": false, "exposure_score": 0.015, "exposure_category": "low"}, "geometry": {"type": "Polygon", "coordinates": [[[-80.1382028, 25.7772299], [-80.1378692, 25.7772368], [-80.137872, 25.7773459], [-80.1382055, 25.7773389], [-80.1382028, 25.7772299]]]}}, {"id": "156", "type": "Feature", "properties": {"id": "0abd9734-0e27-4464-9bb7-1444914f8e25", "name": null, "subtype": null, "class": null, "height": 9.0, "num_floors": null, "surge_class": 0, "surge_ft": 0.0, "flood_active": false, "exposure_score": 0.0, "exposure_category": "none"}, "geometry": {"type": "Polygon", "coordinates": [[[-80.138195, 25.7773882], [-80.1380839, 25.7773905], [-80.1380863, 25.7774825], [-80.1381973, 25.7774802], [-80.138195, 25.7773882]]]}}, {"id": "157", "type": "Feature", "properties": {"id": "a99134d0-5040-434f-8a3e-a98eac33a078", "name": null, "subtype": null, "class": null, "height": 9.7, "num_floors": null, "surge_class": 1, "surge_ft": 0.5, "flood_active": false, "exposure_score": 0.015, "exposure_category": "low"}, "geometry": {"type": "Polygon", "coordinates": [[[-80.1379613, 25.7773611], [-80.1378773, 25.7773629], [-80.1378802, 25.7774742], [-80.1379641, 25.7774724], [-80.1379613, 25.7773611]]]}}, {"id": "158", "type": "Feature", "properties": {"id": "6b4a6a92-76f2-4759-b190-e0a9668bdd4e", "name": null, "subtype": null, "class": null, "height": 6.0, "num_floors": null, "surge_class": 1, "surge_ft": 0.5, "flood_active": false, "exposure_score": 0.015, "exposure_category": "low"}, "geometry": {"type": "Polygon", "coordinates": [[[-80.1378704, 25.7772049], [-80.1380234, 25.7771997], [-80.1380194, 25.7771022], [-80.1378663, 25.7771074], [-80.1378704, 25.7772049]]]}}, {"id": "159", "type": "Feature", "properties": {"id": "3261c894-4ec3-482a-97a9-77d48290c5b5", "name": null, "subtype": null, "class": null, "height": 7.2, "num_floors": null, "surge_class": 1, "surge_ft": 0.5, "flood_active": false, "exposure_score": 0.015, "exposure_category": "low"}, "geometry": {"type": "Polygon", "coordinates": [[[-80.1377726, 25.7768321], [-80.1376152, 25.7768318], [-80.1376149, 25.7769262], [-80.137776, 25.776923], [-80.1377726, 25.7768321]]]}}, {"id": "160", "type": "Feature", "properties": {"id": "972c687c-336d-4a93-8835-c8159fa86e2c", "name": null, "subtype": null, "class": null, "height": 6.6, "num_floors": null, "surge_class": 0, "surge_ft": 0.0, "flood_active": false, "exposure_score": 0.0, "exposure_category": "none"}, "geometry": {"type": "Polygon", "coordinates": [[[-80.1378439, 25.7768013], [-80.1382003, 25.7767948], [-80.1381976, 25.776676], [-80.1378413, 25.7766825], [-80.1378439, 25.7768013]]]}}, {"id": "161", "type": "Feature", "properties": {"id": "b48f9ac6-718a-4011-a6c5-7d4ab5511d6b", "name": null, "subtype": null, "class": null, "height": 7.9, "num_floors": null, "surge_class": 0, "surge_ft": 0.0, "flood_active": false, "exposure_score": 0.0, "exposure_category": "none"}, "geometry": {"type": "Polygon", "coordinates": [[[-80.1379973, 25.7766436], [-80.1381842, 25.7766403], [-80.1381822, 25.7765473], [-80.1379953, 25.7765506], [-80.1379973, 25.7766436]]]}}, {"id": "162", "type": "Feature", "properties": {"id": "82bdf8f6-88f0-4c92-9af5-c2f3a0f50f18", "name": null, "subtype": null, "class": null, "height": 6.3, "num_floors": null, "surge_class": 0, "surge_ft": 0.0, "flood_active": false, "exposure_score": 0.0, "exposure_category": "none"}, "geometry": {"type": "Polygon", "coordinates": [[[-80.1378353, 25.7765218], [-80.1381912, 25.7765154], [-80.1381885, 25.776397], [-80.1378326, 25.7764035], [-80.1378353, 25.7765218]]]}}, {"id": "163", "type": "Feature", "properties": {"id": "7bb17d5b-d527-4d81-b3df-9f4e90e49caf", "name": null, "subtype": null, "class": null, "height": 7.896625518798828, "num_floors": null, "surge_class": 0, "surge_ft": 0.0, "flood_active": false, "exposure_score": 0.0, "exposure_category": "none"}, "geometry": {"type": "Polygon", "coordinates": [[[-80.1378516, 25.7766507], [-80.1379737, 25.7766481], [-80.1379711, 25.7765491], [-80.137849, 25.7765517], [-80.1378516, 25.7766507]]]}}, {"id": "164", "type": "Feature", "properties": {"id": "bd545a17-ccdf-4819-b02e-5fdad0944323", "name": null, "subtype": null, "class": null, "height": 8.9, "num_floors": null, "surge_class": 0, "surge_ft": 0.0, "flood_active": false, "exposure_score": 0.0, "exposure_category": "none"}, "geometry": {"type": "Polygon", "coordinates": [[[-80.1381706, 25.7762915], [-80.1378368, 25.7762984], [-80.1378389, 25.7763822], [-80.1381728, 25.7763753], [-80.1381706, 25.7762915]]]}}, {"id": "165", "type": "Feature", "properties": {"id": "8f9a3a67-3d58-49a0-a3a0-0e53bdf43116", "name": null, "subtype": null, "class": null, "height": 6.3, "num_floors": null, "surge_class": 0, "surge_ft": 0.0, "flood_active": false, "exposure_score": 0.0, "exposure_category": "none"}, "geometry": {"type": "Polygon", "coordinates": [[[-80.13788, 25.7762373], [-80.1381576, 25.7762321], [-80.1381553, 25.7761295], [-80.1378776, 25.7761347], [-80.13788, 25.7762373]]]}}, {"id": "166", "type": "Feature", "properties": {"id": "4f1e233a-1c51-4eb2-9a08-682de3283a0f", "name": null, "subtype": null, "class": null, "height": 8.9, "num_floors": null, "surge_class": 1, "surge_ft": 0.5, "flood_active": false, "exposure_score": 0.015, "exposure_category": "low"}, "geometry": {"type": "Polygon", "coordinates": [[[-80.138102, 25.7755724], [-80.1378715, 25.7755766], [-80.13787, 25.7756843], [-80.1381055, 25.7756839], [-80.138102, 25.7755724]]]}}, {"id": "167", "type": "Feature", "properties": {"id": "01edf392-1a39-4b3f-bc44-60ea89966359", "name": null, "subtype": null, "class": null, "height": 8.7, "num_floors": null, "surge_class": 1, "surge_ft": 0.5, "flood_active": false, "exposure_score": 0.015, "exposure_category": "low"}, "geometry": {"type": "Polygon", "coordinates": [[[-80.1381383, 25.7754336], [-80.1379241, 25.7754362], [-80.1379137, 25.7754437], [-80.1379152, 25.7755376], [-80.1379286, 25.7755464], [-80.137994, 25.7755421], [-80.1379955, 25.77555], [-80.1380301, 25.7755507], [-80.1380326, 25.7755431], [-80.1381294, 25.7755416], [-80.1381404, 25.7755344], [-80.1381383, 25.7754336]]]}}, {"id": "168", "type": "Feature", "properties": {"id": "8873f3ea-a8dc-4541-83a2-399b6bd0a7ad", "name": null, "subtype": null, "class": null, "height": 7.7, "num_floors": null, "surge_class": 0, "surge_ft": 0.0, "flood_active": false, "exposure_score": 0.0, "exposure_category": "none"}, "geometry": {"type": "Polygon", "coordinates": [[[-80.1379669, 25.7759536], [-80.1381646, 25.7759487], [-80.1381615, 25.7758461], [-80.1379638, 25.7758509], [-80.1379669, 25.7759536]]]}}, {"id": "169", "type": "Feature", "properties": {"id": "1c9d7b4a-ccde-4e25-89f2-34800ca455ab", "name": null, "subtype": null, "class": null, "height": 7.7, "num_floors": null, "surge_class": 0, "surge_ft": 0.0, "flood_active": false, "exposure_score": 0.0, "exposure_category": "none"}, "geometry": {"type": "Polygon", "coordinates": [[[-80.1380375, 25.776112], [-80.1381776, 25.7761064], [-80.138172, 25.7759932], [-80.1379707, 25.7760012], [-80.1379749, 25.7760889], [-80.1380363, 25.7760865], [-80.1380375, 25.776112]]]}}, {"id": "170", "type": "Feature", "properties": {"id": "189ff508-5b85-486b-b876-46c175ccda19", "name": null, "subtype": null, "class": null, "height": 9.0, "num_floors": null, "surge_class": 0, "surge_ft": 0.0, "flood_active": false, "exposure_score": 0.0, "exposure_category": "none"}, "geometry": {"type": "Polygon", "coordinates": [[[-80.1385337, 25.7754324], [-80.1384894, 25.7754332], [-80.1384918, 25.775533], [-80.1386261, 25.7755304], [-80.1386248, 25.775476], [-80.1386244, 25.7754584], [-80.1385677, 25.7754595], [-80.1385343, 25.7754602], [-80.1385337, 25.7754324]]]}}, {"id": "171", "type": "Feature", "properties": {"id": "11036f09-bc24-4549-9c6b-54bea60fd197", "name": null, "subtype": null, "class": null, "height": 8.9, "num_floors": null, "surge_class": 0, "surge_ft": 0.0, "flood_active": false, "exposure_score": 0.0, "exposure_category": "none"}, "geometry": {"type": "Polygon", "coordinates": [[[-80.138628, 25.7755659], [-80.1384959, 25.7755693], [-80.1384987, 25.7756592], [-80.1385407, 25.7756581], [-80.13854, 25.7756357], [-80.1386301, 25.7756333], [-80.138628, 25.7755659]]]}}, {"id": "172", "type": "Feature", "properties": {"id": "b9c24c1a-ee77-435e-a9e2-7b84ee14bd0b", "name": null, "subtype": null, "class": null, "height": 14.1, "num_floors": null, "surge_class": 0, "surge_ft": 0.0, "flood_active": false, "exposure_score": 0.0, "exposure_category": "none"}, "geometry": {"type": "Polygon", "coordinates": [[[-80.1388962, 25.7765238], [-80.1385441, 25.7765311], [-80.138547, 25.7766434], [-80.138899, 25.7766361], [-80.1388962, 25.7765238]]]}}, {"id": "173", "type": "Feature", "properties": {"id": "6ec61186-3155-49f8-8e39-ad4f5b949aeb", "name": null, "subtype": null, "class": null, "height": 8.0, "num_floors": null, "surge_class": 0, "surge_ft": 0.0, "flood_active": false, "exposure_score": 0.0, "exposure_category": "none"}, "geometry": {"type": "Polygon", "coordinates": [[[-80.1389157, 25.7766522], [-80.1385431, 25.7766599], [-80.1385462, 25.7767823], [-80.1388807, 25.7767753], [-80.1388802, 25.7767577], [-80.1389183, 25.776757], [-80.1389157, 25.7766522]]]}}, {"id": "174", "type": "Feature", "properties": {"id": "bbb94151-e821-416b-86a3-19b92cb3d6c8", "name": null, "subtype": null, "class": null, "height": 3.539536476135254, "num_floors": null, "surge_class": 0, "surge_ft": 0.0, "flood_active": false, "exposure_score": 0.0, "exposure_category": "none"}, "geometry": {"type": "Polygon", "coordinates": [[[-80.1389109, 25.7762487], [-80.1387099, 25.7762529], [-80.1387125, 25.7763543], [-80.1389136, 25.7763501], [-80.1389109, 25.7762487]]]}}, {"id": "175", "type": "Feature", "properties": {"id": "f93d1e0e-4cd9-464a-810f-d8f5a8414b83", "name": null, "subtype": null, "class": null, "height": 4.3, "num_floors": null, "surge_class": 0, "surge_ft": 0.0, "flood_active": false, "exposure_score": 0.0, "exposure_category": "none"}, "geometry": {"type": "Polygon", "coordinates": [[[-80.1387373, 25.7763873], [-80.1387426, 25.776492], [-80.1389119, 25.776485], [-80.1389066, 25.7763804], [-80.1387373, 25.7763873]]]}}, {"id": "176", "type": "Feature", "properties": {"id": "2663cf5b-1afa-45a1-9df5-f46860054cfa", "name": null, "subtype": null, "class": null, "height": 4.5, "num_floors": null, "surge_class": 0, "surge_ft": 0.0, "flood_active": false, "exposure_score": 0.0, "exposure_category": "none"}, "geometry": {"type": "Polygon", "coordinates": [[[-80.13854, 25.7763924], [-80.1385453, 25.7764983], [-80.138716, 25.7764913], [-80.1387106, 25.7763855], [-80.13854, 25.7763924]]]}}, {"id": "177", "type": "Feature", "properties": {"id": "8e68166e-11e4-4910-bbac-da3db6dd106d", "name": null, "subtype": null, "class": null, "height": 9.9, "num_floors": null, "surge_class": 0, "surge_ft": 0.0, "flood_active": false, "exposure_score": 0.0, "exposure_category": "none"}, "geometry": {"type": "Polygon", "coordinates": [[[-80.1386823, 25.7762801], [-80.13854, 25.7762831], [-80.1385418, 25.7763547], [-80.1386841, 25.7763517], [-80.1386823, 25.7762801]]]}}, {"id": "178", "type": "Feature", "properties": {"id": "5b5147bf-9148-4164-bc2c-eec404e28744", "name": null, "subtype": null, "class": null, "height": 8.4, "num_floors": null, "surge_class": 0, "surge_ft": 0.0, "flood_active": false, "exposure_score": 0.0, "exposure_category": "none"}, "geometry": {"type": "Polygon", "coordinates": [[[-80.1387671, 25.776107], [-80.1385262, 25.776112], [-80.1385292, 25.7762312], [-80.1387701, 25.7762262], [-80.1387671, 25.776107]]]}}, {"id": "179", "type": "Feature", "properties": {"id": "7183507a-cb8b-43ec-b1cb-2e60c77a3493", "name": null, "subtype": null, "class": null, "height": 4.474170684814453, "num_floors": null, "surge_class": 1, "surge_ft": 0.5, "flood_active": false, "exposure_score": 0.015, "exposure_category": "low"}, "geometry": {"type": "Polygon", "coordinates": [[[-80.1385226, 25.7759965], [-80.1385251, 25.7760912], [-80.1388935, 25.7760833], [-80.138891, 25.7759887], [-80.1385226, 25.7759965]]]}}, {"id": "180", "type": "Feature", "properties": {"id": "4768fc0f-11c7-4e07-a313-99a2d9e0e0eb", "name": null, "subtype": null, "class": null, "height": 5.4, "num_floors": null, "surge_class": 0, "surge_ft": 0.0, "flood_active": false, "exposure_score": 0.0, "exposure_category": "none"}, "geometry": {"type": "Polygon", "coordinates": [[[-80.1385217, 25.7759467], [-80.1388909, 25.7759409], [-80.1388889, 25.7758335], [-80.1385196, 25.7758392], [-80.1385217, 25.7759467]]]}}, {"id": "181", "type": "Feature", "properties": {"id": "e8e550bf-8445-43a3-9622-140f53891522", "name": null, "subtype": null, "class": null, "height": null, "num_floors": null, "surge_class": 0, "surge_ft": 0.0, "flood_active": false, "exposure_score": 0.0, "exposure_category": "none"}, "geometry": {"type": "Polygon", "coordinates": [[[-80.1386667, 25.7754213], [-80.1386587, 25.7754215], [-80.1386586, 25.7754141], [-80.1385667, 25.7754159], [-80.1385677, 25.7754595], [-80.1386244, 25.7754584], [-80.1386248, 25.775476], [-80.138668, 25.7754751], [-80.1386667, 25.7754213]]]}}, {"id": "182", "type": "Feature", "properties": {"id": "4e2daabb-2687-4499-8854-efbfa1b7eef8", "name": null, "subtype": null, "class": null, "height": 3.1, "num_floors": null, "surge_class": 1, "surge_ft": 0.5, "flood_active": false, "exposure_score": 0.015, "exposure_category": "low"}, "geometry": {"type": "Polygon", "coordinates": [[[-80.1387403, 25.7755474], [-80.1387037, 25.7755482], [-80.1387054, 25.7756103], [-80.1387421, 25.7756094], [-80.1387403, 25.7755474]]]}}, {"id": "183", "type": "Feature", "properties": {"id": "4f9d30a3-f417-4aa2-9851-9ae9122bcbd1", "name": null, "subtype": null, "class": null, "height": 8.8, "num_floors": null, "surge_class": 1, "surge_ft": 0.5, "flood_active": false, "exposure_score": 0.015, "exposure_category": "low"}, "geometry": {"type": "Polygon", "coordinates": [[[-80.1388798, 25.7755165], [-80.1388085, 25.7755183], [-80.1388107, 25.7756337], [-80.1388834, 25.7756317], [-80.1388798, 25.7755165]]]}}, {"id": "184", "type": "Feature", "properties": {"id": "4b64d176-9feb-44a9-90dd-8c04234a5629", "name": null, "subtype": null, "class": null, "height": 2.8068668842315674, "num_floors": null, "surge_class": 1, "surge_ft": 0.5, "flood_active": false, "exposure_score": 0.015, "exposure_category": "low"}, "geometry": {"type": "Polygon", "coordinates": [[[-80.1389684, 25.7756563], [-80.1390949, 25.7756524], [-80.13909, 25.7755239], [-80.1389635, 25.7755278], [-80.1389684, 25.7756563]]]}}, {"id": "185", "type": "Feature", "properties": {"id": "131ebf79-8634-40fe-a3f2-63a6d6a41e88", "name": null, "subtype": null, "class": null, "height": 7.4, "num_floors": null, "surge_class": 1, "surge_ft": 0.5, "flood_active": false, "exposure_score": 0.015, "exposure_category": "low"}, "geometry": {"type": "Polygon", "coordinates": [[[-80.139155, 25.775959], [-80.1389799, 25.7759626], [-80.1389827, 25.7760723], [-80.1391577, 25.7760686], [-80.139155, 25.775959]]]}}, {"id": "186", "type": "Feature", "properties": {"id": "62deb810-8d1c-4764-b7b8-beb44c8c06ee", "name": null, "subtype": null, "class": null, "height": 7.2, "num_floors": null, "surge_class": 1, "surge_ft": 0.5, "flood_active": false, "exposure_score": 0.015, "exposure_category": "low"}, "geometry": {"type": "Polygon", "coordinates": [[[-80.1393539, 25.7759546], [-80.1391756, 25.7759583], [-80.1391784, 25.7760716], [-80.1393567, 25.7760679], [-80.1393539, 25.7759546]]]}}, {"id": "187", "type": "Feature", "properties": {"id": "976f368c-53bc-48b7-9b14-d897117f7c17", "name": null, "subtype": null, "class": null, "height": 7.2, "num_floors": null, "surge_class": 1, "surge_ft": 0.5, "flood_active": false, "exposure_score": 0.015, "exposure_category": "low"}, "geometry": {"type": "Polygon", "coordinates": [[[-80.1393494, 25.775822], [-80.1391736, 25.7758257], [-80.1391764, 25.7759392], [-80.1393523, 25.7759356], [-80.1393494, 25.775822]]]}}, {"id": "188", "type": "Feature", "properties": {"id": "321ac2f2-9793-4ecc-a9a1-5b5908deb4ff", "name": null, "subtype": null, "class": null, "height": 7.2, "num_floors": null, "surge_class": 1, "surge_ft": 0.5, "flood_active": false, "exposure_score": 0.015, "exposure_category": "low"}, "geometry": {"type": "Polygon", "coordinates": [[[-80.1391517, 25.7758243], [-80.1389754, 25.775828], [-80.1389783, 25.7759444], [-80.1391546, 25.7759408], [-80.1391517, 25.7758243]]]}}, {"id": "189", "type": "Feature", "properties": {"id": "64dc67d1-7e1e-42b0-ae14-090b3de39d26", "name": null, "subtype": null, "class": null, "height": 3.438293933868408, "num_floors": null, "surge_class": 1, "surge_ft": 0.5, "flood_active": false, "exposure_score": 0.015, "exposure_category": "low"}, "geometry": {"type": "Polygon", "coordinates": [[[-80.1391286, 25.7755135], [-80.1392619, 25.7755113], [-80.1392599, 25.7754123], [-80.1391266, 25.7754145], [-80.1391286, 25.7755135]]]}}, {"id": "190", "type": "Feature", "properties": {"id": "9b360e77-9e65-459f-8c55-38433e0b4fd9", "name": null, "subtype": null, "class": null, "height": 3.539388418197632, "num_floors": null, "surge_class": 1, "surge_ft": 0.5, "flood_active": false, "exposure_score": 0.015, "exposure_category": "low"}, "geometry": {"type": "Polygon", "coordinates": [[[-80.1393021, 25.7756394], [-80.1394171, 25.7756392], [-80.1394135, 25.7755153], [-80.1392993, 25.775518], [-80.1393021, 25.7756394]]]}}, {"id": "191", "type": "Feature", "properties": {"id": "c25af5cd-3941-415d-a88d-aa389176b11c", "name": null, "subtype": null, "class": null, "height": 8.1, "num_floors": null, "surge_class": 1, "surge_ft": 0.5, "flood_active": false, "exposure_score": 0.015, "exposure_category": "low"}, "geometry": {"type": "Polygon", "coordinates": [[[-80.1392607, 25.7764841], [-80.1393663, 25.7764825], [-80.1393641, 25.7763742], [-80.1392586, 25.7763759], [-80.1392607, 25.7764841]]]}}, {"id": "192", "type": "Feature", "properties": {"id": "179ba60b-5982-47cd-87d9-ac9173b1e080", "name": null, "subtype": null, "class": null, "height": 3.7542192935943604, "num_floors": null, "surge_class": 0, "surge_ft": 0.0, "flood_active": false, "exposure_score": 0.0, "exposure_category": "none"}, "geometry": {"type": "Polygon", "coordinates": [[[-80.1390316, 25.7762075], [-80.1393628, 25.7761993], [-80.1393598, 25.7761003], [-80.1390286, 25.7761085], [-80.1390316, 25.7762075]]]}}, {"id": "193", "type": "Feature", "properties": {"id": "310eb2dd-4a19-40c3-9a25-0911a7dda9c8", "name": null, "subtype": null, "class": null, "height": 3.793290615081787, "num_floors": null, "surge_class": 1, "surge_ft": 0.5, "flood_active": false, "exposure_score": 0.015, "exposure_category": "low"}, "geometry": {"type": "Polygon", "coordinates": [[[-80.138999, 25.7763554], [-80.1393691, 25.7763426], [-80.1393651, 25.7762503], [-80.1391369, 25.7762582], [-80.1391356, 25.776227], [-80.1389937, 25.7762319], [-80.138999, 25.7763554]]]}}, {"id": "194", "type": "Feature", "properties": {"id": "3a394e0f-c3ea-4491-9e63-84e2f7c15721", "name": null, "subtype": null, "class": null, "height": 5.9, "num_floors": null, "surge_class": 0, "surge_ft": 0.0, "flood_active": false, "exposure_score": 0.0, "exposure_category": "none"}, "geometry": {"type": "Polygon", "coordinates": [[[-80.1393724, 25.776528], [-80.1390065, 25.7765356], [-80.1390086, 25.7766195], [-80.1393745, 25.7766119], [-80.1393724, 25.776528]]]}}, {"id": "195", "type": "Feature", "properties": {"id": "8b8ef8f6-0173-4b7d-8e7a-2ede2714c27c", "name": null, "subtype": null, "class": null, "height": 6.1, "num_floors": null, "surge_class": 0, "surge_ft": 0.0, "flood_active": false, "exposure_score": 0.0, "exposure_category": "none"}, "geometry": {"type": "Polygon", "coordinates": [[[-80.1390072, 25.7767608], [-80.1392013, 25.7767589], [-80.1392001, 25.7766643], [-80.1390061, 25.7766662], [-80.1390072, 25.7767608]]]}}, {"id": "196", "type": "Feature", "properties": {"id": "86ebd29b-a6b3-47a2-9b97-d7a685ad1f26", "name": null, "subtype": null, "class": null, "height": 6.0, "num_floors": null, "surge_class": 1, "surge_ft": 0.5, "flood_active": false, "exposure_score": 0.015, "exposure_category": "low"}, "geometry": {"type": "Polygon", "coordinates": [[[-80.1392234, 25.7766654], [-80.1392245, 25.776756], [-80.1393733, 25.7767545], [-80.1393723, 25.776664], [-80.1392234, 25.7766654]]]}}, {"id": "197", "type": "Feature", "properties": {"id": "78f8a33b-8689-4b03-b681-cdbd5c3a929e", "name": null, "subtype": null, "class": null, "height": 6.0, "num_floors": null, "surge_class": 1, "surge_ft": 0.5, "flood_active": false, "exposure_score": 0.015, "exposure_category": "low"}, "geometry": {"type": "Polygon", "coordinates": [[[-80.1392191, 25.776796], [-80.1392202, 25.776888], [-80.1393706, 25.7768865], [-80.1393695, 25.7767946], [-80.1392191, 25.776796]]]}}, {"id": "198", "type": "Feature", "properties": {"id": "de7afc9c-277b-4455-b892-91a045790695", "name": null, "subtype": null, "class": null, "height": 5.0, "num_floors": null, "surge_class": 0, "surge_ft": 0.0, "flood_active": false, "exposure_score": 0.0, "exposure_category": "none"}, "geometry": {"type": "Polygon", "coordinates": [[[-80.139398, 25.7773329], [-80.1392808, 25.777336], [-80.139282, 25.7773717], [-80.1392367, 25.7773729], [-80.1392389, 25.7774409], [-80.1393767, 25.7774372], [-80.1393747, 25.7773738], [-80.1393993, 25.7773732], [-80.139398, 25.7773329]]]}}, {"id": "199", "type": "Feature", "properties": {"id": "23b48f86-2a77-4809-804d-bc94d02afd67", "name": null, "subtype": null, "class": null, "height": 4.5, "num_floors": null, "surge_class": 0, "surge_ft": 0.0, "flood_active": false, "exposure_score": 0.0, "exposure_category": "none"}, "geometry": {"type": "Polygon", "coordinates": [[[-80.1392478, 25.7772056], [-80.1392495, 25.7772359], [-80.1392282, 25.7772362], [-80.1392153, 25.7772418], [-80.1392017, 25.7772567], [-80.1391981, 25.7772692], [-80.1391647, 25.7772707], [-80.1391671, 25.7773153], [-80.1393935, 25.7773054], [-80.1393894, 25.7772287], [-80.1393568, 25.7772301], [-80.1393547, 25.7771907], [-80.1392776, 25.7771941], [-80.1392782, 25.7772042], [-80.1392478, 25.7772056]]]}}, {"id": "200", "type": "Feature", "properties": {"id": "e54756d5-2582-4185-aebb-aabc5f224a3e", "name": null, "subtype": null, "class": null, "height": 3.4, "num_floors": null, "surge_class": 0, "surge_ft": 0.0, "flood_active": false, "exposure_score": 0.0, "exposure_category": "none"}, "geometry": {"type": "Polygon", "coordinates": [[[-80.1390286, 25.7773571], [-80.1390338, 25.777451], [-80.139107, 25.7774477], [-80.1391036, 25.7773866], [-80.1390785, 25.7773878], [-80.1390767, 25.7773549], [-80.1390286, 25.7773571]]]}}, {"id": "201", "type": "Feature", "properties": {"id": "42c32b1a-93d8-4a83-aa2a-6a4f80e2fdb6", "name": null, "subtype": null, "class": null, "height": 3.8, "num_floors": null, "surge_class": 0, "surge_ft": 0.0, "flood_active": false, "exposure_score": 0.0, "exposure_category": "none"}, "geometry": {"type": "Polygon", "coordinates": [[[-80.1391066, 25.7772603], [-80.1390278, 25.7772638], [-80.1390306, 25.7773162], [-80.1391095, 25.7773127], [-80.1391066, 25.7772603]]]}}, {"id": "202", "type": "Feature", "properties": {"id": "3a6175d7-699a-4a2b-90e0-6d3e5ea1decb", "name": null, "subtype": null, "class": null, "height": 8.9, "num_floors": null, "surge_class": 0, "surge_ft": 0.0, "flood_active": false, "exposure_score": 0.0, "exposure_category": "none"}, "geometry": {"type": "Polygon", "coordinates": [[[-80.1390164, 25.7770833], [-80.139019, 25.7771849], [-80.1391898, 25.7771814], [-80.139189, 25.7771506], [-80.1392826, 25.7771486], [-80.1392832, 25.7771727], [-80.1393455, 25.7771714], [-80.1393426, 25.7770596], [-80.1392514, 25.7770615], [-80.1392523, 25.7770971], [-80.1391838, 25.7770985], [-80.1391834, 25.7770798], [-80.1390164, 25.7770833]]]}}, {"id": "203", "type": "Feature", "properties": {"id": "713d1778-4360-4fdc-b943-effa0541092a", "name": null, "subtype": null, "class": null, "height": 6.0, "num_floors": null, "surge_class": 0, "surge_ft": 0.0, "flood_active": false, "exposure_score": 0.0, "exposure_category": "none"}, "geometry": {"type": "Polygon", "coordinates": [[[-80.1390073, 25.7768936], [-80.1391995, 25.7768918], [-80.1391984, 25.7767989], [-80.1390062, 25.7768007], [-80.1390073, 25.7768936]]]}}, {"id": "204", "type": "Feature", "properties": {"id": "6b9f8f3c-e9d5-4f40-95a2-f2303199ea05", "name": null, "subtype": null, "class": null, "height": 8.7, "num_floors": null, "surge_class": 1, "surge_ft": 0.5, "flood_active": false, "exposure_score": 0.015, "exposure_category": "low"}, "geometry": {"type": "Polygon", "coordinates": [[[-80.1388626, 25.7767954], [-80.1385483, 25.7768019], [-80.1385513, 25.7769212], [-80.1388656, 25.7769147], [-80.1388626, 25.7767954]]]}}, {"id": "205", "type": "Feature", "properties": {"id": "7ec1d0fc-deb6-4754-9e85-b8191738d5e1", "name": null, "subtype": null, "class": null, "height": 8.4, "num_floors": null, "surge_class": 0, "surge_ft": 0.0, "flood_active": false, "exposure_score": 0.0, "exposure_category": "none"}, "geometry": {"type": "Polygon", "coordinates": [[[-80.1385693, 25.7771817], [-80.1388495, 25.7771765], [-80.1388472, 25.7770739], [-80.1385669, 25.777079], [-80.1385693, 25.7771817]]]}}, {"id": "206", "type": "Feature", "properties": {"id": "961e9780-75d3-4139-ab64-739eee478f25", "name": null, "subtype": null, "class": null, "height": 10.7, "num_floors": null, "surge_class": 0, "surge_ft": 0.0, "flood_active": false, "exposure_score": 0.0, "exposure_category": "none"}, "geometry": {"type": "Polygon", "coordinates": [[[-80.1385537, 25.7773237], [-80.1389127, 25.7773179], [-80.1389106, 25.7772148], [-80.1385516, 25.7772207], [-80.1385537, 25.7773237]]]}}, {"id": "207", "type": "Feature", "properties": {"id": "81b9f8c0-88d0-40d4-8ebd-1124c05f4f02", "name": null, "subtype": null, "class": null, "height": 14.8, "num_floors": null, "surge_class": 0, "surge_ft": 0.0, "flood_active": false, "exposure_score": 0.0, "exposure_category": "none"}, "geometry": {"type": "Polygon", "coordinates": [[[-80.1385468, 25.7774582], [-80.1389182, 25.7774522], [-80.1389159, 25.7773381], [-80.1385446, 25.7773441], [-80.1385468, 25.7774582]]]}}, {"id": "208", "type": "Feature", "properties": {"id": "3d3e670d-f15f-4c6c-b092-bbf5deb081f0", "name": null, "subtype": null, "class": null, "height": 6.4, "num_floors": null, "surge_class": 0, "surge_ft": 0.0, "flood_active": false, "exposure_score": 0.0, "exposure_category": "none"}, "geometry": {"type": "Polygon", "coordinates": [[[-80.1385758, 25.7775685], [-80.138732, 25.7775713], [-80.1387336, 25.7774939], [-80.1385774, 25.7774912], [-80.1385758, 25.7775685]]]}}, {"id": "209", "type": "Feature", "properties": {"id": "485186e0-e425-4661-a1e2-805429edd584", "name": null, "subtype": null, "class": null, "height": 8.2, "num_floors": null, "surge_class": 0, "surge_ft": 0.0, "flood_active": false, "exposure_score": 0.0, "exposure_category": "none"}, "geometry": {"type": "Polygon", "coordinates": [[[-80.1385795, 25.7778754], [-80.1387283, 25.7778741], [-80.1387271, 25.777769], [-80.1385783, 25.7777703], [-80.1385795, 25.7778754]]]}}, {"id": "210", "type": "Feature", "properties": {"id": "6b4dec9f-5539-439c-95d5-147f8b5ec7b2", "name": null, "subtype": null, "class": null, "height": 14.7, "num_floors": null, "surge_class": 0, "surge_ft": 0.0, "flood_active": false, "exposure_score": 0.0, "exposure_category": "none"}, "geometry": {"type": "Polygon", "coordinates": [[[-80.1385586, 25.7776221], [-80.1385628, 25.7777453], [-80.1386053, 25.7777441], [-80.1386044, 25.7777172], [-80.1386315, 25.7777165], [-80.1386322, 25.7777366], [-80.1386696, 25.7777356], [-80.138669, 25.777718], [-80.1387339, 25.7777162], [-80.1387347, 25.7777381], [-80.1387721, 25.7777371], [-80.1387714, 25.7777166], [-80.1388379, 25.7777147], [-80.1388385, 25.7777324], [-80.1388784, 25.7777313], [-80.1388778, 25.7777123], [-80.1389213, 25.7777102], [-80.138934, 25.7776267], [-80.138603, 25.777636], [-80.1386025, 25.7776209], [-80.1385586, 25.7776221]]]}}, {"id": "211", "type": "Feature", "properties": {"id": "084225a2-a0b2-45b8-a92c-ae21bd690329", "name": null, "subtype": null, "class": null, "height": 9.0, "num_floors": null, "surge_class": 0, "surge_ft": 0.0, "flood_active": false, "exposure_score": 0.0, "exposure_category": "none"}, "geometry": {"type": "Polygon", "coordinates": [[[-80.1389053, 25.7777831], [-80.1387548, 25.7777863], [-80.138757, 25.7778744], [-80.1389075, 25.7778713], [-80.1389053, 25.7777831]]]}}, {"id": "212", "type": "Feature", "properties": {"id": "a6e53059-11db-4d67-a881-f7f12e3a76bf", "name": null, "subtype": null, "class": null, "height": 12.5, "num_floors": null, "surge_class": 1, "surge_ft": 0.5, "flood_active": false, "exposure_score": 0.015, "exposure_category": "low"}, "geometry": {"type": "Polygon", "coordinates": [[[-80.1389374, 25.7779071], [-80.1385744, 25.7779146], [-80.1385769, 25.7780113], [-80.1389398, 25.7780037], [-80.1389374, 25.7779071]]]}}, {"id": "213", "type": "Feature", "properties": {"id": "e9574295-85b6-40d9-b692-1dccb1e86b6d", "name": null, "subtype": null, "class": null, "height": 9.6, "num_floors": null, "surge_class": 1, "surge_ft": 0.5, "flood_active": false, "exposure_score": 0.015, "exposure_category": "low"}, "geometry": {"type": "Polygon", "coordinates": [[[-80.1389553, 25.7780375], [-80.1385933, 25.778045], [-80.1385961, 25.7781536], [-80.1389581, 25.7781461], [-80.1389553, 25.7780375]]]}}, {"id": "214", "type": "Feature", "properties": {"id": "a29a6feb-aca3-4ca7-bc13-524169b7ae42", "name": null, "subtype": null, "class": null, "height": 7.9, "num_floors": null, "surge_class": 0, "surge_ft": 0.0, "flood_active": false, "exposure_score": 0.0, "exposure_category": "none"}, "geometry": {"type": "Polygon", "coordinates": [[[-80.1394208, 25.7780169], [-80.1390461, 25.7780247], [-80.1390492, 25.7781456], [-80.1394238, 25.7781378], [-80.1394208, 25.7780169]]]}}, {"id": "215", "type": "Feature", "properties": {"id": "1be26257-7676-43c7-b306-c5caf4b33f1b", "name": null, "subtype": null, "class": null, "height": 6.3, "num_floors": null, "surge_class": 0, "surge_ft": 0.0, "flood_active": false, "exposure_score": 0.0, "exposure_category": "none"}, "geometry": {"type": "Polygon", "coordinates": [[[-80.1392128, 25.7777489], [-80.1390686, 25.7777509], [-80.1390705, 25.7778715], [-80.1392148, 25.7778696], [-80.1392128, 25.7777489]]]}}, {"id": "216", "type": "Feature", "properties": {"id": "99b59976-5fad-4921-ac38-4c503ed65a2e", "name": null, "subtype": null, "class": null, "height": 9.9, "num_floors": null, "surge_class": 0, "surge_ft": 0.0, "flood_active": false, "exposure_score": 0.0, "exposure_category": "none"}, "geometry": {"type": "Polygon", "coordinates": [[[-80.1393972, 25.7774818], [-80.139031, 25.7774894], [-80.1390379, 25.7777346], [-80.1392086, 25.7777303], [-80.139207, 25.7776793], [-80.1391499, 25.7776785], [-80.1391451, 25.7775865], [-80.1393997, 25.77758], [-80.1393972, 25.7774818]]]}}, {"id": "217", "type": "Feature", "properties": {"id": "8bca35c6-e08d-420a-b0dc-c2ede920f1b6", "name": null, "subtype": null, "class": null, "height": 7.2, "num_floors": null, "surge_class": 0, "surge_ft": 0.0, "flood_active": false, "exposure_score": 0.0, "exposure_category": "none"}, "geometry": {"type": "Polygon", "coordinates": [[[-80.1393515, 25.7777815], [-80.1393528, 25.7778597], [-80.1394107, 25.777859], [-80.1394089, 25.777747], [-80.1392853, 25.7777487], [-80.1392859, 25.7777824], [-80.1393515, 25.7777815]]]}}, {"id": "218", "type": "Feature", "properties": {"id": "918acb97-bbd8-480f-9139-ef3e64de56e8", "name": null, "subtype": null, "class": null, "height": 5.2, "num_floors": null, "surge_class": 0, "surge_ft": 0.0, "flood_active": false, "exposure_score": 0.0, "exposure_category": "none"}, "geometry": {"type": "Polygon", "coordinates": [[[-80.1393914, 25.7776171], [-80.139248, 25.7776213], [-80.1392505, 25.7776901], [-80.139228, 25.7776907], [-80.1392291, 25.7777202], [-80.1393949, 25.7777154], [-80.1393914, 25.7776171]]]}}, {"id": "219", "type": "Feature", "properties": {"id": "b4120312-a6db-4f81-9fc2-c7dd973bbb31", "name": null, "subtype": null, "class": null, "height": 9.7, "num_floors": null, "surge_class": 0, "surge_ft": 0.0, "flood_active": false, "exposure_score": 0.0, "exposure_category": "none"}, "geometry": {"type": "Polygon", "coordinates": [[[-80.1394125, 25.7779035], [-80.1391837, 25.7779083], [-80.1391858, 25.7779922], [-80.1394146, 25.7779875], [-80.1394125, 25.7779035]]]}}, {"id": "220", "type": "Feature", "properties": {"id": "d20affd2-4735-4f41-a101-b23519bd139e", "name": null, "subtype": null, "class": null, "height": 12.6, "num_floors": null, "surge_class": 0, "surge_ft": 0.0, "flood_active": false, "exposure_score": 0.0, "exposure_category": "none"}, "geometry": {"type": "Polygon", "coordinates": [[[-80.1394294, 25.7785205], [-80.13906, 25.77853], [-80.1390641, 25.7786598], [-80.1394335, 25.7786503], [-80.1394294, 25.7785205]]]}}, {"id": "221", "type": "Feature", "properties": {"id": "fb3764dc-8d91-4785-bb54-182850788438", "name": null, "subtype": null, "class": null, "height": 12.8, "num_floors": null, "surge_class": 0, "surge_ft": 0.0, "flood_active": false, "exposure_score": 0.0, "exposure_category": "none"}, "geometry": {"type": "Polygon", "coordinates": [[[-80.139041, 25.7786834], [-80.1390517, 25.7790234], [-80.1394455, 25.7790133], [-80.1394348, 25.7786732], [-80.139041, 25.7786834]], [[-80.1391543, 25.7787852], [-80.1393279, 25.7787804], [-80.139331, 25.7789261], [-80.1391512, 25.7789288], [-80.1391543, 25.7787852]]]}}, {"id": "222", "type": "Feature", "properties": {"id": "4c205695-ae11-44df-a29e-82ccbbea96ab", "name": null, "subtype": null, "class": null, "height": 10.2, "num_floors": null, "surge_class": 0, "surge_ft": 0.0, "flood_active": false, "exposure_score": 0.0, "exposure_category": "none"}, "geometry": {"type": "Polygon", "coordinates": [[[-80.1390293, 25.7783112], [-80.1390339, 25.7784571], [-80.1394251, 25.7784471], [-80.1394205, 25.7782997], [-80.1393104, 25.7783026], [-80.1393121, 25.7783565], [-80.1391378, 25.778361], [-80.1391362, 25.7783085], [-80.1390293, 25.7783112]]]}}, {"id": "223", "type": "Feature", "properties": {"id": "82e7cd4d-52d5-49e2-b2b2-612e2b106e9b", "name": null, "subtype": null, "class": null, "height": 14.9, "num_floors": null, "surge_class": 1, "surge_ft": 0.5, "flood_active": false, "exposure_score": 0.015, "exposure_category": "low"}, "geometry": {"type": "Polygon", "coordinates": [[[-80.1385903, 25.7783188], [-80.138594, 25.7784817], [-80.1386461, 25.7784807], [-80.1386459, 25.7784675], [-80.1387817, 25.778465], [-80.1387819, 25.7784743], [-80.1388174, 25.7784736], [-80.1388172, 25.7784635], [-80.1389397, 25.7784613], [-80.1389399, 25.7784711], [-80.1390056, 25.7784699], [-80.139002, 25.7783094], [-80.1389393, 25.7783106], [-80.1389403, 25.7783593], [-80.1388268, 25.7783614], [-80.1388261, 25.7783318], [-80.1387595, 25.778333], [-80.1387603, 25.778366], [-80.1386597, 25.7783678], [-80.1386586, 25.7783175], [-80.1385903, 25.7783188]]]}}, {"id": "224", "type": "Feature", "properties": {"id": "5141b92c-f651-4429-9cff-dc607f0b4dd1", "name": null, "subtype": null, "class": null, "height": 8.5, "num_floors": null, "surge_class": 1, "surge_ft": 0.5, "flood_active": false, "exposure_score": 0.015, "exposure_category": "low"}, "geometry": {"type": "Polygon", "coordinates": [[[-80.1386972, 25.7785178], [-80.1386991, 25.7785799], [-80.1386003, 25.7785825], [-80.138603, 25.7786713], [-80.1387368, 25.7786678], [-80.1387349, 25.7786098], [-80.1388438, 25.778607], [-80.1388425, 25.7785643], [-80.1388187, 25.778565], [-80.1388172, 25.7785148], [-80.1386972, 25.7785178]]]}}, {"id": "225", "type": "Feature", "properties": {"id": "e64f7cd7-b973-4855-b505-e283c8430bb3", "name": null, "subtype": null, "class": null, "height": 7.0, "num_floors": null, "surge_class": 0, "surge_ft": 0.0, "flood_active": false, "exposure_score": 0.0, "exposure_category": "none"}, "geometry": {"type": "Polygon", "coordinates": [[[-80.1389562, 25.7788427], [-80.1390198, 25.7788416], [-80.1390165, 25.778687], [-80.1386108, 25.7786941], [-80.1386132, 25.7788038], [-80.1389552, 25.7787978], [-80.1389562, 25.7788427]]]}}, {"id": "226", "type": "Feature", "properties": {"id": "a0a3937d-4e31-46fb-a3af-ee9741e3a5b8", "name": null, "subtype": null, "class": null, "height": 6.8, "num_floors": null, "surge_class": 1, "surge_ft": 0.5, "flood_active": false, "exposure_score": 0.015, "exposure_category": "low"}, "geometry": {"type": "Polygon", "coordinates": [[[-80.1388714, 25.779226], [-80.1390242, 25.7792249], [-80.1390227, 25.7790535], [-80.1388699, 25.7790545], [-80.1388714, 25.779226]]]}}, {"id": "227", "type": "Feature", "properties": {"id": "c39e5e3e-0d53-4ec6-a181-d99f094fdaec", "name": null, "subtype": null, "class": null, "height": 6.8, "num_floors": null, "surge_class": 0, "surge_ft": 0.0, "flood_active": false, "exposure_score": 0.0, "exposure_category": "none"}, "geometry": {"type": "Polygon", "coordinates": [[[-80.1386152, 25.7790389], [-80.1388995, 25.7790329], [-80.1388967, 25.7789255], [-80.1386124, 25.7789314], [-80.1386152, 25.7790389]]]}}, {"id": "228", "type": "Feature", "properties": {"id": "6fe4d8f5-3a78-43ed-97bd-bc688ce366c2", "name": null, "subtype": null, "class": null, "height": 9.0, "num_floors": null, "surge_class": 1, "surge_ft": 0.5, "flood_active": false, "exposure_score": 0.015, "exposure_category": "low"}, "geometry": {"type": "Polygon", "coordinates": [[[-80.1387235, 25.7791847], [-80.1387236, 25.779209], [-80.1386836, 25.7792092], [-80.1386838, 25.7792423], [-80.1387904, 25.7792416], [-80.1387894, 25.779094], [-80.138635, 25.7790949], [-80.1386356, 25.7791852], [-80.1387235, 25.7791847]]]}}, {"id": "229", "type": "Feature", "properties": {"id": "94a07649-3c1d-43b9-a8cf-b27894ace066", "name": null, "subtype": null, "class": null, "height": 9.5, "num_floors": null, "surge_class": 0, "surge_ft": 0.0, "flood_active": false, "exposure_score": 0.0, "exposure_category": "none"}, "geometry": {"type": "Polygon", "coordinates": [[[-80.1390341, 25.7794486], [-80.1387725, 25.7794553], [-80.1387758, 25.7795623], [-80.1390374, 25.7795555], [-80.1390341, 25.7794486]]]}}, {"id": "230", "type": "Feature", "properties": {"id": "ca5ee81e-060d-408d-8f06-12acbc783222", "name": null, "subtype": null, "class": null, "height": 7.4, "num_floors": null, "surge_class": 1, "surge_ft": 0.5, "flood_active": false, "exposure_score": 0.015, "exposure_category": "low"}, "geometry": {"type": "Polygon", "coordinates": [[[-80.1390545, 25.779431], [-80.1390595, 25.7795907], [-80.1394681, 25.7795803], [-80.1394631, 25.7794212], [-80.1393357, 25.7794245], [-80.139337, 25.7794658], [-80.1391785, 25.7794699], [-80.1391772, 25.7794278], [-80.1390545, 25.779431]]]}}, {"id": "231", "type": "Feature", "properties": {"id": "a90e8d10-e6e3-4ba5-871d-12ef2f7c06eb", "name": null, "subtype": null, "class": null, "height": 19.8, "num_floors": null, "surge_class": 0, "surge_ft": 0.0, "flood_active": false, "exposure_score": 0.0, "exposure_category": "none"}, "geometry": {"type": "Polygon", "coordinates": [[[-80.1394574, 25.7790443], [-80.1390508, 25.7790548], [-80.1390559, 25.7792166], [-80.1394624, 25.7792062], [-80.1394574, 25.7790443]]]}}, {"id": "232", "type": "Feature", "properties": {"id": "3a4b1098-a202-4bf6-9707-c57a08730845", "name": null, "subtype": null, "class": null, "height": 9.7, "num_floors": null, "surge_class": 1, "surge_ft": 0.5, "flood_active": false, "exposure_score": 0.015, "exposure_category": "low"}, "geometry": {"type": "Polygon", "coordinates": [[[-80.139461, 25.779787], [-80.1393428, 25.77979], [-80.1393472, 25.779932], [-80.1394655, 25.7799289], [-80.139461, 25.779787]]]}}, {"id": "233", "type": "Feature", "properties": {"id": "5818ef36-a136-4e2b-bd08-1fdb64b1bf53", "name": null, "subtype": null, "class": null, "height": 7.2, "num_floors": null, "surge_class": 1, "surge_ft": 0.5, "flood_active": false, "exposure_score": 0.015, "exposure_category": "low"}, "geometry": {"type": "Polygon", "coordinates": [[[-80.1394003, 25.7796133], [-80.1390618, 25.779622], [-80.1390658, 25.7797502], [-80.1394043, 25.7797415], [-80.1394003, 25.7796133]]]}}, {"id": "234", "type": "Feature", "properties": {"id": "8b342da9-c849-4891-a0c3-df3a338c2129", "name": null, "subtype": null, "class": null, "height": 5.0, "num_floors": null, "surge_class": 1, "surge_ft": 0.5, "flood_active": false, "exposure_score": 0.015, "exposure_category": "low"}, "geometry": {"type": "Polygon", "coordinates": [[[-80.1393098, 25.7799483], [-80.1390743, 25.7799543], [-80.1390794, 25.780116], [-80.1391466, 25.7801148], [-80.1391442, 25.7800889], [-80.1391665, 25.7800889], [-80.1391673, 25.7800279], [-80.1393133, 25.7800249], [-80.1393098, 25.7799483]]]}}, {"id": "235", "type": "Feature", "properties": {"id": "8afa0236-aa90-4052-9246-e2a08b411231", "name": null, "subtype": null, "class": null, "height": 19.7, "num_floors": null, "surge_class": 2, "surge_ft": 1.5, "flood_active": false, "exposure_score": 0.045, "exposure_category": "low"}, "geometry": {"type": "Polygon", "coordinates": [[[-80.1394821, 25.7801345], [-80.1390846, 25.7801447], [-80.1390885, 25.7802716], [-80.1394861, 25.7802614], [-80.1394821, 25.7801345]]]}}, {"id": "236", "type": "Feature", "properties": {"id": "000425e2-6dc0-4757-9798-4bd592170d1d", "name": null, "subtype": null, "class": null, "height": 6.0, "num_floors": null, "surge_class": 1, "surge_ft": 0.5, "flood_active": false, "exposure_score": 0.015, "exposure_category": "low"}, "geometry": {"type": "Polygon", "coordinates": [[[-80.1394127, 25.779997], [-80.1394134, 25.7800175], [-80.1393737, 25.7800186], [-80.1393746, 25.7800469], [-80.1392505, 25.7800502], [-80.139252, 25.7800979], [-80.139484, 25.7800919], [-80.1394793, 25.7799431], [-80.1393538, 25.7799464], [-80.1393554, 25.7799985], [-80.1394127, 25.779997]]]}}, {"id": "237", "type": "Feature", "properties": {"id": "a90c19bf-47c2-4c53-8006-799565015e41", "name": null, "subtype": null, "class": null, "height": 15.8, "num_floors": null, "surge_class": 2, "surge_ft": 1.5, "flood_active": false, "exposure_score": 0.045, "exposure_category": "low"}, "geometry": {"type": "Polygon", "coordinates": [[[-80.1392633, 25.7804356], [-80.1392636, 25.7804498], [-80.1393307, 25.7804483], [-80.1393291, 25.7803923], [-80.1393743, 25.7803913], [-80.1393757, 25.7804426], [-80.1395044, 25.7804398], [-80.1395006, 25.7802975], [-80.139372, 25.7803003], [-80.1393729, 25.7803348], [-80.1392831, 25.7803368], [-80.1392823, 25.780306], [-80.1391728, 25.7803084], [-80.1391762, 25.7804375], [-80.1392633, 25.7804356]]]}}, {"id": "238", "type": "Feature", "properties": {"id": "8bcd1e3e-8f3e-4aae-957c-f2b603351905", "name": null, "subtype": null, "class": null, "height": 30.7, "num_floors": null, "surge_class": 2, "surge_ft": 1.5, "flood_active": false, "exposure_score": 0.045, "exposure_category": "low"}, "geometry": {"type": "Polygon", "coordinates": [[[-80.1394051, 25.7807273], [-80.1391806, 25.7807329], [-80.1391217, 25.7807344], [-80.1391247, 25.7808309], [-80.1391795, 25.7808295], [-80.1392684, 25.7808273], [-80.1392697, 25.7808688], [-80.139346, 25.7808669], [-80.1393467, 25.7808904], [-80.1393967, 25.7808891], [-80.1393974, 25.7809124], [-80.1393992, 25.7809721], [-80.1395171, 25.7809692], [-80.1395153, 25.7809115], [-80.1395102, 25.7807421], [-80.1395089, 25.7807003], [-80.1394044, 25.7807029], [-80.1394051, 25.7807273]], [[-80.1393948, 25.7808616], [-80.1393551, 25.7808609], [-80.1393559, 25.7808235], [-80.1393956, 25.7808242], [-80.1393948, 25.7808616]]]}}, {"id": "239", "type": "Feature", "properties": {"id": "9b67ea79-8575-4dc6-b613-407684042453", "name": null, "subtype": null, "class": null, "height": 5.7, "num_floors": null, "surge_class": 1, "surge_ft": 0.5, "flood_active": false, "exposure_score": 0.015, "exposure_category": "low"}, "geometry": {"type": "Polygon", "coordinates": [[[-80.1386704, 25.7803364], [-80.1386746, 25.7804709], [-80.139069, 25.7804608], [-80.139067, 25.7803972], [-80.1390212, 25.7803984], [-80.139019, 25.7803275], [-80.1386704, 25.7803364]]]}}, {"id": "240", "type": "Feature", "properties": {"id": "e8b82ecd-646a-4d77-9712-57a8220d8f76", "name": null, "subtype": null, "class": null, "height": 23.5, "num_floors": null, "surge_class": 1, "surge_ft": 0.5, "flood_active": false, "exposure_score": 0.015, "exposure_category": "low"}, "geometry": {"type": "Polygon", "coordinates": [[[-80.138674, 25.7809083], [-80.1390562, 25.780901], [-80.139051, 25.7806824], [-80.1386688, 25.7806898], [-80.138674, 25.7809083]]]}}, {"id": "241", "type": "Feature", "properties": {"id": "a3f38deb-92a6-4d1c-8d32-aeff76560f40", "name": null, "subtype": null, "class": null, "height": 8.3, "num_floors": null, "surge_class": 1, "surge_ft": 0.5, "flood_active": false, "exposure_score": 0.015, "exposure_category": "low"}, "geometry": {"type": "Polygon", "coordinates": [[[-80.138981, 25.7801478], [-80.1386462, 25.7801564], [-80.1386501, 25.7802829], [-80.138985, 25.7802743], [-80.138981, 25.7801478]]]}}, {"id": "242", "type": "Feature", "properties": {"id": "4f364133-147a-4ada-b52a-48587b545660", "name": null, "subtype": null, "class": null, "height": 14.2, "num_floors": null, "surge_class": 0, "surge_ft": 0.0, "flood_active": false, "exposure_score": 0.0, "exposure_category": "none"}, "geometry": {"type": "Polygon", "coordinates": [[[-80.1390456, 25.779955], [-80.1386512, 25.7799651], [-80.1386563, 25.7801277], [-80.1387118, 25.7801262], [-80.1387114, 25.7801118], [-80.1390503, 25.7801031], [-80.1390456, 25.779955]]]}}, {"id": "243", "type": "Feature", "properties": {"id": "825d73e0-b463-4424-a5f5-92d9edc59583", "name": null, "subtype": null, "class": null, "height": 8.4, "num_floors": null, "surge_class": 0, "surge_ft": 0.0, "flood_active": false, "exposure_score": 0.0, "exposure_category": "none"}, "geometry": {"type": "Polygon", "coordinates": [[[-80.1390397, 25.7797931], [-80.138637, 25.7798034], [-80.1386414, 25.7799412], [-80.139044, 25.7799308], [-80.1390397, 25.7797931]]]}}, {"id": "244", "type": "Feature", "properties": {"id": "1fc0ef1c-66a2-4a01-b69f-a8c41c51b488", "name": null, "subtype": null, "class": null, "height": 16.1, "num_floors": null, "surge_class": 0, "surge_ft": 0.0, "flood_active": false, "exposure_score": 0.0, "exposure_category": "none"}, "geometry": {"type": "Polygon", "coordinates": [[[-80.1389966, 25.779619], [-80.1386231, 25.7796286], [-80.1386275, 25.7797693], [-80.139001, 25.7797598], [-80.1389966, 25.779619]]]}}, {"id": "245", "type": "Feature", "properties": {"id": "78e2a6bd-02c2-4edf-ac61-df9ee7e87c23", "name": null, "subtype": null, "class": null, "height": 8.5, "num_floors": null, "surge_class": 0, "surge_ft": 0.0, "flood_active": false, "exposure_score": 0.0, "exposure_category": "none"}, "geometry": {"type": "Polygon", "coordinates": [[[-80.1386632, 25.7795711], [-80.1386635, 25.7795942], [-80.1387101, 25.7795937], [-80.1387098, 25.7795679], [-80.1387214, 25.7795677], [-80.1387212, 25.7795471], [-80.1387466, 25.7795469], [-80.138746, 25.7794921], [-80.1386387, 25.7794931], [-80.1386396, 25.7795713], [-80.1386632, 25.7795711]]]}}, {"id": "246", "type": "Feature", "properties": {"id": "28699044-6757-44b3-9f57-0eb7a8e8f89b", "name": null, "subtype": null, "class": null, "height": 7.4, "num_floors": null, "surge_class": 0, "surge_ft": 0.0, "flood_active": false, "exposure_score": 0.0, "exposure_category": "none"}, "geometry": {"type": "Polygon", "coordinates": [[[-80.1381272, 25.7796762], [-80.1382783, 25.7796715], [-80.1382751, 25.7795865], [-80.1381239, 25.7795913], [-80.1381272, 25.7796762]]]}}, {"id": "247", "type": "Feature", "properties": {"id": "0ba5ea7b-7817-41dd-98f2-0e1b64ac9bb2", "name": null, "subtype": null, "class": null, "height": 8.365072250366211, "num_floors": null, "surge_class": 0, "surge_ft": 0.0, "flood_active": false, "exposure_score": 0.0, "exposure_category": "none"}, "geometry": {"type": "Polygon", "coordinates": [[[-80.1380027, 25.7802277], [-80.1383104, 25.7802221], [-80.1383082, 25.7801243], [-80.1380005, 25.7801299], [-80.1380027, 25.7802277]]]}}, {"id": "248", "type": "Feature", "properties": {"id": "547d995e-49a3-420b-83f5-2d9b2d4fc6bd", "name": null, "subtype": null, "class": null, "height": 9.2, "num_floors": null, "surge_class": 1, "surge_ft": 0.5, "flood_active": false, "exposure_score": 0.015, "exposure_category": "low"}, "geometry": {"type": "Polygon", "coordinates": [[[-80.1383119, 25.7808231], [-80.1381434, 25.7808273], [-80.1381461, 25.7809155], [-80.1383145, 25.7809113], [-80.1383119, 25.7808231]]]}}, {"id": "249", "type": "Feature", "properties": {"id": "253433f8-b802-4474-8a53-ea8299a1449e", "name": null, "subtype": null, "class": null, "height": 6.6, "num_floors": null, "surge_class": 1, "surge_ft": 0.5, "flood_active": false, "exposure_score": 0.015, "exposure_category": "low"}, "geometry": {"type": "Polygon", "coordinates": [[[-80.1381683, 25.7807744], [-80.1383176, 25.7807721], [-80.1383158, 25.7806731], [-80.1381664, 25.7806754], [-80.1381683, 25.7807744]]]}}, {"id": "250", "type": "Feature", "properties": {"id": "e032258b-8ba7-4b90-8584-a3254296cfeb", "name": null, "subtype": null, "class": null, "height": 7.9, "num_floors": null, "surge_class": 0, "surge_ft": 0.0, "flood_active": false, "exposure_score": 0.0, "exposure_category": "none"}, "geometry": {"type": "Polygon", "coordinates": [[[-80.1381812, 25.7804874], [-80.1383055, 25.7804858], [-80.138302, 25.78027], [-80.1381777, 25.7802717], [-80.1381812, 25.7804874]]]}}, {"id": "251", "type": "Feature", "properties": {"id": "dc40a83d-4e96-422f-8ec2-1a0b102b8d40", "name": null, "subtype": null, "class": null, "height": 7.9, "num_floors": null, "surge_class": 1, "surge_ft": 0.5, "flood_active": false, "exposure_score": 0.015, "exposure_category": "low"}, "geometry": {"type": "Polygon", "coordinates": [[[-80.1379744, 25.7802635], [-80.1379781, 25.7804941], [-80.1380957, 25.7804925], [-80.1380933, 25.7803482], [-80.1381387, 25.7803476], [-80.1381373, 25.7802614], [-80.1379744, 25.7802635]]]}}, {"id": "252", "type": "Feature", "properties": {"id": "0d2ebf43-5d62-4a4f-b4e1-0309b0053f27", "name": null, "subtype": null, "class": null, "height": 9.2, "num_floors": null, "surge_class": 1, "surge_ft": 0.5, "flood_active": false, "exposure_score": 0.015, "exposure_category": "low"}, "geometry": {"type": "Polygon", "coordinates": [[[-80.138149, 25.7806917], [-80.1379767, 25.780696], [-80.1379794, 25.7807838], [-80.1381516, 25.7807795], [-80.138149, 25.7806917]]]}}, {"id": "253", "type": "Feature", "properties": {"id": "768c988d-5904-4982-a69b-48ee5802ca60", "name": null, "subtype": null, "class": null, "height": 12.2, "num_floors": null, "surge_class": 1, "surge_ft": 0.5, "flood_active": false, "exposure_score": 0.015, "exposure_category": "low"}, "geometry": {"type": "Polygon", "coordinates": [[[-80.1375578, 25.7809232], [-80.1378935, 25.7809167], [-80.1378909, 25.7808068], [-80.1375551, 25.7808133], [-80.1375578, 25.7809232]]]}}, {"id": "254", "type": "Feature", "properties": {"id": "fac470f1-4611-45d5-ad8c-7c361c3f454f", "name": null, "subtype": null, "class": null, "height": 6.6, "num_floors": null, "surge_class": 1, "surge_ft": 0.5, "flood_active": false, "exposure_score": 0.015, "exposure_category": "low"}, "geometry": {"type": "Polygon", "coordinates": [[[-80.1375417, 25.7807958], [-80.1378925, 25.7807891], [-80.1378896, 25.7806656], [-80.1375388, 25.7806724], [-80.1375417, 25.7807958]]]}}, {"id": "255", "type": "Feature", "properties": {"id": "6cc83e91-0d5c-4f99-9909-0091050ddbb3", "name": null, "subtype": null, "class": null, "height": 7.5, "num_floors": null, "surge_class": 1, "surge_ft": 0.5, "flood_active": false, "exposure_score": 0.015, "exposure_category": "low"}, "geometry": {"type": "Polygon", "coordinates": [[[-80.1375379, 25.7805185], [-80.1378476, 25.7805132], [-80.1378454, 25.7804105], [-80.1375357, 25.7804158], [-80.1375379, 25.7805185]]]}}, {"id": "256", "type": "Feature", "properties": {"id": "3d320ced-c198-4d25-9390-749d6ecda83c", "name": null, "subtype": null, "class": null, "height": 7.5, "num_floors": null, "surge_class": 0, "surge_ft": 0.0, "flood_active": false, "exposure_score": 0.0, "exposure_category": "none"}, "geometry": {"type": "Polygon", "coordinates": [[[-80.137742, 25.7803782], [-80.1378716, 25.7803729], [-80.1378664, 25.7802686], [-80.1377367, 25.7802739], [-80.137742, 25.7803782]]]}}, {"id": "257", "type": "Feature", "properties": {"id": "4b37f8e7-eeb4-41fa-a161-2bdd54e96e37", "name": null, "subtype": null, "class": null, "height": 4.4, "num_floors": null, "surge_class": 1, "surge_ft": 0.5, "flood_active": false, "exposure_score": 0.015, "exposure_category": "low"}, "geometry": {"type": "Polygon", "coordinates": [[[-80.1377198, 25.7803388], [-80.1376492, 25.7803407], [-80.1376507, 25.7803874], [-80.1377213, 25.7803856], [-80.1377198, 25.7803388]]]}}, {"id": "258", "type": "Feature", "properties": {"id": "2c80df49-dfa5-49eb-80b8-0647c440f5df", "name": null, "subtype": null, "class": null, "height": 6.6, "num_floors": null, "surge_class": 1, "surge_ft": 0.5, "flood_active": false, "exposure_score": 0.015, "exposure_category": "low"}, "geometry": {"type": "Polygon", "coordinates": [[[-80.1375339, 25.7802468], [-80.1378642, 25.780243], [-80.1378626, 25.7801343], [-80.1375323, 25.7801381], [-80.1375339, 25.7802468]]]}}, {"id": "259", "type": "Feature", "properties": {"id": "9e2dd1b2-f0f9-419a-9b04-a436418ae518", "name": null, "subtype": null, "class": null, "height": 10.3, "num_floors": null, "surge_class": 1, "surge_ft": 0.5, "flood_active": false, "exposure_score": 0.015, "exposure_category": "low"}, "geometry": {"type": "Polygon", "coordinates": [[[-80.1375255, 25.7801095], [-80.1378619, 25.7801057], [-80.1378603, 25.7799914], [-80.1375239, 25.7799953], [-80.1375255, 25.7801095]]]}}, {"id": "260", "type": "Feature", "properties": {"id": "7ee392b4-346f-4999-89c0-bf214a167606", "name": null, "subtype": null, "class": null, "height": 6.4, "num_floors": null, "surge_class": 0, "surge_ft": 0.0, "flood_active": false, "exposure_score": 0.0, "exposure_category": "none"}, "geometry": {"type": "Polygon", "coordinates": [[[-80.1380021, 25.7800859], [-80.1382722, 25.7800839], [-80.1382713, 25.7799885], [-80.1380012, 25.7799905], [-80.1380021, 25.7800859]]]}}, {"id": "261", "type": "Feature", "properties": {"id": "6323f14d-810a-4385-9ff8-43d336c98b81", "name": null, "subtype": null, "class": null, "height": 6.9, "num_floors": null, "surge_class": 0, "surge_ft": 0.0, "flood_active": false, "exposure_score": 0.0, "exposure_category": "none"}, "geometry": {"type": "Polygon", "coordinates": [[[-80.1380042, 25.7798582], [-80.138006, 25.7799566], [-80.1382667, 25.7799527], [-80.1382649, 25.7798544], [-80.1380042, 25.7798582]]]}}, {"id": "262", "type": "Feature", "properties": {"id": "0d693a7b-657d-40f5-8095-7e393a7b4b03", "name": null, "subtype": null, "class": null, "height": 6.3, "num_floors": null, "surge_class": 0, "surge_ft": 0.0, "flood_active": false, "exposure_score": 0.0, "exposure_category": "none"}, "geometry": {"type": "Polygon", "coordinates": [[[-80.1379492, 25.7798196], [-80.1382894, 25.779812], [-80.1382866, 25.779709], [-80.1379464, 25.7797165], [-80.1379492, 25.7798196]]]}}, {"id": "263", "type": "Feature", "properties": {"id": "fcdd19da-cd44-446c-9fc5-f5e36361d2ac", "name": null, "subtype": null, "class": null, "height": 6.8, "num_floors": null, "surge_class": 1, "surge_ft": 0.5, "flood_active": false, "exposure_score": 0.015, "exposure_category": "low"}, "geometry": {"type": "Polygon", "coordinates": [[[-80.1379477, 25.7796734], [-80.1380966, 25.7796696], [-80.1380941, 25.77959], [-80.1379452, 25.7795938], [-80.1379477, 25.7796734]]]}}, {"id": "264", "type": "Feature", "properties": {"id": "7a5a706d-6e7b-43e4-a13f-15e265983d77", "name": null, "subtype": null, "class": null, "height": 7.4, "num_floors": null, "surge_class": 1, "surge_ft": 0.5, "flood_active": false, "exposure_score": 0.015, "exposure_category": "low"}, "geometry": {"type": "Polygon", "coordinates": [[[-80.1375161, 25.779834], [-80.1378591, 25.7798283], [-80.1378567, 25.779712], [-80.1377943, 25.779713], [-80.1377948, 25.7797348], [-80.1375724, 25.7797384], [-80.1375722, 25.7797249], [-80.1375139, 25.7797258], [-80.1375161, 25.779834]]]}}, {"id": "265", "type": "Feature", "properties": {"id": "4aa7f6d7-6ba4-44c7-a3e1-fc7f60ebeb6e", "name": null, "subtype": null, "class": null, "height": 12.0, "num_floors": null, "surge_class": 1, "surge_ft": 0.5, "flood_active": false, "exposure_score": 0.015, "exposure_category": "low"}, "geometry": {"type": "Polygon", "coordinates": [[[-80.1379125, 25.7788929], [-80.137916, 25.7789919], [-80.1380552, 25.7789878], [-80.1380517, 25.7788889], [-80.1379125, 25.7788929]]]}}, {"id": "266", "type": "Feature", "properties": {"id": "f1114a44-ed84-4ee6-b466-4765669c5dc2", "name": null, "subtype": null, "class": null, "height": 9.5, "num_floors": null, "surge_class": 1, "surge_ft": 0.5, "flood_active": false, "exposure_score": 0.015, "exposure_category": "low"}, "geometry": {"type": "Polygon", "coordinates": [[[-80.1382601, 25.7790306], [-80.1379249, 25.7790392], [-80.1379279, 25.7791347], [-80.1382631, 25.7791261], [-80.1382601, 25.7790306]]]}}, {"id": "267", "type": "Feature", "properties": {"id": "a4edd847-e50a-4155-bf13-0afb0c6433cc", "name": null, "subtype": null, "class": null, "height": 7.1, "num_floors": null, "surge_class": 1, "surge_ft": 0.5, "flood_active": false, "exposure_score": 0.015, "exposure_category": "low"}, "geometry": {"type": "Polygon", "coordinates": [[[-80.1379455, 25.7792623], [-80.1382674, 25.7792533], [-80.138264, 25.7791544], [-80.1379421, 25.7791634], [-80.1379455, 25.7792623]]]}}, {"id": "268", "type": "Feature", "properties": {"id": "4dd67c87-0f66-429e-a733-5aae75da6608", "name": null, "subtype": null, "class": null, "height": 7.1, "num_floors": null, "surge_class": 0, "surge_ft": 0.0, "flood_active": false, "exposure_score": 0.0, "exposure_category": "none"}, "geometry": {"type": "Polygon", "coordinates": [[[-80.1379449, 25.7795434], [-80.1381081, 25.7795424], [-80.1381073, 25.7794357], [-80.1379441, 25.7794367], [-80.1379449, 25.7795434]]]}}, {"id": "269", "type": "Feature", "properties": {"id": "1ac66f2f-e0a8-44e7-8468-60495743987f", "name": null, "subtype": null, "class": null, "height": 7.5, "num_floors": null, "surge_class": 0, "surge_ft": 0.0, "flood_active": false, "exposure_score": 0.0, "exposure_category": "none"}, "geometry": {"type": "Polygon", "coordinates": [[[-80.138147, 25.7795329], [-80.1382731, 25.7795316], [-80.1382718, 25.7794326], [-80.1381458, 25.7794339], [-80.138147, 25.7795329]]]}}, {"id": "270", "type": "Feature", "properties": {"id": "279fc3a5-f3eb-4c09-bc16-ada69694e8eb", "name": null, "subtype": null, "class": null, "height": 13.3, "num_floors": null, "surge_class": 1, "surge_ft": 0.5, "flood_active": false, "exposure_score": 0.015, "exposure_category": "low"}, "geometry": {"type": "Polygon", "coordinates": [[[-80.1382641, 25.7788759], [-80.1380801, 25.7788807], [-80.1380838, 25.7789984], [-80.1382678, 25.7789936], [-80.1382641, 25.7788759]]]}}, {"id": "271", "type": "Feature", "properties": {"id": "90410a91-fe72-4bdb-ba03-310d243e485c", "name": null, "subtype": null, "class": null, "height": 9.8, "num_floors": null, "surge_class": 1, "surge_ft": 0.5, "flood_active": false, "exposure_score": 0.015, "exposure_category": "low"}, "geometry": {"type": "Polygon", "coordinates": [[[-80.1381016, 25.7788058], [-80.1381023, 25.7788517], [-80.1382536, 25.77885], [-80.1382523, 25.7787599], [-80.138101, 25.7787617], [-80.1381016, 25.7788058]]]}}, {"id": "272", "type": "Feature", "properties": {"id": "5bf25eb9-ca9c-42b2-8480-d00438ba399f", "name": null, "subtype": null, "class": null, "height": 8.8, "num_floors": null, "surge_class": 0, "surge_ft": 0.0, "flood_active": false, "exposure_score": 0.0, "exposure_category": "none"}, "geometry": {"type": "Polygon", "coordinates": [[[-80.137894, 25.7783298], [-80.1379036, 25.7785893], [-80.138255, 25.7785786], [-80.1382453, 25.7783168], [-80.1381154, 25.7783207], [-80.1381212, 25.7784762], [-80.1380226, 25.7784792], [-80.1380169, 25.7783261], [-80.137894, 25.7783298]]]}}, {"id": "273", "type": "Feature", "properties": {"id": "67b7e537-a2d0-4958-aa71-e43e966bd561", "name": null, "subtype": null, "class": null, "height": 7.3, "num_floors": null, "surge_class": 0, "surge_ft": 0.0, "flood_active": false, "exposure_score": 0.0, "exposure_category": "none"}, "geometry": {"type": "Polygon", "coordinates": [[[-80.1382445, 25.7786209], [-80.137927, 25.7786291], [-80.1379298, 25.778719], [-80.1382473, 25.7787108], [-80.1382445, 25.7786209]]]}}, {"id": "274", "type": "Feature", "properties": {"id": "92c3d90d-c8ad-49ed-8025-9560d2a4941a", "name": null, "subtype": null, "class": null, "height": 9.243911743164062, "num_floors": null, "surge_class": 1, "surge_ft": 0.5, "flood_active": false, "exposure_score": 0.015, "exposure_category": "low"}, "geometry": {"type": "Polygon", "coordinates": [[[-80.1379238, 25.7788512], [-80.1380737, 25.778847], [-80.1380703, 25.7787471], [-80.1379204, 25.7787512], [-80.1379238, 25.7788512]]]}}, {"id": "275", "type": "Feature", "properties": {"id": "28f90458-68f6-434c-b140-7a1e5e4c8af0", "name": null, "subtype": null, "class": null, "height": 6.5, "num_floors": null, "surge_class": 0, "surge_ft": 0.0, "flood_active": false, "exposure_score": 0.0, "exposure_category": "none"}, "geometry": {"type": "Polygon", "coordinates": [[[-80.1377569, 25.7788673], [-80.137824, 25.7788653], [-80.1378209, 25.7787834], [-80.1377538, 25.7787854], [-80.1377569, 25.7788673]]]}}, {"id": "276", "type": "Feature", "properties": {"id": "e93159c1-ec1a-4ff1-85c9-a3d189a37191", "name": null, "subtype": null, "class": null, "height": 4.0, "num_floors": null, "surge_class": 0, "surge_ft": 0.0, "flood_active": false, "exposure_score": 0.0, "exposure_category": "none"}, "geometry": {"type": "Polygon", "coordinates": [[[-80.1377315, 25.7786189], [-80.1377328, 25.7787247], [-80.137815, 25.7787239], [-80.1378137, 25.7786181], [-80.1377315, 25.7786189]]]}}, {"id": "277", "type": "Feature", "properties": {"id": "6d2b44d9-10cd-4083-b712-d5c4341f913c", "name": null, "subtype": null, "class": null, "height": 9.6, "num_floors": null, "surge_class": 0, "surge_ft": 0.0, "flood_active": false, "exposure_score": 0.0, "exposure_category": "none"}, "geometry": {"type": "Polygon", "coordinates": [[[-80.1374721, 25.7783435], [-80.1374801, 25.7785991], [-80.1378229, 25.7785903], [-80.1378151, 25.778342], [-80.1376911, 25.7783451], [-80.1376955, 25.7784872], [-80.1375995, 25.7784897], [-80.1375948, 25.7783404], [-80.1374721, 25.7783435]]]}}, {"id": "278", "type": "Feature", "properties": {"id": "eb926e75-4d3d-4fcc-9035-e96a3ecde00e", "name": null, "subtype": null, "class": null, "height": 7.1, "num_floors": null, "surge_class": 0, "surge_ft": 0.0, "flood_active": false, "exposure_score": 0.0, "exposure_category": "none"}, "geometry": {"type": "Polygon", "coordinates": [[[-80.1374889, 25.7787173], [-80.13767, 25.7787131], [-80.1376679, 25.7786383], [-80.1374868, 25.7786424], [-80.1374889, 25.7787173]]]}}, {"id": "279", "type": "Feature", "properties": {"id": "9215dc2b-475f-4d6b-81b8-105da40e3533", "name": null, "subtype": null, "class": null, "height": 6.6, "num_floors": null, "surge_class": 0, "surge_ft": 0.0, "flood_active": false, "exposure_score": 0.0, "exposure_category": "none"}, "geometry": {"type": "Polygon", "coordinates": [[[-80.1377117, 25.778753], [-80.1374847, 25.7787588], [-80.1374874, 25.7788455], [-80.1377144, 25.7788397], [-80.1377117, 25.778753]]]}}, {"id": "280", "type": "Feature", "properties": {"id": "8d7863ba-3606-49b0-9cb7-cfd236bf0c01", "name": null, "subtype": null, "class": null, "height": 6.0, "num_floors": null, "surge_class": 0, "surge_ft": 0.0, "flood_active": false, "exposure_score": 0.0, "exposure_category": "none"}, "geometry": {"type": "Polygon", "coordinates": [[[-80.1374873, 25.778894], [-80.1374899, 25.7790112], [-80.1378359, 25.779005], [-80.1378333, 25.7788879], [-80.1374873, 25.778894]]]}}, {"id": "281", "type": "Feature", "properties": {"id": "3ab6043f-b96d-4846-a1a4-d0fb07377acd", "name": null, "subtype": null, "class": null, "height": 10.7, "num_floors": null, "surge_class": 1, "surge_ft": 0.5, "flood_active": false, "exposure_score": 0.015, "exposure_category": "low"}, "geometry": {"type": "Polygon", "coordinates": [[[-80.1374961, 25.7790345], [-80.1374988, 25.7791186], [-80.1378364, 25.7791099], [-80.1378347, 25.7790537], [-80.1377903, 25.7790549], [-80.1377895, 25.779027], [-80.1374961, 25.7790345]]]}}, {"id": "282", "type": "Feature", "properties": {"id": "f97938cc-bb3c-4797-8732-12c20124706a", "name": null, "subtype": null, "class": null, "height": 9.7, "num_floors": null, "surge_class": 1, "surge_ft": 0.5, "flood_active": false, "exposure_score": 0.015, "exposure_category": "low"}, "geometry": {"type": "Polygon", "coordinates": [[[-80.1378354, 25.77917], [-80.1375015, 25.7791785], [-80.1375047, 25.7792809], [-80.1378386, 25.7792723], [-80.1378354, 25.77917]]]}}, {"id": "283", "type": "Feature", "properties": {"id": "2c033b76-259c-445f-9b2d-3961d9b5a555", "name": null, "subtype": null, "class": null, "height": 10.5, "num_floors": null, "surge_class": 1, "surge_ft": 0.5, "flood_active": false, "exposure_score": 0.015, "exposure_category": "low"}, "geometry": {"type": "Polygon", "coordinates": [[[-80.1375035, 25.7795601], [-80.1378437, 25.7795562], [-80.1378421, 25.7794385], [-80.1375018, 25.7794424], [-80.1375035, 25.7795601]]]}}, {"id": "284", "type": "Feature", "properties": {"id": "2089c9cf-fb99-4ecb-b635-c64120a0a876", "name": null, "subtype": null, "class": null, "height": 7.2, "num_floors": null, "surge_class": 0, "surge_ft": 0.0, "flood_active": false, "exposure_score": 0.0, "exposure_category": "none"}, "geometry": {"type": "Polygon", "coordinates": [[[-80.1370371, 25.7789136], [-80.1370416, 25.7790212], [-80.1371341, 25.779018], [-80.1371296, 25.7789105], [-80.1370371, 25.7789136]]]}}, {"id": "285", "type": "Feature", "properties": {"id": "afafc3a4-44f9-4546-85ab-c58f59726c59", "name": null, "subtype": null, "class": null, "height": 8.8, "num_floors": null, "surge_class": 1, "surge_ft": 0.5, "flood_active": false, "exposure_score": 0.015, "exposure_category": "low"}, "geometry": {"type": "Polygon", "coordinates": [[[-80.1371176, 25.7794647], [-80.136947, 25.7794691], [-80.1369497, 25.7795552], [-80.1371203, 25.7795509], [-80.1371176, 25.7794647]]]}}, {"id": "286", "type": "Feature", "properties": {"id": "e4515cde-2f56-4ef6-97a4-7881d946558d", "name": null, "subtype": null, "class": null, "height": 8.5, "num_floors": null, "surge_class": 1, "surge_ft": 0.5, "flood_active": false, "exposure_score": 0.015, "exposure_category": "low"}, "geometry": {"type": "Polygon", "coordinates": [[[-80.1371425, 25.7791844], [-80.1367986, 25.7791933], [-80.1368021, 25.7793038], [-80.1371459, 25.779295], [-80.1371425, 25.7791844]]]}}, {"id": "287", "type": "Feature", "properties": {"id": "aac0282d-a751-4f25-92d0-829e25e92aab", "name": null, "subtype": null, "class": null, "height": 7.6, "num_floors": null, "surge_class": 1, "surge_ft": 0.5, "flood_active": false, "exposure_score": 0.015, "exposure_category": "low"}, "geometry": {"type": "Polygon", "coordinates": [[[-80.1368878, 25.7794692], [-80.136811, 25.7794711], [-80.1368142, 25.7795709], [-80.1368909, 25.7795689], [-80.1368878, 25.7794692]]]}}, {"id": "288", "type": "Feature", "properties": {"id": "ffb5a9f3-0470-4f2a-9206-53716d54cdd1", "name": null, "subtype": null, "class": null, "height": 8.7, "num_floors": null, "surge_class": 0, "surge_ft": 0.0, "flood_active": false, "exposure_score": 0.0, "exposure_category": "none"}, "geometry": {"type": "Polygon", "coordinates": [[[-80.1371381, 25.7790427], [-80.1367962, 25.7790514], [-80.1367999, 25.7791689], [-80.1371418, 25.7791601], [-80.1371381, 25.7790427]]]}}, {"id": "289", "type": "Feature", "properties": {"id": "753468d7-64e6-4b18-bb78-56997c87d2f1", "name": null, "subtype": null, "class": null, "height": 6.9, "num_floors": null, "surge_class": 0, "surge_ft": 0.0, "flood_active": false, "exposure_score": 0.0, "exposure_category": "none"}, "geometry": {"type": "Polygon", "coordinates": [[[-80.1368469, 25.7789237], [-80.1368518, 25.7790203], [-80.1369496, 25.7790163], [-80.1369446, 25.7789197], [-80.1368469, 25.7789237]]]}}, {"id": "290", "type": "Feature", "properties": {"id": "0ea9403a-647d-429b-9529-934fdf8a2bbf", "name": null, "subtype": null, "class": null, "height": 8.9, "num_floors": null, "surge_class": 0, "surge_ft": 0.0, "flood_active": false, "exposure_score": 0.0, "exposure_category": "none"}, "geometry": {"type": "Polygon", "coordinates": [[[-80.1369489, 25.7786377], [-80.1367942, 25.7786416], [-80.1367974, 25.7787444], [-80.1369521, 25.7787405], [-80.1369489, 25.7786377]]]}}, {"id": "291", "type": "Feature", "properties": {"id": "f8f654b7-f558-4384-afa6-51f3a5cbb9b1", "name": null, "subtype": null, "class": null, "height": 10.0, "num_floors": null, "surge_class": 0, "surge_ft": 0.0, "flood_active": false, "exposure_score": 0.0, "exposure_category": "none"}, "geometry": {"type": "Polygon", "coordinates": [[[-80.1371181, 25.7785022], [-80.136868, 25.7785087], [-80.1368711, 25.7786067], [-80.1371212, 25.7786003], [-80.1371181, 25.7785022]]]}}, {"id": "292", "type": "Feature", "properties": {"id": "77701bd3-d692-4342-9420-19748dfebb16", "name": null, "subtype": null, "class": null, "height": 10.6, "num_floors": null, "surge_class": 0, "surge_ft": 0.0, "flood_active": false, "exposure_score": 0.0, "exposure_category": "none"}, "geometry": {"type": "Polygon", "coordinates": [[[-80.1368323, 25.7787762], [-80.1368358, 25.7788882], [-80.1371218, 25.7788809], [-80.1371188, 25.7787859], [-80.1369266, 25.7787908], [-80.1369261, 25.7787738], [-80.1368323, 25.7787762]]]}}, {"id": "293", "type": "Feature", "properties": {"id": "12b29842-21e2-4a6a-9f43-4d696bd33b77", "name": null, "subtype": null, "class": null, "height": 7.0, "num_floors": null, "surge_class": 0, "surge_ft": 0.0, "flood_active": false, "exposure_score": 0.0, "exposure_category": "none"}, "geometry": {"type": "Polygon", "coordinates": [[[-80.1369629, 25.7786491], [-80.1369679, 25.7787517], [-80.1371288, 25.7787454], [-80.1371238, 25.7786427], [-80.1369629, 25.7786491]]]}}, {"id": "294", "type": "Feature", "properties": {"id": "946c6905-0ac9-45c5-91fd-4336f2186d33", "name": null, "subtype": null, "class": null, "height": 7.6, "num_floors": null, "surge_class": 0, "surge_ft": 0.0, "flood_active": false, "exposure_score": 0.0, "exposure_category": "none"}, "geometry": {"type": "Polygon", "coordinates": [[[-80.1367844, 25.7784725], [-80.1371112, 25.7784685], [-80.1371098, 25.7783727], [-80.136783, 25.7783767], [-80.1367844, 25.7784725]]]}}, {"id": "295", "type": "Feature", "properties": {"id": "d7a1993a-3177-4ce8-b674-af2223ae57dc", "name": null, "subtype": null, "class": null, "height": 6.2, "num_floors": null, "surge_class": 0, "surge_ft": 0.0, "flood_active": false, "exposure_score": 0.0, "exposure_category": "none"}, "geometry": {"type": "Polygon", "coordinates": [[[-80.1363475, 25.7786148], [-80.1366783, 25.7786076], [-80.1366756, 25.7785101], [-80.1363449, 25.7785173], [-80.1363475, 25.7786148]]]}}, {"id": "296", "type": "Feature", "properties": {"id": "feb4b2b1-8838-403c-9b0a-7dd7fe210722", "name": null, "subtype": null, "class": null, "height": 10.7, "num_floors": null, "surge_class": 0, "surge_ft": 0.0, "flood_active": false, "exposure_score": 0.0, "exposure_category": "none"}, "geometry": {"type": "Polygon", "coordinates": [[[-80.1363601, 25.7787628], [-80.1367114, 25.7787557], [-80.1367086, 25.7786422], [-80.1363572, 25.7786493], [-80.1363601, 25.7787628]]]}}, {"id": "297", "type": "Feature", "properties": {"id": "d7648545-66c8-49fe-b9f2-24bdb12ac37d", "name": null, "subtype": null, "class": null, "height": 7.8, "num_floors": null, "surge_class": 0, "surge_ft": 0.0, "flood_active": false, "exposure_score": 0.0, "exposure_category": "none"}, "geometry": {"type": "Polygon", "coordinates": [[[-80.1363552, 25.7784872], [-80.13669, 25.7784805], [-80.1366876, 25.7783834], [-80.1363528, 25.7783901], [-80.1363552, 25.7784872]]]}}, {"id": "298", "type": "Feature", "properties": {"id": "5092fe47-cda9-4073-9d25-e83f1f916914", "name": null, "subtype": null, "class": null, "height": 8.9, "num_floors": null, "surge_class": 0, "surge_ft": 0.0, "flood_active": false, "exposure_score": 0.0, "exposure_category": "none"}, "geometry": {"type": "Polygon", "coordinates": [[[-80.1359987, 25.7788023], [-80.1357671, 25.7788082], [-80.1357702, 25.7789073], [-80.1360018, 25.7789013], [-80.1359987, 25.7788023]]]}}, {"id": "299", "type": "Feature", "properties": {"id": "d315c580-cfee-45cf-a6b5-e99ca821da46", "name": null, "subtype": null, "class": null, "height": 6.5, "num_floors": null, "surge_class": 0, "surge_ft": 0.0, "flood_active": false, "exposure_score": 0.0, "exposure_category": "none"}, "geometry": {"type": "Polygon", "coordinates": [[[-80.1356812, 25.7790578], [-80.1360241, 25.7790523], [-80.1360218, 25.7789371], [-80.1356789, 25.7789427], [-80.1356812, 25.7790578]]]}}, {"id": "300", "type": "Feature", "properties": {"id": "fbf09ebf-4243-4a51-8bc7-e51970685270", "name": null, "subtype": null, "class": null, "height": 7.2, "num_floors": null, "surge_class": 0, "surge_ft": 0.0, "flood_active": false, "exposure_score": 0.0, "exposure_category": "none"}, "geometry": {"type": "Polygon", "coordinates": [[[-80.1358789, 25.7791758], [-80.1358795, 25.779189], [-80.1360229, 25.7791838], [-80.1360185, 25.7790825], [-80.1358769, 25.7790876], [-80.1358763, 25.7790757], [-80.1357946, 25.7790786], [-80.1357955, 25.7790985], [-80.1357826, 25.7790989], [-80.1357831, 25.7791106], [-80.135766, 25.7791112], [-80.1357644, 25.779075], [-80.135685, 25.7790778], [-80.1356874, 25.7791336], [-80.1357043, 25.779133], [-80.1357064, 25.779182], [-80.1358789, 25.7791758]]]}}, {"id": "301", "type": "Feature", "properties": {"id": "f35044a0-a966-4261-8371-efe8ea90afeb", "name": null, "subtype": null, "class": null, "height": 18.4, "num_floors": null, "surge_class": 0, "surge_ft": 0.0, "flood_active": false, "exposure_score": 0.0, "exposure_category": "none"}, "geometry": {"type": "Polygon", "coordinates": [[[-80.1360182, 25.7792048], [-80.1356749, 25.7792136], [-80.1356789, 25.7793386], [-80.1360222, 25.7793298], [-80.1360182, 25.7792048]]]}}, {"id": "302", "type": "Feature", "properties": {"id": "8df5de3a-9d1b-4e57-b2a2-3589c04ad628", "name": null, "subtype": null, "class": null, "height": 11.6, "num_floors": null, "surge_class": 0, "surge_ft": 0.0, "flood_active": false, "exposure_score": 0.0, "exposure_category": "none"}, "geometry": {"type": "Polygon", "coordinates": [[[-80.1367159, 25.7790617], [-80.1363686, 25.7790706], [-80.1363721, 25.7791835], [-80.1367195, 25.7791746], [-80.1367159, 25.7790617]]]}}, {"id": "303", "type": "Feature", "properties": {"id": "90a2fbd2-4639-4a15-84f5-074bd45e1a48", "name": null, "subtype": null, "class": null, "height": 13.9, "num_floors": null, "surge_class": 0, "surge_ft": 0.0, "flood_active": false, "exposure_score": 0.0, "exposure_category": "none"}, "geometry": {"type": "Polygon", "coordinates": [[[-80.1363711, 25.7789112], [-80.1363752, 25.7790419], [-80.1367242, 25.779033], [-80.1367206, 25.7789202], [-80.1364493, 25.7789272], [-80.1364487, 25.7789092], [-80.1364171, 25.77891], [-80.1364186, 25.7788805], [-80.1365559, 25.7788748], [-80.1365544, 25.7788317], [-80.1365885, 25.7788295], [-80.1365885, 25.7787871], [-80.1363813, 25.7787978], [-80.1363829, 25.7789101], [-80.1363711, 25.7789112]]]}}, {"id": "304", "type": "Feature", "properties": {"id": "ec075203-eab7-4626-9b3e-7bb70a4b369f", "name": null, "subtype": null, "class": null, "height": 12.3, "num_floors": null, "surge_class": 0, "surge_ft": 0.0, "flood_active": false, "exposure_score": 0.0, "exposure_category": "none"}, "geometry": {"type": "Polygon", "coordinates": [[[-80.1366409, 25.7788031], [-80.1366401, 25.7789044], [-80.136729, 25.778905], [-80.1367298, 25.7788037], [-80.1366409, 25.7788031]]]}}, {"id": "305", "type": "Feature", "properties": {"id": "72238701-4aed-49b7-8c65-14c62c28ae76", "name": null, "subtype": null, "class": null, "height": 9.1, "num_floors": null, "surge_class": 1, "surge_ft": 0.5, "flood_active": false, "exposure_score": 0.015, "exposure_category": "low"}, "geometry": {"type": "Polygon", "coordinates": [[[-80.1367191, 25.7791935], [-80.1363755, 25.7792023], [-80.136379, 25.7793159], [-80.1367226, 25.779307], [-80.1367191, 25.7791935]]]}}, {"id": "306", "type": "Feature", "properties": {"id": "1357caa6-7246-4081-9411-15cad167ea79", "name": null, "subtype": null, "class": null, "height": 6.9, "num_floors": null, "surge_class": 0, "surge_ft": 0.0, "flood_active": false, "exposure_score": 0.0, "exposure_category": "none"}, "geometry": {"type": "Polygon", "coordinates": [[[-80.1363755, 25.7795787], [-80.1367254, 25.7795731], [-80.1367231, 25.7794566], [-80.1363733, 25.7794621], [-80.1363755, 25.7795787]]]}}, {"id": "307", "type": "Feature", "properties": {"id": "92488466-3318-45c5-b5b4-613b71e63111", "name": null, "subtype": null, "class": null, "height": 6.8, "num_floors": null, "surge_class": 0, "surge_ft": 0.0, "flood_active": false, "exposure_score": 0.0, "exposure_category": "none"}, "geometry": {"type": "Polygon", "coordinates": [[[-80.1363799, 25.7797073], [-80.1367331, 25.7797017], [-80.1367308, 25.7795821], [-80.1363776, 25.7795877], [-80.1363799, 25.7797073]]]}}, {"id": "308", "type": "Feature", "properties": {"id": "a87fb560-3574-429f-9ae0-9d43acef6794", "name": null, "subtype": null, "class": null, "height": 6.6, "num_floors": null, "surge_class": 0, "surge_ft": 0.0, "flood_active": false, "exposure_score": 0.0, "exposure_category": "none"}, "geometry": {"type": "Polygon", "coordinates": [[[-80.1363841, 25.7798385], [-80.1367411, 25.7798328], [-80.1367387, 25.7797098], [-80.1363817, 25.7797155], [-80.1363841, 25.7798385]]]}}, {"id": "309", "type": "Feature", "properties": {"id": "b34c899f-7f74-4e25-ba9c-00087790b99b", "name": null, "subtype": null, "class": null, "height": 5.9, "num_floors": null, "surge_class": 1, "surge_ft": 0.5, "flood_active": false, "exposure_score": 0.015, "exposure_category": "low"}, "geometry": {"type": "Polygon", "coordinates": [[[-80.1363978, 25.7802797], [-80.1367518, 25.7802741], [-80.1367494, 25.7801538], [-80.1363954, 25.7801594], [-80.1363978, 25.7802797]]]}}, {"id": "310", "type": "Feature", "properties": {"id": "1d678083-7cce-41eb-a2df-4680fafca1ab", "name": null, "subtype": null, "class": null, "height": 7.2, "num_floors": null, "surge_class": 1, "surge_ft": 0.5, "flood_active": false, "exposure_score": 0.015, "exposure_category": "low"}, "geometry": {"type": "Polygon", "coordinates": [[[-80.1367409, 25.7800123], [-80.1363922, 25.7800213], [-80.1363958, 25.7801354], [-80.1367444, 25.7801264], [-80.1367409, 25.7800123]]]}}, {"id": "311", "type": "Feature", "properties": {"id": "a8d41845-a80a-4452-b766-26de50e7996b", "name": null, "subtype": null, "class": null, "height": 9.2, "num_floors": null, "surge_class": 1, "surge_ft": 0.5, "flood_active": false, "exposure_score": 0.015, "exposure_category": "low"}, "geometry": {"type": "Polygon", "coordinates": [[[-80.1367404, 25.7798744], [-80.1363948, 25.7798833], [-80.1363986, 25.7800066], [-80.1367443, 25.7799977], [-80.1367404, 25.7798744]]]}}, {"id": "312", "type": "Feature", "properties": {"id": "d3242585-2fbb-47ea-9ded-a9a90b60cbcf", "name": null, "subtype": null, "class": null, "height": 6.7, "num_floors": null, "surge_class": 0, "surge_ft": 0.0, "flood_active": false, "exposure_score": 0.0, "exposure_category": "none"}, "geometry": {"type": "Polygon", "coordinates": [[[-80.1356936, 25.7796041], [-80.1360471, 25.779596], [-80.1360436, 25.7794737], [-80.1356901, 25.7794818], [-80.1356936, 25.7796041]]]}}, {"id": "313", "type": "Feature", "properties": {"id": "dafe0548-cc7d-4fc5-ac67-a087fe616e6f", "name": null, "subtype": null, "class": null, "height": 6.1, "num_floors": null, "surge_class": 0, "surge_ft": 0.0, "flood_active": false, "exposure_score": 0.0, "exposure_category": "none"}, "geometry": {"type": "Polygon", "coordinates": [[[-80.1357, 25.7797446], [-80.1360463, 25.7797343], [-80.136042, 25.7796184], [-80.1356957, 25.7796288], [-80.1357, 25.7797446]]]}}, {"id": "314", "type": "Feature", "properties": {"id": "6513c9bb-20f0-4fd1-b899-b600ed69f560", "name": null, "subtype": null, "class": null, "height": 8.9, "num_floors": null, "surge_class": 0, "surge_ft": 0.0, "flood_active": false, "exposure_score": 0.0, "exposure_category": "none"}, "geometry": {"type": "Polygon", "coordinates": [[[-80.136036, 25.7797529], [-80.1357329, 25.7797607], [-80.1357366, 25.779877], [-80.1360397, 25.7798691], [-80.136036, 25.7797529]]]}}, {"id": "315", "type": "Feature", "properties": {"id": "a3ef6c7f-00f2-418a-8579-af51da4812e2", "name": null, "subtype": null, "class": null, "height": 10.8, "num_floors": null, "surge_class": 1, "surge_ft": 0.5, "flood_active": false, "exposure_score": 0.015, "exposure_category": "low"}, "geometry": {"type": "Polygon", "coordinates": [[[-80.1357812, 25.7799492], [-80.1357835, 25.780006], [-80.1359078, 25.780008], [-80.1360198, 25.7800063], [-80.136017, 25.7799155], [-80.135905, 25.7799184], [-80.135906, 25.7799518], [-80.1358768, 25.7799514], [-80.1358771, 25.7799351], [-80.1358163, 25.7799342], [-80.135816, 25.7799533], [-80.1357812, 25.7799492]]]}}, {"id": "316", "type": "Feature", "properties": {"id": "9d11d8c7-869f-482e-9788-f73a00264698", "name": null, "subtype": null, "class": null, "height": 9.8, "num_floors": null, "surge_class": 1, "surge_ft": 0.5, "flood_active": false, "exposure_score": 0.015, "exposure_category": "low"}, "geometry": {"type": "Polygon", "coordinates": [[[-80.1360143, 25.7800454], [-80.1358361, 25.78005], [-80.1358389, 25.7801366], [-80.136017, 25.780132], [-80.1360143, 25.7800454]]]}}, {"id": "317", "type": "Feature", "properties": {"id": "832433ec-ea48-4b6f-984f-2b5733749b2d", "name": null, "subtype": null, "class": null, "height": 8.9, "num_floors": null, "surge_class": 1, "surge_ft": 0.5, "flood_active": false, "exposure_score": 0.015, "exposure_category": "low"}, "geometry": {"type": "Polygon", "coordinates": [[[-80.1360596, 25.780183], [-80.1357137, 25.7801919], [-80.1357171, 25.7803018], [-80.1360631, 25.7802928], [-80.1360596, 25.780183]]]}}, {"id": "318", "type": "Feature", "properties": {"id": "b47f6942-d82c-414c-b8fb-0fda3f5c636f", "name": null, "subtype": null, "class": null, "height": 10.6, "num_floors": null, "surge_class": 1, "surge_ft": 0.5, "flood_active": false, "exposure_score": 0.015, "exposure_category": "low"}, "geometry": {"type": "Polygon", "coordinates": [[[-80.1357151, 25.7803204], [-80.1357229, 25.7805679], [-80.1358478, 25.7805647], [-80.135845, 25.7804759], [-80.1358088, 25.7804768], [-80.135806, 25.7803871], [-80.1358432, 25.7803862], [-80.1358439, 25.7804073], [-80.1359274, 25.7804052], [-80.1359268, 25.7803837], [-80.1359634, 25.7803828], [-80.1359663, 25.7804748], [-80.13593, 25.7804757], [-80.1359328, 25.780562], [-80.1360552, 25.7805588], [-80.1360473, 25.7803118], [-80.1357151, 25.7803204]]]}}, {"id": "319", "type": "Feature", "properties": {"id": "0f4e34b2-ba2c-43e5-b64c-8a3239a96cd2", "name": null, "subtype": null, "class": null, "height": 9.5, "num_floors": null, "surge_class": 0, "surge_ft": 0.0, "flood_active": false, "exposure_score": 0.0, "exposure_category": "none"}, "geometry": {"type": "Polygon", "coordinates": [[[-80.1357288, 25.7807361], [-80.1357342, 25.7809093], [-80.136068, 25.7809006], [-80.1360646, 25.7807924], [-80.1360183, 25.7807936], [-80.1360189, 25.7808137], [-80.1358384, 25.7808184], [-80.1358357, 25.7807334], [-80.1357288, 25.7807361]]]}}, {"id": "320", "type": "Feature", "properties": {"id": "76098ec7-a781-4959-ad0e-61e7f4bc045c", "name": null, "subtype": null, "class": null, "height": 7.7, "num_floors": null, "surge_class": 1, "surge_ft": 0.5, "flood_active": false, "exposure_score": 0.015, "exposure_category": "low"}, "geometry": {"type": "Polygon", "coordinates": [[[-80.1364176, 25.7805466], [-80.1367507, 25.7805445], [-80.1367499, 25.7804383], [-80.1364167, 25.7804404], [-80.1364176, 25.7805466]]]}}, {"id": "321", "type": "Feature", "properties": {"id": "03fc71ab-c062-41ee-8db9-16631f2507f8", "name": null, "subtype": null, "class": null, "height": 7.8, "num_floors": null, "surge_class": 1, "surge_ft": 0.5, "flood_active": false, "exposure_score": 0.015, "exposure_category": "low"}, "geometry": {"type": "Polygon", "coordinates": [[[-80.1364082, 25.7804105], [-80.136748, 25.7804084], [-80.1367472, 25.7802961], [-80.1364073, 25.7802982], [-80.1364082, 25.7804105]]]}}, {"id": "322", "type": "Feature", "properties": {"id": "08f90091-596c-4d5e-9066-fb6cc474fcdc", "name": null, "subtype": null, "class": null, "height": 10.6, "num_floors": null, "surge_class": 1, "surge_ft": 0.5, "flood_active": false, "exposure_score": 0.015, "exposure_category": "low"}, "geometry": {"type": "Polygon", "coordinates": [[[-80.1366662, 25.7807989], [-80.1366682, 25.7808656], [-80.1364336, 25.7808714], [-80.1364364, 25.7809616], [-80.1367651, 25.7809534], [-80.1367576, 25.7807079], [-80.136425, 25.7807161], [-80.1364277, 25.7808049], [-80.1366662, 25.7807989]]]}}, {"id": "323", "type": "Feature", "properties": {"id": "bed2b674-f4be-4ddd-9247-9c7f5a41fb8a", "name": null, "subtype": null, "class": null, "height": 9.8, "num_floors": null, "surge_class": 1, "surge_ft": 0.5, "flood_active": false, "exposure_score": 0.015, "exposure_category": "low"}, "geometry": {"type": "Polygon", "coordinates": [[[-80.136852, 25.7807263], [-80.1368567, 25.780882], [-80.1371783, 25.780874], [-80.1371736, 25.7807175], [-80.137094, 25.7807195], [-80.137096, 25.7807851], [-80.1369452, 25.7807889], [-80.1369433, 25.7807241], [-80.136852, 25.7807263]]]}}, {"id": "324", "type": "Feature", "properties": {"id": "79951d0d-9166-4dd2-843e-77203da1eef4", "name": null, "subtype": null, "class": null, "height": 6.9, "num_floors": null, "surge_class": 1, "surge_ft": 0.5, "flood_active": false, "exposure_score": 0.015, "exposure_category": "low"}, "geometry": {"type": "Polygon", "coordinates": [[[-80.136835, 25.7805465], [-80.13718, 25.7805376], [-80.1371761, 25.780414], [-80.1368311, 25.7804229], [-80.136835, 25.7805465]]]}}, {"id": "325", "type": "Feature", "properties": {"id": "6dd8c3c7-ea37-4389-a646-ac16d0f645bd", "name": null, "subtype": null, "class": null, "height": 7.8, "num_floors": null, "surge_class": 1, "surge_ft": 0.5, "flood_active": false, "exposure_score": 0.015, "exposure_category": "low"}, "geometry": {"type": "Polygon", "coordinates": [[[-80.1368931, 25.7803987], [-80.1371801, 25.7803926], [-80.1371774, 25.7802876], [-80.1368904, 25.7802936], [-80.1368931, 25.7803987]]]}}, {"id": "326", "type": "Feature", "properties": {"id": "2a56dad5-0302-4ca1-8c87-ded63e71fa10", "name": null, "subtype": null, "class": null, "height": 4.1, "num_floors": null, "surge_class": 1, "surge_ft": 0.5, "flood_active": false, "exposure_score": 0.015, "exposure_category": "low"}, "geometry": {"type": "Polygon", "coordinates": [[[-80.1369529, 25.7798689], [-80.136819, 25.7798724], [-80.1368215, 25.7799538], [-80.1369555, 25.7799503], [-80.1369529, 25.7798689]]]}}, {"id": "327", "type": "Feature", "properties": {"id": "859c21f4-d37c-44ac-9ef8-e579685ea814", "name": null, "subtype": null, "class": null, "height": 10.9, "num_floors": null, "surge_class": 0, "surge_ft": 0.0, "flood_active": false, "exposure_score": 0.0, "exposure_category": "none"}, "geometry": {"type": "Polygon", "coordinates": [[[-80.1367978, 25.7797242], [-80.1371603, 25.7797185], [-80.1371578, 25.7795905], [-80.1367953, 25.7795962], [-80.1367978, 25.7797242]]]}}, {"id": "328", "type": "Feature", "properties": {"id": "37baecb0-f46e-4b4d-9c4f-d6205f876c49", "name": null, "subtype": null, "class": null, "height": 11.0, "num_floors": null, "surge_class": 1, "surge_ft": 0.5, "flood_active": false, "exposure_score": 0.015, "exposure_category": "low"}, "geometry": {"type": "Polygon", "coordinates": [[[-80.136805, 25.7798575], [-80.1371545, 25.7798519], [-80.1371522, 25.7797357], [-80.1368028, 25.7797413], [-80.136805, 25.7798575]]]}}, {"id": "329", "type": "Feature", "properties": {"id": "b3f11e39-6f9a-4194-bb73-20bbf63d10c2", "name": "Sunflower Villa", "subtype": null, "class": null, "height": 8.7, "num_floors": null, "surge_class": 1, "surge_ft": 0.5, "flood_active": false, "exposure_score": 0.015, "exposure_category": "low"}, "geometry": {"type": "Polygon", "coordinates": [[[-80.1371652, 25.7798776], [-80.1369798, 25.7798824], [-80.1369826, 25.7799702], [-80.137168, 25.7799654], [-80.1371652, 25.7798776]]]}}, {"id": "330", "type": "Feature", "properties": {"id": "23ac0ccf-5c1c-4a2b-9989-ac1fca4ede76", "name": null, "subtype": null, "class": null, "height": 6.3, "num_floors": null, "surge_class": 1, "surge_ft": 0.5, "flood_active": false, "exposure_score": 0.015, "exposure_category": "low"}, "geometry": {"type": "Polygon", "coordinates": [[[-80.1368246, 25.7801221], [-80.1371738, 25.7801165], [-80.1371715, 25.7800006], [-80.1368223, 25.7800061], [-80.1368246, 25.7801221]]]}}, {"id": "331", "type": "Feature", "properties": {"id": "4932d72d-2cdc-45cf-88f8-33aef6de40d8", "name": null, "subtype": null, "class": null, "height": 7.977365970611572, "num_floors": null, "surge_class": 1, "surge_ft": 0.5, "flood_active": false, "exposure_score": 0.015, "exposure_category": "low"}, "geometry": {"type": "Polygon", "coordinates": [[[-80.1368483, 25.7801666], [-80.1368503, 25.780263], [-80.13718, 25.7802572], [-80.1371779, 25.7801609], [-80.1368483, 25.7801666]]]}}, {"id": "332", "type": "Feature", "properties": {"id": "fe73a1af-c4d0-46f3-b9a8-e82eb1b7e3a1", "name": null, "subtype": null, "class": null, "height": 9.236308097839355, "num_floors": null, "surge_class": 0, "surge_ft": 0.0, "flood_active": false, "exposure_score": 0.0, "exposure_category": "none"}, "geometry": {"type": "Polygon", "coordinates": [[[-80.1375105, 25.7796983], [-80.1378541, 25.7796944], [-80.1378524, 25.7795737], [-80.1375088, 25.7795777], [-80.1375105, 25.7796983]]]}}, {"id": "333", "type": "Feature", "properties": {"id": "a0f44d6e-e695-47df-9de9-e3abd040ced2", "name": null, "subtype": null, "class": null, "height": 6.4, "num_floors": null, "surge_class": 1, "surge_ft": 0.5, "flood_active": false, "exposure_score": 0.015, "exposure_category": "low"}, "geometry": {"type": "Polygon", "coordinates": [[[-80.1375099, 25.7798735], [-80.1375126, 25.7799736], [-80.1377118, 25.7799692], [-80.1377096, 25.7798859], [-80.1376795, 25.7798865], [-80.137679, 25.7798703], [-80.1376443, 25.7798711], [-80.1376447, 25.7798859], [-80.1375809, 25.7798873], [-80.1375805, 25.779872], [-80.1375099, 25.7798735]]]}}, {"id": "334", "type": "Feature", "properties": {"id": "b754b0d2-9e5e-4fdb-9589-8df43ed6e689", "name": "SoBe You Bed And Breakfast", "subtype": null, "class": null, "height": 8.9, "num_floors": null, "surge_class": 1, "surge_ft": 0.5, "flood_active": false, "exposure_score": 0.015, "exposure_category": "low"}, "geometry": {"type": "Polygon", "coordinates": [[[-80.137665, 25.7809781], [-80.1375576, 25.7809808], [-80.1375598, 25.781054], [-80.1376673, 25.7810514], [-80.137665, 25.7809781]]]}}, {"id": "335", "type": "Feature", "properties": {"id": "afb4ed53-d15c-4626-b8d5-065aedb4b691", "name": null, "subtype": null, "class": null, "height": 10.5, "num_floors": null, "surge_class": 0, "surge_ft": 0.0, "flood_active": false, "exposure_score": 0.0, "exposure_category": "none"}, "geometry": {"type": "Polygon", "coordinates": [[[-80.1371515, 25.7816962], [-80.1371524, 25.7817141], [-80.1372108, 25.7817115], [-80.1372093, 25.7816831], [-80.1372251, 25.7816825], [-80.1372209, 25.7816043], [-80.1370951, 25.7816098], [-80.1370998, 25.7816985], [-80.1371515, 25.7816962]]]}}, {"id": "336", "type": "Feature", "properties": {"id": "1ade511d-7779-4136-86ca-f1201bef8ddd", "name": null, "subtype": null, "class": null, "height": 5.911716461181641, "num_floors": null, "surge_class": 0, "surge_ft": 0.0, "flood_active": false, "exposure_score": 0.0, "exposure_category": "none"}, "geometry": {"type": "Polygon", "coordinates": [[[-80.1368818, 25.7814937], [-80.1368835, 25.7815807], [-80.1370202, 25.7815785], [-80.1370186, 25.7814916], [-80.1368818, 25.7814937]]]}}, {"id": "337", "type": "Feature", "properties": {"id": "d785329d-4ecb-4bb8-86bd-86b05264e349", "name": null, "subtype": null, "class": null, "height": 2.627814531326294, "num_floors": null, "surge_class": 1, "surge_ft": 0.5, "flood_active": false, "exposure_score": 0.015, "exposure_category": "low"}, "geometry": {"type": "Polygon", "coordinates": [[[-80.1368671, 25.7811131], [-80.1368725, 25.7813566], [-80.137207, 25.7813501], [-80.137198, 25.7811072], [-80.1368671, 25.7811131]]]}}, {"id": "338", "type": "Feature", "properties": {"id": "60c53a06-8925-460b-9a8a-0fd908894267", "name": null, "subtype": null, "class": null, "height": 7.866205215454102, "num_floors": null, "surge_class": 1, "surge_ft": 0.5, "flood_active": false, "exposure_score": 0.015, "exposure_category": "low"}, "geometry": {"type": "Polygon", "coordinates": [[[-80.1368491, 25.781083], [-80.1371974, 25.7810722], [-80.1371933, 25.7809664], [-80.1368451, 25.7809772], [-80.1368491, 25.781083]]]}}, {"id": "339", "type": "Feature", "properties": {"id": "960965f0-0c0d-446b-bfc0-a29e4b04b44f", "name": null, "subtype": null, "class": null, "height": 8.1, "num_floors": null, "surge_class": 1, "surge_ft": 0.5, "flood_active": false, "exposure_score": 0.015, "exposure_category": "low"}, "geometry": {"type": "Polygon", "coordinates": [[[-80.1364321, 25.7810938], [-80.1367831, 25.7810858], [-80.13678, 25.7809787], [-80.1364291, 25.7809868], [-80.1364321, 25.7810938]]]}}, {"id": "340", "type": "Feature", "properties": {"id": "49ad4e85-a6cb-4b25-9ef5-7a801c300d8a", "name": null, "subtype": null, "class": null, "height": 33.3, "num_floors": null, "surge_class": 1, "surge_ft": 0.5, "flood_active": false, "exposure_score": 0.015, "exposure_category": "low"}, "geometry": {"type": "Polygon", "coordinates": [[[-80.136433, 25.7811443], [-80.1364479, 25.7816335], [-80.1367943, 25.7816249], [-80.1367897, 25.7814739], [-80.1366813, 25.7814766], [-80.1366755, 25.7812875], [-80.1367834, 25.7812848], [-80.1367789, 25.7811357], [-80.136433, 25.7811443]]]}}, {"id": "341", "type": "Feature", "properties": {"id": "4b33de16-5e7c-46c8-8e4f-48deaf6ec5f8", "name": null, "subtype": null, "class": null, "height": 10.5, "num_floors": null, "surge_class": 0, "surge_ft": 0.0, "flood_active": false, "exposure_score": 0.0, "exposure_category": "none"}, "geometry": {"type": "Polygon", "coordinates": [[[-80.1357537, 25.7809727], [-80.1357573, 25.7811004], [-80.136074, 25.7810932], [-80.1360704, 25.7809655], [-80.1357537, 25.7809727]]]}}, {"id": "342", "type": "Feature", "properties": {"id": "5f308eb0-a8d6-468f-b2a4-f2eea8395b47", "name": null, "subtype": null, "class": null, "height": 9.3, "num_floors": null, "surge_class": 0, "surge_ft": 0.0, "flood_active": false, "exposure_score": 0.0, "exposure_category": "none"}, "geometry": {"type": "Polygon", "coordinates": [[[-80.13576, 25.7812131], [-80.1357613, 25.7812529], [-80.1360765, 25.7812447], [-80.1360734, 25.7811452], [-80.135741, 25.7811538], [-80.1357429, 25.7812135], [-80.13576, 25.7812131]]]}}, {"id": "343", "type": "Feature", "properties": {"id": "4309fef8-d216-45b3-b36c-227ce2154679", "name": null, "subtype": null, "class": null, "height": 6.4, "num_floors": null, "surge_class": 0, "surge_ft": 0.0, "flood_active": false, "exposure_score": 0.0, "exposure_category": "none"}, "geometry": {"type": "Polygon", "coordinates": [[[-80.1357393, 25.781382], [-80.1360902, 25.7813749], [-80.1360875, 25.7812666], [-80.1357365, 25.7812738], [-80.1357393, 25.781382]]]}}, {"id": "344", "type": "Feature", "properties": {"id": "eb295729-7fc5-41d8-938f-4d7e870256af", "name": null, "subtype": null, "class": null, "height": 7.6, "num_floors": null, "surge_class": 1, "surge_ft": 0.5, "flood_active": false, "exposure_score": 0.015, "exposure_category": "low"}, "geometry": {"type": "Polygon", "coordinates": [[[-80.135779, 25.7815179], [-80.1360735, 25.7815122], [-80.1360714, 25.7814236], [-80.1357768, 25.7814293], [-80.135779, 25.7815179]]]}}, {"id": "345", "type": "Feature", "properties": {"id": "041b94bb-c1c8-4cce-9c87-4fe672e9254b", "name": null, "subtype": null, "class": null, "height": 6.334815979003906, "num_floors": null, "surge_class": 0, "surge_ft": 0.0, "flood_active": false, "exposure_score": 0.0, "exposure_category": "none"}, "geometry": {"type": "Polygon", "coordinates": [[[-80.1359111, 25.7817924], [-80.1360971, 25.7817891], [-80.1360949, 25.7816874], [-80.1359089, 25.7816906], [-80.1359111, 25.7817924]]]}}, {"id": "346", "type": "Feature", "properties": {"id": "36a0deab-f0ce-4b27-b1d4-f075c91fc017", "name": null, "subtype": null, "class": null, "height": 7.452154636383057, "num_floors": null, "surge_class": 1, "surge_ft": 0.5, "flood_active": false, "exposure_score": 0.015, "exposure_category": "low"}, "geometry": {"type": "Polygon", "coordinates": [[[-80.1357464, 25.7816607], [-80.1360853, 25.7816554], [-80.1360831, 25.7815435], [-80.1357442, 25.7815488], [-80.1357464, 25.7816607]]]}}, {"id": "347", "type": "Feature", "properties": {"id": "9204b5fe-5780-4cc9-8d23-8247fd1ffe7d", "name": null, "subtype": null, "class": null, "height": 7.4, "num_floors": null, "surge_class": 1, "surge_ft": 0.5, "flood_active": false, "exposure_score": 0.015, "exposure_category": "low"}, "geometry": {"type": "Polygon", "coordinates": [[[-80.1357733, 25.7820711], [-80.1360977, 25.7820649], [-80.1360952, 25.7819599], [-80.1357708, 25.7819662], [-80.1357733, 25.7820711]]]}}, {"id": "348", "type": "Feature", "properties": {"id": "a4e46bb7-947b-476d-8101-61420ae262a3", "name": null, "subtype": null, "class": null, "height": 6.7, "num_floors": null, "surge_class": 1, "surge_ft": 0.5, "flood_active": false, "exposure_score": 0.015, "exposure_category": "low"}, "geometry": {"type": "Polygon", "coordinates": [[[-80.1357675, 25.782214], [-80.1361145, 25.7822057], [-80.1361111, 25.7820906], [-80.1357642, 25.7820989], [-80.1357675, 25.782214]]]}}, {"id": "349", "type": "Feature", "properties": {"id": "5b99ae22-c599-460c-9f8b-97f80a2beb56", "name": null, "subtype": null, "class": null, "height": 7.7, "num_floors": null, "surge_class": 0, "surge_ft": 0.0, "flood_active": false, "exposure_score": 0.0, "exposure_category": "none"}, "geometry": {"type": "Polygon", "coordinates": [[[-80.1364555, 25.7816876], [-80.1364564, 25.7817605], [-80.1366504, 25.7817585], [-80.1366494, 25.7816856], [-80.1364555, 25.7816876]]]}}, {"id": "350", "type": "Feature", "properties": {"id": "d05da3b7-03ce-4708-94b3-c2ccfc49ef47", "name": null, "subtype": null, "class": null, "height": 4.2, "num_floors": null, "surge_class": 0, "surge_ft": 0.0, "flood_active": false, "exposure_score": 0.0, "exposure_category": "none"}, "geometry": {"type": "Polygon", "coordinates": [[[-80.1367363, 25.781667], [-80.1367363, 25.7816847], [-80.1367041, 25.7816847], [-80.1367041, 25.7817398], [-80.1367466, 25.7817398], [-80.1367466, 25.7817743], [-80.1368062, 25.7817743], [-80.1368062, 25.781667], [-80.1367363, 25.781667]]]}}, {"id": "351", "type": "Feature", "properties": {"id": "8124d712-290a-43e3-81c9-3f55085e6a14", "name": null, "subtype": null, "class": null, "height": 7.4, "num_floors": null, "surge_class": 0, "surge_ft": 0.0, "flood_active": false, "exposure_score": 0.0, "exposure_category": "none"}, "geometry": {"type": "Polygon", "coordinates": [[[-80.136118, 25.7822284], [-80.1359549, 25.7822323], [-80.1359577, 25.782329], [-80.1361208, 25.7823252], [-80.136118, 25.7822284]]]}}, {"id": "352", "type": "Feature", "properties": {"id": "f33448f9-769b-4745-a56a-e5059b83b0f5", "name": null, "subtype": null, "class": null, "height": 7.2, "num_floors": null, "surge_class": 1, "surge_ft": 0.5, "flood_active": false, "exposure_score": 0.015, "exposure_category": "low"}, "geometry": {"type": "Polygon", "coordinates": [[[-80.1361187, 25.7823776], [-80.1359624, 25.7823813], [-80.1359651, 25.7824753], [-80.1361214, 25.7824716], [-80.1361187, 25.7823776]]]}}, {"id": "353", "type": "Feature", "properties": {"id": "070192f5-7822-4cb8-8e50-89f17b61ca54", "name": null, "subtype": null, "class": null, "height": 10.9, "num_floors": null, "surge_class": 0, "surge_ft": 0.0, "flood_active": false, "exposure_score": 0.0, "exposure_category": "none"}, "geometry": {"type": "Polygon", "coordinates": [[[-80.135933, 25.782241], [-80.1357729, 25.7822448], [-80.1357754, 25.7823333], [-80.1359355, 25.7823295], [-80.135933, 25.782241]]]}}, {"id": "354", "type": "Feature", "properties": {"id": "f67c2f7d-0b41-4324-b862-373229aa61ac", "name": null, "subtype": null, "class": null, "height": 8.3, "num_floors": null, "surge_class": 0, "surge_ft": 0.0, "flood_active": false, "exposure_score": 0.0, "exposure_category": "none"}, "geometry": {"type": "Polygon", "coordinates": [[[-80.1359323, 25.7823784], [-80.1357794, 25.782382], [-80.1357819, 25.7824682], [-80.1359348, 25.7824645], [-80.1359323, 25.7823784]]]}}, {"id": "355", "type": "Feature", "properties": {"id": "4ea5ed9c-1f3e-4b0e-ba20-b28d11dc4568", "name": null, "subtype": null, "class": null, "height": 5.973211288452148, "num_floors": null, "surge_class": 1, "surge_ft": 0.5, "flood_active": false, "exposure_score": 0.015, "exposure_category": "low"}, "geometry": {"type": "Polygon", "coordinates": [[[-80.1361172, 25.7826204], [-80.1361154, 25.7825121], [-80.1357765, 25.7825167], [-80.1357783, 25.7826249], [-80.1361172, 25.7826204]]]}}, {"id": "356", "type": "Feature", "properties": {"id": "8546c830-02b7-4983-9b78-bb051d8f660e", "name": null, "subtype": null, "class": null, "height": 5.633193492889404, "num_floors": null, "surge_class": 0, "surge_ft": 0.0, "flood_active": false, "exposure_score": 0.0, "exposure_category": "none"}, "geometry": {"type": "Polygon", "coordinates": [[[-80.1361171, 25.7827541], [-80.1361154, 25.7826519], [-80.1357833, 25.7826563], [-80.135785, 25.7827586], [-80.1361171, 25.7827541]]]}}, {"id": "357", "type": "Feature", "properties": {"id": "4a4854ad-5e03-4238-9b6a-777090a74c7f", "name": null, "subtype": null, "class": null, "height": 6.9, "num_floors": null, "surge_class": 0, "surge_ft": 0.0, "flood_active": false, "exposure_score": 0.0, "exposure_category": "none"}, "geometry": {"type": "Polygon", "coordinates": [[[-80.1359183, 25.7830048], [-80.1361263, 25.7830013], [-80.1361246, 25.7829213], [-80.1357958, 25.7829269], [-80.1357981, 25.7830366], [-80.1359189, 25.7830345], [-80.1359183, 25.7830048]]]}}, {"id": "358", "type": "Feature", "properties": {"id": "7226ac6f-6034-4716-8e86-c395de377158", "name": null, "subtype": null, "class": null, "height": 6.8, "num_floors": null, "surge_class": 0, "surge_ft": 0.0, "flood_active": false, "exposure_score": 0.0, "exposure_category": "none"}, "geometry": {"type": "Polygon", "coordinates": [[[-80.1357972, 25.7831654], [-80.1361307, 25.78316], [-80.1361292, 25.7830888], [-80.1359244, 25.7830921], [-80.1359238, 25.7830634], [-80.1357952, 25.7830655], [-80.1357972, 25.7831654]]]}}, {"id": "359", "type": "Feature", "properties": {"id": "2354901d-70a9-4d82-b6f7-f86c863a9c16", "name": null, "subtype": null, "class": null, "height": 7.6, "num_floors": null, "surge_class": 0, "surge_ft": 0.0, "flood_active": false, "exposure_score": 0.0, "exposure_category": "none"}, "geometry": {"type": "Polygon", "coordinates": [[[-80.1358455, 25.7832886], [-80.1361388, 25.7832856], [-80.1361377, 25.7831994], [-80.1358444, 25.7832025], [-80.1358455, 25.7832886]]]}}, {"id": "360", "type": "Feature", "properties": {"id": "341c8415-b168-498a-be2b-eb2eb2c226af", "name": null, "subtype": null, "class": null, "height": 7.3, "num_floors": null, "surge_class": 0, "surge_ft": 0.0, "flood_active": false, "exposure_score": 0.0, "exposure_category": "none"}, "geometry": {"type": "Polygon", "coordinates": [[[-80.1358157, 25.7834436], [-80.1361389, 25.7834379], [-80.1361371, 25.7833546], [-80.1358139, 25.7833603], [-80.1358157, 25.7834436]]]}}, {"id": "361", "type": "Feature", "properties": {"id": "70f006aa-6f36-449b-98b2-71aa9aea6f19", "name": null, "subtype": null, "class": null, "height": 9.8, "num_floors": null, "surge_class": 1, "surge_ft": 0.5, "flood_active": false, "exposure_score": 0.015, "exposure_category": "low"}, "geometry": {"type": "Polygon", "coordinates": [[[-80.1361551, 25.7834688], [-80.1357985, 25.7834773], [-80.135802, 25.783599], [-80.1359133, 25.7835963], [-80.1359121, 25.7835545], [-80.1361574, 25.7835486], [-80.1361551, 25.7834688]]]}}, {"id": "362", "type": "Feature", "properties": {"id": "8aefc24c-ee32-4a4a-9c98-f99c1916ca2f", "name": "Flamingo Park Tennis Center", "subtype": null, "class": null, "height": 5.44566011428833, "num_floors": null, "surge_class": 0, "surge_ft": 0.0, "flood_active": false, "exposure_score": 0.0, "exposure_category": "none"}, "geometry": {"type": "Polygon", "coordinates": [[[-80.1373358, 25.782736], [-80.1373474, 25.7827358], [-80.1373442, 25.782575], [-80.1371788, 25.7825777], [-80.1371821, 25.7827408], [-80.137215, 25.7827402], [-80.1372162, 25.7828014], [-80.1372243, 25.7828013], [-80.1372256, 25.782864], [-80.1372351, 25.7828638], [-80.1372375, 25.7829802], [-80.1373199, 25.7829788], [-80.1373194, 25.7829538], [-80.1373403, 25.7829534], [-80.1373358, 25.782736]]]}}, {"id": "363", "type": "Feature", "properties": {"id": "681c00d6-694a-4e18-bd2b-6c0c2611a5ba", "name": null, "subtype": null, "class": null, "height": 4.2, "num_floors": null, "surge_class": 1, "surge_ft": 0.5, "flood_active": false, "exposure_score": 0.015, "exposure_category": "low"}, "geometry": {"type": "Polygon", "coordinates": [[[-80.13771, 25.7836528], [-80.1377886, 25.7836525], [-80.1377881, 25.7835481], [-80.1377247, 25.7835483], [-80.1377246, 25.7835323], [-80.1375924, 25.7835327], [-80.1375927, 25.7836215], [-80.1377098, 25.7836211], [-80.13771, 25.7836528]]]}}, {"id": "364", "type": "Feature", "properties": {"id": "104f5aa8-d2d6-4ab0-b73b-a5858a4113f0", "name": null, "subtype": null, "class": null, "height": 4.2, "num_floors": null, "surge_class": 0, "surge_ft": 0.0, "flood_active": false, "exposure_score": 0.0, "exposure_category": "none"}, "geometry": {"type": "Polygon", "coordinates": [[[-80.138218, 25.7828911], [-80.1383588, 25.782892], [-80.1383592, 25.7828485], [-80.1382184, 25.7828476], [-80.138218, 25.7828911]]]}}, {"id": "365", "type": "Feature", "properties": {"id": "e36694d0-fd3a-4914-abac-0be306afc5e0", "name": "Police Athletic League", "subtype": "civic", "class": "public", "height": 4.818328380584717, "num_floors": null, "surge_class": 0, "surge_ft": 0.0, "flood_active": false, "exposure_score": 0.0, "exposure_category": "none"}, "geometry": {"type": "Polygon", "coordinates": [[[-80.1385835, 25.7823876], [-80.1384108, 25.7823946], [-80.1384275, 25.7827255], [-80.1385309, 25.7827213], [-80.1385288, 25.7826814], [-80.1385893, 25.7826789], [-80.1385863, 25.7826202], [-80.1385529, 25.7826215], [-80.1385445, 25.7824564], [-80.1385869, 25.7824546], [-80.1385835, 25.7823876]]]}}, {"id": "366", "type": "Feature", "properties": {"id": "19ee9663-5b68-416e-a2d9-a0a78e898b2a", "name": null, "subtype": null, "class": null, "height": 6.7, "num_floors": null, "surge_class": 0, "surge_ft": 0.0, "flood_active": false, "exposure_score": 0.0, "exposure_category": "none"}, "geometry": {"type": "Polygon", "coordinates": [[[-80.1376854, 25.7827746], [-80.1376882, 25.7828175], [-80.1376894, 25.7828433], [-80.1377593, 25.7828419], [-80.1377538, 25.7826716], [-80.1376797, 25.7826717], [-80.1376854, 25.7827746]]]}}, {"id": "367", "type": "Feature", "properties": {"id": "7fc54552-a75b-4b67-b2af-489c20f606ef", "name": null, "subtype": null, "class": null, "height": 11.0, "num_floors": null, "surge_class": 1, "surge_ft": 0.5, "flood_active": false, "exposure_score": 0.015, "exposure_category": "low"}, "geometry": {"type": "Polygon", "coordinates": [[[-80.1378441, 25.7816032], [-80.1378462, 25.781671], [-80.1377278, 25.781674], [-80.1377302, 25.7817543], [-80.1379159, 25.7817497], [-80.13791, 25.7815557], [-80.1378865, 25.7815563], [-80.1378849, 25.7815041], [-80.1375734, 25.7815119], [-80.1375764, 25.7816098], [-80.1378441, 25.7816032]]]}}, {"id": "368", "type": "Feature", "properties": {"id": "f36b53aa-68e9-46d1-a7d7-074358c0b583", "name": null, "subtype": null, "class": null, "height": 8.5, "num_floors": null, "surge_class": 1, "surge_ft": 0.5, "flood_active": false, "exposure_score": 0.015, "exposure_category": "low"}, "geometry": {"type": "Polygon", "coordinates": [[[-80.1375693, 25.7813791], [-80.1375708, 25.7814766], [-80.1378066, 25.7814737], [-80.1378059, 25.7814296], [-80.1378828, 25.7814287], [-80.137882, 25.7813752], [-80.1375693, 25.7813791]]]}}, {"id": "369", "type": "Feature", "properties": {"id": "a4c0bb87-dd28-498c-b723-b06808904e3e", "name": null, "subtype": null, "class": null, "height": 10.3, "num_floors": null, "surge_class": 1, "surge_ft": 0.5, "flood_active": false, "exposure_score": 0.015, "exposure_category": "low"}, "geometry": {"type": "Polygon", "coordinates": [[[-80.1375652, 25.7812418], [-80.1375683, 25.7813435], [-80.1378913, 25.7813355], [-80.1378889, 25.7812555], [-80.137794, 25.7812579], [-80.1377953, 25.7813033], [-80.1377204, 25.7813051], [-80.1377183, 25.781238], [-80.1375652, 25.7812418]]]}}, {"id": "370", "type": "Feature", "properties": {"id": "48714558-12b8-4da8-b03c-ce8a45d0fc9a", "name": null, "subtype": null, "class": null, "height": 9.5, "num_floors": null, "surge_class": 1, "surge_ft": 0.5, "flood_active": false, "exposure_score": 0.015, "exposure_category": "low"}, "geometry": {"type": "Polygon", "coordinates": [[[-80.1378503, 25.7811908], [-80.1378514, 25.7812268], [-80.1379063, 25.7812255], [-80.137902, 25.7810852], [-80.1375544, 25.7810939], [-80.1375579, 25.7812114], [-80.1376366, 25.7812095], [-80.1376362, 25.7811961], [-80.1378503, 25.7811908]]]}}, {"id": "371", "type": "Feature", "properties": {"id": "08559bb6-124a-48af-9eb4-29c8324b5e10", "name": null, "subtype": null, "class": null, "height": 9.6, "num_floors": null, "surge_class": 1, "surge_ft": 0.5, "flood_active": false, "exposure_score": 0.015, "exposure_category": "low"}, "geometry": {"type": "Polygon", "coordinates": [[[-80.1378925, 25.780955], [-80.1378222, 25.7809567], [-80.1378254, 25.7810621], [-80.1378957, 25.7810603], [-80.1378925, 25.780955]]]}}, {"id": "372", "type": "Feature", "properties": {"id": "6d4e216d-b4dd-4e2e-a3ea-566c03111770", "name": null, "subtype": null, "class": null, "height": 12.9, "num_floors": null, "surge_class": 1, "surge_ft": 0.5, "flood_active": false, "exposure_score": 0.015, "exposure_category": "low"}, "geometry": {"type": "Polygon", "coordinates": [[[-80.1380061, 25.7810886], [-80.1380093, 25.7811956], [-80.1381714, 25.7811915], [-80.1381699, 25.7811424], [-80.1381853, 25.7811421], [-80.138184, 25.7810971], [-80.1380702, 25.7811], [-80.1380698, 25.781087], [-80.1380061, 25.7810886]]]}}, {"id": "373", "type": "Feature", "properties": {"id": "996368c0-4648-4e1c-9484-e146ad1c09a7", "name": null, "subtype": null, "class": null, "height": 5.5, "num_floors": null, "surge_class": 1, "surge_ft": 0.5, "flood_active": false, "exposure_score": 0.015, "exposure_category": "low"}, "geometry": {"type": "Polygon", "coordinates": [[[-80.1382484, 25.7814517], [-80.1382489, 25.7814667], [-80.1383328, 25.7814646], [-80.1383311, 25.7814079], [-80.1382918, 25.7814089], [-80.1382906, 25.7813704], [-80.1381719, 25.7813734], [-80.1381743, 25.7814536], [-80.1382484, 25.7814517]]]}}, {"id": "374", "type": "Feature", "properties": {"id": "78dd3f78-6d43-4d94-99d0-230bfdba0cd1", "name": null, "subtype": null, "class": null, "height": 7.8, "num_floors": null, "surge_class": 2, "surge_ft": 1.5, "flood_active": false, "exposure_score": 0.045, "exposure_category": "low"}, "geometry": {"type": "Polygon", "coordinates": [[[-80.1380714, 25.7815863], [-80.1383352, 25.7815825], [-80.1383335, 25.7814855], [-80.1380697, 25.7814892], [-80.1380714, 25.7815863]]]}}, {"id": "375", "type": "Feature", "properties": {"id": "dc39dd24-9443-460d-aa48-9dcaa512ed72", "name": null, "subtype": null, "class": null, "height": 8.8, "num_floors": null, "surge_class": 1, "surge_ft": 0.5, "flood_active": false, "exposure_score": 0.015, "exposure_category": "low"}, "geometry": {"type": "Polygon", "coordinates": [[[-80.1383295, 25.781212], [-80.1381483, 25.7812165], [-80.1381519, 25.7813341], [-80.1383331, 25.7813296], [-80.1383295, 25.781212]]]}}, {"id": "376", "type": "Feature", "properties": {"id": "2a217bf3-bbb3-4743-9eef-0bb644827338", "name": null, "subtype": null, "class": null, "height": 6.1, "num_floors": null, "surge_class": 0, "surge_ft": 0.0, "flood_active": false, "exposure_score": 0.0, "exposure_category": "none"}, "geometry": {"type": "Polygon", "coordinates": [[[-80.1380261, 25.7810472], [-80.138323, 25.7810427], [-80.1383209, 25.780934], [-80.1380241, 25.7809385], [-80.1380261, 25.7810472]]]}}, {"id": "377", "type": "Feature", "properties": {"id": "a6d454af-b7f1-4775-8209-11ee4860abb0", "name": null, "subtype": null, "class": null, "height": null, "num_floors": null, "surge_class": 1, "surge_ft": 0.5, "flood_active": false, "exposure_score": 0.015, "exposure_category": "low"}, "geometry": {"type": "Polygon", "coordinates": [[[-80.1381951, 25.7811855], [-80.1383506, 25.781188], [-80.1383526, 25.7810883], [-80.138197, 25.7810859], [-80.1381951, 25.7811855]]]}}, {"id": "378", "type": "Feature", "properties": {"id": "ec5cad5a-2d10-4ea0-bc4c-16fb5162c5d0", "name": null, "subtype": null, "class": null, "height": 7.8, "num_floors": null, "surge_class": 2, "surge_ft": 1.5, "flood_active": false, "exposure_score": 0.045, "exposure_category": "low"}, "geometry": {"type": "Polygon", "coordinates": [[[-80.1381186, 25.7817417], [-80.1383445, 25.7817382], [-80.1383426, 25.7816368], [-80.1381167, 25.7816402], [-80.1381186, 25.7817417]]]}}, {"id": "379", "type": "Feature", "properties": {"id": "ac7dab3b-6ca4-4e85-ae80-7aaec8b435e1", "name": null, "subtype": null, "class": null, "height": 10.4, "num_floors": null, "surge_class": 1, "surge_ft": 0.5, "flood_active": false, "exposure_score": 0.015, "exposure_category": "low"}, "geometry": {"type": "Polygon", "coordinates": [[[-80.1382701, 25.7824565], [-80.1382717, 25.782473], [-80.1382955, 25.782473], [-80.1382949, 25.7823781], [-80.1382944, 25.7823565], [-80.1383893, 25.7823513], [-80.1383853, 25.7821916], [-80.1384075, 25.7821915], [-80.1384046, 25.7819933], [-80.138271, 25.7819967], [-80.1382677, 25.7820318], [-80.1381838, 25.782008], [-80.1381852, 25.7821647], [-80.1381861, 25.7821884], [-80.1382131, 25.7821877], [-80.1382209, 25.7823458], [-80.1381717, 25.7823486], [-80.138178, 25.7824593], [-80.1382701, 25.7824565]]]}}, {"id": "380", "type": "Feature", "properties": {"id": "1c13a626-6a77-43b5-854e-69c6f645fd5b", "name": null, "subtype": null, "class": null, "height": 3.8, "num_floors": null, "surge_class": 2, "surge_ft": 1.5, "flood_active": false, "exposure_score": 0.045, "exposure_category": "low"}, "geometry": {"type": "Polygon", "coordinates": [[[-80.1386756, 25.7821601], [-80.1386013, 25.782162], [-80.1386038, 25.7822445], [-80.1386782, 25.7822427], [-80.1386756, 25.7821601]]]}}, {"id": "381", "type": "Feature", "properties": {"id": "73657250-178c-4850-bd98-d710958468ba", "name": null, "subtype": null, "class": null, "height": 11.1, "num_floors": null, "surge_class": 1, "surge_ft": 0.5, "flood_active": false, "exposure_score": 0.015, "exposure_category": "low"}, "geometry": {"type": "Polygon", "coordinates": [[[-80.1387005, 25.7815673], [-80.1387046, 25.7817018], [-80.1391027, 25.7816919], [-80.1390983, 25.7815486], [-80.1390477, 25.7815498], [-80.1390483, 25.7815714], [-80.1390116, 25.7815723], [-80.1390123, 25.7815951], [-80.1388206, 25.7815998], [-80.1388195, 25.7815644], [-80.1387005, 25.7815673]]]}}, {"id": "382", "type": "Feature", "properties": {"id": "95c62965-dcc1-4745-9e9a-e9e39a5d4bbf", "name": "Casa Gaby Apartments Part of the Oasis Casita Collection", "subtype": null, "class": null, "height": 9.5, "num_floors": null, "surge_class": 2, "surge_ft": 1.5, "flood_active": false, "exposure_score": 0.045, "exposure_category": "low"}, "geometry": {"type": "Polygon", "coordinates": [[[-80.1388192, 25.7811934], [-80.1386879, 25.7811967], [-80.138692, 25.7813317], [-80.1388233, 25.7813285], [-80.1388192, 25.7811934]]]}}, {"id": "383", "type": "Feature", "properties": {"id": "1f7ebb3f-7858-41cc-970b-d6e247238104", "name": null, "subtype": null, "class": null, "height": 6.9, "num_floors": null, "surge_class": 2, "surge_ft": 1.5, "flood_active": false, "exposure_score": 0.045, "exposure_category": "low"}, "geometry": {"type": "Polygon", "coordinates": [[[-80.1386888, 25.7810436], [-80.1386906, 25.7811276], [-80.1387849, 25.781126], [-80.1387831, 25.781042], [-80.1386888, 25.7810436]]]}}, {"id": "384", "type": "Feature", "properties": {"id": "e40cc2c1-55c2-40b1-b0d6-804b059ede4f", "name": null, "subtype": null, "class": null, "height": 5.3, "num_floors": null, "surge_class": 1, "surge_ft": 0.5, "flood_active": false, "exposure_score": 0.015, "exposure_category": "low"}, "geometry": {"type": "Polygon", "coordinates": [[[-80.139028, 25.7810242], [-80.1388256, 25.7810293], [-80.1388273, 25.7810845], [-80.1390297, 25.7810795], [-80.139028, 25.7810242]]]}}, {"id": "385", "type": "Feature", "properties": {"id": "b6e1f6cf-fabc-49ea-af25-670f7ca899df", "name": null, "subtype": null, "class": null, "height": 4.0, "num_floors": null, "surge_class": 1, "surge_ft": 0.5, "flood_active": false, "exposure_score": 0.015, "exposure_category": "low"}, "geometry": {"type": "Polygon", "coordinates": [[[-80.1390686, 25.7810999], [-80.1388318, 25.7811001], [-80.1388319, 25.7811622], [-80.1390686, 25.781162], [-80.1390686, 25.7810999]]]}}, {"id": "386", "type": "Feature", "properties": {"id": "b9d74f66-2e87-4bf3-8f27-8ba40f7df18c", "name": null, "subtype": null, "class": null, "height": 4.9, "num_floors": null, "surge_class": 2, "surge_ft": 1.5, "flood_active": false, "exposure_score": 0.045, "exposure_category": "low"}, "geometry": {"type": "Polygon", "coordinates": [[[-80.1390039, 25.7812496], [-80.1390049, 25.7812814], [-80.1389685, 25.7812823], [-80.1389705, 25.7813485], [-80.1390907, 25.7813455], [-80.1390867, 25.7812158], [-80.1390744, 25.7812161], [-80.1390737, 25.7811919], [-80.138914, 25.7811959], [-80.1389157, 25.7812518], [-80.1390039, 25.7812496]]]}}, {"id": "387", "type": "Feature", "properties": {"id": "ef806f1b-0b31-4dc2-ba54-baf5d88b73f2", "name": null, "subtype": null, "class": null, "height": 11.1, "num_floors": null, "surge_class": 1, "surge_ft": 0.5, "flood_active": false, "exposure_score": 0.015, "exposure_category": "low"}, "geometry": {"type": "Polygon", "coordinates": [[[-80.1390502, 25.7814932], [-80.1390508, 25.7815155], [-80.1390941, 25.7815144], [-80.1390898, 25.7813715], [-80.1386966, 25.7813813], [-80.1387006, 25.7815114], [-80.1388172, 25.7815085], [-80.1388162, 25.7814768], [-80.139011, 25.7814719], [-80.1390116, 25.7814942], [-80.1390502, 25.7814932]]]}}, {"id": "388", "type": "Feature", "properties": {"id": "341e0abf-fce9-48b8-85a0-fc0414f4f768", "name": null, "subtype": null, "class": null, "height": 12.5, "num_floors": null, "surge_class": 2, "surge_ft": 1.5, "flood_active": false, "exposure_score": 0.045, "exposure_category": "low"}, "geometry": {"type": "Polygon", "coordinates": [[[-80.1395238, 25.7810431], [-80.1391251, 25.781053], [-80.1391254, 25.7810802], [-80.1391319, 25.7812763], [-80.1391329, 25.7813111], [-80.1395317, 25.7813012], [-80.1395307, 25.7812687], [-80.1395248, 25.7810723], [-80.1395238, 25.7810431]]]}}, {"id": "389", "type": "Feature", "properties": {"id": "20523d19-809f-4777-98b7-c111b8acebe5", "name": null, "subtype": null, "class": null, "height": 10.6, "num_floors": null, "surge_class": 2, "surge_ft": 1.5, "flood_active": false, "exposure_score": 0.045, "exposure_category": "low"}, "geometry": {"type": "Polygon", "coordinates": [[[-80.1395214, 25.7813708], [-80.1391136, 25.781381], [-80.1391174, 25.7815057], [-80.1395252, 25.7814955], [-80.1395214, 25.7813708]]]}}, {"id": "390", "type": "Feature", "properties": {"id": "9b6aa9b0-6c49-4bb6-9df5-db22d5dd0316", "name": null, "subtype": null, "class": null, "height": 6.8, "num_floors": null, "surge_class": 2, "surge_ft": 1.5, "flood_active": false, "exposure_score": 0.045, "exposure_category": "low"}, "geometry": {"type": "Polygon", "coordinates": [[[-80.1395341, 25.7815257], [-80.1391222, 25.7815359], [-80.1391272, 25.7816985], [-80.139539, 25.7816882], [-80.1395341, 25.7815257]]]}}, {"id": "391", "type": "Feature", "properties": {"id": "9b2c8f60-0494-4801-b196-581b2b6eb584", "name": null, "subtype": "residential", "class": "house", "height": 7.0, "num_floors": null, "surge_class": 1, "surge_ft": 0.5, "flood_active": false, "exposure_score": 0.015, "exposure_category": "low"}, "geometry": {"type": "Polygon", "coordinates": [[[-80.1388371, 25.7832398], [-80.1389565, 25.7832366], [-80.1389531, 25.7831356], [-80.1388337, 25.7831388], [-80.1388371, 25.7832398]]]}}, {"id": "392", "type": "Feature", "properties": {"id": "400c754d-87d4-4ace-a18d-d6623a13755a", "name": null, "subtype": null, "class": null, "height": 5.242574214935303, "num_floors": null, "surge_class": 1, "surge_ft": 0.5, "flood_active": false, "exposure_score": 0.015, "exposure_category": "low"}, "geometry": {"type": "Polygon", "coordinates": [[[-80.1388263, 25.7831029], [-80.1390358, 25.7830963], [-80.1390342, 25.783054], [-80.1390564, 25.7830533], [-80.1390535, 25.7829779], [-80.1388818, 25.7829833], [-80.1388823, 25.7829975], [-80.1388385, 25.7829988], [-80.1388398, 25.7830341], [-80.1388236, 25.7830346], [-80.1388263, 25.7831029]]]}}, {"id": "393", "type": "Feature", "properties": {"id": "9649f382-8c20-4b52-8499-67eadd6d4349", "name": null, "subtype": "residential", "class": "house", "height": 4.9, "num_floors": null, "surge_class": 1, "surge_ft": 0.5, "flood_active": false, "exposure_score": 0.015, "exposure_category": "low"}, "geometry": {"type": "Polygon", "coordinates": [[[-80.1388453, 25.783381], [-80.1389618, 25.7833779], [-80.1389583, 25.7832704], [-80.1388418, 25.7832735], [-80.1388453, 25.783381]]]}}, {"id": "394", "type": "Feature", "properties": {"id": "c5ad6fc8-9a12-4a73-b1d5-d370def3cf81", "name": null, "subtype": null, "class": null, "height": 3.3548736572265625, "num_floors": null, "surge_class": 1, "surge_ft": 0.5, "flood_active": false, "exposure_score": 0.015, "exposure_category": "low"}, "geometry": {"type": "Polygon", "coordinates": [[[-80.1388401, 25.7835091], [-80.1390052, 25.7835063], [-80.1390029, 25.7833942], [-80.1388524, 25.7833967], [-80.138854, 25.7834732], [-80.1388394, 25.7834735], [-80.1388401, 25.7835091]]]}}, {"id": "395", "type": "Feature", "properties": {"id": "4755603f-84e7-468c-a86e-f477d705fdb7", "name": null, "subtype": null, "class": null, "height": 2.1701388359069824, "num_floors": null, "surge_class": 1, "surge_ft": 0.5, "flood_active": false, "exposure_score": 0.015, "exposure_category": "low"}, "geometry": {"type": "Polygon", "coordinates": [[[-80.1392272, 25.7835815], [-80.1392874, 25.7835802], [-80.1392862, 25.783533], [-80.1392259, 25.7835343], [-80.1392272, 25.7835815]]]}}, {"id": "396", "type": "Feature", "properties": {"id": "7a29bf8c-c838-4cf0-b4f1-2aea9fc3358f", "name": null, "subtype": "residential", "class": "house", "height": 4.2, "num_floors": null, "surge_class": 1, "surge_ft": 0.5, "flood_active": false, "exposure_score": 0.015, "exposure_category": "low"}, "geometry": {"type": "Polygon", "coordinates": [[[-80.1392865, 25.7833718], [-80.139283, 25.7832668], [-80.1392118, 25.7832687], [-80.1392153, 25.7833737], [-80.1392865, 25.7833718]]]}}, {"id": "397", "type": "Feature", "properties": {"id": "a22d3c5b-0d00-4fe9-abea-6cbd773e4eff", "name": null, "subtype": null, "class": null, "height": 3.1, "num_floors": null, "surge_class": 1, "surge_ft": 0.5, "flood_active": false, "exposure_score": 0.015, "exposure_category": "low"}, "geometry": {"type": "Polygon", "coordinates": [[[-80.1390581, 25.7835066], [-80.1391314, 25.7835071], [-80.1391323, 25.7834061], [-80.1390589, 25.7834056], [-80.1390581, 25.7835066]]]}}, {"id": "398", "type": "Feature", "properties": {"id": "8fe8a910-36cf-4832-89a1-51232b89ea15", "name": null, "subtype": "residential", "class": "house", "height": 4.6, "num_floors": null, "surge_class": 0, "surge_ft": 0.0, "flood_active": false, "exposure_score": 0.0, "exposure_category": "none"}, "geometry": {"type": "Polygon", "coordinates": [[[-80.1393078, 25.7832391], [-80.139446, 25.7832354], [-80.1394437, 25.7831666], [-80.1395089, 25.7831649], [-80.1395072, 25.7831122], [-80.1392673, 25.7831187], [-80.1392692, 25.783176], [-80.1393057, 25.783175], [-80.1393078, 25.7832391]]]}}, {"id": "399", "type": "Feature", "properties": {"id": "6665ecea-c7ab-4c52-8827-72c02863ca8f", "name": null, "subtype": "residential", "class": "house", "height": 5.2, "num_floors": null, "surge_class": 0, "surge_ft": 0.0, "flood_active": false, "exposure_score": 0.0, "exposure_category": "none"}, "geometry": {"type": "Polygon", "coordinates": [[[-80.1392959, 25.7830963], [-80.1394882, 25.7830911], [-80.1394845, 25.7829794], [-80.1393481, 25.782983], [-80.1393497, 25.7830319], [-80.1393193, 25.7830327], [-80.1393203, 25.7830627], [-80.1392948, 25.7830634], [-80.1392959, 25.7830963]]]}}, {"id": "400", "type": "Feature", "properties": {"id": "01fe189e-4bb1-4094-a504-1cff063d7a0f", "name": null, "subtype": "residential", "class": "house", "height": 3.9362711906433105, "num_floors": null, "surge_class": 2, "surge_ft": 1.5, "flood_active": false, "exposure_score": 0.045, "exposure_category": "low"}, "geometry": {"type": "Polygon", "coordinates": [[[-80.1393969, 25.7832832], [-80.1393997, 25.7833665], [-80.139493, 25.783364], [-80.1394902, 25.7832807], [-80.1393969, 25.7832832]]]}}, {"id": "401", "type": "Feature", "properties": {"id": "9452580e-ba8b-40b0-90f9-41e248537b6d", "name": null, "subtype": "residential", "class": "house", "height": 4.1, "num_floors": null, "surge_class": 1, "surge_ft": 0.5, "flood_active": false, "exposure_score": 0.015, "exposure_category": "low"}, "geometry": {"type": "Polygon", "coordinates": [[[-80.1394828, 25.7835401], [-80.1395191, 25.7835391], [-80.1395168, 25.7834716], [-80.1394969, 25.7834721], [-80.1394955, 25.7834303], [-80.139351, 25.7834341], [-80.1393527, 25.7834845], [-80.139408, 25.783483], [-80.1394093, 25.7835204], [-80.1393592, 25.7835217], [-80.1393606, 25.783566], [-80.1394836, 25.7835627], [-80.1394828, 25.7835401]]]}}, {"id": "402", "type": "Feature", "properties": {"id": "85f65d58-25c7-48ab-b6ad-f7b356403d72", "name": null, "subtype": null, "class": null, "height": 3.7801342010498047, "num_floors": null, "surge_class": 1, "surge_ft": 0.5, "flood_active": false, "exposure_score": 0.015, "exposure_category": "low"}, "geometry": {"type": "Polygon", "coordinates": [[[-80.1402336, 25.7830789], [-80.1403051, 25.7830779], [-80.1403027, 25.7829473], [-80.1401619, 25.7829494], [-80.1401624, 25.7829724], [-80.140079, 25.7829737], [-80.1400119, 25.7829747], [-80.1400132, 25.7830455], [-80.1400824, 25.7830444], [-80.1400828, 25.7830649], [-80.1401762, 25.7830636], [-80.1401756, 25.7830327], [-80.1402327, 25.7830318], [-80.1402336, 25.7830789]]]}}, {"id": "403", "type": "Feature", "properties": {"id": "52c75b67-1228-48bf-b83e-5ebf74cec3ea", "name": null, "subtype": null, "class": null, "height": 6.909696578979492, "num_floors": null, "surge_class": 2, "surge_ft": 1.5, "flood_active": false, "exposure_score": 0.045, "exposure_category": "low"}, "geometry": {"type": "Polygon", "coordinates": [[[-80.1402952, 25.7816656], [-80.1402897, 25.7814932], [-80.1401628, 25.7814965], [-80.1401554, 25.781505], [-80.1400026, 25.7815098], [-80.1399932, 25.7815026], [-80.1398728, 25.7815058], [-80.1398783, 25.7816696], [-80.1399286, 25.7816682], [-80.1399289, 25.7816784], [-80.1399722, 25.7816772], [-80.1399718, 25.7816665], [-80.1400168, 25.7816653], [-80.1400156, 25.7816299], [-80.1400335, 25.7816294], [-80.140034, 25.7816439], [-80.1400652, 25.7816431], [-80.1400655, 25.781653], [-80.1401, 25.781652], [-80.1400996, 25.7816408], [-80.1401336, 25.7816399], [-80.1401331, 25.7816261], [-80.1401468, 25.7816257], [-80.1401482, 25.7816685], [-80.1401985, 25.7816671], [-80.1401987, 25.7816738], [-80.140245, 25.7816726], [-80.1402448, 25.7816669], [-80.1402952, 25.7816656]]]}}, {"id": "404", "type": "Feature", "properties": {"id": "567f9b28-7ac9-4d8e-b3b8-05f37d26cf70", "name": null, "subtype": null, "class": null, "height": 8.4, "num_floors": null, "surge_class": 1, "surge_ft": 0.5, "flood_active": false, "exposure_score": 0.015, "exposure_category": "low"}, "geometry": {"type": "Polygon", "coordinates": [[[-80.1397118, 25.7818698], [-80.1394713, 25.7818762], [-80.1394745, 25.7819753], [-80.139715, 25.7819689], [-80.1397118, 25.7818698]]]}}, {"id": "405", "type": "Feature", "properties": {"id": "5092551b-c353-44e4-a58d-2428587ada7e", "name": null, "subtype": null, "class": null, "height": 7.4, "num_floors": null, "surge_class": 2, "surge_ft": 1.5, "flood_active": false, "exposure_score": 0.045, "exposure_category": "low"}, "geometry": {"type": "Polygon", "coordinates": [[[-80.1398644, 25.7814646], [-80.1399706, 25.781462], [-80.1399691, 25.7814115], [-80.1399882, 25.7814106], [-80.1400157, 25.7814103], [-80.1400143, 25.7813635], [-80.1398615, 25.7813671], [-80.1398644, 25.7814646]]]}}, {"id": "406", "type": "Feature", "properties": {"id": "551240c8-9c15-4ac9-9ebb-fab1d74c32d8", "name": null, "subtype": null, "class": null, "height": 8.0, "num_floors": null, "surge_class": 2, "surge_ft": 1.5, "flood_active": false, "exposure_score": 0.045, "exposure_category": "low"}, "geometry": {"type": "Polygon", "coordinates": [[[-80.1398663, 25.7812032], [-80.1398693, 25.7813056], [-80.1399588, 25.7813035], [-80.1399578, 25.7812707], [-80.140002, 25.7812697], [-80.14, 25.7812], [-80.1398663, 25.7812032]]]}}, {"id": "407", "type": "Feature", "properties": {"id": "e16d5716-7d24-4466-bd26-db813d007abe", "name": null, "subtype": null, "class": null, "height": 4.4, "num_floors": null, "surge_class": 2, "surge_ft": 1.5, "flood_active": false, "exposure_score": 0.045, "exposure_category": "low"}, "geometry": {"type": "Polygon", "coordinates": [[[-80.1398794, 25.7810174], [-80.1398822, 25.7811273], [-80.1399859, 25.7811252], [-80.1399843, 25.7810617], [-80.1400068, 25.7810612], [-80.1400057, 25.7810148], [-80.1398794, 25.7810174]]]}}, {"id": "408", "type": "Feature", "properties": {"id": "bfbb775d-b297-4bad-b693-87df070b91e1", "name": null, "subtype": null, "class": null, "height": 7.5, "num_floors": null, "surge_class": 1, "surge_ft": 0.5, "flood_active": false, "exposure_score": 0.015, "exposure_category": "low"}, "geometry": {"type": "Polygon", "coordinates": [[[-80.1399948, 25.7809321], [-80.1399933, 25.7808424], [-80.1398625, 25.7808443], [-80.1398641, 25.7809366], [-80.1399266, 25.7809357], [-80.1399271, 25.7809625], [-80.1399781, 25.7809617], [-80.1399776, 25.7809323], [-80.1399948, 25.7809321]]]}}, {"id": "409", "type": "Feature", "properties": {"id": "a323874d-daca-4d51-9df2-2cd6ed932986", "name": null, "subtype": null, "class": null, "height": 5.9, "num_floors": null, "surge_class": 2, "surge_ft": 1.5, "flood_active": false, "exposure_score": 0.045, "exposure_category": "low"}, "geometry": {"type": "Polygon", "coordinates": [[[-80.1398556, 25.780691], [-80.1398574, 25.7808065], [-80.1402535, 25.7808013], [-80.1402516, 25.7806858], [-80.1398556, 25.780691]]]}}, {"id": "410", "type": "Feature", "properties": {"id": "8ab857e3-0b8c-4df0-869f-c32060747610", "name": null, "subtype": null, "class": null, "height": 7.0, "num_floors": null, "surge_class": 2, "surge_ft": 1.5, "flood_active": false, "exposure_score": 0.045, "exposure_category": "low"}, "geometry": {"type": "Polygon", "coordinates": [[[-80.1398447, 25.780435], [-80.1402572, 25.7804265], [-80.1402531, 25.7802664], [-80.1401655, 25.7802682], [-80.1401662, 25.7802967], [-80.1401386, 25.7802973], [-80.140139, 25.7803145], [-80.1399306, 25.7803188], [-80.1399296, 25.7802791], [-80.1398408, 25.7802809], [-80.1398447, 25.780435]]]}}, {"id": "411", "type": "Feature", "properties": {"id": "e5bce8a5-5549-44a7-b2e3-e728fc93c884", "name": null, "subtype": null, "class": null, "height": 6.2, "num_floors": null, "surge_class": 2, "surge_ft": 1.5, "flood_active": false, "exposure_score": 0.045, "exposure_category": "low"}, "geometry": {"type": "Polygon", "coordinates": [[[-80.1398331, 25.780255], [-80.1402376, 25.7802481], [-80.1402348, 25.7801188], [-80.1399038, 25.7801245], [-80.1399034, 25.7801042], [-80.1398299, 25.7801055], [-80.1398331, 25.780255]]]}}, {"id": "412", "type": "Feature", "properties": {"id": "9355370e-a7c4-40cc-81af-4efe0249cc78", "name": null, "subtype": null, "class": null, "height": 7.2, "num_floors": null, "surge_class": 1, "surge_ft": 0.5, "flood_active": false, "exposure_score": 0.015, "exposure_category": "low"}, "geometry": {"type": "Polygon", "coordinates": [[[-80.1398235, 25.7796525], [-80.1398249, 25.7797438], [-80.1402283, 25.7797389], [-80.1402273, 25.7796713], [-80.1402101, 25.7796715], [-80.1402088, 25.7795818], [-80.1401341, 25.7795827], [-80.1401347, 25.7796235], [-80.1398809, 25.7796265], [-80.1398812, 25.7796518], [-80.1398235, 25.7796525]]]}}, {"id": "413", "type": "Feature", "properties": {"id": "7634b5bc-b258-49e8-99a0-6db6b398d56d", "name": null, "subtype": null, "class": null, "height": 4.3, "num_floors": null, "surge_class": 2, "surge_ft": 1.5, "flood_active": false, "exposure_score": 0.045, "exposure_category": "low"}, "geometry": {"type": "Polygon", "coordinates": [[[-80.1398332, 25.7797975], [-80.1398343, 25.7798429], [-80.1398965, 25.7798417], [-80.1398983, 25.7799187], [-80.1399867, 25.7799171], [-80.1399865, 25.7799096], [-80.1400976, 25.7799075], [-80.1400962, 25.7798492], [-80.1400071, 25.7798509], [-80.1399716, 25.779834], [-80.1399707, 25.779795], [-80.1398332, 25.7797975]]]}}, {"id": "414", "type": "Feature", "properties": {"id": "63e06f2d-1830-4efb-9274-9837db3e354d", "name": null, "subtype": null, "class": null, "height": 4.139097690582275, "num_floors": null, "surge_class": 2, "surge_ft": 1.5, "flood_active": false, "exposure_score": 0.045, "exposure_category": "low"}, "geometry": {"type": "Polygon", "coordinates": [[[-80.1398666, 25.7800613], [-80.1399486, 25.7800591], [-80.1399446, 25.7799378], [-80.1398377, 25.7799406], [-80.1398408, 25.7800363], [-80.1398657, 25.7800357], [-80.1398666, 25.7800613]]]}}, {"id": "415", "type": "Feature", "properties": {"id": "58fd9ea7-81db-4fcf-a9ce-2fda6b93664c", "name": null, "subtype": null, "class": null, "height": 9.5, "num_floors": null, "surge_class": 1, "surge_ft": 0.5, "flood_active": false, "exposure_score": 0.015, "exposure_category": "low"}, "geometry": {"type": "Polygon", "coordinates": [[[-80.139826, 25.7795665], [-80.139973, 25.7795626], [-80.1399688, 25.779433], [-80.1398218, 25.7794369], [-80.139826, 25.7795665]]]}}, {"id": "416", "type": "Feature", "properties": {"id": "a5b11df5-3436-44f2-a17c-619927961e71", "name": null, "subtype": null, "class": null, "height": null, "num_floors": null, "surge_class": 1, "surge_ft": 0.5, "flood_active": false, "exposure_score": 0.015, "exposure_category": "low"}, "geometry": {"type": "Polygon", "coordinates": [[[-80.1397917, 25.7788979], [-80.1397963, 25.7790133], [-80.1399539, 25.7790082], [-80.1399486, 25.7788776], [-80.1398369, 25.7788813], [-80.1398375, 25.7788964], [-80.1397917, 25.7788979]]]}}, {"id": "417", "type": "Feature", "properties": {"id": "c5d8da38-d6a9-4564-8842-74e8aa1db817", "name": null, "subtype": null, "class": null, "height": 7.8, "num_floors": null, "surge_class": 0, "surge_ft": 0.0, "flood_active": false, "exposure_score": 0.0, "exposure_category": "none"}, "geometry": {"type": "Polygon", "coordinates": [[[-80.1399733, 25.77828], [-80.1398506, 25.7782826], [-80.1398519, 25.7783322], [-80.1397764, 25.7783339], [-80.1397799, 25.7784661], [-80.1398379, 25.7784649], [-80.1398376, 25.7784518], [-80.1399251, 25.77845], [-80.1399254, 25.7784601], [-80.1399781, 25.778459], [-80.1399733, 25.77828]]]}}, {"id": "418", "type": "Feature", "properties": {"id": "1dfd889f-0c40-431c-892a-fd3f89884a56", "name": null, "subtype": null, "class": null, "height": 5.0, "num_floors": null, "surge_class": 0, "surge_ft": 0.0, "flood_active": false, "exposure_score": 0.0, "exposure_category": "none"}, "geometry": {"type": "Polygon", "coordinates": [[[-80.139807, 25.7788108], [-80.1401981, 25.778804], [-80.1401964, 25.7787259], [-80.1398053, 25.7787327], [-80.139807, 25.7788108]]]}}, {"id": "419", "type": "Feature", "properties": {"id": "84418dd1-8934-446f-84a6-d7adf19d743a", "name": null, "subtype": null, "class": null, "height": 4.9, "num_floors": null, "surge_class": 0, "surge_ft": 0.0, "flood_active": false, "exposure_score": 0.0, "exposure_category": "none"}, "geometry": {"type": "Polygon", "coordinates": [[[-80.1397937, 25.778572], [-80.1401939, 25.778565], [-80.140192, 25.7784787], [-80.1397918, 25.7784858], [-80.1397937, 25.778572]]]}}, {"id": "420", "type": "Feature", "properties": {"id": "91c020b0-97a2-482b-a3af-0213e3b61731", "name": null, "subtype": null, "class": null, "height": 6.2689385414123535, "num_floors": null, "surge_class": 0, "surge_ft": 0.0, "flood_active": false, "exposure_score": 0.0, "exposure_category": "none"}, "geometry": {"type": "Polygon", "coordinates": [[[-80.1400014, 25.7784083], [-80.140195, 25.7784047], [-80.1401919, 25.7782725], [-80.1401063, 25.7782741], [-80.1401084, 25.7783643], [-80.1400744, 25.778365], [-80.1400725, 25.7782823], [-80.1399985, 25.7782836], [-80.1400014, 25.7784083]]]}}, {"id": "421", "type": "Feature", "properties": {"id": "7d98bcc0-c656-4363-9755-207fd62f0362", "name": null, "subtype": null, "class": null, "height": 7.9, "num_floors": null, "surge_class": 1, "surge_ft": 0.5, "flood_active": false, "exposure_score": 0.015, "exposure_category": "low"}, "geometry": {"type": "Polygon", "coordinates": [[[-80.1399556, 25.7788727], [-80.1399618, 25.7790049], [-80.1401998, 25.7789959], [-80.1401923, 25.7788336], [-80.1401244, 25.7788362], [-80.1401258, 25.7788663], [-80.1399556, 25.7788727]]]}}, {"id": "422", "type": "Feature", "properties": {"id": "70c3cbcc-ba1d-4231-92d3-b6953d174627", "name": null, "subtype": null, "class": null, "height": 8.7, "num_floors": null, "surge_class": 1, "surge_ft": 0.5, "flood_active": false, "exposure_score": 0.015, "exposure_category": "low"}, "geometry": {"type": "Polygon", "coordinates": [[[-80.1397964, 25.7791682], [-80.1401943, 25.7791628], [-80.1401923, 25.7790436], [-80.1397944, 25.779049], [-80.1397964, 25.7791682]]]}}, {"id": "423", "type": "Feature", "properties": {"id": "ccd0c941-a167-4f4f-986d-2ec5a96fe38a", "name": null, "subtype": null, "class": null, "height": 10.1, "num_floors": null, "surge_class": 0, "surge_ft": 0.0, "flood_active": false, "exposure_score": 0.0, "exposure_category": "none"}, "geometry": {"type": "Polygon", "coordinates": [[[-80.1395107, 25.7886857], [-80.1395136, 25.7888487], [-80.1396321, 25.7888469], [-80.1396294, 25.7886938], [-80.1396468, 25.7886935], [-80.1396449, 25.7885876], [-80.139487, 25.7885899], [-80.1394887, 25.788686], [-80.1395107, 25.7886857]]]}}, {"id": "424", "type": "Feature", "properties": {"id": "ac119dc5-759a-46c3-a084-87e3e1013490", "name": null, "subtype": null, "class": null, "height": 5.61667013168335, "num_floors": null, "surge_class": 0, "surge_ft": 0.0, "flood_active": false, "exposure_score": 0.0, "exposure_category": "none"}, "geometry": {"type": "Polygon", "coordinates": [[[-80.13965, 25.7888425], [-80.1397833, 25.7888398], [-80.1397769, 25.7885857], [-80.139662, 25.788588], [-80.1396658, 25.7887388], [-80.1396474, 25.7887392], [-80.13965, 25.7888425]]]}}, {"id": "425", "type": "Feature", "properties": {"id": "e0131946-52fc-4ad1-bd66-7a777dbb445c", "name": null, "subtype": null, "class": null, "height": 8.5, "num_floors": null, "surge_class": 0, "surge_ft": 0.0, "flood_active": false, "exposure_score": 0.0, "exposure_category": "none"}, "geometry": {"type": "Polygon", "coordinates": [[[-80.1393568, 25.788469], [-80.1393593, 25.7885741], [-80.1397965, 25.7885655], [-80.139794, 25.7884605], [-80.1393568, 25.788469]]]}}, {"id": "426", "type": "Feature", "properties": {"id": "e0c2f15e-a839-4c45-ac6e-dfdc77673ade", "name": null, "subtype": null, "class": null, "height": 7.0, "num_floors": null, "surge_class": 0, "surge_ft": 0.0, "flood_active": false, "exposure_score": 0.0, "exposure_category": "none"}, "geometry": {"type": "Polygon", "coordinates": [[[-80.1393863, 25.7883254], [-80.1393888, 25.7884353], [-80.1397923, 25.788428], [-80.1397899, 25.7883181], [-80.1393863, 25.7883254]]]}}, {"id": "427", "type": "Feature", "properties": {"id": "e5f247b5-9e85-4458-9695-acd741f5aa7f", "name": null, "subtype": null, "class": null, "height": 7.9, "num_floors": null, "surge_class": 0, "surge_ft": 0.0, "flood_active": false, "exposure_score": 0.0, "exposure_category": "none"}, "geometry": {"type": "Polygon", "coordinates": [[[-80.1397619, 25.7881735], [-80.139323, 25.7881829], [-80.1393259, 25.7882936], [-80.1397647, 25.7882842], [-80.1397619, 25.7881735]]]}}, {"id": "428", "type": "Feature", "properties": {"id": "07cd396d-5dd5-4633-be55-3c8436337bd4", "name": null, "subtype": null, "class": null, "height": 7.9, "num_floors": null, "surge_class": 0, "surge_ft": 0.0, "flood_active": false, "exposure_score": 0.0, "exposure_category": "none"}, "geometry": {"type": "Polygon", "coordinates": [[[-80.1397581, 25.7880563], [-80.1394392, 25.7880647], [-80.1394424, 25.7881619], [-80.1397612, 25.7881535], [-80.1397581, 25.7880563]]]}}, {"id": "429", "type": "Feature", "properties": {"id": "d2bc56c7-dbaf-4ce9-9e71-754580810d42", "name": null, "subtype": null, "class": null, "height": 9.8, "num_floors": null, "surge_class": 0, "surge_ft": 0.0, "flood_active": false, "exposure_score": 0.0, "exposure_category": "none"}, "geometry": {"type": "Polygon", "coordinates": [[[-80.1393586, 25.7878981], [-80.1393599, 25.7880217], [-80.1394536, 25.7880209], [-80.1394534, 25.7880012], [-80.1396771, 25.7879993], [-80.1396773, 25.7880184], [-80.1397601, 25.7880177], [-80.1397588, 25.7878947], [-80.1393586, 25.7878981]]]}}, {"id": "430", "type": "Feature", "properties": {"id": "cd5b0719-0e8a-441b-b291-380a3ebe5980", "name": null, "subtype": null, "class": null, "height": 6.811428546905518, "num_floors": null, "surge_class": 0, "surge_ft": 0.0, "flood_active": false, "exposure_score": 0.0, "exposure_category": "none"}, "geometry": {"type": "Polygon", "coordinates": [[[-80.139323, 25.7878833], [-80.1397491, 25.7878768], [-80.139747, 25.7877697], [-80.139321, 25.7877763], [-80.139323, 25.7878833]]]}}, {"id": "431", "type": "Feature", "properties": {"id": "4acbd3cf-91ba-4e3b-9648-46b3490cb466", "name": null, "subtype": null, "class": null, "height": 5.259788990020752, "num_floors": null, "surge_class": 0, "surge_ft": 0.0, "flood_active": false, "exposure_score": 0.0, "exposure_category": "none"}, "geometry": {"type": "Polygon", "coordinates": [[[-80.1396206, 25.7877242], [-80.1397435, 25.7877245], [-80.1397441, 25.7875139], [-80.1396211, 25.7875137], [-80.1396206, 25.7877242]]]}}, {"id": "432", "type": "Feature", "properties": {"id": "b93b0582-c5e4-4e63-8c8c-e1b2c1a8307b", "name": null, "subtype": null, "class": null, "height": 7.3, "num_floors": null, "surge_class": 1, "surge_ft": 0.5, "flood_active": false, "exposure_score": 0.015, "exposure_category": "low"}, "geometry": {"type": "Polygon", "coordinates": [[[-80.140438, 25.7871434], [-80.1399864, 25.7871552], [-80.1399892, 25.7872444], [-80.1399964, 25.7872579], [-80.1400114, 25.7872698], [-80.1400342, 25.7872765], [-80.1404435, 25.7872632], [-80.140438, 25.7871434]]]}}, {"id": "433", "type": "Feature", "properties": {"id": "279d7946-3864-48bb-bcc8-f90c3788180c", "name": null, "subtype": null, "class": null, "height": 7.5, "num_floors": null, "surge_class": 0, "surge_ft": 0.0, "flood_active": false, "exposure_score": 0.0, "exposure_category": "none"}, "geometry": {"type": "Polygon", "coordinates": [[[-80.1400241, 25.787043], [-80.1399952, 25.7870433], [-80.139996, 25.7871055], [-80.1404021, 25.787101], [-80.1404011, 25.7870315], [-80.1403755, 25.7870318], [-80.1403753, 25.787015], [-80.1400238, 25.7870189], [-80.1400241, 25.787043]]]}}, {"id": "434", "type": "Feature", "properties": {"id": "b524f7ea-e893-43fe-a320-e9059cc07b62", "name": null, "subtype": "residential", "class": "house", "height": 5.3, "num_floors": null, "surge_class": 0, "surge_ft": 0.0, "flood_active": false, "exposure_score": 0.0, "exposure_category": "none"}, "geometry": {"type": "Polygon", "coordinates": [[[-80.1394958, 25.7868085], [-80.1396188, 25.7868052], [-80.1396174, 25.7867632], [-80.1396015, 25.7867637], [-80.1396005, 25.7867353], [-80.1396061, 25.7867351], [-80.1396047, 25.7866909], [-80.1395735, 25.7866917], [-80.1395742, 25.7867132], [-80.1395476, 25.7867139], [-80.1395478, 25.7867207], [-80.139525, 25.7867214], [-80.1395248, 25.7867145], [-80.1395123, 25.7867148], [-80.1395117, 25.7866942], [-80.1394745, 25.7866952], [-80.1394754, 25.7867229], [-80.1394445, 25.7867237], [-80.1394462, 25.7867776], [-80.1394947, 25.7867763], [-80.1394958, 25.7868085]]]}}, {"id": "435", "type": "Feature", "properties": {"id": "39d21ebd-d917-43fc-b907-4a9f08838743", "name": null, "subtype": null, "class": null, "height": 3.0819501876831055, "num_floors": null, "surge_class": 1, "surge_ft": 0.5, "flood_active": false, "exposure_score": 0.015, "exposure_category": "low"}, "geometry": {"type": "Polygon", "coordinates": [[[-80.1397548, 25.7864464], [-80.1397532, 25.7864139], [-80.1396609, 25.7864176], [-80.1396655, 25.7865103], [-80.139719, 25.7865082], [-80.1397161, 25.7864479], [-80.1397548, 25.7864464]]]}}, {"id": "436", "type": "Feature", "properties": {"id": "e3b3d7dc-fd6d-47ff-a06d-89e40f316b61", "name": null, "subtype": "residential", "class": "house", "height": 3.8, "num_floors": null, "surge_class": 1, "surge_ft": 0.5, "flood_active": false, "exposure_score": 0.015, "exposure_category": "low"}, "geometry": {"type": "Polygon", "coordinates": [[[-80.1394739, 25.7864002], [-80.1395988, 25.7863969], [-80.1395976, 25.7863577], [-80.1396714, 25.7863557], [-80.1396691, 25.7862851], [-80.1395747, 25.7862876], [-80.1395744, 25.7862765], [-80.1394409, 25.78628], [-80.139442, 25.7863129], [-80.1394042, 25.7863139], [-80.1394068, 25.7863949], [-80.1394736, 25.7863931], [-80.1394739, 25.7864002]]]}}, {"id": "437", "type": "Feature", "properties": {"id": "53342bc0-09b0-46da-942f-82138b5718cf", "name": null, "subtype": "residential", "class": "house", "height": 3.452571392059326, "num_floors": null, "surge_class": 1, "surge_ft": 0.5, "flood_active": false, "exposure_score": 0.015, "exposure_category": "low"}, "geometry": {"type": "Polygon", "coordinates": [[[-80.1394517, 25.786259], [-80.1396686, 25.7862532], [-80.1396648, 25.7861399], [-80.139448, 25.7861457], [-80.1394517, 25.786259]]]}}, {"id": "438", "type": "Feature", "properties": {"id": "12d65b73-5347-4415-85c0-2c0b9316c831", "name": null, "subtype": "residential", "class": "house", "height": 4.7, "num_floors": null, "surge_class": 1, "surge_ft": 0.5, "flood_active": false, "exposure_score": 0.015, "exposure_category": "low"}, "geometry": {"type": "Polygon", "coordinates": [[[-80.1394677, 25.7859819], [-80.1395955, 25.7859784], [-80.1395919, 25.7858688], [-80.1394641, 25.7858722], [-80.1394653, 25.7859108], [-80.1394453, 25.7859113], [-80.1394467, 25.7859523], [-80.1394667, 25.7859518], [-80.1394677, 25.7859819]]]}}, {"id": "439", "type": "Feature", "properties": {"id": "0a67e394-0137-48e1-881a-058d09ada9ad", "name": null, "subtype": null, "class": null, "height": 3.6784777641296387, "num_floors": null, "surge_class": 1, "surge_ft": 0.5, "flood_active": false, "exposure_score": 0.015, "exposure_category": "low"}, "geometry": {"type": "Polygon", "coordinates": [[[-80.1399915, 25.7844303], [-80.1401118, 25.7844255], [-80.1401075, 25.7843373], [-80.1399871, 25.7843422], [-80.1399915, 25.7844303]]]}}, {"id": "440", "type": "Feature", "properties": {"id": "5688a65d-6a0c-4b42-bfba-20251eea47cf", "name": null, "subtype": "residential", "class": "house", "height": 4.2, "num_floors": null, "surge_class": 1, "surge_ft": 0.5, "flood_active": false, "exposure_score": 0.015, "exposure_category": "low"}, "geometry": {"type": "Polygon", "coordinates": [[[-80.1393485, 25.7837058], [-80.1395841, 25.7837016], [-80.1395822, 25.7836115], [-80.1393465, 25.7836156], [-80.1393485, 25.7837058]]]}}, {"id": "441", "type": "Feature", "properties": {"id": "5e8db5dd-355b-46b6-93aa-86c58914a6ce", "name": null, "subtype": "residential", "class": "house", "height": 5.8, "num_floors": null, "surge_class": 1, "surge_ft": 0.5, "flood_active": false, "exposure_score": 0.015, "exposure_category": "low"}, "geometry": {"type": "Polygon", "coordinates": [[[-80.1394077, 25.7838726], [-80.1395271, 25.7838706], [-80.1395251, 25.7837743], [-80.1393642, 25.783777], [-80.1393665, 25.7838885], [-80.139408, 25.7838878], [-80.1394077, 25.7838726]]]}}, {"id": "442", "type": "Feature", "properties": {"id": "8f08f7dc-5d8a-4e69-8395-c84aedc6f7f0", "name": null, "subtype": "residential", "class": "house", "height": 4.377651214599609, "num_floors": null, "surge_class": 1, "surge_ft": 0.5, "flood_active": false, "exposure_score": 0.015, "exposure_category": "low"}, "geometry": {"type": "Polygon", "coordinates": [[[-80.139466, 25.7842403], [-80.1395278, 25.7842419], [-80.1395358, 25.7841273], [-80.1395157, 25.784126], [-80.1395278, 25.7840862], [-80.1394728, 25.7840826], [-80.139472, 25.784108], [-80.1394519, 25.7841257], [-80.1393977, 25.7841257], [-80.1393985, 25.7841445], [-80.1393659, 25.7841779], [-80.1393362, 25.7841795], [-80.1393384, 25.7842457], [-80.1394078, 25.7842433], [-80.1394097, 25.7841872], [-80.1394576, 25.7841761], [-80.139466, 25.7842403]]]}}, {"id": "443", "type": "Feature", "properties": {"id": "7045110c-f583-4411-bc67-80cc0aed3733", "name": null, "subtype": null, "class": null, "height": 2.3528265953063965, "num_floors": null, "surge_class": 1, "surge_ft": 0.5, "flood_active": false, "exposure_score": 0.015, "exposure_category": "low"}, "geometry": {"type": "Polygon", "coordinates": [[[-80.139096, 25.7838757], [-80.1391358, 25.7838757], [-80.1391359, 25.7838159], [-80.139096, 25.7838158], [-80.139096, 25.7838757]]]}}, {"id": "444", "type": "Feature", "properties": {"id": "b3e828ba-44f2-4091-a825-a83a3503d40f", "name": null, "subtype": null, "class": null, "height": 3.8, "num_floors": null, "surge_class": 2, "surge_ft": 1.5, "flood_active": false, "exposure_score": 0.045, "exposure_category": "low"}, "geometry": {"type": "Polygon", "coordinates": [[[-80.1392342, 25.7838962], [-80.1393009, 25.7838951], [-80.1392991, 25.783809], [-80.1392324, 25.7838102], [-80.1392342, 25.7838962]]]}}, {"id": "445", "type": "Feature", "properties": {"id": "498ce962-61bd-47b1-9804-9bf479c72512", "name": null, "subtype": "residential", "class": "house", "height": 5.1, "num_floors": null, "surge_class": 1, "surge_ft": 0.5, "flood_active": false, "exposure_score": 0.015, "exposure_category": "low"}, "geometry": {"type": "Polygon", "coordinates": [[[-80.1387583, 25.78389], [-80.1390067, 25.7838864], [-80.1390049, 25.7837832], [-80.1388503, 25.7837854], [-80.1388495, 25.7837365], [-80.1387556, 25.7837378], [-80.1387583, 25.78389]]]}}, {"id": "446", "type": "Feature", "properties": {"id": "9001f733-1669-4fc2-8889-5e5fcd3e50c8", "name": null, "subtype": null, "class": null, "height": 3.867689371109009, "num_floors": null, "surge_class": 1, "surge_ft": 0.5, "flood_active": false, "exposure_score": 0.015, "exposure_category": "low"}, "geometry": {"type": "Polygon", "coordinates": [[[-80.1388437, 25.7837201], [-80.1390392, 25.7837217], [-80.13904, 25.7836482], [-80.1389433, 25.7836474], [-80.1389441, 25.7835758], [-80.1388453, 25.7835749], [-80.1388437, 25.7837201]]]}}, {"id": "447", "type": "Feature", "properties": {"id": "9c67e76c-6e92-4240-bafa-e0970409367a", "name": null, "subtype": "residential", "class": "house", "height": 3.485330104827881, "num_floors": null, "surge_class": 1, "surge_ft": 0.5, "flood_active": false, "exposure_score": 0.015, "exposure_category": "low"}, "geometry": {"type": "Polygon", "coordinates": [[[-80.1388617, 25.7841182], [-80.1388653, 25.7842275], [-80.1391143, 25.7842208], [-80.1391107, 25.7841115], [-80.1388617, 25.7841182]]]}}, {"id": "448", "type": "Feature", "properties": {"id": "12d52970-e63a-4050-a305-e67e51b08920", "name": null, "subtype": "residential", "class": "house", "height": 5.5, "num_floors": null, "surge_class": 1, "surge_ft": 0.5, "flood_active": false, "exposure_score": 0.015, "exposure_category": "low"}, "geometry": {"type": "Polygon", "coordinates": [[[-80.1389471, 25.7844715], [-80.1391314, 25.7844666], [-80.1391302, 25.784428], [-80.1390645, 25.7844297], [-80.1390625, 25.7843685], [-80.1390172, 25.7843697], [-80.1390175, 25.7843787], [-80.138978, 25.7843798], [-80.1389786, 25.7844001], [-80.1389518, 25.7844008], [-80.1389508, 25.7843706], [-80.1389065, 25.7843718], [-80.1389087, 25.7844394], [-80.1388772, 25.7844402], [-80.1388788, 25.7844882], [-80.1389475, 25.7844864], [-80.1389471, 25.7844715]]]}}, {"id": "449", "type": "Feature", "properties": {"id": "0858c644-5ea6-45af-89ca-fca6756071e1", "name": null, "subtype": "residential", "class": "house", "height": 5.267886638641357, "num_floors": null, "surge_class": 1, "surge_ft": 0.5, "flood_active": false, "exposure_score": 0.015, "exposure_category": "low"}, "geometry": {"type": "Polygon", "coordinates": [[[-80.1388372, 25.7846218], [-80.13911, 25.7846145], [-80.1391065, 25.7845088], [-80.1388337, 25.7845161], [-80.1388372, 25.7846218]]]}}, {"id": "450", "type": "Feature", "properties": {"id": "c2c24750-5422-4f97-9733-bc88edb79d8e", "name": null, "subtype": "residential", "class": "house", "height": 4.532005310058594, "num_floors": null, "surge_class": 2, "surge_ft": 1.5, "flood_active": false, "exposure_score": 0.045, "exposure_category": "low"}, "geometry": {"type": "Polygon", "coordinates": [[[-80.1388898, 25.7846503], [-80.1388934, 25.7847612], [-80.1389923, 25.7847586], [-80.1389886, 25.7846477], [-80.1388898, 25.7846503]]]}}, {"id": "451", "type": "Feature", "properties": {"id": "c1157436-d918-4875-99b3-86701678380b", "name": null, "subtype": "residential", "class": "house", "height": 2.825690507888794, "num_floors": null, "surge_class": 2, "surge_ft": 1.5, "flood_active": false, "exposure_score": 0.045, "exposure_category": "low"}, "geometry": {"type": "Polygon", "coordinates": [[[-80.1388796, 25.7847862], [-80.1388834, 25.7849007], [-80.1390293, 25.7848968], [-80.1390292, 25.7848925], [-80.1391394, 25.7848896], [-80.1391383, 25.7848567], [-80.1390281, 25.7848596], [-80.1390255, 25.7847823], [-80.1388796, 25.7847862]]]}}, {"id": "452", "type": "Feature", "properties": {"id": "3dc3427a-b04a-40a3-8459-2558f4794a47", "name": null, "subtype": "residential", "class": "house", "height": 3.6421852111816406, "num_floors": null, "surge_class": 1, "surge_ft": 0.5, "flood_active": false, "exposure_score": 0.015, "exposure_category": "low"}, "geometry": {"type": "Polygon", "coordinates": [[[-80.1388866, 25.7850257], [-80.139073, 25.785022], [-80.1390709, 25.7849371], [-80.1389421, 25.7849397], [-80.1389414, 25.7849135], [-80.1388838, 25.7849147], [-80.1388866, 25.7850257]]]}}, {"id": "453", "type": "Feature", "properties": {"id": "5fea713f-cb0f-4902-900c-30279b861d8d", "name": null, "subtype": null, "class": null, "height": 2.233173131942749, "num_floors": null, "surge_class": 1, "surge_ft": 0.5, "flood_active": false, "exposure_score": 0.015, "exposure_category": "low"}, "geometry": {"type": "Polygon", "coordinates": [[[-80.1390993, 25.7846682], [-80.139102, 25.7847491], [-80.1391683, 25.7847474], [-80.1391657, 25.7846664], [-80.1390993, 25.7846682]]]}}, {"id": "454", "type": "Feature", "properties": {"id": "a772e5f9-48f7-4e3a-906f-002ef404d593", "name": null, "subtype": "residential", "class": "house", "height": 4.7, "num_floors": null, "surge_class": 1, "surge_ft": 0.5, "flood_active": false, "exposure_score": 0.015, "exposure_category": "low"}, "geometry": {"type": "Polygon", "coordinates": [[[-80.1393633, 25.7843963], [-80.1393648, 25.7844714], [-80.1394569, 25.7844699], [-80.1394562, 25.784434], [-80.139543, 25.7844325], [-80.1395419, 25.7843784], [-80.1395385, 25.7843784], [-80.1395368, 25.7842998], [-80.1394343, 25.7843015], [-80.1394353, 25.7843492], [-80.1393706, 25.7843503], [-80.1393715, 25.7843961], [-80.1393633, 25.7843963]]]}}, {"id": "455", "type": "Feature", "properties": {"id": "b9486203-ead1-4c54-ba1f-69aea63fbcb0", "name": null, "subtype": "residential", "class": "house", "height": 3.080469846725464, "num_floors": null, "surge_class": 2, "surge_ft": 1.5, "flood_active": false, "exposure_score": 0.045, "exposure_category": "low"}, "geometry": {"type": "Polygon", "coordinates": [[[-80.1394155, 25.7844954], [-80.1394178, 25.7846091], [-80.1395426, 25.784607], [-80.1395415, 25.7845539], [-80.1395271, 25.7845541], [-80.1395265, 25.7845249], [-80.139513, 25.7845252], [-80.1395123, 25.7844937], [-80.1394155, 25.7844954]]]}}, {"id": "456", "type": "Feature", "properties": {"id": "a3291980-e76c-417e-9e95-a00bcf368c46", "name": null, "subtype": "residential", "class": "house", "height": 5.0, "num_floors": null, "surge_class": 1, "surge_ft": 0.5, "flood_active": false, "exposure_score": 0.015, "exposure_category": "low"}, "geometry": {"type": "Polygon", "coordinates": [[[-80.1394413, 25.7847849], [-80.1394433, 25.784882], [-80.1395579, 25.78488], [-80.1395559, 25.7847829], [-80.1394413, 25.7847849]]]}}, {"id": "457", "type": "Feature", "properties": {"id": "dc75f03e-02d6-4b55-b9e2-6b556e3044f2", "name": null, "subtype": "residential", "class": "house", "height": 4.8, "num_floors": null, "surge_class": 2, "surge_ft": 1.5, "flood_active": false, "exposure_score": 0.045, "exposure_category": "low"}, "geometry": {"type": "Polygon", "coordinates": [[[-80.1393604, 25.7847447], [-80.1395264, 25.7847419], [-80.1395242, 25.7846328], [-80.1393581, 25.7846356], [-80.1393604, 25.7847447]]]}}, {"id": "458", "type": "Feature", "properties": {"id": "2e7aa635-6713-4b49-90ec-a427c97e6381", "name": null, "subtype": "residential", "class": "house", "height": 3.7, "num_floors": null, "surge_class": 2, "surge_ft": 1.5, "flood_active": false, "exposure_score": 0.045, "exposure_category": "low"}, "geometry": {"type": "Polygon", "coordinates": [[[-80.1392656, 25.7848537], [-80.1393454, 25.7848524], [-80.139344, 25.7847858], [-80.1392642, 25.7847872], [-80.1392656, 25.7848537]]]}}, {"id": "459", "type": "Feature", "properties": {"id": "0a11561e-12eb-47be-b0c9-3c37dcc25aa1", "name": null, "subtype": null, "class": null, "height": 4.5, "num_floors": null, "surge_class": 2, "surge_ft": 1.5, "flood_active": false, "exposure_score": 0.045, "exposure_category": "low"}, "geometry": {"type": "Polygon", "coordinates": [[[-80.1393429, 25.7849527], [-80.1392731, 25.7849558], [-80.1392762, 25.7850141], [-80.139346, 25.7850111], [-80.1393429, 25.7849527]]]}}, {"id": "460", "type": "Feature", "properties": {"id": "4a28e6da-5035-4abc-8edf-b63c2a106e72", "name": null, "subtype": "residential", "class": "house", "height": 4.2083916664123535, "num_floors": null, "surge_class": 1, "surge_ft": 0.5, "flood_active": false, "exposure_score": 0.015, "exposure_category": "low"}, "geometry": {"type": "Polygon", "coordinates": [[[-80.1394705, 25.7849045], [-80.1394728, 25.7850148], [-80.1395582, 25.7850134], [-80.1395559, 25.7849031], [-80.1394705, 25.7849045]]]}}, {"id": "461", "type": "Feature", "properties": {"id": "51a2dd5b-6ac8-4cab-a634-d2cc51a20381", "name": null, "subtype": "residential", "class": "house", "height": 3.7404463291168213, "num_floors": null, "surge_class": 1, "surge_ft": 0.5, "flood_active": false, "exposure_score": 0.015, "exposure_category": "low"}, "geometry": {"type": "Polygon", "coordinates": [[[-80.1393575, 25.7850953], [-80.1393585, 25.7851418], [-80.1394487, 25.7851403], [-80.1394485, 25.7851322], [-80.1394919, 25.7851315], [-80.1394918, 25.7851268], [-80.139562, 25.7851256], [-80.139561, 25.7850764], [-80.1394908, 25.7850776], [-80.1394902, 25.785051], [-80.139369, 25.7850531], [-80.1393699, 25.7850951], [-80.1393575, 25.7850953]]]}}, {"id": "462", "type": "Feature", "properties": {"id": "3dbeafcc-d412-4f44-ba97-25c5f58f1b89", "name": null, "subtype": null, "class": null, "height": 4.3, "num_floors": null, "surge_class": 1, "surge_ft": 0.5, "flood_active": false, "exposure_score": 0.015, "exposure_category": "low"}, "geometry": {"type": "Polygon", "coordinates": [[[-80.1391814, 25.785044], [-80.1391448, 25.785045], [-80.1391477, 25.7851326], [-80.1391843, 25.7851316], [-80.1391814, 25.785044]]]}}, {"id": "463", "type": "Feature", "properties": {"id": "5d372585-e077-4109-9d1a-ed5068988434", "name": null, "subtype": null, "class": null, "height": 7.6, "num_floors": null, "surge_class": 2, "surge_ft": 1.5, "flood_active": false, "exposure_score": 0.045, "exposure_category": "low"}, "geometry": {"type": "Polygon", "coordinates": [[[-80.1392794, 25.7854339], [-80.1393514, 25.7854294], [-80.1393443, 25.7853372], [-80.1392723, 25.7853417], [-80.1392794, 25.7854339]]]}}, {"id": "464", "type": "Feature", "properties": {"id": "d42cbbd9-7ee7-4c72-970c-586de7a63bea", "name": null, "subtype": "residential", "class": "house", "height": 3.645613193511963, "num_floors": null, "surge_class": 1, "surge_ft": 0.5, "flood_active": false, "exposure_score": 0.015, "exposure_category": "low"}, "geometry": {"type": "Polygon", "coordinates": [[[-80.1393417, 25.7855699], [-80.1395638, 25.7855631], [-80.1395601, 25.7854648], [-80.139338, 25.7854716], [-80.1393417, 25.7855699]]]}}, {"id": "465", "type": "Feature", "properties": {"id": "a9637d10-cdcb-41dc-9bd2-1f38f65ac6a2", "name": null, "subtype": "residential", "class": "house", "height": 3.4084904193878174, "num_floors": null, "surge_class": 1, "surge_ft": 0.5, "flood_active": false, "exposure_score": 0.015, "exposure_category": "low"}, "geometry": {"type": "Polygon", "coordinates": [[[-80.1394135, 25.785437], [-80.1395758, 25.7854332], [-80.1395724, 25.7853157], [-80.1395071, 25.7853172], [-80.1395075, 25.7853325], [-80.1393924, 25.7853352], [-80.1393937, 25.7853798], [-80.139374, 25.7853803], [-80.1393753, 25.7854261], [-80.1394132, 25.7854252], [-80.1394135, 25.785437]]]}}, {"id": "466", "type": "Feature", "properties": {"id": "6845e4e4-501e-47d4-b01d-31a9dc542b86", "name": null, "subtype": "residential", "class": "house", "height": 5.2, "num_floors": null, "surge_class": 1, "surge_ft": 0.5, "flood_active": false, "exposure_score": 0.015, "exposure_category": "low"}, "geometry": {"type": "Polygon", "coordinates": [[[-80.1393763, 25.7857086], [-80.1395828, 25.7857031], [-80.1395811, 25.7856539], [-80.1395634, 25.7856544], [-80.1395626, 25.7856303], [-80.1395479, 25.7856306], [-80.1395467, 25.785595], [-80.1394334, 25.785598], [-80.1394349, 25.7856448], [-80.1394107, 25.7856455], [-80.1394117, 25.7856777], [-80.1393753, 25.7856787], [-80.1393763, 25.7857086]]]}}, {"id": "467", "type": "Feature", "properties": {"id": "be7cf805-af8d-4efd-88a6-16c5f59129da", "name": null, "subtype": "residential", "class": "house", "height": 5.3, "num_floors": null, "surge_class": 1, "surge_ft": 0.5, "flood_active": false, "exposure_score": 0.015, "exposure_category": "low"}, "geometry": {"type": "Polygon", "coordinates": [[[-80.1393667, 25.7858514], [-80.1395848, 25.7858456], [-80.1395809, 25.7857275], [-80.1393628, 25.7857333], [-80.1393667, 25.7858514]]]}}, {"id": "468", "type": "Feature", "properties": {"id": "9bcb1aff-4e64-4df3-b2ab-c82e18c5fd02", "name": null, "subtype": "residential", "class": "house", "height": 3.383573293685913, "num_floors": null, "surge_class": 1, "surge_ft": 0.5, "flood_active": false, "exposure_score": 0.015, "exposure_category": "low"}, "geometry": {"type": "Polygon", "coordinates": [[[-80.139347, 25.7861274], [-80.1395895, 25.7861209], [-80.1395862, 25.7860232], [-80.139509, 25.7860252], [-80.1395085, 25.7860079], [-80.1394072, 25.7860106], [-80.1394097, 25.7860877], [-80.1393457, 25.7860894], [-80.139347, 25.7861274]]]}}, {"id": "469", "type": "Feature", "properties": {"id": "e1164955-b7f8-45c0-87c9-426783855673", "name": null, "subtype": null, "class": null, "height": 3.3, "num_floors": null, "surge_class": 1, "surge_ft": 0.5, "flood_active": false, "exposure_score": 0.015, "exposure_category": "low"}, "geometry": {"type": "Polygon", "coordinates": [[[-80.139213, 25.7861469], [-80.1391357, 25.7861484], [-80.1391376, 25.7862266], [-80.139215, 25.7862279], [-80.139213, 25.7861469]]]}}, {"id": "470", "type": "Feature", "properties": {"id": "73b3ff24-4f7b-4190-8947-f6501173fac6", "name": null, "subtype": null, "class": null, "height": 3.3, "num_floors": null, "surge_class": 0, "surge_ft": 0.0, "flood_active": false, "exposure_score": 0.0, "exposure_category": "none"}, "geometry": {"type": "Polygon", "coordinates": [[[-80.1391562, 25.7863181], [-80.1391578, 25.7863593], [-80.1392203, 25.7863572], [-80.1392173, 25.7862814], [-80.139109, 25.786285], [-80.1391104, 25.7863197], [-80.1391562, 25.7863181]]]}}, {"id": "471", "type": "Feature", "properties": {"id": "0acbff1a-d2e2-4114-a47d-0841e31e0e64", "name": null, "subtype": "residential", "class": "house", "height": 7.0, "num_floors": null, "surge_class": 1, "surge_ft": 0.5, "flood_active": false, "exposure_score": 0.015, "exposure_category": "low"}, "geometry": {"type": "Polygon", "coordinates": [[[-80.1391414, 25.7859235], [-80.1391429, 25.7859881], [-80.139208, 25.7859869], [-80.1392066, 25.7859223], [-80.1391414, 25.7859235]]]}}, {"id": "472", "type": "Feature", "properties": {"id": "c1836479-5a7f-4365-a65a-801af1908d2e", "name": null, "subtype": "residential", "class": "house", "height": 3.8233134746551514, "num_floors": null, "surge_class": 1, "surge_ft": 0.5, "flood_active": false, "exposure_score": 0.015, "exposure_category": "low"}, "geometry": {"type": "Polygon", "coordinates": [[[-80.1389073, 25.7858519], [-80.139172, 25.7858426], [-80.1391697, 25.7857888], [-80.1390483, 25.7857931], [-80.1390465, 25.7857501], [-80.1389031, 25.7857551], [-80.1389073, 25.7858519]]]}}, {"id": "473", "type": "Feature", "properties": {"id": "c320d80c-d378-4a63-a7bd-2e682f46993f", "name": null, "subtype": "residential", "class": "house", "height": 4.8, "num_floors": null, "surge_class": 1, "surge_ft": 0.5, "flood_active": false, "exposure_score": 0.015, "exposure_category": "low"}, "geometry": {"type": "Polygon", "coordinates": [[[-80.1389533, 25.7859808], [-80.1390865, 25.7859784], [-80.1390844, 25.7858803], [-80.1389512, 25.7858827], [-80.1389519, 25.7859168], [-80.1389197, 25.7859174], [-80.1389208, 25.7859675], [-80.138953, 25.7859669], [-80.1389533, 25.7859808]]]}}, {"id": "474", "type": "Feature", "properties": {"id": "f49b6027-a8bf-4167-808b-1ccdfd480b87", "name": null, "subtype": null, "class": null, "height": 3.6912693977355957, "num_floors": null, "surge_class": 1, "surge_ft": 0.5, "flood_active": false, "exposure_score": 0.015, "exposure_category": "low"}, "geometry": {"type": "Polygon", "coordinates": [[[-80.1388948, 25.7861105], [-80.1390917, 25.78611], [-80.1390915, 25.7860165], [-80.1388629, 25.786017], [-80.1388631, 25.7860728], [-80.1388947, 25.7860727], [-80.1388948, 25.7861105]]]}}, {"id": "475", "type": "Feature", "properties": {"id": "6194ee0b-ddeb-413d-8877-3fff0bb5e9af", "name": null, "subtype": "residential", "class": "house", "height": 5.7, "num_floors": null, "surge_class": 1, "surge_ft": 0.5, "flood_active": false, "exposure_score": 0.015, "exposure_category": "low"}, "geometry": {"type": "Polygon", "coordinates": [[[-80.1388763, 25.786411], [-80.1390651, 25.7864059], [-80.1390614, 25.786294], [-80.1388726, 25.7862991], [-80.1388763, 25.786411]]]}}, {"id": "476", "type": "Feature", "properties": {"id": "11497cc2-b892-400c-9111-66553c079ec7", "name": null, "subtype": "residential", "class": "house", "height": 5.1, "num_floors": null, "surge_class": 1, "surge_ft": 0.5, "flood_active": false, "exposure_score": 0.015, "exposure_category": "low"}, "geometry": {"type": "Polygon", "coordinates": [[[-80.1388655, 25.786279], [-80.1390409, 25.7862743], [-80.1390394, 25.7862261], [-80.1389991, 25.7862272], [-80.1389987, 25.786216], [-80.1389897, 25.7862162], [-80.1389877, 25.7861568], [-80.138915, 25.7861588], [-80.1389149, 25.7861553], [-80.1388447, 25.7861572], [-80.1388463, 25.7862038], [-80.138863, 25.7862033], [-80.1388655, 25.786279]]]}}, {"id": "477", "type": "Feature", "properties": {"id": "f2981c28-3004-4920-a0ab-0f0d1b08bac7", "name": null, "subtype": "residential", "class": "house", "height": 4.015115737915039, "num_floors": null, "surge_class": 1, "surge_ft": 0.5, "flood_active": false, "exposure_score": 0.015, "exposure_category": "low"}, "geometry": {"type": "Polygon", "coordinates": [[[-80.1389057, 25.7857183], [-80.1390503, 25.7857133], [-80.1390481, 25.785663], [-80.1391135, 25.7856607], [-80.1391116, 25.7856162], [-80.1389931, 25.7856204], [-80.1389921, 25.785596], [-80.1389, 25.7855992], [-80.1389022, 25.7856495], [-80.1388734, 25.7856505], [-80.1388745, 25.7856783], [-80.138904, 25.7856772], [-80.1389057, 25.7857183]]]}}, {"id": "478", "type": "Feature", "properties": {"id": "c2860a12-d4ea-4655-9045-1e3aefb88d20", "name": null, "subtype": "residential", "class": "house", "height": 4.3, "num_floors": null, "surge_class": 1, "surge_ft": 0.5, "flood_active": false, "exposure_score": 0.015, "exposure_category": "low"}, "geometry": {"type": "Polygon", "coordinates": [[[-80.1389532, 25.785587], [-80.1390778, 25.7855848], [-80.1390751, 25.7854612], [-80.1389002, 25.7854643], [-80.1389014, 25.7855199], [-80.1389336, 25.7855193], [-80.1389338, 25.7855265], [-80.1389518, 25.7855262], [-80.1389532, 25.785587]]]}}, {"id": "479", "type": "Feature", "properties": {"id": "884c92f2-441b-431d-b846-02d0931bc294", "name": null, "subtype": "residential", "class": "house", "height": 5.2, "num_floors": null, "surge_class": 1, "surge_ft": 0.5, "flood_active": false, "exposure_score": 0.015, "exposure_category": "low"}, "geometry": {"type": "Polygon", "coordinates": [[[-80.1388173, 25.7854414], [-80.1391054, 25.7854381], [-80.1391041, 25.7853429], [-80.138816, 25.7853462], [-80.1388173, 25.7854414]]]}}, {"id": "480", "type": "Feature", "properties": {"id": "3022b1ae-a9a4-46b7-8329-b380ba1b362d", "name": null, "subtype": "residential", "class": "house", "height": 3.72751522064209, "num_floors": null, "surge_class": 1, "surge_ft": 0.5, "flood_active": false, "exposure_score": 0.015, "exposure_category": "low"}, "geometry": {"type": "Polygon", "coordinates": [[[-80.1390402, 25.7851149], [-80.1390577, 25.7851144], [-80.1390567, 25.7850839], [-80.1389968, 25.7850855], [-80.1389957, 25.7850539], [-80.1389463, 25.7850552], [-80.1389473, 25.7850869], [-80.1388874, 25.7850885], [-80.1388901, 25.7851708], [-80.1389656, 25.7851687], [-80.1389651, 25.7851539], [-80.139003, 25.7851529], [-80.1390027, 25.785143], [-80.1390411, 25.785142], [-80.1390402, 25.7851149]]]}}, {"id": "481", "type": "Feature", "properties": {"id": "848aa1c8-079e-4cdd-9432-5d386a46341f", "name": null, "subtype": null, "class": null, "height": 3.2, "num_floors": null, "surge_class": 1, "surge_ft": 0.5, "flood_active": false, "exposure_score": 0.015, "exposure_category": "low"}, "geometry": {"type": "Polygon", "coordinates": [[[-80.1384137, 25.7857001], [-80.1384834, 25.7856995], [-80.1384828, 25.7856403], [-80.138413, 25.785641], [-80.1384137, 25.7857001]]]}}, {"id": "482", "type": "Feature", "properties": {"id": "694c1483-4dab-45df-ae17-0613b1f0d841", "name": null, "subtype": null, "class": null, "height": 12.2, "num_floors": null, "surge_class": 0, "surge_ft": 0.0, "flood_active": false, "exposure_score": 0.0, "exposure_category": "none"}, "geometry": {"type": "Polygon", "coordinates": [[[-80.1383946, 25.7862178], [-80.1382337, 25.7863587], [-80.1383269, 25.7864458], [-80.1384878, 25.7863049], [-80.1383946, 25.7862178]]]}}, {"id": "483", "type": "Feature", "properties": {"id": "b0b7282e-0d7e-406e-8224-1135fb2539ed", "name": null, "subtype": null, "class": null, "height": 8.6, "num_floors": null, "surge_class": 0, "surge_ft": 0.0, "flood_active": false, "exposure_score": 0.0, "exposure_category": "none"}, "geometry": {"type": "Polygon", "coordinates": [[[-80.137833, 25.7846643], [-80.1376929, 25.7846697], [-80.1377067, 25.784962], [-80.1378468, 25.7849566], [-80.137833, 25.7846643]]]}}, {"id": "484", "type": "Feature", "properties": {"id": "f5820baa-bf76-474f-916e-7decceb3344e", "name": null, "subtype": null, "class": null, "height": 8.5, "num_floors": null, "surge_class": 1, "surge_ft": 0.5, "flood_active": false, "exposure_score": 0.015, "exposure_category": "low"}, "geometry": {"type": "Polygon", "coordinates": [[[-80.1381401, 25.784515], [-80.1379938, 25.7845185], [-80.1379979, 25.7846637], [-80.1381443, 25.7846603], [-80.1381401, 25.784515]]]}}, {"id": "485", "type": "Feature", "properties": {"id": "25a7f6aa-7141-47f0-b922-0bad28cc2d2d", "name": null, "subtype": null, "class": null, "height": null, "num_floors": null, "surge_class": 1, "surge_ft": 0.5, "flood_active": false, "exposure_score": 0.015, "exposure_category": "low"}, "geometry": {"type": "Polygon", "coordinates": [[[-80.1373449, 25.784776], [-80.1373743, 25.7847755], [-80.1373735, 25.7847456], [-80.1373442, 25.7847461], [-80.1373449, 25.784776]]]}}, {"id": "486", "type": "Feature", "properties": {"id": "0f082641-7831-4474-a07a-140aec93f338", "name": null, "subtype": null, "class": null, "height": 5.027768611907959, "num_floors": null, "surge_class": 0, "surge_ft": 0.0, "flood_active": false, "exposure_score": 0.0, "exposure_category": "none"}, "geometry": {"type": "Polygon", "coordinates": [[[-80.1371092, 25.7846556], [-80.1372032, 25.7846543], [-80.1372014, 25.7845527], [-80.137173, 25.7845531], [-80.1371712, 25.784454], [-80.1371056, 25.784455], [-80.1371092, 25.7846556]]]}}, {"id": "487", "type": "Feature", "properties": {"id": "1cd4dbb9-05c7-4615-9cf7-7307057e3efd", "name": null, "subtype": null, "class": null, "height": 8.4, "num_floors": null, "surge_class": 0, "surge_ft": 0.0, "flood_active": false, "exposure_score": 0.0, "exposure_category": "none"}, "geometry": {"type": "Polygon", "coordinates": [[[-80.136086, 25.7837055], [-80.136087, 25.7837372], [-80.1361559, 25.7837356], [-80.1361524, 25.7836148], [-80.1359991, 25.7836185], [-80.1360017, 25.7837075], [-80.136086, 25.7837055]]]}}, {"id": "488", "type": "Feature", "properties": {"id": "53c60835-3ab6-4695-a070-146bc932ae2f", "name": null, "subtype": null, "class": null, "height": 6.1, "num_floors": null, "surge_class": 0, "surge_ft": 0.0, "flood_active": false, "exposure_score": 0.0, "exposure_category": "none"}, "geometry": {"type": "Polygon", "coordinates": [[[-80.1359701, 25.7836836], [-80.1358149, 25.7836889], [-80.1358166, 25.7837282], [-80.1359717, 25.783723], [-80.1359701, 25.7836836]]]}}, {"id": "489", "type": "Feature", "properties": {"id": "08582754-ae7d-4517-b6af-68d5f0c1c73d", "name": null, "subtype": null, "class": null, "height": 10.8, "num_floors": null, "surge_class": 1, "surge_ft": 0.5, "flood_active": false, "exposure_score": 0.015, "exposure_category": "low"}, "geometry": {"type": "Polygon", "coordinates": [[[-80.1358157, 25.783758], [-80.135823, 25.7840088], [-80.1361662, 25.7840007], [-80.136159, 25.7837498], [-80.1358157, 25.783758]], [[-80.1359278, 25.7838544], [-80.1360507, 25.7838504], [-80.1360528, 25.7839033], [-80.1359299, 25.7839073], [-80.1359278, 25.7838544]]]}}, {"id": "490", "type": "Feature", "properties": {"id": "38fb436a-9607-4881-99b5-51626fea09c7", "name": null, "subtype": null, "class": null, "height": 6.4, "num_floors": null, "surge_class": 1, "surge_ft": 0.5, "flood_active": false, "exposure_score": 0.015, "exposure_category": "low"}, "geometry": {"type": "Polygon", "coordinates": [[[-80.1358295, 25.7842813], [-80.1361822, 25.7842786], [-80.1361811, 25.7841651], [-80.1358284, 25.7841678], [-80.1358295, 25.7842813]]]}}, {"id": "491", "type": "Feature", "properties": {"id": "752271de-0085-40b4-9e2d-adf6c0c1f918", "name": null, "subtype": null, "class": null, "height": 9.5, "num_floors": null, "surge_class": 1, "surge_ft": 0.5, "flood_active": false, "exposure_score": 0.015, "exposure_category": "low"}, "geometry": {"type": "Polygon", "coordinates": [[[-80.1359207, 25.7844036], [-80.1359212, 25.7844182], [-80.1360807, 25.7844144], [-80.1360803, 25.7844009], [-80.1361835, 25.7843984], [-80.1361813, 25.7843245], [-80.1361305, 25.7843257], [-80.1361298, 25.7843009], [-80.1358365, 25.7843079], [-80.1358393, 25.7844056], [-80.1359207, 25.7844036]]]}}, {"id": "492", "type": "Feature", "properties": {"id": "847b2a58-954d-498f-b820-9073227ec6f8", "name": null, "subtype": null, "class": null, "height": 9.9, "num_floors": null, "surge_class": 1, "surge_ft": 0.5, "flood_active": false, "exposure_score": 0.015, "exposure_category": "low"}, "geometry": {"type": "Polygon", "coordinates": [[[-80.1361895, 25.7845683], [-80.1358375, 25.7845767], [-80.1358409, 25.7846933], [-80.1361929, 25.7846849], [-80.1361895, 25.7845683]]]}}, {"id": "493", "type": "Feature", "properties": {"id": "6b6b9308-2a45-4182-8017-3d837ff259fd", "name": null, "subtype": null, "class": null, "height": 13.1, "num_floors": null, "surge_class": 1, "surge_ft": 0.5, "flood_active": false, "exposure_score": 0.015, "exposure_category": "low"}, "geometry": {"type": "Polygon", "coordinates": [[[-80.1358245, 25.7845538], [-80.1361807, 25.7845503], [-80.1361793, 25.7844396], [-80.1358232, 25.7844431], [-80.1358245, 25.7845538]]]}}, {"id": "494", "type": "Feature", "properties": {"id": "e45a8612-c6db-4357-871f-189878466eb0", "name": null, "subtype": null, "class": null, "height": 8.1, "num_floors": null, "surge_class": 1, "surge_ft": 0.5, "flood_active": false, "exposure_score": 0.015, "exposure_category": "low"}, "geometry": {"type": "Polygon", "coordinates": [[[-80.1361908, 25.7847093], [-80.1358458, 25.7847175], [-80.1358492, 25.7848381], [-80.1361943, 25.7848299], [-80.1361908, 25.7847093]]]}}, {"id": "495", "type": "Feature", "properties": {"id": "2aa1c118-93ef-467c-80c1-ba5b0cef55ce", "name": null, "subtype": null, "class": null, "height": 8.9, "num_floors": null, "surge_class": 1, "surge_ft": 0.5, "flood_active": false, "exposure_score": 0.015, "exposure_category": "low"}, "geometry": {"type": "Polygon", "coordinates": [[[-80.1361904, 25.7848661], [-80.1358546, 25.7848741], [-80.1358573, 25.7849675], [-80.1361932, 25.7849595], [-80.1361904, 25.7848661]]]}}, {"id": "496", "type": "Feature", "properties": {"id": "16e7bfc0-cd72-4c11-9728-3a1af79341f2", "name": null, "subtype": null, "class": null, "height": null, "num_floors": null, "surge_class": 0, "surge_ft": 0.0, "flood_active": false, "exposure_score": 0.0, "exposure_category": "none"}, "geometry": {"type": "Polygon", "coordinates": [[[-80.1367516, 25.7847013], [-80.1366445, 25.7848021], [-80.1366874, 25.7848394], [-80.1367944, 25.7847386], [-80.1367516, 25.7847013]]]}}, {"id": "497", "type": "Feature", "properties": {"id": "e15a75ab-2642-4954-bea0-9b523758d1ca", "name": null, "subtype": null, "class": null, "height": 7.6, "num_floors": null, "surge_class": 1, "surge_ft": 0.5, "flood_active": false, "exposure_score": 0.015, "exposure_category": "low"}, "geometry": {"type": "Polygon", "coordinates": [[[-80.135858, 25.7850986], [-80.1362017, 25.7850908], [-80.1361991, 25.7849989], [-80.1358554, 25.7850066], [-80.135858, 25.7850986]]]}}, {"id": "498", "type": "Feature", "properties": {"id": "03ab5183-f48a-4e0a-8de5-5ed9c369f2e2", "name": null, "subtype": null, "class": null, "height": 12.9, "num_floors": null, "surge_class": 1, "surge_ft": 0.5, "flood_active": false, "exposure_score": 0.015, "exposure_category": "low"}, "geometry": {"type": "Polygon", "coordinates": [[[-80.1362033, 25.7851332], [-80.1358667, 25.7851412], [-80.1358696, 25.7852416], [-80.1362063, 25.7852336], [-80.1362033, 25.7851332]]]}}, {"id": "499", "type": "Feature", "properties": {"id": "52fa2461-5eb8-4633-be51-7155375f6fbb", "name": null, "subtype": null, "class": null, "height": 7.2, "num_floors": null, "surge_class": 1, "surge_ft": 0.5, "flood_active": false, "exposure_score": 0.015, "exposure_category": "low"}, "geometry": {"type": "Polygon", "coordinates": [[[-80.1358615, 25.7855259], [-80.1362096, 25.7855187], [-80.1362066, 25.785401], [-80.1358585, 25.7854082], [-80.1358615, 25.7855259]]]}}, {"id": "500", "type": "Feature", "properties": {"id": "4a4554e1-b256-435b-98cd-2180eb5ef3ff", "name": null, "subtype": null, "class": null, "height": 13.1, "num_floors": null, "surge_class": 1, "surge_ft": 0.5, "flood_active": false, "exposure_score": 0.015, "exposure_category": "low"}, "geometry": {"type": "Polygon", "coordinates": [[[-80.1362302, 25.7855442], [-80.1358868, 25.7855524], [-80.1358895, 25.7856479], [-80.136233, 25.7856397], [-80.1362302, 25.7855442]]]}}, {"id": "501", "type": "Feature", "properties": {"id": "b7c42f4b-a76b-4571-8095-6d76f2048a2d", "name": null, "subtype": null, "class": null, "height": 6.7, "num_floors": null, "surge_class": 1, "surge_ft": 0.5, "flood_active": false, "exposure_score": 0.015, "exposure_category": "low"}, "geometry": {"type": "Polygon", "coordinates": [[[-80.1358655, 25.7857975], [-80.1362233, 25.7857901], [-80.1362201, 25.7856637], [-80.1358623, 25.7856711], [-80.1358655, 25.7857975]]]}}, {"id": "502", "type": "Feature", "properties": {"id": "9e3a97fc-383f-42cc-8893-0b484103e2b4", "name": null, "subtype": null, "class": null, "height": 6.6, "num_floors": null, "surge_class": 1, "surge_ft": 0.5, "flood_active": false, "exposure_score": 0.015, "exposure_category": "low"}, "geometry": {"type": "Polygon", "coordinates": [[[-80.1358801, 25.7859309], [-80.1362204, 25.7859239], [-80.1362176, 25.7858133], [-80.1358773, 25.7858203], [-80.1358801, 25.7859309]]]}}, {"id": "503", "type": "Feature", "properties": {"id": "016c9fee-03db-4a93-9c87-21d1fe9b020c", "name": null, "subtype": null, "class": null, "height": 8.4, "num_floors": null, "surge_class": 1, "surge_ft": 0.5, "flood_active": false, "exposure_score": 0.015, "exposure_category": "low"}, "geometry": {"type": "Polygon", "coordinates": [[[-80.136192, 25.7859434], [-80.1358831, 25.7859507], [-80.1358865, 25.7860646], [-80.1361467, 25.7860584], [-80.1361456, 25.78602], [-80.1361942, 25.7860188], [-80.136192, 25.7859434]]]}}, {"id": "504", "type": "Feature", "properties": {"id": "42a6c578-5bc0-4ce3-ae73-321eb8f550c7", "name": null, "subtype": null, "class": null, "height": 7.7, "num_floors": null, "surge_class": 1, "surge_ft": 0.5, "flood_active": false, "exposure_score": 0.015, "exposure_category": "low"}, "geometry": {"type": "Polygon", "coordinates": [[[-80.1360519, 25.7864815], [-80.1361427, 25.7864794], [-80.1361365, 25.7862581], [-80.1360457, 25.7862601], [-80.1360519, 25.7864815]]]}}, {"id": "505", "type": "Feature", "properties": {"id": "ef3a9a58-18a3-4a0d-b679-953e4f4c6068", "name": null, "subtype": null, "class": null, "height": 9.5, "num_floors": null, "surge_class": 1, "surge_ft": 0.5, "flood_active": false, "exposure_score": 0.015, "exposure_category": "low"}, "geometry": {"type": "Polygon", "coordinates": [[[-80.1375989, 25.786547], [-80.1376037, 25.7866192], [-80.1376971, 25.7866141], [-80.1376906, 25.7865173], [-80.1375894, 25.7865229], [-80.137591, 25.7865474], [-80.1375989, 25.786547]]]}}, {"id": "506", "type": "Feature", "properties": {"id": "d1923e9c-5c5e-497f-8e09-9a911c576960", "name": null, "subtype": null, "class": null, "height": 2.8, "num_floors": null, "surge_class": 1, "surge_ft": 0.5, "flood_active": false, "exposure_score": 0.015, "exposure_category": "low"}, "geometry": {"type": "Polygon", "coordinates": [[[-80.1375474, 25.7864038], [-80.1374208, 25.7864069], [-80.1374227, 25.7864698], [-80.1375493, 25.7864667], [-80.1375474, 25.7864038]]]}}, {"id": "507", "type": "Feature", "properties": {"id": "e9ff9f5e-6d4b-48f9-ac06-c76de8c70468", "name": null, "subtype": null, "class": null, "height": 5.2, "num_floors": null, "surge_class": 1, "surge_ft": 0.5, "flood_active": false, "exposure_score": 0.015, "exposure_category": "low"}, "geometry": {"type": "Polygon", "coordinates": [[[-80.1372301, 25.7866816], [-80.1372306, 25.7867065], [-80.1372862, 25.7867056], [-80.1372838, 25.7865845], [-80.1372475, 25.7865851], [-80.1372477, 25.7865971], [-80.1371605, 25.7865985], [-80.1371621, 25.7866827], [-80.1372301, 25.7866816]]]}}, {"id": "508", "type": "Feature", "properties": {"id": "3f32153a-663c-41f2-be02-afd4d75c6dcf", "name": null, "subtype": null, "class": null, "height": 7.2, "num_floors": null, "surge_class": 0, "surge_ft": 0.0, "flood_active": false, "exposure_score": 0.0, "exposure_category": "none"}, "geometry": {"type": "Polygon", "coordinates": [[[-80.1374018, 25.7866883], [-80.1374021, 25.7867039], [-80.1374448, 25.7867032], [-80.1374425, 25.7865843], [-80.1373376, 25.7865859], [-80.1373396, 25.7866893], [-80.1374018, 25.7866883]]]}}, {"id": "509", "type": "Feature", "properties": {"id": "0e8fcbbb-ec27-41d6-8c25-42e6f9322ccd", "name": null, "subtype": null, "class": null, "height": 7.8, "num_floors": null, "surge_class": 0, "surge_ft": 0.0, "flood_active": false, "exposure_score": 0.0, "exposure_category": "none"}, "geometry": {"type": "Polygon", "coordinates": [[[-80.1372943, 25.7869546], [-80.1372906, 25.7868772], [-80.1372556, 25.7868786], [-80.1372562, 25.7868922], [-80.1371735, 25.7868954], [-80.137179, 25.7870128], [-80.1372649, 25.7870095], [-80.1372624, 25.7869559], [-80.1372943, 25.7869546]]]}}, {"id": "510", "type": "Feature", "properties": {"id": "71d9bfdc-b6b4-4e5f-bca9-34bb4c2ddc44", "name": null, "subtype": null, "class": null, "height": 7.5, "num_floors": null, "surge_class": 1, "surge_ft": 0.5, "flood_active": false, "exposure_score": 0.015, "exposure_category": "low"}, "geometry": {"type": "Polygon", "coordinates": [[[-80.1374449, 25.7868757], [-80.1373215, 25.7868801], [-80.137325, 25.7869606], [-80.1374484, 25.7869562], [-80.1374449, 25.7868757]]]}}, {"id": "511", "type": "Feature", "properties": {"id": "d93d6249-968a-4a4c-afcd-17742273f7ac", "name": null, "subtype": null, "class": null, "height": 7.0, "num_floors": null, "surge_class": 0, "surge_ft": 0.0, "flood_active": false, "exposure_score": 0.0, "exposure_category": "none"}, "geometry": {"type": "Polygon", "coordinates": [[[-80.137702, 25.7866974], [-80.1376203, 25.7866992], [-80.1376213, 25.7867386], [-80.1376103, 25.7867388], [-80.137611, 25.7867665], [-80.1376943, 25.7867647], [-80.1376935, 25.7867341], [-80.137703, 25.7867339], [-80.137702, 25.7866974]]]}}, {"id": "512", "type": "Feature", "properties": {"id": "b2c257f7-b310-4c9c-afb1-cdedd66d7630", "name": null, "subtype": null, "class": null, "height": 7.0, "num_floors": null, "surge_class": 1, "surge_ft": 0.5, "flood_active": false, "exposure_score": 0.015, "exposure_category": "low"}, "geometry": {"type": "Polygon", "coordinates": [[[-80.1376322, 25.7869598], [-80.137628, 25.7869711], [-80.137629, 25.7870076], [-80.1376198, 25.7870078], [-80.1376205, 25.7870355], [-80.1377127, 25.7870335], [-80.1377122, 25.7870143], [-80.1377401, 25.7870137], [-80.1377388, 25.7869665], [-80.1377051, 25.7869672], [-80.1377048, 25.7869582], [-80.1376322, 25.7869598]]]}}, {"id": "513", "type": "Feature", "properties": {"id": "5addda96-1662-4666-8436-be162fb243f3", "name": null, "subtype": null, "class": null, "height": 10.9, "num_floors": null, "surge_class": 0, "surge_ft": 0.0, "flood_active": false, "exposure_score": 0.0, "exposure_category": "none"}, "geometry": {"type": "Polygon", "coordinates": [[[-80.1370844, 25.7877706], [-80.1370856, 25.7878014], [-80.1374209, 25.7877912], [-80.1374124, 25.7875637], [-80.1373202, 25.7875665], [-80.1373261, 25.7877256], [-80.1371387, 25.7877313], [-80.1371323, 25.7875602], [-80.1370455, 25.7875628], [-80.1370532, 25.7877715], [-80.1370844, 25.7877706]]]}}, {"id": "514", "type": "Feature", "properties": {"id": "8df0bb43-df25-4749-a34b-fea6634428db", "name": null, "subtype": null, "class": null, "height": 9.1, "num_floors": null, "surge_class": 0, "surge_ft": 0.0, "flood_active": false, "exposure_score": 0.0, "exposure_category": "none"}, "geometry": {"type": "Polygon", "coordinates": [[[-80.1373217, 25.787133], [-80.1373249, 25.7872519], [-80.1372945, 25.7872526], [-80.1372959, 25.7873027], [-80.1374489, 25.7872993], [-80.1374429, 25.7870825], [-80.1372896, 25.787086], [-80.1372909, 25.7871337], [-80.1373217, 25.787133]]]}}, {"id": "515", "type": "Feature", "properties": {"id": "1876b937-e9a3-41b9-8c04-4eafbe896635", "name": null, "subtype": null, "class": null, "height": 8.9, "num_floors": null, "surge_class": 0, "surge_ft": 0.0, "flood_active": false, "exposure_score": 0.0, "exposure_category": "none"}, "geometry": {"type": "Polygon", "coordinates": [[[-80.1372415, 25.7871337], [-80.1371296, 25.787136], [-80.137134, 25.7873062], [-80.137246, 25.7873038], [-80.1372415, 25.7871337]]]}}, {"id": "516", "type": "Feature", "properties": {"id": "393fa7d9-6132-44a7-bc85-ff1f16923c4e", "name": null, "subtype": null, "class": null, "height": 4.191477298736572, "num_floors": null, "surge_class": 0, "surge_ft": 0.0, "flood_active": false, "exposure_score": 0.0, "exposure_category": "none"}, "geometry": {"type": "Polygon", "coordinates": [[[-80.1369333, 25.7873133], [-80.1370764, 25.7873105], [-80.137071, 25.7870879], [-80.1369279, 25.7870908], [-80.1369333, 25.7873133]]]}}, {"id": "517", "type": "Feature", "properties": {"id": "e6a8ef73-8434-4c2b-b741-405fcdc6baee", "name": null, "subtype": null, "class": null, "height": 5.9, "num_floors": null, "surge_class": 0, "surge_ft": 0.0, "flood_active": false, "exposure_score": 0.0, "exposure_category": "none"}, "geometry": {"type": "Polygon", "coordinates": [[[-80.136606, 25.7876782], [-80.137006, 25.7876723], [-80.1370041, 25.7875635], [-80.136604, 25.7875694], [-80.136606, 25.7876782]]]}}, {"id": "518", "type": "Feature", "properties": {"id": "503ae003-4e7f-4d84-91fe-78e4e93b84d4", "name": null, "subtype": null, "class": null, "height": 1.1298245191574097, "num_floors": null, "surge_class": 0, "surge_ft": 0.0, "flood_active": false, "exposure_score": 0.0, "exposure_category": "none"}, "geometry": {"type": "Polygon", "coordinates": [[[-80.136867, 25.7870971], [-80.136865, 25.7871657], [-80.1369186, 25.787167], [-80.1369206, 25.7870984], [-80.136867, 25.7870971]]]}}, {"id": "519", "type": "Feature", "properties": {"id": "b9f20c73-1a25-465b-9615-49cc93c03892", "name": null, "subtype": null, "class": null, "height": 8.5, "num_floors": null, "surge_class": 0, "surge_ft": 0.0, "flood_active": false, "exposure_score": 0.0, "exposure_category": "none"}, "geometry": {"type": "Polygon", "coordinates": [[[-80.1367145, 25.7869575], [-80.1367192, 25.7870716], [-80.1368092, 25.7870685], [-80.1368073, 25.7870246], [-80.1367882, 25.7870253], [-80.1367861, 25.7869753], [-80.1368287, 25.7869739], [-80.1368252, 25.7868882], [-80.1367007, 25.7868925], [-80.1367035, 25.7869579], [-80.1367145, 25.7869575]]]}}, {"id": "520", "type": "Feature", "properties": {"id": "f632689e-0fe3-40a0-b83e-0b075849f888", "name": null, "subtype": null, "class": null, "height": 7.1, "num_floors": null, "surge_class": 0, "surge_ft": 0.0, "flood_active": false, "exposure_score": 0.0, "exposure_category": "none"}, "geometry": {"type": "Polygon", "coordinates": [[[-80.1369897, 25.7868859], [-80.1369511, 25.7868868], [-80.1369516, 25.7869047], [-80.1368671, 25.7869067], [-80.1368695, 25.7869868], [-80.1369222, 25.7869855], [-80.1369214, 25.7869596], [-80.1369918, 25.7869579], [-80.1369897, 25.7868859]]]}}, {"id": "521", "type": "Feature", "properties": {"id": "c4631421-bc83-484c-a20c-31d23daf6674", "name": null, "subtype": null, "class": null, "height": 5.0, "num_floors": null, "surge_class": 0, "surge_ft": 0.0, "flood_active": false, "exposure_score": 0.0, "exposure_category": "none"}, "geometry": {"type": "Polygon", "coordinates": [[[-80.1369898, 25.7870099], [-80.1369314, 25.7870118], [-80.1369319, 25.7870239], [-80.1368678, 25.787026], [-80.1368694, 25.7870659], [-80.1369918, 25.7870614], [-80.1369898, 25.7870099]]]}}, {"id": "522", "type": "Feature", "properties": {"id": "4b890551-1d0a-4a35-a571-3484bd346368", "name": null, "subtype": null, "class": null, "height": 7.4, "num_floors": null, "surge_class": 0, "surge_ft": 0.0, "flood_active": false, "exposure_score": 0.0, "exposure_category": "none"}, "geometry": {"type": "Polygon", "coordinates": [[[-80.1370619, 25.7869946], [-80.137063, 25.7870212], [-80.1371305, 25.787019], [-80.137128, 25.7869579], [-80.1371447, 25.7869573], [-80.1371416, 25.7868813], [-80.1370905, 25.786883], [-80.1370911, 25.7868984], [-80.1370205, 25.7869007], [-80.1370243, 25.7869959], [-80.1370619, 25.7869946]]]}}, {"id": "523", "type": "Feature", "properties": {"id": "f36ff4c3-3e7e-47df-a56a-f0b71c7fb2f9", "name": null, "subtype": null, "class": null, "height": 7.5, "num_floors": null, "surge_class": 1, "surge_ft": 0.5, "flood_active": false, "exposure_score": 0.015, "exposure_category": "low"}, "geometry": {"type": "Polygon", "coordinates": [[[-80.1371329, 25.7865606], [-80.1370851, 25.7865614], [-80.137086, 25.7866033], [-80.1370115, 25.7866045], [-80.1370136, 25.7867107], [-80.1371358, 25.7867088], [-80.1371329, 25.7865606]]]}}, {"id": "524", "type": "Feature", "properties": {"id": "19be817e-cc1d-4c86-b016-7105e2fef8ca", "name": null, "subtype": null, "class": null, "height": 7.5, "num_floors": null, "surge_class": 0, "surge_ft": 0.0, "flood_active": false, "exposure_score": 0.0, "exposure_category": "none"}, "geometry": {"type": "Polygon", "coordinates": [[[-80.1369337, 25.7867069], [-80.136934, 25.7867252], [-80.1369824, 25.7867244], [-80.1369803, 25.786618], [-80.1369168, 25.786619], [-80.1369166, 25.7866077], [-80.1368573, 25.7866087], [-80.1368593, 25.7867081], [-80.1369337, 25.7867069]]]}}, {"id": "525", "type": "Feature", "properties": {"id": "7f70d7d4-cb41-4539-8ce3-f7243d9bb4d5", "name": null, "subtype": null, "class": null, "height": 6.9, "num_floors": null, "surge_class": 0, "surge_ft": 0.0, "flood_active": false, "exposure_score": 0.0, "exposure_category": "none"}, "geometry": {"type": "Polygon", "coordinates": [[[-80.1368335, 25.7866101], [-80.1367137, 25.7866121], [-80.1367159, 25.78672], [-80.1368357, 25.786718], [-80.1368335, 25.7866101]]]}}, {"id": "526", "type": "Feature", "properties": {"id": "59e7d2ec-6914-45bc-866e-503b2488557d", "name": null, "subtype": null, "class": null, "height": 7.9, "num_floors": null, "surge_class": 1, "surge_ft": 0.5, "flood_active": false, "exposure_score": 0.015, "exposure_category": "low"}, "geometry": {"type": "Polygon", "coordinates": [[[-80.1365543, 25.7867368], [-80.1366679, 25.786735], [-80.1366646, 25.7865675], [-80.136551, 25.7865693], [-80.1365543, 25.7867368]]]}}, {"id": "527", "type": "Feature", "properties": {"id": "bc949b19-cb8a-408c-b9b9-d5220c59f2ec", "name": null, "subtype": null, "class": null, "height": 4.6472954750061035, "num_floors": null, "surge_class": 0, "surge_ft": 0.0, "flood_active": false, "exposure_score": 0.0, "exposure_category": "none"}, "geometry": {"type": "Polygon", "coordinates": [[[-80.1365456, 25.7870731], [-80.1366378, 25.7870726], [-80.1366365, 25.7868995], [-80.1365444, 25.7869], [-80.1365456, 25.7870731]]]}}, {"id": "528", "type": "Feature", "properties": {"id": "415edbf0-a549-44f6-9941-fba1e3f5aeee", "name": null, "subtype": null, "class": null, "height": 7.6, "num_floors": null, "surge_class": 1, "surge_ft": 0.5, "flood_active": false, "exposure_score": 0.015, "exposure_category": "low"}, "geometry": {"type": "Polygon", "coordinates": [[[-80.1361929, 25.7865405], [-80.13629, 25.7865396], [-80.1362866, 25.7862558], [-80.1361895, 25.7862568], [-80.1361929, 25.7865405]]]}}, {"id": "529", "type": "Feature", "properties": {"id": "6792fa3a-5050-4254-a565-dc9e4f7019c5", "name": null, "subtype": null, "class": null, "height": 9.2, "num_floors": null, "surge_class": 0, "surge_ft": 0.0, "flood_active": false, "exposure_score": 0.0, "exposure_category": "none"}, "geometry": {"type": "Polygon", "coordinates": [[[-80.1360289, 25.7865864], [-80.136034, 25.7867621], [-80.1360925, 25.7867607], [-80.13609, 25.7866714], [-80.1362493, 25.7866676], [-80.136252, 25.7867595], [-80.1363072, 25.7867582], [-80.1363021, 25.7865799], [-80.1360289, 25.7865864]]]}}, {"id": "530", "type": "Feature", "properties": {"id": "e9d9f7b1-fcff-4c74-8fe8-06bb18758bf9", "name": null, "subtype": null, "class": null, "height": 18.7, "num_floors": null, "surge_class": 1, "surge_ft": 0.5, "flood_active": false, "exposure_score": 0.015, "exposure_category": "low"}, "geometry": {"type": "Polygon", "coordinates": [[[-80.1357221, 25.7863813], [-80.1357272, 25.7865559], [-80.1359106, 25.7865515], [-80.1359093, 25.78651], [-80.1359949, 25.7865079], [-80.1359877, 25.7862613], [-80.1358882, 25.7862637], [-80.1358947, 25.7864862], [-80.1358034, 25.7864884], [-80.1358002, 25.7863794], [-80.1357221, 25.7863813]]]}}, {"id": "531", "type": "Feature", "properties": {"id": "acb928ea-1fa7-45eb-b845-e2e2b8700c26", "name": null, "subtype": null, "class": null, "height": 6.6, "num_floors": null, "surge_class": 0, "surge_ft": 0.0, "flood_active": false, "exposure_score": 0.0, "exposure_category": "none"}, "geometry": {"type": "Polygon", "coordinates": [[[-80.1357256, 25.7865929], [-80.135731, 25.786778], [-80.135812, 25.786776], [-80.1358088, 25.7866639], [-80.1359193, 25.7866613], [-80.1359227, 25.7867769], [-80.1360013, 25.7867751], [-80.1359958, 25.7865864], [-80.1357256, 25.7865929]]]}}, {"id": "532", "type": "Feature", "properties": {"id": "8360abfa-d8e7-49ca-82b9-b188511c6cd5", "name": null, "subtype": null, "class": null, "height": 7.9, "num_floors": null, "surge_class": 0, "surge_ft": 0.0, "flood_active": false, "exposure_score": 0.0, "exposure_category": "none"}, "geometry": {"type": "Polygon", "coordinates": [[[-80.1359651, 25.7870334], [-80.1359656, 25.7870498], [-80.1359038, 25.7870512], [-80.135905, 25.7870924], [-80.1360256, 25.7870895], [-80.1360231, 25.7870033], [-80.13599, 25.7870041], [-80.1359878, 25.78693], [-80.1358617, 25.786933], [-80.1358647, 25.7870358], [-80.1359651, 25.7870334]]]}}, {"id": "533", "type": "Feature", "properties": {"id": "a494ea8f-e959-4f42-a77f-029e7eba52a7", "name": null, "subtype": null, "class": null, "height": 8.8, "num_floors": null, "surge_class": 1, "surge_ft": 0.5, "flood_active": false, "exposure_score": 0.015, "exposure_category": "low"}, "geometry": {"type": "Polygon", "coordinates": [[[-80.1360473, 25.7869686], [-80.1360505, 25.7870783], [-80.1363118, 25.7870721], [-80.1363087, 25.7869649], [-80.1362623, 25.786966], [-80.1362628, 25.7869832], [-80.1361013, 25.7869871], [-80.1361007, 25.7869673], [-80.1360473, 25.7869686]]]}}, {"id": "534", "type": "Feature", "properties": {"id": "a0dae435-d79b-4d52-8f76-e7aa1e91246f", "name": null, "subtype": null, "class": null, "height": 9.2, "num_floors": null, "surge_class": 0, "surge_ft": 0.0, "flood_active": false, "exposure_score": 0.0, "exposure_category": "none"}, "geometry": {"type": "Polygon", "coordinates": [[[-80.1359869, 25.7871684], [-80.1359916, 25.7873322], [-80.1360944, 25.7873298], [-80.1360908, 25.7872048], [-80.1362187, 25.7872018], [-80.1362225, 25.7873309], [-80.1363243, 25.7873284], [-80.1363194, 25.7871576], [-80.136235, 25.7871596], [-80.1362336, 25.7871094], [-80.13607, 25.7871132], [-80.1360715, 25.7871664], [-80.1359869, 25.7871684]]]}}, {"id": "535", "type": "Feature", "properties": {"id": "202ebcb5-34f1-4a54-bd26-687ab540a9fa", "name": null, "subtype": null, "class": null, "height": 8.9, "num_floors": null, "surge_class": 1, "surge_ft": 0.5, "flood_active": false, "exposure_score": 0.015, "exposure_category": "low"}, "geometry": {"type": "Polygon", "coordinates": [[[-80.1359557, 25.7871306], [-80.1358349, 25.7871335], [-80.1358408, 25.7873371], [-80.1359616, 25.7873342], [-80.1359557, 25.7871306]]]}}, {"id": "536", "type": "Feature", "properties": {"id": "e3d8cf63-3e53-4552-ba96-1d891eb948cd", "name": null, "subtype": null, "class": null, "height": 8.5, "num_floors": null, "surge_class": 0, "surge_ft": 0.0, "flood_active": false, "exposure_score": 0.0, "exposure_category": "none"}, "geometry": {"type": "Polygon", "coordinates": [[[-80.1359055, 25.7876713], [-80.1363006, 25.7876651], [-80.136299, 25.7875801], [-80.1359038, 25.7875863], [-80.1359055, 25.7876713]]]}}, {"id": "537", "type": "Feature", "properties": {"id": "5a29950a-fb43-4203-b9bb-363d86623f66", "name": null, "subtype": null, "class": null, "height": 10.0, "num_floors": null, "surge_class": 1, "surge_ft": 0.5, "flood_active": false, "exposure_score": 0.015, "exposure_category": "low"}, "geometry": {"type": "Polygon", "coordinates": [[[-80.1367919, 25.7872069], [-80.1367943, 25.7873165], [-80.1368996, 25.7873146], [-80.1368967, 25.7871832], [-80.1368333, 25.7871843], [-80.1368313, 25.7870926], [-80.1365619, 25.7870974], [-80.1365639, 25.7871881], [-80.1367279, 25.7871852], [-80.1367284, 25.7872081], [-80.1367919, 25.7872069]]]}}, {"id": "538", "type": "Feature", "properties": {"id": "4e9ea84d-c685-4070-8290-9c4f279ba8b2", "name": null, "subtype": null, "class": null, "height": 7.4, "num_floors": null, "surge_class": 0, "surge_ft": 0.0, "flood_active": false, "exposure_score": 0.0, "exposure_category": "none"}, "geometry": {"type": "Polygon", "coordinates": [[[-80.1361057, 25.7878266], [-80.1362862, 25.7878237], [-80.1362842, 25.7877262], [-80.1361037, 25.7877291], [-80.1361057, 25.7878266]]]}}, {"id": "539", "type": "Feature", "properties": {"id": "7578f329-06b3-4b30-8bfb-f33b4cf34d79", "name": null, "subtype": null, "class": null, "height": 7.8, "num_floors": null, "surge_class": 0, "surge_ft": 0.0, "flood_active": false, "exposure_score": 0.0, "exposure_category": "none"}, "geometry": {"type": "Polygon", "coordinates": [[[-80.1359173, 25.7881097], [-80.1363188, 25.7880992], [-80.1363153, 25.7879905], [-80.1359138, 25.788001], [-80.1359173, 25.7881097]]]}}, {"id": "540", "type": "Feature", "properties": {"id": "4d49aea9-23da-47c4-b8a5-6f0fc282aa07", "name": null, "subtype": null, "class": null, "height": 10.0, "num_floors": null, "surge_class": 0, "surge_ft": 0.0, "flood_active": false, "exposure_score": 0.0, "exposure_category": "none"}, "geometry": {"type": "Polygon", "coordinates": [[[-80.1359473, 25.7879668], [-80.1363072, 25.7879608], [-80.1363054, 25.7878714], [-80.1359455, 25.7878774], [-80.1359473, 25.7879668]]]}}, {"id": "541", "type": "Feature", "properties": {"id": "f28ab497-df9c-4631-aef0-d2a5b43706df", "name": null, "subtype": null, "class": null, "height": 7.6, "num_floors": null, "surge_class": 0, "surge_ft": 0.0, "flood_active": false, "exposure_score": 0.0, "exposure_category": "none"}, "geometry": {"type": "Polygon", "coordinates": [[[-80.1359026, 25.7876997], [-80.1359039, 25.7878095], [-80.1359741, 25.7878088], [-80.1359739, 25.7877912], [-80.1360207, 25.7877907], [-80.1360199, 25.7877215], [-80.1359704, 25.7877219], [-80.1359702, 25.787699], [-80.1359026, 25.7876997]]]}}, {"id": "542", "type": "Feature", "properties": {"id": "061fd393-cd61-4efa-9a5c-5c26fc112adc", "name": null, "subtype": null, "class": null, "height": 13.0, "num_floors": null, "surge_class": 0, "surge_ft": 0.0, "flood_active": false, "exposure_score": 0.0, "exposure_category": "none"}, "geometry": {"type": "Polygon", "coordinates": [[[-80.1359255, 25.7881484], [-80.1359296, 25.7882491], [-80.1363246, 25.788236], [-80.1363215, 25.7881592], [-80.136087, 25.788167], [-80.1360861, 25.7881431], [-80.1359255, 25.7881484]]]}}, {"id": "543", "type": "Feature", "properties": {"id": "a20f41dc-293c-45d3-95ef-ab99ba2dd458", "name": null, "subtype": null, "class": null, "height": 7.9, "num_floors": null, "surge_class": 0, "surge_ft": 0.0, "flood_active": false, "exposure_score": 0.0, "exposure_category": "none"}, "geometry": {"type": "Polygon", "coordinates": [[[-80.1361638, 25.7883731], [-80.1363172, 25.7883705], [-80.1363156, 25.7882945], [-80.1361622, 25.7882971], [-80.1361638, 25.7883731]]]}}, {"id": "544", "type": "Feature", "properties": {"id": "ef75d626-2dbc-4f60-9225-826db8bf3d96", "name": null, "subtype": null, "class": null, "height": 9.2, "num_floors": null, "surge_class": 1, "surge_ft": 0.5, "flood_active": false, "exposure_score": 0.015, "exposure_category": "low"}, "geometry": {"type": "Polygon", "coordinates": [[[-80.1363315, 25.7885628], [-80.1360176, 25.788571], [-80.1360203, 25.7886543], [-80.1363341, 25.7886461], [-80.1363315, 25.7885628]]]}}, {"id": "545", "type": "Feature", "properties": {"id": "beb9ae8a-9f60-4e84-b471-efa6229b30b9", "name": null, "subtype": null, "class": null, "height": 10.9, "num_floors": null, "surge_class": 1, "surge_ft": 0.5, "flood_active": false, "exposure_score": 0.015, "exposure_category": "low"}, "geometry": {"type": "Polygon", "coordinates": [[[-80.1363297, 25.7884276], [-80.1360143, 25.7884326], [-80.136016, 25.7885171], [-80.1363313, 25.788512], [-80.1363297, 25.7884276]]]}}, {"id": "546", "type": "Feature", "properties": {"id": "ce63c0c4-49f7-42e4-85d5-b8853704feca", "name": null, "subtype": null, "class": null, "height": 11.5, "num_floors": null, "surge_class": 1, "surge_ft": 0.5, "flood_active": false, "exposure_score": 0.015, "exposure_category": "low"}, "geometry": {"type": "Polygon", "coordinates": [[[-80.1359444, 25.7886766], [-80.1359522, 25.7889402], [-80.1363525, 25.7889305], [-80.1363447, 25.7886668], [-80.1359444, 25.7886766]], [[-80.1360143, 25.7887756], [-80.1362429, 25.7887726], [-80.136244, 25.7888377], [-80.1360154, 25.7888407], [-80.1360143, 25.7887756]]]}}, {"id": "547", "type": "Feature", "properties": {"id": "638e10f5-6779-490e-80f0-2ab10d049ccd", "name": null, "subtype": null, "class": null, "height": 7.7, "num_floors": null, "surge_class": 0, "surge_ft": 0.0, "flood_active": false, "exposure_score": 0.0, "exposure_category": "none"}, "geometry": {"type": "Polygon", "coordinates": [[[-80.1366344, 25.7885099], [-80.1368873, 25.7885024], [-80.1368837, 25.7884037], [-80.1366308, 25.7884112], [-80.1366344, 25.7885099]]]}}, {"id": "548", "type": "Feature", "properties": {"id": "9f3e7f91-deae-4987-b028-879d17294fc3", "name": null, "subtype": null, "class": null, "height": 8.7, "num_floors": null, "surge_class": 0, "surge_ft": 0.0, "flood_active": false, "exposure_score": 0.0, "exposure_category": "none"}, "geometry": {"type": "Polygon", "coordinates": [[[-80.1368895, 25.7888285], [-80.1366421, 25.788834], [-80.1366441, 25.7889051], [-80.1368914, 25.7888996], [-80.1368895, 25.7888285]]]}}, {"id": "549", "type": "Feature", "properties": {"id": "bcb3de56-ac07-4578-b436-60e19fd253db", "name": null, "subtype": null, "class": null, "height": 8.9, "num_floors": null, "surge_class": 1, "surge_ft": 0.5, "flood_active": false, "exposure_score": 0.015, "exposure_category": "low"}, "geometry": {"type": "Polygon", "coordinates": [[[-80.137042, 25.7886713], [-80.1369597, 25.7886725], [-80.1369636, 25.788895], [-80.1370459, 25.7888938], [-80.137042, 25.7886713]]]}}, {"id": "550", "type": "Feature", "properties": {"id": "9a352614-dbb1-47ca-a3cc-180ce090cd90", "name": null, "subtype": null, "class": null, "height": 7.1, "num_floors": null, "surge_class": 0, "surge_ft": 0.0, "flood_active": false, "exposure_score": 0.0, "exposure_category": "none"}, "geometry": {"type": "Polygon", "coordinates": [[[-80.137052, 25.7883823], [-80.1370548, 25.7884916], [-80.1371902, 25.7884889], [-80.1371887, 25.7884265], [-80.1371489, 25.7884273], [-80.1371478, 25.7883803], [-80.137052, 25.7883823]]]}}, {"id": "551", "type": "Feature", "properties": {"id": "7214f768-d773-40b3-b1b7-d41ec696b1e8", "name": null, "subtype": null, "class": null, "height": 11.9, "num_floors": null, "surge_class": 0, "surge_ft": 0.0, "flood_active": false, "exposure_score": 0.0, "exposure_category": "none"}, "geometry": {"type": "Polygon", "coordinates": [[[-80.1368848, 25.7886717], [-80.1366379, 25.7886773], [-80.1366399, 25.7887485], [-80.1368868, 25.7887429], [-80.1368848, 25.7886717]]]}}, {"id": "552", "type": "Feature", "properties": {"id": "a4c79f03-30ae-41cb-809d-a932e7562049", "name": null, "subtype": null, "class": null, "height": 8.9, "num_floors": null, "surge_class": 0, "surge_ft": 0.0, "flood_active": false, "exposure_score": 0.0, "exposure_category": "none"}, "geometry": {"type": "Polygon", "coordinates": [[[-80.1370278, 25.7885187], [-80.136626, 25.7885319], [-80.1366306, 25.788645], [-80.1370323, 25.7886317], [-80.1370278, 25.7885187]]]}}, {"id": "553", "type": "Feature", "properties": {"id": "e8469030-3a3d-453d-a2b3-6220e995dccf", "name": null, "subtype": null, "class": null, "height": 12.3, "num_floors": null, "surge_class": 0, "surge_ft": 0.0, "flood_active": false, "exposure_score": 0.0, "exposure_category": "none"}, "geometry": {"type": "Polygon", "coordinates": [[[-80.1366421, 25.7883483], [-80.1370038, 25.7883416], [-80.1369991, 25.7881379], [-80.1366375, 25.7881446], [-80.1366421, 25.7883483]]]}}, {"id": "554", "type": "Feature", "properties": {"id": "82a5f858-8300-47c5-8800-c54f942aaab0", "name": null, "subtype": null, "class": null, "height": 9.9, "num_floors": null, "surge_class": 0, "surge_ft": 0.0, "flood_active": false, "exposure_score": 0.0, "exposure_category": "none"}, "geometry": {"type": "Polygon", "coordinates": [[[-80.1366126, 25.7880998], [-80.1370145, 25.7880882], [-80.1370108, 25.7879829], [-80.1366089, 25.7879945], [-80.1366126, 25.7880998]]]}}, {"id": "555", "type": "Feature", "properties": {"id": "e0c39d3f-92e9-42bd-9121-5be56749807c", "name": null, "subtype": null, "class": null, "height": 9.7, "num_floors": null, "surge_class": 0, "surge_ft": 0.0, "flood_active": false, "exposure_score": 0.0, "exposure_category": "none"}, "geometry": {"type": "Polygon", "coordinates": [[[-80.1366098, 25.7879459], [-80.1370162, 25.7879342], [-80.1370123, 25.7878248], [-80.1366059, 25.7878365], [-80.1366098, 25.7879459]]]}}, {"id": "556", "type": "Feature", "properties": {"id": "b21603e6-0331-4cf7-b570-11b3f62f80f4", "name": null, "subtype": null, "class": null, "height": 8.7, "num_floors": null, "surge_class": 0, "surge_ft": 0.0, "flood_active": false, "exposure_score": 0.0, "exposure_category": "none"}, "geometry": {"type": "Polygon", "coordinates": [[[-80.1366134, 25.7878139], [-80.1369907, 25.7878034], [-80.1369872, 25.7877019], [-80.1366099, 25.7877124], [-80.1366134, 25.7878139]]]}}, {"id": "557", "type": "Feature", "properties": {"id": "68bc0ebd-e8b7-4272-8f1e-895e2a757aff", "name": null, "subtype": null, "class": null, "height": 7.6, "num_floors": null, "surge_class": 0, "surge_ft": 0.0, "flood_active": false, "exposure_score": 0.0, "exposure_category": "none"}, "geometry": {"type": "Polygon", "coordinates": [[[-80.1370599, 25.7883586], [-80.1374573, 25.7883491], [-80.1374541, 25.788238], [-80.1370566, 25.7882475], [-80.1370599, 25.7883586]]]}}, {"id": "558", "type": "Feature", "properties": {"id": "ecf4dac2-0f61-4d07-9a9f-2ca6b728ce37", "name": null, "subtype": null, "class": null, "height": 6.7, "num_floors": null, "surge_class": 1, "surge_ft": 0.5, "flood_active": false, "exposure_score": 0.015, "exposure_category": "low"}, "geometry": {"type": "Polygon", "coordinates": [[[-80.1370733, 25.7882257], [-80.1374242, 25.7882202], [-80.1374223, 25.7881216], [-80.1370714, 25.7881271], [-80.1370733, 25.7882257]]]}}, {"id": "559", "type": "Feature", "properties": {"id": "7170a5da-77ee-4ec4-a4f7-59e8d48030a0", "name": null, "subtype": null, "class": null, "height": 10.9, "num_floors": null, "surge_class": 0, "surge_ft": 0.0, "flood_active": false, "exposure_score": 0.0, "exposure_category": "none"}, "geometry": {"type": "Polygon", "coordinates": [[[-80.1374283, 25.7878389], [-80.1370954, 25.787846], [-80.1370978, 25.7879372], [-80.1374307, 25.7879301], [-80.1374283, 25.7878389]]]}}, {"id": "560", "type": "Feature", "properties": {"id": "e8b3c57f-3beb-4471-a92c-ffc1e4fbd268", "name": null, "subtype": null, "class": null, "height": 7.4, "num_floors": null, "surge_class": 0, "surge_ft": 0.0, "flood_active": false, "exposure_score": 0.0, "exposure_category": "none"}, "geometry": {"type": "Polygon", "coordinates": [[[-80.1373082, 25.7880673], [-80.1374391, 25.7880647], [-80.1374367, 25.7879661], [-80.1373057, 25.7879687], [-80.1373082, 25.7880673]]]}}, {"id": "561", "type": "Feature", "properties": {"id": "6bb05c43-242a-461a-aefd-22cff27b4f79", "name": null, "subtype": null, "class": null, "height": 8.7, "num_floors": null, "surge_class": 0, "surge_ft": 0.0, "flood_active": false, "exposure_score": 0.0, "exposure_category": "none"}, "geometry": {"type": "Polygon", "coordinates": [[[-80.1374184, 25.7883858], [-80.1372706, 25.7883894], [-80.1372735, 25.7884856], [-80.1374212, 25.788482], [-80.1374184, 25.7883858]]]}}, {"id": "562", "type": "Feature", "properties": {"id": "94fbaa10-aba4-43a0-b4ba-fa7b1c50e1ae", "name": null, "subtype": null, "class": null, "height": 7.7, "num_floors": null, "surge_class": 0, "surge_ft": 0.0, "flood_active": false, "exposure_score": 0.0, "exposure_category": "none"}, "geometry": {"type": "Polygon", "coordinates": [[[-80.1370686, 25.788638], [-80.1374625, 25.788629], [-80.1374592, 25.7885135], [-80.1370653, 25.7885225], [-80.1370686, 25.788638]]]}}, {"id": "563", "type": "Feature", "properties": {"id": "def09252-70ef-47e3-a6d5-6c9179f05ac0", "name": null, "subtype": null, "class": null, "height": 8.1, "num_floors": null, "surge_class": 0, "surge_ft": 0.0, "flood_active": false, "exposure_score": 0.0, "exposure_category": "none"}, "geometry": {"type": "Polygon", "coordinates": [[[-80.1374629, 25.7886432], [-80.1370614, 25.7886562], [-80.1370657, 25.7887641], [-80.1374672, 25.7887512], [-80.1374629, 25.7886432]]]}}, {"id": "564", "type": "Feature", "properties": {"id": "260c9b23-ac36-49b8-8e86-331fa979ac0e", "name": null, "subtype": null, "class": null, "height": 7.5, "num_floors": null, "surge_class": 0, "surge_ft": 0.0, "flood_active": false, "exposure_score": 0.0, "exposure_category": "none"}, "geometry": {"type": "Polygon", "coordinates": [[[-80.137472, 25.7887805], [-80.1370619, 25.7887901], [-80.137065, 25.7888999], [-80.1374752, 25.7888903], [-80.137472, 25.7887805]]]}}, {"id": "565", "type": "Feature", "properties": {"id": "11028bea-106d-4be1-969d-27691d40d1a5", "name": null, "subtype": null, "class": null, "height": 8.7, "num_floors": null, "surge_class": 0, "surge_ft": 0.0, "flood_active": false, "exposure_score": 0.0, "exposure_category": "none"}, "geometry": {"type": "Polygon", "coordinates": [[[-80.1377507, 25.7885149], [-80.1377547, 25.7886102], [-80.1380021, 25.7886018], [-80.1379981, 25.7885065], [-80.1377507, 25.7885149]]]}}, {"id": "566", "type": "Feature", "properties": {"id": "8de4906a-8dbc-49c3-acd3-1259797de00b", "name": null, "subtype": null, "class": null, "height": 8.970037460327148, "num_floors": null, "surge_class": 0, "surge_ft": 0.0, "flood_active": false, "exposure_score": 0.0, "exposure_category": "none"}, "geometry": {"type": "Polygon", "coordinates": [[[-80.1377665, 25.7888744], [-80.1381567, 25.7888678], [-80.1381519, 25.7886384], [-80.1377617, 25.7886449], [-80.1377665, 25.7888744]]]}}, {"id": "567", "type": "Feature", "properties": {"id": "cd079b5c-dc0a-4a2a-890b-33a2c0f59cf7", "name": null, "subtype": null, "class": null, "height": 7.4, "num_floors": null, "surge_class": 0, "surge_ft": 0.0, "flood_active": false, "exposure_score": 0.0, "exposure_category": "none"}, "geometry": {"type": "Polygon", "coordinates": [[[-80.1382016, 25.7888859], [-80.1383781, 25.7888851], [-80.1383775, 25.7887782], [-80.138201, 25.7887789], [-80.1382016, 25.7888859]]]}}, {"id": "568", "type": "Feature", "properties": {"id": "8d370724-06aa-49a6-b8ff-2464f7f27af2", "name": null, "subtype": null, "class": null, "height": 4.7004899978637695, "num_floors": null, "surge_class": 0, "surge_ft": 0.0, "flood_active": false, "exposure_score": 0.0, "exposure_category": "none"}, "geometry": {"type": "Polygon", "coordinates": [[[-80.1384159, 25.7888716], [-80.1385876, 25.7888709], [-80.1385871, 25.7887683], [-80.1384153, 25.788769], [-80.1384159, 25.7888716]]]}}, {"id": "569", "type": "Feature", "properties": {"id": "becccfda-fd6e-4403-82a6-0ef98e3bd005", "name": null, "subtype": null, "class": null, "height": 7.5, "num_floors": null, "surge_class": 0, "surge_ft": 0.0, "flood_active": false, "exposure_score": 0.0, "exposure_category": "none"}, "geometry": {"type": "Polygon", "coordinates": [[[-80.1383118, 25.7887359], [-80.138479, 25.7887352], [-80.1384785, 25.7886366], [-80.1383112, 25.7886373], [-80.1383118, 25.7887359]]]}}, {"id": "570", "type": "Feature", "properties": {"id": "94a50451-96d3-4a6d-8cd6-a887bda8e85b", "name": null, "subtype": null, "class": null, "height": 11.0, "num_floors": null, "surge_class": 0, "surge_ft": 0.0, "flood_active": false, "exposure_score": 0.0, "exposure_category": "none"}, "geometry": {"type": "Polygon", "coordinates": [[[-80.1381892, 25.7886072], [-80.138583, 25.7885971], [-80.1385796, 25.7884876], [-80.1381857, 25.7884977], [-80.1381892, 25.7886072]]]}}, {"id": "571", "type": "Feature", "properties": {"id": "c560a46b-a2d4-4d9c-9832-ce29418f3597", "name": null, "subtype": null, "class": null, "height": 7.0, "num_floors": null, "surge_class": 0, "surge_ft": 0.0, "flood_active": false, "exposure_score": 0.0, "exposure_category": "none"}, "geometry": {"type": "Polygon", "coordinates": [[[-80.1381804, 25.7884727], [-80.1385812, 25.7884624], [-80.1385776, 25.7883468], [-80.1381768, 25.788357], [-80.1381804, 25.7884727]]]}}, {"id": "572", "type": "Feature", "properties": {"id": "f28a0b3c-e7d5-4dcc-892a-05ed9f8446e7", "name": null, "subtype": null, "class": null, "height": 6.698943614959717, "num_floors": null, "surge_class": 0, "surge_ft": 0.0, "flood_active": false, "exposure_score": 0.0, "exposure_category": "none"}, "geometry": {"type": "Polygon", "coordinates": [[[-80.1382247, 25.7883265], [-80.1385739, 25.7883208], [-80.1385717, 25.7882121], [-80.1382225, 25.7882178], [-80.1382247, 25.7883265]]]}}, {"id": "573", "type": "Feature", "properties": {"id": "22ab78a4-2b38-4335-a79e-c3ab095dc667", "name": null, "subtype": null, "class": null, "height": 9.2, "num_floors": null, "surge_class": 0, "surge_ft": 0.0, "flood_active": false, "exposure_score": 0.0, "exposure_category": "none"}, "geometry": {"type": "Polygon", "coordinates": [[[-80.1385734, 25.7879252], [-80.1381628, 25.7879349], [-80.1381702, 25.7881935], [-80.1385809, 25.7881838], [-80.1385734, 25.7879252]]]}}, {"id": "574", "type": "Feature", "properties": {"id": "cd965425-8c2a-4c78-997b-f4d91bbfcdb0", "name": null, "subtype": null, "class": null, "height": 7.5, "num_floors": null, "surge_class": 1, "surge_ft": 0.5, "flood_active": false, "exposure_score": 0.015, "exposure_category": "low"}, "geometry": {"type": "Polygon", "coordinates": [[[-80.138181, 25.7879165], [-80.1383438, 25.7879105], [-80.1383393, 25.7878127], [-80.1381766, 25.7878187], [-80.138181, 25.7879165]]]}}, {"id": "575", "type": "Feature", "properties": {"id": "e46284ff-19c2-42cd-b5d2-f7da71f414fe", "name": null, "subtype": null, "class": null, "height": 12.5, "num_floors": null, "surge_class": 0, "surge_ft": 0.0, "flood_active": false, "exposure_score": 0.0, "exposure_category": "none"}, "geometry": {"type": "Polygon", "coordinates": [[[-80.1377647, 25.7879175], [-80.1377659, 25.7879655], [-80.1377405, 25.787966], [-80.1377428, 25.7880629], [-80.1381456, 25.7880549], [-80.1381431, 25.7879502], [-80.1378093, 25.7879568], [-80.1378083, 25.787915], [-80.1381414, 25.7879084], [-80.1381387, 25.7877978], [-80.1377312, 25.7878059], [-80.1377339, 25.7879181], [-80.1377647, 25.7879175]]]}}, {"id": "576", "type": "Feature", "properties": {"id": "194067c9-f126-43cf-81eb-ace1aba718f2", "name": null, "subtype": null, "class": null, "height": 15.3, "num_floors": null, "surge_class": 0, "surge_ft": 0.0, "flood_active": false, "exposure_score": 0.0, "exposure_category": "none"}, "geometry": {"type": "Polygon", "coordinates": [[[-80.1377485, 25.7882558], [-80.1377509, 25.7883424], [-80.1379778, 25.7883372], [-80.1379774, 25.7883228], [-80.1381482, 25.7883188], [-80.1381467, 25.7882653], [-80.1381227, 25.7882658], [-80.1381222, 25.7882472], [-80.1377485, 25.7882558]]]}}, {"id": "577", "type": "Feature", "properties": {"id": "db52346e-d3b4-4905-b5ed-f36269714a81", "name": "Courtyard Apartments Part of the Oasis Casita Collection", "subtype": "commercial", "class": "hotel", "height": 10.3, "num_floors": 2, "surge_class": 0, "surge_ft": 0.0, "flood_active": false, "exposure_score": 0.0, "exposure_category": "none"}, "geometry": {"type": "Polygon", "coordinates": [[[-80.1379284, 25.7881595], [-80.1379287, 25.7881694], [-80.1381141, 25.7881638], [-80.1381132, 25.7881406], [-80.1381447, 25.7881397], [-80.1381424, 25.7880765], [-80.1377299, 25.7880888], [-80.1377327, 25.7881654], [-80.1379284, 25.7881595]]]}}, {"id": "578", "type": "Feature", "properties": {"id": "bdce4403-371f-4d52-bce0-fa1697055bbc", "name": null, "subtype": null, "class": null, "height": 8.5, "num_floors": null, "surge_class": 0, "surge_ft": 0.0, "flood_active": false, "exposure_score": 0.0, "exposure_category": "none"}, "geometry": {"type": "Polygon", "coordinates": [[[-80.1377551, 25.7883756], [-80.1377589, 25.7884658], [-80.1380006, 25.7884576], [-80.1379968, 25.7883674], [-80.1377551, 25.7883756]]]}}, {"id": "579", "type": "Feature", "properties": {"id": "a4ae49d5-ec8f-4932-bbdb-7f0ca56fcd8a", "name": null, "subtype": null, "class": null, "height": 8.8, "num_floors": null, "surge_class": 0, "surge_ft": 0.0, "flood_active": false, "exposure_score": 0.0, "exposure_category": "none"}, "geometry": {"type": "Polygon", "coordinates": [[[-80.1380582, 25.7876874], [-80.1377358, 25.7876958], [-80.1377386, 25.7877864], [-80.138061, 25.7877781], [-80.1380582, 25.7876874]]]}}, {"id": "580", "type": "Feature", "properties": {"id": "2ba75860-1f16-4234-9f8c-c523490f0eec", "name": null, "subtype": null, "class": null, "height": 10.8, "num_floors": null, "surge_class": 0, "surge_ft": 0.0, "flood_active": false, "exposure_score": 0.0, "exposure_category": "none"}, "geometry": {"type": "Polygon", "coordinates": [[[-80.1377328, 25.7876584], [-80.1381303, 25.7876508], [-80.1381276, 25.7875349], [-80.1377301, 25.7875425], [-80.1377328, 25.7876584]]]}}, {"id": "581", "type": "Feature", "properties": {"id": "5e2dbfb6-71ca-4196-919c-fd26d8c8deef", "name": null, "subtype": null, "class": null, "height": 8.3, "num_floors": null, "surge_class": 0, "surge_ft": 0.0, "flood_active": false, "exposure_score": 0.0, "exposure_category": "none"}, "geometry": {"type": "Polygon", "coordinates": [[[-80.1381257, 25.7871188], [-80.138095, 25.7871192], [-80.1380957, 25.7871634], [-80.1380615, 25.7871638], [-80.1380635, 25.7872808], [-80.1381711, 25.7872793], [-80.1381705, 25.7872457], [-80.1382114, 25.7872452], [-80.1382092, 25.7871187], [-80.1381916, 25.7871189], [-80.1381911, 25.7870915], [-80.138151, 25.7870921], [-80.1381512, 25.7871061], [-80.1381255, 25.7871065], [-80.1381257, 25.7871188]]]}}, {"id": "582", "type": "Feature", "properties": {"id": "1dd217d0-1dca-4d50-b840-2d1498892bb8", "name": null, "subtype": null, "class": null, "height": 15.3, "num_floors": null, "surge_class": 0, "surge_ft": 0.0, "flood_active": false, "exposure_score": 0.0, "exposure_category": "none"}, "geometry": {"type": "Polygon", "coordinates": [[[-80.138026, 25.7870602], [-80.1376762, 25.7870669], [-80.1376781, 25.7871491], [-80.1376815, 25.787297], [-80.1380313, 25.7872904], [-80.138026, 25.7870602]]]}}, {"id": "583", "type": "Feature", "properties": {"id": "620e13ce-034a-4f8a-b260-e5ab32b7909b", "name": null, "subtype": null, "class": null, "height": 3.6, "num_floors": null, "surge_class": 0, "surge_ft": 0.0, "flood_active": false, "exposure_score": 0.0, "exposure_category": "none"}, "geometry": {"type": "Polygon", "coordinates": [[[-80.1377544, 25.7868915], [-80.1376936, 25.7868928], [-80.1376953, 25.7869562], [-80.1377561, 25.7869549], [-80.1377544, 25.7868915]]]}}, {"id": "584", "type": "Feature", "properties": {"id": "09c76bf3-b2ce-4811-ac69-d241f68b2704", "name": null, "subtype": null, "class": null, "height": 5.7, "num_floors": null, "surge_class": 1, "surge_ft": 0.5, "flood_active": false, "exposure_score": 0.015, "exposure_category": "low"}, "geometry": {"type": "Polygon", "coordinates": [[[-80.1377495, 25.786811], [-80.1376454, 25.7868131], [-80.1376459, 25.7868337], [-80.137625, 25.7868341], [-80.137626, 25.7868749], [-80.1377511, 25.7868773], [-80.1377495, 25.786811]]]}}, {"id": "585", "type": "Feature", "properties": {"id": "c57ff245-9728-4da9-aaeb-cfcadc9e3edb", "name": null, "subtype": null, "class": null, "height": 6.4, "num_floors": null, "surge_class": 1, "surge_ft": 0.5, "flood_active": false, "exposure_score": 0.015, "exposure_category": "low"}, "geometry": {"type": "Polygon", "coordinates": [[[-80.1384868, 25.7864241], [-80.1384298, 25.7864854], [-80.1384492, 25.7864989], [-80.1384632, 25.7865033], [-80.1384781, 25.7865034], [-80.1384921, 25.7864992], [-80.1385086, 25.7864859], [-80.1385148, 25.7864737], [-80.1385164, 25.7864604], [-80.1385154, 25.7864537], [-80.1385098, 25.7864412], [-80.1384941, 25.7864272], [-80.1384868, 25.7864241]]]}}, {"id": "586", "type": "Feature", "properties": {"id": "2035b373-e1e6-4499-b3b1-b958d6c9f826", "name": null, "subtype": null, "class": null, "height": 9.0, "num_floors": null, "surge_class": 0, "surge_ft": 0.0, "flood_active": false, "exposure_score": 0.0, "exposure_category": "none"}, "geometry": {"type": "Polygon", "coordinates": [[[-80.1385751, 25.7870513], [-80.1384179, 25.7870544], [-80.1384234, 25.7872721], [-80.1385833, 25.787269], [-80.1385796, 25.7872234], [-80.1385608, 25.787221], [-80.1385555, 25.7872065], [-80.1385474, 25.7871075], [-80.1385622, 25.787093], [-80.1385769, 25.7870785], [-80.1385751, 25.7870513]]]}}, {"id": "587", "type": "Feature", "properties": {"id": "b48ee461-f0d2-4f24-bf93-c411fe904ac5", "name": null, "subtype": null, "class": null, "height": 9.6, "num_floors": null, "surge_class": 0, "surge_ft": 0.0, "flood_active": false, "exposure_score": 0.0, "exposure_category": "none"}, "geometry": {"type": "Polygon", "coordinates": [[[-80.1383908, 25.787073], [-80.1382809, 25.7870738], [-80.1382815, 25.7871305], [-80.1382942, 25.7871304], [-80.138295, 25.7872185], [-80.1382824, 25.7872186], [-80.138283, 25.7872797], [-80.1383818, 25.7872789], [-80.1383813, 25.7872319], [-80.1383802, 25.787113], [-80.1383912, 25.7871129], [-80.1383908, 25.787073]]]}}, {"id": "588", "type": "Feature", "properties": {"id": "9f3c66da-ed8d-48a4-b399-4bfc2945ad07", "name": null, "subtype": null, "class": null, "height": null, "num_floors": null, "surge_class": 0, "surge_ft": 0.0, "flood_active": false, "exposure_score": 0.0, "exposure_category": "none"}, "geometry": {"type": "Polygon", "coordinates": [[[-80.1381559, 25.7876422], [-80.1385573, 25.7876345], [-80.1385547, 25.7875246], [-80.1381533, 25.7875322], [-80.1381559, 25.7876422]]]}}, {"id": "589", "type": "Feature", "properties": {"id": "44dbf0b1-545a-4ed2-9bb2-e754759b5aab", "name": null, "subtype": null, "class": null, "height": null, "num_floors": null, "surge_class": 2, "surge_ft": 1.5, "flood_active": false, "exposure_score": 0.045, "exposure_category": "low"}, "geometry": {"type": "Polygon", "coordinates": [[[-80.1381645, 25.7877772], [-80.1385634, 25.7877658], [-80.1385595, 25.7876552], [-80.1381606, 25.7876666], [-80.1381645, 25.7877772]]]}}, {"id": "590", "type": "Feature", "properties": {"id": "86530d27-4bf2-4858-b1d6-949b9dcea5f1", "name": null, "subtype": null, "class": null, "height": 7.7, "num_floors": null, "surge_class": 0, "surge_ft": 0.0, "flood_active": false, "exposure_score": 0.0, "exposure_category": "none"}, "geometry": {"type": "Polygon", "coordinates": [[[-80.1388594, 25.7877453], [-80.1391107, 25.7877407], [-80.1391091, 25.7876678], [-80.1388578, 25.7876724], [-80.1388594, 25.7877453]]]}}, {"id": "591", "type": "Feature", "properties": {"id": "525303aa-4f2f-4d52-981b-47363de3a9b6", "name": null, "subtype": null, "class": null, "height": 7.8, "num_floors": null, "surge_class": 0, "surge_ft": 0.0, "flood_active": false, "exposure_score": 0.0, "exposure_category": "none"}, "geometry": {"type": "Polygon", "coordinates": [[[-80.1388601, 25.7875925], [-80.1391064, 25.7875879], [-80.1391049, 25.7875195], [-80.1388586, 25.787524], [-80.1388601, 25.7875925]]]}}, {"id": "592", "type": "Feature", "properties": {"id": "e52394db-5c9e-49ca-9556-f24ca46bd5d6", "name": null, "subtype": "residential", "class": "house", "height": 8.6, "num_floors": null, "surge_class": 0, "surge_ft": 0.0, "flood_active": false, "exposure_score": 0.0, "exposure_category": "none"}, "geometry": {"type": "Polygon", "coordinates": [[[-80.138875, 25.7865613], [-80.1390644, 25.7865563], [-80.1390607, 25.7864443], [-80.1388713, 25.7864494], [-80.138875, 25.7865613]]]}}, {"id": "593", "type": "Feature", "properties": {"id": "dc022dfb-4b07-45e4-b561-a42f3c7d0993", "name": null, "subtype": "residential", "class": "house", "height": 4.965599536895752, "num_floors": null, "surge_class": 0, "surge_ft": 0.0, "flood_active": false, "exposure_score": 0.0, "exposure_category": "none"}, "geometry": {"type": "Polygon", "coordinates": [[[-80.1389069, 25.7867356], [-80.1390637, 25.7867314], [-80.1390604, 25.7866287], [-80.1389035, 25.7866329], [-80.1389069, 25.7867356]]]}}, {"id": "594", "type": "Feature", "properties": {"id": "29bf0c6e-bb3b-413e-b048-a8120e124c02", "name": null, "subtype": null, "class": null, "height": 2.8, "num_floors": null, "surge_class": 0, "surge_ft": 0.0, "flood_active": false, "exposure_score": 0.0, "exposure_category": "none"}, "geometry": {"type": "Polygon", "coordinates": [[[-80.1392267, 25.786406], [-80.1391676, 25.7864075], [-80.1391688, 25.7864466], [-80.1392279, 25.7864452], [-80.1392267, 25.786406]]]}}, {"id": "595", "type": "Feature", "properties": {"id": "c8546330-1ffb-4e60-9922-72610c82e373", "name": null, "subtype": null, "class": null, "height": 3.0, "num_floors": null, "surge_class": 0, "surge_ft": 0.0, "flood_active": false, "exposure_score": 0.0, "exposure_category": "none"}, "geometry": {"type": "Polygon", "coordinates": [[[-80.1392181, 25.7866498], [-80.1392172, 25.7865814], [-80.139151, 25.7865821], [-80.1391515, 25.7866169], [-80.139144, 25.786617], [-80.1391448, 25.7866506], [-80.1392181, 25.7866498]]]}}, {"id": "596", "type": "Feature", "properties": {"id": "b9e31faa-f5cc-4555-9f1e-e856a3ab05ef", "name": null, "subtype": "residential", "class": "house", "height": 5.2, "num_floors": null, "surge_class": 1, "surge_ft": 0.5, "flood_active": false, "exposure_score": 0.015, "exposure_category": "low"}, "geometry": {"type": "Polygon", "coordinates": [[[-80.1394259, 25.7865367], [-80.1396096, 25.7865318], [-80.1396083, 25.7864913], [-80.1395968, 25.7864916], [-80.1395943, 25.7864156], [-80.1394607, 25.7864192], [-80.139462, 25.7864572], [-80.1394233, 25.7864583], [-80.1394259, 25.7865367]]]}}, {"id": "597", "type": "Feature", "properties": {"id": "6d57b9ce-3489-457f-8184-8f8f93a86cc4", "name": null, "subtype": "residential", "class": "house", "height": 5.2, "num_floors": null, "surge_class": 0, "surge_ft": 0.0, "flood_active": false, "exposure_score": 0.0, "exposure_category": "none"}, "geometry": {"type": "Polygon", "coordinates": [[[-80.139457, 25.7866759], [-80.139617, 25.7866716], [-80.1396154, 25.7866251], [-80.1396119, 25.7866252], [-80.1396106, 25.7865863], [-80.1395825, 25.786587], [-80.1395814, 25.7865519], [-80.1394236, 25.7865561], [-80.1394253, 25.7866069], [-80.1394355, 25.7866066], [-80.1394369, 25.7866483], [-80.1394561, 25.7866478], [-80.139457, 25.7866759]]]}}, {"id": "598", "type": "Feature", "properties": {"id": "abd47fc4-1c7e-4a00-abb4-bf125619cda3", "name": null, "subtype": null, "class": null, "height": 5.0, "num_floors": null, "surge_class": 0, "surge_ft": 0.0, "flood_active": false, "exposure_score": 0.0, "exposure_category": "none"}, "geometry": {"type": "Polygon", "coordinates": [[[-80.1395172, 25.7868558], [-80.1393981, 25.7868572], [-80.1393989, 25.7869147], [-80.139518, 25.7869133], [-80.1395172, 25.7868558]]]}}, {"id": "599", "type": "Feature", "properties": {"id": "b61f436e-14cd-4c39-9098-f6d501611acf", "name": null, "subtype": null, "class": null, "height": 4.1, "num_floors": null, "surge_class": 0, "surge_ft": 0.0, "flood_active": false, "exposure_score": 0.0, "exposure_category": "none"}, "geometry": {"type": "Polygon", "coordinates": [[[-80.1393767, 25.7868543], [-80.1392679, 25.7868579], [-80.1392692, 25.7868902], [-80.139378, 25.7868867], [-80.1393767, 25.7868543]]]}}, {"id": "600", "type": "Feature", "properties": {"id": "34bbccb6-5183-4a8f-aba4-1b4b82edf706", "name": null, "subtype": null, "class": null, "height": 7.9, "num_floors": null, "surge_class": 0, "surge_ft": 0.0, "flood_active": false, "exposure_score": 0.0, "exposure_category": "none"}, "geometry": {"type": "Polygon", "coordinates": [[[-80.139202, 25.7877387], [-80.139278, 25.7877376], [-80.1392739, 25.7875146], [-80.1391979, 25.7875157], [-80.139202, 25.7877387]]]}}, {"id": "601", "type": "Feature", "properties": {"id": "36d4277a-db53-4d34-a393-e1bbb4eaa576", "name": null, "subtype": null, "class": null, "height": 7.9, "num_floors": null, "surge_class": 0, "surge_ft": 0.0, "flood_active": false, "exposure_score": 0.0, "exposure_category": "none"}, "geometry": {"type": "Polygon", "coordinates": [[[-80.1393867, 25.7877296], [-80.1395144, 25.7877299], [-80.139515, 25.7875151], [-80.1393873, 25.7875148], [-80.1393867, 25.7877296]]]}}, {"id": "602", "type": "Feature", "properties": {"id": "f9043327-ea23-4922-92c2-b0764e4e9957", "name": null, "subtype": null, "class": null, "height": 3.3, "num_floors": null, "surge_class": 0, "surge_ft": 0.0, "flood_active": false, "exposure_score": 0.0, "exposure_category": "none"}, "geometry": {"type": "Polygon", "coordinates": [[[-80.139186, 25.7883066], [-80.1392985, 25.7883018], [-80.139293, 25.7881978], [-80.1391805, 25.7882026], [-80.139186, 25.7883066]]]}}, {"id": "603", "type": "Feature", "properties": {"id": "5f544244-453d-4579-8488-1d8d257c2a95", "name": null, "subtype": null, "class": null, "height": 3.0, "num_floors": null, "surge_class": 0, "surge_ft": 0.0, "flood_active": false, "exposure_score": 0.0, "exposure_category": "none"}, "geometry": {"type": "Polygon", "coordinates": [[[-80.1391997, 25.7884363], [-80.1393088, 25.7884342], [-80.1393067, 25.7883449], [-80.1391976, 25.788347], [-80.1391997, 25.7884363]]]}}, {"id": "604", "type": "Feature", "properties": {"id": "c2301e36-3cdc-4ac4-8044-7b05e01a7c7f", "name": null, "subtype": null, "class": null, "height": 7.6, "num_floors": null, "surge_class": 0, "surge_ft": 0.0, "flood_active": false, "exposure_score": 0.0, "exposure_category": "none"}, "geometry": {"type": "Polygon", "coordinates": [[[-80.1388624, 25.7878706], [-80.1390587, 25.7878686], [-80.1390578, 25.7877986], [-80.1388615, 25.7878005], [-80.1388624, 25.7878706]]]}}, {"id": "605", "type": "Feature", "properties": {"id": "3a98e847-dfae-4947-9beb-7d2a9d5ca37e", "name": null, "subtype": null, "class": null, "height": 7.4, "num_floors": null, "surge_class": 0, "surge_ft": 0.0, "flood_active": false, "exposure_score": 0.0, "exposure_category": "none"}, "geometry": {"type": "Polygon", "coordinates": [[[-80.1388567, 25.7880401], [-80.1390629, 25.788038], [-80.1390619, 25.7879592], [-80.1388558, 25.7879613], [-80.1388567, 25.7880401]]]}}, {"id": "606", "type": "Feature", "properties": {"id": "38c30589-1bf9-4078-8238-aa82ff4e3a36", "name": null, "subtype": null, "class": null, "height": 8.7, "num_floors": null, "surge_class": 0, "surge_ft": 0.0, "flood_active": false, "exposure_score": 0.0, "exposure_category": "none"}, "geometry": {"type": "Polygon", "coordinates": [[[-80.1390826, 25.7880847], [-80.1388748, 25.7880925], [-80.1388785, 25.7881735], [-80.1390863, 25.7881656], [-80.1390826, 25.7880847]]]}}, {"id": "607", "type": "Feature", "properties": {"id": "2e20c990-0a7c-4391-bffa-67aa17d9775a", "name": null, "subtype": null, "class": null, "height": 5.0, "num_floors": null, "surge_class": 0, "surge_ft": 0.0, "flood_active": false, "exposure_score": 0.0, "exposure_category": "none"}, "geometry": {"type": "Polygon", "coordinates": [[[-80.1390843, 25.7881908], [-80.138912, 25.788196], [-80.1389157, 25.7882965], [-80.1390153, 25.7882935], [-80.1390148, 25.7882785], [-80.1390509, 25.7882774], [-80.1390493, 25.7882317], [-80.1390858, 25.7882306], [-80.1390843, 25.7881908]]]}}, {"id": "608", "type": "Feature", "properties": {"id": "ca032c9d-2b40-4af7-880a-26486570dc1f", "name": null, "subtype": null, "class": null, "height": 9.3, "num_floors": null, "surge_class": 0, "surge_ft": 0.0, "flood_active": false, "exposure_score": 0.0, "exposure_category": "none"}, "geometry": {"type": "Polygon", "coordinates": [[[-80.1391078, 25.7883404], [-80.1389097, 25.7883453], [-80.1389127, 25.7884449], [-80.1391108, 25.78844], [-80.1391078, 25.7883404]]]}}, {"id": "609", "type": "Feature", "properties": {"id": "0d396f93-416a-4016-88d2-ffe24fc69e2d", "name": null, "subtype": null, "class": null, "height": 4.8, "num_floors": null, "surge_class": 0, "surge_ft": 0.0, "flood_active": false, "exposure_score": 0.0, "exposure_category": "none"}, "geometry": {"type": "Polygon", "coordinates": [[[-80.1389396, 25.7885247], [-80.1389411, 25.7885745], [-80.1390638, 25.7885714], [-80.1390624, 25.7885243], [-80.1390609, 25.7884772], [-80.1389198, 25.7884807], [-80.1389205, 25.788503], [-80.1389212, 25.7885252], [-80.1389396, 25.7885247]]]}}, {"id": "610", "type": "Feature", "properties": {"id": "503dc45b-dbf6-4a0f-b9ce-4d5491c9034a", "name": null, "subtype": null, "class": null, "height": 6.7, "num_floors": null, "surge_class": 0, "surge_ft": 0.0, "flood_active": false, "exposure_score": 0.0, "exposure_category": "none"}, "geometry": {"type": "Polygon", "coordinates": [[[-80.1389711, 25.7887058], [-80.138972, 25.7887314], [-80.1388969, 25.7887334], [-80.1389003, 25.7888373], [-80.1390843, 25.7888324], [-80.1390767, 25.7886016], [-80.1388885, 25.7886067], [-80.1388918, 25.788708], [-80.1389711, 25.7887058]]]}}, {"id": "611", "type": "Feature", "properties": {"id": "b2e61956-5229-41b8-8461-813f01073ac5", "name": null, "subtype": null, "class": null, "height": 5.3, "num_floors": null, "surge_class": 0, "surge_ft": 0.0, "flood_active": false, "exposure_score": 0.0, "exposure_category": "none"}, "geometry": {"type": "Polygon", "coordinates": [[[-80.1393108, 25.7884586], [-80.139204, 25.7884627], [-80.1392067, 25.788519], [-80.1393134, 25.7885149], [-80.1393108, 25.7884586]]]}}, {"id": "612", "type": "Feature", "properties": {"id": "857ffdf4-ac9d-49d1-88f2-a165651a96f9", "name": null, "subtype": null, "class": null, "height": 6.6, "num_floors": null, "surge_class": 0, "surge_ft": 0.0, "flood_active": false, "exposure_score": 0.0, "exposure_category": "none"}, "geometry": {"type": "Polygon", "coordinates": [[[-80.1392897, 25.7886694], [-80.1391642, 25.788674], [-80.1391665, 25.7887253], [-80.1391042, 25.7887276], [-80.1391069, 25.7887878], [-80.1392947, 25.788781], [-80.1392897, 25.7886694]]]}}, {"id": "613", "type": "Feature", "properties": {"id": "c9b81ef4-163d-4573-a7cb-ff4354c3aee9", "name": null, "subtype": null, "class": null, "height": 6.059146404266357, "num_floors": 3, "surge_class": 0, "surge_ft": 0.0, "flood_active": false, "exposure_score": 0.0, "exposure_category": "none"}, "geometry": {"type": "Polygon", "coordinates": [[[-80.1393515, 25.7888528], [-80.1394582, 25.7888507], [-80.1394544, 25.7886959], [-80.1394779, 25.7886955], [-80.1394755, 25.7885959], [-80.1393452, 25.7885985], [-80.1393515, 25.7888528]]]}}, {"id": "614", "type": "Feature", "properties": {"id": "46c0d118-fdd1-4c46-ac8b-dab9c8afbbb9", "name": null, "subtype": null, "class": null, "height": 6.2, "num_floors": null, "surge_class": 0, "surge_ft": 0.0, "flood_active": false, "exposure_score": 0.0, "exposure_category": "none"}, "geometry": {"type": "Polygon", "coordinates": [[[-80.1392565, 25.7893448], [-80.1392571, 25.7894607], [-80.1393629, 25.7894603], [-80.1393623, 25.7893443], [-80.1392565, 25.7893448]]]}}, {"id": "615", "type": "Feature", "properties": {"id": "060ff379-3750-4d7e-bdd1-9afb36451c67", "name": null, "subtype": null, "class": null, "height": 10.4, "num_floors": null, "surge_class": 0, "surge_ft": 0.0, "flood_active": false, "exposure_score": 0.0, "exposure_category": "none"}, "geometry": {"type": "Polygon", "coordinates": [[[-80.1389294, 25.7897326], [-80.1393447, 25.78972], [-80.1393414, 25.7896322], [-80.1389261, 25.7896448], [-80.1389294, 25.7897326]]]}}, {"id": "616", "type": "Feature", "properties": {"id": "1a8ea578-ec26-4e20-9cf6-56c6c3b07a3b", "name": null, "subtype": null, "class": null, "height": 6.2, "num_floors": null, "surge_class": 0, "surge_ft": 0.0, "flood_active": false, "exposure_score": 0.0, "exposure_category": "none"}, "geometry": {"type": "Polygon", "coordinates": [[[-80.1389164, 25.7895973], [-80.1393259, 25.7895896], [-80.1393233, 25.7894773], [-80.1389138, 25.7894849], [-80.1389164, 25.7895973]]]}}, {"id": "617", "type": "Feature", "properties": {"id": "d679b6ec-b41a-4116-8bfa-ce1a83a34dbf", "name": null, "subtype": null, "class": null, "height": 10.4, "num_floors": null, "surge_class": 0, "surge_ft": 0.0, "flood_active": false, "exposure_score": 0.0, "exposure_category": "none"}, "geometry": {"type": "Polygon", "coordinates": [[[-80.1393103, 25.7890686], [-80.1391688, 25.7890701], [-80.13917, 25.7891694], [-80.1393115, 25.789168], [-80.1393103, 25.7890686]]]}}, {"id": "618", "type": "Feature", "properties": {"id": "bf802150-d0b9-465d-a870-e0a1c37a28ca", "name": null, "subtype": null, "class": null, "height": 5.8, "num_floors": null, "surge_class": 0, "surge_ft": 0.0, "flood_active": false, "exposure_score": 0.0, "exposure_category": "none"}, "geometry": {"type": "Polygon", "coordinates": [[[-80.1393061, 25.7892248], [-80.1389062, 25.7892311], [-80.1389078, 25.7893181], [-80.1393078, 25.7893118], [-80.1393061, 25.7892248]]]}}, {"id": "619", "type": "Feature", "properties": {"id": "657df19a-34ea-4872-9c3a-21007d07f985", "name": null, "subtype": null, "class": null, "height": 9.9, "num_floors": null, "surge_class": 0, "surge_ft": 0.0, "flood_active": false, "exposure_score": 0.0, "exposure_category": "none"}, "geometry": {"type": "Polygon", "coordinates": [[[-80.1391337, 25.789079], [-80.1389019, 25.7890846], [-80.138905, 25.7891866], [-80.1391368, 25.7891809], [-80.1391337, 25.789079]]]}}, {"id": "620", "type": "Feature", "properties": {"id": "68f88b80-343a-4ad7-9ce0-0770a6031ac8", "name": null, "subtype": null, "class": null, "height": 7.6, "num_floors": null, "surge_class": 0, "surge_ft": 0.0, "flood_active": false, "exposure_score": 0.0, "exposure_category": "none"}, "geometry": {"type": "Polygon", "coordinates": [[[-80.138914, 25.7893684], [-80.1389175, 25.7894586], [-80.139194, 25.78945], [-80.1391906, 25.7893598], [-80.138914, 25.7893684]]]}}, {"id": "621", "type": "Feature", "properties": {"id": "7a02e749-d578-4115-a419-a5738cf9829a", "name": null, "subtype": null, "class": null, "height": null, "num_floors": 2, "surge_class": 0, "surge_ft": 0.0, "flood_active": false, "exposure_score": 0.0, "exposure_category": "none"}, "geometry": {"type": "Polygon", "coordinates": [[[-80.1390109, 25.790359], [-80.1392283, 25.7903523], [-80.1392238, 25.7901075], [-80.1392207, 25.7899398], [-80.1388904, 25.7899496], [-80.1388954, 25.7903256], [-80.1389074, 25.7903435], [-80.1389246, 25.7903552], [-80.1389453, 25.790361], [-80.1390109, 25.790359]]]}}, {"id": "622", "type": "Feature", "properties": {"id": "a6c23bc8-27a4-4825-8805-8e0ce2ff7d4b", "name": null, "subtype": null, "class": null, "height": null, "num_floors": null, "surge_class": 0, "surge_ft": 0.0, "flood_active": false, "exposure_score": 0.0, "exposure_category": "none"}, "geometry": {"type": "Polygon", "coordinates": [[[-80.1393853, 25.7903519], [-80.1395385, 25.7903485], [-80.1395258, 25.7899352], [-80.139374, 25.7899386], [-80.1393785, 25.790104], [-80.1393853, 25.7903519]]]}}, {"id": "623", "type": "Feature", "properties": {"id": "215a4ff6-cbae-4fab-b8b6-f6eb2f87355b", "name": null, "subtype": null, "class": null, "height": null, "num_floors": null, "surge_class": 0, "surge_ft": 0.0, "flood_active": false, "exposure_score": 0.0, "exposure_category": "none"}, "geometry": {"type": "Polygon", "coordinates": [[[-80.1392298, 25.7903525], [-80.1393853, 25.7903519], [-80.1393785, 25.790104], [-80.1392238, 25.7901075], [-80.1392298, 25.7903525]]]}}, {"id": "624", "type": "Feature", "properties": {"id": "2a5a838b-ab96-4e8b-a582-c0423eec72c3", "name": null, "subtype": "outbuilding", "class": "roof", "height": null, "num_floors": null, "surge_class": 0, "surge_ft": 0.0, "flood_active": false, "exposure_score": 0.0, "exposure_category": "none"}, "geometry": {"type": "Polygon", "coordinates": [[[-80.1389053, 25.7904521], [-80.1389052, 25.7904815], [-80.1389063, 25.7905189], [-80.1389064, 25.7905465], [-80.1389176, 25.7905467], [-80.1392568, 25.7905428], [-80.1392547, 25.7904718], [-80.1393007, 25.7904713], [-80.1393001, 25.7904469], [-80.1392151, 25.7904485], [-80.1392168, 25.7905157], [-80.1389979, 25.7905214], [-80.1389795, 25.7905058], [-80.1389791, 25.7904509], [-80.1389053, 25.7904521]], [[-80.1389629, 25.7905175], [-80.1389603, 25.7905238], [-80.1389533, 25.7905279], [-80.1389431, 25.7905299], [-80.1389313, 25.7905292], [-80.1389253, 25.7905259], [-80.1389214, 25.7905212], [-80.138923, 25.7905151], [-80.1389283, 25.7905103], [-80.1389405, 25.7905076], [-80.1389503, 25.7905079], [-80.1389587, 25.7905125], [-80.1389629, 25.7905175]]]}}, {"id": "625", "type": "Feature", "properties": {"id": "17795e24-4926-474b-a417-a5c27b07eceb", "name": null, "subtype": "outbuilding", "class": "roof", "height": null, "num_floors": null, "surge_class": 0, "surge_ft": 0.0, "flood_active": false, "exposure_score": 0.0, "exposure_category": "none"}, "geometry": {"type": "Polygon", "coordinates": [[[-80.1392524, 25.7910387], [-80.1392521, 25.7910262], [-80.1391697, 25.7910282], [-80.1390882, 25.7910303], [-80.1389239, 25.7910344], [-80.1389125, 25.7906691], [-80.138918, 25.7906554], [-80.1389276, 25.7906482], [-80.1389408, 25.7906382], [-80.1389528, 25.7906349], [-80.1390779, 25.7906317], [-80.1391593, 25.7906296], [-80.1392396, 25.7906276], [-80.1392391, 25.7906109], [-80.1389551, 25.7906181], [-80.1389296, 25.790627], [-80.1389129, 25.7906381], [-80.1389035, 25.7906536], [-80.1388996, 25.7906704], [-80.1389114, 25.7910474], [-80.1392524, 25.7910387]]]}}, {"id": "626", "type": "Feature", "properties": {"id": "12584a3d-a121-4919-b19a-dc52ba192d97", "name": null, "subtype": null, "class": null, "height": null, "num_floors": 2, "surge_class": 0, "surge_ft": 0.0, "flood_active": false, "exposure_score": 0.0, "exposure_category": "none"}, "geometry": {"type": "Polygon", "coordinates": [[[-80.1390779, 25.7906317], [-80.1389528, 25.7906349], [-80.1389408, 25.7906382], [-80.1389276, 25.7906482], [-80.138918, 25.7906554], [-80.1389125, 25.7906691], [-80.1389239, 25.7910344], [-80.1390882, 25.7910303], [-80.1391697, 25.7910282], [-80.1392521, 25.7910262], [-80.1392396, 25.7906276], [-80.1391593, 25.7906296], [-80.1390779, 25.7906317]]]}}, {"id": "627", "type": "Feature", "properties": {"id": "6c610118-e8ef-4fec-9c01-44a7995b46f2", "name": "Apple Store", "subtype": null, "class": null, "height": null, "num_floors": 1, "surge_class": 0, "surge_ft": 0.0, "flood_active": false, "exposure_score": 0.0, "exposure_category": "none"}, "geometry": {"type": "Polygon", "coordinates": [[[-80.1394361, 25.7910232], [-80.1394244, 25.7906223], [-80.1392396, 25.7906276], [-80.1392521, 25.7910262], [-80.1394361, 25.7910232]]]}}, {"id": "628", "type": "Feature", "properties": {"id": "67d90e05-587e-4a86-a9b0-fa5a2ed188cb", "name": null, "subtype": null, "class": null, "height": null, "num_floors": 1, "surge_class": 0, "surge_ft": 0.0, "flood_active": false, "exposure_score": 0.0, "exposure_category": "none"}, "geometry": {"type": "Polygon", "coordinates": [[[-80.139587, 25.7910204], [-80.139578, 25.790617], [-80.1394244, 25.7906223], [-80.1394361, 25.7910232], [-80.139587, 25.7910204]]]}}, {"id": "629", "type": "Feature", "properties": {"id": "08a9eb34-9840-4b44-91b0-50a0aa2948e8", "name": null, "subtype": null, "class": null, "height": 18.744985580444336, "num_floors": 5, "surge_class": 0, "surge_ft": 0.0, "flood_active": false, "exposure_score": 0.0, "exposure_category": "none"}, "geometry": {"type": "Polygon", "coordinates": [[[-80.1394344, 25.7918114], [-80.1394263, 25.7914764], [-80.1389415, 25.7914859], [-80.1389496, 25.791821], [-80.1394344, 25.7918114]]]}}, {"id": "630", "type": "Feature", "properties": {"id": "5965a978-3891-4f4b-a431-6d86bca2e708", "name": null, "subtype": null, "class": null, "height": null, "num_floors": 1, "surge_class": 0, "surge_ft": 0.0, "flood_active": false, "exposure_score": 0.0, "exposure_category": "none"}, "geometry": {"type": "Polygon", "coordinates": [[[-80.13856, 25.7910533], [-80.1387111, 25.7910486], [-80.1386993, 25.7906618], [-80.1386801, 25.7906451], [-80.1385448, 25.7906493], [-80.13856, 25.7910533]]]}}, {"id": "631", "type": "Feature", "properties": {"id": "28eb8662-7e65-4dc8-8cb9-9cbc45bc65d6", "name": null, "subtype": "outbuilding", "class": "roof", "height": null, "num_floors": null, "surge_class": 0, "surge_ft": 0.0, "flood_active": false, "exposure_score": 0.0, "exposure_category": "none"}, "geometry": {"type": "Polygon", "coordinates": [[[-80.1385431, 25.7905516], [-80.1385596, 25.7905215], [-80.13854, 25.7904927], [-80.138523, 25.7905236], [-80.1385431, 25.7905516]]]}}, {"id": "632", "type": "Feature", "properties": {"id": "1c27455d-7fa5-4ee9-a00a-7619bb596834", "name": null, "subtype": "outbuilding", "class": "roof", "height": null, "num_floors": null, "surge_class": 0, "surge_ft": 0.0, "flood_active": false, "exposure_score": 0.0, "exposure_category": "none"}, "geometry": {"type": "Polygon", "coordinates": [[[-80.1383772, 25.7905557], [-80.1383927, 25.7905328], [-80.1383719, 25.7904999], [-80.1383573, 25.7905329], [-80.1383772, 25.7905557]]]}}, {"id": "633", "type": "Feature", "properties": {"id": "a17da574-f5b5-4351-b391-c8d60e01ba80", "name": null, "subtype": null, "class": null, "height": null, "num_floors": 2, "surge_class": 0, "surge_ft": 0.0, "flood_active": false, "exposure_score": 0.0, "exposure_category": "none"}, "geometry": {"type": "Polygon", "coordinates": [[[-80.1380904, 25.7906524], [-80.1380958, 25.7908223], [-80.1383549, 25.790815], [-80.1383561, 25.7908498], [-80.138359, 25.7908585], [-80.1383658, 25.7908654], [-80.1383771, 25.7908678], [-80.1385502, 25.7908654], [-80.1385442, 25.7906431], [-80.1380904, 25.7906524]]]}}, {"id": "634", "type": "Feature", "properties": {"id": "4393bc61-2b8e-4186-af0a-513c55429e8c", "name": null, "subtype": null, "class": null, "height": null, "num_floors": null, "surge_class": 0, "surge_ft": 0.0, "flood_active": false, "exposure_score": 0.0, "exposure_category": "none"}, "geometry": {"type": "Polygon", "coordinates": [[[-80.1382569, 25.7910615], [-80.1384076, 25.7910579], [-80.1384026, 25.7908906], [-80.1383111, 25.7908927], [-80.1383118, 25.7909162], [-80.1382527, 25.7909176], [-80.1382569, 25.7910615]]]}}, {"id": "635", "type": "Feature", "properties": {"id": "094c4a7d-76ec-4239-8044-67e2934956d7", "name": null, "subtype": null, "class": null, "height": null, "num_floors": null, "surge_class": 0, "surge_ft": 0.0, "flood_active": false, "exposure_score": 0.0, "exposure_category": "none"}, "geometry": {"type": "Polygon", "coordinates": [[[-80.1381354, 25.7910651], [-80.1382546, 25.7910623], [-80.1382485, 25.7908436], [-80.1381293, 25.7908463], [-80.1381354, 25.7910651]]]}}, {"id": "636", "type": "Feature", "properties": {"id": "d61fbfcd-05b8-426d-9b27-e41ab29db482", "name": null, "subtype": null, "class": null, "height": null, "num_floors": null, "surge_class": 0, "surge_ft": 0.0, "flood_active": false, "exposure_score": 0.0, "exposure_category": "none"}, "geometry": {"type": "Polygon", "coordinates": [[[-80.1384112, 25.791058], [-80.138529, 25.7910539], [-80.1385219, 25.7908874], [-80.1384042, 25.7908914], [-80.1384112, 25.791058]]]}}, {"id": "637", "type": "Feature", "properties": {"id": "337b6d63-9771-4ccb-b430-eb11f1c0a25c", "name": "The Lincoln", "subtype": "commercial", "class": "commercial", "height": null, "num_floors": 6, "surge_class": 0, "surge_ft": 0.0, "flood_active": false, "exposure_score": 0.0, "exposure_category": "none"}, "geometry": {"type": "Polygon", "coordinates": [[[-80.138304, 25.7920259], [-80.1387383, 25.7920164], [-80.1387313, 25.7917589], [-80.1387264, 25.7915811], [-80.1386741, 25.7915823], [-80.1382922, 25.7915907], [-80.138304, 25.7920259]]]}}, {"id": "638", "type": "Feature", "properties": {"id": "d820da3c-c6d9-4654-953a-93538c02eddb", "name": "The Lincoln Garage", "subtype": "residential", "class": "parking", "height": 15.730653762817383, "num_floors": 6, "surge_class": 0, "surge_ft": 0.0, "flood_active": false, "exposure_score": 0.0, "exposure_category": "none"}, "geometry": {"type": "Polygon", "coordinates": [[[-80.1387009, 25.7915119], [-80.1386916, 25.7911679], [-80.1386592, 25.7911686], [-80.1386586, 25.7911474], [-80.138658, 25.7911247], [-80.1378258, 25.791143], [-80.1378265, 25.79117], [-80.1378356, 25.7915016], [-80.1378383, 25.7916007], [-80.1382922, 25.7915907], [-80.1386741, 25.7915823], [-80.1386725, 25.7915231], [-80.1386722, 25.7915125], [-80.1387009, 25.7915119]]]}}, {"id": "639", "type": "Feature", "properties": {"id": "5eb47a40-dd34-4f01-9681-01f5d46641a2", "name": "Jeffersonian", "subtype": null, "class": null, "height": 9.203450202941895, "num_floors": null, "surge_class": 0, "surge_ft": 0.0, "flood_active": false, "exposure_score": 0.0, "exposure_category": "none"}, "geometry": {"type": "Polygon", "coordinates": [[[-80.138274, 25.7920242], [-80.1382612, 25.7916236], [-80.1378811, 25.7916334], [-80.1378939, 25.792034], [-80.138274, 25.7920242]], [[-80.1380342, 25.7919491], [-80.138027, 25.791719], [-80.1381213, 25.7917166], [-80.1381286, 25.7919467], [-80.1380342, 25.7919491]]]}}, {"id": "640", "type": "Feature", "properties": {"id": "756168de-df45-4aad-9dce-0817f26e1670", "name": "Mead Building", "subtype": null, "class": null, "height": null, "num_floors": 1, "surge_class": 0, "surge_ft": 0.0, "flood_active": false, "exposure_score": 0.0, "exposure_category": "none"}, "geometry": {"type": "Polygon", "coordinates": [[[-80.1380999, 25.791054], [-80.1380894, 25.7906585], [-80.138084, 25.7906588], [-80.1380841, 25.7906525], [-80.1378277, 25.7906575], [-80.1378259, 25.7906662], [-80.1378098, 25.7906707], [-80.1378008, 25.7906784], [-80.1377934, 25.7906857], [-80.1377882, 25.7906948], [-80.137802, 25.7910609], [-80.1380999, 25.791054]]]}}, {"id": "641", "type": "Feature", "properties": {"id": "2f084600-44d9-4df5-9609-e02ca5d5cdb4", "name": null, "subtype": null, "class": null, "height": null, "num_floors": 2, "surge_class": 0, "surge_ft": 0.0, "flood_active": false, "exposure_score": 0.0, "exposure_category": "none"}, "geometry": {"type": "Polygon", "coordinates": [[[-80.1379294, 25.790381], [-80.1379415, 25.7903807], [-80.1379334, 25.7900941], [-80.1377674, 25.7900977], [-80.1377742, 25.7903465], [-80.1377804, 25.7903464], [-80.1378198, 25.7903841], [-80.13782, 25.7903896], [-80.1379296, 25.7903861], [-80.1379294, 25.790381]]]}}, {"id": "642", "type": "Feature", "properties": {"id": "86a43e55-7cf3-4738-b049-8f8d1ca0c92e", "name": null, "subtype": null, "class": null, "height": null, "num_floors": null, "surge_class": 0, "surge_ft": 0.0, "flood_active": false, "exposure_score": 0.0, "exposure_category": "none"}, "geometry": {"type": "Polygon", "coordinates": [[[-80.1377725, 25.7900975], [-80.1379061, 25.7900938], [-80.1379019, 25.7899728], [-80.1377684, 25.7899764], [-80.1377725, 25.7900975]]]}}, {"id": "643", "type": "Feature", "properties": {"id": "a63ded0f-ca53-4aa3-838f-473058366be7", "name": null, "subtype": null, "class": null, "height": null, "num_floors": null, "surge_class": 0, "surge_ft": 0.0, "flood_active": false, "exposure_score": 0.0, "exposure_category": "none"}, "geometry": {"type": "Polygon", "coordinates": [[[-80.1379448, 25.7903879], [-80.1380597, 25.790386], [-80.1380556, 25.7902416], [-80.1380706, 25.7902419], [-80.1380668, 25.7900374], [-80.1380542, 25.7900379], [-80.1380519, 25.789971], [-80.1379287, 25.7899722], [-80.1379334, 25.7900941], [-80.1379448, 25.7903879]]]}}, {"id": "644", "type": "Feature", "properties": {"id": "861e6aa4-835f-4016-b8b6-6b094cf36be1", "name": null, "subtype": null, "class": null, "height": null, "num_floors": 2, "surge_class": 0, "surge_ft": 0.0, "flood_active": false, "exposure_score": 0.0, "exposure_category": "none"}, "geometry": {"type": "Polygon", "coordinates": [[[-80.1383469, 25.7903699], [-80.138382, 25.7903693], [-80.1383704, 25.7899618], [-80.1380686, 25.7899684], [-80.1380786, 25.7903796], [-80.1381199, 25.790379], [-80.1381351, 25.7903631], [-80.1381343, 25.7903287], [-80.1383307, 25.7903241], [-80.1383319, 25.7903587], [-80.1383469, 25.7903699]]]}}, {"id": "645", "type": "Feature", "properties": {"id": "ee04593a-1e17-49d7-b1e0-a831fbdb1073", "name": null, "subtype": null, "class": null, "height": null, "num_floors": 3, "surge_class": 0, "surge_ft": 0.0, "flood_active": false, "exposure_score": 0.0, "exposure_category": "none"}, "geometry": {"type": "Polygon", "coordinates": [[[-80.1386859, 25.7903352], [-80.1386728, 25.7899591], [-80.1385026, 25.7899592], [-80.1385082, 25.7902311], [-80.138381, 25.7902341], [-80.1383845, 25.7903681], [-80.1386602, 25.7903599], [-80.1386859, 25.7903352]]]}}, {"id": "646", "type": "Feature", "properties": {"id": "5827d8b4-d453-490d-b95e-1600b83701e9", "name": null, "subtype": null, "class": null, "height": null, "num_floors": null, "surge_class": 0, "surge_ft": 0.0, "flood_active": false, "exposure_score": 0.0, "exposure_category": "none"}, "geometry": {"type": "Polygon", "coordinates": [[[-80.138381, 25.7902326], [-80.1385073, 25.7902306], [-80.1385004, 25.7899592], [-80.1383717, 25.7899617], [-80.138381, 25.7902326]]]}}, {"id": "647", "type": "Feature", "properties": {"id": "e52041d7-17a2-43c7-ac59-d0e124a695e4", "name": null, "subtype": null, "class": null, "height": 4.204207897186279, "num_floors": null, "surge_class": 0, "surge_ft": 0.0, "flood_active": false, "exposure_score": 0.0, "exposure_category": "none"}, "geometry": {"type": "Polygon", "coordinates": [[[-80.1383081, 25.7897464], [-80.1386161, 25.7897402], [-80.1386136, 25.789638], [-80.1383055, 25.7896441], [-80.1383081, 25.7897464]]]}}, {"id": "648", "type": "Feature", "properties": {"id": "470e04d9-0ff3-4b86-8817-7a437331a709", "name": null, "subtype": null, "class": null, "height": 9.9, "num_floors": null, "surge_class": 0, "surge_ft": 0.0, "flood_active": false, "exposure_score": 0.0, "exposure_category": "none"}, "geometry": {"type": "Polygon", "coordinates": [[[-80.1386186, 25.7894896], [-80.1382125, 25.7895005], [-80.1382166, 25.7896242], [-80.1386227, 25.7896133], [-80.1386186, 25.7894896]]]}}, {"id": "649", "type": "Feature", "properties": {"id": "5dfbe5e5-3414-4d04-a52a-fec67fa29a08", "name": null, "subtype": null, "class": null, "height": 5.964397430419922, "num_floors": null, "surge_class": 0, "surge_ft": 0.0, "flood_active": false, "exposure_score": 0.0, "exposure_category": "none"}, "geometry": {"type": "Polygon", "coordinates": [[[-80.1382362, 25.7893679], [-80.1382377, 25.7894778], [-80.13864, 25.7894731], [-80.1386385, 25.7893633], [-80.1382362, 25.7893679]]]}}, {"id": "650", "type": "Feature", "properties": {"id": "edc58f68-cdfe-413f-9c26-1691c200d7b0", "name": null, "subtype": null, "class": null, "height": 8.6, "num_floors": null, "surge_class": 0, "surge_ft": 0.0, "flood_active": false, "exposure_score": 0.0, "exposure_category": "none"}, "geometry": {"type": "Polygon", "coordinates": [[[-80.1386054, 25.7890948], [-80.1381976, 25.7891039], [-80.1382003, 25.7892035], [-80.1386081, 25.7891944], [-80.1386054, 25.7890948]]]}}, {"id": "651", "type": "Feature", "properties": {"id": "ce5c4095-92e2-433b-b5d9-16819bb0759d", "name": null, "subtype": null, "class": null, "height": 7.2, "num_floors": null, "surge_class": 0, "surge_ft": 0.0, "flood_active": false, "exposure_score": 0.0, "exposure_category": "none"}, "geometry": {"type": "Polygon", "coordinates": [[[-80.1384885, 25.7892126], [-80.1382304, 25.7892197], [-80.1382338, 25.7893217], [-80.1384919, 25.7893147], [-80.1384885, 25.7892126]]]}}, {"id": "652", "type": "Feature", "properties": {"id": "43080f17-4f8e-4350-baf8-45cc6b9e6ffc", "name": null, "subtype": null, "class": null, "height": 8.1, "num_floors": null, "surge_class": 0, "surge_ft": 0.0, "flood_active": false, "exposure_score": 0.0, "exposure_category": "none"}, "geometry": {"type": "Polygon", "coordinates": [[[-80.1380598, 25.7891969], [-80.1380602, 25.789213], [-80.1381801, 25.7892108], [-80.1381775, 25.7890941], [-80.1377724, 25.7891014], [-80.1377746, 25.7892021], [-80.1380598, 25.7891969]]]}}, {"id": "653", "type": "Feature", "properties": {"id": "edc900fb-ff57-4070-84a4-a6c1a640803c", "name": null, "subtype": null, "class": null, "height": 7.2, "num_floors": null, "surge_class": 0, "surge_ft": 0.0, "flood_active": false, "exposure_score": 0.0, "exposure_category": "none"}, "geometry": {"type": "Polygon", "coordinates": [[[-80.1377833, 25.7893494], [-80.1381825, 25.7893449], [-80.1381808, 25.7892258], [-80.1380756, 25.789227], [-80.1380759, 25.7892475], [-80.1377819, 25.7892508], [-80.1377833, 25.7893494]]]}}, {"id": "654", "type": "Feature", "properties": {"id": "bdadd501-7d92-4b36-b602-4c53ca265bd4", "name": null, "subtype": null, "class": null, "height": 16.0, "num_floors": null, "surge_class": 0, "surge_ft": 0.0, "flood_active": false, "exposure_score": 0.0, "exposure_category": "none"}, "geometry": {"type": "Polygon", "coordinates": [[[-80.1381677, 25.7893774], [-80.1378069, 25.7893878], [-80.1378104, 25.7894871], [-80.1381712, 25.7894767], [-80.1381677, 25.7893774]]]}}, {"id": "655", "type": "Feature", "properties": {"id": "0c637705-bd1c-4fe6-a0a7-ca0bf00cfb71", "name": null, "subtype": null, "class": null, "height": 3.8983349800109863, "num_floors": null, "surge_class": 0, "surge_ft": 0.0, "flood_active": false, "exposure_score": 0.0, "exposure_category": "none"}, "geometry": {"type": "Polygon", "coordinates": [[[-80.1377997, 25.7896172], [-80.138186, 25.7896089], [-80.1381832, 25.7895038], [-80.1377969, 25.7895122], [-80.1377997, 25.7896172]]]}}, {"id": "656", "type": "Feature", "properties": {"id": "8b372e55-794c-4b39-8cf8-4bd5c8939b21", "name": null, "subtype": null, "class": null, "height": 9.9, "num_floors": null, "surge_class": 0, "surge_ft": 0.0, "flood_active": false, "exposure_score": 0.0, "exposure_category": "none"}, "geometry": {"type": "Polygon", "coordinates": [[[-80.1370821, 25.7892178], [-80.1374719, 25.78921], [-80.1374694, 25.7891106], [-80.1370796, 25.7891184], [-80.1370821, 25.7892178]]]}}, {"id": "657", "type": "Feature", "properties": {"id": "6c19d30f-5b83-4176-b387-57c9cfa6b7c0", "name": null, "subtype": null, "class": null, "height": 9.3, "num_floors": null, "surge_class": 0, "surge_ft": 0.0, "flood_active": false, "exposure_score": 0.0, "exposure_category": "none"}, "geometry": {"type": "Polygon", "coordinates": [[[-80.1371523, 25.7893167], [-80.1371529, 25.7893406], [-80.1374831, 25.7893341], [-80.1374812, 25.7892546], [-80.1371071, 25.7892619], [-80.1371085, 25.7893176], [-80.1371523, 25.7893167]]]}}, {"id": "658", "type": "Feature", "properties": {"id": "8018be97-cb93-4871-bf47-da77dbd4c8d8", "name": null, "subtype": null, "class": null, "height": 10.9, "num_floors": null, "surge_class": 0, "surge_ft": 0.0, "flood_active": false, "exposure_score": 0.0, "exposure_category": "none"}, "geometry": {"type": "Polygon", "coordinates": [[[-80.1374865, 25.7893759], [-80.1370857, 25.7893871], [-80.137089, 25.789484], [-80.1374897, 25.7894728], [-80.1374865, 25.7893759]]]}}, {"id": "659", "type": "Feature", "properties": {"id": "9a538d9b-0db3-40a0-992f-c363450e6f28", "name": null, "subtype": null, "class": null, "height": 16.9, "num_floors": null, "surge_class": 0, "surge_ft": 0.0, "flood_active": false, "exposure_score": 0.0, "exposure_category": "none"}, "geometry": {"type": "Polygon", "coordinates": [[[-80.1374746, 25.7895291], [-80.1371092, 25.78954], [-80.1371128, 25.7896408], [-80.1374783, 25.7896299], [-80.1374746, 25.7895291]]]}}, {"id": "660", "type": "Feature", "properties": {"id": "bbddb7d2-cc17-44f9-afc4-6536aba28bc0", "name": null, "subtype": null, "class": null, "height": 6.25093936920166, "num_floors": null, "surge_class": 0, "surge_ft": 0.0, "flood_active": false, "exposure_score": 0.0, "exposure_category": "none"}, "geometry": {"type": "Polygon", "coordinates": [[[-80.1371683, 25.7897728], [-80.1375205, 25.7897634], [-80.137517, 25.7896567], [-80.1371648, 25.7896661], [-80.1371683, 25.7897728]]]}}, {"id": "661", "type": "Feature", "properties": {"id": "17c5e3dc-6def-43dc-85e8-f963fb492dab", "name": null, "subtype": null, "class": null, "height": null, "num_floors": null, "surge_class": 0, "surge_ft": 0.0, "flood_active": false, "exposure_score": 0.0, "exposure_category": "none"}, "geometry": {"type": "Polygon", "coordinates": [[[-80.1374095, 25.7902046], [-80.137554, 25.7902041], [-80.1375563, 25.7900076], [-80.1375518, 25.7899909], [-80.137538, 25.7899841], [-80.1374085, 25.7899846], [-80.1374095, 25.7902046]]]}}, {"id": "662", "type": "Feature", "properties": {"id": "feac9d0f-ea8b-4db1-b1f6-15aa4de68626", "name": null, "subtype": null, "class": null, "height": null, "num_floors": 6, "surge_class": 0, "surge_ft": 0.0, "flood_active": false, "exposure_score": 0.0, "exposure_category": "none"}, "geometry": {"type": "Polygon", "coordinates": [[[-80.137408, 25.790406], [-80.1375367, 25.7904051], [-80.1375509, 25.7903991], [-80.1375561, 25.7903885], [-80.1375546, 25.7902085], [-80.1374063, 25.7902095], [-80.137408, 25.790406]]]}}, {"id": "663", "type": "Feature", "properties": {"id": "81070ea5-2574-4e90-8187-1b713fb58858", "name": null, "subtype": null, "class": null, "height": null, "num_floors": null, "surge_class": 0, "surge_ft": 0.0, "flood_active": false, "exposure_score": 0.0, "exposure_category": "none"}, "geometry": {"type": "Polygon", "coordinates": [[[-80.1371061, 25.7904011], [-80.1373888, 25.7903976], [-80.1373856, 25.7901929], [-80.137103, 25.7901965], [-80.1371061, 25.7904011]]]}}, {"id": "664", "type": "Feature", "properties": {"id": "ad0703ea-db8f-4ac1-9bfb-9a00961e2a79", "name": null, "subtype": null, "class": null, "height": null, "num_floors": null, "surge_class": 0, "surge_ft": 0.0, "flood_active": false, "exposure_score": 0.0, "exposure_category": "none"}, "geometry": {"type": "Polygon", "coordinates": [[[-80.1372687, 25.790077], [-80.1373866, 25.7900752], [-80.1373851, 25.7899897], [-80.1372671, 25.7899915], [-80.1372687, 25.790077]]]}}, {"id": "665", "type": "Feature", "properties": {"id": "7225a998-1e15-4708-b177-0622da3bd77a", "name": null, "subtype": null, "class": null, "height": null, "num_floors": null, "surge_class": 0, "surge_ft": 0.0, "flood_active": false, "exposure_score": 0.0, "exposure_category": "none"}, "geometry": {"type": "Polygon", "coordinates": [[[-80.1372761, 25.7901846], [-80.1373839, 25.7901845], [-80.1373839, 25.7900848], [-80.137276, 25.7900849], [-80.1372761, 25.7901846]]]}}, {"id": "666", "type": "Feature", "properties": {"id": "be180bda-3b0f-4805-9c4c-91e2fca0311e", "name": null, "subtype": null, "class": null, "height": null, "num_floors": null, "surge_class": 0, "surge_ft": 0.0, "flood_active": false, "exposure_score": 0.0, "exposure_category": "none"}, "geometry": {"type": "Polygon", "coordinates": [[[-80.1369608, 25.7904226], [-80.1371004, 25.7904208], [-80.1370939, 25.7899987], [-80.1369544, 25.7900004], [-80.1369608, 25.7904226]]]}}, {"id": "667", "type": "Feature", "properties": {"id": "653503dc-9221-4b9c-96e0-6a84e3ea5e2f", "name": null, "subtype": null, "class": null, "height": null, "num_floors": null, "surge_class": 0, "surge_ft": 0.0, "flood_active": false, "exposure_score": 0.0, "exposure_category": "none"}, "geometry": {"type": "Polygon", "coordinates": [[[-80.1366989, 25.7904288], [-80.136953, 25.7904198], [-80.1369511, 25.7899964], [-80.1367506, 25.7900115], [-80.1366547, 25.7900078], [-80.1366444, 25.7900893], [-80.13665, 25.7903757], [-80.1366642, 25.7904133], [-80.1366989, 25.7904288]]]}}, {"id": "668", "type": "Feature", "properties": {"id": "0ddb4f2c-353d-4bf3-83b5-6f85c76873df", "name": null, "subtype": null, "class": null, "height": 9.8, "num_floors": null, "surge_class": 0, "surge_ft": 0.0, "flood_active": false, "exposure_score": 0.0, "exposure_category": "none"}, "geometry": {"type": "Polygon", "coordinates": [[[-80.1366728, 25.7897911], [-80.1370651, 25.7897821], [-80.137062, 25.789672], [-80.1366696, 25.789681], [-80.1366728, 25.7897911]]]}}, {"id": "669", "type": "Feature", "properties": {"id": "29fdfda9-e44d-42a3-bdf2-fef59968bb5e", "name": null, "subtype": null, "class": null, "height": 9.5, "num_floors": null, "surge_class": 1, "surge_ft": 0.5, "flood_active": false, "exposure_score": 0.015, "exposure_category": "low"}, "geometry": {"type": "Polygon", "coordinates": [[[-80.1366623, 25.7895209], [-80.1370629, 25.7895083], [-80.1370591, 25.7894101], [-80.1366585, 25.7894227], [-80.1366623, 25.7895209]]]}}, {"id": "670", "type": "Feature", "properties": {"id": "c84d87b3-d12e-4c2a-9068-81b01be4044c", "name": null, "subtype": null, "class": null, "height": 7.7, "num_floors": null, "surge_class": 1, "surge_ft": 0.5, "flood_active": false, "exposure_score": 0.015, "exposure_category": "low"}, "geometry": {"type": "Polygon", "coordinates": [[[-80.1367003, 25.7896411], [-80.1369949, 25.7896353], [-80.1369928, 25.7895492], [-80.1366982, 25.789555], [-80.1367003, 25.7896411]]]}}, {"id": "671", "type": "Feature", "properties": {"id": "9d1213a1-34f8-470e-9f99-1256e542b881", "name": null, "subtype": null, "class": null, "height": 9.5, "num_floors": null, "surge_class": 0, "surge_ft": 0.0, "flood_active": false, "exposure_score": 0.0, "exposure_category": "none"}, "geometry": {"type": "Polygon", "coordinates": [[[-80.1366776, 25.7893443], [-80.1366788, 25.7893838], [-80.1370239, 25.7893752], [-80.1370227, 25.7893375], [-80.1370554, 25.7893366], [-80.1370491, 25.7891297], [-80.1369287, 25.7891327], [-80.1369333, 25.7892853], [-80.1367743, 25.7892893], [-80.136772, 25.7892122], [-80.136725, 25.7892134], [-80.1367244, 25.7891913], [-80.1366555, 25.789193], [-80.1366601, 25.7893447], [-80.1366776, 25.7893443]]]}}, {"id": "672", "type": "Feature", "properties": {"id": "73e43ca4-37ca-42ae-b707-7962ce50d3e7", "name": null, "subtype": null, "class": null, "height": 8.021050453186035, "num_floors": null, "surge_class": 1, "surge_ft": 0.5, "flood_active": false, "exposure_score": 0.015, "exposure_category": "low"}, "geometry": {"type": "Polygon", "coordinates": [[[-80.1359719, 25.7893816], [-80.1363608, 25.7893711], [-80.1363577, 25.7892782], [-80.1359688, 25.7892887], [-80.1359719, 25.7893816]]]}}, {"id": "673", "type": "Feature", "properties": {"id": "77740584-6463-4e47-a85d-c76509905f99", "name": null, "subtype": null, "class": null, "height": 6.4, "num_floors": 2, "surge_class": 1, "surge_ft": 0.5, "flood_active": false, "exposure_score": 0.015, "exposure_category": "low"}, "geometry": {"type": "Polygon", "coordinates": [[[-80.1359634, 25.7892615], [-80.1363625, 25.7892518], [-80.1363594, 25.7891463], [-80.1359602, 25.789156], [-80.1359634, 25.7892615]]]}}, {"id": "674", "type": "Feature", "properties": {"id": "9f8ccaa9-f873-4368-b2fd-45d75df6df8f", "name": null, "subtype": null, "class": null, "height": 10.7, "num_floors": null, "surge_class": 1, "surge_ft": 0.5, "flood_active": false, "exposure_score": 0.015, "exposure_category": "low"}, "geometry": {"type": "Polygon", "coordinates": [[[-80.1359675, 25.7895305], [-80.1363618, 25.7895193], [-80.1363582, 25.7894155], [-80.1359639, 25.7894267], [-80.1359675, 25.7895305]]]}}, {"id": "675", "type": "Feature", "properties": {"id": "6a7b0b30-a4c2-4282-be76-da60624fae48", "name": null, "subtype": null, "class": null, "height": 15.6, "num_floors": null, "surge_class": 0, "surge_ft": 0.0, "flood_active": false, "exposure_score": 0.0, "exposure_category": "none"}, "geometry": {"type": "Polygon", "coordinates": [[[-80.1363618, 25.789561], [-80.1359741, 25.7895734], [-80.1359779, 25.7896724], [-80.1363656, 25.7896601], [-80.1363618, 25.789561]]]}}, {"id": "676", "type": "Feature", "properties": {"id": "8949ff41-627e-410a-a85d-77c82d2dfe5a", "name": null, "subtype": null, "class": null, "height": 8.2, "num_floors": null, "surge_class": 0, "surge_ft": 0.0, "flood_active": false, "exposure_score": 0.0, "exposure_category": "none"}, "geometry": {"type": "Polygon", "coordinates": [[[-80.1360206, 25.7897726], [-80.1363676, 25.7897684], [-80.1363663, 25.7896835], [-80.1360194, 25.7896876], [-80.1360206, 25.7897726]]]}}, {"id": "677", "type": "Feature", "properties": {"id": "bea7e032-419c-4de2-a4e0-d236595fdf50", "name": null, "subtype": null, "class": null, "height": null, "num_floors": 1, "surge_class": 0, "surge_ft": 0.0, "flood_active": false, "exposure_score": 0.0, "exposure_category": "none"}, "geometry": {"type": "Polygon", "coordinates": [[[-80.1359842, 25.790434], [-80.1361397, 25.79043], [-80.13613, 25.7901347], [-80.1361277, 25.7900704], [-80.1360697, 25.7900714], [-80.1360687, 25.7900342], [-80.1359751, 25.7900368], [-80.1359842, 25.790434]]]}}, {"id": "678", "type": "Feature", "properties": {"id": "9dbf4aff-154c-443e-a891-4c3008a7bc90", "name": null, "subtype": null, "class": null, "height": null, "num_floors": 1, "surge_class": 0, "surge_ft": 0.0, "flood_active": false, "exposure_score": 0.0, "exposure_category": "none"}, "geometry": {"type": "Polygon", "coordinates": [[[-80.1358314, 25.7904367], [-80.1359842, 25.790434], [-80.1359751, 25.7900368], [-80.1359748, 25.7900234], [-80.1358195, 25.7900279], [-80.1358314, 25.7904367]]]}}, {"id": "679", "type": "Feature", "properties": {"id": "538aa85b-b49b-440b-b35e-12171a223115", "name": null, "subtype": "commercial", "class": "retail", "height": null, "num_floors": 1, "surge_class": 0, "surge_ft": 0.0, "flood_active": false, "exposure_score": 0.0, "exposure_category": "none"}, "geometry": {"type": "Polygon", "coordinates": [[[-80.13613, 25.7901347], [-80.1361397, 25.79043], [-80.1363841, 25.7904238], [-80.1364366, 25.7903708], [-80.1364248, 25.7900117], [-80.1361997, 25.7900177], [-80.1362034, 25.7901327], [-80.13613, 25.7901347]]]}}, {"id": "680", "type": "Feature", "properties": {"id": "6cbd0955-d092-446c-bbb9-5369e2709e75", "name": null, "subtype": "outbuilding", "class": "roof", "height": null, "num_floors": null, "surge_class": 0, "surge_ft": 0.0, "flood_active": false, "exposure_score": 0.0, "exposure_category": "none"}, "geometry": {"type": "Polygon", "coordinates": [[[-80.1362253, 25.7905433], [-80.1362858, 25.7905416], [-80.1362849, 25.7905139], [-80.1362244, 25.7905156], [-80.1362253, 25.7905433]]]}}, {"id": "681", "type": "Feature", "properties": {"id": "4951309d-18b5-43e8-891e-1538932d6217", "name": null, "subtype": "outbuilding", "class": "roof", "height": null, "num_floors": null, "surge_class": 0, "surge_ft": 0.0, "flood_active": false, "exposure_score": 0.0, "exposure_category": "none"}, "geometry": {"type": "Polygon", "coordinates": [[[-80.1361505, 25.7905454], [-80.1362113, 25.7905437], [-80.1362104, 25.790516], [-80.1361495, 25.7905177], [-80.1361505, 25.7905454]]]}}, {"id": "682", "type": "Feature", "properties": {"id": "9052ce7a-9727-493a-9821-d45a795fdd27", "name": null, "subtype": "outbuilding", "class": "roof", "height": null, "num_floors": null, "surge_class": 0, "surge_ft": 0.0, "flood_active": false, "exposure_score": 0.0, "exposure_category": "none"}, "geometry": {"type": "Polygon", "coordinates": [[[-80.1360735, 25.7905475], [-80.1361343, 25.7905458], [-80.1361334, 25.7905181], [-80.1360725, 25.7905198], [-80.1360735, 25.7905475]]]}}, {"id": "683", "type": "Feature", "properties": {"id": "14bd81f7-e517-408d-8d4c-38243befdf9a", "name": null, "subtype": null, "class": null, "height": null, "num_floors": null, "surge_class": 0, "surge_ft": 0.0, "flood_active": false, "exposure_score": 0.0, "exposure_category": "none"}, "geometry": {"type": "Polygon", "coordinates": [[[-80.1359244, 25.7909993], [-80.1361362, 25.7909931], [-80.1361338, 25.7909398], [-80.1361252, 25.7907112], [-80.1358349, 25.7907172], [-80.1358468, 25.7911099], [-80.1358725, 25.7911293], [-80.1358714, 25.7911092], [-80.1359283, 25.7911078], [-80.1359244, 25.7909993]]]}}, {"id": "684", "type": "Feature", "properties": {"id": "4019483a-7640-4c18-888c-e26adf07d32a", "name": null, "subtype": null, "class": null, "height": null, "num_floors": 2, "surge_class": 0, "surge_ft": 0.0, "flood_active": false, "exposure_score": 0.0, "exposure_category": "none"}, "geometry": {"type": "Polygon", "coordinates": [[[-80.1361445, 25.7911185], [-80.1364677, 25.7911107], [-80.1364578, 25.7907673], [-80.1364612, 25.7907579], [-80.1364554, 25.7907462], [-80.1364505, 25.7907279], [-80.136438, 25.7907113], [-80.1364195, 25.7907025], [-80.1362861, 25.7907073], [-80.1362925, 25.7909361], [-80.1361338, 25.7909398], [-80.1361362, 25.7909931], [-80.1360291, 25.7909964], [-80.1360301, 25.7910532], [-80.1361129, 25.7910507], [-80.1361421, 25.7910498], [-80.1361445, 25.7911185]]]}}, {"id": "685", "type": "Feature", "properties": {"id": "174d6994-8bc0-40d9-9832-53b07f389cd8", "name": null, "subtype": null, "class": null, "height": null, "num_floors": 1, "surge_class": 0, "surge_ft": 0.0, "flood_active": false, "exposure_score": 0.0, "exposure_category": "none"}, "geometry": {"type": "Polygon", "coordinates": [[[-80.1361338, 25.7909398], [-80.1362925, 25.7909361], [-80.1362861, 25.7907073], [-80.1361252, 25.7907112], [-80.1361338, 25.7909398]]]}}, {"id": "686", "type": "Feature", "properties": {"id": "ffa01b83-39ce-4b5c-bf5a-ff3843924afe", "name": "Marshalls", "subtype": null, "class": null, "height": null, "num_floors": 3, "surge_class": 0, "surge_ft": 0.0, "flood_active": false, "exposure_score": 0.0, "exposure_category": "none"}, "geometry": {"type": "Polygon", "coordinates": [[[-80.136437, 25.7914646], [-80.1364731, 25.7914636], [-80.1364725, 25.7914473], [-80.1364673, 25.791303], [-80.1364139, 25.7913045], [-80.1364123, 25.7912625], [-80.135856, 25.7912787], [-80.1358575, 25.791321], [-80.1357647, 25.7913237], [-80.1357706, 25.7914887], [-80.1358269, 25.7914871], [-80.1358278, 25.7915109], [-80.136438, 25.7914932], [-80.136437, 25.7914646]]]}}, {"id": "687", "type": "Feature", "properties": {"id": "d59e56ab-8ce4-4ad3-898b-6071593394bf", "name": "Macy's", "subtype": null, "class": null, "height": 21.4, "num_floors": 2, "surge_class": 0, "surge_ft": 0.0, "flood_active": false, "exposure_score": 0.0, "exposure_category": "none"}, "geometry": {"type": "Polygon", "coordinates": [[[-80.1364691, 25.7920767], [-80.1364487, 25.7914928], [-80.136438, 25.7914932], [-80.1358278, 25.7915109], [-80.1357652, 25.7915121], [-80.1357857, 25.7920961], [-80.1364691, 25.7920767]]]}}, {"id": "688", "type": "Feature", "properties": {"id": "bee3ad31-7334-45da-80a1-c1aa7ceca178", "name": null, "subtype": "commercial", "class": "commercial", "height": 12.3, "num_floors": 5, "surge_class": 0, "surge_ft": 0.0, "flood_active": false, "exposure_score": 0.0, "exposure_category": "none"}, "geometry": {"type": "Polygon", "coordinates": [[[-80.1367263, 25.7916645], [-80.1371281, 25.7916576], [-80.1371251, 25.7915119], [-80.1367233, 25.7915187], [-80.1367263, 25.7916645]]]}}, {"id": "689", "type": "Feature", "properties": {"id": "3071c32a-9a07-4353-8783-d1490930e68c", "name": "Meridian Center", "subtype": "commercial", "class": "commercial", "height": 13.1, "num_floors": 6, "surge_class": 0, "surge_ft": 0.0, "flood_active": false, "exposure_score": 0.0, "exposure_category": "none"}, "geometry": {"type": "Polygon", "coordinates": [[[-80.1367247, 25.7918697], [-80.1371298, 25.7918673], [-80.1371284, 25.7916625], [-80.1367232, 25.7916649], [-80.1367247, 25.7918697]]]}}, {"id": "690", "type": "Feature", "properties": {"id": "c6245527-978d-4f0a-b8b6-9bd01603f6d4", "name": null, "subtype": null, "class": null, "height": null, "num_floors": null, "surge_class": 0, "surge_ft": 0.0, "flood_active": false, "exposure_score": 0.0, "exposure_category": "none"}, "geometry": {"type": "Polygon", "coordinates": [[[-80.1366759, 25.7910984], [-80.1371199, 25.7910854], [-80.137113, 25.79069], [-80.136722, 25.7906971], [-80.1366819, 25.7907146], [-80.1366661, 25.7907523], [-80.1366759, 25.7910984]]]}}, {"id": "691", "type": "Feature", "properties": {"id": "0c9bbd87-7bdf-4cc2-87ce-02e89a6d974f", "name": null, "subtype": "outbuilding", "class": "roof", "height": null, "num_floors": null, "surge_class": 0, "surge_ft": 0.0, "flood_active": false, "exposure_score": 0.0, "exposure_category": "none"}, "geometry": {"type": "Polygon", "coordinates": [[[-80.1368388, 25.7905728], [-80.1368531, 25.7905676], [-80.1368306, 25.7905245], [-80.13681, 25.7905674], [-80.1368252, 25.7905734], [-80.1368388, 25.7905728]]]}}, {"id": "692", "type": "Feature", "properties": {"id": "ee4a43c9-33b0-4989-aecc-c395541dee3e", "name": null, "subtype": "outbuilding", "class": "roof", "height": null, "num_floors": null, "surge_class": 0, "surge_ft": 0.0, "flood_active": false, "exposure_score": 0.0, "exposure_category": "none"}, "geometry": {"type": "Polygon", "coordinates": [[[-80.1368703, 25.7905684], [-80.1368564, 25.7905739], [-80.1368789, 25.7906178], [-80.1369001, 25.7905745], [-80.1368847, 25.7905683], [-80.1368703, 25.7905684]]]}}, {"id": "693", "type": "Feature", "properties": {"id": "d9599902-bbec-4815-882d-97473271e862", "name": null, "subtype": "outbuilding", "class": "roof", "height": null, "num_floors": null, "surge_class": 0, "surge_ft": 0.0, "flood_active": false, "exposure_score": 0.0, "exposure_category": "none"}, "geometry": {"type": "Polygon", "coordinates": [[[-80.1369296, 25.7905701], [-80.1369439, 25.7905649], [-80.1369214, 25.7905218], [-80.1369008, 25.7905647], [-80.136916, 25.7905707], [-80.1369296, 25.7905701]]]}}, {"id": "694", "type": "Feature", "properties": {"id": "edfb39c0-0ce2-43cc-b919-e15f6e6af757", "name": null, "subtype": "outbuilding", "class": "roof", "height": null, "num_floors": null, "surge_class": 0, "surge_ft": 0.0, "flood_active": false, "exposure_score": 0.0, "exposure_category": "none"}, "geometry": {"type": "Polygon", "coordinates": [[[-80.1369609, 25.7905676], [-80.136947, 25.7905731], [-80.1369695, 25.790617], [-80.1369907, 25.7905737], [-80.1369753, 25.7905675], [-80.1369609, 25.7905676]]]}}, {"id": "695", "type": "Feature", "properties": {"id": "c3de4b90-742b-4db1-a498-87720619e436", "name": null, "subtype": "outbuilding", "class": "roof", "height": null, "num_floors": null, "surge_class": 0, "surge_ft": 0.0, "flood_active": false, "exposure_score": 0.0, "exposure_category": "none"}, "geometry": {"type": "Polygon", "coordinates": [[[-80.1370227, 25.790567], [-80.137037, 25.7905618], [-80.1370145, 25.7905187], [-80.1369939, 25.7905616], [-80.1370091, 25.7905676], [-80.1370227, 25.790567]]]}}, {"id": "696", "type": "Feature", "properties": {"id": "4ad5d572-50a0-48b4-8e31-c0591fb5fd4f", "name": null, "subtype": "outbuilding", "class": "roof", "height": null, "num_floors": null, "surge_class": 0, "surge_ft": 0.0, "flood_active": false, "exposure_score": 0.0, "exposure_category": "none"}, "geometry": {"type": "Polygon", "coordinates": [[[-80.1371149, 25.790565], [-80.1371292, 25.7905598], [-80.137105, 25.7905173], [-80.1370838, 25.7905605], [-80.1370971, 25.7905656], [-80.1371149, 25.790565]]]}}, {"id": "697", "type": "Feature", "properties": {"id": "f585c5f4-1e0f-4e12-8266-56c725eb8184", "name": null, "subtype": "outbuilding", "class": "roof", "height": null, "num_floors": null, "surge_class": 0, "surge_ft": 0.0, "flood_active": false, "exposure_score": 0.0, "exposure_category": "none"}, "geometry": {"type": "Polygon", "coordinates": [[[-80.137055, 25.7905649], [-80.1370411, 25.7905704], [-80.1370636, 25.7906143], [-80.1370848, 25.790571], [-80.1370694, 25.7905648], [-80.137055, 25.7905649]]]}}, {"id": "698", "type": "Feature", "properties": {"id": "6785cb7c-20ae-47c2-ae7e-2d7299a52155", "name": null, "subtype": null, "class": null, "height": null, "num_floors": 2, "surge_class": 0, "surge_ft": 0.0, "flood_active": false, "exposure_score": 0.0, "exposure_category": "none"}, "geometry": {"type": "Polygon", "coordinates": [[[-80.1371257, 25.7910862], [-80.1375821, 25.7910735], [-80.1375798, 25.7910074], [-80.1375448, 25.7910084], [-80.1375433, 25.7909656], [-80.1375143, 25.7909664], [-80.1375138, 25.7909515], [-80.1371214, 25.7909624], [-80.1371257, 25.7910862]]]}}, {"id": "699", "type": "Feature", "properties": {"id": "136b02b4-6109-4f49-a7a1-bba04e916fe6", "name": null, "subtype": null, "class": null, "height": null, "num_floors": null, "surge_class": 0, "surge_ft": 0.0, "flood_active": false, "exposure_score": 0.0, "exposure_category": "none"}, "geometry": {"type": "Polygon", "coordinates": [[[-80.1371241, 25.7909564], [-80.1375728, 25.7909484], [-80.1375697, 25.7908051], [-80.137121, 25.7908132], [-80.1371241, 25.7909564]]]}}, {"id": "700", "type": "Feature", "properties": {"id": "0414f209-ff9d-40ec-ae5d-e2eca27b6315", "name": null, "subtype": null, "class": null, "height": null, "num_floors": null, "surge_class": 0, "surge_ft": 0.0, "flood_active": false, "exposure_score": 0.0, "exposure_category": "none"}, "geometry": {"type": "Polygon", "coordinates": [[[-80.1371208, 25.7908098], [-80.1375799, 25.7908003], [-80.1375773, 25.7907054], [-80.1375652, 25.7906837], [-80.1375449, 25.7906719], [-80.1371175, 25.7906808], [-80.1371208, 25.7908098]]]}}, {"id": "701", "type": "Feature", "properties": {"id": "02c8b44f-e62c-45fc-b4d1-9554634ad3a7", "name": null, "subtype": null, "class": null, "height": 41.8, "num_floors": null, "surge_class": 0, "surge_ft": 0.0, "flood_active": false, "exposure_score": 0.0, "exposure_category": "none"}, "geometry": {"type": "Polygon", "coordinates": [[[-80.1371424, 25.7917974], [-80.1371457, 25.7919104], [-80.137539, 25.7919041], [-80.1375363, 25.7917881], [-80.1371424, 25.7917974]]]}}, {"id": "702", "type": "Feature", "properties": {"id": "b16cb2ea-ccc2-45d5-9220-5e8dfcd1a4ca", "name": null, "subtype": null, "class": null, "height": 6.9, "num_floors": null, "surge_class": 0, "surge_ft": 0.0, "flood_active": false, "exposure_score": 0.0, "exposure_category": "none"}, "geometry": {"type": "Polygon", "coordinates": [[[-80.1374206, 25.7927517], [-80.1374208, 25.7927797], [-80.1374851, 25.7927794], [-80.1374849, 25.7927447], [-80.1375514, 25.7927444], [-80.137551, 25.7926931], [-80.1374812, 25.7926935], [-80.137481, 25.7926677], [-80.1374218, 25.792668], [-80.1374219, 25.7926922], [-80.1373856, 25.7926924], [-80.1373859, 25.7927519], [-80.1374206, 25.7927517]]]}}, {"id": "703", "type": "Feature", "properties": {"id": "71639e2f-af8e-4cfd-80f1-c4f63bcde3bd", "name": null, "subtype": null, "class": null, "height": 4.4, "num_floors": null, "surge_class": 0, "surge_ft": 0.0, "flood_active": false, "exposure_score": 0.0, "exposure_category": "none"}, "geometry": {"type": "Polygon", "coordinates": [[[-80.137439, 25.7928969], [-80.1374397, 25.7929218], [-80.1375747, 25.7929188], [-80.1375717, 25.7928074], [-80.1374372, 25.7928104], [-80.137438, 25.7928375], [-80.1373649, 25.7928408], [-80.1373665, 25.7928985], [-80.137439, 25.7928969]]]}}, {"id": "704", "type": "Feature", "properties": {"id": "5890fe4e-2366-46ff-8393-d85648a5090d", "name": null, "subtype": null, "class": null, "height": 7.4, "num_floors": null, "surge_class": 0, "surge_ft": 0.0, "flood_active": false, "exposure_score": 0.0, "exposure_category": "none"}, "geometry": {"type": "Polygon", "coordinates": [[[-80.1374813, 25.7930428], [-80.1374815, 25.793055], [-80.1375898, 25.7930537], [-80.1375891, 25.7930061], [-80.1375884, 25.7929586], [-80.1375197, 25.7929594], [-80.1375194, 25.7929404], [-80.137491, 25.7929408], [-80.1374625, 25.7929411], [-80.137463, 25.7929757], [-80.137406, 25.7929764], [-80.1374065, 25.79301], [-80.137407, 25.7930437], [-80.1374813, 25.7930428]]]}}, {"id": "705", "type": "Feature", "properties": {"id": "e8af38fb-4759-4e3c-84ae-13d967764fec", "name": null, "subtype": null, "class": null, "height": 4.3, "num_floors": null, "surge_class": 0, "surge_ft": 0.0, "flood_active": false, "exposure_score": 0.0, "exposure_category": "none"}, "geometry": {"type": "Polygon", "coordinates": [[[-80.1372934, 25.7927443], [-80.1371961, 25.7927458], [-80.1371965, 25.7927689], [-80.137197, 25.792792], [-80.1372942, 25.7927905], [-80.1372938, 25.7927674], [-80.1372934, 25.7927443]]]}}, {"id": "706", "type": "Feature", "properties": {"id": "ee347dc4-391b-49f2-9d88-3aa583f7aba0", "name": "Saxo Apartments", "subtype": "residential", "class": "apartments", "height": 30.5, "num_floors": 8, "surge_class": 0, "surge_ft": 0.0, "flood_active": false, "exposure_score": 0.0, "exposure_category": "none"}, "geometry": {"type": "Polygon", "coordinates": [[[-80.1368035, 25.7929568], [-80.1368069, 25.7931152], [-80.1369033, 25.7931135], [-80.1369029, 25.7930946], [-80.1371754, 25.7930899], [-80.1371729, 25.7929696], [-80.1368966, 25.7929744], [-80.1368962, 25.7929552], [-80.1368035, 25.7929568]]]}}, {"id": "707", "type": "Feature", "properties": {"id": "61b07b76-5940-4b49-93bc-c07fa8e6245b", "name": "Fairview Condominium", "subtype": "residential", "class": "apartments", "height": 17.5, "num_floors": null, "surge_class": 0, "surge_ft": 0.0, "flood_active": false, "exposure_score": 0.0, "exposure_category": "none"}, "geometry": {"type": "Polygon", "coordinates": [[[-80.1371537, 25.7931359], [-80.1368052, 25.7931397], [-80.1368069, 25.7932665], [-80.1371555, 25.7932626], [-80.1371537, 25.7931359]]]}}, {"id": "708", "type": "Feature", "properties": {"id": "377ea189-8657-473c-bd46-921f6f9fd011", "name": null, "subtype": null, "class": null, "height": 22.2, "num_floors": null, "surge_class": 0, "surge_ft": 0.0, "flood_active": false, "exposure_score": 0.0, "exposure_category": "none"}, "geometry": {"type": "Polygon", "coordinates": [[[-80.1371516, 25.7928054], [-80.1367864, 25.7928145], [-80.13679, 25.7929306], [-80.1371551, 25.7929215], [-80.1371516, 25.7928054]]]}}, {"id": "709", "type": "Feature", "properties": {"id": "37f51b9b-4d93-41e8-bbe5-9513b77a535a", "name": null, "subtype": "residential", "class": "apartments", "height": 20.4, "num_floors": 5, "surge_class": 0, "surge_ft": 0.0, "flood_active": false, "exposure_score": 0.0, "exposure_category": "none"}, "geometry": {"type": "Polygon", "coordinates": [[[-80.1367589, 25.7922786], [-80.1367731, 25.7927519], [-80.1371439, 25.7927428], [-80.1371398, 25.7926084], [-80.1369993, 25.7926119], [-80.1369984, 25.7925825], [-80.137142, 25.792579], [-80.1371378, 25.7924367], [-80.136997, 25.7924402], [-80.1369962, 25.7924137], [-80.1371416, 25.7924101], [-80.1371374, 25.7922693], [-80.1367589, 25.7922786]]]}}, {"id": "710", "type": "Feature", "properties": {"id": "687dd440-4bcc-4206-9e58-be5b17d92790", "name": null, "subtype": "commercial", "class": "commercial", "height": 15.1, "num_floors": 9, "surge_class": 1, "surge_ft": 0.5, "flood_active": false, "exposure_score": 0.015, "exposure_category": "low"}, "geometry": {"type": "Polygon", "coordinates": [[[-80.13713, 25.7920705], [-80.1371292, 25.7918703], [-80.1367251, 25.7918716], [-80.1367258, 25.7920717], [-80.13713, 25.7920705]]]}}, {"id": "711", "type": "Feature", "properties": {"id": "ae977d7f-393b-4388-a5a1-8e4a063401ea", "name": null, "subtype": "commercial", "class": "commercial", "height": 15.047085762023926, "num_floors": 4, "surge_class": 0, "surge_ft": 0.0, "flood_active": false, "exposure_score": 0.0, "exposure_category": "none"}, "geometry": {"type": "Polygon", "coordinates": [[[-80.1358045, 25.7924712], [-80.1362084, 25.7924629], [-80.1362052, 25.7923418], [-80.136203, 25.7922852], [-80.1358, 25.7922935], [-80.1358045, 25.7924712]]]}}, {"id": "712", "type": "Feature", "properties": {"id": "1bda6603-ce25-4eab-8dd4-46ce162be877", "name": "Municipal Garage No. 7", "subtype": "transportation", "class": "parking", "height": 14.57119369506836, "num_floors": 5, "surge_class": 0, "surge_ft": 0.0, "flood_active": false, "exposure_score": 0.0, "exposure_category": "none"}, "geometry": {"type": "Polygon", "coordinates": [[[-80.1357951, 25.7927901], [-80.1357963, 25.793268], [-80.136183, 25.7932453], [-80.1363228, 25.7932513], [-80.136392, 25.7932488], [-80.1363919, 25.7932352], [-80.1363919, 25.7932218], [-80.1365075, 25.7932178], [-80.1364885, 25.7926249], [-80.1364498, 25.7926246], [-80.13645, 25.7926067], [-80.1363288, 25.7926259], [-80.1363269, 25.7925775], [-80.1362113, 25.7925797], [-80.1362126, 25.7926134], [-80.1360653, 25.7926083], [-80.1359181, 25.7926232], [-80.1357721, 25.7926105], [-80.1357951, 25.7927901]]]}}, {"id": "713", "type": "Feature", "properties": {"id": "ccaa1a07-de25-4bd1-b911-22c60a820b3b", "name": null, "subtype": null, "class": null, "height": 5.0, "num_floors": null, "surge_class": 1, "surge_ft": 0.5, "flood_active": false, "exposure_score": 0.015, "exposure_category": "low"}, "geometry": {"type": "Polygon", "coordinates": [[[-80.1363796, 25.7936999], [-80.1364391, 25.7936887], [-80.1364173, 25.7935947], [-80.1363578, 25.793606], [-80.1363796, 25.7936999]]]}}, {"id": "714", "type": "Feature", "properties": {"id": "c56ece47-8e28-4785-aa22-1e4726d65d9c", "name": null, "subtype": "residential", "class": "residential", "height": 21.314064025878906, "num_floors": 14, "surge_class": 0, "surge_ft": 0.0, "flood_active": false, "exposure_score": 0.0, "exposure_category": "none"}, "geometry": {"type": "Polygon", "coordinates": [[[-80.1368542, 25.794497], [-80.1371746, 25.794492], [-80.1371721, 25.7943579], [-80.1368517, 25.7943628], [-80.1368542, 25.794497]]]}}, {"id": "715", "type": "Feature", "properties": {"id": "fec9c749-1e42-4442-a9cc-21f808e388dd", "name": "1818 Meridian House", "subtype": null, "class": null, "height": 8.0, "num_floors": null, "surge_class": 0, "surge_ft": 0.0, "flood_active": false, "exposure_score": 0.0, "exposure_category": "none"}, "geometry": {"type": "Polygon", "coordinates": [[[-80.1370759, 25.7940907], [-80.1370781, 25.7941711], [-80.1368419, 25.7941763], [-80.1368451, 25.7942941], [-80.1372085, 25.7942861], [-80.1372, 25.7939718], [-80.1368349, 25.7939799], [-80.136838, 25.7940959], [-80.1370759, 25.7940907]]]}}, {"id": "716", "type": "Feature", "properties": {"id": "1fe93060-66d6-4e49-a932-ceda89db63a9", "name": null, "subtype": null, "class": null, "height": 15.2, "num_floors": null, "surge_class": 0, "surge_ft": 0.0, "flood_active": false, "exposure_score": 0.0, "exposure_category": "none"}, "geometry": {"type": "Polygon", "coordinates": [[[-80.1368145, 25.7932968], [-80.1368249, 25.7936284], [-80.1371941, 25.793619], [-80.1371838, 25.7932874], [-80.1368145, 25.7932968]], [[-80.1369088, 25.7934136], [-80.1370581, 25.7934112], [-80.13706, 25.7935077], [-80.1369107, 25.7935101], [-80.1369088, 25.7934136]]]}}, {"id": "717", "type": "Feature", "properties": {"id": "2aa91331-c09b-44ea-9826-0b86e0cfdf2c", "name": null, "subtype": null, "class": null, "height": 7.8, "num_floors": null, "surge_class": 1, "surge_ft": 0.5, "flood_active": false, "exposure_score": 0.015, "exposure_category": "low"}, "geometry": {"type": "Polygon", "coordinates": [[[-80.1371954, 25.7938253], [-80.1368179, 25.7938344], [-80.1368213, 25.7939496], [-80.1371988, 25.7939404], [-80.1371954, 25.7938253]]]}}, {"id": "718", "type": "Feature", "properties": {"id": "7fe84eb7-4d52-434a-b2e3-300933706610", "name": null, "subtype": null, "class": null, "height": 6.2, "num_floors": null, "surge_class": 0, "surge_ft": 0.0, "flood_active": false, "exposure_score": 0.0, "exposure_category": "none"}, "geometry": {"type": "Polygon", "coordinates": [[[-80.1374607, 25.7935407], [-80.1374619, 25.793586], [-80.1376064, 25.7935829], [-80.1376039, 25.7934871], [-80.1374377, 25.7934907], [-80.1374383, 25.7935159], [-80.137439, 25.7935411], [-80.1374607, 25.7935407]]]}}, {"id": "719", "type": "Feature", "properties": {"id": "ba8ad2e1-0725-4955-8eee-fcf43211109e", "name": null, "subtype": null, "class": null, "height": 7.2, "num_floors": null, "surge_class": 0, "surge_ft": 0.0, "flood_active": false, "exposure_score": 0.0, "exposure_category": "none"}, "geometry": {"type": "Polygon", "coordinates": [[[-80.137506, 25.7933192], [-80.1375105, 25.7934466], [-80.137583, 25.7934445], [-80.137582, 25.793417], [-80.1375652, 25.7934174], [-80.1375617, 25.7933183], [-80.1375713, 25.793318], [-80.1375701, 25.793283], [-80.1374896, 25.7932853], [-80.1374908, 25.7933197], [-80.137506, 25.7933192]]]}}, {"id": "720", "type": "Feature", "properties": {"id": "04b0af46-a2b7-48bd-bf91-f764a31b99a8", "name": null, "subtype": null, "class": null, "height": 5.9, "num_floors": null, "surge_class": 0, "surge_ft": 0.0, "flood_active": false, "exposure_score": 0.0, "exposure_category": "none"}, "geometry": {"type": "Polygon", "coordinates": [[[-80.1376457, 25.7932649], [-80.1375888, 25.7932686], [-80.1375928, 25.7933205], [-80.1376497, 25.7933169], [-80.1376457, 25.7932649]]]}}, {"id": "721", "type": "Feature", "properties": {"id": "08f2080f-d4d4-4c6c-a733-bd3f28f94e4b", "name": null, "subtype": null, "class": null, "height": 12.2, "num_floors": null, "surge_class": 0, "surge_ft": 0.0, "flood_active": false, "exposure_score": 0.0, "exposure_category": "none"}, "geometry": {"type": "Polygon", "coordinates": [[[-80.1373833, 25.7940623], [-80.1373804, 25.793967], [-80.1374823, 25.7939645], [-80.1374852, 25.7940606], [-80.1376187, 25.7940573], [-80.1376125, 25.7938486], [-80.1372353, 25.7938577], [-80.1372415, 25.7940657], [-80.1373833, 25.7940623]]]}}, {"id": "722", "type": "Feature", "properties": {"id": "cd25f4b9-ba6e-4c23-9e3b-c776d2f0e978", "name": null, "subtype": "outbuilding", "class": "roof", "height": 3.278341054916382, "num_floors": null, "surge_class": 0, "surge_ft": 0.0, "flood_active": false, "exposure_score": 0.0, "exposure_category": "none"}, "geometry": {"type": "Polygon", "coordinates": [[[-80.1374861, 25.7940721], [-80.1373905, 25.7940754], [-80.1373932, 25.7941395], [-80.1374888, 25.7941361], [-80.1374861, 25.7940721]]]}}, {"id": "723", "type": "Feature", "properties": {"id": "ef83f6d1-fb16-4a26-bc71-3aefd2e27b3b", "name": null, "subtype": null, "class": null, "height": 3.1, "num_floors": null, "surge_class": 0, "surge_ft": 0.0, "flood_active": false, "exposure_score": 0.0, "exposure_category": "none"}, "geometry": {"type": "Polygon", "coordinates": [[[-80.1372614, 25.7942704], [-80.1372659, 25.7943512], [-80.1373831, 25.7943459], [-80.1373801, 25.7942929], [-80.1373238, 25.7942954], [-80.1373222, 25.7942676], [-80.1372614, 25.7942704]]]}}, {"id": "724", "type": "Feature", "properties": {"id": "1d7a044c-5cd9-4254-9a6c-039591831e7c", "name": null, "subtype": null, "class": null, "height": 9.5, "num_floors": null, "surge_class": 0, "surge_ft": 0.0, "flood_active": false, "exposure_score": 0.0, "exposure_category": "none"}, "geometry": {"type": "Polygon", "coordinates": [[[-80.1374544, 25.7945779], [-80.1374545, 25.7945972], [-80.1376063, 25.7945969], [-80.1376061, 25.7945054], [-80.1373589, 25.7945058], [-80.1372693, 25.794506], [-80.1372695, 25.7945881], [-80.1373673, 25.7945879], [-80.1373673, 25.794578], [-80.1374544, 25.7945779]]]}}, {"id": "725", "type": "Feature", "properties": {"id": "42f89e2d-418d-4a8a-8883-706e76624835", "name": null, "subtype": null, "class": null, "height": 7.8, "num_floors": null, "surge_class": 0, "surge_ft": 0.0, "flood_active": false, "exposure_score": 0.0, "exposure_category": "none"}, "geometry": {"type": "Polygon", "coordinates": [[[-80.1375203, 25.7943281], [-80.1375205, 25.7943344], [-80.1375562, 25.7943332], [-80.1375918, 25.794332], [-80.13759, 25.7942889], [-80.1376168, 25.794288], [-80.1376156, 25.7942593], [-80.1376144, 25.7942307], [-80.1374165, 25.7942366], [-80.1374173, 25.7942566], [-80.1374182, 25.7942767], [-80.137497, 25.794274], [-80.1374992, 25.7943288], [-80.1375203, 25.7943281]]]}}, {"id": "726", "type": "Feature", "properties": {"id": "5adeeb21-3cc3-4dca-a46d-b104e0e93c29", "name": null, "subtype": null, "class": null, "height": 7.8, "num_floors": null, "surge_class": 0, "surge_ft": 0.0, "flood_active": false, "exposure_score": 0.0, "exposure_category": "none"}, "geometry": {"type": "Polygon", "coordinates": [[[-80.1379681, 25.7939567], [-80.1379722, 25.7940583], [-80.1381594, 25.7940521], [-80.138158, 25.7940174], [-80.1381326, 25.7940183], [-80.1381307, 25.7939709], [-80.1381062, 25.7939717], [-80.1381055, 25.7939522], [-80.1379681, 25.7939567]]]}}, {"id": "727", "type": "Feature", "properties": {"id": "9a41af9b-d451-4291-b30b-227ec2f590a0", "name": null, "subtype": null, "class": null, "height": 5.8, "num_floors": null, "surge_class": 0, "surge_ft": 0.0, "flood_active": false, "exposure_score": 0.0, "exposure_category": "none"}, "geometry": {"type": "Polygon", "coordinates": [[[-80.1379833, 25.7941603], [-80.1379842, 25.7942015], [-80.1381067, 25.7941995], [-80.1381061, 25.7941707], [-80.138139, 25.7941702], [-80.1381378, 25.7941116], [-80.1381049, 25.7941121], [-80.1381043, 25.7940813], [-80.1379741, 25.7940834], [-80.1379748, 25.7941194], [-80.137964, 25.7941196], [-80.1379648, 25.7941606], [-80.1379833, 25.7941603]]]}}, {"id": "728", "type": "Feature", "properties": {"id": "c7c59152-1bc8-4b61-9ff6-ab6b167c88ac", "name": null, "subtype": null, "class": null, "height": 7.1, "num_floors": null, "surge_class": 0, "surge_ft": 0.0, "flood_active": false, "exposure_score": 0.0, "exposure_category": "none"}, "geometry": {"type": "Polygon", "coordinates": [[[-80.1379768, 25.7942209], [-80.1379778, 25.7942697], [-80.1379677, 25.7942699], [-80.1379691, 25.7943409], [-80.1381055, 25.7943387], [-80.1381046, 25.794292], [-80.138154, 25.7942912], [-80.1381528, 25.7942308], [-80.1380556, 25.7942324], [-80.1380554, 25.7942196], [-80.1379768, 25.7942209]]]}}, {"id": "729", "type": "Feature", "properties": {"id": "94e54469-2339-41cb-ae22-b6c9f63e33e7", "name": null, "subtype": null, "class": null, "height": 5.4, "num_floors": null, "surge_class": 0, "surge_ft": 0.0, "flood_active": false, "exposure_score": 0.0, "exposure_category": "none"}, "geometry": {"type": "Polygon", "coordinates": [[[-80.1381529, 25.7943743], [-80.1379919, 25.7943773], [-80.1379941, 25.7944711], [-80.1381551, 25.794468], [-80.1381529, 25.7943743]]]}}, {"id": "730", "type": "Feature", "properties": {"id": "a0453c85-af05-4df3-bffd-676c40903e4c", "name": null, "subtype": null, "class": null, "height": 3.2, "num_floors": null, "surge_class": 0, "surge_ft": 0.0, "flood_active": false, "exposure_score": 0.0, "exposure_category": "none"}, "geometry": {"type": "Polygon", "coordinates": [[[-80.1383248, 25.7943543], [-80.1382658, 25.7943563], [-80.1382686, 25.7944228], [-80.1383275, 25.7944208], [-80.1383248, 25.7943543]]]}}, {"id": "731", "type": "Feature", "properties": {"id": "ee9d41d6-0aed-46cb-b467-9afed56c0daa", "name": null, "subtype": null, "class": null, "height": 8.0, "num_floors": null, "surge_class": 0, "surge_ft": 0.0, "flood_active": false, "exposure_score": 0.0, "exposure_category": "none"}, "geometry": {"type": "Polygon", "coordinates": [[[-80.1384051, 25.7944154], [-80.1384112, 25.7945357], [-80.1386387, 25.7945263], [-80.1386344, 25.7944407], [-80.1386342, 25.7944362], [-80.1384829, 25.7944425], [-80.1384784, 25.7943538], [-80.1383758, 25.794358], [-80.1383704, 25.7943582], [-80.1383734, 25.7944167], [-80.1384051, 25.7944154]]]}}, {"id": "732", "type": "Feature", "properties": {"id": "f2f369a8-aae4-4a1e-8541-b13ea4b2e8a2", "name": null, "subtype": null, "class": null, "height": null, "num_floors": null, "surge_class": 0, "surge_ft": 0.0, "flood_active": false, "exposure_score": 0.0, "exposure_category": "none"}, "geometry": {"type": "Polygon", "coordinates": [[[-80.1383754, 25.7942122], [-80.138376, 25.7943306], [-80.1384872, 25.7943301], [-80.1384865, 25.7942117], [-80.1383754, 25.7942122]]]}}, {"id": "733", "type": "Feature", "properties": {"id": "50f6191c-232b-490f-81db-cb6d6fc69b24", "name": null, "subtype": null, "class": null, "height": 5.3, "num_floors": null, "surge_class": 0, "surge_ft": 0.0, "flood_active": false, "exposure_score": 0.0, "exposure_category": "none"}, "geometry": {"type": "Polygon", "coordinates": [[[-80.1384463, 25.7941356], [-80.1384476, 25.7941882], [-80.138698, 25.7941835], [-80.1386971, 25.7941445], [-80.1386483, 25.7941454], [-80.1386475, 25.7941116], [-80.1386852, 25.7941109], [-80.1386841, 25.7940652], [-80.138555, 25.7940677], [-80.1385552, 25.7940782], [-80.1384832, 25.7940795], [-80.1384845, 25.7941348], [-80.1384463, 25.7941356]]]}}, {"id": "734", "type": "Feature", "properties": {"id": "1a85e99b-de17-47ea-995c-99ae8963ebf8", "name": null, "subtype": null, "class": null, "height": 3.3, "num_floors": null, "surge_class": 0, "surge_ft": 0.0, "flood_active": false, "exposure_score": 0.0, "exposure_category": "none"}, "geometry": {"type": "Polygon", "coordinates": [[[-80.1383227, 25.7939419], [-80.138226, 25.7939442], [-80.1382269, 25.7939757], [-80.1383236, 25.7939734], [-80.1383227, 25.7939419]]]}}, {"id": "735", "type": "Feature", "properties": {"id": "502d3eb7-4362-4b7a-8bfc-d1c4d67302b8", "name": null, "subtype": null, "class": null, "height": 4.5, "num_floors": null, "surge_class": 0, "surge_ft": 0.0, "flood_active": false, "exposure_score": 0.0, "exposure_category": "none"}, "geometry": {"type": "Polygon", "coordinates": [[[-80.1383244, 25.7937974], [-80.1382042, 25.7937993], [-80.1382056, 25.7938662], [-80.1382712, 25.7938651], [-80.1382708, 25.7938451], [-80.1383253, 25.7938442], [-80.1383248, 25.7938208], [-80.1383244, 25.7937974]]]}}, {"id": "736", "type": "Feature", "properties": {"id": "45587074-8ecf-4224-b22d-8ab94a20785b", "name": null, "subtype": null, "class": null, "height": 22.0, "num_floors": null, "surge_class": 0, "surge_ft": 0.0, "flood_active": false, "exposure_score": 0.0, "exposure_category": "none"}, "geometry": {"type": "Polygon", "coordinates": [[[-80.1383475, 25.7933527], [-80.1383567, 25.7935661], [-80.1387245, 25.7935531], [-80.1387154, 25.793343], [-80.1385835, 25.7933476], [-80.1385868, 25.7934246], [-80.1384874, 25.7934281], [-80.1384839, 25.7933479], [-80.1383475, 25.7933527]]]}}, {"id": "737", "type": "Feature", "properties": {"id": "b0dbaf1a-3bbe-46bc-863a-bbae48052729", "name": null, "subtype": null, "class": null, "height": 5.1, "num_floors": null, "surge_class": 0, "surge_ft": 0.0, "flood_active": false, "exposure_score": 0.0, "exposure_category": "none"}, "geometry": {"type": "Polygon", "coordinates": [[[-80.1380748, 25.7932214], [-80.1379387, 25.7932273], [-80.1379434, 25.7933158], [-80.1380795, 25.7933099], [-80.1380748, 25.7932214]]]}}, {"id": "738", "type": "Feature", "properties": {"id": "4be45711-a71b-4940-9481-32d8e1279f2d", "name": null, "subtype": null, "class": null, "height": 6.9, "num_floors": null, "surge_class": 0, "surge_ft": 0.0, "flood_active": false, "exposure_score": 0.0, "exposure_category": "none"}, "geometry": {"type": "Polygon", "coordinates": [[[-80.1379854, 25.7934224], [-80.1379867, 25.7934592], [-80.138034, 25.7934579], [-80.1380327, 25.7934211], [-80.1380599, 25.7934203], [-80.1380594, 25.7934068], [-80.1380905, 25.7934059], [-80.1380889, 25.7933599], [-80.1380636, 25.7933606], [-80.1380632, 25.7933497], [-80.1379728, 25.7933523], [-80.1379752, 25.7934227], [-80.1379854, 25.7934224]]]}}, {"id": "739", "type": "Feature", "properties": {"id": "378a29f0-9c54-42f4-8931-a065ec899d71", "name": null, "subtype": null, "class": null, "height": 5.3, "num_floors": null, "surge_class": 0, "surge_ft": 0.0, "flood_active": false, "exposure_score": 0.0, "exposure_category": "none"}, "geometry": {"type": "Polygon", "coordinates": [[[-80.1380192, 25.7935798], [-80.1380193, 25.7935882], [-80.1380842, 25.7935872], [-80.1380838, 25.7935666], [-80.1381783, 25.7935651], [-80.1381779, 25.7935462], [-80.1382237, 25.7935455], [-80.1382244, 25.7935819], [-80.1383003, 25.7935808], [-80.1382984, 25.7934827], [-80.1379418, 25.7934881], [-80.1379429, 25.7935478], [-80.1379536, 25.7935477], [-80.1379542, 25.7935807], [-80.1380192, 25.7935798]]]}}, {"id": "740", "type": "Feature", "properties": {"id": "e4aa3877-f945-41d8-9f59-422282d23325", "name": null, "subtype": null, "class": null, "height": 8.2, "num_floors": null, "surge_class": 0, "surge_ft": 0.0, "flood_active": false, "exposure_score": 0.0, "exposure_category": "none"}, "geometry": {"type": "Polygon", "coordinates": [[[-80.138037, 25.7938963], [-80.1380376, 25.7939255], [-80.1381456, 25.7939237], [-80.1381435, 25.7938227], [-80.1381145, 25.7938232], [-80.1381142, 25.7938042], [-80.1380352, 25.7938054], [-80.1380361, 25.7938509], [-80.137962, 25.7938521], [-80.1379629, 25.7938975], [-80.138037, 25.7938963]]]}}, {"id": "741", "type": "Feature", "properties": {"id": "fa586563-23f0-41a1-97e1-164984cd507f", "name": null, "subtype": null, "class": null, "height": 10.7, "num_floors": null, "surge_class": 0, "surge_ft": 0.0, "flood_active": false, "exposure_score": 0.0, "exposure_category": "none"}, "geometry": {"type": "Polygon", "coordinates": [[[-80.1383013, 25.7930505], [-80.1379475, 25.7930555], [-80.1379495, 25.7931747], [-80.1383034, 25.7931697], [-80.1383013, 25.7930505]]]}}, {"id": "742", "type": "Feature", "properties": {"id": "0ec9bb6d-7f2a-4cd0-83aa-ab65ccc61982", "name": null, "subtype": null, "class": null, "height": 11.3, "num_floors": null, "surge_class": 0, "surge_ft": 0.0, "flood_active": false, "exposure_score": 0.0, "exposure_category": "none"}, "geometry": {"type": "Polygon", "coordinates": [[[-80.1379202, 25.792954], [-80.1379206, 25.7930301], [-80.1382901, 25.7930205], [-80.1382865, 25.7928425], [-80.1382849, 25.7928144], [-80.1381556, 25.7928225], [-80.1381563, 25.7928427], [-80.1381563, 25.792906], [-80.1380443, 25.7929086], [-80.1380467, 25.7928428], [-80.138045, 25.7928214], [-80.1379201, 25.7928231], [-80.13792, 25.792843], [-80.1379207, 25.7928572], [-80.1379015, 25.7928571], [-80.1379054, 25.7929458], [-80.1379202, 25.792954]]]}}, {"id": "743", "type": "Feature", "properties": {"id": "ca52fa91-1eb4-4d32-8d08-8f001910214c", "name": null, "subtype": null, "class": null, "height": 6.6, "num_floors": null, "surge_class": 0, "surge_ft": 0.0, "flood_active": false, "exposure_score": 0.0, "exposure_category": "none"}, "geometry": {"type": "Polygon", "coordinates": [[[-80.1379828, 25.7927382], [-80.1380448, 25.7927371], [-80.1380429, 25.7926547], [-80.1379293, 25.7926568], [-80.1379311, 25.7927325], [-80.1379318, 25.7927664], [-80.1379834, 25.7927655], [-80.1379828, 25.7927382]]]}}, {"id": "744", "type": "Feature", "properties": {"id": "abe3398f-cc13-4b5e-aa4e-730c673bbfc0", "name": null, "subtype": null, "class": null, "height": 7.0, "num_floors": null, "surge_class": 0, "surge_ft": 0.0, "flood_active": false, "exposure_score": 0.0, "exposure_category": "none"}, "geometry": {"type": "Polygon", "coordinates": [[[-80.137966, 25.7925158], [-80.1379664, 25.7925765], [-80.1379455, 25.7925766], [-80.1379458, 25.7926269], [-80.1380465, 25.7926264], [-80.1380459, 25.7925399], [-80.1380089, 25.7925401], [-80.1380088, 25.7925155], [-80.137966, 25.7925158]]]}}, {"id": "745", "type": "Feature", "properties": {"id": "0bbd8c3d-223c-44a7-90c0-0a2fece7d872", "name": null, "subtype": null, "class": null, "height": 6.9, "num_floors": null, "surge_class": 0, "surge_ft": 0.0, "flood_active": false, "exposure_score": 0.0, "exposure_category": "none"}, "geometry": {"type": "Polygon", "coordinates": [[[-80.1379078, 25.7922883], [-80.1379104, 25.7923551], [-80.1380713, 25.7923499], [-80.1380696, 25.7923083], [-80.1380227, 25.7923098], [-80.1380198, 25.7922374], [-80.1379357, 25.7922401], [-80.1379376, 25.7922873], [-80.1379078, 25.7922883]]]}}, {"id": "746", "type": "Feature", "properties": {"id": "b0f721ce-f82d-441f-b695-d5d09554072c", "name": null, "subtype": null, "class": null, "height": 6.7, "num_floors": null, "surge_class": 0, "surge_ft": 0.0, "flood_active": false, "exposure_score": 0.0, "exposure_category": "none"}, "geometry": {"type": "Polygon", "coordinates": [[[-80.1379436, 25.7923814], [-80.1379479, 25.7924727], [-80.1381431, 25.7924651], [-80.1381398, 25.7923931], [-80.1380583, 25.7923962], [-80.1380574, 25.792377], [-80.1379436, 25.7923814]]]}}, {"id": "747", "type": "Feature", "properties": {"id": "3caccc21-e9a9-406e-b498-64b5a29aaa91", "name": null, "subtype": null, "class": null, "height": 3.5, "num_floors": null, "surge_class": 0, "surge_ft": 0.0, "flood_active": false, "exposure_score": 0.0, "exposure_category": "none"}, "geometry": {"type": "Polygon", "coordinates": [[[-80.1382698, 25.7924041], [-80.1381531, 25.7924062], [-80.1381549, 25.7924858], [-80.1382716, 25.7924836], [-80.1382698, 25.7924041]]]}}, {"id": "748", "type": "Feature", "properties": {"id": "73abe8af-2d5a-4263-9e75-b83a93c5f04b", "name": null, "subtype": null, "class": null, "height": 6.2, "num_floors": null, "surge_class": 0, "surge_ft": 0.0, "flood_active": false, "exposure_score": 0.0, "exposure_category": "none"}, "geometry": {"type": "Polygon", "coordinates": [[[-80.1382041, 25.7923468], [-80.1382667, 25.7923453], [-80.1382643, 25.7922637], [-80.1382017, 25.7922651], [-80.1382041, 25.7923468]]]}}, {"id": "749", "type": "Feature", "properties": {"id": "fef6beac-67b9-45d6-b852-273679169729", "name": null, "subtype": null, "class": null, "height": 7.5, "num_floors": null, "surge_class": 0, "surge_ft": 0.0, "flood_active": false, "exposure_score": 0.0, "exposure_category": "none"}, "geometry": {"type": "Polygon", "coordinates": [[[-80.1384703, 25.7922863], [-80.1384729, 25.7923455], [-80.1386801, 25.7923378], [-80.1386782, 25.7922955], [-80.1386202, 25.7922977], [-80.1386193, 25.7922773], [-80.1385842, 25.7922786], [-80.138583, 25.7922523], [-80.1384993, 25.7922554], [-80.1385006, 25.7922852], [-80.1384703, 25.7922863]]]}}, {"id": "750", "type": "Feature", "properties": {"id": "fa222fe1-ee93-40e8-a2be-25d07efd33d3", "name": null, "subtype": null, "class": null, "height": 4.958139419555664, "num_floors": null, "surge_class": 0, "surge_ft": 0.0, "flood_active": false, "exposure_score": 0.0, "exposure_category": "none"}, "geometry": {"type": "Polygon", "coordinates": [[[-80.1384254, 25.7925173], [-80.1384282, 25.7924426], [-80.1384094, 25.792442], [-80.1384066, 25.7925168], [-80.1384254, 25.7925173]]]}}, {"id": "751", "type": "Feature", "properties": {"id": "ab2f5590-6771-4851-886a-a63faf4fe984", "name": null, "subtype": null, "class": null, "height": 5.4, "num_floors": null, "surge_class": 0, "surge_ft": 0.0, "flood_active": false, "exposure_score": 0.0, "exposure_category": "none"}, "geometry": {"type": "Polygon", "coordinates": [[[-80.138428, 25.7924286], [-80.1384316, 25.7925514], [-80.1386825, 25.7925454], [-80.1386812, 25.7925027], [-80.1385889, 25.7925049], [-80.1385865, 25.7924247], [-80.138428, 25.7924286]]]}}, {"id": "752", "type": "Feature", "properties": {"id": "1f011188-1e7a-4d49-b6f5-75ec99fe7737", "name": null, "subtype": null, "class": null, "height": 5.1, "num_floors": null, "surge_class": 0, "surge_ft": 0.0, "flood_active": false, "exposure_score": 0.0, "exposure_category": "none"}, "geometry": {"type": "Polygon", "coordinates": [[[-80.138505, 25.7926852], [-80.1385057, 25.7927112], [-80.1384872, 25.7927117], [-80.1384886, 25.7927575], [-80.1386644, 25.7927532], [-80.1386636, 25.7927241], [-80.1386722, 25.7927239], [-80.1386705, 25.792686], [-80.1386607, 25.7926724], [-80.1386437, 25.7926673], [-80.1386426, 25.7926321], [-80.1384846, 25.7926359], [-80.138486, 25.7926857], [-80.138505, 25.7926852]]]}}, {"id": "753", "type": "Feature", "properties": {"id": "921339c3-cd12-4b5c-9e75-191086f37c3c", "name": null, "subtype": null, "class": null, "height": 5.3, "num_floors": null, "surge_class": 0, "surge_ft": 0.0, "flood_active": false, "exposure_score": 0.0, "exposure_category": "none"}, "geometry": {"type": "Polygon", "coordinates": [[[-80.1386894, 25.7927737], [-80.1385068, 25.7927781], [-80.1385101, 25.7928898], [-80.1386927, 25.7928853], [-80.1386894, 25.7927737]]]}}, {"id": "754", "type": "Feature", "properties": {"id": "e876a879-5aa0-4274-8801-1d8832b4ceb5", "name": null, "subtype": null, "class": null, "height": 6.8, "num_floors": null, "surge_class": 0, "surge_ft": 0.0, "flood_active": false, "exposure_score": 0.0, "exposure_category": "none"}, "geometry": {"type": "Polygon", "coordinates": [[[-80.1381235, 25.7926222], [-80.1381897, 25.7926214], [-80.1381889, 25.7925707], [-80.1381227, 25.7925715], [-80.1381235, 25.7926222]]]}}, {"id": "755", "type": "Feature", "properties": {"id": "a6abf0e2-1406-49ac-96a6-d77e7a5789a4", "name": null, "subtype": null, "class": null, "height": 3.3, "num_floors": null, "surge_class": 0, "surge_ft": 0.0, "flood_active": false, "exposure_score": 0.0, "exposure_category": "none"}, "geometry": {"type": "Polygon", "coordinates": [[[-80.1382051, 25.792754], [-80.1382704, 25.7927544], [-80.1382713, 25.7926534], [-80.138206, 25.792653], [-80.1382051, 25.792754]]]}}, {"id": "756", "type": "Feature", "properties": {"id": "fac317d6-ee5c-4835-9c64-dec5421446f1", "name": null, "subtype": null, "class": null, "height": 5.784164905548096, "num_floors": null, "surge_class": 0, "surge_ft": 0.0, "flood_active": false, "exposure_score": 0.0, "exposure_category": "none"}, "geometry": {"type": "Polygon", "coordinates": [[[-80.1383578, 25.7930126], [-80.1387034, 25.7930066], [-80.1387015, 25.7929205], [-80.1383559, 25.7929265], [-80.1383578, 25.7930126]]]}}, {"id": "757", "type": "Feature", "properties": {"id": "22954af4-4605-4462-ba61-762c000ce567", "name": null, "subtype": null, "class": null, "height": 5.9, "num_floors": null, "surge_class": 0, "surge_ft": 0.0, "flood_active": false, "exposure_score": 0.0, "exposure_category": "none"}, "geometry": {"type": "Polygon", "coordinates": [[[-80.1383711, 25.7931746], [-80.1387046, 25.7931647], [-80.1387004, 25.7930495], [-80.1383669, 25.7930594], [-80.1383711, 25.7931746]]]}}, {"id": "758", "type": "Feature", "properties": {"id": "ae14f67a-8218-4abb-b447-cb0eeb9dbd5f", "name": null, "subtype": null, "class": null, "height": 3.684418201446533, "num_floors": null, "surge_class": 0, "surge_ft": 0.0, "flood_active": false, "exposure_score": 0.0, "exposure_category": "none"}, "geometry": {"type": "Polygon", "coordinates": [[[-80.138693, 25.7925076], [-80.1386928, 25.7925366], [-80.1387511, 25.792537], [-80.1387514, 25.792508], [-80.138693, 25.7925076]]]}}, {"id": "759", "type": "Feature", "properties": {"id": "b59004d7-0881-431e-b282-a1af264e9dee", "name": null, "subtype": null, "class": null, "height": 17.0, "num_floors": null, "surge_class": 0, "surge_ft": 0.0, "flood_active": false, "exposure_score": 0.0, "exposure_category": "none"}, "geometry": {"type": "Polygon", "coordinates": [[[-80.1390704, 25.7923407], [-80.1390717, 25.7923797], [-80.1390491, 25.7923803], [-80.1390504, 25.792422], [-80.1390708, 25.7924215], [-80.1390719, 25.792454], [-80.1390949, 25.7924534], [-80.1390951, 25.7924595], [-80.1391222, 25.7924588], [-80.139122, 25.7924517], [-80.1391433, 25.7924511], [-80.1391425, 25.7924269], [-80.1392216, 25.7924248], [-80.1392189, 25.7923438], [-80.1391579, 25.7923455], [-80.1391575, 25.792334], [-80.1391194, 25.792335], [-80.1391196, 25.7923393], [-80.1390704, 25.7923407]]]}}, {"id": "760", "type": "Feature", "properties": {"id": "464cd001-402d-48f7-a35f-ec0f6ec77b8a", "name": null, "subtype": null, "class": null, "height": 18.7, "num_floors": 3, "surge_class": 0, "surge_ft": 0.0, "flood_active": false, "exposure_score": 0.0, "exposure_category": "none"}, "geometry": {"type": "Polygon", "coordinates": [[[-80.1394203, 25.7918685], [-80.1389482, 25.7918745], [-80.1389824, 25.7920043], [-80.139425, 25.7919959], [-80.1394203, 25.7918685]]]}}, {"id": "761", "type": "Feature", "properties": {"id": "04e68525-da37-48f5-82d1-0d8062b7f49c", "name": "Cuban Hebrew Congregation of Miami", "subtype": "religious", "class": null, "height": 17.0, "num_floors": null, "surge_class": 0, "surge_ft": 0.0, "flood_active": false, "exposure_score": 0.0, "exposure_category": "none"}, "geometry": {"type": "Polygon", "coordinates": [[[-80.139028, 25.7923164], [-80.139285, 25.7923114], [-80.1392849, 25.7923073], [-80.1393195, 25.7923067], [-80.139319, 25.7922796], [-80.1394882, 25.7922767], [-80.1394903, 25.792379], [-80.1398083, 25.7923737], [-80.1398083, 25.7923714], [-80.1398639, 25.7923704], [-80.1398625, 25.7923094], [-80.1398795, 25.7923091], [-80.1398779, 25.7922409], [-80.1398603, 25.7922412], [-80.1398593, 25.7921975], [-80.1394413, 25.7922053], [-80.1394412, 25.7921988], [-80.1392126, 25.7922031], [-80.1392124, 25.7921949], [-80.1391772, 25.7921956], [-80.1391774, 25.7922044], [-80.139025, 25.7922073], [-80.1390262, 25.7922578], [-80.1390174, 25.792258], [-80.1390179, 25.79228], [-80.1390271, 25.7922798], [-80.139028, 25.7923164]]]}}, {"id": "762", "type": "Feature", "properties": {"id": "3f9f0f0c-7c2d-49d9-b50f-cd6b25cb4e09", "name": null, "subtype": null, "class": null, "height": 4.4, "num_floors": null, "surge_class": 0, "surge_ft": 0.0, "flood_active": false, "exposure_score": 0.0, "exposure_category": "none"}, "geometry": {"type": "Polygon", "coordinates": [[[-80.139391, 25.7923905], [-80.1393067, 25.7923962], [-80.1393119, 25.7924597], [-80.1393962, 25.792454], [-80.139391, 25.7923905]]]}}, {"id": "763", "type": "Feature", "properties": {"id": "c1a64721-229c-4e1d-b929-89518ae154af", "name": null, "subtype": null, "class": null, "height": 6.1, "num_floors": null, "surge_class": 0, "surge_ft": 0.0, "flood_active": false, "exposure_score": 0.0, "exposure_category": "none"}, "geometry": {"type": "Polygon", "coordinates": [[[-80.1390919, 25.7930605], [-80.1390925, 25.7930908], [-80.1391656, 25.7930896], [-80.139165, 25.7930586], [-80.1391925, 25.7930581], [-80.1391927, 25.793068], [-80.139269, 25.7930668], [-80.1392678, 25.7930028], [-80.1391948, 25.793004], [-80.1391937, 25.7929513], [-80.1391697, 25.7929517], [-80.139169, 25.7929188], [-80.1390548, 25.7929206], [-80.1390576, 25.7930611], [-80.1390919, 25.7930605]]]}}, {"id": "764", "type": "Feature", "properties": {"id": "bcf8f991-3c7f-4e3c-8df5-3f9941f4f3c4", "name": null, "subtype": null, "class": null, "height": 7.0, "num_floors": null, "surge_class": 0, "surge_ft": 0.0, "flood_active": false, "exposure_score": 0.0, "exposure_category": "none"}, "geometry": {"type": "Polygon", "coordinates": [[[-80.1393743, 25.7930252], [-80.1392881, 25.7930282], [-80.1392937, 25.7931584], [-80.1393799, 25.7931554], [-80.1393743, 25.7930252]]]}}, {"id": "765", "type": "Feature", "properties": {"id": "11cf3a8e-0c14-492e-9972-3534a84d46c1", "name": null, "subtype": null, "class": null, "height": 4.2, "num_floors": null, "surge_class": 0, "surge_ft": 0.0, "flood_active": false, "exposure_score": 0.0, "exposure_category": "none"}, "geometry": {"type": "Polygon", "coordinates": [[[-80.1394693, 25.7933141], [-80.1394508, 25.7933143], [-80.1394324, 25.7933146], [-80.1394327, 25.7933327], [-80.1394054, 25.793333], [-80.1394066, 25.7934179], [-80.1394387, 25.7934176], [-80.1394708, 25.7934172], [-80.1394693, 25.7933141]]]}}, {"id": "766", "type": "Feature", "properties": {"id": "92b05713-204b-46f2-8c60-2a49bff001be", "name": null, "subtype": null, "class": null, "height": 4.0, "num_floors": null, "surge_class": 0, "surge_ft": 0.0, "flood_active": false, "exposure_score": 0.0, "exposure_category": "none"}, "geometry": {"type": "Polygon", "coordinates": [[[-80.139439, 25.7934591], [-80.139338, 25.7934611], [-80.1393396, 25.793529], [-80.1394406, 25.793527], [-80.1394398, 25.7934931], [-80.139439, 25.7934591]]]}}, {"id": "767", "type": "Feature", "properties": {"id": "0a4b5d20-6dce-4b55-b72b-36dd80783bc1", "name": null, "subtype": null, "class": null, "height": 7.0, "num_floors": null, "surge_class": 0, "surge_ft": 0.0, "flood_active": false, "exposure_score": 0.0, "exposure_category": "none"}, "geometry": {"type": "Polygon", "coordinates": [[[-80.1390901, 25.7935165], [-80.139091, 25.7935517], [-80.1392579, 25.7935485], [-80.1392575, 25.7935274], [-80.1392703, 25.7935271], [-80.1392688, 25.7934642], [-80.1390736, 25.793468], [-80.1390747, 25.7935168], [-80.1390901, 25.7935165]]]}}, {"id": "768", "type": "Feature", "properties": {"id": "4f38bcee-8e6f-46ab-947e-0661458baee4", "name": null, "subtype": null, "class": null, "height": 4.6, "num_floors": null, "surge_class": 0, "surge_ft": 0.0, "flood_active": false, "exposure_score": 0.0, "exposure_category": "none"}, "geometry": {"type": "Polygon", "coordinates": [[[-80.1390737, 25.7932162], [-80.1390751, 25.7932892], [-80.1392393, 25.7932863], [-80.1392383, 25.7932346], [-80.1391924, 25.7932354], [-80.1391913, 25.793177], [-80.1390837, 25.7931788], [-80.1390844, 25.793216], [-80.1390737, 25.7932162]]]}}, {"id": "769", "type": "Feature", "properties": {"id": "2f8bf213-bd4a-4ccd-ba5b-0c0312ac15b8", "name": null, "subtype": null, "class": null, "height": 7.3, "num_floors": null, "surge_class": 0, "surge_ft": 0.0, "flood_active": false, "exposure_score": 0.0, "exposure_category": "none"}, "geometry": {"type": "Polygon", "coordinates": [[[-80.1392034, 25.7933114], [-80.1390685, 25.7933154], [-80.1390723, 25.7934205], [-80.1392072, 25.7934165], [-80.1392034, 25.7933114]]]}}, {"id": "770", "type": "Feature", "properties": {"id": "18656843-b194-4044-ab97-868a72fa3904", "name": null, "subtype": null, "class": null, "height": 9.0, "num_floors": null, "surge_class": 0, "surge_ft": 0.0, "flood_active": false, "exposure_score": 0.0, "exposure_category": "none"}, "geometry": {"type": "Polygon", "coordinates": [[[-80.1385726, 25.7938623], [-80.1385728, 25.7938975], [-80.1387304, 25.7938967], [-80.1387301, 25.7938291], [-80.13869, 25.7938292], [-80.1386899, 25.7938117], [-80.1385207, 25.7938124], [-80.138521, 25.7938626], [-80.1385726, 25.7938623]]]}}, {"id": "771", "type": "Feature", "properties": {"id": "3e1f840b-9ff4-4f63-848a-34422cfa6c5b", "name": null, "subtype": null, "class": null, "height": 8.4, "num_floors": null, "surge_class": 0, "surge_ft": 0.0, "flood_active": false, "exposure_score": 0.0, "exposure_category": "none"}, "geometry": {"type": "Polygon", "coordinates": [[[-80.1386169, 25.7940416], [-80.1386171, 25.7940478], [-80.1387207, 25.7940458], [-80.1387201, 25.794021], [-80.1387298, 25.7940209], [-80.1387277, 25.7939326], [-80.1385492, 25.7939361], [-80.1385507, 25.7939977], [-80.1385267, 25.7939982], [-80.1385277, 25.7940374], [-80.1385533, 25.7940369], [-80.1385535, 25.7940429], [-80.1386169, 25.7940416]]]}}, {"id": "772", "type": "Feature", "properties": {"id": "77505707-de27-423b-b193-28e6337e8214", "name": null, "subtype": null, "class": null, "height": 7.2, "num_floors": null, "surge_class": 0, "surge_ft": 0.0, "flood_active": false, "exposure_score": 0.0, "exposure_category": "none"}, "geometry": {"type": "Polygon", "coordinates": [[[-80.1387271, 25.7942149], [-80.1386767, 25.794217], [-80.1386771, 25.7942243], [-80.138589, 25.794228], [-80.1385938, 25.7943227], [-80.1387211, 25.7943174], [-80.1387199, 25.794294], [-80.1387312, 25.7942936], [-80.1387271, 25.7942149]]]}}, {"id": "773", "type": "Feature", "properties": {"id": "d5bb9247-2984-442b-92b9-5b1c1cd69558", "name": null, "subtype": null, "class": null, "height": 9.3, "num_floors": null, "surge_class": 0, "surge_ft": 0.0, "flood_active": false, "exposure_score": 0.0, "exposure_category": "none"}, "geometry": {"type": "Polygon", "coordinates": [[[-80.1390299, 25.7941816], [-80.1390719, 25.7943281], [-80.1392171, 25.7942462], [-80.1392012, 25.794219], [-80.1392693, 25.7941841], [-80.1392869, 25.7942089], [-80.13933, 25.7941851], [-80.1393409, 25.7941773], [-80.1393314, 25.7941637], [-80.1394758, 25.7940832], [-80.1394345, 25.7940251], [-80.1394314, 25.7939935], [-80.1394567, 25.7939927], [-80.1395078, 25.794093], [-80.1395671, 25.7940545], [-80.1395573, 25.7940422], [-80.1395985, 25.7940151], [-80.1395432, 25.7939461], [-80.1395137, 25.7939654], [-80.1395131, 25.7939118], [-80.1392896, 25.7939137], [-80.1392894, 25.7938937], [-80.139472, 25.7938922], [-80.1394711, 25.7938026], [-80.1394072, 25.7938031], [-80.1394068, 25.7937597], [-80.1393677, 25.79376], [-80.1393679, 25.793783], [-80.1391172, 25.7937851], [-80.139118, 25.793865], [-80.1391999, 25.7938606], [-80.1392051, 25.7939393], [-80.1391699, 25.7939412], [-80.139176, 25.7940328], [-80.1392001, 25.7940315], [-80.1392032, 25.7940781], [-80.1392973, 25.794073], [-80.1392964, 25.7940596], [-80.1393129, 25.7940587], [-80.1393145, 25.7940822], [-80.1392235, 25.7941213], [-80.1391981, 25.7941093], [-80.1391964, 25.7940661], [-80.1390299, 25.7940724], [-80.1390299, 25.7941816]]]}}, {"id": "774", "type": "Feature", "properties": {"id": "8a6699f4-1ac0-48e3-b854-7bd06e2dd6c3", "name": null, "subtype": null, "class": null, "height": 3.5, "num_floors": null, "surge_class": 0, "surge_ft": 0.0, "flood_active": false, "exposure_score": 0.0, "exposure_category": "none"}, "geometry": {"type": "Polygon", "coordinates": [[[-80.1394985, 25.7933059], [-80.1394993, 25.7933893], [-80.1395636, 25.7933888], [-80.1395628, 25.7933054], [-80.1394985, 25.7933059]]]}}, {"id": "775", "type": "Feature", "properties": {"id": "1556132e-a213-4967-9b21-3cef2f20eb4b", "name": null, "subtype": null, "class": null, "height": 5.1, "num_floors": null, "surge_class": 0, "surge_ft": 0.0, "flood_active": false, "exposure_score": 0.0, "exposure_category": "none"}, "geometry": {"type": "Polygon", "coordinates": [[[-80.1398963, 25.7934341], [-80.1398291, 25.7934354], [-80.1398293, 25.7934438], [-80.1397424, 25.7934454], [-80.1397432, 25.7934802], [-80.1396561, 25.7934818], [-80.1396575, 25.7935434], [-80.1396916, 25.7935427], [-80.1396914, 25.793534], [-80.1398381, 25.7935313], [-80.1398377, 25.7935141], [-80.1398981, 25.793513], [-80.1398963, 25.7934341]]]}}, {"id": "776", "type": "Feature", "properties": {"id": "70126752-1004-461a-b69d-35e7f96b680b", "name": null, "subtype": null, "class": null, "height": 4.6, "num_floors": null, "surge_class": 0, "surge_ft": 0.0, "flood_active": false, "exposure_score": 0.0, "exposure_category": "none"}, "geometry": {"type": "Polygon", "coordinates": [[[-80.1397103, 25.7934002], [-80.1398948, 25.7933932], [-80.1398907, 25.7933053], [-80.1397061, 25.7933124], [-80.1397103, 25.7934002]]]}}, {"id": "777", "type": "Feature", "properties": {"id": "15478189-6055-4cc7-9469-62f8eececa21", "name": null, "subtype": null, "class": null, "height": 5.3, "num_floors": null, "surge_class": 0, "surge_ft": 0.0, "flood_active": false, "exposure_score": 0.0, "exposure_category": "none"}, "geometry": {"type": "Polygon", "coordinates": [[[-80.139882, 25.7931523], [-80.139742, 25.7931565], [-80.1397426, 25.793172], [-80.1397066, 25.7931731], [-80.1397104, 25.7932777], [-80.1398865, 25.7932723], [-80.139882, 25.7931523]]]}}, {"id": "778", "type": "Feature", "properties": {"id": "a38784d3-fd15-45a8-9732-dcfb9f22fab3", "name": "Publix", "subtype": null, "class": null, "height": 7.9, "num_floors": null, "surge_class": 0, "surge_ft": 0.0, "flood_active": false, "exposure_score": 0.0, "exposure_category": "none"}, "geometry": {"type": "Polygon", "coordinates": [[[-80.1399187, 25.7947659], [-80.1404783, 25.7947527], [-80.1404676, 25.7943847], [-80.1399057, 25.794398], [-80.1399098, 25.7945365], [-80.1398476, 25.794538], [-80.1398505, 25.794634], [-80.1399148, 25.7946325], [-80.1399187, 25.7947659]]]}}, {"id": "779", "type": "Feature", "properties": {"id": "40250395-af15-4c0d-88b7-32680ca97a47", "name": null, "subtype": null, "class": null, "height": 5.1, "num_floors": null, "surge_class": 0, "surge_ft": 0.0, "flood_active": false, "exposure_score": 0.0, "exposure_category": "none"}, "geometry": {"type": "Polygon", "coordinates": [[[-80.1396933, 25.7926347], [-80.1396945, 25.7926757], [-80.1396263, 25.7926773], [-80.1396277, 25.7927276], [-80.1398734, 25.7927217], [-80.1398725, 25.7926917], [-80.139881, 25.7926915], [-80.1398795, 25.7926402], [-80.1398587, 25.7926407], [-80.1398577, 25.7926057], [-80.1397293, 25.7926088], [-80.13973, 25.7926339], [-80.1396933, 25.7926347]]]}}, {"id": "780", "type": "Feature", "properties": {"id": "51f0b0cb-54d6-454d-b1ba-5487fd164547", "name": null, "subtype": null, "class": null, "height": 5.6, "num_floors": null, "surge_class": 0, "surge_ft": 0.0, "flood_active": false, "exposure_score": 0.0, "exposure_category": "none"}, "geometry": {"type": "Polygon", "coordinates": [[[-80.1397417, 25.7928269], [-80.1397425, 25.7928587], [-80.1398847, 25.7928555], [-80.1398832, 25.7927997], [-80.1398816, 25.7927439], [-80.139722, 25.7927475], [-80.1397231, 25.7927874], [-80.1397242, 25.7928273], [-80.1397417, 25.7928269]]]}}, {"id": "781", "type": "Feature", "properties": {"id": "c5df581e-0882-4eb2-a09e-b81874ea84aa", "name": null, "subtype": null, "class": null, "height": 4.117801189422607, "num_floors": null, "surge_class": 0, "surge_ft": 0.0, "flood_active": false, "exposure_score": 0.0, "exposure_category": "none"}, "geometry": {"type": "Polygon", "coordinates": [[[-80.1397463, 25.793134], [-80.139877, 25.793131], [-80.1398745, 25.7930405], [-80.1397438, 25.7930435], [-80.1397463, 25.793134]]]}}, {"id": "782", "type": "Feature", "properties": {"id": "650000eb-6819-4485-a5a4-14365f488984", "name": null, "subtype": null, "class": null, "height": 6.3, "num_floors": null, "surge_class": 0, "surge_ft": 0.0, "flood_active": false, "exposure_score": 0.0, "exposure_category": "none"}, "geometry": {"type": "Polygon", "coordinates": [[[-80.1397496, 25.7929708], [-80.13975, 25.7929988], [-80.1398803, 25.7929974], [-80.1398797, 25.7929538], [-80.1398697, 25.7929539], [-80.1398687, 25.7928754], [-80.1397117, 25.7928771], [-80.1397119, 25.7928891], [-80.1396626, 25.7928896], [-80.139663, 25.7929192], [-80.1397122, 25.7929187], [-80.1397124, 25.7929299], [-80.1396742, 25.7929303], [-80.1396746, 25.792959], [-80.1397128, 25.7929586], [-80.1397129, 25.7929712], [-80.1397496, 25.7929708]]]}}, {"id": "783", "type": "Feature", "properties": {"id": "c052bb4a-f9fd-4ce6-8d3f-56b3c6c567a9", "name": null, "subtype": null, "class": null, "height": 4.6, "num_floors": null, "surge_class": 0, "surge_ft": 0.0, "flood_active": false, "exposure_score": 0.0, "exposure_category": "none"}, "geometry": {"type": "Polygon", "coordinates": [[[-80.139555, 25.7930349], [-80.139486, 25.7930368], [-80.1394874, 25.7930785], [-80.1394888, 25.7931203], [-80.1395578, 25.7931184], [-80.1395564, 25.7930767], [-80.139555, 25.7930349]]]}}, {"id": "784", "type": "Feature", "properties": {"id": "53a9fda4-b601-4886-b15d-18623a0c4933", "name": null, "subtype": null, "class": null, "height": 5.8, "num_floors": null, "surge_class": 0, "surge_ft": 0.0, "flood_active": false, "exposure_score": 0.0, "exposure_category": "none"}, "geometry": {"type": "Polygon", "coordinates": [[[-80.1396958, 25.792572], [-80.1396961, 25.7925855], [-80.1398763, 25.7925826], [-80.1398755, 25.79254], [-80.1398535, 25.7925404], [-80.139852, 25.7924647], [-80.1397395, 25.7924665], [-80.13974, 25.7924872], [-80.1397154, 25.7924876], [-80.1397156, 25.792499], [-80.1396943, 25.7924993], [-80.1396945, 25.7925047], [-80.1396658, 25.7925051], [-80.1396672, 25.7925725], [-80.1396958, 25.792572]]]}}, {"id": "785", "type": "Feature", "properties": {"id": "79effcab-69dd-47ff-b694-1ad078fa1406", "name": "Yard House", "subtype": "commercial", "class": null, "height": 6.65891695022583, "num_floors": 1, "surge_class": 0, "surge_ft": 0.0, "flood_active": false, "exposure_score": 0.0, "exposure_category": "none"}, "geometry": {"type": "Polygon", "coordinates": [[[-80.1394457, 25.791722], [-80.1399178, 25.7917115], [-80.1399105, 25.791444], [-80.1394383, 25.7914546], [-80.1394457, 25.791722]]]}}, {"id": "786", "type": "Feature", "properties": {"id": "43118078-1238-475c-8899-729efe2eeddf", "name": "Nike", "subtype": null, "class": null, "height": null, "num_floors": 3, "surge_class": 0, "surge_ft": 0.0, "flood_active": false, "exposure_score": 0.0, "exposure_category": "none"}, "geometry": {"type": "Polygon", "coordinates": [[[-80.1398913, 25.7910096], [-80.1398846, 25.7906396], [-80.1398766, 25.7906267], [-80.1398669, 25.7906182], [-80.1398533, 25.7906126], [-80.1396992, 25.790615], [-80.1396997, 25.7906384], [-80.1396813, 25.7906387], [-80.1396808, 25.7906136], [-80.139578, 25.790617], [-80.139587, 25.7910204], [-80.1396944, 25.7910193], [-80.1396939, 25.7909887], [-80.1397116, 25.7909884], [-80.139712, 25.7910122], [-80.1398913, 25.7910096]]]}}, {"id": "787", "type": "Feature", "properties": {"id": "0b4c053e-db0e-4902-8db3-56c49052a203", "name": null, "subtype": "outbuilding", "class": "roof", "height": null, "num_floors": null, "surge_class": 0, "surge_ft": 0.0, "flood_active": false, "exposure_score": 0.0, "exposure_category": "none"}, "geometry": {"type": "Polygon", "coordinates": [[[-80.1398342, 25.7905013], [-80.1399096, 25.7905307], [-80.139908, 25.7904322], [-80.1395558, 25.7904413], [-80.1395602, 25.7904497], [-80.1395611, 25.7904592], [-80.1395565, 25.7904666], [-80.1395496, 25.7904723], [-80.1395372, 25.7904757], [-80.1395243, 25.7904731], [-80.1395159, 25.790467], [-80.1395119, 25.7904587], [-80.1395125, 25.7904493], [-80.1395174, 25.7904413], [-80.1394105, 25.7904446], [-80.1394119, 25.7904747], [-80.1392631, 25.7904779], [-80.1392646, 25.7905195], [-80.1393058, 25.7905187], [-80.1393063, 25.7905371], [-80.1394054, 25.790534], [-80.1394047, 25.7905164], [-80.1394581, 25.7905144], [-80.1394582, 25.7904905], [-80.1394989, 25.7904904], [-80.1395145, 25.7905024], [-80.1395139, 25.790529], [-80.1396033, 25.7905284], [-80.1396019, 25.7904944], [-80.1396276, 25.7904684], [-80.1396801, 25.790462], [-80.139753, 25.7904747], [-80.1397608, 25.7904582], [-80.1397717, 25.7904471], [-80.1397923, 25.7904381], [-80.1398158, 25.7904432], [-80.1398307, 25.7904561], [-80.1398391, 25.7904749], [-80.1398382, 25.7904927], [-80.1398342, 25.7905013]]]}}, {"id": "788", "type": "Feature", "properties": {"id": "7e3ad999-786c-4539-a063-96a50d4cadc8", "name": null, "subtype": null, "class": null, "height": null, "num_floors": null, "surge_class": 0, "surge_ft": 0.0, "flood_active": false, "exposure_score": 0.0, "exposure_category": "none"}, "geometry": {"type": "Polygon", "coordinates": [[[-80.1396777, 25.7899319], [-80.1395258, 25.7899352], [-80.1395385, 25.7903485], [-80.139689, 25.7903452], [-80.1396777, 25.7899319]]]}}, {"id": "789", "type": "Feature", "properties": {"id": "de57fa63-bc81-4f67-ade5-6f233ef54379", "name": "Colony Theatre / Miami New Drama", "subtype": "entertainment", "class": null, "height": null, "num_floors": null, "surge_class": 0, "surge_ft": 0.0, "flood_active": false, "exposure_score": 0.0, "exposure_category": "none"}, "geometry": {"type": "Polygon", "coordinates": [[[-80.1398507, 25.7903441], [-80.1398755, 25.7903195], [-80.1398723, 25.7901564], [-80.139892, 25.7901559], [-80.1398882, 25.7900482], [-80.1396844, 25.790051], [-80.1396939, 25.7903458], [-80.1397505, 25.7903449], [-80.1397508, 25.7903635], [-80.1397817, 25.7903623], [-80.1398122, 25.7903612], [-80.1398124, 25.7903445], [-80.1398507, 25.7903441]]]}}, {"id": "790", "type": "Feature", "properties": {"id": "66a4babb-3575-4b10-8edc-c9d1d9071a6a", "name": null, "subtype": null, "class": null, "height": null, "num_floors": null, "surge_class": 0, "surge_ft": 0.0, "flood_active": false, "exposure_score": 0.0, "exposure_category": "none"}, "geometry": {"type": "Polygon", "coordinates": [[[-80.1396838, 25.7900493], [-80.1398885, 25.7900451], [-80.1398854, 25.7899225], [-80.1396807, 25.7899267], [-80.1396838, 25.7900493]]]}}, {"id": "791", "type": "Feature", "properties": {"id": "37ee4ee7-d4ea-4160-94cf-6902e882f3b4", "name": null, "subtype": null, "class": null, "height": 7.3, "num_floors": null, "surge_class": 0, "surge_ft": 0.0, "flood_active": false, "exposure_score": 0.0, "exposure_category": "none"}, "geometry": {"type": "Polygon", "coordinates": [[[-80.1398101, 25.7898539], [-80.1398068, 25.7897421], [-80.1393835, 25.7897523], [-80.1393868, 25.7898641], [-80.1398101, 25.7898539]]]}}, {"id": "792", "type": "Feature", "properties": {"id": "beec5b07-84d5-41a4-b515-5abda8ae5039", "name": null, "subtype": null, "class": null, "height": 10.0, "num_floors": null, "surge_class": 0, "surge_ft": 0.0, "flood_active": false, "exposure_score": 0.0, "exposure_category": "none"}, "geometry": {"type": "Polygon", "coordinates": [[[-80.1394359, 25.7897187], [-80.13981, 25.7897068], [-80.1398058, 25.7896005], [-80.1394317, 25.7896124], [-80.1394359, 25.7897187]]]}}, {"id": "793", "type": "Feature", "properties": {"id": "c1d73344-3616-4dd8-9a52-d551537bd783", "name": null, "subtype": null, "class": null, "height": 9.9, "num_floors": null, "surge_class": 0, "surge_ft": 0.0, "flood_active": false, "exposure_score": 0.0, "exposure_category": "none"}, "geometry": {"type": "Polygon", "coordinates": [[[-80.1393986, 25.7892184], [-80.1394008, 25.7893142], [-80.1397975, 25.789307], [-80.1397959, 25.7892361], [-80.1397741, 25.7892365], [-80.1397723, 25.7891583], [-80.1397907, 25.789158], [-80.1397884, 25.7890581], [-80.1394583, 25.7890641], [-80.1394603, 25.7891534], [-80.1396959, 25.7891491], [-80.1396962, 25.7891611], [-80.1397295, 25.7891605], [-80.1397306, 25.7892123], [-80.1393986, 25.7892184]]]}}, {"id": "794", "type": "Feature", "properties": {"id": "e8506579-536d-42fa-ad02-03df20e17cb3", "name": null, "subtype": null, "class": null, "height": 4.849462509155273, "num_floors": null, "surge_class": 0, "surge_ft": 0.0, "flood_active": false, "exposure_score": 0.0, "exposure_category": "none"}, "geometry": {"type": "Polygon", "coordinates": [[[-80.1395323, 25.7894482], [-80.1398038, 25.7894426], [-80.1398015, 25.7893533], [-80.1395301, 25.7893589], [-80.1395323, 25.7894482]]]}}, {"id": "795", "type": "Feature", "properties": {"id": "6073a2c5-6a26-4ebe-bb9d-cc673d6eaa47", "name": null, "subtype": null, "class": null, "height": 4.2, "num_floors": null, "surge_class": 0, "surge_ft": 0.0, "flood_active": false, "exposure_score": 0.0, "exposure_category": "none"}, "geometry": {"type": "Polygon", "coordinates": [[[-80.1398212, 25.7999657], [-80.139691, 25.7999685], [-80.1396971, 25.8002032], [-80.1398273, 25.8002004], [-80.1398212, 25.7999657]]]}}, {"id": "796", "type": "Feature", "properties": {"id": "9527de6b-a5e6-49ba-826b-27e36be97cc2", "name": null, "subtype": null, "class": null, "height": 4.751377105712891, "num_floors": null, "surge_class": 0, "surge_ft": 0.0, "flood_active": false, "exposure_score": 0.0, "exposure_category": "none"}, "geometry": {"type": "Polygon", "coordinates": [[[-80.1394142, 25.7999203], [-80.1397707, 25.7999078], [-80.1397649, 25.7997753], [-80.1395536, 25.7997827], [-80.1395503, 25.7997063], [-80.1394051, 25.7997114], [-80.1394142, 25.7999203]]]}}, {"id": "797", "type": "Feature", "properties": {"id": "183b58a8-de59-4ce3-92de-b7b3cf2fb18b", "name": null, "subtype": null, "class": null, "height": 11.4, "num_floors": null, "surge_class": 0, "surge_ft": 0.0, "flood_active": false, "exposure_score": 0.0, "exposure_category": "none"}, "geometry": {"type": "Polygon", "coordinates": [[[-80.1393463, 25.7995678], [-80.1393483, 25.7996405], [-80.1397075, 25.7996325], [-80.139707, 25.7996134], [-80.139741, 25.7996126], [-80.1397356, 25.7994142], [-80.1397015, 25.799415], [-80.1394502, 25.7994206], [-80.1394506, 25.7994383], [-80.1394036, 25.7994393], [-80.1394056, 25.7995123], [-80.139407, 25.7995665], [-80.1393463, 25.7995678]], [[-80.1395084, 25.7995096], [-80.1395217, 25.7995094], [-80.1395269, 25.7995092], [-80.1395278, 25.799542], [-80.1394513, 25.7995437], [-80.1394509, 25.799527], [-80.1395089, 25.7995257], [-80.1395084, 25.7995096]]]}}, {"id": "798", "type": "Feature", "properties": {"id": "2a4f92cd-412b-4071-b05b-7ff2b8fb6343", "name": null, "subtype": null, "class": null, "height": 3.6, "num_floors": null, "surge_class": 0, "surge_ft": 0.0, "flood_active": false, "exposure_score": 0.0, "exposure_category": "none"}, "geometry": {"type": "Polygon", "coordinates": [[[-80.1398055, 25.7988372], [-80.139788, 25.7989194], [-80.1398672, 25.7989332], [-80.1398846, 25.798851], [-80.1398055, 25.7988372]]]}}, {"id": "799", "type": "Feature", "properties": {"id": "41f0a511-ae97-4ddf-84a0-34bbafd8805a", "name": null, "subtype": null, "class": null, "height": 8.9, "num_floors": null, "surge_class": 0, "surge_ft": 0.0, "flood_active": false, "exposure_score": 0.0, "exposure_category": "none"}, "geometry": {"type": "Polygon", "coordinates": [[[-80.1394317, 25.7992088], [-80.1394331, 25.7992637], [-80.1394341, 25.7993014], [-80.1394359, 25.7993702], [-80.1394767, 25.7993694], [-80.139474, 25.7992622], [-80.1394738, 25.799256], [-80.1394733, 25.799233], [-80.1395484, 25.7992314], [-80.1395489, 25.7992545], [-80.1395501, 25.799299], [-80.1395515, 25.7993556], [-80.1395802, 25.799355], [-80.1396237, 25.7993541], [-80.1396959, 25.7993525], [-80.1396957, 25.7993425], [-80.1397234, 25.799342], [-80.1397219, 25.7992846], [-80.1397197, 25.799197], [-80.1397188, 25.799164], [-80.1396911, 25.7991646], [-80.1396908, 25.799152], [-80.1395719, 25.7991545], [-80.1395722, 25.799167], [-80.1395619, 25.7991672], [-80.1395613, 25.7991442], [-80.1394538, 25.7991465], [-80.1394554, 25.7992083], [-80.1394317, 25.7992088]]]}}, {"id": "800", "type": "Feature", "properties": {"id": "c4aec896-67f3-4109-8408-9876c43b46a6", "name": null, "subtype": null, "class": null, "height": 9.1, "num_floors": null, "surge_class": 0, "surge_ft": 0.0, "flood_active": false, "exposure_score": 0.0, "exposure_category": "none"}, "geometry": {"type": "Polygon", "coordinates": [[[-80.1395998, 25.7990288], [-80.1397049, 25.7990463], [-80.1397478, 25.7988378], [-80.1396768, 25.7988259], [-80.1396804, 25.7988084], [-80.1396139, 25.7987973], [-80.1396114, 25.7988092], [-80.13952, 25.7987939], [-80.139487, 25.7989539], [-80.1393874, 25.7989373], [-80.1393741, 25.7990021], [-80.1394738, 25.7990188], [-80.1394725, 25.7990249], [-80.1395964, 25.7990456], [-80.1395998, 25.7990288]]]}}, {"id": "801", "type": "Feature", "properties": {"id": "e0ef9641-2b13-4cd0-9727-17c4637f9f80", "name": null, "subtype": "residential", "class": "house", "height": 3.249168634414673, "num_floors": null, "surge_class": 0, "surge_ft": 0.0, "flood_active": false, "exposure_score": 0.0, "exposure_category": "none"}, "geometry": {"type": "Polygon", "coordinates": [[[-80.1399809, 25.7985646], [-80.1398177, 25.7984443], [-80.1397766, 25.7984896], [-80.139703, 25.7984354], [-80.1397242, 25.7984121], [-80.1396453, 25.798354], [-80.1395994, 25.7984045], [-80.1396272, 25.798425], [-80.1395749, 25.7984825], [-80.1395583, 25.7984703], [-80.1395033, 25.7985309], [-80.139514, 25.7985388], [-80.139475, 25.7985818], [-80.1395407, 25.7986301], [-80.1396851, 25.7984711], [-80.1397453, 25.7985154], [-80.1397513, 25.7985377], [-80.1397082, 25.798585], [-80.1396917, 25.7985728], [-80.1396272, 25.7986437], [-80.1397004, 25.7986977], [-80.1397144, 25.7986824], [-80.1397571, 25.798714], [-80.1397974, 25.7986698], [-80.1398186, 25.7986855], [-80.1398775, 25.7986208], [-80.1398988, 25.7986366], [-80.1399274, 25.7986052], [-80.1399374, 25.7986125], [-80.1399809, 25.7985646]]]}}, {"id": "802", "type": "Feature", "properties": {"id": "69421caa-c7ce-4392-92d2-744cfc4bbde3", "name": null, "subtype": "residential", "class": "house", "height": 8.7, "num_floors": null, "surge_class": 0, "surge_ft": 0.0, "flood_active": false, "exposure_score": 0.0, "exposure_category": "none"}, "geometry": {"type": "Polygon", "coordinates": [[[-80.1400303, 25.7982494], [-80.1398431, 25.7981085], [-80.1397882, 25.7981676], [-80.1397775, 25.7981595], [-80.1396824, 25.7982619], [-80.1398856, 25.7984149], [-80.1399097, 25.7983889], [-80.1397776, 25.7982894], [-80.1398793, 25.7981799], [-80.1400061, 25.7982754], [-80.1400303, 25.7982494]]]}}, {"id": "803", "type": "Feature", "properties": {"id": "88d87f86-f66f-4fee-97a0-79aa6a8e1487", "name": null, "subtype": null, "class": null, "height": 7.7, "num_floors": null, "surge_class": 1, "surge_ft": 0.5, "flood_active": false, "exposure_score": 0.015, "exposure_category": "low"}, "geometry": {"type": "Polygon", "coordinates": [[[-80.1399673, 25.7979958], [-80.1399215, 25.7980436], [-80.1399898, 25.7980973], [-80.1400356, 25.7980494], [-80.1399673, 25.7979958]]]}}, {"id": "804", "type": "Feature", "properties": {"id": "05bcc002-2393-4af7-815d-73c800d615e5", "name": null, "subtype": null, "class": null, "height": 4.7, "num_floors": null, "surge_class": 1, "surge_ft": 0.5, "flood_active": false, "exposure_score": 0.015, "exposure_category": "low"}, "geometry": {"type": "Polygon", "coordinates": [[[-80.1395682, 25.7976251], [-80.1395029, 25.7976954], [-80.1396888, 25.7978369], [-80.1397217, 25.7978014], [-80.1396775, 25.7977678], [-80.1397352, 25.7977057], [-80.1396083, 25.7976091], [-80.1395829, 25.7976364], [-80.1395682, 25.7976251]]]}}, {"id": "805", "type": "Feature", "properties": {"id": "cabbbb9f-0286-4887-b0ab-0b93eb7bef12", "name": null, "subtype": null, "class": null, "height": 2.9237749576568604, "num_floors": null, "surge_class": 1, "surge_ft": 0.5, "flood_active": false, "exposure_score": 0.015, "exposure_category": "low"}, "geometry": {"type": "Polygon", "coordinates": [[[-80.1395725, 25.7978803], [-80.1396156, 25.7979129], [-80.1396691, 25.7978555], [-80.1396186, 25.7978174], [-80.1395797, 25.7978591], [-80.1395571, 25.797842], [-80.1395425, 25.7978577], [-80.1395255, 25.7978448], [-80.1395431, 25.797826], [-80.1395497, 25.797831], [-80.1395857, 25.7977924], [-80.139475, 25.7977088], [-80.1394352, 25.7977515], [-80.1394843, 25.7977886], [-80.1394282, 25.7978487], [-80.1395302, 25.7979257], [-80.1395725, 25.7978803]]]}}, {"id": "806", "type": "Feature", "properties": {"id": "3672ce6f-a638-4e4f-b344-55e5dac0a881", "name": null, "subtype": null, "class": null, "height": 9.1, "num_floors": null, "surge_class": 1, "surge_ft": 0.5, "flood_active": false, "exposure_score": 0.015, "exposure_category": "low"}, "geometry": {"type": "Polygon", "coordinates": [[[-80.1397626, 25.7976333], [-80.1398084, 25.7976666], [-80.139836, 25.7976356], [-80.139825, 25.7976275], [-80.1398745, 25.7975718], [-80.1398553, 25.7975578], [-80.1398361, 25.7975438], [-80.1398288, 25.797552], [-80.1397478, 25.797493], [-80.1397085, 25.7975372], [-80.1396796, 25.7975162], [-80.1396847, 25.7975106], [-80.1396315, 25.7974718], [-80.1395756, 25.7975348], [-80.1396256, 25.7975712], [-80.1396464, 25.7975478], [-80.1397252, 25.7976052], [-80.1397019, 25.7976313], [-80.1397398, 25.7976589], [-80.1397626, 25.7976333]]]}}, {"id": "807", "type": "Feature", "properties": {"id": "ee00532a-419a-482f-b79e-cdaf9ccb6552", "name": null, "subtype": null, "class": null, "height": 7.8, "num_floors": null, "surge_class": 0, "surge_ft": 0.0, "flood_active": false, "exposure_score": 0.0, "exposure_category": "none"}, "geometry": {"type": "Polygon", "coordinates": [[[-80.1398495, 25.7975265], [-80.139902, 25.7975668], [-80.1399388, 25.7975274], [-80.139956, 25.7975406], [-80.1399808, 25.7975141], [-80.1399226, 25.7974694], [-80.1399334, 25.7974579], [-80.1398939, 25.7974276], [-80.1399128, 25.7974073], [-80.1398387, 25.7973505], [-80.1397532, 25.7974418], [-80.1398554, 25.7975202], [-80.1398495, 25.7975265]]]}}, {"id": "808", "type": "Feature", "properties": {"id": "b1e9496d-4f5a-4fee-83fc-dc3aa7cbfe90", "name": null, "subtype": null, "class": null, "height": 7.7, "num_floors": null, "surge_class": 0, "surge_ft": 0.0, "flood_active": false, "exposure_score": 0.0, "exposure_category": "none"}, "geometry": {"type": "Polygon", "coordinates": [[[-80.1400271, 25.7972885], [-80.1399437, 25.7973791], [-80.1400394, 25.7974513], [-80.1401318, 25.797351], [-80.1400701, 25.7973045], [-80.1400611, 25.7973142], [-80.1400271, 25.7972885]]]}}, {"id": "809", "type": "Feature", "properties": {"id": "3cd43ce9-3539-4558-97db-b75caf5f70da", "name": null, "subtype": "residential", "class": "house", "height": 10.8, "num_floors": null, "surge_class": 0, "surge_ft": 0.0, "flood_active": false, "exposure_score": 0.0, "exposure_category": "none"}, "geometry": {"type": "Polygon", "coordinates": [[[-80.1400592, 25.7982711], [-80.1400303, 25.7982494], [-80.1400061, 25.7982754], [-80.1399097, 25.7983889], [-80.1398856, 25.7984149], [-80.1399872, 25.7984846], [-80.140006, 25.7984637], [-80.1400514, 25.7984967], [-80.1401338, 25.7984051], [-80.1402076, 25.7984589], [-80.1402236, 25.7984411], [-80.1402905, 25.7984899], [-80.1403372, 25.798438], [-80.1400785, 25.7982495], [-80.1400592, 25.7982711]]]}}, {"id": "810", "type": "Feature", "properties": {"id": "55c414b5-2047-4d9b-bdd5-1b0a55f8695d", "name": null, "subtype": null, "class": null, "height": 4.7, "num_floors": null, "surge_class": 0, "surge_ft": 0.0, "flood_active": false, "exposure_score": 0.0, "exposure_category": "none"}, "geometry": {"type": "Polygon", "coordinates": [[[-80.1399951, 25.7986215], [-80.1400322, 25.798649], [-80.1400534, 25.7986255], [-80.1400675, 25.798636], [-80.1400836, 25.7986183], [-80.1400178, 25.7985695], [-80.1400063, 25.7985821], [-80.140021, 25.798593], [-80.1399951, 25.7986215]]]}}, {"id": "811", "type": "Feature", "properties": {"id": "5c8e2e28-6c15-4201-9033-c1924ab4f3b9", "name": null, "subtype": null, "class": null, "height": 8.3, "num_floors": null, "surge_class": 1, "surge_ft": 0.5, "flood_active": false, "exposure_score": 0.015, "exposure_category": "low"}, "geometry": {"type": "Polygon", "coordinates": [[[-80.139995, 25.7971504], [-80.139967, 25.7971815], [-80.1401554, 25.7973202], [-80.1401917, 25.7972798], [-80.1401224, 25.7972287], [-80.1401705, 25.7971753], [-80.1400761, 25.7971058], [-80.1400197, 25.7971686], [-80.139995, 25.7971504]]]}}, {"id": "812", "type": "Feature", "properties": {"id": "47e2eb91-b1a6-40e0-b8be-b38a2bf85e7e", "name": null, "subtype": null, "class": null, "height": 4.1, "num_floors": null, "surge_class": 1, "surge_ft": 0.5, "flood_active": false, "exposure_score": 0.015, "exposure_category": "low"}, "geometry": {"type": "Polygon", "coordinates": [[[-80.1400404, 25.7968923], [-80.1400005, 25.7969361], [-80.1399607, 25.7969799], [-80.1400117, 25.797018], [-80.1400516, 25.7969741], [-80.1400914, 25.7969303], [-80.1400404, 25.7968923]]]}}, {"id": "813", "type": "Feature", "properties": {"id": "970f7b43-1549-4672-b90e-a4e12d303071", "name": null, "subtype": null, "class": null, "height": 9.6, "num_floors": null, "surge_class": 0, "surge_ft": 0.0, "flood_active": false, "exposure_score": 0.0, "exposure_category": "none"}, "geometry": {"type": "Polygon", "coordinates": [[[-80.1399137, 25.7967014], [-80.1401163, 25.7968529], [-80.1401901, 25.7967721], [-80.1400404, 25.7966601], [-80.1399897, 25.7967156], [-80.1399368, 25.796676], [-80.1399253, 25.7966887], [-80.1399137, 25.7967014]]]}}, {"id": "814", "type": "Feature", "properties": {"id": "fe2c8df6-590f-460c-9ea3-d9f3f249067d", "name": null, "subtype": null, "class": null, "height": 6.9, "num_floors": null, "surge_class": 1, "surge_ft": 0.5, "flood_active": false, "exposure_score": 0.015, "exposure_category": "low"}, "geometry": {"type": "Polygon", "coordinates": [[[-80.1398706, 25.7968632], [-80.1399408, 25.7969151], [-80.1399708, 25.7968819], [-80.1399654, 25.7968779], [-80.1399927, 25.7968476], [-80.139982, 25.7968397], [-80.1400067, 25.7968122], [-80.1399108, 25.7967413], [-80.1398837, 25.7967714], [-80.139858, 25.7967524], [-80.1398345, 25.7967784], [-80.139844, 25.7967855], [-80.1398169, 25.7968155], [-80.1398345, 25.7968285], [-80.1398133, 25.7968521], [-80.1398537, 25.7968819], [-80.1398706, 25.7968632]]]}}, {"id": "815", "type": "Feature", "properties": {"id": "b7819904-93a6-4872-a8ea-795110a8aab8", "name": null, "subtype": null, "class": null, "height": 4.4, "num_floors": null, "surge_class": 0, "surge_ft": 0.0, "flood_active": false, "exposure_score": 0.0, "exposure_category": "none"}, "geometry": {"type": "Polygon", "coordinates": [[[-80.1398554, 25.7972333], [-80.1398115, 25.7972818], [-80.1398577, 25.7973161], [-80.1399016, 25.7972676], [-80.1398554, 25.7972333]]]}}, {"id": "816", "type": "Feature", "properties": {"id": "7a874343-f8e5-404e-b196-51e2b107b325", "name": null, "subtype": null, "class": null, "height": 4.2, "num_floors": null, "surge_class": 0, "surge_ft": 0.0, "flood_active": false, "exposure_score": 0.0, "exposure_category": "none"}, "geometry": {"type": "Polygon", "coordinates": [[[-80.1397804, 25.7972644], [-80.1398283, 25.7972132], [-80.1397671, 25.7971669], [-80.1397193, 25.7972181], [-80.1397804, 25.7972644]]]}}, {"id": "817", "type": "Feature", "properties": {"id": "05e2a412-0e6f-4c3b-b9f8-0e0406c0d473", "name": null, "subtype": null, "class": null, "height": 4.6, "num_floors": null, "surge_class": 0, "surge_ft": 0.0, "flood_active": false, "exposure_score": 0.0, "exposure_category": "none"}, "geometry": {"type": "Polygon", "coordinates": [[[-80.1397183, 25.7969186], [-80.1396756, 25.796966], [-80.1398394, 25.7970868], [-80.139859, 25.797065], [-80.1398385, 25.7970499], [-80.1399008, 25.7969806], [-80.1398079, 25.7969121], [-80.1397803, 25.7969428], [-80.1397678, 25.7969336], [-80.1397562, 25.7969466], [-80.1397183, 25.7969186]]]}}, {"id": "818", "type": "Feature", "properties": {"id": "e8a5dabd-b2d3-4f5e-b575-b03a7423e799", "name": null, "subtype": null, "class": null, "height": 4.8, "num_floors": null, "surge_class": 1, "surge_ft": 0.5, "flood_active": false, "exposure_score": 0.015, "exposure_category": "low"}, "geometry": {"type": "Polygon", "coordinates": [[[-80.1395745, 25.7970926], [-80.1396816, 25.7971727], [-80.1397082, 25.7971436], [-80.1397341, 25.797163], [-80.1398018, 25.7970888], [-80.1396708, 25.7969909], [-80.1396467, 25.7970174], [-80.1396381, 25.797011], [-80.1396186, 25.7970324], [-80.1396251, 25.7970372], [-80.1395745, 25.7970926]]]}}, {"id": "819", "type": "Feature", "properties": {"id": "b237586b-3840-4d78-9a17-3b5bdac43ce8", "name": null, "subtype": null, "class": null, "height": null, "num_floors": null, "surge_class": 1, "surge_ft": 0.5, "flood_active": false, "exposure_score": 0.015, "exposure_category": "low"}, "geometry": {"type": "Polygon", "coordinates": [[[-80.1397116, 25.7973144], [-80.139744, 25.7972809], [-80.1397035, 25.797249], [-80.139671, 25.7972825], [-80.1397116, 25.7973144]]]}}, {"id": "820", "type": "Feature", "properties": {"id": "4799777e-0995-4b22-be83-3678ca5a938a", "name": null, "subtype": null, "class": null, "height": 7.7, "num_floors": null, "surge_class": 1, "surge_ft": 0.5, "flood_active": false, "exposure_score": 0.015, "exposure_category": "low"}, "geometry": {"type": "Polygon", "coordinates": [[[-80.1395326, 25.7971345], [-80.1394501, 25.7972286], [-80.1395456, 25.7972973], [-80.1396091, 25.797225], [-80.1395969, 25.7972162], [-80.139616, 25.7971945], [-80.1395326, 25.7971345]]]}}, {"id": "821", "type": "Feature", "properties": {"id": "7b2ad133-c565-457c-8cca-017951d4d5a2", "name": null, "subtype": null, "class": null, "height": 7.5, "num_floors": null, "surge_class": 0, "surge_ft": 0.0, "flood_active": false, "exposure_score": 0.0, "exposure_category": "none"}, "geometry": {"type": "Polygon", "coordinates": [[[-80.1394584, 25.7954866], [-80.139692, 25.7953631], [-80.1396646, 25.7953211], [-80.1396312, 25.7953387], [-80.139603, 25.7952954], [-80.1394027, 25.7954013], [-80.1394584, 25.7954866]]]}}, {"id": "822", "type": "Feature", "properties": {"id": "faf50c15-ea07-4fee-8bf4-6b1c6d21024a", "name": null, "subtype": null, "class": null, "height": 12.2, "num_floors": null, "surge_class": 0, "surge_ft": 0.0, "flood_active": false, "exposure_score": 0.0, "exposure_category": "none"}, "geometry": {"type": "Polygon", "coordinates": [[[-80.1395242, 25.7955898], [-80.1396042, 25.7957123], [-80.1398937, 25.7955591], [-80.1397725, 25.7953735], [-80.1396135, 25.7954576], [-80.1396383, 25.7954956], [-80.139694, 25.7954661], [-80.139732, 25.7955242], [-80.1396073, 25.7955902], [-80.1395858, 25.7955573], [-80.1395242, 25.7955898]]]}}, {"id": "823", "type": "Feature", "properties": {"id": "ae557c92-86fb-4164-88f4-1ba1b62095b7", "name": null, "subtype": null, "class": null, "height": 11.4, "num_floors": null, "surge_class": 0, "surge_ft": 0.0, "flood_active": false, "exposure_score": 0.0, "exposure_category": "none"}, "geometry": {"type": "Polygon", "coordinates": [[[-80.1398406, 25.7959251], [-80.1397763, 25.7959936], [-80.1397956, 25.7960323], [-80.1398279, 25.796058], [-80.1398712, 25.7960794], [-80.1399052, 25.7960886], [-80.1399415, 25.7960929], [-80.1400092, 25.7960234], [-80.1399792, 25.7960016], [-80.1400992, 25.7958736], [-80.1401279, 25.7958934], [-80.1402046, 25.7958118], [-80.1399799, 25.795671], [-80.1399244, 25.7955947], [-80.1398479, 25.7956335], [-80.1398972, 25.7957141], [-80.1397224, 25.7958854], [-80.1397914, 25.7959478], [-80.1398762, 25.7958685], [-80.1399119, 25.7958981], [-80.1398727, 25.7959444], [-80.1398406, 25.7959251]]]}}, {"id": "824", "type": "Feature", "properties": {"id": "a2aacf93-35d1-4b39-9b6d-867c84f57494", "name": null, "subtype": null, "class": null, "height": 12.0, "num_floors": null, "surge_class": 0, "surge_ft": 0.0, "flood_active": false, "exposure_score": 0.0, "exposure_category": "none"}, "geometry": {"type": "Polygon", "coordinates": [[[-80.1399913, 25.7954626], [-80.1399607, 25.795496], [-80.139997, 25.7955232], [-80.1399479, 25.7955767], [-80.1402235, 25.795784], [-80.1403032, 25.7956972], [-80.1399913, 25.7954626]]]}}, {"id": "825", "type": "Feature", "properties": {"id": "dd61c8a5-8b24-4157-919e-477d671ad275", "name": null, "subtype": null, "class": null, "height": 6.6, "num_floors": null, "surge_class": 1, "surge_ft": 0.5, "flood_active": false, "exposure_score": 0.015, "exposure_category": "low"}, "geometry": {"type": "Polygon", "coordinates": [[[-80.1399196, 25.7950238], [-80.1397886, 25.7950269], [-80.139798, 25.7953432], [-80.1399308, 25.7954014], [-80.1399196, 25.7950238]]]}}, {"id": "826", "type": "Feature", "properties": {"id": "3aa5528e-39ac-4b94-a349-172e5ec8865a", "name": null, "subtype": null, "class": null, "height": 6.988805294036865, "num_floors": null, "surge_class": 0, "surge_ft": 0.0, "flood_active": false, "exposure_score": 0.0, "exposure_category": "none"}, "geometry": {"type": "Polygon", "coordinates": [[[-80.1396332, 25.7952636], [-80.1397538, 25.7953169], [-80.1397469, 25.795015], [-80.1396276, 25.7950172], [-80.1396332, 25.7952636]]]}}, {"id": "827", "type": "Feature", "properties": {"id": "16e8c0e5-d56c-4725-ab15-90e583ff6f16", "name": null, "subtype": null, "class": null, "height": 8.1, "num_floors": null, "surge_class": 0, "surge_ft": 0.0, "flood_active": false, "exposure_score": 0.0, "exposure_category": "none"}, "geometry": {"type": "Polygon", "coordinates": [[[-80.1392917, 25.7950671], [-80.1392943, 25.7951475], [-80.1395765, 25.7951401], [-80.1395725, 25.795015], [-80.1394673, 25.7950177], [-80.1394687, 25.7950625], [-80.1392917, 25.7950671]]]}}, {"id": "828", "type": "Feature", "properties": {"id": "249946b4-df93-48a5-bb26-00de226728ec", "name": null, "subtype": null, "class": null, "height": 7.3, "num_floors": null, "surge_class": 1, "surge_ft": 0.5, "flood_active": false, "exposure_score": 0.015, "exposure_category": "low"}, "geometry": {"type": "Polygon", "coordinates": [[[-80.1393478, 25.7953156], [-80.1395374, 25.795255], [-80.1395078, 25.79518], [-80.1393865, 25.7952188], [-80.1393772, 25.7951951], [-80.1393089, 25.795217], [-80.1393478, 25.7953156]]]}}, {"id": "829", "type": "Feature", "properties": {"id": "0d48a411-9b46-4784-98fa-899da98ecc0b", "name": null, "subtype": null, "class": null, "height": 12.2, "num_floors": null, "surge_class": 0, "surge_ft": 0.0, "flood_active": false, "exposure_score": 0.0, "exposure_category": "none"}, "geometry": {"type": "Polygon", "coordinates": [[[-80.1380462, 25.7947743], [-80.1380638, 25.7948105], [-80.1383299, 25.7946653], [-80.1383315, 25.7945898], [-80.1382127, 25.7945926], [-80.1380951, 25.7946594], [-80.1380973, 25.7945735], [-80.1380986, 25.7945256], [-80.1379437, 25.7945293], [-80.1379449, 25.7945744], [-80.1379507, 25.7947965], [-80.1380098, 25.794799], [-80.13801, 25.7947794], [-80.1380462, 25.7947743]]]}}, {"id": "830", "type": "Feature", "properties": {"id": "4602654f-ebbd-40e9-998c-f1bab197f005", "name": null, "subtype": null, "class": null, "height": 4.5, "num_floors": null, "surge_class": 1, "surge_ft": 0.5, "flood_active": false, "exposure_score": 0.015, "exposure_category": "low"}, "geometry": {"type": "Polygon", "coordinates": [[[-80.1394781, 25.7974202], [-80.1395424, 25.7974699], [-80.1396206, 25.7973871], [-80.1395575, 25.7973383], [-80.1395458, 25.7973507], [-80.1394684, 25.7972908], [-80.1394403, 25.7973205], [-80.1394028, 25.7972915], [-80.1393676, 25.7973289], [-80.139349, 25.7973144], [-80.1393189, 25.7973463], [-80.1394512, 25.7974487], [-80.1394781, 25.7974202]]]}}, {"id": "831", "type": "Feature", "properties": {"id": "a7966b8b-16f4-4de2-98d3-71b4c52fa115", "name": null, "subtype": null, "class": null, "height": 4.5, "num_floors": null, "surge_class": 0, "surge_ft": 0.0, "flood_active": false, "exposure_score": 0.0, "exposure_category": "none"}, "geometry": {"type": "Polygon", "coordinates": [[[-80.1392128, 25.7974817], [-80.1393707, 25.7976031], [-80.139476, 25.7974888], [-80.1394309, 25.7974541], [-80.1394231, 25.7974624], [-80.1393598, 25.7974138], [-80.1393196, 25.7974567], [-80.1393358, 25.7974692], [-80.1393095, 25.7974972], [-80.1392448, 25.7974475], [-80.1392128, 25.7974817]]]}}, {"id": "832", "type": "Feature", "properties": {"id": "06fde4b0-a5a1-47f7-8b56-be7a14178551", "name": null, "subtype": null, "class": null, "height": 2.3410587310791016, "num_floors": null, "surge_class": 1, "surge_ft": 0.5, "flood_active": false, "exposure_score": 0.015, "exposure_category": "low"}, "geometry": {"type": "Polygon", "coordinates": [[[-80.1392673, 25.7979347], [-80.1394802, 25.7980785], [-80.1395111, 25.7980414], [-80.1394665, 25.7980112], [-80.1395115, 25.7979571], [-80.1393432, 25.7978435], [-80.1392673, 25.7979347]]]}}, {"id": "833", "type": "Feature", "properties": {"id": "09328854-a762-4d0c-b425-47431687e150", "name": null, "subtype": null, "class": null, "height": 4.8, "num_floors": null, "surge_class": 1, "surge_ft": 0.5, "flood_active": false, "exposure_score": 0.015, "exposure_category": "low"}, "geometry": {"type": "Polygon", "coordinates": [[[-80.1391386, 25.7975626], [-80.139093, 25.7976124], [-80.1393165, 25.7977803], [-80.1393683, 25.7977238], [-80.1393114, 25.7976811], [-80.1393667, 25.7976208], [-80.1392512, 25.797534], [-80.1392427, 25.7975331], [-80.1392239, 25.7975415], [-80.1392179, 25.7975559], [-80.1392207, 25.7975672], [-80.1391898, 25.7976011], [-80.1391386, 25.7975626]]]}}, {"id": "834", "type": "Feature", "properties": {"id": "2bf89d78-cde3-428e-b716-1a0557e38a70", "name": null, "subtype": null, "class": null, "height": 5.0, "num_floors": null, "surge_class": 1, "surge_ft": 0.5, "flood_active": false, "exposure_score": 0.015, "exposure_category": "low"}, "geometry": {"type": "Polygon", "coordinates": [[[-80.1389743, 25.7977323], [-80.1391222, 25.7978433], [-80.1391429, 25.7978207], [-80.1391093, 25.7977955], [-80.1391317, 25.7977709], [-80.1391518, 25.797786], [-80.1391835, 25.7977513], [-80.1391622, 25.7977353], [-80.1391893, 25.7977057], [-80.1391029, 25.7976409], [-80.1390289, 25.7977217], [-80.1390023, 25.7977017], [-80.1389743, 25.7977323]]]}}, {"id": "835", "type": "Feature", "properties": {"id": "fd9c7706-f0c9-4bb0-823a-510d5e0d0ddf", "name": null, "subtype": null, "class": null, "height": 8.2, "num_floors": null, "surge_class": 1, "surge_ft": 0.5, "flood_active": false, "exposure_score": 0.015, "exposure_category": "low"}, "geometry": {"type": "Polygon", "coordinates": [[[-80.1387784, 25.7979399], [-80.1389056, 25.7980362], [-80.1389584, 25.7979791], [-80.1389939, 25.798006], [-80.139035, 25.7979604], [-80.1390389, 25.7979384], [-80.1390274, 25.7979188], [-80.1389672, 25.7978732], [-80.1390297, 25.7978055], [-80.138955, 25.7977489], [-80.1387784, 25.7979399]]]}}, {"id": "836", "type": "Feature", "properties": {"id": "59ee191e-5dfe-440f-af63-4b1cb445b97e", "name": null, "subtype": null, "class": null, "height": 6.7, "num_floors": null, "surge_class": 1, "surge_ft": 0.5, "flood_active": false, "exposure_score": 0.015, "exposure_category": "low"}, "geometry": {"type": "Polygon", "coordinates": [[[-80.138982, 25.798023], [-80.1389399, 25.7980715], [-80.1390113, 25.7981222], [-80.1390528, 25.7980743], [-80.138982, 25.798023]]]}}, {"id": "837", "type": "Feature", "properties": {"id": "4f47a535-64b8-4bba-b512-40c65a6939c4", "name": null, "subtype": null, "class": null, "height": 5.8, "num_floors": null, "surge_class": 1, "surge_ft": 0.5, "flood_active": false, "exposure_score": 0.015, "exposure_category": "low"}, "geometry": {"type": "Polygon", "coordinates": [[[-80.1390401, 25.7981267], [-80.1390031, 25.7981772], [-80.139033, 25.7981952], [-80.1390262, 25.7982043], [-80.1390531, 25.7982205], [-80.1390969, 25.7981609], [-80.1390401, 25.7981267]]]}}, {"id": "838", "type": "Feature", "properties": {"id": "3289ce6e-20e0-419c-a358-ff9310c08d07", "name": null, "subtype": null, "class": null, "height": 1.8984262943267822, "num_floors": null, "surge_class": 1, "surge_ft": 0.5, "flood_active": false, "exposure_score": 0.015, "exposure_category": "low"}, "geometry": {"type": "Polygon", "coordinates": [[[-80.1389873, 25.7983206], [-80.1389205, 25.7982994], [-80.1388969, 25.7983595], [-80.1389637, 25.7983807], [-80.1389873, 25.7983206]]]}}, {"id": "839", "type": "Feature", "properties": {"id": "264afc5f-f1de-4093-8b2e-f9564fc7e353", "name": null, "subtype": null, "class": null, "height": 2.4, "num_floors": null, "surge_class": 1, "surge_ft": 0.5, "flood_active": false, "exposure_score": 0.015, "exposure_category": "low"}, "geometry": {"type": "Polygon", "coordinates": [[[-80.1388239, 25.7982877], [-80.1388028, 25.7983383], [-80.1388717, 25.7983619], [-80.1388928, 25.7983112], [-80.1388239, 25.7982877]]]}}, {"id": "840", "type": "Feature", "properties": {"id": "c78924fe-f7d9-402f-9506-ae579b4b9bee", "name": null, "subtype": null, "class": null, "height": 4.2, "num_floors": null, "surge_class": 1, "surge_ft": 0.5, "flood_active": false, "exposure_score": 0.015, "exposure_category": "low"}, "geometry": {"type": "Polygon", "coordinates": [[[-80.1387066, 25.7980396], [-80.1386623, 25.798106], [-80.1388143, 25.7981891], [-80.1388659, 25.7981117], [-80.1388399, 25.7980975], [-80.1388577, 25.7980708], [-80.1387526, 25.7980133], [-80.1387274, 25.798051], [-80.1387066, 25.7980396]]]}}, {"id": "841", "type": "Feature", "properties": {"id": "282a305c-f73f-4000-9969-d6041f2f110f", "name": null, "subtype": null, "class": null, "height": 7.5, "num_floors": null, "surge_class": 1, "surge_ft": 0.5, "flood_active": false, "exposure_score": 0.015, "exposure_category": "low"}, "geometry": {"type": "Polygon", "coordinates": [[[-80.1387076, 25.7982789], [-80.138791, 25.7983095], [-80.1388252, 25.7982358], [-80.1387723, 25.7982157], [-80.1387771, 25.7982052], [-80.1386984, 25.7981753], [-80.1387044, 25.7981623], [-80.1386452, 25.7981399], [-80.1385992, 25.7982392], [-80.1386414, 25.7982546], [-80.1386298, 25.7982805], [-80.1386961, 25.7983048], [-80.1387076, 25.7982789]]]}}, {"id": "842", "type": "Feature", "properties": {"id": "36a5e825-4e9c-41c3-8b71-27d350ab41b3", "name": null, "subtype": null, "class": null, "height": 4.7, "num_floors": null, "surge_class": 2, "surge_ft": 1.5, "flood_active": false, "exposure_score": 0.045, "exposure_category": "low"}, "geometry": {"type": "Polygon", "coordinates": [[[-80.1387813, 25.7983596], [-80.1387599, 25.7984164], [-80.1388209, 25.7984353], [-80.1388424, 25.7983784], [-80.1387813, 25.7983596]]]}}, {"id": "843", "type": "Feature", "properties": {"id": "7fdd2252-c246-46af-9442-6b30e7b960a3", "name": null, "subtype": null, "class": null, "height": 8.3, "num_floors": null, "surge_class": 2, "surge_ft": 1.5, "flood_active": false, "exposure_score": 0.045, "exposure_category": "low"}, "geometry": {"type": "Polygon", "coordinates": [[[-80.1385765, 25.7982924], [-80.1385444, 25.7983741], [-80.1385657, 25.7983809], [-80.1385542, 25.7984102], [-80.1386687, 25.798447], [-80.1387011, 25.7983643], [-80.1386184, 25.7983378], [-80.1386295, 25.7983094], [-80.138603, 25.7983009], [-80.1385765, 25.7982924]]]}}, {"id": "844", "type": "Feature", "properties": {"id": "475b6850-7685-4820-b341-a74356b0ee05", "name": null, "subtype": null, "class": null, "height": 4.1, "num_floors": null, "surge_class": 1, "surge_ft": 0.5, "flood_active": false, "exposure_score": 0.015, "exposure_category": "low"}, "geometry": {"type": "Polygon", "coordinates": [[[-80.1387434, 25.7985395], [-80.1387247, 25.7985919], [-80.1387569, 25.7986013], [-80.1387756, 25.7985489], [-80.1387434, 25.7985395]]]}}, {"id": "845", "type": "Feature", "properties": {"id": "83c2603b-4081-4003-aef8-9239a578edde", "name": null, "subtype": null, "class": null, "height": 7.9, "num_floors": null, "surge_class": 1, "surge_ft": 0.5, "flood_active": false, "exposure_score": 0.015, "exposure_category": "low"}, "geometry": {"type": "Polygon", "coordinates": [[[-80.1389314, 25.798518], [-80.1389188, 25.7985731], [-80.1390958, 25.7986063], [-80.1391241, 25.7984851], [-80.139012, 25.7984641], [-80.1389969, 25.7985302], [-80.1389314, 25.798518]]]}}, {"id": "846", "type": "Feature", "properties": {"id": "547f3efd-1e5d-4af0-aaee-3539de1ece8f", "name": null, "subtype": null, "class": null, "height": 7.9, "num_floors": null, "surge_class": 1, "surge_ft": 0.5, "flood_active": false, "exposure_score": 0.015, "exposure_category": "low"}, "geometry": {"type": "Polygon", "coordinates": [[[-80.1390486, 25.798327], [-80.1390313, 25.7983593], [-80.1390139, 25.7983916], [-80.139159, 25.7984554], [-80.1392213, 25.7983392], [-80.1391861, 25.7983237], [-80.1391508, 25.7983082], [-80.1391313, 25.7983447], [-80.1390911, 25.798327], [-80.139083, 25.7983422], [-80.1390486, 25.798327]]]}}, {"id": "847", "type": "Feature", "properties": {"id": "fb93608b-d9ca-4121-9f4c-ff6f8caf1130", "name": null, "subtype": null, "class": null, "height": 7.8, "num_floors": null, "surge_class": 1, "surge_ft": 0.5, "flood_active": false, "exposure_score": 0.015, "exposure_category": "low"}, "geometry": {"type": "Polygon", "coordinates": [[[-80.1391705, 25.7982561], [-80.1392173, 25.7982864], [-80.1392372, 25.7982612], [-80.139252, 25.7982708], [-80.1392659, 25.7982532], [-80.1392957, 25.7982724], [-80.1393449, 25.79821], [-80.1392921, 25.7981758], [-80.1392833, 25.798187], [-80.1392182, 25.798145], [-80.139227, 25.7981338], [-80.1391812, 25.7981042], [-80.1391141, 25.7981893], [-80.1391864, 25.798236], [-80.1391705, 25.7982561]]]}}, {"id": "848", "type": "Feature", "properties": {"id": "63eb7402-3a99-46a8-8efc-3b837d0443d4", "name": null, "subtype": null, "class": null, "height": 2.3694615364074707, "num_floors": null, "surge_class": 1, "surge_ft": 0.5, "flood_active": false, "exposure_score": 0.015, "exposure_category": "low"}, "geometry": {"type": "Polygon", "coordinates": [[[-80.1391839, 25.7980554], [-80.1392597, 25.7981073], [-80.1392728, 25.7980918], [-80.139302, 25.7981117], [-80.1392904, 25.7981254], [-80.1393654, 25.7981768], [-80.139415, 25.798118], [-80.1393957, 25.7981048], [-80.1394015, 25.7980978], [-80.1393424, 25.7980573], [-80.1393168, 25.7980876], [-80.1392908, 25.7980698], [-80.1393115, 25.7980452], [-80.1392361, 25.7979936], [-80.1391839, 25.7980554]]]}}, {"id": "849", "type": "Feature", "properties": {"id": "3a0ed43c-add3-4163-b8ef-b213c047c90a", "name": null, "subtype": null, "class": null, "height": 2.7949061393737793, "num_floors": null, "surge_class": 0, "surge_ft": 0.0, "flood_active": false, "exposure_score": 0.0, "exposure_category": "none"}, "geometry": {"type": "Polygon", "coordinates": [[[-80.1393908, 25.8000282], [-80.1396136, 25.8000251], [-80.1396124, 25.7999593], [-80.1393897, 25.7999624], [-80.1393908, 25.8000282]]]}}, {"id": "850", "type": "Feature", "properties": {"id": "4fd4ae44-6df1-4558-ad94-b2788f842b7d", "name": null, "subtype": null, "class": null, "height": 7.7, "num_floors": null, "surge_class": 0, "surge_ft": 0.0, "flood_active": false, "exposure_score": 0.0, "exposure_category": "none"}, "geometry": {"type": "Polygon", "coordinates": [[[-80.1389077, 25.7994785], [-80.1389096, 25.7995475], [-80.1389661, 25.7995462], [-80.1389651, 25.7995127], [-80.1390095, 25.7994763], [-80.1390358, 25.7994757], [-80.1390343, 25.799421], [-80.1387842, 25.7994267], [-80.1387857, 25.7994813], [-80.1389077, 25.7994785]]]}}, {"id": "851", "type": "Feature", "properties": {"id": "13e5ceff-b875-4404-9f3e-7961964cb15a", "name": null, "subtype": null, "class": null, "height": 7.9, "num_floors": null, "surge_class": 1, "surge_ft": 0.5, "flood_active": false, "exposure_score": 0.015, "exposure_category": "low"}, "geometry": {"type": "Polygon", "coordinates": [[[-80.1388743, 25.7996949], [-80.1388753, 25.7997224], [-80.1390451, 25.7997174], [-80.1390407, 25.7995963], [-80.1388423, 25.7996022], [-80.1388457, 25.7996958], [-80.1388743, 25.7996949]]]}}, {"id": "852", "type": "Feature", "properties": {"id": "94c03a6f-b6c5-4eb5-a2cc-0543d2156314", "name": null, "subtype": null, "class": null, "height": 6.6, "num_floors": null, "surge_class": 1, "surge_ft": 0.5, "flood_active": false, "exposure_score": 0.015, "exposure_category": "low"}, "geometry": {"type": "Polygon", "coordinates": [[[-80.1388303, 25.7999559], [-80.1388336, 25.8000551], [-80.1390284, 25.8000497], [-80.1390272, 25.8000137], [-80.1389394, 25.8000161], [-80.1389385, 25.7999879], [-80.1389734, 25.7999869], [-80.1389725, 25.7999588], [-80.1390035, 25.7999579], [-80.1390019, 25.7999095], [-80.1388847, 25.7999127], [-80.1388861, 25.7999544], [-80.1388303, 25.7999559]]]}}, {"id": "853", "type": "Feature", "properties": {"id": "92a9eba9-affa-4ee5-bf2b-c9da55231c1a", "name": null, "subtype": null, "class": null, "height": 9.8, "num_floors": null, "surge_class": 0, "surge_ft": 0.0, "flood_active": false, "exposure_score": 0.0, "exposure_category": "none"}, "geometry": {"type": "Polygon", "coordinates": [[[-80.1388171, 25.799758], [-80.1388193, 25.7998839], [-80.1390361, 25.7998809], [-80.1390349, 25.7998149], [-80.1390111, 25.7998152], [-80.1390107, 25.7997915], [-80.1389869, 25.7997918], [-80.1389863, 25.7997556], [-80.1388171, 25.799758]]]}}, {"id": "854", "type": "Feature", "properties": {"id": "00a35621-0b52-4753-bc82-66ef4cefd601", "name": null, "subtype": null, "class": null, "height": 8.7, "num_floors": null, "surge_class": 1, "surge_ft": 0.5, "flood_active": false, "exposure_score": 0.015, "exposure_category": "low"}, "geometry": {"type": "Polygon", "coordinates": [[[-80.1387052, 25.7995787], [-80.1386492, 25.7995802], [-80.1386509, 25.7996495], [-80.1387074, 25.7996476], [-80.1387063, 25.7996132], [-80.1387052, 25.7995787]]]}}, {"id": "855", "type": "Feature", "properties": {"id": "66f0bc9d-40f1-430e-85af-50a1da580f04", "name": null, "subtype": null, "class": null, "height": 3.2, "num_floors": null, "surge_class": 1, "surge_ft": 0.5, "flood_active": false, "exposure_score": 0.015, "exposure_category": "low"}, "geometry": {"type": "Polygon", "coordinates": [[[-80.1387029, 25.7993038], [-80.138637, 25.7993051], [-80.1386393, 25.7993966], [-80.1387052, 25.7993952], [-80.1387029, 25.7993038]]]}}, {"id": "856", "type": "Feature", "properties": {"id": "94c56dc9-0034-43f8-9b07-9f5e2995133a", "name": null, "subtype": null, "class": null, "height": 3.5, "num_floors": null, "surge_class": 1, "surge_ft": 0.5, "flood_active": false, "exposure_score": 0.015, "exposure_category": "low"}, "geometry": {"type": "Polygon", "coordinates": [[[-80.1388028, 25.7992346], [-80.1387338, 25.7992383], [-80.1387391, 25.7993176], [-80.1387899, 25.7993148], [-80.1387881, 25.7992877], [-80.1388063, 25.7992867], [-80.1388028, 25.7992346]]]}}, {"id": "857", "type": "Feature", "properties": {"id": "86b4974e-c704-4d2f-bb12-1b35a71ce83b", "name": null, "subtype": null, "class": null, "height": 7.2, "num_floors": null, "surge_class": 1, "surge_ft": 0.5, "flood_active": false, "exposure_score": 0.015, "exposure_category": "low"}, "geometry": {"type": "Polygon", "coordinates": [[[-80.138865, 25.7993785], [-80.1388656, 25.799393], [-80.1389144, 25.7993913], [-80.1389134, 25.7993687], [-80.1389624, 25.799367], [-80.1389593, 25.7992462], [-80.1388954, 25.7992484], [-80.1388968, 25.7992817], [-80.1388597, 25.799283], [-80.1388605, 25.7993018], [-80.1388363, 25.7993027], [-80.1388381, 25.7993445], [-80.1387832, 25.7993465], [-80.1387847, 25.7993814], [-80.138865, 25.7993785]]]}}, {"id": "858", "type": "Feature", "properties": {"id": "7487d251-aa7e-4d56-967f-595be37e12d8", "name": null, "subtype": null, "class": null, "height": 4.6, "num_floors": null, "surge_class": 1, "surge_ft": 0.5, "flood_active": false, "exposure_score": 0.015, "exposure_category": "low"}, "geometry": {"type": "Polygon", "coordinates": [[[-80.138798, 25.7992186], [-80.1390153, 25.7992147], [-80.1390137, 25.7991423], [-80.1389344, 25.7991437], [-80.138933, 25.7990791], [-80.1388129, 25.7990813], [-80.1388131, 25.7990925], [-80.1388046, 25.7990927], [-80.1388066, 25.7991813], [-80.1387971, 25.7991814], [-80.138798, 25.7992186]]]}}, {"id": "859", "type": "Feature", "properties": {"id": "fe013e77-a8be-4d11-88f6-e8c69f52d3d5", "name": null, "subtype": null, "class": null, "height": 7.9, "num_floors": null, "surge_class": 1, "surge_ft": 0.5, "flood_active": false, "exposure_score": 0.015, "exposure_category": "low"}, "geometry": {"type": "Polygon", "coordinates": [[[-80.138815, 25.7986513], [-80.1388089, 25.7987484], [-80.1390512, 25.79876], [-80.139056, 25.7986842], [-80.1390387, 25.7986833], [-80.1390419, 25.7986322], [-80.1389071, 25.7986252], [-80.1389051, 25.7986559], [-80.1388193, 25.7986515], [-80.138815, 25.7986513]]]}}, {"id": "860", "type": "Feature", "properties": {"id": "414cf0f3-b27d-426c-bacf-64a3a0aa5aa2", "name": null, "subtype": null, "class": null, "height": 5.0, "num_floors": null, "surge_class": 1, "surge_ft": 0.5, "flood_active": false, "exposure_score": 0.015, "exposure_category": "low"}, "geometry": {"type": "Polygon", "coordinates": [[[-80.1387927, 25.7987625], [-80.1387863, 25.7988539], [-80.1389274, 25.798862], [-80.1389281, 25.7988523], [-80.1390117, 25.7988571], [-80.139014, 25.7988237], [-80.1390423, 25.7988253], [-80.1390457, 25.7987769], [-80.1387927, 25.7987625]]]}}, {"id": "861", "type": "Feature", "properties": {"id": "17781f63-ef06-43ae-9b17-8f72559360c6", "name": null, "subtype": null, "class": null, "height": 6.3, "num_floors": null, "surge_class": 1, "surge_ft": 0.5, "flood_active": false, "exposure_score": 0.015, "exposure_category": "low"}, "geometry": {"type": "Polygon", "coordinates": [[[-80.1384049, 25.7987537], [-80.1384068, 25.7988752], [-80.1385166, 25.7988738], [-80.1385165, 25.798864], [-80.1386067, 25.7988629], [-80.1386056, 25.7987936], [-80.1385705, 25.7987941], [-80.1385699, 25.7987516], [-80.1384049, 25.7987537]]]}}, {"id": "862", "type": "Feature", "properties": {"id": "26c66eb1-5fa6-409e-80d3-8e15cb100471", "name": null, "subtype": null, "class": null, "height": 7.3, "num_floors": null, "surge_class": 1, "surge_ft": 0.5, "flood_active": false, "exposure_score": 0.015, "exposure_category": "low"}, "geometry": {"type": "Polygon", "coordinates": [[[-80.1385328, 25.7992134], [-80.1385332, 25.7992236], [-80.1387021, 25.7992191], [-80.1386997, 25.7991452], [-80.1386684, 25.799146], [-80.1386675, 25.7991182], [-80.1384438, 25.7991242], [-80.1384468, 25.7992156], [-80.1385328, 25.7992134]]]}}, {"id": "863", "type": "Feature", "properties": {"id": "aa630476-48be-4f0b-8597-36d406f0e812", "name": null, "subtype": null, "class": null, "height": 7.6, "num_floors": null, "surge_class": 1, "surge_ft": 0.5, "flood_active": false, "exposure_score": 0.015, "exposure_category": "low"}, "geometry": {"type": "Polygon", "coordinates": [[[-80.1385116, 25.7993664], [-80.1385121, 25.7994034], [-80.1385324, 25.7994032], [-80.1385527, 25.799403], [-80.1385521, 25.7993594], [-80.1385937, 25.7993589], [-80.1385934, 25.7993326], [-80.138593, 25.7993064], [-80.1385671, 25.7993067], [-80.1385666, 25.7992668], [-80.1385322, 25.7992672], [-80.138532, 25.7992523], [-80.1384666, 25.7992531], [-80.1384682, 25.7993669], [-80.1385116, 25.7993664]]]}}, {"id": "864", "type": "Feature", "properties": {"id": "cdcd2f5b-9424-464e-bade-962736184498", "name": null, "subtype": null, "class": null, "height": 7.4, "num_floors": null, "surge_class": 1, "surge_ft": 0.5, "flood_active": false, "exposure_score": 0.015, "exposure_category": "low"}, "geometry": {"type": "Polygon", "coordinates": [[[-80.1385536, 25.7995563], [-80.1385538, 25.7995666], [-80.1386462, 25.7995652], [-80.1386452, 25.7995071], [-80.138555, 25.7995084], [-80.1385537, 25.799436], [-80.1384849, 25.799437], [-80.1384853, 25.7994594], [-80.138469, 25.7994597], [-80.1384697, 25.7995022], [-80.1384384, 25.7995027], [-80.1384394, 25.799558], [-80.1385536, 25.7995563]]]}}, {"id": "865", "type": "Feature", "properties": {"id": "794b62f5-31e8-4997-868c-8b9644f6d11f", "name": null, "subtype": null, "class": null, "height": 7.1, "num_floors": null, "surge_class": 1, "surge_ft": 0.5, "flood_active": false, "exposure_score": 0.015, "exposure_category": "low"}, "geometry": {"type": "Polygon", "coordinates": [[[-80.1384349, 25.7996019], [-80.1384395, 25.7997172], [-80.1386328, 25.7997109], [-80.1386283, 25.7995972], [-80.1385874, 25.7995985], [-80.1385889, 25.7996366], [-80.1385011, 25.7996395], [-80.1384995, 25.7995998], [-80.1384349, 25.7996019]]]}}, {"id": "866", "type": "Feature", "properties": {"id": "a01b0e12-67cb-45a0-a45c-62c9fcf21218", "name": null, "subtype": null, "class": null, "height": 6.9, "num_floors": null, "surge_class": 1, "surge_ft": 0.5, "flood_active": false, "exposure_score": 0.015, "exposure_category": "low"}, "geometry": {"type": "Polygon", "coordinates": [[[-80.1384875, 25.7997722], [-80.1384911, 25.7998468], [-80.1384628, 25.7998479], [-80.1384652, 25.7998971], [-80.1386674, 25.7998891], [-80.1386651, 25.7998413], [-80.1386352, 25.7998425], [-80.1386343, 25.799825], [-80.1385815, 25.7998271], [-80.1385787, 25.7997686], [-80.1384875, 25.7997722]]]}}, {"id": "867", "type": "Feature", "properties": {"id": "c94642ac-3062-460a-90e1-ba7539ea4f35", "name": null, "subtype": null, "class": null, "height": 7.3, "num_floors": null, "surge_class": 1, "surge_ft": 0.5, "flood_active": false, "exposure_score": 0.015, "exposure_category": "low"}, "geometry": {"type": "Polygon", "coordinates": [[[-80.1384789, 25.7999538], [-80.1384804, 25.8000016], [-80.1384595, 25.8000022], [-80.13846, 25.8000526], [-80.1386827, 25.8000509], [-80.138682, 25.7999777], [-80.1387243, 25.7999766], [-80.1387224, 25.799917], [-80.1386516, 25.7999189], [-80.1386535, 25.7999775], [-80.138623, 25.7999783], [-80.1386237, 25.8000002], [-80.1385843, 25.8000013], [-80.1385816, 25.7999176], [-80.1384865, 25.7999201], [-80.1384876, 25.7999536], [-80.1384789, 25.7999538]]]}}, {"id": "868", "type": "Feature", "properties": {"id": "766aa45a-c49c-4527-94c4-c6127833d8b9", "name": null, "subtype": null, "class": null, "height": 7.2, "num_floors": null, "surge_class": 1, "surge_ft": 0.5, "flood_active": false, "exposure_score": 0.015, "exposure_category": "low"}, "geometry": {"type": "Polygon", "coordinates": [[[-80.1384391, 25.7986774], [-80.1384355, 25.7987115], [-80.1385825, 25.798724], [-80.138589, 25.7986611], [-80.1386298, 25.7986646], [-80.1386327, 25.7986359], [-80.1386357, 25.7986073], [-80.1384609, 25.7985925], [-80.138452, 25.7986784], [-80.1384391, 25.7986774]]]}}, {"id": "869", "type": "Feature", "properties": {"id": "d4de497a-74c5-4c31-becc-38909675e994", "name": null, "subtype": null, "class": null, "height": 6.6, "num_floors": null, "surge_class": 1, "surge_ft": 0.5, "flood_active": false, "exposure_score": 0.015, "exposure_category": "low"}, "geometry": {"type": "Polygon", "coordinates": [[[-80.1384938, 25.7984994], [-80.1384818, 25.7985613], [-80.1386144, 25.7985823], [-80.1386217, 25.7985444], [-80.1386471, 25.7985484], [-80.1386546, 25.7985095], [-80.1386277, 25.7985052], [-80.1386345, 25.79847], [-80.1385257, 25.7984527], [-80.138516, 25.798503], [-80.1384938, 25.7984994]]]}}, {"id": "870", "type": "Feature", "properties": {"id": "a5b051d9-6133-4769-b93f-3648b4b0cc00", "name": null, "subtype": null, "class": null, "height": 5.2, "num_floors": null, "surge_class": 0, "surge_ft": 0.0, "flood_active": false, "exposure_score": 0.0, "exposure_category": "none"}, "geometry": {"type": "Polygon", "coordinates": [[[-80.1370226, 25.7979088], [-80.1368511, 25.7983083], [-80.1370925, 25.7983923], [-80.1372639, 25.7979928], [-80.1370226, 25.7979088]]]}}, {"id": "871", "type": "Feature", "properties": {"id": "2073a194-a4fd-41ce-b646-dc78d117dd77", "name": null, "subtype": null, "class": null, "height": 4.5, "num_floors": null, "surge_class": 0, "surge_ft": 0.0, "flood_active": false, "exposure_score": 0.0, "exposure_category": "none"}, "geometry": {"type": "Polygon", "coordinates": [[[-80.1367315, 25.7986441], [-80.1368229, 25.7986775], [-80.1368957, 25.7985159], [-80.1368043, 25.7984825], [-80.1367315, 25.7986441]]]}}, {"id": "872", "type": "Feature", "properties": {"id": "da92896a-333f-4693-a495-e7ed2b635c67", "name": null, "subtype": null, "class": null, "height": null, "num_floors": null, "surge_class": 0, "surge_ft": 0.0, "flood_active": false, "exposure_score": 0.0, "exposure_category": "none"}, "geometry": {"type": "Polygon", "coordinates": [[[-80.1365266, 25.7992155], [-80.1365259, 25.7991839], [-80.1364372, 25.7991855], [-80.1364375, 25.7992167], [-80.1365266, 25.7992155]]]}}, {"id": "873", "type": "Feature", "properties": {"id": "ad956dae-904f-4c2e-8892-f78e3a681a8f", "name": null, "subtype": null, "class": null, "height": null, "num_floors": null, "surge_class": 0, "surge_ft": 0.0, "flood_active": false, "exposure_score": 0.0, "exposure_category": "none"}, "geometry": {"type": "Polygon", "coordinates": [[[-80.1364549, 25.7971311], [-80.1364031, 25.7971214], [-80.1363868, 25.7971912], [-80.1364386, 25.797201], [-80.1364549, 25.7971311]]]}}, {"id": "874", "type": "Feature", "properties": {"id": "bd8e4cc6-a9a5-4e72-a8ac-971766a6dd47", "name": "Halegua Family Building", "subtype": null, "class": null, "height": 16.1, "num_floors": 3, "surge_class": 0, "surge_ft": 0.0, "flood_active": false, "exposure_score": 0.0, "exposure_category": "none"}, "geometry": {"type": "Polygon", "coordinates": [[[-80.1371941, 25.7952725], [-80.1368784, 25.7952771], [-80.1368799, 25.7953555], [-80.136864, 25.7953557], [-80.1368653, 25.7954236], [-80.1368584, 25.7954337], [-80.136856, 25.7954454], [-80.1368566, 25.7954514], [-80.1368613, 25.7954625], [-80.1368758, 25.7954745], [-80.1368884, 25.7954778], [-80.1369015, 25.7954768], [-80.1369989, 25.7954265], [-80.1370099, 25.7954102], [-80.1370333, 25.7953909], [-80.1370585, 25.7953806], [-80.1370817, 25.7953786], [-80.1371041, 25.7953723], [-80.1371337, 25.7953554], [-80.1371562, 25.7953312], [-80.1371661, 25.795312], [-80.1371711, 25.7952937], [-80.1371878, 25.7952937], [-80.1371979, 25.7952896], [-80.1372005, 25.7952832], [-80.1371941, 25.7952725]]]}}, {"id": "875", "type": "Feature", "properties": {"id": "1ed7c841-6f7a-49ef-a160-0031af8b46ef", "name": null, "subtype": null, "class": null, "height": null, "num_floors": null, "surge_class": 0, "surge_ft": 0.0, "flood_active": false, "exposure_score": 0.0, "exposure_category": "none"}, "geometry": {"type": "Polygon", "coordinates": [[[-80.1372562, 25.7952038], [-80.1373208, 25.7952031], [-80.1373199, 25.7951184], [-80.1373293, 25.7951183], [-80.1373285, 25.7950492], [-80.1373145, 25.7950493], [-80.1373141, 25.7950129], [-80.1372539, 25.7950135], [-80.1372562, 25.7952038]]]}}, {"id": "876", "type": "Feature", "properties": {"id": "d23f6f62-c3ad-4713-a607-ee76596596ba", "name": null, "subtype": null, "class": null, "height": null, "num_floors": null, "surge_class": 0, "surge_ft": 0.0, "flood_active": false, "exposure_score": 0.0, "exposure_category": "none"}, "geometry": {"type": "Polygon", "coordinates": [[[-80.1373857, 25.7951175], [-80.1373854, 25.795054], [-80.1373394, 25.7950541], [-80.1373397, 25.7951176], [-80.1373857, 25.7951175]]]}}, {"id": "877", "type": "Feature", "properties": {"id": "4a0ba6f0-c999-4dc4-a782-1650b86c3911", "name": null, "subtype": null, "class": null, "height": null, "num_floors": null, "surge_class": 0, "surge_ft": 0.0, "flood_active": false, "exposure_score": 0.0, "exposure_category": "none"}, "geometry": {"type": "Polygon", "coordinates": [[[-80.137391, 25.7950065], [-80.1373915, 25.795069], [-80.1374315, 25.7950687], [-80.1374316, 25.7950848], [-80.1374562, 25.7950847], [-80.1374559, 25.7950556], [-80.1375162, 25.7950552], [-80.1375158, 25.7950046], [-80.1374747, 25.7950049], [-80.1374746, 25.7949969], [-80.1374283, 25.7949972], [-80.1374284, 25.7950062], [-80.137391, 25.7950065]]]}}, {"id": "878", "type": "Feature", "properties": {"id": "80a187b9-0d48-45fd-bff2-dd337c171d53", "name": null, "subtype": null, "class": null, "height": 12.9, "num_floors": null, "surge_class": 1, "surge_ft": 0.5, "flood_active": false, "exposure_score": 0.015, "exposure_category": "low"}, "geometry": {"type": "Polygon", "coordinates": [[[-80.1376369, 25.794653], [-80.1373578, 25.7946561], [-80.1372833, 25.7946569], [-80.1372851, 25.7947944], [-80.1376387, 25.7947906], [-80.1376369, 25.794653]]]}}, {"id": "879", "type": "Feature", "properties": {"id": "33d35dd4-cf94-408c-ac7c-58c8d4eb5f62", "name": null, "subtype": null, "class": null, "height": 7.1, "num_floors": null, "surge_class": 0, "surge_ft": 0.0, "flood_active": false, "exposure_score": 0.0, "exposure_category": "none"}, "geometry": {"type": "Polygon", "coordinates": [[[-80.1368553, 25.7945761], [-80.1368624, 25.794829], [-80.1372212, 25.7948208], [-80.1372141, 25.7945678], [-80.1368553, 25.7945761]], [[-80.1369052, 25.7946699], [-80.1371403, 25.7946668], [-80.1371412, 25.794726], [-80.1369061, 25.7947291], [-80.1369052, 25.7946699]]]}}, {"id": "880", "type": "Feature", "properties": {"id": "6b6a8f57-37b1-4090-81bd-beec522aa3b1", "name": null, "subtype": null, "class": null, "height": 16.6, "num_floors": 4, "surge_class": 0, "surge_ft": 0.0, "flood_active": false, "exposure_score": 0.0, "exposure_category": "none"}, "geometry": {"type": "Polygon", "coordinates": [[[-80.1372343, 25.7949803], [-80.1369625, 25.7949843], [-80.1369644, 25.7950484], [-80.1368363, 25.7950513], [-80.136841, 25.7952188], [-80.1371846, 25.7952109], [-80.1371849, 25.7952228], [-80.1372436, 25.7952217], [-80.1372414, 25.7951301], [-80.1372247, 25.7951304], [-80.1372226, 25.7950295], [-80.1372352, 25.7950293], [-80.1372343, 25.7949803]]]}}, {"id": "881", "type": "Feature", "properties": {"id": "cf6b5c63-e570-4509-a427-57e27dc57a00", "name": null, "subtype": null, "class": null, "height": null, "num_floors": null, "surge_class": 0, "surge_ft": 0.0, "flood_active": false, "exposure_score": 0.0, "exposure_category": "none"}, "geometry": {"type": "Polygon", "coordinates": [[[-80.1363853, 25.7952299], [-80.1364422, 25.7952296], [-80.1364416, 25.7951443], [-80.1363846, 25.7951447], [-80.1363853, 25.7952299]]]}}, {"id": "882", "type": "Feature", "properties": {"id": "a1eaf875-77d2-4d37-a539-f6368c13ee15", "name": null, "subtype": null, "class": null, "height": 5.3, "num_floors": null, "surge_class": 0, "surge_ft": 0.0, "flood_active": false, "exposure_score": 0.0, "exposure_category": "none"}, "geometry": {"type": "Polygon", "coordinates": [[[-80.1353648, 25.7959741], [-80.1353643, 25.7960424], [-80.1354737, 25.7960431], [-80.1354732, 25.7960299], [-80.1355123, 25.7960301], [-80.1355126, 25.7960397], [-80.1356097, 25.7960403], [-80.1356009, 25.7957961], [-80.1355039, 25.795799], [-80.1355042, 25.7958068], [-80.1354651, 25.7958066], [-80.1354646, 25.7957913], [-80.1353596, 25.7957907], [-80.1353592, 25.7958562], [-80.1354669, 25.7958569], [-80.1354678, 25.7958806], [-80.1353651, 25.79588], [-80.1353646, 25.7959482], [-80.1354702, 25.7959488], [-80.1354712, 25.7959747], [-80.1353648, 25.7959741]]]}}, {"id": "883", "type": "Feature", "properties": {"id": "bd945a1f-aca6-40eb-931d-9952358ddef4", "name": null, "subtype": null, "class": null, "height": 18.3, "num_floors": null, "surge_class": 0, "surge_ft": 0.0, "flood_active": false, "exposure_score": 0.0, "exposure_category": "none"}, "geometry": {"type": "Polygon", "coordinates": [[[-80.1350166, 25.7972207], [-80.1353286, 25.7973404], [-80.1353962, 25.7971975], [-80.1350842, 25.7970778], [-80.1350166, 25.7972207]]]}}, {"id": "884", "type": "Feature", "properties": {"id": "7e26f467-6c9f-4487-820d-f2a3a5cd0bd4", "name": null, "subtype": null, "class": null, "height": 29.2, "num_floors": null, "surge_class": 0, "surge_ft": 0.0, "flood_active": false, "exposure_score": 0.0, "exposure_category": "none"}, "geometry": {"type": "Polygon", "coordinates": [[[-80.1355759, 25.7969314], [-80.1360067, 25.7971182], [-80.136248, 25.7965386], [-80.1363587, 25.7962718], [-80.1361314, 25.7963569], [-80.135891, 25.7965386], [-80.1355934, 25.7966534], [-80.1352681, 25.7968135], [-80.1351999, 25.7968818], [-80.1351514, 25.7969766], [-80.135437, 25.7970836], [-80.135472, 25.7970018], [-80.1355759, 25.7969314]]]}}, {"id": "885", "type": "Feature", "properties": {"id": "d1b256da-3079-4fcb-a2bc-2c72470d021b", "name": null, "subtype": null, "class": null, "height": 18.0, "num_floors": null, "surge_class": 0, "surge_ft": 0.0, "flood_active": false, "exposure_score": 0.0, "exposure_category": "none"}, "geometry": {"type": "Polygon", "coordinates": [[[-80.135431, 25.7973747], [-80.1355485, 25.7974125], [-80.1355587, 25.7974127], [-80.1355848, 25.7973857], [-80.1355981, 25.7973684], [-80.1356081, 25.7973494], [-80.1356158, 25.7973295], [-80.1356213, 25.7973091], [-80.1356216, 25.7973036], [-80.1356251, 25.797286], [-80.1356268, 25.7972674], [-80.1355503, 25.7972377], [-80.1355523, 25.7972301], [-80.1355062, 25.7972125], [-80.135431, 25.7973747]]]}}, {"id": "886", "type": "Feature", "properties": {"id": "f56c96d0-d6a6-4f67-ba15-d27d0b7b7ccb", "name": null, "subtype": null, "class": null, "height": 9.3, "num_floors": null, "surge_class": 0, "surge_ft": 0.0, "flood_active": false, "exposure_score": 0.0, "exposure_category": "none"}, "geometry": {"type": "Polygon", "coordinates": [[[-80.1357457, 25.7973006], [-80.1358945, 25.7973566], [-80.1359055, 25.7973313], [-80.1359131, 25.7973355], [-80.1359306, 25.7972996], [-80.1359503, 25.7973049], [-80.1359759, 25.7972493], [-80.1359133, 25.7972239], [-80.1359044, 25.7972398], [-80.1356306, 25.7971325], [-80.1356338, 25.7971224], [-80.1355587, 25.7970951], [-80.1355157, 25.7971912], [-80.1355544, 25.7972037], [-80.1355505, 25.7972111], [-80.1355905, 25.797225], [-80.1355825, 25.7972386], [-80.1356984, 25.7972817], [-80.1357062, 25.7972658], [-80.1357534, 25.7972838], [-80.1357457, 25.7973006]]]}}, {"id": "887", "type": "Feature", "properties": {"id": "713ad52c-c389-4687-90d4-1aca999872ea", "name": null, "subtype": null, "class": null, "height": 9.3, "num_floors": null, "surge_class": 0, "surge_ft": 0.0, "flood_active": false, "exposure_score": 0.0, "exposure_category": "none"}, "geometry": {"type": "Polygon", "coordinates": [[[-80.135607, 25.7976469], [-80.1355902, 25.7976808], [-80.1355733, 25.7977146], [-80.1355871, 25.7977203], [-80.1355778, 25.797739], [-80.135623, 25.7977575], [-80.1356682, 25.797776], [-80.1357213, 25.7976694], [-80.1356747, 25.7976504], [-80.1356281, 25.7976314], [-80.1356181, 25.7976514], [-80.135607, 25.7976469]]]}}, {"id": "888", "type": "Feature", "properties": {"id": "c14c9562-22df-4970-8d14-e294562869f1", "name": null, "subtype": null, "class": null, "height": 6.7, "num_floors": null, "surge_class": 0, "surge_ft": 0.0, "flood_active": false, "exposure_score": 0.0, "exposure_category": "none"}, "geometry": {"type": "Polygon", "coordinates": [[[-80.1353961, 25.7978483], [-80.1353866, 25.7978678], [-80.1355536, 25.7979344], [-80.1355951, 25.7978491], [-80.1356124, 25.7978559], [-80.1356227, 25.7978347], [-80.1356331, 25.7978134], [-80.1355232, 25.7977696], [-80.1354939, 25.79783], [-80.135476, 25.7978228], [-80.1354622, 25.7978512], [-80.1354057, 25.7978287], [-80.1353961, 25.7978483]]]}}, {"id": "889", "type": "Feature", "properties": {"id": "ff0e70af-39f4-43a4-b7a4-d0e7561ba99a", "name": null, "subtype": null, "class": null, "height": 9.1, "num_floors": null, "surge_class": 0, "surge_ft": 0.0, "flood_active": false, "exposure_score": 0.0, "exposure_category": "none"}, "geometry": {"type": "Polygon", "coordinates": [[[-80.1354154, 25.7973989], [-80.1353748, 25.7974874], [-80.1357677, 25.7976352], [-80.1358083, 25.7975468], [-80.1354154, 25.7973989]]]}}, {"id": "890", "type": "Feature", "properties": {"id": "721366b5-4eee-447c-a6e3-f70a5388c0c1", "name": null, "subtype": null, "class": null, "height": 9.1, "num_floors": null, "surge_class": 0, "surge_ft": 0.0, "flood_active": false, "exposure_score": 0.0, "exposure_category": "none"}, "geometry": {"type": "Polygon", "coordinates": [[[-80.1348799, 25.7974719], [-80.13517, 25.7975908], [-80.1351896, 25.7975469], [-80.135201, 25.7975215], [-80.135233, 25.7975333], [-80.1352609, 25.7974775], [-80.1350847, 25.7974052], [-80.1349743, 25.7973599], [-80.1349395, 25.7974295], [-80.1349077, 25.7974164], [-80.1348799, 25.7974719]]]}}, {"id": "891", "type": "Feature", "properties": {"id": "b6e279ed-9843-4244-ba89-e8625d3e9ad0", "name": null, "subtype": null, "class": null, "height": 6.8, "num_floors": null, "surge_class": 0, "surge_ft": 0.0, "flood_active": false, "exposure_score": 0.0, "exposure_category": "none"}, "geometry": {"type": "Polygon", "coordinates": [[[-80.1351122, 25.79769], [-80.1351504, 25.7977068], [-80.1351839, 25.7976453], [-80.1351247, 25.7976192], [-80.1351008, 25.7976631], [-80.1351218, 25.7976724], [-80.1351122, 25.79769]]]}}, {"id": "892", "type": "Feature", "properties": {"id": "3d075da8-03e8-408a-8396-7b28bc7f384c", "name": null, "subtype": null, "class": null, "height": 7.3, "num_floors": null, "surge_class": 0, "surge_ft": 0.0, "flood_active": false, "exposure_score": 0.0, "exposure_category": "none"}, "geometry": {"type": "Polygon", "coordinates": [[[-80.1350074, 25.7977197], [-80.1350404, 25.7977323], [-80.1350718, 25.7976648], [-80.1350398, 25.7976526], [-80.1350526, 25.7976251], [-80.1349675, 25.7975926], [-80.1349515, 25.797627], [-80.1349453, 25.7976247], [-80.1349327, 25.7976515], [-80.1348582, 25.797623], [-80.1348384, 25.7976655], [-80.1350033, 25.7977285], [-80.1350074, 25.7977197]]]}}, {"id": "893", "type": "Feature", "properties": {"id": "a36e67fc-7042-4df8-be20-033647b14b90", "name": null, "subtype": null, "class": null, "height": 3.2, "num_floors": null, "surge_class": 1, "surge_ft": 0.5, "flood_active": false, "exposure_score": 0.015, "exposure_category": "low"}, "geometry": {"type": "Polygon", "coordinates": [[[-80.1350922, 25.7978268], [-80.1350382, 25.7979393], [-80.1350949, 25.7979616], [-80.1351489, 25.7978491], [-80.1350922, 25.7978268]]]}}, {"id": "894", "type": "Feature", "properties": {"id": "a864a467-7550-4b3b-a805-b9c700d98386", "name": null, "subtype": null, "class": null, "height": 3.4, "num_floors": null, "surge_class": 1, "surge_ft": 0.5, "flood_active": false, "exposure_score": 0.015, "exposure_category": "low"}, "geometry": {"type": "Polygon", "coordinates": [[[-80.1351531, 25.7979188], [-80.1351241, 25.7979776], [-80.1351565, 25.7979906], [-80.1351854, 25.7979318], [-80.1351531, 25.7979188]]]}}, {"id": "895", "type": "Feature", "properties": {"id": "714d1551-8203-44ac-8cad-3caad6d90b16", "name": null, "subtype": null, "class": null, "height": 5.9, "num_floors": null, "surge_class": 0, "surge_ft": 0.0, "flood_active": false, "exposure_score": 0.0, "exposure_category": "none"}, "geometry": {"type": "Polygon", "coordinates": [[[-80.1352708, 25.7976706], [-80.1352452, 25.7977257], [-80.1353014, 25.797747], [-80.1353269, 25.797692], [-80.1352708, 25.7976706]]]}}, {"id": "896", "type": "Feature", "properties": {"id": "bfe8cc22-a83d-45bb-8f81-c023084a0371", "name": null, "subtype": null, "class": null, "height": 5.4, "num_floors": null, "surge_class": 0, "surge_ft": 0.0, "flood_active": false, "exposure_score": 0.0, "exposure_category": "none"}, "geometry": {"type": "Polygon", "coordinates": [[[-80.1353268, 25.7977933], [-80.1353094, 25.7978374], [-80.135356, 25.7978525], [-80.1353735, 25.7978084], [-80.1353268, 25.7977933]]]}}, {"id": "897", "type": "Feature", "properties": {"id": "ef40f022-3666-4755-bc7c-84fe82f38d2c", "name": null, "subtype": null, "class": null, "height": 3.5, "num_floors": null, "surge_class": 1, "surge_ft": 0.5, "flood_active": false, "exposure_score": 0.015, "exposure_category": "low"}, "geometry": {"type": "Polygon", "coordinates": [[[-80.135098, 25.7980854], [-80.1350702, 25.7981433], [-80.1351615, 25.7981792], [-80.1351757, 25.7981492], [-80.1351621, 25.7981439], [-80.1351755, 25.7981154], [-80.135098, 25.7980854]]]}}, {"id": "898", "type": "Feature", "properties": {"id": "481fb5bd-d497-466d-9107-492be2022283", "name": null, "subtype": null, "class": null, "height": 6.9, "num_floors": null, "surge_class": 1, "surge_ft": 0.5, "flood_active": false, "exposure_score": 0.015, "exposure_category": "low"}, "geometry": {"type": "Polygon", "coordinates": [[[-80.1349604, 25.7980809], [-80.1349502, 25.7981049], [-80.1350275, 25.7981318], [-80.1350485, 25.7980822], [-80.1349869, 25.7980608], [-80.1349761, 25.7980863], [-80.1349604, 25.7980809]]]}}, {"id": "899", "type": "Feature", "properties": {"id": "64912ee1-43f6-4104-8de9-1f2cf13bb921", "name": null, "subtype": null, "class": null, "height": 5.8, "num_floors": null, "surge_class": 0, "surge_ft": 0.0, "flood_active": false, "exposure_score": 0.0, "exposure_category": "none"}, "geometry": {"type": "Polygon", "coordinates": [[[-80.1349184, 25.7981783], [-80.134882, 25.7982557], [-80.1349519, 25.7982826], [-80.1349883, 25.7982052], [-80.1349184, 25.7981783]]]}}, {"id": "900", "type": "Feature", "properties": {"id": "65f162e3-ffec-4aed-8c71-f89825b7fc2c", "name": null, "subtype": null, "class": null, "height": 3.2, "num_floors": null, "surge_class": 0, "surge_ft": 0.0, "flood_active": false, "exposure_score": 0.0, "exposure_category": "none"}, "geometry": {"type": "Polygon", "coordinates": [[[-80.134983, 25.7983376], [-80.1349611, 25.798386], [-80.1350436, 25.7984166], [-80.1350655, 25.7983683], [-80.134983, 25.7983376]]]}}, {"id": "901", "type": "Feature", "properties": {"id": "2250755d-3c9e-4617-9a17-4608b1b8ad8d", "name": null, "subtype": null, "class": null, "height": 8.6, "num_floors": null, "surge_class": 0, "surge_ft": 0.0, "flood_active": false, "exposure_score": 0.0, "exposure_category": "none"}, "geometry": {"type": "Polygon", "coordinates": [[[-80.1351295, 25.7986047], [-80.1350765, 25.7987204], [-80.1351813, 25.7987598], [-80.1352276, 25.7986588], [-80.1352054, 25.7986504], [-80.1352119, 25.7986362], [-80.1351707, 25.7986205], [-80.1351295, 25.7986047]]]}}, {"id": "902", "type": "Feature", "properties": {"id": "dc6c93c8-7f60-4aff-9d86-8b82f21f465f", "name": null, "subtype": null, "class": null, "height": 7.6, "num_floors": null, "surge_class": 0, "surge_ft": 0.0, "flood_active": false, "exposure_score": 0.0, "exposure_category": "none"}, "geometry": {"type": "Polygon", "coordinates": [[[-80.1351233, 25.7984791], [-80.1351822, 25.7985017], [-80.1351734, 25.7985205], [-80.1351886, 25.7985263], [-80.135172, 25.7985619], [-80.1352096, 25.7985764], [-80.1352472, 25.7985908], [-80.1352835, 25.7985132], [-80.1352709, 25.7985084], [-80.1352887, 25.7984704], [-80.1351142, 25.7984034], [-80.1350681, 25.7985019], [-80.1351058, 25.7985163], [-80.1351233, 25.7984791]]]}}, {"id": "903", "type": "Feature", "properties": {"id": "c5f99607-a0cb-4b13-9ba6-6943f7fbb16f", "name": null, "subtype": null, "class": null, "height": 6.6, "num_floors": null, "surge_class": 0, "surge_ft": 0.0, "flood_active": false, "exposure_score": 0.0, "exposure_category": "none"}, "geometry": {"type": "Polygon", "coordinates": [[[-80.1352267, 25.7983559], [-80.13521, 25.7983931], [-80.1353348, 25.7984391], [-80.1353801, 25.7983386], [-80.135294, 25.7983068], [-80.1352655, 25.7983702], [-80.1352267, 25.7983559]]]}}, {"id": "904", "type": "Feature", "properties": {"id": "49023197-fae5-4cb2-a68f-912b42e19135", "name": null, "subtype": null, "class": null, "height": 7.5, "num_floors": null, "surge_class": 0, "surge_ft": 0.0, "flood_active": false, "exposure_score": 0.0, "exposure_category": "none"}, "geometry": {"type": "Polygon", "coordinates": [[[-80.135363, 25.7981417], [-80.1353333, 25.7982056], [-80.1354052, 25.7982331], [-80.1354189, 25.7982037], [-80.1354371, 25.7982106], [-80.1354696, 25.7981409], [-80.135366, 25.7981014], [-80.1353496, 25.7981366], [-80.135363, 25.7981417]]]}}, {"id": "905", "type": "Feature", "properties": {"id": "8496fb33-e8b1-4e1c-a903-5d3f3d912dcf", "name": null, "subtype": null, "class": null, "height": 7.2, "num_floors": null, "surge_class": 0, "surge_ft": 0.0, "flood_active": false, "exposure_score": 0.0, "exposure_category": "none"}, "geometry": {"type": "Polygon", "coordinates": [[[-80.1352908, 25.7979819], [-80.1352676, 25.7980297], [-80.1354946, 25.7981202], [-80.1355228, 25.7980623], [-80.1354083, 25.7980167], [-80.1354465, 25.7979381], [-80.1353838, 25.7979131], [-80.1353817, 25.7979175], [-80.1353448, 25.7979028], [-80.1353038, 25.7979871], [-80.1352908, 25.7979819]]]}}, {"id": "906", "type": "Feature", "properties": {"id": "b887bbb0-b71b-4fd9-9b20-2afd414d3311", "name": null, "subtype": null, "class": null, "height": 7.7, "num_floors": null, "surge_class": 0, "surge_ft": 0.0, "flood_active": false, "exposure_score": 0.0, "exposure_category": "none"}, "geometry": {"type": "Polygon", "coordinates": [[[-80.1349432, 25.7990672], [-80.1350101, 25.7990914], [-80.1350179, 25.7990737], [-80.1350437, 25.799083], [-80.1350801, 25.7990005], [-80.1350733, 25.7989981], [-80.1350782, 25.7989871], [-80.1350595, 25.7989804], [-80.1350635, 25.7989713], [-80.1350025, 25.7989493], [-80.1349998, 25.7989556], [-80.1349137, 25.7989245], [-80.1348674, 25.7990297], [-80.134947, 25.7990585], [-80.1349432, 25.7990672]]]}}, {"id": "907", "type": "Feature", "properties": {"id": "58c53ad3-b0c3-400e-9469-0c9df06e4f55", "name": null, "subtype": null, "class": null, "height": 4.7, "num_floors": null, "surge_class": 0, "surge_ft": 0.0, "flood_active": false, "exposure_score": 0.0, "exposure_category": "none"}, "geometry": {"type": "Polygon", "coordinates": [[[-80.134913, 25.7987042], [-80.1348512, 25.7988399], [-80.1350384, 25.7989097], [-80.1350619, 25.798858], [-80.1350424, 25.7988507], [-80.1350603, 25.7988115], [-80.1351006, 25.7988266], [-80.135121, 25.7987818], [-80.134913, 25.7987042]]]}}, {"id": "908", "type": "Feature", "properties": {"id": "f13753b0-e635-47b5-aeff-180cc9854bfb", "name": null, "subtype": null, "class": null, "height": 7.0, "num_floors": null, "surge_class": 0, "surge_ft": 0.0, "flood_active": false, "exposure_score": 0.0, "exposure_category": "none"}, "geometry": {"type": "Polygon", "coordinates": [[[-80.134757, 25.7989639], [-80.1347837, 25.7989125], [-80.1347201, 25.7988858], [-80.1346935, 25.7989372], [-80.134757, 25.7989639]]]}}, {"id": "909", "type": "Feature", "properties": {"id": "2e0fdf90-a803-4c63-8414-ef531cb75b84", "name": null, "subtype": null, "class": null, "height": 3.5, "num_floors": null, "surge_class": 0, "surge_ft": 0.0, "flood_active": false, "exposure_score": 0.0, "exposure_category": "none"}, "geometry": {"type": "Polygon", "coordinates": [[[-80.1345386, 25.7990641], [-80.1345753, 25.7990801], [-80.1346349, 25.798969], [-80.1345685, 25.7989401], [-80.1345253, 25.7990206], [-80.134555, 25.7990336], [-80.1345386, 25.7990641]]]}}, {"id": "910", "type": "Feature", "properties": {"id": "d1e4fc7e-f087-438a-b9c1-2cab7a42136b", "name": null, "subtype": null, "class": null, "height": 7.3, "num_floors": null, "surge_class": 0, "surge_ft": 0.0, "flood_active": false, "exposure_score": 0.0, "exposure_category": "none"}, "geometry": {"type": "Polygon", "coordinates": [[[-80.1347447, 25.7993721], [-80.1348195, 25.7994006], [-80.1348144, 25.7994117], [-80.1348742, 25.7994346], [-80.1348986, 25.7993822], [-80.1348426, 25.7993608], [-80.1348839, 25.7992721], [-80.1347505, 25.7992211], [-80.1346871, 25.799357], [-80.134742, 25.799378], [-80.1347447, 25.7993721]]]}}, {"id": "911", "type": "Feature", "properties": {"id": "4711754c-aeba-4564-952a-fda6b776a4f8", "name": null, "subtype": null, "class": null, "height": 3.8, "num_floors": null, "surge_class": 0, "surge_ft": 0.0, "flood_active": false, "exposure_score": 0.0, "exposure_category": "none"}, "geometry": {"type": "Polygon", "coordinates": [[[-80.1347541, 25.7990322], [-80.1346875, 25.7991738], [-80.1349521, 25.7992757], [-80.1349733, 25.7992306], [-80.1348943, 25.7992001], [-80.1349067, 25.7991737], [-80.1349395, 25.7991863], [-80.1349724, 25.7991163], [-80.1349178, 25.7990953], [-80.1349125, 25.7991066], [-80.1348706, 25.7990905], [-80.1348759, 25.7990792], [-80.1347541, 25.7990322]]]}}, {"id": "912", "type": "Feature", "properties": {"id": "02464892-ffd6-46e0-88ef-8e9a777ef3ad", "name": null, "subtype": null, "class": null, "height": 7.7, "num_floors": null, "surge_class": 1, "surge_ft": 0.5, "flood_active": false, "exposure_score": 0.015, "exposure_category": "low"}, "geometry": {"type": "Polygon", "coordinates": [[[-80.1345696, 25.7998922], [-80.1346514, 25.7999211], [-80.1347096, 25.7997861], [-80.1346561, 25.7997672], [-80.1346534, 25.7997733], [-80.1345695, 25.7997436], [-80.1345608, 25.7997639], [-80.1345141, 25.7997474], [-80.134482, 25.7998218], [-80.1344977, 25.7998273], [-80.1344806, 25.7998668], [-80.1345673, 25.7998975], [-80.1345696, 25.7998922]]]}}, {"id": "913", "type": "Feature", "properties": {"id": "3a936d31-27ff-4f6b-ae97-3b7ba7c790a8", "name": null, "subtype": null, "class": null, "height": 4.8, "num_floors": null, "surge_class": 1, "surge_ft": 0.5, "flood_active": false, "exposure_score": 0.015, "exposure_category": "low"}, "geometry": {"type": "Polygon", "coordinates": [[[-80.1345729, 25.7996149], [-80.1345347, 25.7996973], [-80.1347188, 25.7997674], [-80.1347289, 25.7997455], [-80.134739, 25.7997237], [-80.1346857, 25.7997034], [-80.1347052, 25.7996615], [-80.1347401, 25.7996747], [-80.1347678, 25.799615], [-80.1347111, 25.7995935], [-80.1347045, 25.7996078], [-80.1346305, 25.7995796], [-80.1346079, 25.7996282], [-80.1345729, 25.7996149]]]}}, {"id": "914", "type": "Feature", "properties": {"id": "f961cbce-2a9a-4d58-a947-c2351bb3759f", "name": null, "subtype": null, "class": null, "height": 7.1, "num_floors": null, "surge_class": 0, "surge_ft": 0.0, "flood_active": false, "exposure_score": 0.0, "exposure_category": "none"}, "geometry": {"type": "Polygon", "coordinates": [[[-80.1345199, 25.7994704], [-80.1346046, 25.7995021], [-80.1345953, 25.7995225], [-80.1347976, 25.7995982], [-80.1348372, 25.7995116], [-80.1347596, 25.7994825], [-80.134755, 25.7994926], [-80.1346788, 25.799464], [-80.1347078, 25.7994006], [-80.1345889, 25.799356], [-80.1345635, 25.7994115], [-80.1345492, 25.7994062], [-80.1345199, 25.7994704]]]}}, {"id": "915", "type": "Feature", "properties": {"id": "459bcc27-d29d-47f5-935d-2d5d9b98081a", "name": null, "subtype": null, "class": null, "height": 3.7, "num_floors": null, "surge_class": 1, "surge_ft": 0.5, "flood_active": false, "exposure_score": 0.015, "exposure_category": "low"}, "geometry": {"type": "Polygon", "coordinates": [[[-80.1342456, 25.7993254], [-80.1342198, 25.7993781], [-80.1342763, 25.7994008], [-80.1342724, 25.7994087], [-80.1343121, 25.7994247], [-80.1343287, 25.7993909], [-80.1343179, 25.7993866], [-80.1343359, 25.7993498], [-80.1343043, 25.7993371], [-80.1342994, 25.799347], [-80.1342456, 25.7993254]]]}}, {"id": "916", "type": "Feature", "properties": {"id": "76121e2c-d269-42b5-86f7-9a82c728bd6c", "name": null, "subtype": null, "class": null, "height": 3.2, "num_floors": null, "surge_class": 0, "surge_ft": 0.0, "flood_active": false, "exposure_score": 0.0, "exposure_category": "none"}, "geometry": {"type": "Polygon", "coordinates": [[[-80.1343204, 25.7997149], [-80.1342965, 25.7997705], [-80.1343294, 25.7997821], [-80.1343533, 25.7997266], [-80.1343204, 25.7997149]]]}}, {"id": "917", "type": "Feature", "properties": {"id": "8b77dc30-4cc3-43e3-b26b-5a71fcd12e56", "name": null, "subtype": null, "class": null, "height": 4.0, "num_floors": null, "surge_class": 0, "surge_ft": 0.0, "flood_active": false, "exposure_score": 0.0, "exposure_category": "none"}, "geometry": {"type": "Polygon", "coordinates": [[[-80.1341253, 25.79956], [-80.1340948, 25.7996635], [-80.1341936, 25.7996875], [-80.1342047, 25.7996501], [-80.1342233, 25.7996509], [-80.1342577, 25.7996592], [-80.1342751, 25.7996003], [-80.134244, 25.7995887], [-80.1341253, 25.79956]]]}}, {"id": "918", "type": "Feature", "properties": {"id": "66faa564-effa-4007-ae2d-c049812fbf38", "name": null, "subtype": null, "class": null, "height": 5.2, "num_floors": null, "surge_class": 0, "surge_ft": 0.0, "flood_active": false, "exposure_score": 0.0, "exposure_category": "none"}, "geometry": {"type": "Polygon", "coordinates": [[[-80.1340033, 25.7993201], [-80.1339396, 25.799458], [-80.1342031, 25.7995567], [-80.1342271, 25.7995049], [-80.1342853, 25.7995267], [-80.1342962, 25.7995032], [-80.1343204, 25.7995122], [-80.1343493, 25.7994498], [-80.1340033, 25.7993201]]]}}, {"id": "919", "type": "Feature", "properties": {"id": "86b92d75-eb44-46b0-94e9-68c32e003092", "name": null, "subtype": null, "class": null, "height": 7.4, "num_floors": null, "surge_class": 1, "surge_ft": 0.5, "flood_active": false, "exposure_score": 0.015, "exposure_category": "low"}, "geometry": {"type": "Polygon", "coordinates": [[[-80.1341036, 25.7992941], [-80.1341517, 25.7993132], [-80.1341649, 25.7992861], [-80.1342339, 25.7993135], [-80.1342421, 25.7992966], [-80.1342726, 25.7993087], [-80.1342801, 25.7992932], [-80.1342876, 25.7992778], [-80.1342597, 25.7992667], [-80.1342687, 25.7992482], [-80.1342297, 25.7992327], [-80.134221, 25.7992508], [-80.1341438, 25.79922], [-80.1341569, 25.7991931], [-80.1341112, 25.799175], [-80.1340537, 25.7992936], [-80.1340747, 25.799302], [-80.1340958, 25.7993103], [-80.1341036, 25.7992941]]]}}, {"id": "920", "type": "Feature", "properties": {"id": "a04aa0ff-f076-43c9-b947-e49affb1c701", "name": null, "subtype": null, "class": null, "height": 4.5, "num_floors": null, "surge_class": 0, "surge_ft": 0.0, "flood_active": false, "exposure_score": 0.0, "exposure_category": "none"}, "geometry": {"type": "Polygon", "coordinates": [[[-80.1343224, 25.7991287], [-80.1343449, 25.7991373], [-80.134329, 25.7991712], [-80.1344358, 25.7992122], [-80.1344799, 25.7991182], [-80.1342601, 25.7990337], [-80.1342426, 25.7990712], [-80.134228, 25.7990656], [-80.134217, 25.7990889], [-80.1341751, 25.7990728], [-80.1341379, 25.7991522], [-80.134275, 25.7992048], [-80.134302, 25.7991473], [-80.1343119, 25.7991511], [-80.1343224, 25.7991287]]]}}, {"id": "921", "type": "Feature", "properties": {"id": "96bd3216-da73-40e9-b491-edfbdff03b7c", "name": null, "subtype": null, "class": null, "height": 9.8, "num_floors": null, "surge_class": 0, "surge_ft": 0.0, "flood_active": false, "exposure_score": 0.0, "exposure_category": "none"}, "geometry": {"type": "Polygon", "coordinates": [[[-80.1343582, 25.799026], [-80.1343909, 25.7990383], [-80.1344254, 25.7989633], [-80.134416, 25.7989598], [-80.1344285, 25.7989324], [-80.1343825, 25.7989151], [-80.1344007, 25.7988754], [-80.1343332, 25.79885], [-80.1343058, 25.7989218], [-80.134251, 25.7989011], [-80.1342143, 25.798981], [-80.1343546, 25.7990339], [-80.1343582, 25.799026]]]}}, {"id": "922", "type": "Feature", "properties": {"id": "9b1d73b5-bb27-4c3c-9de7-ea9e6ff39e5e", "name": null, "subtype": null, "class": null, "height": 4.6, "num_floors": null, "surge_class": 0, "surge_ft": 0.0, "flood_active": false, "exposure_score": 0.0, "exposure_category": "none"}, "geometry": {"type": "Polygon", "coordinates": [[[-80.1342949, 25.798776], [-80.1342745, 25.7988204], [-80.1344507, 25.7988867], [-80.1344761, 25.7988315], [-80.1344297, 25.798814], [-80.1344681, 25.7987304], [-80.1343271, 25.7986773], [-80.1343054, 25.7987246], [-80.1343599, 25.7987451], [-80.1343382, 25.7987924], [-80.1342949, 25.798776]]]}}, {"id": "923", "type": "Feature", "properties": {"id": "84739612-d877-4516-98d6-269ce5251646", "name": null, "subtype": null, "class": null, "height": 4.5, "num_floors": null, "surge_class": 0, "surge_ft": 0.0, "flood_active": false, "exposure_score": 0.0, "exposure_category": "none"}, "geometry": {"type": "Polygon", "coordinates": [[[-80.1344382, 25.7986682], [-80.1345173, 25.7987], [-80.1345794, 25.7985734], [-80.1345205, 25.7985498], [-80.1345158, 25.7985593], [-80.1344678, 25.79854], [-80.1344516, 25.798573], [-80.1344139, 25.7985578], [-80.1343848, 25.7986173], [-80.134362, 25.7986082], [-80.1343397, 25.7986537], [-80.1344279, 25.7986891], [-80.1344382, 25.7986682]]]}}, {"id": "924", "type": "Feature", "properties": {"id": "e1639552-046d-4f52-ba87-1f312a2d5366", "name": null, "subtype": null, "class": null, "height": 7.5, "num_floors": null, "surge_class": 0, "surge_ft": 0.0, "flood_active": false, "exposure_score": 0.0, "exposure_category": "none"}, "geometry": {"type": "Polygon", "coordinates": [[[-80.1348844, 25.7984858], [-80.1348677, 25.7985218], [-80.1348509, 25.7985578], [-80.134934, 25.7985895], [-80.1349508, 25.7985535], [-80.1349675, 25.7985175], [-80.1348844, 25.7984858]]]}}, {"id": "925", "type": "Feature", "properties": {"id": "d56fca59-4c72-4a9c-a332-08977a7c9d4d", "name": null, "subtype": null, "class": null, "height": 3.3, "num_floors": null, "surge_class": 0, "surge_ft": 0.0, "flood_active": false, "exposure_score": 0.0, "exposure_category": "none"}, "geometry": {"type": "Polygon", "coordinates": [[[-80.1348674, 25.798316], [-80.1348319, 25.7983911], [-80.1348571, 25.7984009], [-80.1348408, 25.7984354], [-80.1348762, 25.7984491], [-80.1349361, 25.7983222], [-80.1349118, 25.7983128], [-80.1349036, 25.79833], [-80.1348674, 25.798316]]]}}, {"id": "926", "type": "Feature", "properties": {"id": "d4d1a3e1-640a-40c7-8dcd-14c4226a69b5", "name": null, "subtype": null, "class": null, "height": 3.4, "num_floors": null, "surge_class": 0, "surge_ft": 0.0, "flood_active": false, "exposure_score": 0.0, "exposure_category": "none"}, "geometry": {"type": "Polygon", "coordinates": [[[-80.1347266, 25.7984265], [-80.1347029, 25.7984779], [-80.1347239, 25.7984858], [-80.1347038, 25.7985294], [-80.1347503, 25.798547], [-80.1347401, 25.798569], [-80.1348025, 25.7985927], [-80.1348533, 25.7984828], [-80.1347945, 25.7984606], [-80.1347978, 25.7984535], [-80.1347266, 25.7984265]]]}}, {"id": "927", "type": "Feature", "properties": {"id": "53fbf4d0-0439-48e8-9273-5619bf2a8067", "name": null, "subtype": null, "class": null, "height": 6.8, "num_floors": null, "surge_class": 1, "surge_ft": 0.5, "flood_active": false, "exposure_score": 0.015, "exposure_category": "low"}, "geometry": {"type": "Polygon", "coordinates": [[[-80.1346349, 25.7980967], [-80.1346176, 25.7981331], [-80.1348083, 25.7982078], [-80.1348397, 25.7981421], [-80.1347951, 25.7981247], [-80.1348156, 25.7980818], [-80.1347492, 25.7980559], [-80.134722, 25.7981131], [-80.1347104, 25.7981132], [-80.1346998, 25.798122], [-80.1346349, 25.7980967]]]}}, {"id": "928", "type": "Feature", "properties": {"id": "8312ee37-c23d-4dc0-91c2-1c9b205e2566", "name": null, "subtype": null, "class": null, "height": 7.9, "num_floors": null, "surge_class": 0, "surge_ft": 0.0, "flood_active": false, "exposure_score": 0.0, "exposure_category": "none"}, "geometry": {"type": "Polygon", "coordinates": [[[-80.134595, 25.7983599], [-80.1347061, 25.7984024], [-80.1347165, 25.7983801], [-80.134687, 25.7983689], [-80.1347342, 25.7982677], [-80.1347036, 25.798256], [-80.1346731, 25.7982443], [-80.1346626, 25.7982668], [-80.1346553, 25.798264], [-80.1346459, 25.7982843], [-80.134605, 25.7982687], [-80.1345916, 25.7982974], [-80.1345444, 25.7982794], [-80.1345312, 25.7983076], [-80.134518, 25.7983359], [-80.1345929, 25.7983646], [-80.134595, 25.7983599]]]}}, {"id": "929", "type": "Feature", "properties": {"id": "25fbcd76-e929-49e2-9c1a-78a031a23351", "name": null, "subtype": null, "class": null, "height": 6.1, "num_floors": null, "surge_class": 1, "surge_ft": 0.5, "flood_active": false, "exposure_score": 0.015, "exposure_category": "low"}, "geometry": {"type": "Polygon", "coordinates": [[[-80.1347249, 25.7979152], [-80.1347063, 25.7979557], [-80.1346877, 25.7979962], [-80.134806, 25.7980407], [-80.1348032, 25.798047], [-80.134848, 25.7980638], [-80.1348929, 25.7980807], [-80.1349424, 25.7979729], [-80.1348015, 25.7979199], [-80.1348112, 25.7978986], [-80.134786, 25.7978892], [-80.1347608, 25.7978797], [-80.1347416, 25.7979215], [-80.1347249, 25.7979152]]]}}, {"id": "930", "type": "Feature", "properties": {"id": "39bd6506-1fcf-4cb7-b4b4-06ff6b7c10c8", "name": null, "subtype": null, "class": null, "height": 4.8, "num_floors": null, "surge_class": 1, "surge_ft": 0.5, "flood_active": false, "exposure_score": 0.015, "exposure_category": "low"}, "geometry": {"type": "Polygon", "coordinates": [[[-80.1348086, 25.7977421], [-80.1347898, 25.7977823], [-80.1347711, 25.7978226], [-80.1349094, 25.7978754], [-80.1349217, 25.7978489], [-80.134934, 25.7978225], [-80.1349086, 25.7978128], [-80.1349301, 25.7977668], [-80.1348945, 25.7977532], [-80.1348589, 25.7977396], [-80.1348504, 25.797758], [-80.1348086, 25.7977421]]]}}, {"id": "931", "type": "Feature", "properties": {"id": "8fceb251-4f55-4baa-b024-22ddc8d155fc", "name": null, "subtype": null, "class": null, "height": 4.3, "num_floors": null, "surge_class": 0, "surge_ft": 0.0, "flood_active": false, "exposure_score": 0.0, "exposure_category": "none"}, "geometry": {"type": "Polygon", "coordinates": [[[-80.1338861, 25.7994982], [-80.1338689, 25.7995379], [-80.1339035, 25.7995502], [-80.1339207, 25.7995105], [-80.1338861, 25.7994982]]]}}, {"id": "932", "type": "Feature", "properties": {"id": "8a430706-0d03-466c-acf5-ad11a1f46001", "name": null, "subtype": null, "class": null, "height": 3.9, "num_floors": null, "surge_class": 1, "surge_ft": 0.5, "flood_active": false, "exposure_score": 0.015, "exposure_category": "low"}, "geometry": {"type": "Polygon", "coordinates": [[[-80.133904, 25.7996179], [-80.1338953, 25.7996467], [-80.1338866, 25.7996756], [-80.1340472, 25.7997155], [-80.1340683, 25.7996457], [-80.134078, 25.7996481], [-80.1340823, 25.799634], [-80.1340865, 25.7996199], [-80.1340131, 25.7996017], [-80.1340256, 25.7995602], [-80.1339923, 25.799553], [-80.133959, 25.7995459], [-80.1339348, 25.7996255], [-80.133904, 25.7996179]]]}}, {"id": "933", "type": "Feature", "properties": {"id": "ad70fd20-0fef-4c43-bbfa-5db891a42165", "name": null, "subtype": null, "class": null, "height": 2.5999999046325684, "num_floors": null, "surge_class": 1, "surge_ft": 0.5, "flood_active": false, "exposure_score": 0.015, "exposure_category": "low"}, "geometry": {"type": "Polygon", "coordinates": [[[-80.1337994, 25.7997279], [-80.1338763, 25.7997473], [-80.1338903, 25.7997025], [-80.1338133, 25.7996831], [-80.1337994, 25.7997279]]]}}, {"id": "934", "type": "Feature", "properties": {"id": "e12a114b-7497-4bf6-98fe-7de50bfc3d74", "name": null, "subtype": null, "class": null, "height": 4.7, "num_floors": null, "surge_class": 0, "surge_ft": 0.0, "flood_active": false, "exposure_score": 0.0, "exposure_category": "none"}, "geometry": {"type": "Polygon", "coordinates": [[[-80.13306, 25.7998578], [-80.133034, 25.8000671], [-80.1330934, 25.8000951], [-80.1331001, 25.800044], [-80.1331238, 25.8000453], [-80.1331282, 25.8000098], [-80.133111, 25.7998607], [-80.13306, 25.7998578]]]}}, {"id": "935", "type": "Feature", "properties": {"id": "bdd78074-6ac4-474d-894b-6afe20aa31c3", "name": null, "subtype": "education", "class": "school", "height": 19.2, "num_floors": null, "surge_class": 0, "surge_ft": 0.0, "flood_active": false, "exposure_score": 0.0, "exposure_category": "none"}, "geometry": {"type": "Polygon", "coordinates": [[[-80.1322587, 25.7997869], [-80.1322824, 25.8001424], [-80.13225, 25.8001431], [-80.132257, 25.8002613], [-80.1325631, 25.800244], [-80.1325559, 25.8001246], [-80.1325246, 25.8001282], [-80.1325241, 25.8001026], [-80.1325756, 25.800103], [-80.1325786, 25.8001505], [-80.1326163, 25.8001473], [-80.1326248, 25.8002445], [-80.1329925, 25.800224], [-80.1329824, 25.8000993], [-80.1328959, 25.8001036], [-80.1328934, 25.8000831], [-80.1329188, 25.8000823], [-80.1329162, 25.8000396], [-80.1328892, 25.8000409], [-80.1328879, 25.7999955], [-80.1329663, 25.7999907], [-80.1329529, 25.7997135], [-80.1327847, 25.7997272], [-80.1327891, 25.7997674], [-80.1327228, 25.7997748], [-80.13272, 25.7997295], [-80.1326025, 25.7997369], [-80.1326121, 25.7998802], [-80.1327258, 25.7998726], [-80.1327403, 25.8000495], [-80.1326202, 25.8000618], [-80.1326052, 25.799873], [-80.1325601, 25.7998783], [-80.1325761, 25.8000569], [-80.1325183, 25.8000602], [-80.1324935, 25.7996793], [-80.1324685, 25.7993112], [-80.1325137, 25.7993148], [-80.132566, 25.7993188], [-80.1325733, 25.799366], [-80.1327674, 25.799341], [-80.1327601, 25.799295], [-80.1328308, 25.7992723], [-80.1328536, 25.7995432], [-80.132979, 25.7995356], [-80.1329756, 25.7995018], [-80.1331141, 25.7994914], [-80.1333115, 25.7995711], [-80.1334031, 25.7996078], [-80.1334161, 25.7995837], [-80.1334815, 25.7996099], [-80.1336652, 25.7992284], [-80.133648, 25.7992224], [-80.1336644, 25.7991853], [-80.133672, 25.7991889], [-80.1337287, 25.799071], [-80.133621, 25.7990289], [-80.1336291, 25.7990119], [-80.1334576, 25.7989526], [-80.133444, 25.7989887], [-80.1331797, 25.7989175], [-80.1331684, 25.7989007], [-80.1331167, 25.7988947], [-80.1331057, 25.7985666], [-80.1331757, 25.7985334], [-80.1331678, 25.7983062], [-80.1326392, 25.7985707], [-80.1323114, 25.7986159], [-80.1322189, 25.7986674], [-80.1322308, 25.7987498], [-80.132197, 25.7987496], [-80.1321547, 25.7987617], [-80.1321631, 25.798851], [-80.1327034, 25.798764], [-80.1328809, 25.7986854], [-80.1328855, 25.7988307], [-80.1327967, 25.7988287], [-80.1327996, 25.7988822], [-80.1325313, 25.7989018], [-80.1325309, 25.7989186], [-80.132459, 25.7989205], [-80.1324685, 25.7990391], [-80.1325115, 25.7991891], [-80.1325514, 25.7991829], [-80.1325517, 25.7992066], [-80.1328268, 25.7991903], [-80.1328308, 25.7992369], [-80.1327516, 25.7992611], [-80.1327519, 25.7992515], [-80.1325551, 25.7992723], [-80.1325585, 25.7992851], [-80.1324629, 25.7992764], [-80.1324609, 25.799251], [-80.1321244, 25.7989141], [-80.1318823, 25.7989755], [-80.1318817, 25.7989684], [-80.1318314, 25.7989839], [-80.1318337, 25.7990159], [-80.1317758, 25.7990184], [-80.1317775, 25.7990418], [-80.1317093, 25.7990451], [-80.1317105, 25.7990666], [-80.1316423, 25.7990715], [-80.1316438, 25.7990937], [-80.1315746, 25.7990964], [-80.1315779, 25.7991384], [-80.1315394, 25.7991418], [-80.1315399, 25.7991534], [-80.1314784, 25.7991579], [-80.1314806, 25.7991893], [-80.1315298, 25.7991854], [-80.1315359, 25.7992719], [-80.1315648, 25.7992697], [-80.1315647, 25.7993044], [-80.1317427, 25.7992897], [-80.1317425, 25.7992967], [-80.1318231, 25.7992906], [-80.1318292, 25.7993496], [-80.13156, 25.7993665], [-80.131571, 25.7995074], [-80.1313487, 25.7995201], [-80.1313616, 25.799705], [-80.1314365, 25.7997004], [-80.1314375, 25.7997559], [-80.1315222, 25.7997497], [-80.1315209, 25.7997756], [-80.1315292, 25.7997755], [-80.1315346, 25.7998355], [-80.1315898, 25.7998336], [-80.1315854, 25.7997714], [-80.1319109, 25.7997511], [-80.1319146, 25.7998123], [-80.1319683, 25.7998082], [-80.1319655, 25.7997476], [-80.1319718, 25.7997484], [-80.1319739, 25.799718], [-80.1323239, 25.7997009], [-80.1323291, 25.7997493], [-80.1322713, 25.7997527], [-80.1322746, 25.7997865], [-80.1322587, 25.7997869]]]}}, {"id": "936", "type": "Feature", "properties": {"id": "52212f20-2db4-4066-8a02-ee4a8bb67e0f", "name": null, "subtype": null, "class": null, "height": 9.17002010345459, "num_floors": null, "surge_class": 0, "surge_ft": 0.0, "flood_active": false, "exposure_score": 0.0, "exposure_category": "none"}, "geometry": {"type": "Polygon", "coordinates": [[[-80.1328554, 25.7973628], [-80.1327723, 25.7974071], [-80.1328014, 25.7974513], [-80.132787, 25.797459], [-80.1328246, 25.7975162], [-80.1328366, 25.7975098], [-80.1328561, 25.7975394], [-80.1328909, 25.7975208], [-80.1328845, 25.7975111], [-80.1329295, 25.7974871], [-80.1329891, 25.7974553], [-80.1329946, 25.7974637], [-80.1330345, 25.7974424], [-80.1329492, 25.7973128], [-80.1328554, 25.7973628]]]}}, {"id": "937", "type": "Feature", "properties": {"id": "f0bcfe90-c745-4624-b5c8-95576d0cfc1b", "name": null, "subtype": null, "class": null, "height": 12.511152267456055, "num_floors": null, "surge_class": 0, "surge_ft": 0.0, "flood_active": false, "exposure_score": 0.0, "exposure_category": "none"}, "geometry": {"type": "Polygon", "coordinates": [[[-80.1328086, 25.7975884], [-80.1326797, 25.7973907], [-80.1326057, 25.7974297], [-80.1327345, 25.7976275], [-80.1328086, 25.7975884]]]}}, {"id": "938", "type": "Feature", "properties": {"id": "f6ade5de-9376-42a1-b73c-9ca52931da78", "name": "Miami Beach Convention Center", "subtype": null, "class": null, "height": 27.4, "num_floors": null, "surge_class": 0, "surge_ft": 0.0, "flood_active": false, "exposure_score": 0.0, "exposure_category": "none"}, "geometry": {"type": "Polygon", "coordinates": [[[-80.1334817, 25.797014], [-80.1348807, 25.7964125], [-80.1347144, 25.7948755], [-80.1347807, 25.7933412], [-80.1328445, 25.7934336], [-80.1328049, 25.7933365], [-80.132176, 25.7933553], [-80.132266, 25.7961758], [-80.1322721, 25.7965985], [-80.1322729, 25.796657], [-80.1323068, 25.7966674], [-80.1328329, 25.7968279], [-80.1334817, 25.797014]]]}}, {"id": "939", "type": "Feature", "properties": {"id": "bc4900cf-0fe2-4daf-9dc3-75eaa01b181e", "name": null, "subtype": "residential", "class": "apartments", "height": 49.4, "num_floors": null, "surge_class": 0, "surge_ft": 0.0, "flood_active": false, "exposure_score": 0.0, "exposure_category": "none"}, "geometry": {"type": "Polygon", "coordinates": [[[-80.1315469, 25.7949331], [-80.1316955, 25.7949313], [-80.131794, 25.7948364], [-80.1317893, 25.7947037], [-80.1316873, 25.7946245], [-80.1315433, 25.794629], [-80.1314458, 25.7947172], [-80.1314491, 25.7948454], [-80.1315469, 25.7949331]], [[-80.1316382, 25.7948231], [-80.1315993, 25.7948237], [-80.1315644, 25.794793], [-80.1315617, 25.7947474], [-80.1315952, 25.7947166], [-80.1316492, 25.7947129], [-80.131684, 25.7947462], [-80.1316861, 25.7947806], [-80.1316635, 25.7947591], [-80.1316143, 25.794804], [-80.1316382, 25.7948231]]]}}, {"id": "940", "type": "Feature", "properties": {"id": "906598d2-7af5-489a-8a3e-3592ff5ba505", "name": null, "subtype": null, "class": null, "height": 13.3, "num_floors": null, "surge_class": 0, "surge_ft": 0.0, "flood_active": false, "exposure_score": 0.0, "exposure_category": "none"}, "geometry": {"type": "Polygon", "coordinates": [[[-80.1314274, 25.7959073], [-80.1318588, 25.7960549], [-80.1318698, 25.7960285], [-80.1318891, 25.7960351], [-80.1319158, 25.7959712], [-80.1318952, 25.7959642], [-80.1319044, 25.7959422], [-80.1316075, 25.7958407], [-80.1316961, 25.7956284], [-80.1315629, 25.7955828], [-80.1314274, 25.7959073]]]}}, {"id": "941", "type": "Feature", "properties": {"id": "21a20c5c-5751-4e66-aa14-1272fa96caee", "name": null, "subtype": null, "class": null, "height": 16.5, "num_floors": null, "surge_class": 0, "surge_ft": 0.0, "flood_active": false, "exposure_score": 0.0, "exposure_category": "none"}, "geometry": {"type": "Polygon", "coordinates": [[[-80.1318482, 25.79512], [-80.1318051, 25.7951133], [-80.1317593, 25.7951167], [-80.1317134, 25.7951506], [-80.131692, 25.7951883], [-80.1315473, 25.7955265], [-80.1319095, 25.7956484], [-80.1318941, 25.7952107], [-80.1318783, 25.7951523], [-80.1318482, 25.79512]], [[-80.1318034, 25.7952243], [-80.1318032, 25.795266], [-80.1318074, 25.7955141], [-80.1316736, 25.7954724], [-80.1317603, 25.7952738], [-80.1317818, 25.7952236], [-80.1317884, 25.7952173], [-80.131797, 25.7952182], [-80.1318034, 25.7952243]]]}}, {"id": "942", "type": "Feature", "properties": {"id": "98ef54ee-ec8e-4f0d-a904-6134e44169de", "name": null, "subtype": null, "class": null, "height": 8.9, "num_floors": null, "surge_class": 0, "surge_ft": 0.0, "flood_active": false, "exposure_score": 0.0, "exposure_category": "none"}, "geometry": {"type": "Polygon", "coordinates": [[[-80.1316945, 25.7961042], [-80.1316538, 25.796193], [-80.1318959, 25.796267], [-80.1319277, 25.7962517], [-80.131924, 25.7961797], [-80.1316945, 25.7961042]]]}}, {"id": "943", "type": "Feature", "properties": {"id": "45367bb2-89fd-44a7-93a2-6378db2ad0ab", "name": null, "subtype": null, "class": null, "height": 17.6, "num_floors": null, "surge_class": 0, "surge_ft": 0.0, "flood_active": false, "exposure_score": 0.0, "exposure_category": "none"}, "geometry": {"type": "Polygon", "coordinates": [[[-80.1316636, 25.7962249], [-80.131604, 25.7963585], [-80.1319122, 25.7964616], [-80.1319381, 25.7964419], [-80.1319326, 25.7963149], [-80.1316636, 25.7962249]]]}}, {"id": "944", "type": "Feature", "properties": {"id": "98c92997-ca25-4473-8cc6-f42fb42913b8", "name": null, "subtype": null, "class": null, "height": 8.2, "num_floors": null, "surge_class": 0, "surge_ft": 0.0, "flood_active": false, "exposure_score": 0.0, "exposure_category": "none"}, "geometry": {"type": "Polygon", "coordinates": [[[-80.1318493, 25.7969759], [-80.1317285, 25.7972672], [-80.1319401, 25.7973355], [-80.1319594, 25.797326], [-80.1319543, 25.797009], [-80.1318493, 25.7969759]]]}}, {"id": "945", "type": "Feature", "properties": {"id": "c484cb99-c56e-4563-b88f-76ed883eba73", "name": null, "subtype": null, "class": null, "height": 14.3, "num_floors": null, "surge_class": 0, "surge_ft": 0.0, "flood_active": false, "exposure_score": 0.0, "exposure_category": "none"}, "geometry": {"type": "Polygon", "coordinates": [[[-80.1318724, 25.7966234], [-80.1318043, 25.7966021], [-80.1316907, 25.796884], [-80.1319086, 25.7969552], [-80.1319366, 25.7968822], [-80.1319292, 25.7968665], [-80.1318354, 25.7968321], [-80.1319055, 25.7966678], [-80.1318971, 25.7966407], [-80.1318724, 25.7966234]]]}}, {"id": "946", "type": "Feature", "properties": {"id": "8b2f56b2-e3f7-44a5-85cc-241d295d578e", "name": null, "subtype": null, "class": null, "height": 9.8, "num_floors": null, "surge_class": 0, "surge_ft": 0.0, "flood_active": false, "exposure_score": 0.0, "exposure_category": "none"}, "geometry": {"type": "Polygon", "coordinates": [[[-80.1316745, 25.796571], [-80.1315614, 25.7968499], [-80.1316497, 25.7968792], [-80.1317628, 25.7966003], [-80.1316745, 25.796571]]]}}, {"id": "947", "type": "Feature", "properties": {"id": "687dd7ac-7774-4204-a98d-3b89377718f0", "name": null, "subtype": null, "class": null, "height": 7.8, "num_floors": null, "surge_class": 0, "surge_ft": 0.0, "flood_active": false, "exposure_score": 0.0, "exposure_category": "none"}, "geometry": {"type": "Polygon", "coordinates": [[[-80.1315305, 25.7965165], [-80.1314102, 25.7968077], [-80.1315385, 25.7968511], [-80.1316587, 25.7965599], [-80.1315305, 25.7965165]]]}}, {"id": "948", "type": "Feature", "properties": {"id": "1a513cbb-a0d6-4691-831c-c67c548a95a3", "name": null, "subtype": null, "class": null, "height": 8.1, "num_floors": null, "surge_class": 0, "surge_ft": 0.0, "flood_active": false, "exposure_score": 0.0, "exposure_category": "none"}, "geometry": {"type": "Polygon", "coordinates": [[[-80.1316842, 25.7969332], [-80.1315665, 25.7972243], [-80.131702, 25.7972692], [-80.1318198, 25.7969781], [-80.1316842, 25.7969332]]]}}, {"id": "949", "type": "Feature", "properties": {"id": "3e07a03f-8e8c-4846-affc-b83b96396683", "name": null, "subtype": null, "class": null, "height": 20.7, "num_floors": null, "surge_class": 0, "surge_ft": 0.0, "flood_active": false, "exposure_score": 0.0, "exposure_category": "none"}, "geometry": {"type": "Polygon", "coordinates": [[[-80.1313723, 25.7970096], [-80.1313241, 25.7971228], [-80.1315493, 25.7972012], [-80.1316673, 25.7969238], [-80.131496, 25.7968641], [-80.1314641, 25.7969391], [-80.1314839, 25.796946], [-80.131446, 25.7970352], [-80.1313723, 25.7970096]]]}}, {"id": "950", "type": "Feature", "properties": {"id": "bcb3cc8c-afb1-4d61-b379-c63d84e6beda", "name": null, "subtype": null, "class": null, "height": 15.7, "num_floors": null, "surge_class": 1, "surge_ft": 0.5, "flood_active": false, "exposure_score": 0.015, "exposure_category": "low"}, "geometry": {"type": "Polygon", "coordinates": [[[-80.1311284, 25.796573], [-80.1310791, 25.7966951], [-80.1312967, 25.7967724], [-80.131428, 25.7967152], [-80.1315085, 25.7965164], [-80.1313759, 25.7964732], [-80.1313447, 25.7965419], [-80.1313668, 25.7965487], [-80.1313522, 25.796584], [-80.1313356, 25.7965669], [-80.1313208, 25.7965596], [-80.1313043, 25.7965565], [-80.1312875, 25.7965578], [-80.1312718, 25.7965633], [-80.1312529, 25.7965784], [-80.131245, 25.796592], [-80.1312417, 25.796607], [-80.1312442, 25.7966248], [-80.131237, 25.7966296], [-80.1312003, 25.7966155], [-80.1312117, 25.7965971], [-80.1311284, 25.796573]]]}}, {"id": "951", "type": "Feature", "properties": {"id": "71dad63d-837a-4bbc-a88e-1ec667bdb398", "name": null, "subtype": null, "class": null, "height": 13.8, "num_floors": null, "surge_class": 0, "surge_ft": 0.0, "flood_active": false, "exposure_score": 0.0, "exposure_category": "none"}, "geometry": {"type": "Polygon", "coordinates": [[[-80.1312739, 25.7962246], [-80.1315714, 25.7963234], [-80.1316212, 25.7961917], [-80.1314104, 25.7961187], [-80.1314134, 25.7961033], [-80.1314119, 25.7960887], [-80.1314072, 25.7960751], [-80.131396, 25.7960654], [-80.1313786, 25.7960608], [-80.1313641, 25.7960609], [-80.1313506, 25.7960655], [-80.13134, 25.7960728], [-80.1313292, 25.7960898], [-80.1312739, 25.7962246]]]}}, {"id": "952", "type": "Feature", "properties": {"id": "8442c3a3-c6d9-46a8-9e61-cb408a3f2c8a", "name": "Iberostar Waves Miami Beach", "subtype": "commercial", "class": "hotel", "height": 11.7, "num_floors": null, "surge_class": 0, "surge_ft": 0.0, "flood_active": false, "exposure_score": 0.0, "exposure_category": "none"}, "geometry": {"type": "Polygon", "coordinates": [[[-80.1306994, 25.7960391], [-80.1310769, 25.7961658], [-80.1311931, 25.7958821], [-80.1310978, 25.7958502], [-80.1310109, 25.7960623], [-80.1308157, 25.7959969], [-80.1309033, 25.7957831], [-80.1308162, 25.7957539], [-80.1306994, 25.7960391]]]}}, {"id": "953", "type": "Feature", "properties": {"id": "9c4cf285-1977-4f5d-8a53-ca0411fce75a", "name": null, "subtype": null, "class": null, "height": 16.5, "num_floors": null, "surge_class": 0, "surge_ft": 0.0, "flood_active": false, "exposure_score": 0.0, "exposure_category": "none"}, "geometry": {"type": "Polygon", "coordinates": [[[-80.1310503, 25.7967236], [-80.1309352, 25.7970084], [-80.131266, 25.7971181], [-80.1313262, 25.7969755], [-80.1311805, 25.7969237], [-80.1312275, 25.7967815], [-80.1310503, 25.7967236]]]}}, {"id": "954", "type": "Feature", "properties": {"id": "c7005e41-091e-478d-862a-273ba1ad98c8", "name": "Plymouth Hotel", "subtype": null, "class": null, "height": 14.6, "num_floors": null, "surge_class": 0, "surge_ft": 0.0, "flood_active": false, "exposure_score": 0.0, "exposure_category": "none"}, "geometry": {"type": "Polygon", "coordinates": [[[-80.1303471, 25.7968044], [-80.1307397, 25.7969434], [-80.1308644, 25.7966577], [-80.1307022, 25.7966003], [-80.1306294, 25.796767], [-80.1303991, 25.7966854], [-80.1303471, 25.7968044]]]}}, {"id": "955", "type": "Feature", "properties": {"id": "2ee32a93-bc8c-4f01-9def-c929c980fc95", "name": null, "subtype": null, "class": null, "height": 16.3, "num_floors": null, "surge_class": 0, "surge_ft": 0.0, "flood_active": false, "exposure_score": 0.0, "exposure_category": "none"}, "geometry": {"type": "Polygon", "coordinates": [[[-80.1306177, 25.7962149], [-80.130502, 25.7965012], [-80.1308927, 25.7966306], [-80.131007, 25.7963478], [-80.1308866, 25.7963079], [-80.1308261, 25.7964574], [-80.1306811, 25.7964094], [-80.1307429, 25.7962564], [-80.1306177, 25.7962149]]]}}, {"id": "956", "type": "Feature", "properties": {"id": "f6ddc3da-f3bd-4128-8e1d-b492b9378984", "name": null, "subtype": null, "class": null, "height": 10.795286178588867, "num_floors": null, "surge_class": 0, "surge_ft": 0.0, "flood_active": false, "exposure_score": 0.0, "exposure_category": "none"}, "geometry": {"type": "Polygon", "coordinates": [[[-80.1303771, 25.7956142], [-80.1302714, 25.7958718], [-80.1303342, 25.7958914], [-80.1304211, 25.7959028], [-80.130464, 25.7959039], [-80.1304749, 25.795899], [-80.1304972, 25.7958354], [-80.1304103, 25.7958088], [-80.1304441, 25.7957294], [-80.1304894, 25.7957419], [-80.1304785, 25.7957707], [-80.1305298, 25.7957848], [-80.1305757, 25.7956805], [-80.1303771, 25.7956142]]]}}, {"id": "957", "type": "Feature", "properties": {"id": "f55748e0-82c9-4b1c-866b-14ffd5a296b3", "name": null, "subtype": null, "class": null, "height": 9.5, "num_floors": null, "surge_class": 0, "surge_ft": 0.0, "flood_active": false, "exposure_score": 0.0, "exposure_category": "none"}, "geometry": {"type": "Polygon", "coordinates": [[[-80.1303989, 25.7955817], [-80.1306417, 25.7956586], [-80.1307209, 25.7954536], [-80.1306285, 25.7954243], [-80.1305624, 25.795595], [-80.1305049, 25.7955768], [-80.1305705, 25.7954071], [-80.1304777, 25.7953777], [-80.1303989, 25.7955817]]]}}, {"id": "958", "type": "Feature", "properties": {"id": "d0aafb82-cd79-4e48-bef0-3d8f80abe1c8", "name": null, "subtype": null, "class": null, "height": 11.4, "num_floors": null, "surge_class": 0, "surge_ft": 0.0, "flood_active": false, "exposure_score": 0.0, "exposure_category": "none"}, "geometry": {"type": "Polygon", "coordinates": [[[-80.1305843, 25.7951284], [-80.1304997, 25.7953293], [-80.1307486, 25.7954148], [-80.1308749, 25.7951179], [-80.1305843, 25.7951284]], [[-80.1306113, 25.7952722], [-80.1306342, 25.7952158], [-80.1307424, 25.7952176], [-80.1307024, 25.7953015], [-80.1306113, 25.7952722]]]}}, {"id": "959", "type": "Feature", "properties": {"id": "c224d04b-c83b-4037-8420-2e585d15bfe1", "name": null, "subtype": null, "class": null, "height": 5.0, "num_floors": null, "surge_class": 0, "surge_ft": 0.0, "flood_active": false, "exposure_score": 0.0, "exposure_category": "none"}, "geometry": {"type": "Polygon", "coordinates": [[[-80.1306808, 25.7956163], [-80.1306559, 25.795668], [-80.1307653, 25.7957112], [-80.1307902, 25.7956596], [-80.1306808, 25.7956163]]]}}, {"id": "960", "type": "Feature", "properties": {"id": "1c00f148-536f-42f4-8bf3-14468e1ce90f", "name": "Riviera Hotel & Suites South Beach", "subtype": null, "class": null, "height": 8.006755828857422, "num_floors": null, "surge_class": 0, "surge_ft": 0.0, "flood_active": false, "exposure_score": 0.0, "exposure_category": "none"}, "geometry": {"type": "Polygon", "coordinates": [[[-80.1304754, 25.7959491], [-80.1306602, 25.7960114], [-80.1307733, 25.7957397], [-80.1306344, 25.7956929], [-80.1305693, 25.7958672], [-80.130518, 25.7958469], [-80.1304754, 25.7959491]]]}}, {"id": "961", "type": "Feature", "properties": {"id": "13428d16-5376-41b9-a1d4-5de9e07a15bd", "name": null, "subtype": null, "class": null, "height": 7.3, "num_floors": null, "surge_class": 0, "surge_ft": 0.0, "flood_active": false, "exposure_score": 0.0, "exposure_category": "none"}, "geometry": {"type": "Polygon", "coordinates": [[[-80.1307873, 25.7957311], [-80.1311771, 25.7958636], [-80.1312133, 25.7957772], [-80.1308235, 25.7956447], [-80.1307873, 25.7957311]]]}}, {"id": "962", "type": "Feature", "properties": {"id": "3cf68faa-adb8-452e-89fd-b80dc1f1d8b3", "name": null, "subtype": null, "class": null, "height": 12.6, "num_floors": null, "surge_class": 0, "surge_ft": 0.0, "flood_active": false, "exposure_score": 0.0, "exposure_category": "none"}, "geometry": {"type": "Polygon", "coordinates": [[[-80.1308673, 25.7955299], [-80.130831, 25.7956153], [-80.1312264, 25.7957528], [-80.1312626, 25.7956674], [-80.1308673, 25.7955299]]]}}, {"id": "963", "type": "Feature", "properties": {"id": "b6b6f463-c9b9-496e-ad8f-edaf13bbf51e", "name": null, "subtype": null, "class": null, "height": 8.5, "num_floors": null, "surge_class": 0, "surge_ft": 0.0, "flood_active": false, "exposure_score": 0.0, "exposure_category": "none"}, "geometry": {"type": "Polygon", "coordinates": [[[-80.1309529, 25.7954485], [-80.1309227, 25.7955222], [-80.1312638, 25.7956368], [-80.131294, 25.7955631], [-80.1309529, 25.7954485]]]}}, {"id": "964", "type": "Feature", "properties": {"id": "8aeea4b3-2bec-4006-b7f2-0c7273e7e4ae", "name": null, "subtype": null, "class": null, "height": 8.2, "num_floors": null, "surge_class": 0, "surge_ft": 0.0, "flood_active": false, "exposure_score": 0.0, "exposure_category": "none"}, "geometry": {"type": "Polygon", "coordinates": [[[-80.1310525, 25.7951359], [-80.1309446, 25.7954004], [-80.1313249, 25.7955309], [-80.1314736, 25.7951738], [-80.1314328, 25.795159], [-80.1314439, 25.7951326], [-80.1313702, 25.7951056], [-80.1313489, 25.7951436], [-80.1313366, 25.7951393], [-80.1312442, 25.7953753], [-80.1311184, 25.7953353], [-80.1311775, 25.795198], [-80.1312064, 25.795208], [-80.1312397, 25.7951338], [-80.131171, 25.7951112], [-80.1310525, 25.7951359]]]}}, {"id": "965", "type": "Feature", "properties": {"id": "9c292a7c-2cf9-42e1-9d58-27e5c5b9e164", "name": null, "subtype": null, "class": null, "height": 9.6, "num_floors": null, "surge_class": 0, "surge_ft": 0.0, "flood_active": false, "exposure_score": 0.0, "exposure_category": "none"}, "geometry": {"type": "Polygon", "coordinates": [[[-80.1309845, 25.7946753], [-80.130994, 25.7949884], [-80.1313907, 25.7949785], [-80.1313811, 25.7946654], [-80.1309845, 25.7946753]], [[-80.1310687, 25.7947956], [-80.1312815, 25.7947938], [-80.1312822, 25.7948629], [-80.1310694, 25.7948647], [-80.1310687, 25.7947956]]]}}, {"id": "966", "type": "Feature", "properties": {"id": "a17502ed-5227-42a1-8b55-7b85d0292d09", "name": null, "subtype": null, "class": null, "height": 12.0, "num_floors": null, "surge_class": 0, "surge_ft": 0.0, "flood_active": false, "exposure_score": 0.0, "exposure_category": "none"}, "geometry": {"type": "Polygon", "coordinates": [[[-80.130597, 25.7948113], [-80.1305989, 25.7948808], [-80.1301272, 25.7948917], [-80.1301302, 25.7949988], [-80.1306685, 25.7949864], [-80.1306604, 25.7946992], [-80.1301208, 25.7947117], [-80.1301239, 25.7948223], [-80.130597, 25.7948113]]]}}, {"id": "967", "type": "Feature", "properties": {"id": "225ba097-5fe4-43c1-913b-d2a5b71b2f73", "name": null, "subtype": null, "class": null, "height": 10.5, "num_floors": null, "surge_class": 0, "surge_ft": 0.0, "flood_active": false, "exposure_score": 0.0, "exposure_category": "none"}, "geometry": {"type": "Polygon", "coordinates": [[[-80.1301246, 25.7946758], [-80.1306607, 25.7946596], [-80.1306572, 25.7945657], [-80.1302986, 25.7945766], [-80.1302976, 25.7945501], [-80.1301201, 25.7945555], [-80.1301246, 25.7946758]]]}}, {"id": "968", "type": "Feature", "properties": {"id": "50569078-c87d-473a-8a5c-9140a2ecf102", "name": null, "subtype": null, "class": null, "height": 7.4, "num_floors": null, "surge_class": 0, "surge_ft": 0.0, "flood_active": false, "exposure_score": 0.0, "exposure_category": "none"}, "geometry": {"type": "Polygon", "coordinates": [[[-80.1300434, 25.7954818], [-80.1300261, 25.795529], [-80.1301895, 25.7955781], [-80.1302068, 25.795531], [-80.1300434, 25.7954818]]]}}, {"id": "969", "type": "Feature", "properties": {"id": "6315c2ac-9e9a-459a-aeb5-a8ee5d208102", "name": null, "subtype": null, "class": null, "height": 9.8, "num_floors": null, "surge_class": 0, "surge_ft": 0.0, "flood_active": false, "exposure_score": 0.0, "exposure_category": "none"}, "geometry": {"type": "Polygon", "coordinates": [[[-80.1300358, 25.7956179], [-80.1299627, 25.7957904], [-80.1300839, 25.7958325], [-80.1301571, 25.79566], [-80.1300358, 25.7956179]]]}}, {"id": "970", "type": "Feature", "properties": {"id": "3806f54e-f6dc-4ac4-a411-4d7333b1f64b", "name": null, "subtype": null, "class": null, "height": 10.3, "num_floors": null, "surge_class": 0, "surge_ft": 0.0, "flood_active": false, "exposure_score": 0.0, "exposure_category": "none"}, "geometry": {"type": "MultiPolygon", "coordinates": [[[[-80.1301353, 25.7953121], [-80.1301799, 25.7952002], [-80.1301227, 25.7951817], [-80.130114, 25.7952035], [-80.1299646, 25.7951552], [-80.1299543, 25.7951809], [-80.1299225, 25.7951706], [-80.1298968, 25.7952351], [-80.1301353, 25.7953121]]], [[[-80.129892, 25.7951758], [-80.1297655, 25.7951339], [-80.1297495, 25.795173], [-80.1297297, 25.7951665], [-80.1297073, 25.7952213], [-80.1295232, 25.7951604], [-80.1295163, 25.7951772], [-80.1294359, 25.7951506], [-80.1293904, 25.7952621], [-80.1298013, 25.795398], [-80.129892, 25.7951758]]], [[[-80.1302787, 25.795196], [-80.1302198, 25.7951759], [-80.1301844, 25.7952612], [-80.1302141, 25.7952713], [-80.1301932, 25.7953218], [-80.1301689, 25.7953135], [-80.1301065, 25.7954637], [-80.1302251, 25.795504], [-80.1302511, 25.7954414], [-80.1302003, 25.7954241], [-80.1302129, 25.7953937], [-80.1302544, 25.7954078], [-80.130319, 25.7952522], [-80.1302633, 25.7952333], [-80.1302787, 25.795196]]]]}}, {"id": "971", "type": "Feature", "properties": {"id": "49b69285-8ffd-4136-a2e6-e1ee482f2cfc", "name": null, "subtype": null, "class": null, "height": null, "num_floors": null, "surge_class": 0, "surge_ft": 0.0, "flood_active": false, "exposure_score": 0.0, "exposure_category": "none"}, "geometry": {"type": "MultiPolygon", "coordinates": [[[[-80.1299646, 25.7951552], [-80.1299543, 25.7951809], [-80.1299225, 25.7951706], [-80.1298968, 25.7952351], [-80.1301353, 25.7953121], [-80.1301799, 25.7952002], [-80.1301227, 25.7951817], [-80.130114, 25.7952035], [-80.1299646, 25.7951552]]], [[[-80.1294359, 25.7951506], [-80.1293904, 25.7952621], [-80.1298013, 25.795398], [-80.129892, 25.7951758], [-80.1297655, 25.7951339], [-80.1297495, 25.795173], [-80.1297297, 25.7951665], [-80.1297073, 25.7952213], [-80.1295232, 25.7951604], [-80.1295163, 25.7951772], [-80.1294359, 25.7951506]]], [[[-80.1302544, 25.7954078], [-80.130319, 25.7952522], [-80.1302633, 25.7952333], [-80.1302787, 25.795196], [-80.1302198, 25.7951759], [-80.1301844, 25.7952612], [-80.1302141, 25.7952713], [-80.1301932, 25.7953218], [-80.1301689, 25.7953135], [-80.1301065, 25.7954637], [-80.1302251, 25.795504], [-80.1302511, 25.7954414], [-80.1302003, 25.7954241], [-80.1302129, 25.7953937], [-80.1302544, 25.7954078]]], [[[-80.1298439, 25.7953184], [-80.1298164, 25.7953872], [-80.1300639, 25.7954683], [-80.1300914, 25.7953994], [-80.1299682, 25.7953577], [-80.1298439, 25.7953184]]]]}}, {"id": "972", "type": "Feature", "properties": {"id": "a84bb852-9dab-4894-8aa8-06306a698042", "name": "Lennox Miami Beach", "subtype": null, "class": null, "height": null, "num_floors": null, "surge_class": 0, "surge_ft": 0.0, "flood_active": false, "exposure_score": 0.0, "exposure_category": "none"}, "geometry": {"type": "MultiPolygon", "coordinates": [[[[-80.1301227, 25.7951817], [-80.130114, 25.7952035], [-80.1299646, 25.7951552], [-80.1299543, 25.7951809], [-80.1299225, 25.7951706], [-80.1298968, 25.7952351], [-80.1301353, 25.7953121], [-80.1301799, 25.7952002], [-80.1301227, 25.7951817]]], [[[-80.1297073, 25.7952213], [-80.1295232, 25.7951604], [-80.1295163, 25.7951772], [-80.1294359, 25.7951506], [-80.1293904, 25.7952621], [-80.1298013, 25.795398], [-80.129892, 25.7951758], [-80.1297655, 25.7951339], [-80.1297495, 25.795173], [-80.1297297, 25.7951665], [-80.1297073, 25.7952213]]]]}}, {"id": "973", "type": "Feature", "properties": {"id": "bd664892-bce5-4728-a03d-839336c71e43", "name": null, "subtype": null, "class": null, "height": 6.376753330230713, "num_floors": null, "surge_class": 0, "surge_ft": 0.0, "flood_active": false, "exposure_score": 0.0, "exposure_category": "none"}, "geometry": {"type": "Polygon", "coordinates": [[[-80.1297585, 25.7954484], [-80.1297608, 25.7954002], [-80.1296938, 25.7953977], [-80.1296916, 25.7954459], [-80.1297585, 25.7954484]]]}}, {"id": "974", "type": "Feature", "properties": {"id": "6317d889-6468-4123-bd66-bc7fe7b3f1bd", "name": null, "subtype": null, "class": null, "height": 12.3, "num_floors": null, "surge_class": 0, "surge_ft": 0.0, "flood_active": false, "exposure_score": 0.0, "exposure_category": "none"}, "geometry": {"type": "Polygon", "coordinates": [[[-80.1298522, 25.7955073], [-80.12991, 25.7955268], [-80.1298198, 25.7957453], [-80.1299064, 25.7957746], [-80.1300245, 25.7954886], [-80.1297962, 25.7954113], [-80.1296766, 25.7957009], [-80.1297605, 25.7957293], [-80.1298522, 25.7955073]]]}}, {"id": "975", "type": "Feature", "properties": {"id": "7749a651-3f23-4ab1-8bff-cb8504ac446e", "name": "Greystone Hotel", "subtype": null, "class": null, "height": 18.9, "num_floors": 4, "surge_class": 0, "surge_ft": 0.0, "flood_active": false, "exposure_score": 0.0, "exposure_category": "none"}, "geometry": {"type": "Polygon", "coordinates": [[[-80.1296837, 25.7956393], [-80.1297098, 25.7955782], [-80.1293187, 25.7954423], [-80.1292683, 25.7955599], [-80.1292697, 25.7955689], [-80.1292746, 25.7955759], [-80.1293569, 25.7956045], [-80.1293537, 25.7956119], [-80.129612, 25.7957017], [-80.1296113, 25.7957034], [-80.1296504, 25.795717], [-80.1296776, 25.7956534], [-80.1296508, 25.7956441], [-80.1296569, 25.79563], [-80.1296837, 25.7956393]]]}}, {"id": "976", "type": "Feature", "properties": {"id": "8cd6e9ee-e3b6-4bbc-820d-f768e01311fd", "name": "B\u00e2oli Miami", "subtype": "commercial", "class": null, "height": null, "num_floors": null, "surge_class": 0, "surge_ft": 0.0, "flood_active": false, "exposure_score": 0.0, "exposure_category": "none"}, "geometry": {"type": "Polygon", "coordinates": [[[-80.1293933, 25.7952757], [-80.1293357, 25.7954152], [-80.1294732, 25.7954612], [-80.1295274, 25.7953299], [-80.1294222, 25.7952947], [-80.1294209, 25.795285], [-80.1293933, 25.7952757]]]}}, {"id": "977", "type": "Feature", "properties": {"id": "b592e766-bbb8-44be-86da-a8477bc4c965", "name": "Dorchester Miami Beach Hotel & Suites", "subtype": null, "class": null, "height": 15.7, "num_floors": null, "surge_class": 0, "surge_ft": 0.0, "flood_active": false, "exposure_score": 0.0, "exposure_category": "none"}, "geometry": {"type": "Polygon", "coordinates": [[[-80.1295637, 25.7948049], [-80.1295657, 25.7948725], [-80.1295492, 25.7948729], [-80.1295512, 25.79494], [-80.1295374, 25.7949404], [-80.1295399, 25.795023], [-80.1301132, 25.795009], [-80.1301038, 25.7946972], [-80.1299177, 25.7947017], [-80.1299224, 25.7948557], [-80.1296619, 25.7948621], [-80.1296601, 25.7948026], [-80.1295637, 25.7948049]]]}}, {"id": "978", "type": "Feature", "properties": {"id": "49486899-a62f-4a94-9bf8-125a16738e42", "name": "The Originals Shore Club Miami Beach", "subtype": null, "class": null, "height": null, "num_floors": null, "surge_class": 0, "surge_ft": 0.0, "flood_active": false, "exposure_score": 0.0, "exposure_category": "none"}, "geometry": {"type": "Polygon", "coordinates": [[[-80.1291753, 25.7948963], [-80.1292307, 25.7948951], [-80.129227, 25.7947819], [-80.1291855, 25.794783], [-80.1291332, 25.7947844], [-80.1291322, 25.7947525], [-80.1291235, 25.794744], [-80.1291453, 25.7947435], [-80.1291428, 25.7946695], [-80.1291658, 25.7946689], [-80.129163, 25.7945838], [-80.1286195, 25.7945984], [-80.128612, 25.794605], [-80.1286124, 25.7946257], [-80.1285344, 25.7946269], [-80.128534, 25.7946018], [-80.1283739, 25.7946043], [-80.1283753, 25.7946781], [-80.128418, 25.7946774], [-80.1284187, 25.794713], [-80.1285111, 25.7947116], [-80.1285114, 25.7947282], [-80.1285492, 25.7947276], [-80.1285495, 25.7947445], [-80.1286685, 25.7947425], [-80.1286683, 25.7947333], [-80.1287826, 25.7947313], [-80.1287828, 25.794741], [-80.1288514, 25.7947398], [-80.1287927, 25.7948858], [-80.1283045, 25.7947264], [-80.1282413, 25.7948836], [-80.1280364, 25.7948167], [-80.1279358, 25.7950666], [-80.1283628, 25.7952059], [-80.1284181, 25.7950686], [-80.1285905, 25.7951249], [-80.1286307, 25.7950248], [-80.1288271, 25.795089], [-80.1291025, 25.7950827], [-80.1290986, 25.794944], [-80.1291382, 25.7949431], [-80.1291369, 25.7948972], [-80.1291753, 25.7948963]]]}}, {"id": "979", "type": "Feature", "properties": {"id": "fd5bbd64-0038-4c00-be00-102836479412", "name": "Townhouse Hotel Miami", "subtype": null, "class": null, "height": null, "num_floors": null, "surge_class": 0, "surge_ft": 0.0, "flood_active": false, "exposure_score": 0.0, "exposure_category": "none"}, "geometry": {"type": "Polygon", "coordinates": [[[-80.1286323, 25.7953763], [-80.1290293, 25.7955003], [-80.129049, 25.7954492], [-80.1290621, 25.7954533], [-80.1291345, 25.7952656], [-80.1291355, 25.7952218], [-80.1287396, 25.7950981], [-80.1286323, 25.7953763]]]}}, {"id": "980", "type": "Feature", "properties": {"id": "83014875-09b3-4a1d-a295-c8b5130faba9", "name": "The Setai Miami Beach", "subtype": null, "class": null, "height": 15.995884895324707, "num_floors": null, "surge_class": 0, "surge_ft": 0.0, "flood_active": false, "exposure_score": 0.0, "exposure_category": "none"}, "geometry": {"type": "Polygon", "coordinates": [[[-80.1286092, 25.7955305], [-80.1283554, 25.7961443], [-80.1285306, 25.7962028], [-80.1285252, 25.796215], [-80.1286706, 25.7962581], [-80.128713, 25.7962402], [-80.1289442, 25.7956744], [-80.1289261, 25.795637], [-80.1286092, 25.7955305]]]}}, {"id": "981", "type": "Feature", "properties": {"id": "0945d2a6-a28b-4339-a32f-a4827292872b", "name": "Boulan South Beach", "subtype": null, "class": null, "height": null, "num_floors": null, "surge_class": 0, "surge_ft": 0.0, "flood_active": false, "exposure_score": 0.0, "exposure_category": "none"}, "geometry": {"type": "MultiPolygon", "coordinates": [[[[-80.1292197, 25.7961673], [-80.1292511, 25.7960892], [-80.1294825, 25.7961654], [-80.1296097, 25.7958487], [-80.1291882, 25.79571], [-80.1289298, 25.7963533], [-80.1291643, 25.7964305], [-80.1292642, 25.796182], [-80.1292197, 25.7961673]]], [[[-80.1291722, 25.7964417], [-80.1293275, 25.7964949], [-80.1294644, 25.7961669], [-80.12927, 25.7961004], [-80.1292459, 25.796158], [-80.129285, 25.7961714], [-80.1291722, 25.7964417]]]]}}, {"id": "982", "type": "Feature", "properties": {"id": "bd4668b4-e572-4f0d-aa0d-a5be00bf52c5", "name": null, "subtype": "civic", "class": null, "height": null, "num_floors": null, "surge_class": 0, "surge_ft": 0.0, "flood_active": false, "exposure_score": 0.0, "exposure_category": "none"}, "geometry": {"type": "Polygon", "coordinates": [[[-80.1288186, 25.7966461], [-80.128838, 25.7966522], [-80.1288587, 25.7965989], [-80.1288394, 25.7965928], [-80.1288186, 25.7966461]]]}}, {"id": "983", "type": "Feature", "properties": {"id": "bf464591-7a19-4223-bf08-e0b21da077f7", "name": "SBH South Beach Hotel", "subtype": null, "class": null, "height": 11.8, "num_floors": null, "surge_class": 0, "surge_ft": 0.0, "flood_active": false, "exposure_score": 0.0, "exposure_category": "none"}, "geometry": {"type": "Polygon", "coordinates": [[[-80.1297106, 25.7963832], [-80.129731, 25.7963881], [-80.1296684, 25.7965703], [-80.1297801, 25.7966071], [-80.1298914, 25.7963206], [-80.12949, 25.7961828], [-80.1293758, 25.7964749], [-80.1294852, 25.7965098], [-80.1295575, 25.7963363], [-80.1295855, 25.7963458], [-80.1295907, 25.7963325], [-80.1296381, 25.7963458], [-80.1296534, 25.7963359], [-80.12966, 25.7963424], [-80.1296587, 25.796356], [-80.1297084, 25.7963752], [-80.1297106, 25.7963832]]]}}, {"id": "984", "type": "Feature", "properties": {"id": "cf75e285-bdd4-4e1f-b118-53df3cfb547b", "name": "Sweet Liberty Drinks & Supply", "subtype": "commercial", "class": null, "height": 22.0, "num_floors": null, "surge_class": 0, "surge_ft": 0.0, "flood_active": false, "exposure_score": 0.0, "exposure_category": "none"}, "geometry": {"type": "Polygon", "coordinates": [[[-80.1296769, 25.7958914], [-80.1295602, 25.7961674], [-80.1299097, 25.7962886], [-80.1300059, 25.7960633], [-80.1300141, 25.7960281], [-80.1300138, 25.7960197], [-80.1300096, 25.796005], [-80.1300009, 25.795992], [-80.1299813, 25.795978], [-80.1299177, 25.7959621], [-80.1296769, 25.7958914]]]}}, {"id": "985", "type": "Feature", "properties": {"id": "12c1482c-8168-494a-8d8e-d005e9d64ad2", "name": "Abbey Hotel", "subtype": null, "class": null, "height": 20.5, "num_floors": null, "surge_class": 0, "surge_ft": 0.0, "flood_active": false, "exposure_score": 0.0, "exposure_category": "none"}, "geometry": {"type": "Polygon", "coordinates": [[[-80.1299449, 25.796637], [-80.1299626, 25.796673], [-80.1301252, 25.7967285], [-80.1302444, 25.7964449], [-80.1300574, 25.7963812], [-80.1300205, 25.7964691], [-80.1300619, 25.7964832], [-80.1300304, 25.7965581], [-80.1299846, 25.7965425], [-80.1299449, 25.796637]]]}}, {"id": "986", "type": "Feature", "properties": {"id": "ba750ec0-d13b-40c2-86c3-ec172df11f1d", "name": "Rivera Hotel Apartments", "subtype": null, "class": null, "height": 19.6, "num_floors": null, "surge_class": 0, "surge_ft": 0.0, "flood_active": false, "exposure_score": 0.0, "exposure_category": "none"}, "geometry": {"type": "Polygon", "coordinates": [[[-80.1302613, 25.7962131], [-80.1304055, 25.7962614], [-80.1303309, 25.7964441], [-80.1304588, 25.796487], [-80.1305746, 25.7962038], [-80.1301845, 25.7960731], [-80.1300716, 25.7963492], [-80.1301895, 25.7963887], [-80.1302613, 25.7962131]]]}}, {"id": "987", "type": "Feature", "properties": {"id": "7dc22b36-17f7-43fa-b03f-ea8a5046f587", "name": "Ansonia Hotel South Beach", "subtype": null, "class": null, "height": 10.0, "num_floors": null, "surge_class": 0, "surge_ft": 0.0, "flood_active": false, "exposure_score": 0.0, "exposure_category": "none"}, "geometry": {"type": "Polygon", "coordinates": [[[-80.1302745, 25.7964891], [-80.130178, 25.7967237], [-80.1303182, 25.796771], [-80.1304148, 25.7965364], [-80.1302745, 25.7964891]]]}}, {"id": "988", "type": "Feature", "properties": {"id": "b696647c-8ee8-4fc4-8863-a38ed4b5942f", "name": "Bass Museum of Art", "subtype": "entertainment", "class": null, "height": 16.4, "num_floors": null, "surge_class": 0, "surge_ft": 0.0, "flood_active": false, "exposure_score": 0.0, "exposure_category": "none"}, "geometry": {"type": "Polygon", "coordinates": [[[-80.1300059, 25.7977626], [-80.1301338, 25.7978003], [-80.1301057, 25.7979625], [-80.1302245, 25.7979782], [-80.1302827, 25.7976295], [-80.1302039, 25.7976161], [-80.1302256, 25.7975581], [-80.1303903, 25.7976123], [-80.1304194, 25.7975397], [-80.1304116, 25.797536], [-80.1304206, 25.797508], [-80.1303923, 25.7974998], [-80.1303804, 25.7975274], [-80.130132, 25.7974438], [-80.1301484, 25.7974121], [-80.1301591, 25.7973895], [-80.1300639, 25.7973575], [-80.1300671, 25.7973502], [-80.13004, 25.7973424], [-80.1301021, 25.7971904], [-80.1300148, 25.7971601], [-80.1299513, 25.7973141], [-80.1299356, 25.7973083], [-80.1299298, 25.7973098], [-80.1299123, 25.7973505], [-80.1299172, 25.7973525], [-80.1298716, 25.7974568], [-80.1298599, 25.7974535], [-80.1298478, 25.7974834], [-80.1298436, 25.7975011], [-80.1298679, 25.7975096], [-80.1298072, 25.7976629], [-80.1299009, 25.7976896], [-80.1299614, 25.7975414], [-80.1299832, 25.7975487], [-80.1299876, 25.7975457], [-80.1299995, 25.7975187], [-80.1301019, 25.797556], [-80.1300582, 25.7976696], [-80.1299887, 25.7976466], [-80.1299155, 25.7978339], [-80.1299709, 25.7978503], [-80.1300059, 25.7977626]]]}}, {"id": "989", "type": "Feature", "properties": {"id": "d3005372-0836-4499-b4a3-53393ca0f619", "name": "Miami City Ballet - Official Site", "subtype": null, "class": null, "height": 16.4, "num_floors": null, "surge_class": 0, "surge_ft": 0.0, "flood_active": false, "exposure_score": 0.0, "exposure_category": "none"}, "geometry": {"type": "Polygon", "coordinates": [[[-80.1294214, 25.7980085], [-80.1293733, 25.7980423], [-80.1293738, 25.7981275], [-80.129302, 25.7981746], [-80.1292555, 25.7982906], [-80.1300337, 25.7985557], [-80.1301569, 25.7982593], [-80.1294214, 25.7980085]]]}}, {"id": "990", "type": "Feature", "properties": {"id": "eccf9215-0fe7-4afa-9ca5-8964f824bbaa", "name": null, "subtype": null, "class": null, "height": 4.5, "num_floors": null, "surge_class": 0, "surge_ft": 0.0, "flood_active": false, "exposure_score": 0.0, "exposure_category": "none"}, "geometry": {"type": "Polygon", "coordinates": [[[-80.1294243, 25.7987152], [-80.1299053, 25.7988721], [-80.1300264, 25.7985713], [-80.1292566, 25.7983201], [-80.1291356, 25.798621], [-80.1294243, 25.7987152]]]}}, {"id": "991", "type": "Feature", "properties": {"id": "80e5c57c-65e2-42f4-b237-509001ce4bd1", "name": null, "subtype": null, "class": null, "height": 8.2, "num_floors": null, "surge_class": 0, "surge_ft": 0.0, "flood_active": false, "exposure_score": 0.0, "exposure_category": "none"}, "geometry": {"type": "Polygon", "coordinates": [[[-80.1288344, 25.7972559], [-80.1288084, 25.7972577], [-80.1287845, 25.797267], [-80.1287652, 25.7972829], [-80.1287527, 25.7973035], [-80.1287482, 25.7973267], [-80.1287523, 25.79735], [-80.1287646, 25.7973708], [-80.1287836, 25.7973869], [-80.1288074, 25.7973965], [-80.1288333, 25.7973986], [-80.1288586, 25.797393], [-80.1288805, 25.7973802], [-80.1288966, 25.7973617], [-80.1289052, 25.7973395], [-80.1289054, 25.7973159], [-80.1288971, 25.7972936], [-80.1288813, 25.7972749], [-80.1288596, 25.7972618], [-80.1288344, 25.7972559]]]}}, {"id": "992", "type": "Feature", "properties": {"id": "0931f47c-7180-4b3c-af9c-46bf3154301d", "name": "Miami-Dade Public Library, Miami Beach Regional", "subtype": "civic", "class": "library", "height": 16.6, "num_floors": null, "surge_class": 0, "surge_ft": 0.0, "flood_active": false, "exposure_score": 0.0, "exposure_category": "none"}, "geometry": {"type": "Polygon", "coordinates": [[[-80.129004, 25.7982434], [-80.1290939, 25.7982826], [-80.1291362, 25.7981934], [-80.1291623, 25.7981288], [-80.1291344, 25.798119], [-80.1291845, 25.798005], [-80.1291035, 25.7979765], [-80.1291149, 25.7979417], [-80.1291281, 25.7979155], [-80.129014, 25.7978777], [-80.1290043, 25.7979026], [-80.1289618, 25.7978888], [-80.1289729, 25.7978641], [-80.1286396, 25.7977536], [-80.1286276, 25.7977833], [-80.1285595, 25.7977582], [-80.1285043, 25.797904], [-80.1287569, 25.7979953], [-80.1287035, 25.7981447], [-80.1287684, 25.7981662], [-80.1287552, 25.798191], [-80.1289869, 25.7982688], [-80.129004, 25.7982434]]]}}, {"id": "993", "type": "Feature", "properties": {"id": "ae6cc8a0-2fb3-4a41-85e0-0f2ffc9bf58f", "name": null, "subtype": null, "class": null, "height": null, "num_floors": null, "surge_class": 0, "surge_ft": 0.0, "flood_active": false, "exposure_score": 0.0, "exposure_category": "none"}, "geometry": {"type": "Polygon", "coordinates": [[[-80.1292847, 25.7992398], [-80.1293893, 25.799276], [-80.12951, 25.7989936], [-80.1294053, 25.7989574], [-80.1292847, 25.7992398]]]}}, {"id": "994", "type": "Feature", "properties": {"id": "14993fd6-ca1e-4e6d-801c-3e82b89e0199", "name": "Villa Azur", "subtype": "commercial", "class": null, "height": null, "num_floors": null, "surge_class": 0, "surge_ft": 0.0, "flood_active": false, "exposure_score": 0.0, "exposure_category": "none"}, "geometry": {"type": "Polygon", "coordinates": [[[-80.1293566, 25.7990034], [-80.1293731, 25.7989481], [-80.1290284, 25.7988351], [-80.1289162, 25.7991126], [-80.1290212, 25.7991444], [-80.1290993, 25.7989583], [-80.1292077, 25.7989886], [-80.1291237, 25.7992021], [-80.1292386, 25.7992349], [-80.1293357, 25.7989996], [-80.1293566, 25.7990034]]]}}, {"id": "995", "type": "Feature", "properties": {"id": "72eeeaff-b637-48aa-8ddf-3c119cdfd8c7", "name": null, "subtype": null, "class": null, "height": 6.2, "num_floors": null, "surge_class": 0, "surge_ft": 0.0, "flood_active": false, "exposure_score": 0.0, "exposure_category": "none"}, "geometry": {"type": "Polygon", "coordinates": [[[-80.1286551, 25.7989829], [-80.1287778, 25.7990256], [-80.1288825, 25.7987817], [-80.1285121, 25.7986527], [-80.128447, 25.7988041], [-80.1286948, 25.7988904], [-80.1286551, 25.7989829]]]}}, {"id": "996", "type": "Feature", "properties": {"id": "b5fe0db7-efd4-47eb-b3d7-c43482ed422f", "name": null, "subtype": null, "class": null, "height": 9.063725471496582, "num_floors": null, "surge_class": 0, "surge_ft": 0.0, "flood_active": false, "exposure_score": 0.0, "exposure_category": "none"}, "geometry": {"type": "Polygon", "coordinates": [[[-80.1284908, 25.7988969], [-80.1284606, 25.7989476], [-80.1285418, 25.7989868], [-80.128572, 25.7989362], [-80.1284908, 25.7988969]]]}}, {"id": "997", "type": "Feature", "properties": {"id": "e738a9f4-c406-40eb-8c74-14314b6fd6d0", "name": null, "subtype": null, "class": null, "height": 4.2, "num_floors": null, "surge_class": 0, "surge_ft": 0.0, "flood_active": false, "exposure_score": 0.0, "exposure_category": "none"}, "geometry": {"type": "Polygon", "coordinates": [[[-80.1289646, 25.7997823], [-80.1289338, 25.7997957], [-80.1289452, 25.7998172], [-80.128976, 25.7998039], [-80.1289646, 25.7997823]]]}}, {"id": "998", "type": "Feature", "properties": {"id": "ccc2b164-0050-419c-8439-1c073afb415a", "name": null, "subtype": null, "class": null, "height": 7.3, "num_floors": null, "surge_class": 0, "surge_ft": 0.0, "flood_active": false, "exposure_score": 0.0, "exposure_category": "none"}, "geometry": {"type": "Polygon", "coordinates": [[[-80.1286372, 25.800068], [-80.1290905, 25.8001331], [-80.1291562, 25.7997203], [-80.1290443, 25.7997789], [-80.129001, 25.8000091], [-80.1286613, 25.7999734], [-80.1286372, 25.800068]]]}}, {"id": "999", "type": "Feature", "properties": {"id": "7f227800-bf5a-435f-9444-ea5c27b6bce5", "name": null, "subtype": null, "class": null, "height": 10.9, "num_floors": null, "surge_class": 0, "surge_ft": 0.0, "flood_active": false, "exposure_score": 0.0, "exposure_category": "none"}, "geometry": {"type": "Polygon", "coordinates": [[[-80.1291857, 25.799513], [-80.1292803, 25.7992815], [-80.1289082, 25.7991582], [-80.1287192, 25.7996205], [-80.1288659, 25.7996692], [-80.1291857, 25.799513]]]}}]}